/data/class/cs175/liangc30/.conda/envs/rl/lib/python3.11/site-packages/pygame/pkgdata.py:25: UserWarning: pkg_resources is deprecated as an API. See https://setuptools.pypa.io/en/latest/pkg_resources.html. The pkg_resources package is slated for removal as early as 2025-11-30. Refrain from using this package or pin to Setuptools<81.
  from pkg_resources import resource_stream, resource_exists
2026-02-28 21:08:27.367210: I tensorflow/core/platform/cpu_feature_guard.cc:210] This TensorFlow binary is optimized to use available CPU instructions in performance-critical operations.
To enable the following instructions: AVX2 AVX512F FMA, in other operations, rebuild TensorFlow with the appropriate compiler flags.
Failed to create secure directory (/run/user/2507020/pulse): No such file or directory
Using cuda device
Wrapping the env with a `Monitor` wrapper
Wrapping the env in a DummyVecEnv.
---------------------------------
| rollout/           |          |
|    ep_len_mean     | 20.3     |
|    ep_rew_mean     | -10.3    |
| time/              |          |
|    fps             | 65       |
|    iterations      | 1        |
|    time_elapsed    | 31       |
|    total_timesteps | 2048     |
---------------------------------
------------------------------------------
| rollout/                |              |
|    ep_len_mean          | 22.3         |
|    ep_rew_mean          | -10.3        |
| time/                   |              |
|    fps                  | 66           |
|    iterations           | 2            |
|    time_elapsed         | 61           |
|    total_timesteps      | 4096         |
| train/                  |              |
|    approx_kl            | 0.0057319277 |
|    clip_fraction        | 0.028        |
|    clip_range           | 0.2          |
|    entropy_loss         | -1.38        |
|    explained_variance   | -0.00488     |
|    learning_rate        | 0.0003       |
|    loss                 | 3.61         |
|    n_updates            | 10           |
|    policy_gradient_loss | -0.00634     |
|    value_loss           | 12.1         |
------------------------------------------
-----------------------------------------
| rollout/                |             |
|    ep_len_mean          | 26.5        |
|    ep_rew_mean          | -10.2       |
| time/                   |             |
|    fps                  | 70          |
|    iterations           | 3           |
|    time_elapsed         | 87          |
|    total_timesteps      | 6144        |
| train/                  |             |
|    approx_kl            | 0.010144373 |
|    clip_fraction        | 0.0813      |
|    clip_range           | 0.2         |
|    entropy_loss         | -1.37       |
|    explained_variance   | -0.0271     |
|    learning_rate        | 0.0003      |
|    loss                 | 1.28        |
|    n_updates            | 20          |
|    policy_gradient_loss | -0.0116     |
|    value_loss           | 3.82        |
-----------------------------------------
-----------------------------------------
| rollout/                |             |
|    ep_len_mean          | 31.2        |
|    ep_rew_mean          | -10.4       |
| time/                   |             |
|    fps                  | 74          |
|    iterations           | 4           |
|    time_elapsed         | 109         |
|    total_timesteps      | 8192        |
| train/                  |             |
|    approx_kl            | 0.009568722 |
|    clip_fraction        | 0.0843      |
|    clip_range           | 0.2         |
|    entropy_loss         | -1.34       |
|    explained_variance   | -0.0114     |
|    learning_rate        | 0.0003      |
|    loss                 | 0.97        |
|    n_updates            | 30          |
|    policy_gradient_loss | -0.0118     |
|    value_loss           | 2.24        |
-----------------------------------------
-----------------------------------------
| rollout/                |             |
|    ep_len_mean          | 40.2        |
|    ep_rew_mean          | -10.3       |
| time/                   |             |
|    fps                  | 79          |
|    iterations           | 5           |
|    time_elapsed         | 128         |
|    total_timesteps      | 10240       |
| train/                  |             |
|    approx_kl            | 0.010341857 |
|    clip_fraction        | 0.0955      |
|    clip_range           | 0.2         |
|    entropy_loss         | -1.32       |
|    explained_variance   | 0.0495      |
|    learning_rate        | 0.0003      |
|    loss                 | 0.643       |
|    n_updates            | 40          |
|    policy_gradient_loss | -0.0122     |
|    value_loss           | 1.55        |
-----------------------------------------
-----------------------------------------
| rollout/                |             |
|    ep_len_mean          | 49.1        |
|    ep_rew_mean          | -10.1       |
| time/                   |             |
|    fps                  | 84          |
|    iterations           | 6           |
|    time_elapsed         | 145         |
|    total_timesteps      | 12288       |
| train/                  |             |
|    approx_kl            | 0.010649663 |
|    clip_fraction        | 0.0886      |
|    clip_range           | 0.2         |
|    entropy_loss         | -1.28       |
|    explained_variance   | 0.0557      |
|    learning_rate        | 0.0003      |
|    loss                 | 0.623       |
|    n_updates            | 50          |
|    policy_gradient_loss | -0.0123     |
|    value_loss           | 1.52        |
-----------------------------------------
--------------------------------------
| rollout/                |          |
|    ep_len_mean          | 59.5     |
|    ep_rew_mean          | -9.91    |
| time/                   |          |
|    fps                  | 89       |
|    iterations           | 7        |
|    time_elapsed         | 160      |
|    total_timesteps      | 14336    |
| train/                  |          |
|    approx_kl            | 0.011713 |
|    clip_fraction        | 0.089    |
|    clip_range           | 0.2      |
|    entropy_loss         | -1.23    |
|    explained_variance   | 0.144    |
|    learning_rate        | 0.0003   |
|    loss                 | 0.541    |
|    n_updates            | 60       |
|    policy_gradient_loss | -0.0115  |
|    value_loss           | 1.38     |
--------------------------------------
-----------------------------------------
| rollout/                |             |
|    ep_len_mean          | 65          |
|    ep_rew_mean          | -9.96       |
| time/                   |             |
|    fps                  | 93          |
|    iterations           | 8           |
|    time_elapsed         | 175         |
|    total_timesteps      | 16384       |
| train/                  |             |
|    approx_kl            | 0.008492192 |
|    clip_fraction        | 0.078       |
|    clip_range           | 0.2         |
|    entropy_loss         | -1.2        |
|    explained_variance   | 0.0199      |
|    learning_rate        | 0.0003      |
|    loss                 | 0.515       |
|    n_updates            | 70          |
|    policy_gradient_loss | -0.01       |
|    value_loss           | 1.44        |
-----------------------------------------
------------------------------------------
| rollout/                |              |
|    ep_len_mean          | 71.2         |
|    ep_rew_mean          | -9.74        |
| time/                   |              |
|    fps                  | 95           |
|    iterations           | 9            |
|    time_elapsed         | 192          |
|    total_timesteps      | 18432        |
| train/                  |              |
|    approx_kl            | 0.0069453097 |
|    clip_fraction        | 0.054        |
|    clip_range           | 0.2          |
|    entropy_loss         | -1.17        |
|    explained_variance   | 0.0971       |
|    learning_rate        | 0.0003       |
|    loss                 | 0.96         |
|    n_updates            | 80           |
|    policy_gradient_loss | -0.00607     |
|    value_loss           | 1.77         |
------------------------------------------
-----------------------------------------
| rollout/                |             |
|    ep_len_mean          | 69.6        |
|    ep_rew_mean          | -9.57       |
| time/                   |             |
|    fps                  | 98          |
|    iterations           | 10          |
|    time_elapsed         | 208         |
|    total_timesteps      | 20480       |
| train/                  |             |
|    approx_kl            | 0.006412492 |
|    clip_fraction        | 0.0614      |
|    clip_range           | 0.2         |
|    entropy_loss         | -1.11       |
|    explained_variance   | 0.0348      |
|    learning_rate        | 0.0003      |
|    loss                 | 1.29        |
|    n_updates            | 90          |
|    policy_gradient_loss | -0.00845    |
|    value_loss           | 1.98        |
-----------------------------------------
-----------------------------------------
| rollout/                |             |
|    ep_len_mean          | 77.3        |
|    ep_rew_mean          | -9.42       |
| time/                   |             |
|    fps                  | 101         |
|    iterations           | 11          |
|    time_elapsed         | 222         |
|    total_timesteps      | 22528       |
| train/                  |             |
|    approx_kl            | 0.009031872 |
|    clip_fraction        | 0.109       |
|    clip_range           | 0.2         |
|    entropy_loss         | -1.09       |
|    explained_variance   | -0.00604    |
|    learning_rate        | 0.0003      |
|    loss                 | 1.84        |
|    n_updates            | 100         |
|    policy_gradient_loss | -0.00989    |
|    value_loss           | 2.48        |
-----------------------------------------
-----------------------------------------
| rollout/                |             |
|    ep_len_mean          | 87.5        |
|    ep_rew_mean          | -9.25       |
| time/                   |             |
|    fps                  | 104         |
|    iterations           | 12          |
|    time_elapsed         | 234         |
|    total_timesteps      | 24576       |
| train/                  |             |
|    approx_kl            | 0.008209443 |
|    clip_fraction        | 0.0895      |
|    clip_range           | 0.2         |
|    entropy_loss         | -1.05       |
|    explained_variance   | 0.0643      |
|    learning_rate        | 0.0003      |
|    loss                 | 0.653       |
|    n_updates            | 110         |
|    policy_gradient_loss | -0.0107     |
|    value_loss           | 1.9         |
-----------------------------------------
-----------------------------------------
| rollout/                |             |
|    ep_len_mean          | 95.6        |
|    ep_rew_mean          | -9.1        |
| time/                   |             |
|    fps                  | 107         |
|    iterations           | 13          |
|    time_elapsed         | 246         |
|    total_timesteps      | 26624       |
| train/                  |             |
|    approx_kl            | 0.008781649 |
|    clip_fraction        | 0.0606      |
|    clip_range           | 0.2         |
|    entropy_loss         | -1.01       |
|    explained_variance   | 0.0684      |
|    learning_rate        | 0.0003      |
|    loss                 | 1.27        |
|    n_updates            | 120         |
|    policy_gradient_loss | -0.00687    |
|    value_loss           | 2.07        |
-----------------------------------------
-----------------------------------------
| rollout/                |             |
|    ep_len_mean          | 107         |
|    ep_rew_mean          | -9.01       |
| time/                   |             |
|    fps                  | 110         |
|    iterations           | 14          |
|    time_elapsed         | 259         |
|    total_timesteps      | 28672       |
| train/                  |             |
|    approx_kl            | 0.012261295 |
|    clip_fraction        | 0.135       |
|    clip_range           | 0.2         |
|    entropy_loss         | -0.973      |
|    explained_variance   | 0.0534      |
|    learning_rate        | 0.0003      |
|    loss                 | 0.997       |
|    n_updates            | 130         |
|    policy_gradient_loss | -0.00985    |
|    value_loss           | 2.29        |
-----------------------------------------
----------------------------------------
| rollout/                |            |
|    ep_len_mean          | 118        |
|    ep_rew_mean          | -8.74      |
| time/                   |            |
|    fps                  | 113        |
|    iterations           | 15         |
|    time_elapsed         | 271        |
|    total_timesteps      | 30720      |
| train/                  |            |
|    approx_kl            | 0.00850673 |
|    clip_fraction        | 0.088      |
|    clip_range           | 0.2        |
|    entropy_loss         | -0.95      |
|    explained_variance   | 0.0242     |
|    learning_rate        | 0.0003     |
|    loss                 | 1.68       |
|    n_updates            | 140        |
|    policy_gradient_loss | -0.00623   |
|    value_loss           | 2.91       |
----------------------------------------
-----------------------------------------
| rollout/                |             |
|    ep_len_mean          | 132         |
|    ep_rew_mean          | -8.55       |
| time/                   |             |
|    fps                  | 116         |
|    iterations           | 16          |
|    time_elapsed         | 281         |
|    total_timesteps      | 32768       |
| train/                  |             |
|    approx_kl            | 0.011517939 |
|    clip_fraction        | 0.0972      |
|    clip_range           | 0.2         |
|    entropy_loss         | -0.962      |
|    explained_variance   | 0.0788      |
|    learning_rate        | 0.0003      |
|    loss                 | 1.27        |
|    n_updates            | 150         |
|    policy_gradient_loss | -0.00978    |
|    value_loss           | 2.33        |
-----------------------------------------
----------------------------------------
| rollout/                |            |
|    ep_len_mean          | 146        |
|    ep_rew_mean          | -8.5       |
| time/                   |            |
|    fps                  | 118        |
|    iterations           | 17         |
|    time_elapsed         | 293        |
|    total_timesteps      | 34816      |
| train/                  |            |
|    approx_kl            | 0.00864643 |
|    clip_fraction        | 0.0809     |
|    clip_range           | 0.2        |
|    entropy_loss         | -0.966     |
|    explained_variance   | 0.0577     |
|    learning_rate        | 0.0003     |
|    loss                 | 0.788      |
|    n_updates            | 160        |
|    policy_gradient_loss | -0.00554   |
|    value_loss           | 1.64       |
----------------------------------------
-----------------------------------------
| rollout/                |             |
|    ep_len_mean          | 157         |
|    ep_rew_mean          | -8.74       |
| time/                   |             |
|    fps                  | 120         |
|    iterations           | 18          |
|    time_elapsed         | 305         |
|    total_timesteps      | 36864       |
| train/                  |             |
|    approx_kl            | 0.007232299 |
|    clip_fraction        | 0.086       |
|    clip_range           | 0.2         |
|    entropy_loss         | -0.976      |
|    explained_variance   | 0.135       |
|    learning_rate        | 0.0003      |
|    loss                 | 1.16        |
|    n_updates            | 170         |
|    policy_gradient_loss | -0.00691    |
|    value_loss           | 2.32        |
-----------------------------------------
-----------------------------------------
| rollout/                |             |
|    ep_len_mean          | 168         |
|    ep_rew_mean          | -8.51       |
| time/                   |             |
|    fps                  | 122         |
|    iterations           | 19          |
|    time_elapsed         | 318         |
|    total_timesteps      | 38912       |
| train/                  |             |
|    approx_kl            | 0.007609354 |
|    clip_fraction        | 0.0833      |
|    clip_range           | 0.2         |
|    entropy_loss         | -0.936      |
|    explained_variance   | 0.0591      |
|    learning_rate        | 0.0003      |
|    loss                 | 1.28        |
|    n_updates            | 180         |
|    policy_gradient_loss | -0.00632    |
|    value_loss           | 2.36        |
-----------------------------------------
-----------------------------------------
| rollout/                |             |
|    ep_len_mean          | 175         |
|    ep_rew_mean          | -8.14       |
| time/                   |             |
|    fps                  | 124         |
|    iterations           | 20          |
|    time_elapsed         | 329         |
|    total_timesteps      | 40960       |
| train/                  |             |
|    approx_kl            | 0.009043414 |
|    clip_fraction        | 0.0858      |
|    clip_range           | 0.2         |
|    entropy_loss         | -0.917      |
|    explained_variance   | -0.00448    |
|    learning_rate        | 0.0003      |
|    loss                 | 2.03        |
|    n_updates            | 190         |
|    policy_gradient_loss | -0.00655    |
|    value_loss           | 3.45        |
-----------------------------------------
-----------------------------------------
| rollout/                |             |
|    ep_len_mean          | 170         |
|    ep_rew_mean          | -7.77       |
| time/                   |             |
|    fps                  | 125         |
|    iterations           | 21          |
|    time_elapsed         | 342         |
|    total_timesteps      | 43008       |
| train/                  |             |
|    approx_kl            | 0.005529098 |
|    clip_fraction        | 0.0436      |
|    clip_range           | 0.2         |
|    entropy_loss         | -0.9        |
|    explained_variance   | -0.0374     |
|    learning_rate        | 0.0003      |
|    loss                 | 2.23        |
|    n_updates            | 200         |
|    policy_gradient_loss | -0.0042     |
|    value_loss           | 4.41        |
-----------------------------------------
------------------------------------------
| rollout/                |              |
|    ep_len_mean          | 180          |
|    ep_rew_mean          | -7.31        |
| time/                   |              |
|    fps                  | 127          |
|    iterations           | 22           |
|    time_elapsed         | 353          |
|    total_timesteps      | 45056        |
| train/                  |              |
|    approx_kl            | 0.0070848037 |
|    clip_fraction        | 0.0535       |
|    clip_range           | 0.2          |
|    entropy_loss         | -0.889       |
|    explained_variance   | 0.0977       |
|    learning_rate        | 0.0003       |
|    loss                 | 1.65         |
|    n_updates            | 210          |
|    policy_gradient_loss | -0.00391     |
|    value_loss           | 3.38         |
------------------------------------------
-----------------------------------------
| rollout/                |             |
|    ep_len_mean          | 189         |
|    ep_rew_mean          | -7.02       |
| time/                   |             |
|    fps                  | 129         |
|    iterations           | 23          |
|    time_elapsed         | 364         |
|    total_timesteps      | 47104       |
| train/                  |             |
|    approx_kl            | 0.005311245 |
|    clip_fraction        | 0.0528      |
|    clip_range           | 0.2         |
|    entropy_loss         | -0.877      |
|    explained_variance   | 0.183       |
|    learning_rate        | 0.0003      |
|    loss                 | 2.39        |
|    n_updates            | 220         |
|    policy_gradient_loss | -0.00369    |
|    value_loss           | 3.31        |
-----------------------------------------
------------------------------------------
| rollout/                |              |
|    ep_len_mean          | 198          |
|    ep_rew_mean          | -7.04        |
| time/                   |              |
|    fps                  | 130          |
|    iterations           | 24           |
|    time_elapsed         | 375          |
|    total_timesteps      | 49152        |
| train/                  |              |
|    approx_kl            | 0.0075045433 |
|    clip_fraction        | 0.0646       |
|    clip_range           | 0.2          |
|    entropy_loss         | -0.884       |
|    explained_variance   | 0.149        |
|    learning_rate        | 0.0003       |
|    loss                 | 0.524        |
|    n_updates            | 230          |
|    policy_gradient_loss | -0.00479     |
|    value_loss           | 2.77         |
------------------------------------------
-----------------------------------------
| rollout/                |             |
|    ep_len_mean          | 193         |
|    ep_rew_mean          | -6.97       |
| time/                   |             |
|    fps                  | 132         |
|    iterations           | 25          |
|    time_elapsed         | 387         |
|    total_timesteps      | 51200       |
| train/                  |             |
|    approx_kl            | 0.008793613 |
|    clip_fraction        | 0.076       |
|    clip_range           | 0.2         |
|    entropy_loss         | -0.899      |
|    explained_variance   | 0.0552      |
|    learning_rate        | 0.0003      |
|    loss                 | 1.44        |
|    n_updates            | 240         |
|    policy_gradient_loss | -0.00613    |
|    value_loss           | 2.82        |
-----------------------------------------
-----------------------------------------
| rollout/                |             |
|    ep_len_mean          | 193         |
|    ep_rew_mean          | -6.78       |
| time/                   |             |
|    fps                  | 133         |
|    iterations           | 26          |
|    time_elapsed         | 400         |
|    total_timesteps      | 53248       |
| train/                  |             |
|    approx_kl            | 0.005393359 |
|    clip_fraction        | 0.0605      |
|    clip_range           | 0.2         |
|    entropy_loss         | -0.906      |
|    explained_variance   | 0.007       |
|    learning_rate        | 0.0003      |
|    loss                 | 1.21        |
|    n_updates            | 250         |
|    policy_gradient_loss | -0.00667    |
|    value_loss           | 4.81        |
-----------------------------------------
-----------------------------------------
| rollout/                |             |
|    ep_len_mean          | 193         |
|    ep_rew_mean          | -6.48       |
| time/                   |             |
|    fps                  | 134         |
|    iterations           | 27          |
|    time_elapsed         | 411         |
|    total_timesteps      | 55296       |
| train/                  |             |
|    approx_kl            | 0.007173578 |
|    clip_fraction        | 0.0948      |
|    clip_range           | 0.2         |
|    entropy_loss         | -0.906      |
|    explained_variance   | 0.18        |
|    learning_rate        | 0.0003      |
|    loss                 | 1.61        |
|    n_updates            | 260         |
|    policy_gradient_loss | -0.00608    |
|    value_loss           | 2.72        |
-----------------------------------------
-----------------------------------------
| rollout/                |             |
|    ep_len_mean          | 199         |
|    ep_rew_mean          | -6.27       |
| time/                   |             |
|    fps                  | 135         |
|    iterations           | 28          |
|    time_elapsed         | 422         |
|    total_timesteps      | 57344       |
| train/                  |             |
|    approx_kl            | 0.010088531 |
|    clip_fraction        | 0.0993      |
|    clip_range           | 0.2         |
|    entropy_loss         | -0.888      |
|    explained_variance   | 0.114       |
|    learning_rate        | 0.0003      |
|    loss                 | 0.97        |
|    n_updates            | 270         |
|    policy_gradient_loss | -0.00548    |
|    value_loss           | 2.79        |
-----------------------------------------
-----------------------------------------
| rollout/                |             |
|    ep_len_mean          | 208         |
|    ep_rew_mean          | -6.57       |
| time/                   |             |
|    fps                  | 137         |
|    iterations           | 29          |
|    time_elapsed         | 433         |
|    total_timesteps      | 59392       |
| train/                  |             |
|    approx_kl            | 0.008699821 |
|    clip_fraction        | 0.0957      |
|    clip_range           | 0.2         |
|    entropy_loss         | -0.896      |
|    explained_variance   | 0.0753      |
|    learning_rate        | 0.0003      |
|    loss                 | 1.42        |
|    n_updates            | 280         |
|    policy_gradient_loss | -0.0043     |
|    value_loss           | 2.88        |
-----------------------------------------
------------------------------------------
| rollout/                |              |
|    ep_len_mean          | 218          |
|    ep_rew_mean          | -6.23        |
| time/                   |              |
|    fps                  | 138          |
|    iterations           | 30           |
|    time_elapsed         | 443          |
|    total_timesteps      | 61440        |
| train/                  |              |
|    approx_kl            | 0.0074675325 |
|    clip_fraction        | 0.0728       |
|    clip_range           | 0.2          |
|    entropy_loss         | -0.866       |
|    explained_variance   | 0.129        |
|    learning_rate        | 0.0003       |
|    loss                 | 0.917        |
|    n_updates            | 290          |
|    policy_gradient_loss | -0.00345     |
|    value_loss           | 2.03         |
------------------------------------------
------------------------------------------
| rollout/                |              |
|    ep_len_mean          | 230          |
|    ep_rew_mean          | -6.25        |
| time/                   |              |
|    fps                  | 139          |
|    iterations           | 31           |
|    time_elapsed         | 455          |
|    total_timesteps      | 63488        |
| train/                  |              |
|    approx_kl            | 0.0050322046 |
|    clip_fraction        | 0.0528       |
|    clip_range           | 0.2          |
|    entropy_loss         | -0.823       |
|    explained_variance   | 0.21         |
|    learning_rate        | 0.0003       |
|    loss                 | 2.2          |
|    n_updates            | 300          |
|    policy_gradient_loss | -0.00334     |
|    value_loss           | 3.48         |
------------------------------------------
-----------------------------------------
| rollout/                |             |
|    ep_len_mean          | 234         |
|    ep_rew_mean          | -6.16       |
| time/                   |             |
|    fps                  | 140         |
|    iterations           | 32          |
|    time_elapsed         | 466         |
|    total_timesteps      | 65536       |
| train/                  |             |
|    approx_kl            | 0.006301945 |
|    clip_fraction        | 0.0648      |
|    clip_range           | 0.2         |
|    entropy_loss         | -0.807      |
|    explained_variance   | 0.313       |
|    learning_rate        | 0.0003      |
|    loss                 | 2.09        |
|    n_updates            | 310         |
|    policy_gradient_loss | -0.0038     |
|    value_loss           | 2.71        |
-----------------------------------------
------------------------------------------
| rollout/                |              |
|    ep_len_mean          | 245          |
|    ep_rew_mean          | -5.62        |
| time/                   |              |
|    fps                  | 141          |
|    iterations           | 33           |
|    time_elapsed         | 477          |
|    total_timesteps      | 67584        |
| train/                  |              |
|    approx_kl            | 0.0068672956 |
|    clip_fraction        | 0.0787       |
|    clip_range           | 0.2          |
|    entropy_loss         | -0.805       |
|    explained_variance   | 0.617        |
|    learning_rate        | 0.0003       |
|    loss                 | 1.02         |
|    n_updates            | 320          |
|    policy_gradient_loss | -0.00526     |
|    value_loss           | 1.93         |
------------------------------------------
------------------------------------------
| rollout/                |              |
|    ep_len_mean          | 235          |
|    ep_rew_mean          | -5.9         |
| time/                   |              |
|    fps                  | 142          |
|    iterations           | 34           |
|    time_elapsed         | 489          |
|    total_timesteps      | 69632        |
| train/                  |              |
|    approx_kl            | 0.0072179344 |
|    clip_fraction        | 0.073        |
|    clip_range           | 0.2          |
|    entropy_loss         | -0.782       |
|    explained_variance   | -0.121       |
|    learning_rate        | 0.0003       |
|    loss                 | 3.3          |
|    n_updates            | 330          |
|    policy_gradient_loss | -0.00661     |
|    value_loss           | 4.99         |
------------------------------------------
------------------------------------------
| rollout/                |              |
|    ep_len_mean          | 232          |
|    ep_rew_mean          | -4.96        |
| time/                   |              |
|    fps                  | 143          |
|    iterations           | 35           |
|    time_elapsed         | 499          |
|    total_timesteps      | 71680        |
| train/                  |              |
|    approx_kl            | 0.0078073423 |
|    clip_fraction        | 0.0795       |
|    clip_range           | 0.2          |
|    entropy_loss         | -0.788       |
|    explained_variance   | 0.177        |
|    learning_rate        | 0.0003       |
|    loss                 | 4.33         |
|    n_updates            | 340          |
|    policy_gradient_loss | -0.00519     |
|    value_loss           | 5.47         |
------------------------------------------
-----------------------------------------
| rollout/                |             |
|    ep_len_mean          | 239         |
|    ep_rew_mean          | -4.39       |
| time/                   |             |
|    fps                  | 144         |
|    iterations           | 36          |
|    time_elapsed         | 510         |
|    total_timesteps      | 73728       |
| train/                  |             |
|    approx_kl            | 0.007898624 |
|    clip_fraction        | 0.0646      |
|    clip_range           | 0.2         |
|    entropy_loss         | -0.768      |
|    explained_variance   | 0.238       |
|    learning_rate        | 0.0003      |
|    loss                 | 1.97        |
|    n_updates            | 350         |
|    policy_gradient_loss | -0.00674    |
|    value_loss           | 3.63        |
-----------------------------------------
-----------------------------------------
| rollout/                |             |
|    ep_len_mean          | 247         |
|    ep_rew_mean          | -4.23       |
| time/                   |             |
|    fps                  | 145         |
|    iterations           | 37          |
|    time_elapsed         | 521         |
|    total_timesteps      | 75776       |
| train/                  |             |
|    approx_kl            | 0.012734919 |
|    clip_fraction        | 0.105       |
|    clip_range           | 0.2         |
|    entropy_loss         | -0.761      |
|    explained_variance   | 0.166       |
|    learning_rate        | 0.0003      |
|    loss                 | 1.52        |
|    n_updates            | 360         |
|    policy_gradient_loss | -0.00629    |
|    value_loss           | 3.11        |
-----------------------------------------
-----------------------------------------
| rollout/                |             |
|    ep_len_mean          | 243         |
|    ep_rew_mean          | -3.8        |
| time/                   |             |
|    fps                  | 145         |
|    iterations           | 38          |
|    time_elapsed         | 533         |
|    total_timesteps      | 77824       |
| train/                  |             |
|    approx_kl            | 0.009882077 |
|    clip_fraction        | 0.112       |
|    clip_range           | 0.2         |
|    entropy_loss         | -0.77       |
|    explained_variance   | 0.191       |
|    learning_rate        | 0.0003      |
|    loss                 | 1.7         |
|    n_updates            | 370         |
|    policy_gradient_loss | -0.00846    |
|    value_loss           | 5.23        |
-----------------------------------------
------------------------------------------
| rollout/                |              |
|    ep_len_mean          | 231          |
|    ep_rew_mean          | -3.52        |
| time/                   |              |
|    fps                  | 146          |
|    iterations           | 39           |
|    time_elapsed         | 545          |
|    total_timesteps      | 79872        |
| train/                  |              |
|    approx_kl            | 0.0070547094 |
|    clip_fraction        | 0.0823       |
|    clip_range           | 0.2          |
|    entropy_loss         | -0.781       |
|    explained_variance   | 0.249        |
|    learning_rate        | 0.0003       |
|    loss                 | 2.74         |
|    n_updates            | 380          |
|    policy_gradient_loss | -0.00509     |
|    value_loss           | 4.38         |
------------------------------------------
------------------------------------------
| rollout/                |              |
|    ep_len_mean          | 234          |
|    ep_rew_mean          | -2.45        |
| time/                   |              |
|    fps                  | 147          |
|    iterations           | 40           |
|    time_elapsed         | 557          |
|    total_timesteps      | 81920        |
| train/                  |              |
|    approx_kl            | 0.0113645885 |
|    clip_fraction        | 0.103        |
|    clip_range           | 0.2          |
|    entropy_loss         | -0.831       |
|    explained_variance   | 0.254        |
|    learning_rate        | 0.0003       |
|    loss                 | 1.87         |
|    n_updates            | 390          |
|    policy_gradient_loss | -0.00771     |
|    value_loss           | 5.02         |
------------------------------------------
------------------------------------------
| rollout/                |              |
|    ep_len_mean          | 229          |
|    ep_rew_mean          | -2.16        |
| time/                   |              |
|    fps                  | 147          |
|    iterations           | 41           |
|    time_elapsed         | 569          |
|    total_timesteps      | 83968        |
| train/                  |              |
|    approx_kl            | 0.0063703083 |
|    clip_fraction        | 0.0748       |
|    clip_range           | 0.2          |
|    entropy_loss         | -0.802       |
|    explained_variance   | 0.286        |
|    learning_rate        | 0.0003       |
|    loss                 | 1.44         |
|    n_updates            | 400          |
|    policy_gradient_loss | -0.00555     |
|    value_loss           | 4.44         |
------------------------------------------
------------------------------------------
| rollout/                |              |
|    ep_len_mean          | 227          |
|    ep_rew_mean          | -1.64        |
| time/                   |              |
|    fps                  | 148          |
|    iterations           | 42           |
|    time_elapsed         | 579          |
|    total_timesteps      | 86016        |
| train/                  |              |
|    approx_kl            | 0.0087222345 |
|    clip_fraction        | 0.0735       |
|    clip_range           | 0.2          |
|    entropy_loss         | -0.821       |
|    explained_variance   | 0.148        |
|    learning_rate        | 0.0003       |
|    loss                 | 3.87         |
|    n_updates            | 410          |
|    policy_gradient_loss | -0.00398     |
|    value_loss           | 4.66         |
------------------------------------------
-----------------------------------------
| rollout/                |             |
|    ep_len_mean          | 221         |
|    ep_rew_mean          | -1.02       |
| time/                   |             |
|    fps                  | 149         |
|    iterations           | 43          |
|    time_elapsed         | 590         |
|    total_timesteps      | 88064       |
| train/                  |             |
|    approx_kl            | 0.006843943 |
|    clip_fraction        | 0.0782      |
|    clip_range           | 0.2         |
|    entropy_loss         | -0.817      |
|    explained_variance   | 0.367       |
|    learning_rate        | 0.0003      |
|    loss                 | 2.8         |
|    n_updates            | 420         |
|    policy_gradient_loss | -0.00504    |
|    value_loss           | 3.28        |
-----------------------------------------
------------------------------------------
| rollout/                |              |
|    ep_len_mean          | 215          |
|    ep_rew_mean          | -0.725       |
| time/                   |              |
|    fps                  | 149          |
|    iterations           | 44           |
|    time_elapsed         | 602          |
|    total_timesteps      | 90112        |
| train/                  |              |
|    approx_kl            | 0.0046330336 |
|    clip_fraction        | 0.0387       |
|    clip_range           | 0.2          |
|    entropy_loss         | -0.782       |
|    explained_variance   | 0.264        |
|    learning_rate        | 0.0003       |
|    loss                 | 3.17         |
|    n_updates            | 430          |
|    policy_gradient_loss | -0.00128     |
|    value_loss           | 6.12         |
------------------------------------------
-----------------------------------------
| rollout/                |             |
|    ep_len_mean          | 201         |
|    ep_rew_mean          | -0.928      |
| time/                   |             |
|    fps                  | 149         |
|    iterations           | 45          |
|    time_elapsed         | 615         |
|    total_timesteps      | 92160       |
| train/                  |             |
|    approx_kl            | 0.008144379 |
|    clip_fraction        | 0.105       |
|    clip_range           | 0.2         |
|    entropy_loss         | -0.805      |
|    explained_variance   | 0.399       |
|    learning_rate        | 0.0003      |
|    loss                 | 1.76        |
|    n_updates            | 440         |
|    policy_gradient_loss | -0.00686    |
|    value_loss           | 5.12        |
-----------------------------------------
------------------------------------------
| rollout/                |              |
|    ep_len_mean          | 193          |
|    ep_rew_mean          | -0.3         |
| time/                   |              |
|    fps                  | 150          |
|    iterations           | 46           |
|    time_elapsed         | 627          |
|    total_timesteps      | 94208        |
| train/                  |              |
|    approx_kl            | 0.0055566574 |
|    clip_fraction        | 0.0458       |
|    clip_range           | 0.2          |
|    entropy_loss         | -0.808       |
|    explained_variance   | 0.324        |
|    learning_rate        | 0.0003       |
|    loss                 | 4.68         |
|    n_updates            | 450          |
|    policy_gradient_loss | -0.00323     |
|    value_loss           | 7.65         |
------------------------------------------
------------------------------------------
| rollout/                |              |
|    ep_len_mean          | 186          |
|    ep_rew_mean          | 0.117        |
| time/                   |              |
|    fps                  | 150          |
|    iterations           | 47           |
|    time_elapsed         | 639          |
|    total_timesteps      | 96256        |
| train/                  |              |
|    approx_kl            | 0.0061151446 |
|    clip_fraction        | 0.0615       |
|    clip_range           | 0.2          |
|    entropy_loss         | -0.795       |
|    explained_variance   | 0.261        |
|    learning_rate        | 0.0003       |
|    loss                 | 4.79         |
|    n_updates            | 460          |
|    policy_gradient_loss | -0.00424     |
|    value_loss           | 6.87         |
------------------------------------------
------------------------------------------
| rollout/                |              |
|    ep_len_mean          | 172          |
|    ep_rew_mean          | -0.181       |
| time/                   |              |
|    fps                  | 150          |
|    iterations           | 48           |
|    time_elapsed         | 652          |
|    total_timesteps      | 98304        |
| train/                  |              |
|    approx_kl            | 0.0060011055 |
|    clip_fraction        | 0.071        |
|    clip_range           | 0.2          |
|    entropy_loss         | -0.75        |
|    explained_variance   | 0.356        |
|    learning_rate        | 0.0003       |
|    loss                 | 1.88         |
|    n_updates            | 470          |
|    policy_gradient_loss | -0.00451     |
|    value_loss           | 6.41         |
------------------------------------------
-----------------------------------------
| rollout/                |             |
|    ep_len_mean          | 169         |
|    ep_rew_mean          | 0.118       |
| time/                   |             |
|    fps                  | 151         |
|    iterations           | 49          |
|    time_elapsed         | 664         |
|    total_timesteps      | 100352      |
| train/                  |             |
|    approx_kl            | 0.007907004 |
|    clip_fraction        | 0.0875      |
|    clip_range           | 0.2         |
|    entropy_loss         | -0.759      |
|    explained_variance   | 0.204       |
|    learning_rate        | 0.0003      |
|    loss                 | 2.72        |
|    n_updates            | 480         |
|    policy_gradient_loss | -0.00542    |
|    value_loss           | 8.57        |
-----------------------------------------
-----------------------------------------
| rollout/                |             |
|    ep_len_mean          | 151         |
|    ep_rew_mean          | -0.303      |
| time/                   |             |
|    fps                  | 151         |
|    iterations           | 50          |
|    time_elapsed         | 676         |
|    total_timesteps      | 102400      |
| train/                  |             |
|    approx_kl            | 0.007853053 |
|    clip_fraction        | 0.0792      |
|    clip_range           | 0.2         |
|    entropy_loss         | -0.759      |
|    explained_variance   | 0.351       |
|    learning_rate        | 0.0003      |
|    loss                 | 2.99        |
|    n_updates            | 490         |
|    policy_gradient_loss | -0.00461    |
|    value_loss           | 6.38        |
-----------------------------------------
----------------------------------------
| rollout/                |            |
|    ep_len_mean          | 144        |
|    ep_rew_mean          | -0.353     |
| time/                   |            |
|    fps                  | 151        |
|    iterations           | 51         |
|    time_elapsed         | 689        |
|    total_timesteps      | 104448     |
| train/                  |            |
|    approx_kl            | 0.00810455 |
|    clip_fraction        | 0.0972     |
|    clip_range           | 0.2        |
|    entropy_loss         | -0.737     |
|    explained_variance   | 0.288      |
|    learning_rate        | 0.0003     |
|    loss                 | 3.3        |
|    n_updates            | 500        |
|    policy_gradient_loss | -0.0076    |
|    value_loss           | 7.55       |
----------------------------------------
------------------------------------------
| rollout/                |              |
|    ep_len_mean          | 138          |
|    ep_rew_mean          | -0.589       |
| time/                   |              |
|    fps                  | 151          |
|    iterations           | 52           |
|    time_elapsed         | 702          |
|    total_timesteps      | 106496       |
| train/                  |              |
|    approx_kl            | 0.0071384264 |
|    clip_fraction        | 0.0937       |
|    clip_range           | 0.2          |
|    entropy_loss         | -0.756       |
|    explained_variance   | 0.138        |
|    learning_rate        | 0.0003       |
|    loss                 | 5.11         |
|    n_updates            | 510          |
|    policy_gradient_loss | -0.00804     |
|    value_loss           | 9.78         |
------------------------------------------
----------------------------------------
| rollout/                |            |
|    ep_len_mean          | 143        |
|    ep_rew_mean          | -0.281     |
| time/                   |            |
|    fps                  | 151        |
|    iterations           | 53         |
|    time_elapsed         | 715        |
|    total_timesteps      | 108544     |
| train/                  |            |
|    approx_kl            | 0.00889805 |
|    clip_fraction        | 0.0782     |
|    clip_range           | 0.2        |
|    entropy_loss         | -0.743     |
|    explained_variance   | 0.234      |
|    learning_rate        | 0.0003     |
|    loss                 | 2.33       |
|    n_updates            | 520        |
|    policy_gradient_loss | -0.00397   |
|    value_loss           | 7.02       |
----------------------------------------
-----------------------------------------
| rollout/                |             |
|    ep_len_mean          | 138         |
|    ep_rew_mean          | -0.25       |
| time/                   |             |
|    fps                  | 151         |
|    iterations           | 54          |
|    time_elapsed         | 729         |
|    total_timesteps      | 110592      |
| train/                  |             |
|    approx_kl            | 0.005307799 |
|    clip_fraction        | 0.0571      |
|    clip_range           | 0.2         |
|    entropy_loss         | -0.706      |
|    explained_variance   | 0.374       |
|    learning_rate        | 0.0003      |
|    loss                 | 4.11        |
|    n_updates            | 530         |
|    policy_gradient_loss | -0.00454    |
|    value_loss           | 6.44        |
-----------------------------------------
------------------------------------------
| rollout/                |              |
|    ep_len_mean          | 136          |
|    ep_rew_mean          | 0.856        |
| time/                   |              |
|    fps                  | 151          |
|    iterations           | 55           |
|    time_elapsed         | 742          |
|    total_timesteps      | 112640       |
| train/                  |              |
|    approx_kl            | 0.0073383264 |
|    clip_fraction        | 0.0763       |
|    clip_range           | 0.2          |
|    entropy_loss         | -0.715       |
|    explained_variance   | 0.12         |
|    learning_rate        | 0.0003       |
|    loss                 | 5.99         |
|    n_updates            | 540          |
|    policy_gradient_loss | -0.00745     |
|    value_loss           | 10.2         |
------------------------------------------
-----------------------------------------
| rollout/                |             |
|    ep_len_mean          | 131         |
|    ep_rew_mean          | 0.481       |
| time/                   |             |
|    fps                  | 152         |
|    iterations           | 56          |
|    time_elapsed         | 754         |
|    total_timesteps      | 114688      |
| train/                  |             |
|    approx_kl            | 0.006091986 |
|    clip_fraction        | 0.0615      |
|    clip_range           | 0.2         |
|    entropy_loss         | -0.682      |
|    explained_variance   | 0.162       |
|    learning_rate        | 0.0003      |
|    loss                 | 7.55        |
|    n_updates            | 550         |
|    policy_gradient_loss | -0.00631    |
|    value_loss           | 10.6        |
-----------------------------------------
------------------------------------------
| rollout/                |              |
|    ep_len_mean          | 126          |
|    ep_rew_mean          | 0.18         |
| time/                   |              |
|    fps                  | 151          |
|    iterations           | 57           |
|    time_elapsed         | 768          |
|    total_timesteps      | 116736       |
| train/                  |              |
|    approx_kl            | 0.0076107923 |
|    clip_fraction        | 0.0822       |
|    clip_range           | 0.2          |
|    entropy_loss         | -0.706       |
|    explained_variance   | 0.122        |
|    learning_rate        | 0.0003       |
|    loss                 | 5.13         |
|    n_updates            | 560          |
|    policy_gradient_loss | -0.0054      |
|    value_loss           | 8.43         |
------------------------------------------
------------------------------------------
| rollout/                |              |
|    ep_len_mean          | 119          |
|    ep_rew_mean          | 0.117        |
| time/                   |              |
|    fps                  | 151          |
|    iterations           | 58           |
|    time_elapsed         | 783          |
|    total_timesteps      | 118784       |
| train/                  |              |
|    approx_kl            | 0.0038214093 |
|    clip_fraction        | 0.0425       |
|    clip_range           | 0.2          |
|    entropy_loss         | -0.699       |
|    explained_variance   | 0.182        |
|    learning_rate        | 0.0003       |
|    loss                 | 3.3          |
|    n_updates            | 570          |
|    policy_gradient_loss | -0.00263     |
|    value_loss           | 8.58         |
------------------------------------------
-----------------------------------------
| rollout/                |             |
|    ep_len_mean          | 111         |
|    ep_rew_mean          | 0.177       |
| time/                   |             |
|    fps                  | 151         |
|    iterations           | 59          |
|    time_elapsed         | 797         |
|    total_timesteps      | 120832      |
| train/                  |             |
|    approx_kl            | 0.007309179 |
|    clip_fraction        | 0.0907      |
|    clip_range           | 0.2         |
|    entropy_loss         | -0.661      |
|    explained_variance   | 0.184       |
|    learning_rate        | 0.0003      |
|    loss                 | 4.14        |
|    n_updates            | 580         |
|    policy_gradient_loss | -0.00828    |
|    value_loss           | 8.27        |
-----------------------------------------
------------------------------------------
| rollout/                |              |
|    ep_len_mean          | 102          |
|    ep_rew_mean          | -0.756       |
| time/                   |              |
|    fps                  | 151          |
|    iterations           | 60           |
|    time_elapsed         | 811          |
|    total_timesteps      | 122880       |
| train/                  |              |
|    approx_kl            | 0.0075448845 |
|    clip_fraction        | 0.0854       |
|    clip_range           | 0.2          |
|    entropy_loss         | -0.676       |
|    explained_variance   | 0.307        |
|    learning_rate        | 0.0003       |
|    loss                 | 4.6          |
|    n_updates            | 590          |
|    policy_gradient_loss | -0.00702     |
|    value_loss           | 9.45         |
------------------------------------------
-----------------------------------------
| rollout/                |             |
|    ep_len_mean          | 104         |
|    ep_rew_mean          | -0.198      |
| time/                   |             |
|    fps                  | 151         |
|    iterations           | 61          |
|    time_elapsed         | 825         |
|    total_timesteps      | 124928      |
| train/                  |             |
|    approx_kl            | 0.005948186 |
|    clip_fraction        | 0.0588      |
|    clip_range           | 0.2         |
|    entropy_loss         | -0.684      |
|    explained_variance   | 0.15        |
|    learning_rate        | 0.0003      |
|    loss                 | 5.78        |
|    n_updates            | 600         |
|    policy_gradient_loss | -0.00462    |
|    value_loss           | 10.9        |
-----------------------------------------
------------------------------------------
| rollout/                |              |
|    ep_len_mean          | 107          |
|    ep_rew_mean          | 0.987        |
| time/                   |              |
|    fps                  | 151          |
|    iterations           | 62           |
|    time_elapsed         | 838          |
|    total_timesteps      | 126976       |
| train/                  |              |
|    approx_kl            | 0.0075144535 |
|    clip_fraction        | 0.0842       |
|    clip_range           | 0.2          |
|    entropy_loss         | -0.674       |
|    explained_variance   | 0.207        |
|    learning_rate        | 0.0003       |
|    loss                 | 2.83         |
|    n_updates            | 610          |
|    policy_gradient_loss | -0.00564     |
|    value_loss           | 8.53         |
------------------------------------------
------------------------------------------
| rollout/                |              |
|    ep_len_mean          | 100          |
|    ep_rew_mean          | 0.102        |
| time/                   |              |
|    fps                  | 151          |
|    iterations           | 63           |
|    time_elapsed         | 854          |
|    total_timesteps      | 129024       |
| train/                  |              |
|    approx_kl            | 0.0051631443 |
|    clip_fraction        | 0.0808       |
|    clip_range           | 0.2          |
|    entropy_loss         | -0.647       |
|    explained_variance   | 0.16         |
|    learning_rate        | 0.0003       |
|    loss                 | 3.45         |
|    n_updates            | 620          |
|    policy_gradient_loss | -0.00552     |
|    value_loss           | 10.9         |
------------------------------------------
-----------------------------------------
| rollout/                |             |
|    ep_len_mean          | 101         |
|    ep_rew_mean          | 0.296       |
| time/                   |             |
|    fps                  | 151         |
|    iterations           | 64          |
|    time_elapsed         | 867         |
|    total_timesteps      | 131072      |
| train/                  |             |
|    approx_kl            | 0.006356431 |
|    clip_fraction        | 0.0667      |
|    clip_range           | 0.2         |
|    entropy_loss         | -0.668      |
|    explained_variance   | 0.0681      |
|    learning_rate        | 0.0003      |
|    loss                 | 7.19        |
|    n_updates            | 630         |
|    policy_gradient_loss | -0.00474    |
|    value_loss           | 11.6        |
-----------------------------------------
-----------------------------------------
| rollout/                |             |
|    ep_len_mean          | 105         |
|    ep_rew_mean          | 0.209       |
| time/                   |             |
|    fps                  | 150         |
|    iterations           | 65          |
|    time_elapsed         | 882         |
|    total_timesteps      | 133120      |
| train/                  |             |
|    approx_kl            | 0.007827846 |
|    clip_fraction        | 0.0975      |
|    clip_range           | 0.2         |
|    entropy_loss         | -0.632      |
|    explained_variance   | 0.0558      |
|    learning_rate        | 0.0003      |
|    loss                 | 4.84        |
|    n_updates            | 640         |
|    policy_gradient_loss | -0.00552    |
|    value_loss           | 10.8        |
-----------------------------------------
------------------------------------------
| rollout/                |              |
|    ep_len_mean          | 101          |
|    ep_rew_mean          | 0.377        |
| time/                   |              |
|    fps                  | 150          |
|    iterations           | 66           |
|    time_elapsed         | 895          |
|    total_timesteps      | 135168       |
| train/                  |              |
|    approx_kl            | 0.0077665765 |
|    clip_fraction        | 0.0877       |
|    clip_range           | 0.2          |
|    entropy_loss         | -0.609       |
|    explained_variance   | 0.0556       |
|    learning_rate        | 0.0003       |
|    loss                 | 3.5          |
|    n_updates            | 650          |
|    policy_gradient_loss | -0.0055      |
|    value_loss           | 10.2         |
------------------------------------------
-----------------------------------------
| rollout/                |             |
|    ep_len_mean          | 103         |
|    ep_rew_mean          | 0.293       |
| time/                   |             |
|    fps                  | 151         |
|    iterations           | 67          |
|    time_elapsed         | 908         |
|    total_timesteps      | 137216      |
| train/                  |             |
|    approx_kl            | 0.004676801 |
|    clip_fraction        | 0.058       |
|    clip_range           | 0.2         |
|    entropy_loss         | -0.604      |
|    explained_variance   | 0.175       |
|    learning_rate        | 0.0003      |
|    loss                 | 5.22        |
|    n_updates            | 660         |
|    policy_gradient_loss | -0.00373    |
|    value_loss           | 9.29        |
-----------------------------------------
------------------------------------------
| rollout/                |              |
|    ep_len_mean          | 110          |
|    ep_rew_mean          | 2.14         |
| time/                   |              |
|    fps                  | 151          |
|    iterations           | 68           |
|    time_elapsed         | 921          |
|    total_timesteps      | 139264       |
| train/                  |              |
|    approx_kl            | 0.0050736936 |
|    clip_fraction        | 0.0455       |
|    clip_range           | 0.2          |
|    entropy_loss         | -0.632       |
|    explained_variance   | 0.0872       |
|    learning_rate        | 0.0003       |
|    loss                 | 5.64         |
|    n_updates            | 670          |
|    policy_gradient_loss | -0.00327     |
|    value_loss           | 10.7         |
------------------------------------------
------------------------------------------
| rollout/                |              |
|    ep_len_mean          | 114          |
|    ep_rew_mean          | 2.92         |
| time/                   |              |
|    fps                  | 151          |
|    iterations           | 69           |
|    time_elapsed         | 935          |
|    total_timesteps      | 141312       |
| train/                  |              |
|    approx_kl            | 0.0056425333 |
|    clip_fraction        | 0.0622       |
|    clip_range           | 0.2          |
|    entropy_loss         | -0.568       |
|    explained_variance   | 0.00342      |
|    learning_rate        | 0.0003       |
|    loss                 | 6.96         |
|    n_updates            | 680          |
|    policy_gradient_loss | -0.00473     |
|    value_loss           | 12.8         |
------------------------------------------
------------------------------------------
| rollout/                |              |
|    ep_len_mean          | 116          |
|    ep_rew_mean          | 4.1          |
| time/                   |              |
|    fps                  | 151          |
|    iterations           | 70           |
|    time_elapsed         | 948          |
|    total_timesteps      | 143360       |
| train/                  |              |
|    approx_kl            | 0.0058074063 |
|    clip_fraction        | 0.064        |
|    clip_range           | 0.2          |
|    entropy_loss         | -0.593       |
|    explained_variance   | 0.0861       |
|    learning_rate        | 0.0003       |
|    loss                 | 5.75         |
|    n_updates            | 690          |
|    policy_gradient_loss | -0.00343     |
|    value_loss           | 11.4         |
------------------------------------------
------------------------------------------
| rollout/                |              |
|    ep_len_mean          | 113          |
|    ep_rew_mean          | 3.99         |
| time/                   |              |
|    fps                  | 150          |
|    iterations           | 71           |
|    time_elapsed         | 963          |
|    total_timesteps      | 145408       |
| train/                  |              |
|    approx_kl            | 0.0048578237 |
|    clip_fraction        | 0.0514       |
|    clip_range           | 0.2          |
|    entropy_loss         | -0.556       |
|    explained_variance   | 0.0897       |
|    learning_rate        | 0.0003       |
|    loss                 | 5.13         |
|    n_updates            | 700          |
|    policy_gradient_loss | -0.00396     |
|    value_loss           | 10.9         |
------------------------------------------
-----------------------------------------
| rollout/                |             |
|    ep_len_mean          | 112         |
|    ep_rew_mean          | 4.53        |
| time/                   |             |
|    fps                  | 150         |
|    iterations           | 72          |
|    time_elapsed         | 976         |
|    total_timesteps      | 147456      |
| train/                  |             |
|    approx_kl            | 0.005110394 |
|    clip_fraction        | 0.0752      |
|    clip_range           | 0.2         |
|    entropy_loss         | -0.59       |
|    explained_variance   | 0.165       |
|    learning_rate        | 0.0003      |
|    loss                 | 7.51        |
|    n_updates            | 710         |
|    policy_gradient_loss | -0.00493    |
|    value_loss           | 13.4        |
-----------------------------------------
-----------------------------------------
| rollout/                |             |
|    ep_len_mean          | 112         |
|    ep_rew_mean          | 4.25        |
| time/                   |             |
|    fps                  | 150         |
|    iterations           | 73          |
|    time_elapsed         | 990         |
|    total_timesteps      | 149504      |
| train/                  |             |
|    approx_kl            | 0.004490397 |
|    clip_fraction        | 0.0667      |
|    clip_range           | 0.2         |
|    entropy_loss         | -0.6        |
|    explained_variance   | 0.272       |
|    learning_rate        | 0.0003      |
|    loss                 | 5.69        |
|    n_updates            | 720         |
|    policy_gradient_loss | -0.00307    |
|    value_loss           | 10.4        |
-----------------------------------------
-----------------------------------------
| rollout/                |             |
|    ep_len_mean          | 115         |
|    ep_rew_mean          | 4.06        |
| time/                   |             |
|    fps                  | 150         |
|    iterations           | 74          |
|    time_elapsed         | 1004        |
|    total_timesteps      | 151552      |
| train/                  |             |
|    approx_kl            | 0.008350496 |
|    clip_fraction        | 0.0821      |
|    clip_range           | 0.2         |
|    entropy_loss         | -0.568      |
|    explained_variance   | 0.161       |
|    learning_rate        | 0.0003      |
|    loss                 | 5.77        |
|    n_updates            | 730         |
|    policy_gradient_loss | -0.00682    |
|    value_loss           | 12.6        |
-----------------------------------------
------------------------------------------
| rollout/                |              |
|    ep_len_mean          | 108          |
|    ep_rew_mean          | 2.84         |
| time/                   |              |
|    fps                  | 150          |
|    iterations           | 75           |
|    time_elapsed         | 1019         |
|    total_timesteps      | 153600       |
| train/                  |              |
|    approx_kl            | 0.0064315624 |
|    clip_fraction        | 0.0881       |
|    clip_range           | 0.2          |
|    entropy_loss         | -0.596       |
|    explained_variance   | 0.204        |
|    learning_rate        | 0.0003       |
|    loss                 | 4.82         |
|    n_updates            | 740          |
|    policy_gradient_loss | -0.00496     |
|    value_loss           | 11.1         |
------------------------------------------
------------------------------------------
| rollout/                |              |
|    ep_len_mean          | 113          |
|    ep_rew_mean          | 4.17         |
| time/                   |              |
|    fps                  | 150          |
|    iterations           | 76           |
|    time_elapsed         | 1032         |
|    total_timesteps      | 155648       |
| train/                  |              |
|    approx_kl            | 0.0051493887 |
|    clip_fraction        | 0.0635       |
|    clip_range           | 0.2          |
|    entropy_loss         | -0.567       |
|    explained_variance   | 0.0528       |
|    learning_rate        | 0.0003       |
|    loss                 | 9.55         |
|    n_updates            | 750          |
|    policy_gradient_loss | -0.00407     |
|    value_loss           | 13.2         |
------------------------------------------
-----------------------------------------
| rollout/                |             |
|    ep_len_mean          | 118         |
|    ep_rew_mean          | 4.93        |
| time/                   |             |
|    fps                  | 150         |
|    iterations           | 77          |
|    time_elapsed         | 1045        |
|    total_timesteps      | 157696      |
| train/                  |             |
|    approx_kl            | 0.006722795 |
|    clip_fraction        | 0.0703      |
|    clip_range           | 0.2         |
|    entropy_loss         | -0.542      |
|    explained_variance   | 0.166       |
|    learning_rate        | 0.0003      |
|    loss                 | 4.92        |
|    n_updates            | 760         |
|    policy_gradient_loss | -0.00581    |
|    value_loss           | 11.5        |
-----------------------------------------
-----------------------------------------
| rollout/                |             |
|    ep_len_mean          | 125         |
|    ep_rew_mean          | 6.06        |
| time/                   |             |
|    fps                  | 150         |
|    iterations           | 78          |
|    time_elapsed         | 1058        |
|    total_timesteps      | 159744      |
| train/                  |             |
|    approx_kl            | 0.006910622 |
|    clip_fraction        | 0.0766      |
|    clip_range           | 0.2         |
|    entropy_loss         | -0.61       |
|    explained_variance   | 0.163       |
|    learning_rate        | 0.0003      |
|    loss                 | 6.31        |
|    n_updates            | 770         |
|    policy_gradient_loss | -0.00574    |
|    value_loss           | 10.8        |
-----------------------------------------
-----------------------------------------
| rollout/                |             |
|    ep_len_mean          | 126         |
|    ep_rew_mean          | 6.62        |
| time/                   |             |
|    fps                  | 150         |
|    iterations           | 79          |
|    time_elapsed         | 1071        |
|    total_timesteps      | 161792      |
| train/                  |             |
|    approx_kl            | 0.006113707 |
|    clip_fraction        | 0.0686      |
|    clip_range           | 0.2         |
|    entropy_loss         | -0.589      |
|    explained_variance   | 0.0563      |
|    learning_rate        | 0.0003      |
|    loss                 | 7.96        |
|    n_updates            | 780         |
|    policy_gradient_loss | -0.00414    |
|    value_loss           | 14.2        |
-----------------------------------------
------------------------------------------
| rollout/                |              |
|    ep_len_mean          | 123          |
|    ep_rew_mean          | 7.03         |
| time/                   |              |
|    fps                  | 150          |
|    iterations           | 80           |
|    time_elapsed         | 1085         |
|    total_timesteps      | 163840       |
| train/                  |              |
|    approx_kl            | 0.0073093316 |
|    clip_fraction        | 0.0799       |
|    clip_range           | 0.2          |
|    entropy_loss         | -0.585       |
|    explained_variance   | 0.211        |
|    learning_rate        | 0.0003       |
|    loss                 | 6.18         |
|    n_updates            | 790          |
|    policy_gradient_loss | -0.00602     |
|    value_loss           | 11.5         |
------------------------------------------
------------------------------------------
| rollout/                |              |
|    ep_len_mean          | 131          |
|    ep_rew_mean          | 8.36         |
| time/                   |              |
|    fps                  | 150          |
|    iterations           | 81           |
|    time_elapsed         | 1098         |
|    total_timesteps      | 165888       |
| train/                  |              |
|    approx_kl            | 0.0056265863 |
|    clip_fraction        | 0.0621       |
|    clip_range           | 0.2          |
|    entropy_loss         | -0.555       |
|    explained_variance   | 0.184        |
|    learning_rate        | 0.0003       |
|    loss                 | 7.29         |
|    n_updates            | 800          |
|    policy_gradient_loss | -0.00267     |
|    value_loss           | 13.9         |
------------------------------------------
-----------------------------------------
| rollout/                |             |
|    ep_len_mean          | 132         |
|    ep_rew_mean          | 7.97        |
| time/                   |             |
|    fps                  | 151         |
|    iterations           | 82          |
|    time_elapsed         | 1112        |
|    total_timesteps      | 167936      |
| train/                  |             |
|    approx_kl            | 0.006044117 |
|    clip_fraction        | 0.0538      |
|    clip_range           | 0.2         |
|    entropy_loss         | -0.572      |
|    explained_variance   | 0.0693      |
|    learning_rate        | 0.0003      |
|    loss                 | 6.88        |
|    n_updates            | 810         |
|    policy_gradient_loss | -0.00312    |
|    value_loss           | 14.5        |
-----------------------------------------
------------------------------------------
| rollout/                |              |
|    ep_len_mean          | 124          |
|    ep_rew_mean          | 7.13         |
| time/                   |              |
|    fps                  | 150          |
|    iterations           | 83           |
|    time_elapsed         | 1126         |
|    total_timesteps      | 169984       |
| train/                  |              |
|    approx_kl            | 0.0050946428 |
|    clip_fraction        | 0.0664       |
|    clip_range           | 0.2          |
|    entropy_loss         | -0.559       |
|    explained_variance   | 0.189        |
|    learning_rate        | 0.0003       |
|    loss                 | 6.81         |
|    n_updates            | 820          |
|    policy_gradient_loss | -0.00351     |
|    value_loss           | 14.4         |
------------------------------------------
-----------------------------------------
| rollout/                |             |
|    ep_len_mean          | 119         |
|    ep_rew_mean          | 7.02        |
| time/                   |             |
|    fps                  | 150         |
|    iterations           | 84          |
|    time_elapsed         | 1139        |
|    total_timesteps      | 172032      |
| train/                  |             |
|    approx_kl            | 0.006075043 |
|    clip_fraction        | 0.0625      |
|    clip_range           | 0.2         |
|    entropy_loss         | -0.524      |
|    explained_variance   | 0.29        |
|    learning_rate        | 0.0003      |
|    loss                 | 5.15        |
|    n_updates            | 830         |
|    policy_gradient_loss | -0.00551    |
|    value_loss           | 14.1        |
-----------------------------------------
------------------------------------------
| rollout/                |              |
|    ep_len_mean          | 114          |
|    ep_rew_mean          | 6.75         |
| time/                   |              |
|    fps                  | 150          |
|    iterations           | 85           |
|    time_elapsed         | 1153         |
|    total_timesteps      | 174080       |
| train/                  |              |
|    approx_kl            | 0.0066180583 |
|    clip_fraction        | 0.0694       |
|    clip_range           | 0.2          |
|    entropy_loss         | -0.491       |
|    explained_variance   | 0.177        |
|    learning_rate        | 0.0003       |
|    loss                 | 9.04         |
|    n_updates            | 840          |
|    policy_gradient_loss | -0.00466     |
|    value_loss           | 15.1         |
------------------------------------------
------------------------------------------
| rollout/                |              |
|    ep_len_mean          | 105          |
|    ep_rew_mean          | 5.5          |
| time/                   |              |
|    fps                  | 150          |
|    iterations           | 86           |
|    time_elapsed         | 1168         |
|    total_timesteps      | 176128       |
| train/                  |              |
|    approx_kl            | 0.0060717287 |
|    clip_fraction        | 0.0641       |
|    clip_range           | 0.2          |
|    entropy_loss         | -0.483       |
|    explained_variance   | 0.194        |
|    learning_rate        | 0.0003       |
|    loss                 | 6.32         |
|    n_updates            | 850          |
|    policy_gradient_loss | -0.00311     |
|    value_loss           | 13.2         |
------------------------------------------
-----------------------------------------
| rollout/                |             |
|    ep_len_mean          | 99.9        |
|    ep_rew_mean          | 4.96        |
| time/                   |             |
|    fps                  | 150         |
|    iterations           | 87          |
|    time_elapsed         | 1183        |
|    total_timesteps      | 178176      |
| train/                  |             |
|    approx_kl            | 0.005901914 |
|    clip_fraction        | 0.0651      |
|    clip_range           | 0.2         |
|    entropy_loss         | -0.484      |
|    explained_variance   | 0.26        |
|    learning_rate        | 0.0003      |
|    loss                 | 6.54        |
|    n_updates            | 860         |
|    policy_gradient_loss | -0.0037     |
|    value_loss           | 16.2        |
-----------------------------------------
------------------------------------------
| rollout/                |              |
|    ep_len_mean          | 105          |
|    ep_rew_mean          | 5.96         |
| time/                   |              |
|    fps                  | 150          |
|    iterations           | 88           |
|    time_elapsed         | 1195         |
|    total_timesteps      | 180224       |
| train/                  |              |
|    approx_kl            | 0.0053397133 |
|    clip_fraction        | 0.0697       |
|    clip_range           | 0.2          |
|    entropy_loss         | -0.519       |
|    explained_variance   | 0.195        |
|    learning_rate        | 0.0003       |
|    loss                 | 5.95         |
|    n_updates            | 870          |
|    policy_gradient_loss | -0.00554     |
|    value_loss           | 14.7         |
------------------------------------------
------------------------------------------
| rollout/                |              |
|    ep_len_mean          | 109          |
|    ep_rew_mean          | 6.61         |
| time/                   |              |
|    fps                  | 150          |
|    iterations           | 89           |
|    time_elapsed         | 1208         |
|    total_timesteps      | 182272       |
| train/                  |              |
|    approx_kl            | 0.0038409522 |
|    clip_fraction        | 0.048        |
|    clip_range           | 0.2          |
|    entropy_loss         | -0.504       |
|    explained_variance   | 0.175        |
|    learning_rate        | 0.0003       |
|    loss                 | 4.31         |
|    n_updates            | 880          |
|    policy_gradient_loss | -0.000195    |
|    value_loss           | 11.4         |
------------------------------------------
------------------------------------------
| rollout/                |              |
|    ep_len_mean          | 110          |
|    ep_rew_mean          | 6.84         |
| time/                   |              |
|    fps                  | 150          |
|    iterations           | 90           |
|    time_elapsed         | 1222         |
|    total_timesteps      | 184320       |
| train/                  |              |
|    approx_kl            | 0.0035668267 |
|    clip_fraction        | 0.0451       |
|    clip_range           | 0.2          |
|    entropy_loss         | -0.486       |
|    explained_variance   | 0.144        |
|    learning_rate        | 0.0003       |
|    loss                 | 9.87         |
|    n_updates            | 890          |
|    policy_gradient_loss | -0.00225     |
|    value_loss           | 13.6         |
------------------------------------------
----------------------------------------
| rollout/                |            |
|    ep_len_mean          | 116        |
|    ep_rew_mean          | 7.68       |
| time/                   |            |
|    fps                  | 150        |
|    iterations           | 91         |
|    time_elapsed         | 1236       |
|    total_timesteps      | 186368     |
| train/                  |            |
|    approx_kl            | 0.00443196 |
|    clip_fraction        | 0.0483     |
|    clip_range           | 0.2        |
|    entropy_loss         | -0.463     |
|    explained_variance   | 0.414      |
|    learning_rate        | 0.0003     |
|    loss                 | 6.46       |
|    n_updates            | 900        |
|    policy_gradient_loss | -0.00128   |
|    value_loss           | 11         |
----------------------------------------
----------------------------------------
| rollout/                |            |
|    ep_len_mean          | 120        |
|    ep_rew_mean          | 8.88       |
| time/                   |            |
|    fps                  | 150        |
|    iterations           | 92         |
|    time_elapsed         | 1249       |
|    total_timesteps      | 188416     |
| train/                  |            |
|    approx_kl            | 0.00607583 |
|    clip_fraction        | 0.0672     |
|    clip_range           | 0.2        |
|    entropy_loss         | -0.504     |
|    explained_variance   | 0.436      |
|    learning_rate        | 0.0003     |
|    loss                 | 4.79       |
|    n_updates            | 910        |
|    policy_gradient_loss | -0.00425   |
|    value_loss           | 10.7       |
----------------------------------------
------------------------------------------
| rollout/                |              |
|    ep_len_mean          | 119          |
|    ep_rew_mean          | 9.38         |
| time/                   |              |
|    fps                  | 150          |
|    iterations           | 93           |
|    time_elapsed         | 1264         |
|    total_timesteps      | 190464       |
| train/                  |              |
|    approx_kl            | 0.0056032985 |
|    clip_fraction        | 0.064        |
|    clip_range           | 0.2          |
|    entropy_loss         | -0.471       |
|    explained_variance   | 0.0336       |
|    learning_rate        | 0.0003       |
|    loss                 | 6.87         |
|    n_updates            | 920          |
|    policy_gradient_loss | -0.00355     |
|    value_loss           | 16.1         |
------------------------------------------
-----------------------------------------
| rollout/                |             |
|    ep_len_mean          | 114         |
|    ep_rew_mean          | 8.83        |
| time/                   |             |
|    fps                  | 150         |
|    iterations           | 94          |
|    time_elapsed         | 1278        |
|    total_timesteps      | 192512      |
| train/                  |             |
|    approx_kl            | 0.006197339 |
|    clip_fraction        | 0.062       |
|    clip_range           | 0.2         |
|    entropy_loss         | -0.462      |
|    explained_variance   | 0.182       |
|    learning_rate        | 0.0003      |
|    loss                 | 6.5         |
|    n_updates            | 930         |
|    policy_gradient_loss | -0.00396    |
|    value_loss           | 17.4        |
-----------------------------------------
------------------------------------------
| rollout/                |              |
|    ep_len_mean          | 105          |
|    ep_rew_mean          | 7.37         |
| time/                   |              |
|    fps                  | 150          |
|    iterations           | 95           |
|    time_elapsed         | 1292         |
|    total_timesteps      | 194560       |
| train/                  |              |
|    approx_kl            | 0.0046247263 |
|    clip_fraction        | 0.0526       |
|    clip_range           | 0.2          |
|    entropy_loss         | -0.494       |
|    explained_variance   | 0.0556       |
|    learning_rate        | 0.0003       |
|    loss                 | 6.87         |
|    n_updates            | 940          |
|    policy_gradient_loss | -0.00359     |
|    value_loss           | 16.9         |
------------------------------------------
---------------------------------------
| rollout/                |           |
|    ep_len_mean          | 110       |
|    ep_rew_mean          | 8.9       |
| time/                   |           |
|    fps                  | 150       |
|    iterations           | 96        |
|    time_elapsed         | 1304      |
|    total_timesteps      | 196608    |
| train/                  |           |
|    approx_kl            | 0.0055468 |
|    clip_fraction        | 0.0555    |
|    clip_range           | 0.2       |
|    entropy_loss         | -0.464    |
|    explained_variance   | 0.127     |
|    learning_rate        | 0.0003    |
|    loss                 | 5.77      |
|    n_updates            | 950       |
|    policy_gradient_loss | -0.00352  |
|    value_loss           | 14.6      |
---------------------------------------
-----------------------------------------
| rollout/                |             |
|    ep_len_mean          | 118         |
|    ep_rew_mean          | 9.99        |
| time/                   |             |
|    fps                  | 150         |
|    iterations           | 97          |
|    time_elapsed         | 1317        |
|    total_timesteps      | 198656      |
| train/                  |             |
|    approx_kl            | 0.007740879 |
|    clip_fraction        | 0.0767      |
|    clip_range           | 0.2         |
|    entropy_loss         | -0.455      |
|    explained_variance   | 0.0159      |
|    learning_rate        | 0.0003      |
|    loss                 | 6.77        |
|    n_updates            | 960         |
|    policy_gradient_loss | -0.00532    |
|    value_loss           | 15.9        |
-----------------------------------------
-----------------------------------------
| rollout/                |             |
|    ep_len_mean          | 113         |
|    ep_rew_mean          | 9.64        |
| time/                   |             |
|    fps                  | 150         |
|    iterations           | 98          |
|    time_elapsed         | 1331        |
|    total_timesteps      | 200704      |
| train/                  |             |
|    approx_kl            | 0.008455358 |
|    clip_fraction        | 0.0906      |
|    clip_range           | 0.2         |
|    entropy_loss         | -0.451      |
|    explained_variance   | 0.0799      |
|    learning_rate        | 0.0003      |
|    loss                 | 6.46        |
|    n_updates            | 970         |
|    policy_gradient_loss | -0.00452    |
|    value_loss           | 14.8        |
-----------------------------------------
------------------------------------------
| rollout/                |              |
|    ep_len_mean          | 116          |
|    ep_rew_mean          | 9.76         |
| time/                   |              |
|    fps                  | 150          |
|    iterations           | 99           |
|    time_elapsed         | 1345         |
|    total_timesteps      | 202752       |
| train/                  |              |
|    approx_kl            | 0.0050024856 |
|    clip_fraction        | 0.0526       |
|    clip_range           | 0.2          |
|    entropy_loss         | -0.443       |
|    explained_variance   | 0.249        |
|    learning_rate        | 0.0003       |
|    loss                 | 9.06         |
|    n_updates            | 980          |
|    policy_gradient_loss | -0.00446     |
|    value_loss           | 16.6         |
------------------------------------------
------------------------------------------
| rollout/                |              |
|    ep_len_mean          | 122          |
|    ep_rew_mean          | 10.8         |
| time/                   |              |
|    fps                  | 150          |
|    iterations           | 100          |
|    time_elapsed         | 1358         |
|    total_timesteps      | 204800       |
| train/                  |              |
|    approx_kl            | 0.0043312795 |
|    clip_fraction        | 0.0445       |
|    clip_range           | 0.2          |
|    entropy_loss         | -0.455       |
|    explained_variance   | 0.149        |
|    learning_rate        | 0.0003       |
|    loss                 | 8.52         |
|    n_updates            | 990          |
|    policy_gradient_loss | -0.0014      |
|    value_loss           | 16           |
------------------------------------------
-----------------------------------------
| rollout/                |             |
|    ep_len_mean          | 126         |
|    ep_rew_mean          | 11.6        |
| time/                   |             |
|    fps                  | 150         |
|    iterations           | 101         |
|    time_elapsed         | 1371        |
|    total_timesteps      | 206848      |
| train/                  |             |
|    approx_kl            | 0.005173521 |
|    clip_fraction        | 0.0582      |
|    clip_range           | 0.2         |
|    entropy_loss         | -0.464      |
|    explained_variance   | 0.101       |
|    learning_rate        | 0.0003      |
|    loss                 | 5.77        |
|    n_updates            | 1000        |
|    policy_gradient_loss | -0.00364    |
|    value_loss           | 14.6        |
-----------------------------------------
------------------------------------------
| rollout/                |              |
|    ep_len_mean          | 119          |
|    ep_rew_mean          | 10.9         |
| time/                   |              |
|    fps                  | 150          |
|    iterations           | 102          |
|    time_elapsed         | 1385         |
|    total_timesteps      | 208896       |
| train/                  |              |
|    approx_kl            | 0.0055506704 |
|    clip_fraction        | 0.0583       |
|    clip_range           | 0.2          |
|    entropy_loss         | -0.456       |
|    explained_variance   | 0.168        |
|    learning_rate        | 0.0003       |
|    loss                 | 6.39         |
|    n_updates            | 1010         |
|    policy_gradient_loss | -0.00539     |
|    value_loss           | 17.8         |
------------------------------------------
------------------------------------------
| rollout/                |              |
|    ep_len_mean          | 118          |
|    ep_rew_mean          | 10.7         |
| time/                   |              |
|    fps                  | 150          |
|    iterations           | 103          |
|    time_elapsed         | 1399         |
|    total_timesteps      | 210944       |
| train/                  |              |
|    approx_kl            | 0.0073387283 |
|    clip_fraction        | 0.0721       |
|    clip_range           | 0.2          |
|    entropy_loss         | -0.456       |
|    explained_variance   | 0.108        |
|    learning_rate        | 0.0003       |
|    loss                 | 11.8         |
|    n_updates            | 1020         |
|    policy_gradient_loss | -0.00568     |
|    value_loss           | 18.2         |
------------------------------------------
----------------------------------------
| rollout/                |            |
|    ep_len_mean          | 119        |
|    ep_rew_mean          | 10.6       |
| time/                   |            |
|    fps                  | 150        |
|    iterations           | 104        |
|    time_elapsed         | 1413       |
|    total_timesteps      | 212992     |
| train/                  |            |
|    approx_kl            | 0.00571745 |
|    clip_fraction        | 0.0613     |
|    clip_range           | 0.2        |
|    entropy_loss         | -0.465     |
|    explained_variance   | 0.26       |
|    learning_rate        | 0.0003     |
|    loss                 | 4.99       |
|    n_updates            | 1030       |
|    policy_gradient_loss | -0.00387   |
|    value_loss           | 13.3       |
----------------------------------------
------------------------------------------
| rollout/                |              |
|    ep_len_mean          | 121          |
|    ep_rew_mean          | 10.7         |
| time/                   |              |
|    fps                  | 150          |
|    iterations           | 105          |
|    time_elapsed         | 1426         |
|    total_timesteps      | 215040       |
| train/                  |              |
|    approx_kl            | 0.0042936085 |
|    clip_fraction        | 0.0574       |
|    clip_range           | 0.2          |
|    entropy_loss         | -0.451       |
|    explained_variance   | 0.0362       |
|    learning_rate        | 0.0003       |
|    loss                 | 6.92         |
|    n_updates            | 1040         |
|    policy_gradient_loss | -0.0045      |
|    value_loss           | 17.1         |
------------------------------------------
-----------------------------------------
| rollout/                |             |
|    ep_len_mean          | 115         |
|    ep_rew_mean          | 9.74        |
| time/                   |             |
|    fps                  | 150         |
|    iterations           | 106         |
|    time_elapsed         | 1439        |
|    total_timesteps      | 217088      |
| train/                  |             |
|    approx_kl            | 0.009828411 |
|    clip_fraction        | 0.0769      |
|    clip_range           | 0.2         |
|    entropy_loss         | -0.48       |
|    explained_variance   | 0.115       |
|    learning_rate        | 0.0003      |
|    loss                 | 7.12        |
|    n_updates            | 1050        |
|    policy_gradient_loss | -0.00229    |
|    value_loss           | 15.5        |
-----------------------------------------
-----------------------------------------
| rollout/                |             |
|    ep_len_mean          | 114         |
|    ep_rew_mean          | 9.75        |
| time/                   |             |
|    fps                  | 150         |
|    iterations           | 107         |
|    time_elapsed         | 1452        |
|    total_timesteps      | 219136      |
| train/                  |             |
|    approx_kl            | 0.005418717 |
|    clip_fraction        | 0.0663      |
|    clip_range           | 0.2         |
|    entropy_loss         | -0.475      |
|    explained_variance   | 0.162       |
|    learning_rate        | 0.0003      |
|    loss                 | 6.97        |
|    n_updates            | 1060        |
|    policy_gradient_loss | -0.00311    |
|    value_loss           | 17.6        |
-----------------------------------------
-----------------------------------------
| rollout/                |             |
|    ep_len_mean          | 114         |
|    ep_rew_mean          | 10.1        |
| time/                   |             |
|    fps                  | 150         |
|    iterations           | 108         |
|    time_elapsed         | 1467        |
|    total_timesteps      | 221184      |
| train/                  |             |
|    approx_kl            | 0.004954089 |
|    clip_fraction        | 0.0634      |
|    clip_range           | 0.2         |
|    entropy_loss         | -0.443      |
|    explained_variance   | 0.264       |
|    learning_rate        | 0.0003      |
|    loss                 | 9.08        |
|    n_updates            | 1070        |
|    policy_gradient_loss | -0.00437    |
|    value_loss           | 20.2        |
-----------------------------------------
------------------------------------------
| rollout/                |              |
|    ep_len_mean          | 114          |
|    ep_rew_mean          | 10.4         |
| time/                   |              |
|    fps                  | 150          |
|    iterations           | 109          |
|    time_elapsed         | 1480         |
|    total_timesteps      | 223232       |
| train/                  |              |
|    approx_kl            | 0.0049529364 |
|    clip_fraction        | 0.0507       |
|    clip_range           | 0.2          |
|    entropy_loss         | -0.427       |
|    explained_variance   | 0.143        |
|    learning_rate        | 0.0003       |
|    loss                 | 10.8         |
|    n_updates            | 1080         |
|    policy_gradient_loss | -0.00483     |
|    value_loss           | 18.5         |
------------------------------------------
-----------------------------------------
| rollout/                |             |
|    ep_len_mean          | 114         |
|    ep_rew_mean          | 10.9        |
| time/                   |             |
|    fps                  | 150         |
|    iterations           | 110         |
|    time_elapsed         | 1494        |
|    total_timesteps      | 225280      |
| train/                  |             |
|    approx_kl            | 0.007602787 |
|    clip_fraction        | 0.07        |
|    clip_range           | 0.2         |
|    entropy_loss         | -0.424      |
|    explained_variance   | 0.0978      |
|    learning_rate        | 0.0003      |
|    loss                 | 8.98        |
|    n_updates            | 1090        |
|    policy_gradient_loss | -0.00306    |
|    value_loss           | 19.8        |
-----------------------------------------
-----------------------------------------
| rollout/                |             |
|    ep_len_mean          | 107         |
|    ep_rew_mean          | 10.2        |
| time/                   |             |
|    fps                  | 150         |
|    iterations           | 111         |
|    time_elapsed         | 1508        |
|    total_timesteps      | 227328      |
| train/                  |             |
|    approx_kl            | 0.006540943 |
|    clip_fraction        | 0.0687      |
|    clip_range           | 0.2         |
|    entropy_loss         | -0.417      |
|    explained_variance   | 0.23        |
|    learning_rate        | 0.0003      |
|    loss                 | 5.81        |
|    n_updates            | 1100        |
|    policy_gradient_loss | -0.00431    |
|    value_loss           | 18.2        |
-----------------------------------------
------------------------------------------
| rollout/                |              |
|    ep_len_mean          | 111          |
|    ep_rew_mean          | 10.7         |
| time/                   |              |
|    fps                  | 150          |
|    iterations           | 112          |
|    time_elapsed         | 1521         |
|    total_timesteps      | 229376       |
| train/                  |              |
|    approx_kl            | 0.0044363616 |
|    clip_fraction        | 0.0576       |
|    clip_range           | 0.2          |
|    entropy_loss         | -0.396       |
|    explained_variance   | 0.304        |
|    learning_rate        | 0.0003       |
|    loss                 | 8.35         |
|    n_updates            | 1110         |
|    policy_gradient_loss | -0.00413     |
|    value_loss           | 16.7         |
------------------------------------------
------------------------------------------
| rollout/                |              |
|    ep_len_mean          | 110          |
|    ep_rew_mean          | 9.77         |
| time/                   |              |
|    fps                  | 150          |
|    iterations           | 113          |
|    time_elapsed         | 1534         |
|    total_timesteps      | 231424       |
| train/                  |              |
|    approx_kl            | 0.0076843845 |
|    clip_fraction        | 0.076        |
|    clip_range           | 0.2          |
|    entropy_loss         | -0.444       |
|    explained_variance   | 0.244        |
|    learning_rate        | 0.0003       |
|    loss                 | 7.48         |
|    n_updates            | 1120         |
|    policy_gradient_loss | -0.0044      |
|    value_loss           | 16.6         |
------------------------------------------
-----------------------------------------
| rollout/                |             |
|    ep_len_mean          | 111         |
|    ep_rew_mean          | 9.42        |
| time/                   |             |
|    fps                  | 150         |
|    iterations           | 114         |
|    time_elapsed         | 1548        |
|    total_timesteps      | 233472      |
| train/                  |             |
|    approx_kl            | 0.008306654 |
|    clip_fraction        | 0.0925      |
|    clip_range           | 0.2         |
|    entropy_loss         | -0.417      |
|    explained_variance   | 0.194       |
|    learning_rate        | 0.0003      |
|    loss                 | 9.16        |
|    n_updates            | 1130        |
|    policy_gradient_loss | -0.00654    |
|    value_loss           | 16.5        |
-----------------------------------------
------------------------------------------
| rollout/                |              |
|    ep_len_mean          | 108          |
|    ep_rew_mean          | 8.15         |
| time/                   |              |
|    fps                  | 150          |
|    iterations           | 115          |
|    time_elapsed         | 1562         |
|    total_timesteps      | 235520       |
| train/                  |              |
|    approx_kl            | 0.0045769573 |
|    clip_fraction        | 0.0605       |
|    clip_range           | 0.2          |
|    entropy_loss         | -0.421       |
|    explained_variance   | 0.255        |
|    learning_rate        | 0.0003       |
|    loss                 | 10.7         |
|    n_updates            | 1140         |
|    policy_gradient_loss | -0.00172     |
|    value_loss           | 14.7         |
------------------------------------------
-----------------------------------------
| rollout/                |             |
|    ep_len_mean          | 112         |
|    ep_rew_mean          | 8.52        |
| time/                   |             |
|    fps                  | 150         |
|    iterations           | 116         |
|    time_elapsed         | 1575        |
|    total_timesteps      | 237568      |
| train/                  |             |
|    approx_kl            | 0.007469996 |
|    clip_fraction        | 0.0613      |
|    clip_range           | 0.2         |
|    entropy_loss         | -0.45       |
|    explained_variance   | 0.347       |
|    learning_rate        | 0.0003      |
|    loss                 | 6.39        |
|    n_updates            | 1150        |
|    policy_gradient_loss | -0.00289    |
|    value_loss           | 17.2        |
-----------------------------------------
-----------------------------------------
| rollout/                |             |
|    ep_len_mean          | 111         |
|    ep_rew_mean          | 8.84        |
| time/                   |             |
|    fps                  | 150         |
|    iterations           | 117         |
|    time_elapsed         | 1590        |
|    total_timesteps      | 239616      |
| train/                  |             |
|    approx_kl            | 0.004658973 |
|    clip_fraction        | 0.0718      |
|    clip_range           | 0.2         |
|    entropy_loss         | -0.436      |
|    explained_variance   | 0.224       |
|    learning_rate        | 0.0003      |
|    loss                 | 7.51        |
|    n_updates            | 1160        |
|    policy_gradient_loss | -0.00254    |
|    value_loss           | 18.8        |
-----------------------------------------
-----------------------------------------
| rollout/                |             |
|    ep_len_mean          | 114         |
|    ep_rew_mean          | 9.65        |
| time/                   |             |
|    fps                  | 150         |
|    iterations           | 118         |
|    time_elapsed         | 1604        |
|    total_timesteps      | 241664      |
| train/                  |             |
|    approx_kl            | 0.005217836 |
|    clip_fraction        | 0.0513      |
|    clip_range           | 0.2         |
|    entropy_loss         | -0.415      |
|    explained_variance   | 0.237       |
|    learning_rate        | 0.0003      |
|    loss                 | 11.2        |
|    n_updates            | 1170        |
|    policy_gradient_loss | -0.00274    |
|    value_loss           | 16.3        |
-----------------------------------------
----------------------------------------
| rollout/                |            |
|    ep_len_mean          | 112        |
|    ep_rew_mean          | 8.84       |
| time/                   |            |
|    fps                  | 150        |
|    iterations           | 119        |
|    time_elapsed         | 1618       |
|    total_timesteps      | 243712     |
| train/                  |            |
|    approx_kl            | 0.00620818 |
|    clip_fraction        | 0.0797     |
|    clip_range           | 0.2        |
|    entropy_loss         | -0.408     |
|    explained_variance   | 0.105      |
|    learning_rate        | 0.0003     |
|    loss                 | 9.2        |
|    n_updates            | 1180       |
|    policy_gradient_loss | -0.00219   |
|    value_loss           | 18.3       |
----------------------------------------
------------------------------------------
| rollout/                |              |
|    ep_len_mean          | 106          |
|    ep_rew_mean          | 8.38         |
| time/                   |              |
|    fps                  | 150          |
|    iterations           | 120          |
|    time_elapsed         | 1633         |
|    total_timesteps      | 245760       |
| train/                  |              |
|    approx_kl            | 0.0059123803 |
|    clip_fraction        | 0.0554       |
|    clip_range           | 0.2          |
|    entropy_loss         | -0.409       |
|    explained_variance   | 0.378        |
|    learning_rate        | 0.0003       |
|    loss                 | 7.56         |
|    n_updates            | 1190         |
|    policy_gradient_loss | -0.00394     |
|    value_loss           | 16           |
------------------------------------------
------------------------------------------
| rollout/                |              |
|    ep_len_mean          | 103          |
|    ep_rew_mean          | 7.96         |
| time/                   |              |
|    fps                  | 150          |
|    iterations           | 121          |
|    time_elapsed         | 1647         |
|    total_timesteps      | 247808       |
| train/                  |              |
|    approx_kl            | 0.0054883566 |
|    clip_fraction        | 0.0618       |
|    clip_range           | 0.2          |
|    entropy_loss         | -0.422       |
|    explained_variance   | 0.398        |
|    learning_rate        | 0.0003       |
|    loss                 | 5.98         |
|    n_updates            | 1200         |
|    policy_gradient_loss | -0.00415     |
|    value_loss           | 16.9         |
------------------------------------------
-----------------------------------------
| rollout/                |             |
|    ep_len_mean          | 104         |
|    ep_rew_mean          | 7.87        |
| time/                   |             |
|    fps                  | 150         |
|    iterations           | 122         |
|    time_elapsed         | 1662        |
|    total_timesteps      | 249856      |
| train/                  |             |
|    approx_kl            | 0.005596576 |
|    clip_fraction        | 0.0701      |
|    clip_range           | 0.2         |
|    entropy_loss         | -0.394      |
|    explained_variance   | 0.168       |
|    learning_rate        | 0.0003      |
|    loss                 | 6.44        |
|    n_updates            | 1210        |
|    policy_gradient_loss | -0.00596    |
|    value_loss           | 16.9        |
-----------------------------------------
------------------------------------------
| rollout/                |              |
|    ep_len_mean          | 105          |
|    ep_rew_mean          | 7.5          |
| time/                   |              |
|    fps                  | 150          |
|    iterations           | 123          |
|    time_elapsed         | 1674         |
|    total_timesteps      | 251904       |
| train/                  |              |
|    approx_kl            | 0.0062078387 |
|    clip_fraction        | 0.058        |
|    clip_range           | 0.2          |
|    entropy_loss         | -0.381       |
|    explained_variance   | 0.296        |
|    learning_rate        | 0.0003       |
|    loss                 | 7.68         |
|    n_updates            | 1220         |
|    policy_gradient_loss | -0.0022      |
|    value_loss           | 16.1         |
------------------------------------------
------------------------------------------
| rollout/                |              |
|    ep_len_mean          | 105          |
|    ep_rew_mean          | 7.86         |
| time/                   |              |
|    fps                  | 150          |
|    iterations           | 124          |
|    time_elapsed         | 1688         |
|    total_timesteps      | 253952       |
| train/                  |              |
|    approx_kl            | 0.0037580472 |
|    clip_fraction        | 0.0585       |
|    clip_range           | 0.2          |
|    entropy_loss         | -0.373       |
|    explained_variance   | 0.164        |
|    learning_rate        | 0.0003       |
|    loss                 | 9.15         |
|    n_updates            | 1230         |
|    policy_gradient_loss | -0.00063     |
|    value_loss           | 15.7         |
------------------------------------------
----------------------------------------
| rollout/                |            |
|    ep_len_mean          | 113        |
|    ep_rew_mean          | 9.5        |
| time/                   |            |
|    fps                  | 150        |
|    iterations           | 125        |
|    time_elapsed         | 1702       |
|    total_timesteps      | 256000     |
| train/                  |            |
|    approx_kl            | 0.00446732 |
|    clip_fraction        | 0.0566     |
|    clip_range           | 0.2        |
|    entropy_loss         | -0.391     |
|    explained_variance   | 0.176      |
|    learning_rate        | 0.0003     |
|    loss                 | 10.6       |
|    n_updates            | 1240       |
|    policy_gradient_loss | -0.00469   |
|    value_loss           | 18.7       |
----------------------------------------
-----------------------------------------
| rollout/                |             |
|    ep_len_mean          | 118         |
|    ep_rew_mean          | 11.1        |
| time/                   |             |
|    fps                  | 150         |
|    iterations           | 126         |
|    time_elapsed         | 1715        |
|    total_timesteps      | 258048      |
| train/                  |             |
|    approx_kl            | 0.003996081 |
|    clip_fraction        | 0.0608      |
|    clip_range           | 0.2         |
|    entropy_loss         | -0.383      |
|    explained_variance   | 0.0155      |
|    learning_rate        | 0.0003      |
|    loss                 | 12.1        |
|    n_updates            | 1250        |
|    policy_gradient_loss | -0.000791   |
|    value_loss           | 19.1        |
-----------------------------------------
-----------------------------------------
| rollout/                |             |
|    ep_len_mean          | 124         |
|    ep_rew_mean          | 12.6        |
| time/                   |             |
|    fps                  | 150         |
|    iterations           | 127         |
|    time_elapsed         | 1728        |
|    total_timesteps      | 260096      |
| train/                  |             |
|    approx_kl            | 0.004076603 |
|    clip_fraction        | 0.0443      |
|    clip_range           | 0.2         |
|    entropy_loss         | -0.357      |
|    explained_variance   | 0.0652      |
|    learning_rate        | 0.0003      |
|    loss                 | 10.7        |
|    n_updates            | 1260        |
|    policy_gradient_loss | -0.00266    |
|    value_loss           | 19          |
-----------------------------------------
------------------------------------------
| rollout/                |              |
|    ep_len_mean          | 128          |
|    ep_rew_mean          | 13.9         |
| time/                   |              |
|    fps                  | 150          |
|    iterations           | 128          |
|    time_elapsed         | 1742         |
|    total_timesteps      | 262144       |
| train/                  |              |
|    approx_kl            | 0.0076304055 |
|    clip_fraction        | 0.0758       |
|    clip_range           | 0.2          |
|    entropy_loss         | -0.389       |
|    explained_variance   | 0.197        |
|    learning_rate        | 0.0003       |
|    loss                 | 9.05         |
|    n_updates            | 1270         |
|    policy_gradient_loss | -0.00495     |
|    value_loss           | 18.7         |
------------------------------------------
-----------------------------------------
| rollout/                |             |
|    ep_len_mean          | 130         |
|    ep_rew_mean          | 15.2        |
| time/                   |             |
|    fps                  | 150         |
|    iterations           | 129         |
|    time_elapsed         | 1755        |
|    total_timesteps      | 264192      |
| train/                  |             |
|    approx_kl            | 0.004890143 |
|    clip_fraction        | 0.0555      |
|    clip_range           | 0.2         |
|    entropy_loss         | -0.377      |
|    explained_variance   | 0.382       |
|    learning_rate        | 0.0003      |
|    loss                 | 7.08        |
|    n_updates            | 1280        |
|    policy_gradient_loss | -0.00316    |
|    value_loss           | 16.1        |
-----------------------------------------
------------------------------------------
| rollout/                |              |
|    ep_len_mean          | 126          |
|    ep_rew_mean          | 14.7         |
| time/                   |              |
|    fps                  | 150          |
|    iterations           | 130          |
|    time_elapsed         | 1769         |
|    total_timesteps      | 266240       |
| train/                  |              |
|    approx_kl            | 0.0045878114 |
|    clip_fraction        | 0.0561       |
|    clip_range           | 0.2          |
|    entropy_loss         | -0.39        |
|    explained_variance   | 0.334        |
|    learning_rate        | 0.0003       |
|    loss                 | 7.49         |
|    n_updates            | 1290         |
|    policy_gradient_loss | -0.00251     |
|    value_loss           | 15.6         |
------------------------------------------
-----------------------------------------
| rollout/                |             |
|    ep_len_mean          | 130         |
|    ep_rew_mean          | 16.1        |
| time/                   |             |
|    fps                  | 150         |
|    iterations           | 131         |
|    time_elapsed         | 1782        |
|    total_timesteps      | 268288      |
| train/                  |             |
|    approx_kl            | 0.006238539 |
|    clip_fraction        | 0.0578      |
|    clip_range           | 0.2         |
|    entropy_loss         | -0.401      |
|    explained_variance   | 0.257       |
|    learning_rate        | 0.0003      |
|    loss                 | 12.7        |
|    n_updates            | 1300        |
|    policy_gradient_loss | -0.00285    |
|    value_loss           | 19.2        |
-----------------------------------------
-----------------------------------------
| rollout/                |             |
|    ep_len_mean          | 124         |
|    ep_rew_mean          | 14.8        |
| time/                   |             |
|    fps                  | 150         |
|    iterations           | 132         |
|    time_elapsed         | 1796        |
|    total_timesteps      | 270336      |
| train/                  |             |
|    approx_kl            | 0.004852465 |
|    clip_fraction        | 0.0542      |
|    clip_range           | 0.2         |
|    entropy_loss         | -0.359      |
|    explained_variance   | 0.298       |
|    learning_rate        | 0.0003      |
|    loss                 | 5.01        |
|    n_updates            | 1310        |
|    policy_gradient_loss | -0.000649   |
|    value_loss           | 14.7        |
-----------------------------------------
------------------------------------------
| rollout/                |              |
|    ep_len_mean          | 122          |
|    ep_rew_mean          | 14.7         |
| time/                   |              |
|    fps                  | 150          |
|    iterations           | 133          |
|    time_elapsed         | 1809         |
|    total_timesteps      | 272384       |
| train/                  |              |
|    approx_kl            | 0.0056206174 |
|    clip_fraction        | 0.0593       |
|    clip_range           | 0.2          |
|    entropy_loss         | -0.367       |
|    explained_variance   | 0.23         |
|    learning_rate        | 0.0003       |
|    loss                 | 11.9         |
|    n_updates            | 1320         |
|    policy_gradient_loss | -0.00348     |
|    value_loss           | 23.4         |
------------------------------------------
------------------------------------------
| rollout/                |              |
|    ep_len_mean          | 127          |
|    ep_rew_mean          | 15.9         |
| time/                   |              |
|    fps                  | 150          |
|    iterations           | 134          |
|    time_elapsed         | 1822         |
|    total_timesteps      | 274432       |
| train/                  |              |
|    approx_kl            | 0.0047311336 |
|    clip_fraction        | 0.0623       |
|    clip_range           | 0.2          |
|    entropy_loss         | -0.37        |
|    explained_variance   | 0.257        |
|    learning_rate        | 0.0003       |
|    loss                 | 5.36         |
|    n_updates            | 1330         |
|    policy_gradient_loss | -0.00337     |
|    value_loss           | 17.4         |
------------------------------------------
-----------------------------------------
| rollout/                |             |
|    ep_len_mean          | 123         |
|    ep_rew_mean          | 15.6        |
| time/                   |             |
|    fps                  | 150         |
|    iterations           | 135         |
|    time_elapsed         | 1835        |
|    total_timesteps      | 276480      |
| train/                  |             |
|    approx_kl            | 0.003812186 |
|    clip_fraction        | 0.0605      |
|    clip_range           | 0.2         |
|    entropy_loss         | -0.349      |
|    explained_variance   | 0.124       |
|    learning_rate        | 0.0003      |
|    loss                 | 6.73        |
|    n_updates            | 1340        |
|    policy_gradient_loss | -0.00193    |
|    value_loss           | 18.2        |
-----------------------------------------
-----------------------------------------
| rollout/                |             |
|    ep_len_mean          | 133         |
|    ep_rew_mean          | 17.7        |
| time/                   |             |
|    fps                  | 150         |
|    iterations           | 136         |
|    time_elapsed         | 1848        |
|    total_timesteps      | 278528      |
| train/                  |             |
|    approx_kl            | 0.006911381 |
|    clip_fraction        | 0.0681      |
|    clip_range           | 0.2         |
|    entropy_loss         | -0.358      |
|    explained_variance   | 0.0957      |
|    learning_rate        | 0.0003      |
|    loss                 | 10.6        |
|    n_updates            | 1350        |
|    policy_gradient_loss | -0.0019     |
|    value_loss           | 20.4        |
-----------------------------------------
------------------------------------------
| rollout/                |              |
|    ep_len_mean          | 131          |
|    ep_rew_mean          | 17.8         |
| time/                   |              |
|    fps                  | 150          |
|    iterations           | 137          |
|    time_elapsed         | 1861         |
|    total_timesteps      | 280576       |
| train/                  |              |
|    approx_kl            | 0.0076922444 |
|    clip_fraction        | 0.0723       |
|    clip_range           | 0.2          |
|    entropy_loss         | -0.36        |
|    explained_variance   | 0.193        |
|    learning_rate        | 0.0003       |
|    loss                 | 5.58         |
|    n_updates            | 1360         |
|    policy_gradient_loss | -0.00277     |
|    value_loss           | 16.1         |
------------------------------------------
----------------------------------------
| rollout/                |            |
|    ep_len_mean          | 131        |
|    ep_rew_mean          | 18.2       |
| time/                   |            |
|    fps                  | 150        |
|    iterations           | 138        |
|    time_elapsed         | 1874       |
|    total_timesteps      | 282624     |
| train/                  |            |
|    approx_kl            | 0.00488511 |
|    clip_fraction        | 0.0536     |
|    clip_range           | 0.2        |
|    entropy_loss         | -0.355     |
|    explained_variance   | 0.235      |
|    learning_rate        | 0.0003     |
|    loss                 | 13.9       |
|    n_updates            | 1370       |
|    policy_gradient_loss | -0.00272   |
|    value_loss           | 22.9       |
----------------------------------------
------------------------------------------
| rollout/                |              |
|    ep_len_mean          | 134          |
|    ep_rew_mean          | 19           |
| time/                   |              |
|    fps                  | 150          |
|    iterations           | 139          |
|    time_elapsed         | 1887         |
|    total_timesteps      | 284672       |
| train/                  |              |
|    approx_kl            | 0.0033994284 |
|    clip_fraction        | 0.0575       |
|    clip_range           | 0.2          |
|    entropy_loss         | -0.345       |
|    explained_variance   | 0.196        |
|    learning_rate        | 0.0003       |
|    loss                 | 10.2         |
|    n_updates            | 1380         |
|    policy_gradient_loss | -0.00201     |
|    value_loss           | 23           |
------------------------------------------
------------------------------------------
| rollout/                |              |
|    ep_len_mean          | 129          |
|    ep_rew_mean          | 17.5         |
| time/                   |              |
|    fps                  | 150          |
|    iterations           | 140          |
|    time_elapsed         | 1901         |
|    total_timesteps      | 286720       |
| train/                  |              |
|    approx_kl            | 0.0067542573 |
|    clip_fraction        | 0.0581       |
|    clip_range           | 0.2          |
|    entropy_loss         | -0.351       |
|    explained_variance   | 0.0882       |
|    learning_rate        | 0.0003       |
|    loss                 | 8.58         |
|    n_updates            | 1390         |
|    policy_gradient_loss | -0.00391     |
|    value_loss           | 22.1         |
------------------------------------------
-----------------------------------------
| rollout/                |             |
|    ep_len_mean          | 123         |
|    ep_rew_mean          | 16.3        |
| time/                   |             |
|    fps                  | 150         |
|    iterations           | 141         |
|    time_elapsed         | 1915        |
|    total_timesteps      | 288768      |
| train/                  |             |
|    approx_kl            | 0.005756604 |
|    clip_fraction        | 0.0655      |
|    clip_range           | 0.2         |
|    entropy_loss         | -0.37       |
|    explained_variance   | 0.0321      |
|    learning_rate        | 0.0003      |
|    loss                 | 9.65        |
|    n_updates            | 1400        |
|    policy_gradient_loss | -0.00472    |
|    value_loss           | 22.9        |
-----------------------------------------
------------------------------------------
| rollout/                |              |
|    ep_len_mean          | 122          |
|    ep_rew_mean          | 16.7         |
| time/                   |              |
|    fps                  | 150          |
|    iterations           | 142          |
|    time_elapsed         | 1928         |
|    total_timesteps      | 290816       |
| train/                  |              |
|    approx_kl            | 0.0053914716 |
|    clip_fraction        | 0.08         |
|    clip_range           | 0.2          |
|    entropy_loss         | -0.39        |
|    explained_variance   | 0.0613       |
|    learning_rate        | 0.0003       |
|    loss                 | 9.72         |
|    n_updates            | 1410         |
|    policy_gradient_loss | -0.00242     |
|    value_loss           | 22.9         |
------------------------------------------
-----------------------------------------
| rollout/                |             |
|    ep_len_mean          | 126         |
|    ep_rew_mean          | 17.9        |
| time/                   |             |
|    fps                  | 150         |
|    iterations           | 143         |
|    time_elapsed         | 1940        |
|    total_timesteps      | 292864      |
| train/                  |             |
|    approx_kl            | 0.004670629 |
|    clip_fraction        | 0.0743      |
|    clip_range           | 0.2         |
|    entropy_loss         | -0.369      |
|    explained_variance   | 0.22        |
|    learning_rate        | 0.0003      |
|    loss                 | 8.76        |
|    n_updates            | 1420        |
|    policy_gradient_loss | -0.00343    |
|    value_loss           | 17.7        |
-----------------------------------------
-----------------------------------------
| rollout/                |             |
|    ep_len_mean          | 118         |
|    ep_rew_mean          | 15.9        |
| time/                   |             |
|    fps                  | 150         |
|    iterations           | 144         |
|    time_elapsed         | 1955        |
|    total_timesteps      | 294912      |
| train/                  |             |
|    approx_kl            | 0.006145198 |
|    clip_fraction        | 0.0573      |
|    clip_range           | 0.2         |
|    entropy_loss         | -0.368      |
|    explained_variance   | 0.233       |
|    learning_rate        | 0.0003      |
|    loss                 | 9.79        |
|    n_updates            | 1430        |
|    policy_gradient_loss | -0.00156    |
|    value_loss           | 18.9        |
-----------------------------------------
-----------------------------------------
| rollout/                |             |
|    ep_len_mean          | 126         |
|    ep_rew_mean          | 17.5        |
| time/                   |             |
|    fps                  | 150         |
|    iterations           | 145         |
|    time_elapsed         | 1967        |
|    total_timesteps      | 296960      |
| train/                  |             |
|    approx_kl            | 0.005188626 |
|    clip_fraction        | 0.0562      |
|    clip_range           | 0.2         |
|    entropy_loss         | -0.373      |
|    explained_variance   | 0.117       |
|    learning_rate        | 0.0003      |
|    loss                 | 15.4        |
|    n_updates            | 1440        |
|    policy_gradient_loss | -0.00083    |
|    value_loss           | 25.7        |
-----------------------------------------
-----------------------------------------
| rollout/                |             |
|    ep_len_mean          | 125         |
|    ep_rew_mean          | 17.7        |
| time/                   |             |
|    fps                  | 150         |
|    iterations           | 146         |
|    time_elapsed         | 1981        |
|    total_timesteps      | 299008      |
| train/                  |             |
|    approx_kl            | 0.006966577 |
|    clip_fraction        | 0.0749      |
|    clip_range           | 0.2         |
|    entropy_loss         | -0.387      |
|    explained_variance   | 0.263       |
|    learning_rate        | 0.0003      |
|    loss                 | 12.1        |
|    n_updates            | 1450        |
|    policy_gradient_loss | -0.00199    |
|    value_loss           | 15.9        |
-----------------------------------------
-----------------------------------------
| rollout/                |             |
|    ep_len_mean          | 126         |
|    ep_rew_mean          | 18.5        |
| time/                   |             |
|    fps                  | 150         |
|    iterations           | 147         |
|    time_elapsed         | 1994        |
|    total_timesteps      | 301056      |
| train/                  |             |
|    approx_kl            | 0.004448583 |
|    clip_fraction        | 0.0559      |
|    clip_range           | 0.2         |
|    entropy_loss         | -0.369      |
|    explained_variance   | 0.319       |
|    learning_rate        | 0.0003      |
|    loss                 | 14.3        |
|    n_updates            | 1460        |
|    policy_gradient_loss | -0.00377    |
|    value_loss           | 23.6        |
-----------------------------------------
-----------------------------------------
| rollout/                |             |
|    ep_len_mean          | 131         |
|    ep_rew_mean          | 19.8        |
| time/                   |             |
|    fps                  | 150         |
|    iterations           | 148         |
|    time_elapsed         | 2007        |
|    total_timesteps      | 303104      |
| train/                  |             |
|    approx_kl            | 0.008863527 |
|    clip_fraction        | 0.0643      |
|    clip_range           | 0.2         |
|    entropy_loss         | -0.37       |
|    explained_variance   | 0.19        |
|    learning_rate        | 0.0003      |
|    loss                 | 10.9        |
|    n_updates            | 1470        |
|    policy_gradient_loss | -0.00467    |
|    value_loss           | 21.8        |
-----------------------------------------
-----------------------------------------
| rollout/                |             |
|    ep_len_mean          | 125         |
|    ep_rew_mean          | 17.9        |
| time/                   |             |
|    fps                  | 151         |
|    iterations           | 149         |
|    time_elapsed         | 2020        |
|    total_timesteps      | 305152      |
| train/                  |             |
|    approx_kl            | 0.005545673 |
|    clip_fraction        | 0.0487      |
|    clip_range           | 0.2         |
|    entropy_loss         | -0.378      |
|    explained_variance   | 0.311       |
|    learning_rate        | 0.0003      |
|    loss                 | 11.5        |
|    n_updates            | 1480        |
|    policy_gradient_loss | -0.00229    |
|    value_loss           | 23.2        |
-----------------------------------------
------------------------------------------
| rollout/                |              |
|    ep_len_mean          | 134          |
|    ep_rew_mean          | 20.4         |
| time/                   |              |
|    fps                  | 151          |
|    iterations           | 150          |
|    time_elapsed         | 2033         |
|    total_timesteps      | 307200       |
| train/                  |              |
|    approx_kl            | 0.0043115336 |
|    clip_fraction        | 0.0644       |
|    clip_range           | 0.2          |
|    entropy_loss         | -0.342       |
|    explained_variance   | 0.2          |
|    learning_rate        | 0.0003       |
|    loss                 | 11.4         |
|    n_updates            | 1490         |
|    policy_gradient_loss | -0.00177     |
|    value_loss           | 25.8         |
------------------------------------------
------------------------------------------
| rollout/                |              |
|    ep_len_mean          | 130          |
|    ep_rew_mean          | 19.7         |
| time/                   |              |
|    fps                  | 151          |
|    iterations           | 151          |
|    time_elapsed         | 2047         |
|    total_timesteps      | 309248       |
| train/                  |              |
|    approx_kl            | 0.0069747427 |
|    clip_fraction        | 0.0666       |
|    clip_range           | 0.2          |
|    entropy_loss         | -0.366       |
|    explained_variance   | 0.211        |
|    learning_rate        | 0.0003       |
|    loss                 | 8.46         |
|    n_updates            | 1500         |
|    policy_gradient_loss | -0.00419     |
|    value_loss           | 23.7         |
------------------------------------------
-----------------------------------------
| rollout/                |             |
|    ep_len_mean          | 126         |
|    ep_rew_mean          | 18.5        |
| time/                   |             |
|    fps                  | 151         |
|    iterations           | 152         |
|    time_elapsed         | 2060        |
|    total_timesteps      | 311296      |
| train/                  |             |
|    approx_kl            | 0.008192999 |
|    clip_fraction        | 0.0718      |
|    clip_range           | 0.2         |
|    entropy_loss         | -0.36       |
|    explained_variance   | 0.261       |
|    learning_rate        | 0.0003      |
|    loss                 | 11.3        |
|    n_updates            | 1510        |
|    policy_gradient_loss | -0.00495    |
|    value_loss           | 24.6        |
-----------------------------------------
-----------------------------------------
| rollout/                |             |
|    ep_len_mean          | 129         |
|    ep_rew_mean          | 18.9        |
| time/                   |             |
|    fps                  | 151         |
|    iterations           | 153         |
|    time_elapsed         | 2073        |
|    total_timesteps      | 313344      |
| train/                  |             |
|    approx_kl            | 0.007234403 |
|    clip_fraction        | 0.0933      |
|    clip_range           | 0.2         |
|    entropy_loss         | -0.36       |
|    explained_variance   | 0.058       |
|    learning_rate        | 0.0003      |
|    loss                 | 13.2        |
|    n_updates            | 1520        |
|    policy_gradient_loss | -0.00334    |
|    value_loss           | 22.5        |
-----------------------------------------
------------------------------------------
| rollout/                |              |
|    ep_len_mean          | 128          |
|    ep_rew_mean          | 18.5         |
| time/                   |              |
|    fps                  | 151          |
|    iterations           | 154          |
|    time_elapsed         | 2086         |
|    total_timesteps      | 315392       |
| train/                  |              |
|    approx_kl            | 0.0047341823 |
|    clip_fraction        | 0.0523       |
|    clip_range           | 0.2          |
|    entropy_loss         | -0.343       |
|    explained_variance   | 0.244        |
|    learning_rate        | 0.0003       |
|    loss                 | 7.42         |
|    n_updates            | 1530         |
|    policy_gradient_loss | -0.00383     |
|    value_loss           | 19.5         |
------------------------------------------
------------------------------------------
| rollout/                |              |
|    ep_len_mean          | 131          |
|    ep_rew_mean          | 19.2         |
| time/                   |              |
|    fps                  | 151          |
|    iterations           | 155          |
|    time_elapsed         | 2099         |
|    total_timesteps      | 317440       |
| train/                  |              |
|    approx_kl            | 0.0061507476 |
|    clip_fraction        | 0.0774       |
|    clip_range           | 0.2          |
|    entropy_loss         | -0.358       |
|    explained_variance   | 0.137        |
|    learning_rate        | 0.0003       |
|    loss                 | 17.8         |
|    n_updates            | 1540         |
|    policy_gradient_loss | -0.00357     |
|    value_loss           | 23.1         |
------------------------------------------
------------------------------------------
| rollout/                |              |
|    ep_len_mean          | 138          |
|    ep_rew_mean          | 21.3         |
| time/                   |              |
|    fps                  | 151          |
|    iterations           | 156          |
|    time_elapsed         | 2112         |
|    total_timesteps      | 319488       |
| train/                  |              |
|    approx_kl            | 0.0053546308 |
|    clip_fraction        | 0.0594       |
|    clip_range           | 0.2          |
|    entropy_loss         | -0.338       |
|    explained_variance   | 0.301        |
|    learning_rate        | 0.0003       |
|    loss                 | 8.5          |
|    n_updates            | 1550         |
|    policy_gradient_loss | -0.00383     |
|    value_loss           | 16.2         |
------------------------------------------
------------------------------------------
| rollout/                |              |
|    ep_len_mean          | 140          |
|    ep_rew_mean          | 21.6         |
| time/                   |              |
|    fps                  | 151          |
|    iterations           | 157          |
|    time_elapsed         | 2124         |
|    total_timesteps      | 321536       |
| train/                  |              |
|    approx_kl            | 0.0054784557 |
|    clip_fraction        | 0.0837       |
|    clip_range           | 0.2          |
|    entropy_loss         | -0.358       |
|    explained_variance   | 0.296        |
|    learning_rate        | 0.0003       |
|    loss                 | 10.8         |
|    n_updates            | 1560         |
|    policy_gradient_loss | -0.00172     |
|    value_loss           | 20.3         |
------------------------------------------
-----------------------------------------
| rollout/                |             |
|    ep_len_mean          | 138         |
|    ep_rew_mean          | 21.8        |
| time/                   |             |
|    fps                  | 151         |
|    iterations           | 158         |
|    time_elapsed         | 2138        |
|    total_timesteps      | 323584      |
| train/                  |             |
|    approx_kl            | 0.007906534 |
|    clip_fraction        | 0.064       |
|    clip_range           | 0.2         |
|    entropy_loss         | -0.332      |
|    explained_variance   | 0.225       |
|    learning_rate        | 0.0003      |
|    loss                 | 11.1        |
|    n_updates            | 1570        |
|    policy_gradient_loss | -0.00353    |
|    value_loss           | 20.7        |
-----------------------------------------
-----------------------------------------
| rollout/                |             |
|    ep_len_mean          | 140         |
|    ep_rew_mean          | 22.5        |
| time/                   |             |
|    fps                  | 151         |
|    iterations           | 159         |
|    time_elapsed         | 2150        |
|    total_timesteps      | 325632      |
| train/                  |             |
|    approx_kl            | 0.006033203 |
|    clip_fraction        | 0.0754      |
|    clip_range           | 0.2         |
|    entropy_loss         | -0.364      |
|    explained_variance   | 0.266       |
|    learning_rate        | 0.0003      |
|    loss                 | 12.4        |
|    n_updates            | 1580        |
|    policy_gradient_loss | -0.00129    |
|    value_loss           | 25.5        |
-----------------------------------------
-----------------------------------------
| rollout/                |             |
|    ep_len_mean          | 138         |
|    ep_rew_mean          | 22.3        |
| time/                   |             |
|    fps                  | 151         |
|    iterations           | 160         |
|    time_elapsed         | 2164        |
|    total_timesteps      | 327680      |
| train/                  |             |
|    approx_kl            | 0.005887826 |
|    clip_fraction        | 0.0631      |
|    clip_range           | 0.2         |
|    entropy_loss         | -0.351      |
|    explained_variance   | 0.252       |
|    learning_rate        | 0.0003      |
|    loss                 | 14.9        |
|    n_updates            | 1590        |
|    policy_gradient_loss | -0.000814   |
|    value_loss           | 21.9        |
-----------------------------------------
------------------------------------------
| rollout/                |              |
|    ep_len_mean          | 131          |
|    ep_rew_mean          | 20.8         |
| time/                   |              |
|    fps                  | 151          |
|    iterations           | 161          |
|    time_elapsed         | 2177         |
|    total_timesteps      | 329728       |
| train/                  |              |
|    approx_kl            | 0.0050752955 |
|    clip_fraction        | 0.0703       |
|    clip_range           | 0.2          |
|    entropy_loss         | -0.352       |
|    explained_variance   | 0.293        |
|    learning_rate        | 0.0003       |
|    loss                 | 9.36         |
|    n_updates            | 1600         |
|    policy_gradient_loss | -0.00347     |
|    value_loss           | 23.8         |
------------------------------------------
-----------------------------------------
| rollout/                |             |
|    ep_len_mean          | 130         |
|    ep_rew_mean          | 21.3        |
| time/                   |             |
|    fps                  | 151         |
|    iterations           | 162         |
|    time_elapsed         | 2190        |
|    total_timesteps      | 331776      |
| train/                  |             |
|    approx_kl            | 0.008356342 |
|    clip_fraction        | 0.0738      |
|    clip_range           | 0.2         |
|    entropy_loss         | -0.367      |
|    explained_variance   | 0.203       |
|    learning_rate        | 0.0003      |
|    loss                 | 8.5         |
|    n_updates            | 1610        |
|    policy_gradient_loss | -0.00285    |
|    value_loss           | 21.9        |
-----------------------------------------
------------------------------------------
| rollout/                |              |
|    ep_len_mean          | 133          |
|    ep_rew_mean          | 21.8         |
| time/                   |              |
|    fps                  | 151          |
|    iterations           | 163          |
|    time_elapsed         | 2202         |
|    total_timesteps      | 333824       |
| train/                  |              |
|    approx_kl            | 0.0061919666 |
|    clip_fraction        | 0.0669       |
|    clip_range           | 0.2          |
|    entropy_loss         | -0.335       |
|    explained_variance   | 0.182        |
|    learning_rate        | 0.0003       |
|    loss                 | 7.95         |
|    n_updates            | 1620         |
|    policy_gradient_loss | -0.00311     |
|    value_loss           | 23.6         |
------------------------------------------
------------------------------------------
| rollout/                |              |
|    ep_len_mean          | 131          |
|    ep_rew_mean          | 21           |
| time/                   |              |
|    fps                  | 151          |
|    iterations           | 164          |
|    time_elapsed         | 2215         |
|    total_timesteps      | 335872       |
| train/                  |              |
|    approx_kl            | 0.0066100555 |
|    clip_fraction        | 0.0687       |
|    clip_range           | 0.2          |
|    entropy_loss         | -0.338       |
|    explained_variance   | 0.264        |
|    learning_rate        | 0.0003       |
|    loss                 | 7.37         |
|    n_updates            | 1630         |
|    policy_gradient_loss | -0.00197     |
|    value_loss           | 21.3         |
------------------------------------------
------------------------------------------
| rollout/                |              |
|    ep_len_mean          | 138          |
|    ep_rew_mean          | 22.5         |
| time/                   |              |
|    fps                  | 151          |
|    iterations           | 165          |
|    time_elapsed         | 2229         |
|    total_timesteps      | 337920       |
| train/                  |              |
|    approx_kl            | 0.0075633395 |
|    clip_fraction        | 0.0607       |
|    clip_range           | 0.2          |
|    entropy_loss         | -0.346       |
|    explained_variance   | 0.175        |
|    learning_rate        | 0.0003       |
|    loss                 | 9.8          |
|    n_updates            | 1640         |
|    policy_gradient_loss | -0.0024      |
|    value_loss           | 23.9         |
------------------------------------------
-----------------------------------------
| rollout/                |             |
|    ep_len_mean          | 137         |
|    ep_rew_mean          | 22.3        |
| time/                   |             |
|    fps                  | 151         |
|    iterations           | 166         |
|    time_elapsed         | 2242        |
|    total_timesteps      | 339968      |
| train/                  |             |
|    approx_kl            | 0.008224526 |
|    clip_fraction        | 0.0681      |
|    clip_range           | 0.2         |
|    entropy_loss         | -0.322      |
|    explained_variance   | 0.00242     |
|    learning_rate        | 0.0003      |
|    loss                 | 12          |
|    n_updates            | 1650        |
|    policy_gradient_loss | -0.000309   |
|    value_loss           | 20.8        |
-----------------------------------------
-----------------------------------------
| rollout/                |             |
|    ep_len_mean          | 142         |
|    ep_rew_mean          | 23.3        |
| time/                   |             |
|    fps                  | 151         |
|    iterations           | 167         |
|    time_elapsed         | 2255        |
|    total_timesteps      | 342016      |
| train/                  |             |
|    approx_kl            | 0.007435147 |
|    clip_fraction        | 0.0787      |
|    clip_range           | 0.2         |
|    entropy_loss         | -0.331      |
|    explained_variance   | 0.0508      |
|    learning_rate        | 0.0003      |
|    loss                 | 13.5        |
|    n_updates            | 1660        |
|    policy_gradient_loss | -0.00246    |
|    value_loss           | 22.2        |
-----------------------------------------
------------------------------------------
| rollout/                |              |
|    ep_len_mean          | 147          |
|    ep_rew_mean          | 24.8         |
| time/                   |              |
|    fps                  | 151          |
|    iterations           | 168          |
|    time_elapsed         | 2267         |
|    total_timesteps      | 344064       |
| train/                  |              |
|    approx_kl            | 0.0049110753 |
|    clip_fraction        | 0.0492       |
|    clip_range           | 0.2          |
|    entropy_loss         | -0.335       |
|    explained_variance   | 0.266        |
|    learning_rate        | 0.0003       |
|    loss                 | 7.65         |
|    n_updates            | 1670         |
|    policy_gradient_loss | -0.00103     |
|    value_loss           | 19.7         |
------------------------------------------
-----------------------------------------
| rollout/                |             |
|    ep_len_mean          | 143         |
|    ep_rew_mean          | 23.9        |
| time/                   |             |
|    fps                  | 151         |
|    iterations           | 169         |
|    time_elapsed         | 2280        |
|    total_timesteps      | 346112      |
| train/                  |             |
|    approx_kl            | 0.008743105 |
|    clip_fraction        | 0.0802      |
|    clip_range           | 0.2         |
|    entropy_loss         | -0.342      |
|    explained_variance   | 0.127       |
|    learning_rate        | 0.0003      |
|    loss                 | 10.9        |
|    n_updates            | 1680        |
|    policy_gradient_loss | -0.00302    |
|    value_loss           | 23.7        |
-----------------------------------------
-----------------------------------------
| rollout/                |             |
|    ep_len_mean          | 138         |
|    ep_rew_mean          | 23.3        |
| time/                   |             |
|    fps                  | 151         |
|    iterations           | 170         |
|    time_elapsed         | 2293        |
|    total_timesteps      | 348160      |
| train/                  |             |
|    approx_kl            | 0.004183912 |
|    clip_fraction        | 0.0552      |
|    clip_range           | 0.2         |
|    entropy_loss         | -0.338      |
|    explained_variance   | 0.264       |
|    learning_rate        | 0.0003      |
|    loss                 | 13.1        |
|    n_updates            | 1690        |
|    policy_gradient_loss | 0.000461    |
|    value_loss           | 25.4        |
-----------------------------------------
-----------------------------------------
| rollout/                |             |
|    ep_len_mean          | 137         |
|    ep_rew_mean          | 23.9        |
| time/                   |             |
|    fps                  | 151         |
|    iterations           | 171         |
|    time_elapsed         | 2306        |
|    total_timesteps      | 350208      |
| train/                  |             |
|    approx_kl            | 0.005454182 |
|    clip_fraction        | 0.074       |
|    clip_range           | 0.2         |
|    entropy_loss         | -0.351      |
|    explained_variance   | 0.0972      |
|    learning_rate        | 0.0003      |
|    loss                 | 20.6        |
|    n_updates            | 1700        |
|    policy_gradient_loss | -0.0033     |
|    value_loss           | 30.4        |
-----------------------------------------
------------------------------------------
| rollout/                |              |
|    ep_len_mean          | 132          |
|    ep_rew_mean          | 23           |
| time/                   |              |
|    fps                  | 151          |
|    iterations           | 172          |
|    time_elapsed         | 2319         |
|    total_timesteps      | 352256       |
| train/                  |              |
|    approx_kl            | 0.0049903453 |
|    clip_fraction        | 0.0627       |
|    clip_range           | 0.2          |
|    entropy_loss         | -0.306       |
|    explained_variance   | 0.331        |
|    learning_rate        | 0.0003       |
|    loss                 | 3.69         |
|    n_updates            | 1710         |
|    policy_gradient_loss | -0.0014      |
|    value_loss           | 21.7         |
------------------------------------------
----------------------------------------
| rollout/                |            |
|    ep_len_mean          | 133        |
|    ep_rew_mean          | 23.4       |
| time/                   |            |
|    fps                  | 151        |
|    iterations           | 173        |
|    time_elapsed         | 2333       |
|    total_timesteps      | 354304     |
| train/                  |            |
|    approx_kl            | 0.01226719 |
|    clip_fraction        | 0.0855     |
|    clip_range           | 0.2        |
|    entropy_loss         | -0.365     |
|    explained_variance   | 0.191      |
|    learning_rate        | 0.0003     |
|    loss                 | 14.5       |
|    n_updates            | 1720       |
|    policy_gradient_loss | -0.0034    |
|    value_loss           | 23.7       |
----------------------------------------
------------------------------------------
| rollout/                |              |
|    ep_len_mean          | 124          |
|    ep_rew_mean          | 20.9         |
| time/                   |              |
|    fps                  | 151          |
|    iterations           | 174          |
|    time_elapsed         | 2347         |
|    total_timesteps      | 356352       |
| train/                  |              |
|    approx_kl            | 0.0063891225 |
|    clip_fraction        | 0.0671       |
|    clip_range           | 0.2          |
|    entropy_loss         | -0.345       |
|    explained_variance   | 0.15         |
|    learning_rate        | 0.0003       |
|    loss                 | 10.2         |
|    n_updates            | 1730         |
|    policy_gradient_loss | -0.00232     |
|    value_loss           | 26.3         |
------------------------------------------
-----------------------------------------
| rollout/                |             |
|    ep_len_mean          | 117         |
|    ep_rew_mean          | 18.6        |
| time/                   |             |
|    fps                  | 151         |
|    iterations           | 175         |
|    time_elapsed         | 2362        |
|    total_timesteps      | 358400      |
| train/                  |             |
|    approx_kl            | 0.006392802 |
|    clip_fraction        | 0.0629      |
|    clip_range           | 0.2         |
|    entropy_loss         | -0.318      |
|    explained_variance   | 0.284       |
|    learning_rate        | 0.0003      |
|    loss                 | 15.3        |
|    n_updates            | 1740        |
|    policy_gradient_loss | -0.00392    |
|    value_loss           | 25.8        |
-----------------------------------------
-----------------------------------------
| rollout/                |             |
|    ep_len_mean          | 108         |
|    ep_rew_mean          | 15.7        |
| time/                   |             |
|    fps                  | 151         |
|    iterations           | 176         |
|    time_elapsed         | 2376        |
|    total_timesteps      | 360448      |
| train/                  |             |
|    approx_kl            | 0.004615902 |
|    clip_fraction        | 0.0625      |
|    clip_range           | 0.2         |
|    entropy_loss         | -0.345      |
|    explained_variance   | 0.179       |
|    learning_rate        | 0.0003      |
|    loss                 | 19.2        |
|    n_updates            | 1750        |
|    policy_gradient_loss | -0.00087    |
|    value_loss           | 29.4        |
-----------------------------------------
-----------------------------------------
| rollout/                |             |
|    ep_len_mean          | 104         |
|    ep_rew_mean          | 13.9        |
| time/                   |             |
|    fps                  | 151         |
|    iterations           | 177         |
|    time_elapsed         | 2390        |
|    total_timesteps      | 362496      |
| train/                  |             |
|    approx_kl            | 0.010524249 |
|    clip_fraction        | 0.0711      |
|    clip_range           | 0.2         |
|    entropy_loss         | -0.333      |
|    explained_variance   | 0.187       |
|    learning_rate        | 0.0003      |
|    loss                 | 9.18        |
|    n_updates            | 1760        |
|    policy_gradient_loss | -0.00218    |
|    value_loss           | 22          |
-----------------------------------------
------------------------------------------
| rollout/                |              |
|    ep_len_mean          | 102          |
|    ep_rew_mean          | 13.5         |
| time/                   |              |
|    fps                  | 151          |
|    iterations           | 178          |
|    time_elapsed         | 2403         |
|    total_timesteps      | 364544       |
| train/                  |              |
|    approx_kl            | 0.0069204974 |
|    clip_fraction        | 0.0724       |
|    clip_range           | 0.2          |
|    entropy_loss         | -0.325       |
|    explained_variance   | 0.205        |
|    learning_rate        | 0.0003       |
|    loss                 | 14.1         |
|    n_updates            | 1770         |
|    policy_gradient_loss | -0.00269     |
|    value_loss           | 23.4         |
------------------------------------------
------------------------------------------
| rollout/                |              |
|    ep_len_mean          | 108          |
|    ep_rew_mean          | 15.2         |
| time/                   |              |
|    fps                  | 151          |
|    iterations           | 179          |
|    time_elapsed         | 2416         |
|    total_timesteps      | 366592       |
| train/                  |              |
|    approx_kl            | 0.0075114197 |
|    clip_fraction        | 0.081        |
|    clip_range           | 0.2          |
|    entropy_loss         | -0.336       |
|    explained_variance   | 0.356        |
|    learning_rate        | 0.0003       |
|    loss                 | 11.6         |
|    n_updates            | 1780         |
|    policy_gradient_loss | -0.00191     |
|    value_loss           | 17.3         |
------------------------------------------
-----------------------------------------
| rollout/                |             |
|    ep_len_mean          | 113         |
|    ep_rew_mean          | 16.5        |
| time/                   |             |
|    fps                  | 151         |
|    iterations           | 180         |
|    time_elapsed         | 2428        |
|    total_timesteps      | 368640      |
| train/                  |             |
|    approx_kl            | 0.008719763 |
|    clip_fraction        | 0.069       |
|    clip_range           | 0.2         |
|    entropy_loss         | -0.302      |
|    explained_variance   | 0.3         |
|    learning_rate        | 0.0003      |
|    loss                 | 8.32        |
|    n_updates            | 1790        |
|    policy_gradient_loss | -0.00275    |
|    value_loss           | 18.6        |
-----------------------------------------
----------------------------------------
| rollout/                |            |
|    ep_len_mean          | 122        |
|    ep_rew_mean          | 18.2       |
| time/                   |            |
|    fps                  | 151        |
|    iterations           | 181        |
|    time_elapsed         | 2440       |
|    total_timesteps      | 370688     |
| train/                  |            |
|    approx_kl            | 0.00742185 |
|    clip_fraction        | 0.0719     |
|    clip_range           | 0.2        |
|    entropy_loss         | -0.318     |
|    explained_variance   | 0.14       |
|    learning_rate        | 0.0003     |
|    loss                 | 5.38       |
|    n_updates            | 1800       |
|    policy_gradient_loss | -0.00423   |
|    value_loss           | 21.7       |
----------------------------------------
---------------------------------------
| rollout/                |           |
|    ep_len_mean          | 135       |
|    ep_rew_mean          | 21.8      |
| time/                   |           |
|    fps                  | 152       |
|    iterations           | 182       |
|    time_elapsed         | 2452      |
|    total_timesteps      | 372736    |
| train/                  |           |
|    approx_kl            | 0.0084865 |
|    clip_fraction        | 0.0688    |
|    clip_range           | 0.2       |
|    entropy_loss         | -0.331    |
|    explained_variance   | 0.127     |
|    learning_rate        | 0.0003    |
|    loss                 | 10.4      |
|    n_updates            | 1810      |
|    policy_gradient_loss | -0.00366  |
|    value_loss           | 21.2      |
---------------------------------------
-----------------------------------------
| rollout/                |             |
|    ep_len_mean          | 146         |
|    ep_rew_mean          | 24.8        |
| time/                   |             |
|    fps                  | 152         |
|    iterations           | 183         |
|    time_elapsed         | 2463        |
|    total_timesteps      | 374784      |
| train/                  |             |
|    approx_kl            | 0.005448186 |
|    clip_fraction        | 0.0765      |
|    clip_range           | 0.2         |
|    entropy_loss         | -0.353      |
|    explained_variance   | 0.0358      |
|    learning_rate        | 0.0003      |
|    loss                 | 5.14        |
|    n_updates            | 1820        |
|    policy_gradient_loss | -0.00195    |
|    value_loss           | 18.4        |
-----------------------------------------
------------------------------------------
| rollout/                |              |
|    ep_len_mean          | 154          |
|    ep_rew_mean          | 26.7         |
| time/                   |              |
|    fps                  | 152          |
|    iterations           | 184          |
|    time_elapsed         | 2474         |
|    total_timesteps      | 376832       |
| train/                  |              |
|    approx_kl            | 0.0047286926 |
|    clip_fraction        | 0.0724       |
|    clip_range           | 0.2          |
|    entropy_loss         | -0.329       |
|    explained_variance   | 0.11         |
|    learning_rate        | 0.0003       |
|    loss                 | 9.47         |
|    n_updates            | 1830         |
|    policy_gradient_loss | -0.000256    |
|    value_loss           | 20.8         |
------------------------------------------
---------------------------------------
| rollout/                |           |
|    ep_len_mean          | 154       |
|    ep_rew_mean          | 27.3      |
| time/                   |           |
|    fps                  | 152       |
|    iterations           | 185       |
|    time_elapsed         | 2488      |
|    total_timesteps      | 378880    |
| train/                  |           |
|    approx_kl            | 0.0113373 |
|    clip_fraction        | 0.0977    |
|    clip_range           | 0.2       |
|    entropy_loss         | -0.34     |
|    explained_variance   | 0.0418    |
|    learning_rate        | 0.0003    |
|    loss                 | 13.2      |
|    n_updates            | 1840      |
|    policy_gradient_loss | -0.00614  |
|    value_loss           | 22.9      |
---------------------------------------
------------------------------------------
| rollout/                |              |
|    ep_len_mean          | 151          |
|    ep_rew_mean          | 26.9         |
| time/                   |              |
|    fps                  | 152          |
|    iterations           | 186          |
|    time_elapsed         | 2501         |
|    total_timesteps      | 380928       |
| train/                  |              |
|    approx_kl            | 0.0053520184 |
|    clip_fraction        | 0.0633       |
|    clip_range           | 0.2          |
|    entropy_loss         | -0.336       |
|    explained_variance   | 0.205        |
|    learning_rate        | 0.0003       |
|    loss                 | 8.68         |
|    n_updates            | 1850         |
|    policy_gradient_loss | -0.00138     |
|    value_loss           | 30.2         |
------------------------------------------
-----------------------------------------
| rollout/                |             |
|    ep_len_mean          | 151         |
|    ep_rew_mean          | 26.4        |
| time/                   |             |
|    fps                  | 152         |
|    iterations           | 187         |
|    time_elapsed         | 2514        |
|    total_timesteps      | 382976      |
| train/                  |             |
|    approx_kl            | 0.006804104 |
|    clip_fraction        | 0.0759      |
|    clip_range           | 0.2         |
|    entropy_loss         | -0.341      |
|    explained_variance   | 0.236       |
|    learning_rate        | 0.0003      |
|    loss                 | 15          |
|    n_updates            | 1860        |
|    policy_gradient_loss | 0.00104     |
|    value_loss           | 27.1        |
-----------------------------------------
------------------------------------------
| rollout/                |              |
|    ep_len_mean          | 155          |
|    ep_rew_mean          | 28.2         |
| time/                   |              |
|    fps                  | 152          |
|    iterations           | 188          |
|    time_elapsed         | 2526         |
|    total_timesteps      | 385024       |
| train/                  |              |
|    approx_kl            | 0.0078619765 |
|    clip_fraction        | 0.074        |
|    clip_range           | 0.2          |
|    entropy_loss         | -0.326       |
|    explained_variance   | 0.116        |
|    learning_rate        | 0.0003       |
|    loss                 | 7.81         |
|    n_updates            | 1870         |
|    policy_gradient_loss | -0.00372     |
|    value_loss           | 23.6         |
------------------------------------------
------------------------------------------
| rollout/                |              |
|    ep_len_mean          | 158          |
|    ep_rew_mean          | 29.4         |
| time/                   |              |
|    fps                  | 152          |
|    iterations           | 189          |
|    time_elapsed         | 2538         |
|    total_timesteps      | 387072       |
| train/                  |              |
|    approx_kl            | 0.0076627415 |
|    clip_fraction        | 0.085        |
|    clip_range           | 0.2          |
|    entropy_loss         | -0.337       |
|    explained_variance   | 0.16         |
|    learning_rate        | 0.0003       |
|    loss                 | 7.71         |
|    n_updates            | 1880         |
|    policy_gradient_loss | -0.00243     |
|    value_loss           | 21.6         |
------------------------------------------
------------------------------------------
| rollout/                |              |
|    ep_len_mean          | 159          |
|    ep_rew_mean          | 29.6         |
| time/                   |              |
|    fps                  | 152          |
|    iterations           | 190          |
|    time_elapsed         | 2550         |
|    total_timesteps      | 389120       |
| train/                  |              |
|    approx_kl            | 0.0059422017 |
|    clip_fraction        | 0.0669       |
|    clip_range           | 0.2          |
|    entropy_loss         | -0.323       |
|    explained_variance   | 0.195        |
|    learning_rate        | 0.0003       |
|    loss                 | 7.61         |
|    n_updates            | 1890         |
|    policy_gradient_loss | -0.000666    |
|    value_loss           | 18.8         |
------------------------------------------
-----------------------------------------
| rollout/                |             |
|    ep_len_mean          | 154         |
|    ep_rew_mean          | 29          |
| time/                   |             |
|    fps                  | 152         |
|    iterations           | 191         |
|    time_elapsed         | 2562        |
|    total_timesteps      | 391168      |
| train/                  |             |
|    approx_kl            | 0.008022653 |
|    clip_fraction        | 0.0722      |
|    clip_range           | 0.2         |
|    entropy_loss         | -0.331      |
|    explained_variance   | 0.118       |
|    learning_rate        | 0.0003      |
|    loss                 | 8.33        |
|    n_updates            | 1900        |
|    policy_gradient_loss | -0.00051    |
|    value_loss           | 19.6        |
-----------------------------------------
-----------------------------------------
| rollout/                |             |
|    ep_len_mean          | 161         |
|    ep_rew_mean          | 30.6        |
| time/                   |             |
|    fps                  | 152         |
|    iterations           | 192         |
|    time_elapsed         | 2574        |
|    total_timesteps      | 393216      |
| train/                  |             |
|    approx_kl            | 0.007893756 |
|    clip_fraction        | 0.0657      |
|    clip_range           | 0.2         |
|    entropy_loss         | -0.315      |
|    explained_variance   | 0.067       |
|    learning_rate        | 0.0003      |
|    loss                 | 8.89        |
|    n_updates            | 1910        |
|    policy_gradient_loss | -0.000848   |
|    value_loss           | 25.1        |
-----------------------------------------
-----------------------------------------
| rollout/                |             |
|    ep_len_mean          | 160         |
|    ep_rew_mean          | 30.1        |
| time/                   |             |
|    fps                  | 152         |
|    iterations           | 193         |
|    time_elapsed         | 2587        |
|    total_timesteps      | 395264      |
| train/                  |             |
|    approx_kl            | 0.004823179 |
|    clip_fraction        | 0.0477      |
|    clip_range           | 0.2         |
|    entropy_loss         | -0.302      |
|    explained_variance   | 0.0777      |
|    learning_rate        | 0.0003      |
|    loss                 | 7.45        |
|    n_updates            | 1920        |
|    policy_gradient_loss | -0.00139    |
|    value_loss           | 19.6        |
-----------------------------------------
------------------------------------------
| rollout/                |              |
|    ep_len_mean          | 168          |
|    ep_rew_mean          | 32.1         |
| time/                   |              |
|    fps                  | 152          |
|    iterations           | 194          |
|    time_elapsed         | 2599         |
|    total_timesteps      | 397312       |
| train/                  |              |
|    approx_kl            | 0.0076635983 |
|    clip_fraction        | 0.0781       |
|    clip_range           | 0.2          |
|    entropy_loss         | -0.331       |
|    explained_variance   | 0.195        |
|    learning_rate        | 0.0003       |
|    loss                 | 11.5         |
|    n_updates            | 1930         |
|    policy_gradient_loss | -0.00554     |
|    value_loss           | 27.6         |
------------------------------------------
-----------------------------------------
| rollout/                |             |
|    ep_len_mean          | 166         |
|    ep_rew_mean          | 31.6        |
| time/                   |             |
|    fps                  | 152         |
|    iterations           | 195         |
|    time_elapsed         | 2612        |
|    total_timesteps      | 399360      |
| train/                  |             |
|    approx_kl            | 0.008480521 |
|    clip_fraction        | 0.0796      |
|    clip_range           | 0.2         |
|    entropy_loss         | -0.333      |
|    explained_variance   | 0.12        |
|    learning_rate        | 0.0003      |
|    loss                 | 12.5        |
|    n_updates            | 1940        |
|    policy_gradient_loss | -0.00496    |
|    value_loss           | 25.7        |
-----------------------------------------
----------------------------------------
| rollout/                |            |
|    ep_len_mean          | 168        |
|    ep_rew_mean          | 31.9       |
| time/                   |            |
|    fps                  | 152        |
|    iterations           | 196        |
|    time_elapsed         | 2624       |
|    total_timesteps      | 401408     |
| train/                  |            |
|    approx_kl            | 0.00649775 |
|    clip_fraction        | 0.0676     |
|    clip_range           | 0.2        |
|    entropy_loss         | -0.324     |
|    explained_variance   | 0.143      |
|    learning_rate        | 0.0003     |
|    loss                 | 13         |
|    n_updates            | 1950       |
|    policy_gradient_loss | -0.000976  |
|    value_loss           | 27.6       |
----------------------------------------
-----------------------------------------
| rollout/                |             |
|    ep_len_mean          | 163         |
|    ep_rew_mean          | 30.6        |
| time/                   |             |
|    fps                  | 152         |
|    iterations           | 197         |
|    time_elapsed         | 2637        |
|    total_timesteps      | 403456      |
| train/                  |             |
|    approx_kl            | 0.009200572 |
|    clip_fraction        | 0.0718      |
|    clip_range           | 0.2         |
|    entropy_loss         | -0.317      |
|    explained_variance   | 0.191       |
|    learning_rate        | 0.0003      |
|    loss                 | 10.2        |
|    n_updates            | 1960        |
|    policy_gradient_loss | -0.00308    |
|    value_loss           | 27.6        |
-----------------------------------------
-----------------------------------------
| rollout/                |             |
|    ep_len_mean          | 154         |
|    ep_rew_mean          | 28.1        |
| time/                   |             |
|    fps                  | 153         |
|    iterations           | 198         |
|    time_elapsed         | 2649        |
|    total_timesteps      | 405504      |
| train/                  |             |
|    approx_kl            | 0.004107301 |
|    clip_fraction        | 0.0616      |
|    clip_range           | 0.2         |
|    entropy_loss         | -0.3        |
|    explained_variance   | 0.128       |
|    learning_rate        | 0.0003      |
|    loss                 | 12.4        |
|    n_updates            | 1970        |
|    policy_gradient_loss | -0.000442   |
|    value_loss           | 28.4        |
-----------------------------------------
-----------------------------------------
| rollout/                |             |
|    ep_len_mean          | 163         |
|    ep_rew_mean          | 30.6        |
| time/                   |             |
|    fps                  | 153         |
|    iterations           | 199         |
|    time_elapsed         | 2661        |
|    total_timesteps      | 407552      |
| train/                  |             |
|    approx_kl            | 0.008778503 |
|    clip_fraction        | 0.0635      |
|    clip_range           | 0.2         |
|    entropy_loss         | -0.291      |
|    explained_variance   | 0.181       |
|    learning_rate        | 0.0003      |
|    loss                 | 14.1        |
|    n_updates            | 1980        |
|    policy_gradient_loss | -0.00367    |
|    value_loss           | 24.4        |
-----------------------------------------
------------------------------------------
| rollout/                |              |
|    ep_len_mean          | 158          |
|    ep_rew_mean          | 29.4         |
| time/                   |              |
|    fps                  | 153          |
|    iterations           | 200          |
|    time_elapsed         | 2672         |
|    total_timesteps      | 409600       |
| train/                  |              |
|    approx_kl            | 0.0064376076 |
|    clip_fraction        | 0.0658       |
|    clip_range           | 0.2          |
|    entropy_loss         | -0.303       |
|    explained_variance   | 0.0795       |
|    learning_rate        | 0.0003       |
|    loss                 | 5.87         |
|    n_updates            | 1990         |
|    policy_gradient_loss | -0.00406     |
|    value_loss           | 23.2         |
------------------------------------------
----------------------------------------
| rollout/                |            |
|    ep_len_mean          | 166        |
|    ep_rew_mean          | 32         |
| time/                   |            |
|    fps                  | 153        |
|    iterations           | 201        |
|    time_elapsed         | 2684       |
|    total_timesteps      | 411648     |
| train/                  |            |
|    approx_kl            | 0.00593221 |
|    clip_fraction        | 0.0864     |
|    clip_range           | 0.2        |
|    entropy_loss         | -0.314     |
|    explained_variance   | 0.146      |
|    learning_rate        | 0.0003     |
|    loss                 | 11.1       |
|    n_updates            | 2000       |
|    policy_gradient_loss | -0.00202   |
|    value_loss           | 24.7       |
----------------------------------------
-----------------------------------------
| rollout/                |             |
|    ep_len_mean          | 166         |
|    ep_rew_mean          | 32.5        |
| time/                   |             |
|    fps                  | 153         |
|    iterations           | 202         |
|    time_elapsed         | 2697        |
|    total_timesteps      | 413696      |
| train/                  |             |
|    approx_kl            | 0.007668351 |
|    clip_fraction        | 0.061       |
|    clip_range           | 0.2         |
|    entropy_loss         | -0.307      |
|    explained_variance   | 0.16        |
|    learning_rate        | 0.0003      |
|    loss                 | 7.62        |
|    n_updates            | 2010        |
|    policy_gradient_loss | 0.000786    |
|    value_loss           | 21.5        |
-----------------------------------------
------------------------------------------
| rollout/                |              |
|    ep_len_mean          | 167          |
|    ep_rew_mean          | 33           |
| time/                   |              |
|    fps                  | 153          |
|    iterations           | 203          |
|    time_elapsed         | 2710         |
|    total_timesteps      | 415744       |
| train/                  |              |
|    approx_kl            | 0.0071776533 |
|    clip_fraction        | 0.0756       |
|    clip_range           | 0.2          |
|    entropy_loss         | -0.31        |
|    explained_variance   | 0.0847       |
|    learning_rate        | 0.0003       |
|    loss                 | 11.6         |
|    n_updates            | 2020         |
|    policy_gradient_loss | -0.0021      |
|    value_loss           | 28.9         |
------------------------------------------
-----------------------------------------
| rollout/                |             |
|    ep_len_mean          | 171         |
|    ep_rew_mean          | 34.3        |
| time/                   |             |
|    fps                  | 153         |
|    iterations           | 204         |
|    time_elapsed         | 2721        |
|    total_timesteps      | 417792      |
| train/                  |             |
|    approx_kl            | 0.008197488 |
|    clip_fraction        | 0.0702      |
|    clip_range           | 0.2         |
|    entropy_loss         | -0.312      |
|    explained_variance   | 0.104       |
|    learning_rate        | 0.0003      |
|    loss                 | 22.1        |
|    n_updates            | 2030        |
|    policy_gradient_loss | -0.0025     |
|    value_loss           | 32.7        |
-----------------------------------------
------------------------------------------
| rollout/                |              |
|    ep_len_mean          | 176          |
|    ep_rew_mean          | 36.2         |
| time/                   |              |
|    fps                  | 153          |
|    iterations           | 205          |
|    time_elapsed         | 2733         |
|    total_timesteps      | 419840       |
| train/                  |              |
|    approx_kl            | 0.0036979867 |
|    clip_fraction        | 0.0489       |
|    clip_range           | 0.2          |
|    entropy_loss         | -0.279       |
|    explained_variance   | 0.114        |
|    learning_rate        | 0.0003       |
|    loss                 | 4.42         |
|    n_updates            | 2040         |
|    policy_gradient_loss | 0.000673     |
|    value_loss           | 19.4         |
------------------------------------------
-----------------------------------------
| rollout/                |             |
|    ep_len_mean          | 171         |
|    ep_rew_mean          | 34.5        |
| time/                   |             |
|    fps                  | 153         |
|    iterations           | 206         |
|    time_elapsed         | 2746        |
|    total_timesteps      | 421888      |
| train/                  |             |
|    approx_kl            | 0.006930736 |
|    clip_fraction        | 0.0763      |
|    clip_range           | 0.2         |
|    entropy_loss         | -0.302      |
|    explained_variance   | 0.0943      |
|    learning_rate        | 0.0003      |
|    loss                 | 19.8        |
|    n_updates            | 2050        |
|    policy_gradient_loss | -0.00224    |
|    value_loss           | 26.5        |
-----------------------------------------
----------------------------------------
| rollout/                |            |
|    ep_len_mean          | 172        |
|    ep_rew_mean          | 34.1       |
| time/                   |            |
|    fps                  | 153        |
|    iterations           | 207        |
|    time_elapsed         | 2758       |
|    total_timesteps      | 423936     |
| train/                  |            |
|    approx_kl            | 0.00910633 |
|    clip_fraction        | 0.0715     |
|    clip_range           | 0.2        |
|    entropy_loss         | -0.303     |
|    explained_variance   | 0.123      |
|    learning_rate        | 0.0003     |
|    loss                 | 10         |
|    n_updates            | 2060       |
|    policy_gradient_loss | -0.0031    |
|    value_loss           | 27.7       |
----------------------------------------
------------------------------------------
| rollout/                |              |
|    ep_len_mean          | 172          |
|    ep_rew_mean          | 34.3         |
| time/                   |              |
|    fps                  | 153          |
|    iterations           | 208          |
|    time_elapsed         | 2770         |
|    total_timesteps      | 425984       |
| train/                  |              |
|    approx_kl            | 0.0065538217 |
|    clip_fraction        | 0.0891       |
|    clip_range           | 0.2          |
|    entropy_loss         | -0.339       |
|    explained_variance   | 0.0849       |
|    learning_rate        | 0.0003       |
|    loss                 | 10.4         |
|    n_updates            | 2070         |
|    policy_gradient_loss | -0.00155     |
|    value_loss           | 24.8         |
------------------------------------------
------------------------------------------
| rollout/                |              |
|    ep_len_mean          | 173          |
|    ep_rew_mean          | 34.6         |
| time/                   |              |
|    fps                  | 153          |
|    iterations           | 209          |
|    time_elapsed         | 2781         |
|    total_timesteps      | 428032       |
| train/                  |              |
|    approx_kl            | 0.0067847203 |
|    clip_fraction        | 0.0825       |
|    clip_range           | 0.2          |
|    entropy_loss         | -0.328       |
|    explained_variance   | 0.163        |
|    learning_rate        | 0.0003       |
|    loss                 | 7.96         |
|    n_updates            | 2080         |
|    policy_gradient_loss | 0.00122      |
|    value_loss           | 22.9         |
------------------------------------------
-----------------------------------------
| rollout/                |             |
|    ep_len_mean          | 172         |
|    ep_rew_mean          | 34.2        |
| time/                   |             |
|    fps                  | 153         |
|    iterations           | 210         |
|    time_elapsed         | 2794        |
|    total_timesteps      | 430080      |
| train/                  |             |
|    approx_kl            | 0.009771096 |
|    clip_fraction        | 0.075       |
|    clip_range           | 0.2         |
|    entropy_loss         | -0.305      |
|    explained_variance   | 0.117       |
|    learning_rate        | 0.0003      |
|    loss                 | 15.9        |
|    n_updates            | 2090        |
|    policy_gradient_loss | -0.00165    |
|    value_loss           | 23.6        |
-----------------------------------------
-----------------------------------------
| rollout/                |             |
|    ep_len_mean          | 180         |
|    ep_rew_mean          | 36.7        |
| time/                   |             |
|    fps                  | 153         |
|    iterations           | 211         |
|    time_elapsed         | 2807        |
|    total_timesteps      | 432128      |
| train/                  |             |
|    approx_kl            | 0.008176444 |
|    clip_fraction        | 0.069       |
|    clip_range           | 0.2         |
|    entropy_loss         | -0.299      |
|    explained_variance   | 0.0394      |
|    learning_rate        | 0.0003      |
|    loss                 | 10.6        |
|    n_updates            | 2100        |
|    policy_gradient_loss | -0.000964   |
|    value_loss           | 26.3        |
-----------------------------------------
-----------------------------------------
| rollout/                |             |
|    ep_len_mean          | 193         |
|    ep_rew_mean          | 40.5        |
| time/                   |             |
|    fps                  | 154         |
|    iterations           | 212         |
|    time_elapsed         | 2818        |
|    total_timesteps      | 434176      |
| train/                  |             |
|    approx_kl            | 0.007240965 |
|    clip_fraction        | 0.0674      |
|    clip_range           | 0.2         |
|    entropy_loss         | -0.312      |
|    explained_variance   | -0.00984    |
|    learning_rate        | 0.0003      |
|    loss                 | 11.1        |
|    n_updates            | 2110        |
|    policy_gradient_loss | -0.00302    |
|    value_loss           | 24.1        |
-----------------------------------------
------------------------------------------
| rollout/                |              |
|    ep_len_mean          | 180          |
|    ep_rew_mean          | 37           |
| time/                   |              |
|    fps                  | 153          |
|    iterations           | 213          |
|    time_elapsed         | 2832         |
|    total_timesteps      | 436224       |
| train/                  |              |
|    approx_kl            | 0.0051066517 |
|    clip_fraction        | 0.0655       |
|    clip_range           | 0.2          |
|    entropy_loss         | -0.296       |
|    explained_variance   | -0.00629     |
|    learning_rate        | 0.0003       |
|    loss                 | 4.79         |
|    n_updates            | 2120         |
|    policy_gradient_loss | -0.00195     |
|    value_loss           | 17.7         |
------------------------------------------
------------------------------------------
| rollout/                |              |
|    ep_len_mean          | 180          |
|    ep_rew_mean          | 37.2         |
| time/                   |              |
|    fps                  | 154          |
|    iterations           | 214          |
|    time_elapsed         | 2844         |
|    total_timesteps      | 438272       |
| train/                  |              |
|    approx_kl            | 0.0070873303 |
|    clip_fraction        | 0.0729       |
|    clip_range           | 0.2          |
|    entropy_loss         | -0.298       |
|    explained_variance   | 0.00327      |
|    learning_rate        | 0.0003       |
|    loss                 | 15.1         |
|    n_updates            | 2130         |
|    policy_gradient_loss | -0.0024      |
|    value_loss           | 35.8         |
------------------------------------------
-----------------------------------------
| rollout/                |             |
|    ep_len_mean          | 185         |
|    ep_rew_mean          | 39.1        |
| time/                   |             |
|    fps                  | 154         |
|    iterations           | 215         |
|    time_elapsed         | 2858        |
|    total_timesteps      | 440320      |
| train/                  |             |
|    approx_kl            | 0.009474884 |
|    clip_fraction        | 0.0819      |
|    clip_range           | 0.2         |
|    entropy_loss         | -0.286      |
|    explained_variance   | 0.0659      |
|    learning_rate        | 0.0003      |
|    loss                 | 7.31        |
|    n_updates            | 2140        |
|    policy_gradient_loss | 0.000312    |
|    value_loss           | 20.6        |
-----------------------------------------
------------------------------------------
| rollout/                |              |
|    ep_len_mean          | 185          |
|    ep_rew_mean          | 39.7         |
| time/                   |              |
|    fps                  | 154          |
|    iterations           | 216          |
|    time_elapsed         | 2871         |
|    total_timesteps      | 442368       |
| train/                  |              |
|    approx_kl            | 0.0066389395 |
|    clip_fraction        | 0.0727       |
|    clip_range           | 0.2          |
|    entropy_loss         | -0.286       |
|    explained_variance   | 0.0681       |
|    learning_rate        | 0.0003       |
|    loss                 | 15.2         |
|    n_updates            | 2150         |
|    policy_gradient_loss | -0.00381     |
|    value_loss           | 34.2         |
------------------------------------------
------------------------------------------
| rollout/                |              |
|    ep_len_mean          | 193          |
|    ep_rew_mean          | 41.4         |
| time/                   |              |
|    fps                  | 154          |
|    iterations           | 217          |
|    time_elapsed         | 2882         |
|    total_timesteps      | 444416       |
| train/                  |              |
|    approx_kl            | 0.0047450075 |
|    clip_fraction        | 0.0529       |
|    clip_range           | 0.2          |
|    entropy_loss         | -0.288       |
|    explained_variance   | 0.0853       |
|    learning_rate        | 0.0003       |
|    loss                 | 13.7         |
|    n_updates            | 2160         |
|    policy_gradient_loss | -0.000769    |
|    value_loss           | 26.9         |
------------------------------------------
-----------------------------------------
| rollout/                |             |
|    ep_len_mean          | 183         |
|    ep_rew_mean          | 39          |
| time/                   |             |
|    fps                  | 154         |
|    iterations           | 218         |
|    time_elapsed         | 2896        |
|    total_timesteps      | 446464      |
| train/                  |             |
|    approx_kl            | 0.007114644 |
|    clip_fraction        | 0.0742      |
|    clip_range           | 0.2         |
|    entropy_loss         | -0.293      |
|    explained_variance   | 0.193       |
|    learning_rate        | 0.0003      |
|    loss                 | 6.08        |
|    n_updates            | 2170        |
|    policy_gradient_loss | -0.00241    |
|    value_loss           | 18.6        |
-----------------------------------------
------------------------------------------
| rollout/                |              |
|    ep_len_mean          | 179          |
|    ep_rew_mean          | 37.6         |
| time/                   |              |
|    fps                  | 154          |
|    iterations           | 219          |
|    time_elapsed         | 2910         |
|    total_timesteps      | 448512       |
| train/                  |              |
|    approx_kl            | 0.0045343945 |
|    clip_fraction        | 0.0618       |
|    clip_range           | 0.2          |
|    entropy_loss         | -0.277       |
|    explained_variance   | 0.178        |
|    learning_rate        | 0.0003       |
|    loss                 | 12.2         |
|    n_updates            | 2180         |
|    policy_gradient_loss | -0.00241     |
|    value_loss           | 29.3         |
------------------------------------------
-----------------------------------------
| rollout/                |             |
|    ep_len_mean          | 173         |
|    ep_rew_mean          | 35.8        |
| time/                   |             |
|    fps                  | 154         |
|    iterations           | 220         |
|    time_elapsed         | 2922        |
|    total_timesteps      | 450560      |
| train/                  |             |
|    approx_kl            | 0.004196236 |
|    clip_fraction        | 0.0526      |
|    clip_range           | 0.2         |
|    entropy_loss         | -0.276      |
|    explained_variance   | 0.194       |
|    learning_rate        | 0.0003      |
|    loss                 | 14.8        |
|    n_updates            | 2190        |
|    policy_gradient_loss | -0.00122    |
|    value_loss           | 29.6        |
-----------------------------------------
------------------------------------------
| rollout/                |              |
|    ep_len_mean          | 172          |
|    ep_rew_mean          | 35.2         |
| time/                   |              |
|    fps                  | 154          |
|    iterations           | 221          |
|    time_elapsed         | 2936         |
|    total_timesteps      | 452608       |
| train/                  |              |
|    approx_kl            | 0.0069749528 |
|    clip_fraction        | 0.0745       |
|    clip_range           | 0.2          |
|    entropy_loss         | -0.291       |
|    explained_variance   | 0.0702       |
|    learning_rate        | 0.0003       |
|    loss                 | 14.1         |
|    n_updates            | 2200         |
|    policy_gradient_loss | -0.00102     |
|    value_loss           | 30.3         |
------------------------------------------
-----------------------------------------
| rollout/                |             |
|    ep_len_mean          | 173         |
|    ep_rew_mean          | 35.7        |
| time/                   |             |
|    fps                  | 154         |
|    iterations           | 222         |
|    time_elapsed         | 2950        |
|    total_timesteps      | 454656      |
| train/                  |             |
|    approx_kl            | 0.009490263 |
|    clip_fraction        | 0.0833      |
|    clip_range           | 0.2         |
|    entropy_loss         | -0.297      |
|    explained_variance   | 0.154       |
|    learning_rate        | 0.0003      |
|    loss                 | 18.5        |
|    n_updates            | 2210        |
|    policy_gradient_loss | -0.00603    |
|    value_loss           | 32.7        |
-----------------------------------------
------------------------------------------
| rollout/                |              |
|    ep_len_mean          | 169          |
|    ep_rew_mean          | 34.8         |
| time/                   |              |
|    fps                  | 154          |
|    iterations           | 223          |
|    time_elapsed         | 2963         |
|    total_timesteps      | 456704       |
| train/                  |              |
|    approx_kl            | 0.0046307947 |
|    clip_fraction        | 0.0604       |
|    clip_range           | 0.2          |
|    entropy_loss         | -0.316       |
|    explained_variance   | 0.101        |
|    learning_rate        | 0.0003       |
|    loss                 | 20.9         |
|    n_updates            | 2220         |
|    policy_gradient_loss | 0.000495     |
|    value_loss           | 30.3         |
------------------------------------------
------------------------------------------
| rollout/                |              |
|    ep_len_mean          | 174          |
|    ep_rew_mean          | 35.9         |
| time/                   |              |
|    fps                  | 154          |
|    iterations           | 224          |
|    time_elapsed         | 2975         |
|    total_timesteps      | 458752       |
| train/                  |              |
|    approx_kl            | 0.0076591466 |
|    clip_fraction        | 0.0822       |
|    clip_range           | 0.2          |
|    entropy_loss         | -0.307       |
|    explained_variance   | 0.125        |
|    learning_rate        | 0.0003       |
|    loss                 | 10           |
|    n_updates            | 2230         |
|    policy_gradient_loss | -3.68e-06    |
|    value_loss           | 24.3         |
------------------------------------------
----------------------------------------
| rollout/                |            |
|    ep_len_mean          | 167        |
|    ep_rew_mean          | 34.7       |
| time/                   |            |
|    fps                  | 154        |
|    iterations           | 225        |
|    time_elapsed         | 2990       |
|    total_timesteps      | 460800     |
| train/                  |            |
|    approx_kl            | 0.00950681 |
|    clip_fraction        | 0.0856     |
|    clip_range           | 0.2        |
|    entropy_loss         | -0.32      |
|    explained_variance   | 0.266      |
|    learning_rate        | 0.0003     |
|    loss                 | 13.6       |
|    n_updates            | 2240       |
|    policy_gradient_loss | -0.00251   |
|    value_loss           | 23.6       |
----------------------------------------
----------------------------------------
| rollout/                |            |
|    ep_len_mean          | 168        |
|    ep_rew_mean          | 35.1       |
| time/                   |            |
|    fps                  | 154        |
|    iterations           | 226        |
|    time_elapsed         | 3002       |
|    total_timesteps      | 462848     |
| train/                  |            |
|    approx_kl            | 0.00655305 |
|    clip_fraction        | 0.0674     |
|    clip_range           | 0.2        |
|    entropy_loss         | -0.31      |
|    explained_variance   | 0.0799     |
|    learning_rate        | 0.0003     |
|    loss                 | 12.8       |
|    n_updates            | 2250       |
|    policy_gradient_loss | -0.00338   |
|    value_loss           | 28.1       |
----------------------------------------
------------------------------------------
| rollout/                |              |
|    ep_len_mean          | 177          |
|    ep_rew_mean          | 37.3         |
| time/                   |              |
|    fps                  | 154          |
|    iterations           | 227          |
|    time_elapsed         | 3014         |
|    total_timesteps      | 464896       |
| train/                  |              |
|    approx_kl            | 0.0069263987 |
|    clip_fraction        | 0.0567       |
|    clip_range           | 0.2          |
|    entropy_loss         | -0.299       |
|    explained_variance   | 0.193        |
|    learning_rate        | 0.0003       |
|    loss                 | 8.44         |
|    n_updates            | 2260         |
|    policy_gradient_loss | -0.00206     |
|    value_loss           | 22.9         |
------------------------------------------
-----------------------------------------
| rollout/                |             |
|    ep_len_mean          | 190         |
|    ep_rew_mean          | 40.3        |
| time/                   |             |
|    fps                  | 154         |
|    iterations           | 228         |
|    time_elapsed         | 3027        |
|    total_timesteps      | 466944      |
| train/                  |             |
|    approx_kl            | 0.007980563 |
|    clip_fraction        | 0.0996      |
|    clip_range           | 0.2         |
|    entropy_loss         | -0.297      |
|    explained_variance   | 0.051       |
|    learning_rate        | 0.0003      |
|    loss                 | 4.85        |
|    n_updates            | 2270        |
|    policy_gradient_loss | -0.00395    |
|    value_loss           | 20.9        |
-----------------------------------------
------------------------------------------
| rollout/                |              |
|    ep_len_mean          | 192          |
|    ep_rew_mean          | 41.2         |
| time/                   |              |
|    fps                  | 154          |
|    iterations           | 229          |
|    time_elapsed         | 3041         |
|    total_timesteps      | 468992       |
| train/                  |              |
|    approx_kl            | 0.0066860113 |
|    clip_fraction        | 0.083        |
|    clip_range           | 0.2          |
|    entropy_loss         | -0.314       |
|    explained_variance   | 0.0436       |
|    learning_rate        | 0.0003       |
|    loss                 | 11.8         |
|    n_updates            | 2280         |
|    policy_gradient_loss | 3.93e-05     |
|    value_loss           | 24.1         |
------------------------------------------
------------------------------------------
| rollout/                |              |
|    ep_len_mean          | 193          |
|    ep_rew_mean          | 41.3         |
| time/                   |              |
|    fps                  | 154          |
|    iterations           | 230          |
|    time_elapsed         | 3053         |
|    total_timesteps      | 471040       |
| train/                  |              |
|    approx_kl            | 0.0073727528 |
|    clip_fraction        | 0.0751       |
|    clip_range           | 0.2          |
|    entropy_loss         | -0.325       |
|    explained_variance   | 0.126        |
|    learning_rate        | 0.0003       |
|    loss                 | 10.2         |
|    n_updates            | 2290         |
|    policy_gradient_loss | -0.00245     |
|    value_loss           | 25           |
------------------------------------------
------------------------------------------
| rollout/                |              |
|    ep_len_mean          | 193          |
|    ep_rew_mean          | 41.6         |
| time/                   |              |
|    fps                  | 154          |
|    iterations           | 231          |
|    time_elapsed         | 3068         |
|    total_timesteps      | 473088       |
| train/                  |              |
|    approx_kl            | 0.0074107284 |
|    clip_fraction        | 0.0708       |
|    clip_range           | 0.2          |
|    entropy_loss         | -0.285       |
|    explained_variance   | 0.146        |
|    learning_rate        | 0.0003       |
|    loss                 | 12.1         |
|    n_updates            | 2300         |
|    policy_gradient_loss | -0.00286     |
|    value_loss           | 24.3         |
------------------------------------------
------------------------------------------
| rollout/                |              |
|    ep_len_mean          | 181          |
|    ep_rew_mean          | 38           |
| time/                   |              |
|    fps                  | 154          |
|    iterations           | 232          |
|    time_elapsed         | 3082         |
|    total_timesteps      | 475136       |
| train/                  |              |
|    approx_kl            | 0.0075168107 |
|    clip_fraction        | 0.0628       |
|    clip_range           | 0.2          |
|    entropy_loss         | -0.279       |
|    explained_variance   | 0.197        |
|    learning_rate        | 0.0003       |
|    loss                 | 11.2         |
|    n_updates            | 2310         |
|    policy_gradient_loss | -0.000827    |
|    value_loss           | 29.4         |
------------------------------------------
-----------------------------------------
| rollout/                |             |
|    ep_len_mean          | 184         |
|    ep_rew_mean          | 39.2        |
| time/                   |             |
|    fps                  | 154         |
|    iterations           | 233         |
|    time_elapsed         | 3095        |
|    total_timesteps      | 477184      |
| train/                  |             |
|    approx_kl            | 0.007356129 |
|    clip_fraction        | 0.0604      |
|    clip_range           | 0.2         |
|    entropy_loss         | -0.297      |
|    explained_variance   | 0.152       |
|    learning_rate        | 0.0003      |
|    loss                 | 18.7        |
|    n_updates            | 2320        |
|    policy_gradient_loss | -0.00236    |
|    value_loss           | 35.1        |
-----------------------------------------
------------------------------------------
| rollout/                |              |
|    ep_len_mean          | 185          |
|    ep_rew_mean          | 39.2         |
| time/                   |              |
|    fps                  | 154          |
|    iterations           | 234          |
|    time_elapsed         | 3108         |
|    total_timesteps      | 479232       |
| train/                  |              |
|    approx_kl            | 0.0056488607 |
|    clip_fraction        | 0.0679       |
|    clip_range           | 0.2          |
|    entropy_loss         | -0.301       |
|    explained_variance   | 0.0932       |
|    learning_rate        | 0.0003       |
|    loss                 | 9.06         |
|    n_updates            | 2330         |
|    policy_gradient_loss | 0.000682     |
|    value_loss           | 21.7         |
------------------------------------------
-----------------------------------------
| rollout/                |             |
|    ep_len_mean          | 194         |
|    ep_rew_mean          | 42          |
| time/                   |             |
|    fps                  | 154         |
|    iterations           | 235         |
|    time_elapsed         | 3119        |
|    total_timesteps      | 481280      |
| train/                  |             |
|    approx_kl            | 0.012309007 |
|    clip_fraction        | 0.0926      |
|    clip_range           | 0.2         |
|    entropy_loss         | -0.308      |
|    explained_variance   | 0.0564      |
|    learning_rate        | 0.0003      |
|    loss                 | 17.5        |
|    n_updates            | 2340        |
|    policy_gradient_loss | -0.00421    |
|    value_loss           | 30          |
-----------------------------------------
-----------------------------------------
| rollout/                |             |
|    ep_len_mean          | 188         |
|    ep_rew_mean          | 40.6        |
| time/                   |             |
|    fps                  | 154         |
|    iterations           | 236         |
|    time_elapsed         | 3133        |
|    total_timesteps      | 483328      |
| train/                  |             |
|    approx_kl            | 0.009232115 |
|    clip_fraction        | 0.0852      |
|    clip_range           | 0.2         |
|    entropy_loss         | -0.285      |
|    explained_variance   | 0.0626      |
|    learning_rate        | 0.0003      |
|    loss                 | 6.57        |
|    n_updates            | 2350        |
|    policy_gradient_loss | -0.0026     |
|    value_loss           | 14.2        |
-----------------------------------------
------------------------------------------
| rollout/                |              |
|    ep_len_mean          | 182          |
|    ep_rew_mean          | 39.6         |
| time/                   |              |
|    fps                  | 154          |
|    iterations           | 237          |
|    time_elapsed         | 3145         |
|    total_timesteps      | 485376       |
| train/                  |              |
|    approx_kl            | 0.0057439273 |
|    clip_fraction        | 0.0759       |
|    clip_range           | 0.2          |
|    entropy_loss         | -0.304       |
|    explained_variance   | 0.106        |
|    learning_rate        | 0.0003       |
|    loss                 | 9.73         |
|    n_updates            | 2360         |
|    policy_gradient_loss | -0.00599     |
|    value_loss           | 25.4         |
------------------------------------------
------------------------------------------
| rollout/                |              |
|    ep_len_mean          | 187          |
|    ep_rew_mean          | 40.9         |
| time/                   |              |
|    fps                  | 154          |
|    iterations           | 238          |
|    time_elapsed         | 3158         |
|    total_timesteps      | 487424       |
| train/                  |              |
|    approx_kl            | 0.0066943504 |
|    clip_fraction        | 0.0642       |
|    clip_range           | 0.2          |
|    entropy_loss         | -0.29        |
|    explained_variance   | 0.161        |
|    learning_rate        | 0.0003       |
|    loss                 | 8.81         |
|    n_updates            | 2370         |
|    policy_gradient_loss | -0.000408    |
|    value_loss           | 26           |
------------------------------------------
----------------------------------------
| rollout/                |            |
|    ep_len_mean          | 189        |
|    ep_rew_mean          | 41.6       |
| time/                   |            |
|    fps                  | 154        |
|    iterations           | 239        |
|    time_elapsed         | 3170       |
|    total_timesteps      | 489472     |
| train/                  |            |
|    approx_kl            | 0.00993922 |
|    clip_fraction        | 0.0811     |
|    clip_range           | 0.2        |
|    entropy_loss         | -0.29      |
|    explained_variance   | 0.0281     |
|    learning_rate        | 0.0003     |
|    loss                 | 10.7       |
|    n_updates            | 2380       |
|    policy_gradient_loss | -0.00136   |
|    value_loss           | 24.7       |
----------------------------------------
-----------------------------------------
| rollout/                |             |
|    ep_len_mean          | 195         |
|    ep_rew_mean          | 42.3        |
| time/                   |             |
|    fps                  | 154         |
|    iterations           | 240         |
|    time_elapsed         | 3183        |
|    total_timesteps      | 491520      |
| train/                  |             |
|    approx_kl            | 0.012351118 |
|    clip_fraction        | 0.0887      |
|    clip_range           | 0.2         |
|    entropy_loss         | -0.291      |
|    explained_variance   | 0.0923      |
|    learning_rate        | 0.0003      |
|    loss                 | 11.1        |
|    n_updates            | 2390        |
|    policy_gradient_loss | -0.00273    |
|    value_loss           | 22.6        |
-----------------------------------------
------------------------------------------
| rollout/                |              |
|    ep_len_mean          | 199          |
|    ep_rew_mean          | 43.4         |
| time/                   |              |
|    fps                  | 154          |
|    iterations           | 241          |
|    time_elapsed         | 3195         |
|    total_timesteps      | 493568       |
| train/                  |              |
|    approx_kl            | 0.0100380685 |
|    clip_fraction        | 0.0847       |
|    clip_range           | 0.2          |
|    entropy_loss         | -0.311       |
|    explained_variance   | 0.135        |
|    learning_rate        | 0.0003       |
|    loss                 | 12.3         |
|    n_updates            | 2400         |
|    policy_gradient_loss | -0.00335     |
|    value_loss           | 26.6         |
------------------------------------------
------------------------------------------
| rollout/                |              |
|    ep_len_mean          | 207          |
|    ep_rew_mean          | 45.9         |
| time/                   |              |
|    fps                  | 154          |
|    iterations           | 242          |
|    time_elapsed         | 3209         |
|    total_timesteps      | 495616       |
| train/                  |              |
|    approx_kl            | 0.0074413484 |
|    clip_fraction        | 0.0835       |
|    clip_range           | 0.2          |
|    entropy_loss         | -0.306       |
|    explained_variance   | 0.0284       |
|    learning_rate        | 0.0003       |
|    loss                 | 16.4         |
|    n_updates            | 2410         |
|    policy_gradient_loss | -0.0028      |
|    value_loss           | 26           |
------------------------------------------
-----------------------------------------
| rollout/                |             |
|    ep_len_mean          | 208         |
|    ep_rew_mean          | 46.1        |
| time/                   |             |
|    fps                  | 154         |
|    iterations           | 243         |
|    time_elapsed         | 3222        |
|    total_timesteps      | 497664      |
| train/                  |             |
|    approx_kl            | 0.005551229 |
|    clip_fraction        | 0.0687      |
|    clip_range           | 0.2         |
|    entropy_loss         | -0.279      |
|    explained_variance   | 0.0931      |
|    learning_rate        | 0.0003      |
|    loss                 | 18.7        |
|    n_updates            | 2420        |
|    policy_gradient_loss | 0.000276    |
|    value_loss           | 28.1        |
-----------------------------------------
-----------------------------------------
| rollout/                |             |
|    ep_len_mean          | 203         |
|    ep_rew_mean          | 45.1        |
| time/                   |             |
|    fps                  | 154         |
|    iterations           | 244         |
|    time_elapsed         | 3236        |
|    total_timesteps      | 499712      |
| train/                  |             |
|    approx_kl            | 0.010498438 |
|    clip_fraction        | 0.09        |
|    clip_range           | 0.2         |
|    entropy_loss         | -0.307      |
|    explained_variance   | 0.0567      |
|    learning_rate        | 0.0003      |
|    loss                 | 5.47        |
|    n_updates            | 2430        |
|    policy_gradient_loss | 0.000448    |
|    value_loss           | 19.5        |
-----------------------------------------
------------------------------------------
| rollout/                |              |
|    ep_len_mean          | 198          |
|    ep_rew_mean          | 43.8         |
| time/                   |              |
|    fps                  | 154          |
|    iterations           | 245          |
|    time_elapsed         | 3248         |
|    total_timesteps      | 501760       |
| train/                  |              |
|    approx_kl            | 0.0042915773 |
|    clip_fraction        | 0.0635       |
|    clip_range           | 0.2          |
|    entropy_loss         | -0.294       |
|    explained_variance   | 0.157        |
|    learning_rate        | 0.0003       |
|    loss                 | 22.6         |
|    n_updates            | 2440         |
|    policy_gradient_loss | -0.00194     |
|    value_loss           | 32.6         |
------------------------------------------
-----------------------------------------
| rollout/                |             |
|    ep_len_mean          | 199         |
|    ep_rew_mean          | 43.5        |
| time/                   |             |
|    fps                  | 154         |
|    iterations           | 246         |
|    time_elapsed         | 3261        |
|    total_timesteps      | 503808      |
| train/                  |             |
|    approx_kl            | 0.005324715 |
|    clip_fraction        | 0.0925      |
|    clip_range           | 0.2         |
|    entropy_loss         | -0.311      |
|    explained_variance   | 0.156       |
|    learning_rate        | 0.0003      |
|    loss                 | 2.52        |
|    n_updates            | 2450        |
|    policy_gradient_loss | -0.000445   |
|    value_loss           | 18.5        |
-----------------------------------------
-----------------------------------------
| rollout/                |             |
|    ep_len_mean          | 189         |
|    ep_rew_mean          | 41          |
| time/                   |             |
|    fps                  | 154         |
|    iterations           | 247         |
|    time_elapsed         | 3276        |
|    total_timesteps      | 505856      |
| train/                  |             |
|    approx_kl            | 0.010347134 |
|    clip_fraction        | 0.0792      |
|    clip_range           | 0.2         |
|    entropy_loss         | -0.314      |
|    explained_variance   | 0.0844      |
|    learning_rate        | 0.0003      |
|    loss                 | 6.41        |
|    n_updates            | 2460        |
|    policy_gradient_loss | -0.00421    |
|    value_loss           | 28.7        |
-----------------------------------------
------------------------------------------
| rollout/                |              |
|    ep_len_mean          | 194          |
|    ep_rew_mean          | 42.8         |
| time/                   |              |
|    fps                  | 154          |
|    iterations           | 248          |
|    time_elapsed         | 3288         |
|    total_timesteps      | 507904       |
| train/                  |              |
|    approx_kl            | 0.0067334473 |
|    clip_fraction        | 0.064        |
|    clip_range           | 0.2          |
|    entropy_loss         | -0.296       |
|    explained_variance   | 0.0938       |
|    learning_rate        | 0.0003       |
|    loss                 | 34.9         |
|    n_updates            | 2470         |
|    policy_gradient_loss | -0.00109     |
|    value_loss           | 38.7         |
------------------------------------------
-----------------------------------------
| rollout/                |             |
|    ep_len_mean          | 193         |
|    ep_rew_mean          | 42.9        |
| time/                   |             |
|    fps                  | 154         |
|    iterations           | 249         |
|    time_elapsed         | 3301        |
|    total_timesteps      | 509952      |
| train/                  |             |
|    approx_kl            | 0.006841139 |
|    clip_fraction        | 0.0574      |
|    clip_range           | 0.2         |
|    entropy_loss         | -0.288      |
|    explained_variance   | 0.136       |
|    learning_rate        | 0.0003      |
|    loss                 | 11          |
|    n_updates            | 2480        |
|    policy_gradient_loss | 0.00103     |
|    value_loss           | 18.6        |
-----------------------------------------
-----------------------------------------
| rollout/                |             |
|    ep_len_mean          | 197         |
|    ep_rew_mean          | 44.2        |
| time/                   |             |
|    fps                  | 154         |
|    iterations           | 250         |
|    time_elapsed         | 3312        |
|    total_timesteps      | 512000      |
| train/                  |             |
|    approx_kl            | 0.007349129 |
|    clip_fraction        | 0.0688      |
|    clip_range           | 0.2         |
|    entropy_loss         | -0.29       |
|    explained_variance   | 0.148       |
|    learning_rate        | 0.0003      |
|    loss                 | 10.8        |
|    n_updates            | 2490        |
|    policy_gradient_loss | -0.00116    |
|    value_loss           | 24.4        |
-----------------------------------------
-----------------------------------------
| rollout/                |             |
|    ep_len_mean          | 201         |
|    ep_rew_mean          | 45.1        |
| time/                   |             |
|    fps                  | 154         |
|    iterations           | 251         |
|    time_elapsed         | 3325        |
|    total_timesteps      | 514048      |
| train/                  |             |
|    approx_kl            | 0.007520971 |
|    clip_fraction        | 0.0909      |
|    clip_range           | 0.2         |
|    entropy_loss         | -0.332      |
|    explained_variance   | 0.178       |
|    learning_rate        | 0.0003      |
|    loss                 | 12.5        |
|    n_updates            | 2500        |
|    policy_gradient_loss | -0.000429   |
|    value_loss           | 21.7        |
-----------------------------------------
-----------------------------------------
| rollout/                |             |
|    ep_len_mean          | 203         |
|    ep_rew_mean          | 45.8        |
| time/                   |             |
|    fps                  | 154         |
|    iterations           | 252         |
|    time_elapsed         | 3337        |
|    total_timesteps      | 516096      |
| train/                  |             |
|    approx_kl            | 0.008242168 |
|    clip_fraction        | 0.081       |
|    clip_range           | 0.2         |
|    entropy_loss         | -0.268      |
|    explained_variance   | 0.131       |
|    learning_rate        | 0.0003      |
|    loss                 | 14.8        |
|    n_updates            | 2510        |
|    policy_gradient_loss | -0.00321    |
|    value_loss           | 26.9        |
-----------------------------------------
-----------------------------------------
| rollout/                |             |
|    ep_len_mean          | 200         |
|    ep_rew_mean          | 45.1        |
| time/                   |             |
|    fps                  | 154         |
|    iterations           | 253         |
|    time_elapsed         | 3348        |
|    total_timesteps      | 518144      |
| train/                  |             |
|    approx_kl            | 0.008823827 |
|    clip_fraction        | 0.0818      |
|    clip_range           | 0.2         |
|    entropy_loss         | -0.294      |
|    explained_variance   | 0.142       |
|    learning_rate        | 0.0003      |
|    loss                 | 16.1        |
|    n_updates            | 2520        |
|    policy_gradient_loss | -0.00171    |
|    value_loss           | 21.1        |
-----------------------------------------
-----------------------------------------
| rollout/                |             |
|    ep_len_mean          | 210         |
|    ep_rew_mean          | 47.9        |
| time/                   |             |
|    fps                  | 154         |
|    iterations           | 254         |
|    time_elapsed         | 3360        |
|    total_timesteps      | 520192      |
| train/                  |             |
|    approx_kl            | 0.008062552 |
|    clip_fraction        | 0.0858      |
|    clip_range           | 0.2         |
|    entropy_loss         | -0.294      |
|    explained_variance   | 0.0626      |
|    learning_rate        | 0.0003      |
|    loss                 | 11.2        |
|    n_updates            | 2530        |
|    policy_gradient_loss | -0.00333    |
|    value_loss           | 25.8        |
-----------------------------------------
------------------------------------------
| rollout/                |              |
|    ep_len_mean          | 211          |
|    ep_rew_mean          | 48.6         |
| time/                   |              |
|    fps                  | 154          |
|    iterations           | 255          |
|    time_elapsed         | 3372         |
|    total_timesteps      | 522240       |
| train/                  |              |
|    approx_kl            | 0.0058815926 |
|    clip_fraction        | 0.0704       |
|    clip_range           | 0.2          |
|    entropy_loss         | -0.308       |
|    explained_variance   | 0.125        |
|    learning_rate        | 0.0003       |
|    loss                 | 16.4         |
|    n_updates            | 2540         |
|    policy_gradient_loss | -0.0035      |
|    value_loss           | 23.4         |
------------------------------------------
-----------------------------------------
| rollout/                |             |
|    ep_len_mean          | 216         |
|    ep_rew_mean          | 49.7        |
| time/                   |             |
|    fps                  | 154         |
|    iterations           | 256         |
|    time_elapsed         | 3383        |
|    total_timesteps      | 524288      |
| train/                  |             |
|    approx_kl            | 0.007970104 |
|    clip_fraction        | 0.0725      |
|    clip_range           | 0.2         |
|    entropy_loss         | -0.304      |
|    explained_variance   | 0.0816      |
|    learning_rate        | 0.0003      |
|    loss                 | 13.8        |
|    n_updates            | 2550        |
|    policy_gradient_loss | -0.00161    |
|    value_loss           | 28          |
-----------------------------------------
-----------------------------------------
| rollout/                |             |
|    ep_len_mean          | 219         |
|    ep_rew_mean          | 50.3        |
| time/                   |             |
|    fps                  | 154         |
|    iterations           | 257         |
|    time_elapsed         | 3396        |
|    total_timesteps      | 526336      |
| train/                  |             |
|    approx_kl            | 0.008292923 |
|    clip_fraction        | 0.0897      |
|    clip_range           | 0.2         |
|    entropy_loss         | -0.299      |
|    explained_variance   | 0.134       |
|    learning_rate        | 0.0003      |
|    loss                 | 7.84        |
|    n_updates            | 2560        |
|    policy_gradient_loss | 2.49e-05    |
|    value_loss           | 21.1        |
-----------------------------------------
-----------------------------------------
| rollout/                |             |
|    ep_len_mean          | 229         |
|    ep_rew_mean          | 53.8        |
| time/                   |             |
|    fps                  | 155         |
|    iterations           | 258         |
|    time_elapsed         | 3407        |
|    total_timesteps      | 528384      |
| train/                  |             |
|    approx_kl            | 0.005885406 |
|    clip_fraction        | 0.0729      |
|    clip_range           | 0.2         |
|    entropy_loss         | -0.315      |
|    explained_variance   | 0.192       |
|    learning_rate        | 0.0003      |
|    loss                 | 6.43        |
|    n_updates            | 2570        |
|    policy_gradient_loss | -0.00216    |
|    value_loss           | 29.7        |
-----------------------------------------
------------------------------------------
| rollout/                |              |
|    ep_len_mean          | 231          |
|    ep_rew_mean          | 53.8         |
| time/                   |              |
|    fps                  | 155          |
|    iterations           | 259          |
|    time_elapsed         | 3419         |
|    total_timesteps      | 530432       |
| train/                  |              |
|    approx_kl            | 0.0054664947 |
|    clip_fraction        | 0.065        |
|    clip_range           | 0.2          |
|    entropy_loss         | -0.289       |
|    explained_variance   | 0.0998       |
|    learning_rate        | 0.0003       |
|    loss                 | 8.8          |
|    n_updates            | 2580         |
|    policy_gradient_loss | -0.00288     |
|    value_loss           | 25           |
------------------------------------------
-----------------------------------------
| rollout/                |             |
|    ep_len_mean          | 231         |
|    ep_rew_mean          | 53.8        |
| time/                   |             |
|    fps                  | 155         |
|    iterations           | 260         |
|    time_elapsed         | 3432        |
|    total_timesteps      | 532480      |
| train/                  |             |
|    approx_kl            | 0.008588125 |
|    clip_fraction        | 0.0923      |
|    clip_range           | 0.2         |
|    entropy_loss         | -0.31       |
|    explained_variance   | -0.0167     |
|    learning_rate        | 0.0003      |
|    loss                 | 17.7        |
|    n_updates            | 2590        |
|    policy_gradient_loss | 7.47e-05    |
|    value_loss           | 25.7        |
-----------------------------------------
------------------------------------------
| rollout/                |              |
|    ep_len_mean          | 232          |
|    ep_rew_mean          | 54.8         |
| time/                   |              |
|    fps                  | 155          |
|    iterations           | 261          |
|    time_elapsed         | 3444         |
|    total_timesteps      | 534528       |
| train/                  |              |
|    approx_kl            | 0.0063214274 |
|    clip_fraction        | 0.0786       |
|    clip_range           | 0.2          |
|    entropy_loss         | -0.284       |
|    explained_variance   | 0.134        |
|    learning_rate        | 0.0003       |
|    loss                 | 9.11         |
|    n_updates            | 2600         |
|    policy_gradient_loss | -0.00448     |
|    value_loss           | 26.9         |
------------------------------------------
-----------------------------------------
| rollout/                |             |
|    ep_len_mean          | 223         |
|    ep_rew_mean          | 52.3        |
| time/                   |             |
|    fps                  | 155         |
|    iterations           | 262         |
|    time_elapsed         | 3457        |
|    total_timesteps      | 536576      |
| train/                  |             |
|    approx_kl            | 0.006652208 |
|    clip_fraction        | 0.0791      |
|    clip_range           | 0.2         |
|    entropy_loss         | -0.305      |
|    explained_variance   | 0.117       |
|    learning_rate        | 0.0003      |
|    loss                 | 18.3        |
|    n_updates            | 2610        |
|    policy_gradient_loss | -0.00189    |
|    value_loss           | 26.6        |
-----------------------------------------
-----------------------------------------
| rollout/                |             |
|    ep_len_mean          | 223         |
|    ep_rew_mean          | 51.8        |
| time/                   |             |
|    fps                  | 155         |
|    iterations           | 263         |
|    time_elapsed         | 3468        |
|    total_timesteps      | 538624      |
| train/                  |             |
|    approx_kl            | 0.008813814 |
|    clip_fraction        | 0.0977      |
|    clip_range           | 0.2         |
|    entropy_loss         | -0.328      |
|    explained_variance   | 0.128       |
|    learning_rate        | 0.0003      |
|    loss                 | 20.7        |
|    n_updates            | 2620        |
|    policy_gradient_loss | -0.0021     |
|    value_loss           | 33.7        |
-----------------------------------------
-----------------------------------------
| rollout/                |             |
|    ep_len_mean          | 222         |
|    ep_rew_mean          | 51.6        |
| time/                   |             |
|    fps                  | 155         |
|    iterations           | 264         |
|    time_elapsed         | 3480        |
|    total_timesteps      | 540672      |
| train/                  |             |
|    approx_kl            | 0.008872643 |
|    clip_fraction        | 0.085       |
|    clip_range           | 0.2         |
|    entropy_loss         | -0.327      |
|    explained_variance   | 0.131       |
|    learning_rate        | 0.0003      |
|    loss                 | 7.65        |
|    n_updates            | 2630        |
|    policy_gradient_loss | -0.00174    |
|    value_loss           | 21.7        |
-----------------------------------------
-----------------------------------------
| rollout/                |             |
|    ep_len_mean          | 218         |
|    ep_rew_mean          | 50.9        |
| time/                   |             |
|    fps                  | 155         |
|    iterations           | 265         |
|    time_elapsed         | 3492        |
|    total_timesteps      | 542720      |
| train/                  |             |
|    approx_kl            | 0.007977387 |
|    clip_fraction        | 0.0747      |
|    clip_range           | 0.2         |
|    entropy_loss         | -0.291      |
|    explained_variance   | 0.116       |
|    learning_rate        | 0.0003      |
|    loss                 | 12.4        |
|    n_updates            | 2640        |
|    policy_gradient_loss | -0.00122    |
|    value_loss           | 25.2        |
-----------------------------------------
------------------------------------------
| rollout/                |              |
|    ep_len_mean          | 220          |
|    ep_rew_mean          | 51.9         |
| time/                   |              |
|    fps                  | 155          |
|    iterations           | 266          |
|    time_elapsed         | 3503         |
|    total_timesteps      | 544768       |
| train/                  |              |
|    approx_kl            | 0.0113846585 |
|    clip_fraction        | 0.0768       |
|    clip_range           | 0.2          |
|    entropy_loss         | -0.305       |
|    explained_variance   | 0.117        |
|    learning_rate        | 0.0003       |
|    loss                 | 12.2         |
|    n_updates            | 2650         |
|    policy_gradient_loss | 0.000123     |
|    value_loss           | 28           |
------------------------------------------
-----------------------------------------
| rollout/                |             |
|    ep_len_mean          | 218         |
|    ep_rew_mean          | 51.3        |
| time/                   |             |
|    fps                  | 155         |
|    iterations           | 267         |
|    time_elapsed         | 3514        |
|    total_timesteps      | 546816      |
| train/                  |             |
|    approx_kl            | 0.004735142 |
|    clip_fraction        | 0.0712      |
|    clip_range           | 0.2         |
|    entropy_loss         | -0.297      |
|    explained_variance   | 0.132       |
|    learning_rate        | 0.0003      |
|    loss                 | 4.91        |
|    n_updates            | 2660        |
|    policy_gradient_loss | -0.00329    |
|    value_loss           | 25.4        |
-----------------------------------------
-----------------------------------------
| rollout/                |             |
|    ep_len_mean          | 218         |
|    ep_rew_mean          | 51.2        |
| time/                   |             |
|    fps                  | 155         |
|    iterations           | 268         |
|    time_elapsed         | 3526        |
|    total_timesteps      | 548864      |
| train/                  |             |
|    approx_kl            | 0.005274088 |
|    clip_fraction        | 0.0676      |
|    clip_range           | 0.2         |
|    entropy_loss         | -0.27       |
|    explained_variance   | 0.133       |
|    learning_rate        | 0.0003      |
|    loss                 | 13.2        |
|    n_updates            | 2670        |
|    policy_gradient_loss | 0.000732    |
|    value_loss           | 23.5        |
-----------------------------------------
------------------------------------------
| rollout/                |              |
|    ep_len_mean          | 214          |
|    ep_rew_mean          | 50           |
| time/                   |              |
|    fps                  | 155          |
|    iterations           | 269          |
|    time_elapsed         | 3538         |
|    total_timesteps      | 550912       |
| train/                  |              |
|    approx_kl            | 0.0085711125 |
|    clip_fraction        | 0.0698       |
|    clip_range           | 0.2          |
|    entropy_loss         | -0.286       |
|    explained_variance   | 0.188        |
|    learning_rate        | 0.0003       |
|    loss                 | 9.09         |
|    n_updates            | 2680         |
|    policy_gradient_loss | -0.00114     |
|    value_loss           | 26.6         |
------------------------------------------
-----------------------------------------
| rollout/                |             |
|    ep_len_mean          | 211         |
|    ep_rew_mean          | 49.3        |
| time/                   |             |
|    fps                  | 155         |
|    iterations           | 270         |
|    time_elapsed         | 3550        |
|    total_timesteps      | 552960      |
| train/                  |             |
|    approx_kl            | 0.011160652 |
|    clip_fraction        | 0.0913      |
|    clip_range           | 0.2         |
|    entropy_loss         | -0.278      |
|    explained_variance   | 0.0559      |
|    learning_rate        | 0.0003      |
|    loss                 | 8.04        |
|    n_updates            | 2690        |
|    policy_gradient_loss | -0.00113    |
|    value_loss           | 28.9        |
-----------------------------------------
----------------------------------------
| rollout/                |            |
|    ep_len_mean          | 210        |
|    ep_rew_mean          | 48.8       |
| time/                   |            |
|    fps                  | 155        |
|    iterations           | 271        |
|    time_elapsed         | 3562       |
|    total_timesteps      | 555008     |
| train/                  |            |
|    approx_kl            | 0.00618583 |
|    clip_fraction        | 0.0895     |
|    clip_range           | 0.2        |
|    entropy_loss         | -0.274     |
|    explained_variance   | 0.182      |
|    learning_rate        | 0.0003     |
|    loss                 | 4.61       |
|    n_updates            | 2700       |
|    policy_gradient_loss | -0.00418   |
|    value_loss           | 23.6       |
----------------------------------------
------------------------------------------
| rollout/                |              |
|    ep_len_mean          | 216          |
|    ep_rew_mean          | 50.8         |
| time/                   |              |
|    fps                  | 155          |
|    iterations           | 272          |
|    time_elapsed         | 3572         |
|    total_timesteps      | 557056       |
| train/                  |              |
|    approx_kl            | 0.0060672127 |
|    clip_fraction        | 0.0644       |
|    clip_range           | 0.2          |
|    entropy_loss         | -0.272       |
|    explained_variance   | 0.194        |
|    learning_rate        | 0.0003       |
|    loss                 | 25.9         |
|    n_updates            | 2710         |
|    policy_gradient_loss | -0.000292    |
|    value_loss           | 24.9         |
------------------------------------------
------------------------------------------
| rollout/                |              |
|    ep_len_mean          | 225          |
|    ep_rew_mean          | 53.2         |
| time/                   |              |
|    fps                  | 156          |
|    iterations           | 273          |
|    time_elapsed         | 3583         |
|    total_timesteps      | 559104       |
| train/                  |              |
|    approx_kl            | 0.0068756808 |
|    clip_fraction        | 0.0725       |
|    clip_range           | 0.2          |
|    entropy_loss         | -0.278       |
|    explained_variance   | 0.151        |
|    learning_rate        | 0.0003       |
|    loss                 | 3.5          |
|    n_updates            | 2720         |
|    policy_gradient_loss | -0.00317     |
|    value_loss           | 20           |
------------------------------------------
-----------------------------------------
| rollout/                |             |
|    ep_len_mean          | 223         |
|    ep_rew_mean          | 53.1        |
| time/                   |             |
|    fps                  | 156         |
|    iterations           | 274         |
|    time_elapsed         | 3594        |
|    total_timesteps      | 561152      |
| train/                  |             |
|    approx_kl            | 0.010101078 |
|    clip_fraction        | 0.0802      |
|    clip_range           | 0.2         |
|    entropy_loss         | -0.28       |
|    explained_variance   | 0.0966      |
|    learning_rate        | 0.0003      |
|    loss                 | 13.4        |
|    n_updates            | 2730        |
|    policy_gradient_loss | -0.00309    |
|    value_loss           | 26          |
-----------------------------------------
------------------------------------------
| rollout/                |              |
|    ep_len_mean          | 217          |
|    ep_rew_mean          | 51.4         |
| time/                   |              |
|    fps                  | 156          |
|    iterations           | 275          |
|    time_elapsed         | 3606         |
|    total_timesteps      | 563200       |
| train/                  |              |
|    approx_kl            | 0.0076714326 |
|    clip_fraction        | 0.0833       |
|    clip_range           | 0.2          |
|    entropy_loss         | -0.29        |
|    explained_variance   | 0.139        |
|    learning_rate        | 0.0003       |
|    loss                 | 9.33         |
|    n_updates            | 2740         |
|    policy_gradient_loss | -0.00104     |
|    value_loss           | 27.9         |
------------------------------------------
-----------------------------------------
| rollout/                |             |
|    ep_len_mean          | 216         |
|    ep_rew_mean          | 50.9        |
| time/                   |             |
|    fps                  | 156         |
|    iterations           | 276         |
|    time_elapsed         | 3618        |
|    total_timesteps      | 565248      |
| train/                  |             |
|    approx_kl            | 0.006697839 |
|    clip_fraction        | 0.0648      |
|    clip_range           | 0.2         |
|    entropy_loss         | -0.294      |
|    explained_variance   | 0.041       |
|    learning_rate        | 0.0003      |
|    loss                 | 9.79        |
|    n_updates            | 2750        |
|    policy_gradient_loss | -0.00133    |
|    value_loss           | 34.8        |
-----------------------------------------
------------------------------------------
| rollout/                |              |
|    ep_len_mean          | 214          |
|    ep_rew_mean          | 50.4         |
| time/                   |              |
|    fps                  | 156          |
|    iterations           | 277          |
|    time_elapsed         | 3630         |
|    total_timesteps      | 567296       |
| train/                  |              |
|    approx_kl            | 0.0056418814 |
|    clip_fraction        | 0.0785       |
|    clip_range           | 0.2          |
|    entropy_loss         | -0.302       |
|    explained_variance   | 0.0699       |
|    learning_rate        | 0.0003       |
|    loss                 | 11.8         |
|    n_updates            | 2760         |
|    policy_gradient_loss | -0.000574    |
|    value_loss           | 28.6         |
------------------------------------------
------------------------------------------
| rollout/                |              |
|    ep_len_mean          | 215          |
|    ep_rew_mean          | 50.9         |
| time/                   |              |
|    fps                  | 156          |
|    iterations           | 278          |
|    time_elapsed         | 3641         |
|    total_timesteps      | 569344       |
| train/                  |              |
|    approx_kl            | 0.0062496196 |
|    clip_fraction        | 0.0811       |
|    clip_range           | 0.2          |
|    entropy_loss         | -0.273       |
|    explained_variance   | 0.171        |
|    learning_rate        | 0.0003       |
|    loss                 | 15.9         |
|    n_updates            | 2770         |
|    policy_gradient_loss | -0.00118     |
|    value_loss           | 25.7         |
------------------------------------------
----------------------------------------
| rollout/                |            |
|    ep_len_mean          | 216        |
|    ep_rew_mean          | 51.2       |
| time/                   |            |
|    fps                  | 156        |
|    iterations           | 279        |
|    time_elapsed         | 3653       |
|    total_timesteps      | 571392     |
| train/                  |            |
|    approx_kl            | 0.00961604 |
|    clip_fraction        | 0.0889     |
|    clip_range           | 0.2        |
|    entropy_loss         | -0.291     |
|    explained_variance   | 0.0915     |
|    learning_rate        | 0.0003     |
|    loss                 | 8.27       |
|    n_updates            | 2780       |
|    policy_gradient_loss | -0.00117   |
|    value_loss           | 23.5       |
----------------------------------------
-----------------------------------------
| rollout/                |             |
|    ep_len_mean          | 217         |
|    ep_rew_mean          | 51.5        |
| time/                   |             |
|    fps                  | 156         |
|    iterations           | 280         |
|    time_elapsed         | 3666        |
|    total_timesteps      | 573440      |
| train/                  |             |
|    approx_kl            | 0.012515828 |
|    clip_fraction        | 0.0814      |
|    clip_range           | 0.2         |
|    entropy_loss         | -0.27       |
|    explained_variance   | 0.0646      |
|    learning_rate        | 0.0003      |
|    loss                 | 10.3        |
|    n_updates            | 2790        |
|    policy_gradient_loss | 0.00133     |
|    value_loss           | 25          |
-----------------------------------------
----------------------------------------
| rollout/                |            |
|    ep_len_mean          | 210        |
|    ep_rew_mean          | 49.4       |
| time/                   |            |
|    fps                  | 156        |
|    iterations           | 281        |
|    time_elapsed         | 3678       |
|    total_timesteps      | 575488     |
| train/                  |            |
|    approx_kl            | 0.00760594 |
|    clip_fraction        | 0.0762     |
|    clip_range           | 0.2        |
|    entropy_loss         | -0.305     |
|    explained_variance   | -0.03      |
|    learning_rate        | 0.0003     |
|    loss                 | 26.6       |
|    n_updates            | 2800       |
|    policy_gradient_loss | -0.000123  |
|    value_loss           | 33.3       |
----------------------------------------
------------------------------------------
| rollout/                |              |
|    ep_len_mean          | 205          |
|    ep_rew_mean          | 47.9         |
| time/                   |              |
|    fps                  | 156          |
|    iterations           | 282          |
|    time_elapsed         | 3690         |
|    total_timesteps      | 577536       |
| train/                  |              |
|    approx_kl            | 0.0060552093 |
|    clip_fraction        | 0.0794       |
|    clip_range           | 0.2          |
|    entropy_loss         | -0.289       |
|    explained_variance   | 0.121        |
|    learning_rate        | 0.0003       |
|    loss                 | 8.16         |
|    n_updates            | 2810         |
|    policy_gradient_loss | -0.00216     |
|    value_loss           | 22.8         |
------------------------------------------
-----------------------------------------
| rollout/                |             |
|    ep_len_mean          | 211         |
|    ep_rew_mean          | 49.3        |
| time/                   |             |
|    fps                  | 156         |
|    iterations           | 283         |
|    time_elapsed         | 3700        |
|    total_timesteps      | 579584      |
| train/                  |             |
|    approx_kl            | 0.008849464 |
|    clip_fraction        | 0.0853      |
|    clip_range           | 0.2         |
|    entropy_loss         | -0.28       |
|    explained_variance   | 0.0939      |
|    learning_rate        | 0.0003      |
|    loss                 | 17.3        |
|    n_updates            | 2820        |
|    policy_gradient_loss | -0.000985   |
|    value_loss           | 26.4        |
-----------------------------------------
----------------------------------------
| rollout/                |            |
|    ep_len_mean          | 205        |
|    ep_rew_mean          | 47.6       |
| time/                   |            |
|    fps                  | 156        |
|    iterations           | 284        |
|    time_elapsed         | 3712       |
|    total_timesteps      | 581632     |
| train/                  |            |
|    approx_kl            | 0.01090178 |
|    clip_fraction        | 0.0869     |
|    clip_range           | 0.2        |
|    entropy_loss         | -0.298     |
|    explained_variance   | 0.129      |
|    learning_rate        | 0.0003     |
|    loss                 | 3.94       |
|    n_updates            | 2830       |
|    policy_gradient_loss | -0.00043   |
|    value_loss           | 18.9       |
----------------------------------------
-----------------------------------------
| rollout/                |             |
|    ep_len_mean          | 212         |
|    ep_rew_mean          | 49.7        |
| time/                   |             |
|    fps                  | 156         |
|    iterations           | 285         |
|    time_elapsed         | 3724        |
|    total_timesteps      | 583680      |
| train/                  |             |
|    approx_kl            | 0.009801306 |
|    clip_fraction        | 0.0941      |
|    clip_range           | 0.2         |
|    entropy_loss         | -0.277      |
|    explained_variance   | 0.0894      |
|    learning_rate        | 0.0003      |
|    loss                 | 8.35        |
|    n_updates            | 2840        |
|    policy_gradient_loss | -0.00416    |
|    value_loss           | 27.3        |
-----------------------------------------
-----------------------------------------
| rollout/                |             |
|    ep_len_mean          | 216         |
|    ep_rew_mean          | 51.1        |
| time/                   |             |
|    fps                  | 156         |
|    iterations           | 286         |
|    time_elapsed         | 3734        |
|    total_timesteps      | 585728      |
| train/                  |             |
|    approx_kl            | 0.011748657 |
|    clip_fraction        | 0.0766      |
|    clip_range           | 0.2         |
|    entropy_loss         | -0.273      |
|    explained_variance   | 0.152       |
|    learning_rate        | 0.0003      |
|    loss                 | 7.1         |
|    n_updates            | 2850        |
|    policy_gradient_loss | 0.000198    |
|    value_loss           | 24.9        |
-----------------------------------------
-----------------------------------------
| rollout/                |             |
|    ep_len_mean          | 227         |
|    ep_rew_mean          | 54.1        |
| time/                   |             |
|    fps                  | 156         |
|    iterations           | 287         |
|    time_elapsed         | 3745        |
|    total_timesteps      | 587776      |
| train/                  |             |
|    approx_kl            | 0.005834558 |
|    clip_fraction        | 0.0654      |
|    clip_range           | 0.2         |
|    entropy_loss         | -0.248      |
|    explained_variance   | 0.158       |
|    learning_rate        | 0.0003      |
|    loss                 | 9.23        |
|    n_updates            | 2860        |
|    policy_gradient_loss | -0.00117    |
|    value_loss           | 22.4        |
-----------------------------------------
-----------------------------------------
| rollout/                |             |
|    ep_len_mean          | 225         |
|    ep_rew_mean          | 52.8        |
| time/                   |             |
|    fps                  | 156         |
|    iterations           | 288         |
|    time_elapsed         | 3757        |
|    total_timesteps      | 589824      |
| train/                  |             |
|    approx_kl            | 0.010189433 |
|    clip_fraction        | 0.0858      |
|    clip_range           | 0.2         |
|    entropy_loss         | -0.27       |
|    explained_variance   | 0.125       |
|    learning_rate        | 0.0003      |
|    loss                 | 14.6        |
|    n_updates            | 2870        |
|    policy_gradient_loss | 0.000104    |
|    value_loss           | 20.4        |
-----------------------------------------
----------------------------------------
| rollout/                |            |
|    ep_len_mean          | 226        |
|    ep_rew_mean          | 53.2       |
| time/                   |            |
|    fps                  | 157        |
|    iterations           | 289        |
|    time_elapsed         | 3767       |
|    total_timesteps      | 591872     |
| train/                  |            |
|    approx_kl            | 0.00789591 |
|    clip_fraction        | 0.0619     |
|    clip_range           | 0.2        |
|    entropy_loss         | -0.278     |
|    explained_variance   | 0.112      |
|    learning_rate        | 0.0003     |
|    loss                 | 14.8       |
|    n_updates            | 2880       |
|    policy_gradient_loss | -0.00125   |
|    value_loss           | 29.6       |
----------------------------------------
------------------------------------------
| rollout/                |              |
|    ep_len_mean          | 237          |
|    ep_rew_mean          | 56.6         |
| time/                   |              |
|    fps                  | 157          |
|    iterations           | 290          |
|    time_elapsed         | 3779         |
|    total_timesteps      | 593920       |
| train/                  |              |
|    approx_kl            | 0.0071936203 |
|    clip_fraction        | 0.0785       |
|    clip_range           | 0.2          |
|    entropy_loss         | -0.292       |
|    explained_variance   | 0.109        |
|    learning_rate        | 0.0003       |
|    loss                 | 7.94         |
|    n_updates            | 2890         |
|    policy_gradient_loss | -0.00104     |
|    value_loss           | 21.5         |
------------------------------------------
-----------------------------------------
| rollout/                |             |
|    ep_len_mean          | 236         |
|    ep_rew_mean          | 56.7        |
| time/                   |             |
|    fps                  | 157         |
|    iterations           | 291         |
|    time_elapsed         | 3790        |
|    total_timesteps      | 595968      |
| train/                  |             |
|    approx_kl            | 0.012556503 |
|    clip_fraction        | 0.0886      |
|    clip_range           | 0.2         |
|    entropy_loss         | -0.28       |
|    explained_variance   | 0.0103      |
|    learning_rate        | 0.0003      |
|    loss                 | 4.38        |
|    n_updates            | 2900        |
|    policy_gradient_loss | -0.00121    |
|    value_loss           | 23.8        |
-----------------------------------------
-----------------------------------------
| rollout/                |             |
|    ep_len_mean          | 246         |
|    ep_rew_mean          | 59.3        |
| time/                   |             |
|    fps                  | 157         |
|    iterations           | 292         |
|    time_elapsed         | 3801        |
|    total_timesteps      | 598016      |
| train/                  |             |
|    approx_kl            | 0.010915851 |
|    clip_fraction        | 0.0891      |
|    clip_range           | 0.2         |
|    entropy_loss         | -0.263      |
|    explained_variance   | 0.103       |
|    learning_rate        | 0.0003      |
|    loss                 | 11.4        |
|    n_updates            | 2910        |
|    policy_gradient_loss | 0.00147     |
|    value_loss           | 21.5        |
-----------------------------------------
------------------------------------------
| rollout/                |              |
|    ep_len_mean          | 256          |
|    ep_rew_mean          | 62.5         |
| time/                   |              |
|    fps                  | 157          |
|    iterations           | 293          |
|    time_elapsed         | 3812         |
|    total_timesteps      | 600064       |
| train/                  |              |
|    approx_kl            | 0.0059150783 |
|    clip_fraction        | 0.0608       |
|    clip_range           | 0.2          |
|    entropy_loss         | -0.26        |
|    explained_variance   | 0.213        |
|    learning_rate        | 0.0003       |
|    loss                 | 5.13         |
|    n_updates            | 2920         |
|    policy_gradient_loss | -0.000408    |
|    value_loss           | 19.1         |
------------------------------------------
------------------------------------------
| rollout/                |              |
|    ep_len_mean          | 249          |
|    ep_rew_mean          | 60.5         |
| time/                   |              |
|    fps                  | 157          |
|    iterations           | 294          |
|    time_elapsed         | 3823         |
|    total_timesteps      | 602112       |
| train/                  |              |
|    approx_kl            | 0.0070232837 |
|    clip_fraction        | 0.0554       |
|    clip_range           | 0.2          |
|    entropy_loss         | -0.269       |
|    explained_variance   | 0.182        |
|    learning_rate        | 0.0003       |
|    loss                 | 4.83         |
|    n_updates            | 2930         |
|    policy_gradient_loss | 0.000354     |
|    value_loss           | 23.6         |
------------------------------------------
------------------------------------------
| rollout/                |              |
|    ep_len_mean          | 239          |
|    ep_rew_mean          | 58.3         |
| time/                   |              |
|    fps                  | 157          |
|    iterations           | 295          |
|    time_elapsed         | 3833         |
|    total_timesteps      | 604160       |
| train/                  |              |
|    approx_kl            | 0.0045090336 |
|    clip_fraction        | 0.0622       |
|    clip_range           | 0.2          |
|    entropy_loss         | -0.249       |
|    explained_variance   | 0.143        |
|    learning_rate        | 0.0003       |
|    loss                 | 21.8         |
|    n_updates            | 2940         |
|    policy_gradient_loss | -0.00292     |
|    value_loss           | 28.9         |
------------------------------------------
-----------------------------------------
| rollout/                |             |
|    ep_len_mean          | 250         |
|    ep_rew_mean          | 61          |
| time/                   |             |
|    fps                  | 157         |
|    iterations           | 296         |
|    time_elapsed         | 3844        |
|    total_timesteps      | 606208      |
| train/                  |             |
|    approx_kl            | 0.007025893 |
|    clip_fraction        | 0.0684      |
|    clip_range           | 0.2         |
|    entropy_loss         | -0.288      |
|    explained_variance   | -0.0238     |
|    learning_rate        | 0.0003      |
|    loss                 | 7.95        |
|    n_updates            | 2950        |
|    policy_gradient_loss | -0.000986   |
|    value_loss           | 22.1        |
-----------------------------------------
-----------------------------------------
| rollout/                |             |
|    ep_len_mean          | 261         |
|    ep_rew_mean          | 64.3        |
| time/                   |             |
|    fps                  | 157         |
|    iterations           | 297         |
|    time_elapsed         | 3856        |
|    total_timesteps      | 608256      |
| train/                  |             |
|    approx_kl            | 0.008363769 |
|    clip_fraction        | 0.0869      |
|    clip_range           | 0.2         |
|    entropy_loss         | -0.274      |
|    explained_variance   | 0.109       |
|    learning_rate        | 0.0003      |
|    loss                 | 9.98        |
|    n_updates            | 2960        |
|    policy_gradient_loss | -0.0035     |
|    value_loss           | 23.4        |
-----------------------------------------
----------------------------------------
| rollout/                |            |
|    ep_len_mean          | 254        |
|    ep_rew_mean          | 61.9       |
| time/                   |            |
|    fps                  | 157        |
|    iterations           | 298        |
|    time_elapsed         | 3867       |
|    total_timesteps      | 610304     |
| train/                  |            |
|    approx_kl            | 0.00859988 |
|    clip_fraction        | 0.0849     |
|    clip_range           | 0.2        |
|    entropy_loss         | -0.251     |
|    explained_variance   | 0.126      |
|    learning_rate        | 0.0003     |
|    loss                 | 11.9       |
|    n_updates            | 2970       |
|    policy_gradient_loss | -0.00271   |
|    value_loss           | 21.5       |
----------------------------------------
------------------------------------------
| rollout/                |              |
|    ep_len_mean          | 242          |
|    ep_rew_mean          | 58.7         |
| time/                   |              |
|    fps                  | 157          |
|    iterations           | 299          |
|    time_elapsed         | 3879         |
|    total_timesteps      | 612352       |
| train/                  |              |
|    approx_kl            | 0.0067807087 |
|    clip_fraction        | 0.0817       |
|    clip_range           | 0.2          |
|    entropy_loss         | -0.286       |
|    explained_variance   | 0.11         |
|    learning_rate        | 0.0003       |
|    loss                 | 12.6         |
|    n_updates            | 2980         |
|    policy_gradient_loss | 0.00137      |
|    value_loss           | 28.9         |
------------------------------------------
-----------------------------------------
| rollout/                |             |
|    ep_len_mean          | 232         |
|    ep_rew_mean          | 55.9        |
| time/                   |             |
|    fps                  | 157         |
|    iterations           | 300         |
|    time_elapsed         | 3890        |
|    total_timesteps      | 614400      |
| train/                  |             |
|    approx_kl            | 0.012218565 |
|    clip_fraction        | 0.0849      |
|    clip_range           | 0.2         |
|    entropy_loss         | -0.281      |
|    explained_variance   | 0.102       |
|    learning_rate        | 0.0003      |
|    loss                 | 19.9        |
|    n_updates            | 2990        |
|    policy_gradient_loss | -0.00393    |
|    value_loss           | 37.5        |
-----------------------------------------
-----------------------------------------
| rollout/                |             |
|    ep_len_mean          | 240         |
|    ep_rew_mean          | 58          |
| time/                   |             |
|    fps                  | 158         |
|    iterations           | 301         |
|    time_elapsed         | 3900        |
|    total_timesteps      | 616448      |
| train/                  |             |
|    approx_kl            | 0.008859966 |
|    clip_fraction        | 0.0904      |
|    clip_range           | 0.2         |
|    entropy_loss         | -0.27       |
|    explained_variance   | 0.167       |
|    learning_rate        | 0.0003      |
|    loss                 | 7.42        |
|    n_updates            | 3000        |
|    policy_gradient_loss | -0.000831   |
|    value_loss           | 23.8        |
-----------------------------------------
-----------------------------------------
| rollout/                |             |
|    ep_len_mean          | 236         |
|    ep_rew_mean          | 56.5        |
| time/                   |             |
|    fps                  | 158         |
|    iterations           | 302         |
|    time_elapsed         | 3911        |
|    total_timesteps      | 618496      |
| train/                  |             |
|    approx_kl            | 0.006927219 |
|    clip_fraction        | 0.0999      |
|    clip_range           | 0.2         |
|    entropy_loss         | -0.253      |
|    explained_variance   | -0.0328     |
|    learning_rate        | 0.0003      |
|    loss                 | 25.4        |
|    n_updates            | 3010        |
|    policy_gradient_loss | 0.00163     |
|    value_loss           | 24.3        |
-----------------------------------------
-----------------------------------------
| rollout/                |             |
|    ep_len_mean          | 241         |
|    ep_rew_mean          | 58          |
| time/                   |             |
|    fps                  | 158         |
|    iterations           | 303         |
|    time_elapsed         | 3922        |
|    total_timesteps      | 620544      |
| train/                  |             |
|    approx_kl            | 0.008920222 |
|    clip_fraction        | 0.0725      |
|    clip_range           | 0.2         |
|    entropy_loss         | -0.278      |
|    explained_variance   | 0.114       |
|    learning_rate        | 0.0003      |
|    loss                 | 13.7        |
|    n_updates            | 3020        |
|    policy_gradient_loss | -0.00215    |
|    value_loss           | 29          |
-----------------------------------------
-----------------------------------------
| rollout/                |             |
|    ep_len_mean          | 242         |
|    ep_rew_mean          | 58.1        |
| time/                   |             |
|    fps                  | 158         |
|    iterations           | 304         |
|    time_elapsed         | 3933        |
|    total_timesteps      | 622592      |
| train/                  |             |
|    approx_kl            | 0.006909465 |
|    clip_fraction        | 0.0868      |
|    clip_range           | 0.2         |
|    entropy_loss         | -0.249      |
|    explained_variance   | 0.0948      |
|    learning_rate        | 0.0003      |
|    loss                 | 7.15        |
|    n_updates            | 3030        |
|    policy_gradient_loss | -0.00255    |
|    value_loss           | 18.5        |
-----------------------------------------
-----------------------------------------
| rollout/                |             |
|    ep_len_mean          | 238         |
|    ep_rew_mean          | 56.8        |
| time/                   |             |
|    fps                  | 158         |
|    iterations           | 305         |
|    time_elapsed         | 3944        |
|    total_timesteps      | 624640      |
| train/                  |             |
|    approx_kl            | 0.009259083 |
|    clip_fraction        | 0.0776      |
|    clip_range           | 0.2         |
|    entropy_loss         | -0.244      |
|    explained_variance   | 0.244       |
|    learning_rate        | 0.0003      |
|    loss                 | 8.85        |
|    n_updates            | 3040        |
|    policy_gradient_loss | 0.000284    |
|    value_loss           | 24.6        |
-----------------------------------------
-----------------------------------------
| rollout/                |             |
|    ep_len_mean          | 242         |
|    ep_rew_mean          | 57.4        |
| time/                   |             |
|    fps                  | 158         |
|    iterations           | 306         |
|    time_elapsed         | 3954        |
|    total_timesteps      | 626688      |
| train/                  |             |
|    approx_kl            | 0.014558472 |
|    clip_fraction        | 0.087       |
|    clip_range           | 0.2         |
|    entropy_loss         | -0.251      |
|    explained_variance   | 0.00112     |
|    learning_rate        | 0.0003      |
|    loss                 | 18.5        |
|    n_updates            | 3050        |
|    policy_gradient_loss | -0.00269    |
|    value_loss           | 24.1        |
-----------------------------------------
-----------------------------------------
| rollout/                |             |
|    ep_len_mean          | 234         |
|    ep_rew_mean          | 56.1        |
| time/                   |             |
|    fps                  | 158         |
|    iterations           | 307         |
|    time_elapsed         | 3965        |
|    total_timesteps      | 628736      |
| train/                  |             |
|    approx_kl            | 0.013647184 |
|    clip_fraction        | 0.0985      |
|    clip_range           | 0.2         |
|    entropy_loss         | -0.251      |
|    explained_variance   | 0.101       |
|    learning_rate        | 0.0003      |
|    loss                 | 13.5        |
|    n_updates            | 3060        |
|    policy_gradient_loss | -0.00356    |
|    value_loss           | 20.5        |
-----------------------------------------
-----------------------------------------
| rollout/                |             |
|    ep_len_mean          | 238         |
|    ep_rew_mean          | 57          |
| time/                   |             |
|    fps                  | 158         |
|    iterations           | 308         |
|    time_elapsed         | 3975        |
|    total_timesteps      | 630784      |
| train/                  |             |
|    approx_kl            | 0.006380031 |
|    clip_fraction        | 0.0837      |
|    clip_range           | 0.2         |
|    entropy_loss         | -0.26       |
|    explained_variance   | 0.0619      |
|    learning_rate        | 0.0003      |
|    loss                 | 10.4        |
|    n_updates            | 3070        |
|    policy_gradient_loss | -0.000308   |
|    value_loss           | 29.8        |
-----------------------------------------
-----------------------------------------
| rollout/                |             |
|    ep_len_mean          | 227         |
|    ep_rew_mean          | 53.8        |
| time/                   |             |
|    fps                  | 158         |
|    iterations           | 309         |
|    time_elapsed         | 3987        |
|    total_timesteps      | 632832      |
| train/                  |             |
|    approx_kl            | 0.004558054 |
|    clip_fraction        | 0.0659      |
|    clip_range           | 0.2         |
|    entropy_loss         | -0.267      |
|    explained_variance   | 0.256       |
|    learning_rate        | 0.0003      |
|    loss                 | 6.25        |
|    n_updates            | 3080        |
|    policy_gradient_loss | -0.000126   |
|    value_loss           | 18          |
-----------------------------------------
-----------------------------------------
| rollout/                |             |
|    ep_len_mean          | 229         |
|    ep_rew_mean          | 54.5        |
| time/                   |             |
|    fps                  | 158         |
|    iterations           | 310         |
|    time_elapsed         | 3999        |
|    total_timesteps      | 634880      |
| train/                  |             |
|    approx_kl            | 0.014961403 |
|    clip_fraction        | 0.0712      |
|    clip_range           | 0.2         |
|    entropy_loss         | -0.274      |
|    explained_variance   | 0.104       |
|    learning_rate        | 0.0003      |
|    loss                 | 29.7        |
|    n_updates            | 3090        |
|    policy_gradient_loss | 0.000411    |
|    value_loss           | 32.4        |
-----------------------------------------
-----------------------------------------
| rollout/                |             |
|    ep_len_mean          | 234         |
|    ep_rew_mean          | 56.4        |
| time/                   |             |
|    fps                  | 158         |
|    iterations           | 311         |
|    time_elapsed         | 4011        |
|    total_timesteps      | 636928      |
| train/                  |             |
|    approx_kl            | 0.010348279 |
|    clip_fraction        | 0.0822      |
|    clip_range           | 0.2         |
|    entropy_loss         | -0.26       |
|    explained_variance   | 0.125       |
|    learning_rate        | 0.0003      |
|    loss                 | 15.9        |
|    n_updates            | 3100        |
|    policy_gradient_loss | -0.00133    |
|    value_loss           | 27.5        |
-----------------------------------------
-----------------------------------------
| rollout/                |             |
|    ep_len_mean          | 234         |
|    ep_rew_mean          | 55.3        |
| time/                   |             |
|    fps                  | 158         |
|    iterations           | 312         |
|    time_elapsed         | 4022        |
|    total_timesteps      | 638976      |
| train/                  |             |
|    approx_kl            | 0.008078059 |
|    clip_fraction        | 0.0916      |
|    clip_range           | 0.2         |
|    entropy_loss         | -0.264      |
|    explained_variance   | 0.0771      |
|    learning_rate        | 0.0003      |
|    loss                 | 7.05        |
|    n_updates            | 3110        |
|    policy_gradient_loss | -0.000798   |
|    value_loss           | 22.8        |
-----------------------------------------
------------------------------------------
| rollout/                |              |
|    ep_len_mean          | 238          |
|    ep_rew_mean          | 57           |
| time/                   |              |
|    fps                  | 158          |
|    iterations           | 313          |
|    time_elapsed         | 4033         |
|    total_timesteps      | 641024       |
| train/                  |              |
|    approx_kl            | 0.0072469804 |
|    clip_fraction        | 0.0658       |
|    clip_range           | 0.2          |
|    entropy_loss         | -0.249       |
|    explained_variance   | 0.0738       |
|    learning_rate        | 0.0003       |
|    loss                 | 13.1         |
|    n_updates            | 3120         |
|    policy_gradient_loss | 0.000906     |
|    value_loss           | 31.4         |
------------------------------------------
-----------------------------------------
| rollout/                |             |
|    ep_len_mean          | 235         |
|    ep_rew_mean          | 56.3        |
| time/                   |             |
|    fps                  | 158         |
|    iterations           | 314         |
|    time_elapsed         | 4045        |
|    total_timesteps      | 643072      |
| train/                  |             |
|    approx_kl            | 0.007907271 |
|    clip_fraction        | 0.0801      |
|    clip_range           | 0.2         |
|    entropy_loss         | -0.242      |
|    explained_variance   | 0.017       |
|    learning_rate        | 0.0003      |
|    loss                 | 10.4        |
|    n_updates            | 3130        |
|    policy_gradient_loss | -0.00115    |
|    value_loss           | 21          |
-----------------------------------------
-----------------------------------------
| rollout/                |             |
|    ep_len_mean          | 227         |
|    ep_rew_mean          | 54.6        |
| time/                   |             |
|    fps                  | 158         |
|    iterations           | 315         |
|    time_elapsed         | 4057        |
|    total_timesteps      | 645120      |
| train/                  |             |
|    approx_kl            | 0.008358277 |
|    clip_fraction        | 0.0736      |
|    clip_range           | 0.2         |
|    entropy_loss         | -0.245      |
|    explained_variance   | 0.134       |
|    learning_rate        | 0.0003      |
|    loss                 | 6.55        |
|    n_updates            | 3140        |
|    policy_gradient_loss | -0.00326    |
|    value_loss           | 26.3        |
-----------------------------------------
-----------------------------------------
| rollout/                |             |
|    ep_len_mean          | 222         |
|    ep_rew_mean          | 53.8        |
| time/                   |             |
|    fps                  | 159         |
|    iterations           | 316         |
|    time_elapsed         | 4069        |
|    total_timesteps      | 647168      |
| train/                  |             |
|    approx_kl            | 0.003573796 |
|    clip_fraction        | 0.057       |
|    clip_range           | 0.2         |
|    entropy_loss         | -0.263      |
|    explained_variance   | 0.138       |
|    learning_rate        | 0.0003      |
|    loss                 | 14          |
|    n_updates            | 3150        |
|    policy_gradient_loss | -0.00242    |
|    value_loss           | 27.7        |
-----------------------------------------
------------------------------------------
| rollout/                |              |
|    ep_len_mean          | 219          |
|    ep_rew_mean          | 52.9         |
| time/                   |              |
|    fps                  | 159          |
|    iterations           | 317          |
|    time_elapsed         | 4080         |
|    total_timesteps      | 649216       |
| train/                  |              |
|    approx_kl            | 0.0066785486 |
|    clip_fraction        | 0.0584       |
|    clip_range           | 0.2          |
|    entropy_loss         | -0.263       |
|    explained_variance   | 0.133        |
|    learning_rate        | 0.0003       |
|    loss                 | 30.5         |
|    n_updates            | 3160         |
|    policy_gradient_loss | -0.000167    |
|    value_loss           | 30.9         |
------------------------------------------
-----------------------------------------
| rollout/                |             |
|    ep_len_mean          | 226         |
|    ep_rew_mean          | 55.1        |
| time/                   |             |
|    fps                  | 159         |
|    iterations           | 318         |
|    time_elapsed         | 4091        |
|    total_timesteps      | 651264      |
| train/                  |             |
|    approx_kl            | 0.009349437 |
|    clip_fraction        | 0.0774      |
|    clip_range           | 0.2         |
|    entropy_loss         | -0.247      |
|    explained_variance   | 0.154       |
|    learning_rate        | 0.0003      |
|    loss                 | 6.93        |
|    n_updates            | 3170        |
|    policy_gradient_loss | -0.00138    |
|    value_loss           | 23.9        |
-----------------------------------------
------------------------------------------
| rollout/                |              |
|    ep_len_mean          | 222          |
|    ep_rew_mean          | 54.7         |
| time/                   |              |
|    fps                  | 159          |
|    iterations           | 319          |
|    time_elapsed         | 4102         |
|    total_timesteps      | 653312       |
| train/                  |              |
|    approx_kl            | 0.0128321545 |
|    clip_fraction        | 0.0777       |
|    clip_range           | 0.2          |
|    entropy_loss         | -0.234       |
|    explained_variance   | 0.207        |
|    learning_rate        | 0.0003       |
|    loss                 | 11.8         |
|    n_updates            | 3180         |
|    policy_gradient_loss | -0.000626    |
|    value_loss           | 23.8         |
------------------------------------------
-----------------------------------------
| rollout/                |             |
|    ep_len_mean          | 229         |
|    ep_rew_mean          | 56.7        |
| time/                   |             |
|    fps                  | 159         |
|    iterations           | 320         |
|    time_elapsed         | 4112        |
|    total_timesteps      | 655360      |
| train/                  |             |
|    approx_kl            | 0.009501383 |
|    clip_fraction        | 0.0745      |
|    clip_range           | 0.2         |
|    entropy_loss         | -0.237      |
|    explained_variance   | 0.244       |
|    learning_rate        | 0.0003      |
|    loss                 | 16.6        |
|    n_updates            | 3190        |
|    policy_gradient_loss | -0.00268    |
|    value_loss           | 28.3        |
-----------------------------------------
-----------------------------------------
| rollout/                |             |
|    ep_len_mean          | 236         |
|    ep_rew_mean          | 57.9        |
| time/                   |             |
|    fps                  | 159         |
|    iterations           | 321         |
|    time_elapsed         | 4124        |
|    total_timesteps      | 657408      |
| train/                  |             |
|    approx_kl            | 0.006089907 |
|    clip_fraction        | 0.049       |
|    clip_range           | 0.2         |
|    entropy_loss         | -0.237      |
|    explained_variance   | 0.223       |
|    learning_rate        | 0.0003      |
|    loss                 | 8           |
|    n_updates            | 3200        |
|    policy_gradient_loss | -0.000242   |
|    value_loss           | 20.3        |
-----------------------------------------
-----------------------------------------
| rollout/                |             |
|    ep_len_mean          | 237         |
|    ep_rew_mean          | 58.5        |
| time/                   |             |
|    fps                  | 159         |
|    iterations           | 322         |
|    time_elapsed         | 4135        |
|    total_timesteps      | 659456      |
| train/                  |             |
|    approx_kl            | 0.011200704 |
|    clip_fraction        | 0.0974      |
|    clip_range           | 0.2         |
|    entropy_loss         | -0.257      |
|    explained_variance   | 0.0723      |
|    learning_rate        | 0.0003      |
|    loss                 | 15.1        |
|    n_updates            | 3210        |
|    policy_gradient_loss | -0.00018    |
|    value_loss           | 26.7        |
-----------------------------------------
-----------------------------------------
| rollout/                |             |
|    ep_len_mean          | 228         |
|    ep_rew_mean          | 55.7        |
| time/                   |             |
|    fps                  | 159         |
|    iterations           | 323         |
|    time_elapsed         | 4147        |
|    total_timesteps      | 661504      |
| train/                  |             |
|    approx_kl            | 0.006590168 |
|    clip_fraction        | 0.0661      |
|    clip_range           | 0.2         |
|    entropy_loss         | -0.233      |
|    explained_variance   | 0.149       |
|    learning_rate        | 0.0003      |
|    loss                 | 13.2        |
|    n_updates            | 3220        |
|    policy_gradient_loss | -0.00303    |
|    value_loss           | 28.7        |
-----------------------------------------
-----------------------------------------
| rollout/                |             |
|    ep_len_mean          | 222         |
|    ep_rew_mean          | 53.8        |
| time/                   |             |
|    fps                  | 159         |
|    iterations           | 324         |
|    time_elapsed         | 4158        |
|    total_timesteps      | 663552      |
| train/                  |             |
|    approx_kl            | 0.007197351 |
|    clip_fraction        | 0.0708      |
|    clip_range           | 0.2         |
|    entropy_loss         | -0.256      |
|    explained_variance   | 0.0652      |
|    learning_rate        | 0.0003      |
|    loss                 | 15.9        |
|    n_updates            | 3230        |
|    policy_gradient_loss | 0.00218     |
|    value_loss           | 34.8        |
-----------------------------------------
------------------------------------------
| rollout/                |              |
|    ep_len_mean          | 223          |
|    ep_rew_mean          | 54.3         |
| time/                   |              |
|    fps                  | 159          |
|    iterations           | 325          |
|    time_elapsed         | 4170         |
|    total_timesteps      | 665600       |
| train/                  |              |
|    approx_kl            | 0.0076843174 |
|    clip_fraction        | 0.0839       |
|    clip_range           | 0.2          |
|    entropy_loss         | -0.228       |
|    explained_variance   | 0.139        |
|    learning_rate        | 0.0003       |
|    loss                 | 10.8         |
|    n_updates            | 3240         |
|    policy_gradient_loss | -0.00062     |
|    value_loss           | 25.8         |
------------------------------------------
------------------------------------------
| rollout/                |              |
|    ep_len_mean          | 218          |
|    ep_rew_mean          | 51.8         |
| time/                   |              |
|    fps                  | 159          |
|    iterations           | 326          |
|    time_elapsed         | 4182         |
|    total_timesteps      | 667648       |
| train/                  |              |
|    approx_kl            | 0.0049595097 |
|    clip_fraction        | 0.0658       |
|    clip_range           | 0.2          |
|    entropy_loss         | -0.248       |
|    explained_variance   | 0.117        |
|    learning_rate        | 0.0003       |
|    loss                 | 17.7         |
|    n_updates            | 3250         |
|    policy_gradient_loss | -0.00264     |
|    value_loss           | 28.8         |
------------------------------------------
------------------------------------------
| rollout/                |              |
|    ep_len_mean          | 223          |
|    ep_rew_mean          | 52.8         |
| time/                   |              |
|    fps                  | 159          |
|    iterations           | 327          |
|    time_elapsed         | 4193         |
|    total_timesteps      | 669696       |
| train/                  |              |
|    approx_kl            | 0.0075217034 |
|    clip_fraction        | 0.0624       |
|    clip_range           | 0.2          |
|    entropy_loss         | -0.242       |
|    explained_variance   | 0.136        |
|    learning_rate        | 0.0003       |
|    loss                 | 14.7         |
|    n_updates            | 3260         |
|    policy_gradient_loss | -0.00175     |
|    value_loss           | 25.9         |
------------------------------------------
-----------------------------------------
| rollout/                |             |
|    ep_len_mean          | 232         |
|    ep_rew_mean          | 55.5        |
| time/                   |             |
|    fps                  | 159         |
|    iterations           | 328         |
|    time_elapsed         | 4203        |
|    total_timesteps      | 671744      |
| train/                  |             |
|    approx_kl            | 0.007840581 |
|    clip_fraction        | 0.0671      |
|    clip_range           | 0.2         |
|    entropy_loss         | -0.222      |
|    explained_variance   | 0.127       |
|    learning_rate        | 0.0003      |
|    loss                 | 22.8        |
|    n_updates            | 3270        |
|    policy_gradient_loss | -0.00029    |
|    value_loss           | 24.7        |
-----------------------------------------
-----------------------------------------
| rollout/                |             |
|    ep_len_mean          | 221         |
|    ep_rew_mean          | 52.3        |
| time/                   |             |
|    fps                  | 159         |
|    iterations           | 329         |
|    time_elapsed         | 4215        |
|    total_timesteps      | 673792      |
| train/                  |             |
|    approx_kl            | 0.011173962 |
|    clip_fraction        | 0.0877      |
|    clip_range           | 0.2         |
|    entropy_loss         | -0.24       |
|    explained_variance   | 0.124       |
|    learning_rate        | 0.0003      |
|    loss                 | 4.26        |
|    n_updates            | 3280        |
|    policy_gradient_loss | -0.00285    |
|    value_loss           | 17.5        |
-----------------------------------------
-----------------------------------------
| rollout/                |             |
|    ep_len_mean          | 219         |
|    ep_rew_mean          | 51.3        |
| time/                   |             |
|    fps                  | 159         |
|    iterations           | 330         |
|    time_elapsed         | 4226        |
|    total_timesteps      | 675840      |
| train/                  |             |
|    approx_kl            | 0.008779106 |
|    clip_fraction        | 0.0599      |
|    clip_range           | 0.2         |
|    entropy_loss         | -0.236      |
|    explained_variance   | 0.0552      |
|    learning_rate        | 0.0003      |
|    loss                 | 8.42        |
|    n_updates            | 3290        |
|    policy_gradient_loss | -0.000605   |
|    value_loss           | 31.4        |
-----------------------------------------
-----------------------------------------
| rollout/                |             |
|    ep_len_mean          | 212         |
|    ep_rew_mean          | 49.6        |
| time/                   |             |
|    fps                  | 159         |
|    iterations           | 331         |
|    time_elapsed         | 4238        |
|    total_timesteps      | 677888      |
| train/                  |             |
|    approx_kl            | 0.009369382 |
|    clip_fraction        | 0.0896      |
|    clip_range           | 0.2         |
|    entropy_loss         | -0.251      |
|    explained_variance   | 0.0271      |
|    learning_rate        | 0.0003      |
|    loss                 | 10.9        |
|    n_updates            | 3300        |
|    policy_gradient_loss | -0.00166    |
|    value_loss           | 22.3        |
-----------------------------------------
-----------------------------------------
| rollout/                |             |
|    ep_len_mean          | 213         |
|    ep_rew_mean          | 50.6        |
| time/                   |             |
|    fps                  | 160         |
|    iterations           | 332         |
|    time_elapsed         | 4249        |
|    total_timesteps      | 679936      |
| train/                  |             |
|    approx_kl            | 0.005849342 |
|    clip_fraction        | 0.0624      |
|    clip_range           | 0.2         |
|    entropy_loss         | -0.23       |
|    explained_variance   | 0.12        |
|    learning_rate        | 0.0003      |
|    loss                 | 13.8        |
|    n_updates            | 3310        |
|    policy_gradient_loss | 0.00187     |
|    value_loss           | 27.4        |
-----------------------------------------
-----------------------------------------
| rollout/                |             |
|    ep_len_mean          | 217         |
|    ep_rew_mean          | 51.3        |
| time/                   |             |
|    fps                  | 160         |
|    iterations           | 333         |
|    time_elapsed         | 4261        |
|    total_timesteps      | 681984      |
| train/                  |             |
|    approx_kl            | 0.007855186 |
|    clip_fraction        | 0.0809      |
|    clip_range           | 0.2         |
|    entropy_loss         | -0.221      |
|    explained_variance   | 0.232       |
|    learning_rate        | 0.0003      |
|    loss                 | 5.04        |
|    n_updates            | 3320        |
|    policy_gradient_loss | -0.00064    |
|    value_loss           | 24.3        |
-----------------------------------------
------------------------------------------
| rollout/                |              |
|    ep_len_mean          | 221          |
|    ep_rew_mean          | 52.6         |
| time/                   |              |
|    fps                  | 160          |
|    iterations           | 334          |
|    time_elapsed         | 4272         |
|    total_timesteps      | 684032       |
| train/                  |              |
|    approx_kl            | 0.0061514354 |
|    clip_fraction        | 0.0772       |
|    clip_range           | 0.2          |
|    entropy_loss         | -0.247       |
|    explained_variance   | 0.234        |
|    learning_rate        | 0.0003       |
|    loss                 | 9.71         |
|    n_updates            | 3330         |
|    policy_gradient_loss | -0.00163     |
|    value_loss           | 25.1         |
------------------------------------------
-----------------------------------------
| rollout/                |             |
|    ep_len_mean          | 219         |
|    ep_rew_mean          | 51.9        |
| time/                   |             |
|    fps                  | 160         |
|    iterations           | 335         |
|    time_elapsed         | 4284        |
|    total_timesteps      | 686080      |
| train/                  |             |
|    approx_kl            | 0.009061196 |
|    clip_fraction        | 0.0646      |
|    clip_range           | 0.2         |
|    entropy_loss         | -0.244      |
|    explained_variance   | 0.144       |
|    learning_rate        | 0.0003      |
|    loss                 | 13.9        |
|    n_updates            | 3340        |
|    policy_gradient_loss | 0.00221     |
|    value_loss           | 26.8        |
-----------------------------------------
-----------------------------------------
| rollout/                |             |
|    ep_len_mean          | 230         |
|    ep_rew_mean          | 55.1        |
| time/                   |             |
|    fps                  | 160         |
|    iterations           | 336         |
|    time_elapsed         | 4294        |
|    total_timesteps      | 688128      |
| train/                  |             |
|    approx_kl            | 0.008477494 |
|    clip_fraction        | 0.0705      |
|    clip_range           | 0.2         |
|    entropy_loss         | -0.225      |
|    explained_variance   | 0.0564      |
|    learning_rate        | 0.0003      |
|    loss                 | 21.1        |
|    n_updates            | 3350        |
|    policy_gradient_loss | -0.00283    |
|    value_loss           | 30.8        |
-----------------------------------------
-----------------------------------------
| rollout/                |             |
|    ep_len_mean          | 227         |
|    ep_rew_mean          | 54.7        |
| time/                   |             |
|    fps                  | 160         |
|    iterations           | 337         |
|    time_elapsed         | 4306        |
|    total_timesteps      | 690176      |
| train/                  |             |
|    approx_kl            | 0.016717896 |
|    clip_fraction        | 0.0736      |
|    clip_range           | 0.2         |
|    entropy_loss         | -0.22       |
|    explained_variance   | 0.16        |
|    learning_rate        | 0.0003      |
|    loss                 | 12.6        |
|    n_updates            | 3360        |
|    policy_gradient_loss | -0.00236    |
|    value_loss           | 19.7        |
-----------------------------------------
-----------------------------------------
| rollout/                |             |
|    ep_len_mean          | 235         |
|    ep_rew_mean          | 57          |
| time/                   |             |
|    fps                  | 160         |
|    iterations           | 338         |
|    time_elapsed         | 4317        |
|    total_timesteps      | 692224      |
| train/                  |             |
|    approx_kl            | 0.006654611 |
|    clip_fraction        | 0.0621      |
|    clip_range           | 0.2         |
|    entropy_loss         | -0.216      |
|    explained_variance   | 0.0875      |
|    learning_rate        | 0.0003      |
|    loss                 | 10.4        |
|    n_updates            | 3370        |
|    policy_gradient_loss | -0.00108    |
|    value_loss           | 29.6        |
-----------------------------------------
------------------------------------------
| rollout/                |              |
|    ep_len_mean          | 222          |
|    ep_rew_mean          | 52.5         |
| time/                   |              |
|    fps                  | 160          |
|    iterations           | 339          |
|    time_elapsed         | 4328         |
|    total_timesteps      | 694272       |
| train/                  |              |
|    approx_kl            | 0.0042455224 |
|    clip_fraction        | 0.0606       |
|    clip_range           | 0.2          |
|    entropy_loss         | -0.232       |
|    explained_variance   | 0.184        |
|    learning_rate        | 0.0003       |
|    loss                 | 6.28         |
|    n_updates            | 3380         |
|    policy_gradient_loss | -4.95e-05    |
|    value_loss           | 24           |
------------------------------------------
-----------------------------------------
| rollout/                |             |
|    ep_len_mean          | 231         |
|    ep_rew_mean          | 55.1        |
| time/                   |             |
|    fps                  | 160         |
|    iterations           | 340         |
|    time_elapsed         | 4340        |
|    total_timesteps      | 696320      |
| train/                  |             |
|    approx_kl            | 0.009104027 |
|    clip_fraction        | 0.0832      |
|    clip_range           | 0.2         |
|    entropy_loss         | -0.233      |
|    explained_variance   | 0.133       |
|    learning_rate        | 0.0003      |
|    loss                 | 12.3        |
|    n_updates            | 3390        |
|    policy_gradient_loss | -0.00501    |
|    value_loss           | 24.2        |
-----------------------------------------
-----------------------------------------
| rollout/                |             |
|    ep_len_mean          | 228         |
|    ep_rew_mean          | 54.2        |
| time/                   |             |
|    fps                  | 160         |
|    iterations           | 341         |
|    time_elapsed         | 4351        |
|    total_timesteps      | 698368      |
| train/                  |             |
|    approx_kl            | 0.009032154 |
|    clip_fraction        | 0.0838      |
|    clip_range           | 0.2         |
|    entropy_loss         | -0.227      |
|    explained_variance   | 0.132       |
|    learning_rate        | 0.0003      |
|    loss                 | 4.55        |
|    n_updates            | 3400        |
|    policy_gradient_loss | -0.00154    |
|    value_loss           | 26          |
-----------------------------------------
-----------------------------------------
| rollout/                |             |
|    ep_len_mean          | 236         |
|    ep_rew_mean          | 56          |
| time/                   |             |
|    fps                  | 160         |
|    iterations           | 342         |
|    time_elapsed         | 4362        |
|    total_timesteps      | 700416      |
| train/                  |             |
|    approx_kl            | 0.006391461 |
|    clip_fraction        | 0.0708      |
|    clip_range           | 0.2         |
|    entropy_loss         | -0.218      |
|    explained_variance   | 0.0753      |
|    learning_rate        | 0.0003      |
|    loss                 | 14.7        |
|    n_updates            | 3410        |
|    policy_gradient_loss | 0.00103     |
|    value_loss           | 24.3        |
-----------------------------------------
-----------------------------------------
| rollout/                |             |
|    ep_len_mean          | 233         |
|    ep_rew_mean          | 54.9        |
| time/                   |             |
|    fps                  | 160         |
|    iterations           | 343         |
|    time_elapsed         | 4373        |
|    total_timesteps      | 702464      |
| train/                  |             |
|    approx_kl            | 0.008052104 |
|    clip_fraction        | 0.073       |
|    clip_range           | 0.2         |
|    entropy_loss         | -0.204      |
|    explained_variance   | 0.108       |
|    learning_rate        | 0.0003      |
|    loss                 | 7.48        |
|    n_updates            | 3420        |
|    policy_gradient_loss | 0.000413    |
|    value_loss           | 16.6        |
-----------------------------------------
-----------------------------------------
| rollout/                |             |
|    ep_len_mean          | 232         |
|    ep_rew_mean          | 55          |
| time/                   |             |
|    fps                  | 160         |
|    iterations           | 344         |
|    time_elapsed         | 4384        |
|    total_timesteps      | 704512      |
| train/                  |             |
|    approx_kl            | 0.012159929 |
|    clip_fraction        | 0.0756      |
|    clip_range           | 0.2         |
|    entropy_loss         | -0.224      |
|    explained_variance   | 0.111       |
|    learning_rate        | 0.0003      |
|    loss                 | 15.1        |
|    n_updates            | 3430        |
|    policy_gradient_loss | -0.00239    |
|    value_loss           | 30.5        |
-----------------------------------------
-----------------------------------------
| rollout/                |             |
|    ep_len_mean          | 232         |
|    ep_rew_mean          | 55.4        |
| time/                   |             |
|    fps                  | 160         |
|    iterations           | 345         |
|    time_elapsed         | 4396        |
|    total_timesteps      | 706560      |
| train/                  |             |
|    approx_kl            | 0.006970071 |
|    clip_fraction        | 0.0597      |
|    clip_range           | 0.2         |
|    entropy_loss         | -0.233      |
|    explained_variance   | 0.137       |
|    learning_rate        | 0.0003      |
|    loss                 | 21.1        |
|    n_updates            | 3440        |
|    policy_gradient_loss | -0.00273    |
|    value_loss           | 27.1        |
-----------------------------------------
-----------------------------------------
| rollout/                |             |
|    ep_len_mean          | 240         |
|    ep_rew_mean          | 58          |
| time/                   |             |
|    fps                  | 160         |
|    iterations           | 346         |
|    time_elapsed         | 4407        |
|    total_timesteps      | 708608      |
| train/                  |             |
|    approx_kl            | 0.004563923 |
|    clip_fraction        | 0.0485      |
|    clip_range           | 0.2         |
|    entropy_loss         | -0.202      |
|    explained_variance   | 0.216       |
|    learning_rate        | 0.0003      |
|    loss                 | 15.2        |
|    n_updates            | 3450        |
|    policy_gradient_loss | -0.000694   |
|    value_loss           | 25.5        |
-----------------------------------------
-----------------------------------------
| rollout/                |             |
|    ep_len_mean          | 231         |
|    ep_rew_mean          | 55.7        |
| time/                   |             |
|    fps                  | 160         |
|    iterations           | 347         |
|    time_elapsed         | 4418        |
|    total_timesteps      | 710656      |
| train/                  |             |
|    approx_kl            | 0.011350753 |
|    clip_fraction        | 0.0926      |
|    clip_range           | 0.2         |
|    entropy_loss         | -0.247      |
|    explained_variance   | 0.254       |
|    learning_rate        | 0.0003      |
|    loss                 | 6.43        |
|    n_updates            | 3460        |
|    policy_gradient_loss | 0.00176     |
|    value_loss           | 24.7        |
-----------------------------------------
-----------------------------------------
| rollout/                |             |
|    ep_len_mean          | 229         |
|    ep_rew_mean          | 53.9        |
| time/                   |             |
|    fps                  | 160         |
|    iterations           | 348         |
|    time_elapsed         | 4429        |
|    total_timesteps      | 712704      |
| train/                  |             |
|    approx_kl            | 0.008965034 |
|    clip_fraction        | 0.0662      |
|    clip_range           | 0.2         |
|    entropy_loss         | -0.217      |
|    explained_variance   | 0.182       |
|    learning_rate        | 0.0003      |
|    loss                 | 10.2        |
|    n_updates            | 3470        |
|    policy_gradient_loss | -0.00111    |
|    value_loss           | 29.2        |
-----------------------------------------
-----------------------------------------
| rollout/                |             |
|    ep_len_mean          | 238         |
|    ep_rew_mean          | 56.3        |
| time/                   |             |
|    fps                  | 160         |
|    iterations           | 349         |
|    time_elapsed         | 4439        |
|    total_timesteps      | 714752      |
| train/                  |             |
|    approx_kl            | 0.009245996 |
|    clip_fraction        | 0.0873      |
|    clip_range           | 0.2         |
|    entropy_loss         | -0.251      |
|    explained_variance   | 0.00758     |
|    learning_rate        | 0.0003      |
|    loss                 | 20.8        |
|    n_updates            | 3480        |
|    policy_gradient_loss | -0.00169    |
|    value_loss           | 26.2        |
-----------------------------------------
-----------------------------------------
| rollout/                |             |
|    ep_len_mean          | 231         |
|    ep_rew_mean          | 54.8        |
| time/                   |             |
|    fps                  | 161         |
|    iterations           | 350         |
|    time_elapsed         | 4451        |
|    total_timesteps      | 716800      |
| train/                  |             |
|    approx_kl            | 0.006045427 |
|    clip_fraction        | 0.0717      |
|    clip_range           | 0.2         |
|    entropy_loss         | -0.238      |
|    explained_variance   | 0.332       |
|    learning_rate        | 0.0003      |
|    loss                 | 8.24        |
|    n_updates            | 3490        |
|    policy_gradient_loss | -0.000366   |
|    value_loss           | 17.2        |
-----------------------------------------
---------------------------------------
| rollout/                |           |
|    ep_len_mean          | 226       |
|    ep_rew_mean          | 53.6      |
| time/                   |           |
|    fps                  | 161       |
|    iterations           | 351       |
|    time_elapsed         | 4462      |
|    total_timesteps      | 718848    |
| train/                  |           |
|    approx_kl            | 0.0095443 |
|    clip_fraction        | 0.0645    |
|    clip_range           | 0.2       |
|    entropy_loss         | -0.234    |
|    explained_variance   | 0.234     |
|    learning_rate        | 0.0003    |
|    loss                 | 7.19      |
|    n_updates            | 3500      |
|    policy_gradient_loss | -0.00167  |
|    value_loss           | 26.4      |
---------------------------------------
-----------------------------------------
| rollout/                |             |
|    ep_len_mean          | 230         |
|    ep_rew_mean          | 55          |
| time/                   |             |
|    fps                  | 161         |
|    iterations           | 352         |
|    time_elapsed         | 4474        |
|    total_timesteps      | 720896      |
| train/                  |             |
|    approx_kl            | 0.008105702 |
|    clip_fraction        | 0.0581      |
|    clip_range           | 0.2         |
|    entropy_loss         | -0.233      |
|    explained_variance   | 0.144       |
|    learning_rate        | 0.0003      |
|    loss                 | 13.7        |
|    n_updates            | 3510        |
|    policy_gradient_loss | 2.69e-05    |
|    value_loss           | 26.9        |
-----------------------------------------
-----------------------------------------
| rollout/                |             |
|    ep_len_mean          | 226         |
|    ep_rew_mean          | 54.6        |
| time/                   |             |
|    fps                  | 161         |
|    iterations           | 353         |
|    time_elapsed         | 4485        |
|    total_timesteps      | 722944      |
| train/                  |             |
|    approx_kl            | 0.007595524 |
|    clip_fraction        | 0.0686      |
|    clip_range           | 0.2         |
|    entropy_loss         | -0.242      |
|    explained_variance   | 0.0884      |
|    learning_rate        | 0.0003      |
|    loss                 | 3.84        |
|    n_updates            | 3520        |
|    policy_gradient_loss | -0.000127   |
|    value_loss           | 24.9        |
-----------------------------------------
-----------------------------------------
| rollout/                |             |
|    ep_len_mean          | 217         |
|    ep_rew_mean          | 51.8        |
| time/                   |             |
|    fps                  | 161         |
|    iterations           | 354         |
|    time_elapsed         | 4498        |
|    total_timesteps      | 724992      |
| train/                  |             |
|    approx_kl            | 0.011253064 |
|    clip_fraction        | 0.0829      |
|    clip_range           | 0.2         |
|    entropy_loss         | -0.25       |
|    explained_variance   | 0.174       |
|    learning_rate        | 0.0003      |
|    loss                 | 4.13        |
|    n_updates            | 3530        |
|    policy_gradient_loss | -0.00123    |
|    value_loss           | 18.2        |
-----------------------------------------
------------------------------------------
| rollout/                |              |
|    ep_len_mean          | 214          |
|    ep_rew_mean          | 50.3         |
| time/                   |              |
|    fps                  | 161          |
|    iterations           | 355          |
|    time_elapsed         | 4510         |
|    total_timesteps      | 727040       |
| train/                  |              |
|    approx_kl            | 0.0111828195 |
|    clip_fraction        | 0.0683       |
|    clip_range           | 0.2          |
|    entropy_loss         | -0.252       |
|    explained_variance   | 0.0968       |
|    learning_rate        | 0.0003       |
|    loss                 | 17.7         |
|    n_updates            | 3540         |
|    policy_gradient_loss | -0.00238     |
|    value_loss           | 41.4         |
------------------------------------------
-----------------------------------------
| rollout/                |             |
|    ep_len_mean          | 207         |
|    ep_rew_mean          | 47.8        |
| time/                   |             |
|    fps                  | 161         |
|    iterations           | 356         |
|    time_elapsed         | 4522        |
|    total_timesteps      | 729088      |
| train/                  |             |
|    approx_kl            | 0.004885575 |
|    clip_fraction        | 0.0739      |
|    clip_range           | 0.2         |
|    entropy_loss         | -0.259      |
|    explained_variance   | 0.112       |
|    learning_rate        | 0.0003      |
|    loss                 | 9.51        |
|    n_updates            | 3550        |
|    policy_gradient_loss | -0.000235   |
|    value_loss           | 31.6        |
-----------------------------------------
-----------------------------------------
| rollout/                |             |
|    ep_len_mean          | 203         |
|    ep_rew_mean          | 46.8        |
| time/                   |             |
|    fps                  | 161         |
|    iterations           | 357         |
|    time_elapsed         | 4534        |
|    total_timesteps      | 731136      |
| train/                  |             |
|    approx_kl            | 0.010623926 |
|    clip_fraction        | 0.0814      |
|    clip_range           | 0.2         |
|    entropy_loss         | -0.255      |
|    explained_variance   | 0.0757      |
|    learning_rate        | 0.0003      |
|    loss                 | 8.61        |
|    n_updates            | 3560        |
|    policy_gradient_loss | -0.00111    |
|    value_loss           | 22.6        |
-----------------------------------------
-----------------------------------------
| rollout/                |             |
|    ep_len_mean          | 206         |
|    ep_rew_mean          | 48.2        |
| time/                   |             |
|    fps                  | 161         |
|    iterations           | 358         |
|    time_elapsed         | 4544        |
|    total_timesteps      | 733184      |
| train/                  |             |
|    approx_kl            | 0.007956279 |
|    clip_fraction        | 0.0729      |
|    clip_range           | 0.2         |
|    entropy_loss         | -0.247      |
|    explained_variance   | 0.0396      |
|    learning_rate        | 0.0003      |
|    loss                 | 16.4        |
|    n_updates            | 3570        |
|    policy_gradient_loss | 0.000153    |
|    value_loss           | 31.5        |
-----------------------------------------
-----------------------------------------
| rollout/                |             |
|    ep_len_mean          | 215         |
|    ep_rew_mean          | 51.1        |
| time/                   |             |
|    fps                  | 161         |
|    iterations           | 359         |
|    time_elapsed         | 4554        |
|    total_timesteps      | 735232      |
| train/                  |             |
|    approx_kl            | 0.007841377 |
|    clip_fraction        | 0.0748      |
|    clip_range           | 0.2         |
|    entropy_loss         | -0.235      |
|    explained_variance   | 0.151       |
|    learning_rate        | 0.0003      |
|    loss                 | 2.58        |
|    n_updates            | 3580        |
|    policy_gradient_loss | 0.0011      |
|    value_loss           | 15.1        |
-----------------------------------------
------------------------------------------
| rollout/                |              |
|    ep_len_mean          | 219          |
|    ep_rew_mean          | 52.5         |
| time/                   |              |
|    fps                  | 161          |
|    iterations           | 360          |
|    time_elapsed         | 4565         |
|    total_timesteps      | 737280       |
| train/                  |              |
|    approx_kl            | 0.0064061014 |
|    clip_fraction        | 0.083        |
|    clip_range           | 0.2          |
|    entropy_loss         | -0.247       |
|    explained_variance   | 0.143        |
|    learning_rate        | 0.0003       |
|    loss                 | 6.05         |
|    n_updates            | 3590         |
|    policy_gradient_loss | -0.00104     |
|    value_loss           | 15.4         |
------------------------------------------
---------------------------------------
| rollout/                |           |
|    ep_len_mean          | 230       |
|    ep_rew_mean          | 55.4      |
| time/                   |           |
|    fps                  | 161       |
|    iterations           | 361       |
|    time_elapsed         | 4575      |
|    total_timesteps      | 739328    |
| train/                  |           |
|    approx_kl            | 0.0054701 |
|    clip_fraction        | 0.0729    |
|    clip_range           | 0.2       |
|    entropy_loss         | -0.245    |
|    explained_variance   | 0.204     |
|    learning_rate        | 0.0003    |
|    loss                 | 22.1      |
|    n_updates            | 3600      |
|    policy_gradient_loss | 0.00232   |
|    value_loss           | 23.4      |
---------------------------------------
-----------------------------------------
| rollout/                |             |
|    ep_len_mean          | 230         |
|    ep_rew_mean          | 55.2        |
| time/                   |             |
|    fps                  | 161         |
|    iterations           | 362         |
|    time_elapsed         | 4588        |
|    total_timesteps      | 741376      |
| train/                  |             |
|    approx_kl            | 0.010662648 |
|    clip_fraction        | 0.0667      |
|    clip_range           | 0.2         |
|    entropy_loss         | -0.242      |
|    explained_variance   | 0.146       |
|    learning_rate        | 0.0003      |
|    loss                 | 8.21        |
|    n_updates            | 3610        |
|    policy_gradient_loss | -0.000841   |
|    value_loss           | 16.7        |
-----------------------------------------
-----------------------------------------
| rollout/                |             |
|    ep_len_mean          | 217         |
|    ep_rew_mean          | 51          |
| time/                   |             |
|    fps                  | 161         |
|    iterations           | 363         |
|    time_elapsed         | 4600        |
|    total_timesteps      | 743424      |
| train/                  |             |
|    approx_kl            | 0.009386756 |
|    clip_fraction        | 0.0676      |
|    clip_range           | 0.2         |
|    entropy_loss         | -0.231      |
|    explained_variance   | 0.0957      |
|    learning_rate        | 0.0003      |
|    loss                 | 16.1        |
|    n_updates            | 3620        |
|    policy_gradient_loss | -0.000906   |
|    value_loss           | 34.9        |
-----------------------------------------
-----------------------------------------
| rollout/                |             |
|    ep_len_mean          | 217         |
|    ep_rew_mean          | 51          |
| time/                   |             |
|    fps                  | 161         |
|    iterations           | 364         |
|    time_elapsed         | 4611        |
|    total_timesteps      | 745472      |
| train/                  |             |
|    approx_kl            | 0.009182945 |
|    clip_fraction        | 0.0612      |
|    clip_range           | 0.2         |
|    entropy_loss         | -0.233      |
|    explained_variance   | 0.127       |
|    learning_rate        | 0.0003      |
|    loss                 | 16.7        |
|    n_updates            | 3630        |
|    policy_gradient_loss | -0.00332    |
|    value_loss           | 33.3        |
-----------------------------------------
-----------------------------------------
| rollout/                |             |
|    ep_len_mean          | 228         |
|    ep_rew_mean          | 54          |
| time/                   |             |
|    fps                  | 161         |
|    iterations           | 365         |
|    time_elapsed         | 4622        |
|    total_timesteps      | 747520      |
| train/                  |             |
|    approx_kl            | 0.012348903 |
|    clip_fraction        | 0.0794      |
|    clip_range           | 0.2         |
|    entropy_loss         | -0.247      |
|    explained_variance   | 0.102       |
|    learning_rate        | 0.0003      |
|    loss                 | 6.91        |
|    n_updates            | 3640        |
|    policy_gradient_loss | 0.00335     |
|    value_loss           | 21.6        |
-----------------------------------------
-----------------------------------------
| rollout/                |             |
|    ep_len_mean          | 239         |
|    ep_rew_mean          | 57.3        |
| time/                   |             |
|    fps                  | 161         |
|    iterations           | 366         |
|    time_elapsed         | 4633        |
|    total_timesteps      | 749568      |
| train/                  |             |
|    approx_kl            | 0.011437406 |
|    clip_fraction        | 0.0752      |
|    clip_range           | 0.2         |
|    entropy_loss         | -0.238      |
|    explained_variance   | 0.0106      |
|    learning_rate        | 0.0003      |
|    loss                 | 7.19        |
|    n_updates            | 3650        |
|    policy_gradient_loss | -0.00278    |
|    value_loss           | 23.8        |
-----------------------------------------
-----------------------------------------
| rollout/                |             |
|    ep_len_mean          | 248         |
|    ep_rew_mean          | 60.2        |
| time/                   |             |
|    fps                  | 161         |
|    iterations           | 367         |
|    time_elapsed         | 4643        |
|    total_timesteps      | 751616      |
| train/                  |             |
|    approx_kl            | 0.008282132 |
|    clip_fraction        | 0.0704      |
|    clip_range           | 0.2         |
|    entropy_loss         | -0.238      |
|    explained_variance   | 0.111       |
|    learning_rate        | 0.0003      |
|    loss                 | 6.06        |
|    n_updates            | 3660        |
|    policy_gradient_loss | -0.00173    |
|    value_loss           | 20.3        |
-----------------------------------------
-----------------------------------------
| rollout/                |             |
|    ep_len_mean          | 257         |
|    ep_rew_mean          | 63.5        |
| time/                   |             |
|    fps                  | 161         |
|    iterations           | 368         |
|    time_elapsed         | 4655        |
|    total_timesteps      | 753664      |
| train/                  |             |
|    approx_kl            | 0.006169163 |
|    clip_fraction        | 0.0768      |
|    clip_range           | 0.2         |
|    entropy_loss         | -0.223      |
|    explained_variance   | 0.245       |
|    learning_rate        | 0.0003      |
|    loss                 | 6.34        |
|    n_updates            | 3670        |
|    policy_gradient_loss | -0.00601    |
|    value_loss           | 18.2        |
-----------------------------------------
------------------------------------------
| rollout/                |              |
|    ep_len_mean          | 256          |
|    ep_rew_mean          | 63.1         |
| time/                   |              |
|    fps                  | 161          |
|    iterations           | 369          |
|    time_elapsed         | 4666         |
|    total_timesteps      | 755712       |
| train/                  |              |
|    approx_kl            | 0.0090284515 |
|    clip_fraction        | 0.0657       |
|    clip_range           | 0.2          |
|    entropy_loss         | -0.214       |
|    explained_variance   | 0.297        |
|    learning_rate        | 0.0003       |
|    loss                 | 4.56         |
|    n_updates            | 3680         |
|    policy_gradient_loss | -0.00145     |
|    value_loss           | 23.9         |
------------------------------------------
-----------------------------------------
| rollout/                |             |
|    ep_len_mean          | 270         |
|    ep_rew_mean          | 66.9        |
| time/                   |             |
|    fps                  | 162         |
|    iterations           | 370         |
|    time_elapsed         | 4677        |
|    total_timesteps      | 757760      |
| train/                  |             |
|    approx_kl            | 0.011825064 |
|    clip_fraction        | 0.0699      |
|    clip_range           | 0.2         |
|    entropy_loss         | -0.199      |
|    explained_variance   | 0.062       |
|    learning_rate        | 0.0003      |
|    loss                 | 18.4        |
|    n_updates            | 3690        |
|    policy_gradient_loss | -0.000972   |
|    value_loss           | 24.5        |
-----------------------------------------
-----------------------------------------
| rollout/                |             |
|    ep_len_mean          | 268         |
|    ep_rew_mean          | 66.9        |
| time/                   |             |
|    fps                  | 162         |
|    iterations           | 371         |
|    time_elapsed         | 4688        |
|    total_timesteps      | 759808      |
| train/                  |             |
|    approx_kl            | 0.009348537 |
|    clip_fraction        | 0.0769      |
|    clip_range           | 0.2         |
|    entropy_loss         | -0.207      |
|    explained_variance   | 0.172       |
|    learning_rate        | 0.0003      |
|    loss                 | 4.39        |
|    n_updates            | 3700        |
|    policy_gradient_loss | -0.000287   |
|    value_loss           | 19.1        |
-----------------------------------------
------------------------------------------
| rollout/                |              |
|    ep_len_mean          | 254          |
|    ep_rew_mean          | 62.7         |
| time/                   |              |
|    fps                  | 162          |
|    iterations           | 372          |
|    time_elapsed         | 4700         |
|    total_timesteps      | 761856       |
| train/                  |              |
|    approx_kl            | 0.0075759874 |
|    clip_fraction        | 0.0742       |
|    clip_range           | 0.2          |
|    entropy_loss         | -0.226       |
|    explained_variance   | 0.0909       |
|    learning_rate        | 0.0003       |
|    loss                 | 9.03         |
|    n_updates            | 3710         |
|    policy_gradient_loss | -0.00118     |
|    value_loss           | 23.6         |
------------------------------------------
-----------------------------------------
| rollout/                |             |
|    ep_len_mean          | 254         |
|    ep_rew_mean          | 62.5        |
| time/                   |             |
|    fps                  | 162         |
|    iterations           | 373         |
|    time_elapsed         | 4710        |
|    total_timesteps      | 763904      |
| train/                  |             |
|    approx_kl            | 0.004266979 |
|    clip_fraction        | 0.0431      |
|    clip_range           | 0.2         |
|    entropy_loss         | -0.192      |
|    explained_variance   | 0.157       |
|    learning_rate        | 0.0003      |
|    loss                 | 10.8        |
|    n_updates            | 3720        |
|    policy_gradient_loss | 0.000752    |
|    value_loss           | 31.3        |
-----------------------------------------
------------------------------------------
| rollout/                |              |
|    ep_len_mean          | 264          |
|    ep_rew_mean          | 66           |
| time/                   |              |
|    fps                  | 162          |
|    iterations           | 374          |
|    time_elapsed         | 4722         |
|    total_timesteps      | 765952       |
| train/                  |              |
|    approx_kl            | 0.0068329656 |
|    clip_fraction        | 0.0668       |
|    clip_range           | 0.2          |
|    entropy_loss         | -0.237       |
|    explained_variance   | 0.105        |
|    learning_rate        | 0.0003       |
|    loss                 | 3.45         |
|    n_updates            | 3730         |
|    policy_gradient_loss | 0.00112      |
|    value_loss           | 16.6         |
------------------------------------------
-----------------------------------------
| rollout/                |             |
|    ep_len_mean          | 275         |
|    ep_rew_mean          | 69.3        |
| time/                   |             |
|    fps                  | 162         |
|    iterations           | 375         |
|    time_elapsed         | 4731        |
|    total_timesteps      | 768000      |
| train/                  |             |
|    approx_kl            | 0.007627642 |
|    clip_fraction        | 0.0702      |
|    clip_range           | 0.2         |
|    entropy_loss         | -0.222      |
|    explained_variance   | 0.227       |
|    learning_rate        | 0.0003      |
|    loss                 | 6.9         |
|    n_updates            | 3740        |
|    policy_gradient_loss | -0.00277    |
|    value_loss           | 19.5        |
-----------------------------------------
-----------------------------------------
| rollout/                |             |
|    ep_len_mean          | 278         |
|    ep_rew_mean          | 69.9        |
| time/                   |             |
|    fps                  | 162         |
|    iterations           | 376         |
|    time_elapsed         | 4743        |
|    total_timesteps      | 770048      |
| train/                  |             |
|    approx_kl            | 0.013356033 |
|    clip_fraction        | 0.0761      |
|    clip_range           | 0.2         |
|    entropy_loss         | -0.23       |
|    explained_variance   | 0.3         |
|    learning_rate        | 0.0003      |
|    loss                 | 3.16        |
|    n_updates            | 3750        |
|    policy_gradient_loss | -0.000496   |
|    value_loss           | 11.3        |
-----------------------------------------
------------------------------------------
| rollout/                |              |
|    ep_len_mean          | 292          |
|    ep_rew_mean          | 73.3         |
| time/                   |              |
|    fps                  | 162          |
|    iterations           | 377          |
|    time_elapsed         | 4753         |
|    total_timesteps      | 772096       |
| train/                  |              |
|    approx_kl            | 0.0056905304 |
|    clip_fraction        | 0.0704       |
|    clip_range           | 0.2          |
|    entropy_loss         | -0.251       |
|    explained_variance   | 0.149        |
|    learning_rate        | 0.0003       |
|    loss                 | 8.72         |
|    n_updates            | 3760         |
|    policy_gradient_loss | -0.00195     |
|    value_loss           | 31.4         |
------------------------------------------
-----------------------------------------
| rollout/                |             |
|    ep_len_mean          | 308         |
|    ep_rew_mean          | 77.8        |
| time/                   |             |
|    fps                  | 162         |
|    iterations           | 378         |
|    time_elapsed         | 4764        |
|    total_timesteps      | 774144      |
| train/                  |             |
|    approx_kl            | 0.008638261 |
|    clip_fraction        | 0.0921      |
|    clip_range           | 0.2         |
|    entropy_loss         | -0.226      |
|    explained_variance   | 0.127       |
|    learning_rate        | 0.0003      |
|    loss                 | 5.75        |
|    n_updates            | 3770        |
|    policy_gradient_loss | -0.00305    |
|    value_loss           | 20          |
-----------------------------------------
------------------------------------------
| rollout/                |              |
|    ep_len_mean          | 302          |
|    ep_rew_mean          | 75.9         |
| time/                   |              |
|    fps                  | 162          |
|    iterations           | 379          |
|    time_elapsed         | 4775         |
|    total_timesteps      | 776192       |
| train/                  |              |
|    approx_kl            | 0.0075426297 |
|    clip_fraction        | 0.0664       |
|    clip_range           | 0.2          |
|    entropy_loss         | -0.247       |
|    explained_variance   | 0.102        |
|    learning_rate        | 0.0003       |
|    loss                 | 11.6         |
|    n_updates            | 3780         |
|    policy_gradient_loss | -0.00159     |
|    value_loss           | 21.6         |
------------------------------------------
-----------------------------------------
| rollout/                |             |
|    ep_len_mean          | 302         |
|    ep_rew_mean          | 76.3        |
| time/                   |             |
|    fps                  | 162         |
|    iterations           | 380         |
|    time_elapsed         | 4787        |
|    total_timesteps      | 778240      |
| train/                  |             |
|    approx_kl            | 0.006517236 |
|    clip_fraction        | 0.0667      |
|    clip_range           | 0.2         |
|    entropy_loss         | -0.252      |
|    explained_variance   | 0.205       |
|    learning_rate        | 0.0003      |
|    loss                 | 7.47        |
|    n_updates            | 3790        |
|    policy_gradient_loss | 0.000524    |
|    value_loss           | 23.1        |
-----------------------------------------
-----------------------------------------
| rollout/                |             |
|    ep_len_mean          | 291         |
|    ep_rew_mean          | 73          |
| time/                   |             |
|    fps                  | 162         |
|    iterations           | 381         |
|    time_elapsed         | 4798        |
|    total_timesteps      | 780288      |
| train/                  |             |
|    approx_kl            | 0.008231843 |
|    clip_fraction        | 0.0854      |
|    clip_range           | 0.2         |
|    entropy_loss         | -0.258      |
|    explained_variance   | 0.105       |
|    learning_rate        | 0.0003      |
|    loss                 | 14.4        |
|    n_updates            | 3800        |
|    policy_gradient_loss | -0.00408    |
|    value_loss           | 24.8        |
-----------------------------------------
-----------------------------------------
| rollout/                |             |
|    ep_len_mean          | 289         |
|    ep_rew_mean          | 72.2        |
| time/                   |             |
|    fps                  | 162         |
|    iterations           | 382         |
|    time_elapsed         | 4809        |
|    total_timesteps      | 782336      |
| train/                  |             |
|    approx_kl            | 0.010210138 |
|    clip_fraction        | 0.0781      |
|    clip_range           | 0.2         |
|    entropy_loss         | -0.244      |
|    explained_variance   | 0.2         |
|    learning_rate        | 0.0003      |
|    loss                 | 5.27        |
|    n_updates            | 3810        |
|    policy_gradient_loss | 0.000893    |
|    value_loss           | 26.5        |
-----------------------------------------
------------------------------------------
| rollout/                |              |
|    ep_len_mean          | 283          |
|    ep_rew_mean          | 70.2         |
| time/                   |              |
|    fps                  | 162          |
|    iterations           | 383          |
|    time_elapsed         | 4820         |
|    total_timesteps      | 784384       |
| train/                  |              |
|    approx_kl            | 0.0063805515 |
|    clip_fraction        | 0.0519       |
|    clip_range           | 0.2          |
|    entropy_loss         | -0.223       |
|    explained_variance   | 0.161        |
|    learning_rate        | 0.0003       |
|    loss                 | 14.6         |
|    n_updates            | 3820         |
|    policy_gradient_loss | -0.000705    |
|    value_loss           | 27.9         |
------------------------------------------
------------------------------------------
| rollout/                |              |
|    ep_len_mean          | 281          |
|    ep_rew_mean          | 69.6         |
| time/                   |              |
|    fps                  | 162          |
|    iterations           | 384          |
|    time_elapsed         | 4831         |
|    total_timesteps      | 786432       |
| train/                  |              |
|    approx_kl            | 0.0068931393 |
|    clip_fraction        | 0.075        |
|    clip_range           | 0.2          |
|    entropy_loss         | -0.268       |
|    explained_variance   | 0.0488       |
|    learning_rate        | 0.0003       |
|    loss                 | 12.8         |
|    n_updates            | 3830         |
|    policy_gradient_loss | -0.00151     |
|    value_loss           | 32.7         |
------------------------------------------
-----------------------------------------
| rollout/                |             |
|    ep_len_mean          | 277         |
|    ep_rew_mean          | 68.9        |
| time/                   |             |
|    fps                  | 162         |
|    iterations           | 385         |
|    time_elapsed         | 4843        |
|    total_timesteps      | 788480      |
| train/                  |             |
|    approx_kl            | 0.004204292 |
|    clip_fraction        | 0.0534      |
|    clip_range           | 0.2         |
|    entropy_loss         | -0.234      |
|    explained_variance   | 0.253       |
|    learning_rate        | 0.0003      |
|    loss                 | 9.08        |
|    n_updates            | 3840        |
|    policy_gradient_loss | 0.000497    |
|    value_loss           | 20.9        |
-----------------------------------------
------------------------------------------
| rollout/                |              |
|    ep_len_mean          | 282          |
|    ep_rew_mean          | 70.2         |
| time/                   |              |
|    fps                  | 162          |
|    iterations           | 386          |
|    time_elapsed         | 4853         |
|    total_timesteps      | 790528       |
| train/                  |              |
|    approx_kl            | 0.0065648346 |
|    clip_fraction        | 0.0773       |
|    clip_range           | 0.2          |
|    entropy_loss         | -0.252       |
|    explained_variance   | 0.00161      |
|    learning_rate        | 0.0003       |
|    loss                 | 5.41         |
|    n_updates            | 3850         |
|    policy_gradient_loss | -0.00152     |
|    value_loss           | 28           |
------------------------------------------
-----------------------------------------
| rollout/                |             |
|    ep_len_mean          | 278         |
|    ep_rew_mean          | 69.6        |
| time/                   |             |
|    fps                  | 162         |
|    iterations           | 387         |
|    time_elapsed         | 4863        |
|    total_timesteps      | 792576      |
| train/                  |             |
|    approx_kl            | 0.011693966 |
|    clip_fraction        | 0.0849      |
|    clip_range           | 0.2         |
|    entropy_loss         | -0.248      |
|    explained_variance   | 0.0626      |
|    learning_rate        | 0.0003      |
|    loss                 | 3.25        |
|    n_updates            | 3860        |
|    policy_gradient_loss | 0.000625    |
|    value_loss           | 19.2        |
-----------------------------------------
-----------------------------------------
| rollout/                |             |
|    ep_len_mean          | 252         |
|    ep_rew_mean          | 61.2        |
| time/                   |             |
|    fps                  | 162         |
|    iterations           | 388         |
|    time_elapsed         | 4876        |
|    total_timesteps      | 794624      |
| train/                  |             |
|    approx_kl            | 0.012907999 |
|    clip_fraction        | 0.0802      |
|    clip_range           | 0.2         |
|    entropy_loss         | -0.24       |
|    explained_variance   | 0.0987      |
|    learning_rate        | 0.0003      |
|    loss                 | 4.7         |
|    n_updates            | 3870        |
|    policy_gradient_loss | 0.00226     |
|    value_loss           | 16.5        |
-----------------------------------------
-----------------------------------------
| rollout/                |             |
|    ep_len_mean          | 248         |
|    ep_rew_mean          | 60.5        |
| time/                   |             |
|    fps                  | 162         |
|    iterations           | 389         |
|    time_elapsed         | 4887        |
|    total_timesteps      | 796672      |
| train/                  |             |
|    approx_kl            | 0.009036523 |
|    clip_fraction        | 0.0726      |
|    clip_range           | 0.2         |
|    entropy_loss         | -0.237      |
|    explained_variance   | 0.0875      |
|    learning_rate        | 0.0003      |
|    loss                 | 19.6        |
|    n_updates            | 3880        |
|    policy_gradient_loss | -0.000357   |
|    value_loss           | 33.4        |
-----------------------------------------
------------------------------------------
| rollout/                |              |
|    ep_len_mean          | 236          |
|    ep_rew_mean          | 57.1         |
| time/                   |              |
|    fps                  | 163          |
|    iterations           | 390          |
|    time_elapsed         | 4898         |
|    total_timesteps      | 798720       |
| train/                  |              |
|    approx_kl            | 0.0075935908 |
|    clip_fraction        | 0.0672       |
|    clip_range           | 0.2          |
|    entropy_loss         | -0.241       |
|    explained_variance   | 0.0625       |
|    learning_rate        | 0.0003       |
|    loss                 | 10.1         |
|    n_updates            | 3890         |
|    policy_gradient_loss | -0.000187    |
|    value_loss           | 28.3         |
------------------------------------------
-----------------------------------------
| rollout/                |             |
|    ep_len_mean          | 227         |
|    ep_rew_mean          | 54.9        |
| time/                   |             |
|    fps                  | 163         |
|    iterations           | 391         |
|    time_elapsed         | 4911        |
|    total_timesteps      | 800768      |
| train/                  |             |
|    approx_kl            | 0.014324007 |
|    clip_fraction        | 0.0806      |
|    clip_range           | 0.2         |
|    entropy_loss         | -0.241      |
|    explained_variance   | 0.126       |
|    learning_rate        | 0.0003      |
|    loss                 | 6.53        |
|    n_updates            | 3900        |
|    policy_gradient_loss | -0.000764   |
|    value_loss           | 26.2        |
-----------------------------------------
------------------------------------------
| rollout/                |              |
|    ep_len_mean          | 232          |
|    ep_rew_mean          | 56.6         |
| time/                   |              |
|    fps                  | 163          |
|    iterations           | 392          |
|    time_elapsed         | 4921         |
|    total_timesteps      | 802816       |
| train/                  |              |
|    approx_kl            | 0.0082033705 |
|    clip_fraction        | 0.0722       |
|    clip_range           | 0.2          |
|    entropy_loss         | -0.236       |
|    explained_variance   | 0.174        |
|    learning_rate        | 0.0003       |
|    loss                 | 27.6         |
|    n_updates            | 3910         |
|    policy_gradient_loss | -0.0032      |
|    value_loss           | 35.3         |
------------------------------------------
-----------------------------------------
| rollout/                |             |
|    ep_len_mean          | 240         |
|    ep_rew_mean          | 59          |
| time/                   |             |
|    fps                  | 163         |
|    iterations           | 393         |
|    time_elapsed         | 4932        |
|    total_timesteps      | 804864      |
| train/                  |             |
|    approx_kl            | 0.010989943 |
|    clip_fraction        | 0.0556      |
|    clip_range           | 0.2         |
|    entropy_loss         | -0.222      |
|    explained_variance   | 0.139       |
|    learning_rate        | 0.0003      |
|    loss                 | 17.3        |
|    n_updates            | 3920        |
|    policy_gradient_loss | -0.000892   |
|    value_loss           | 19.4        |
-----------------------------------------
-----------------------------------------
| rollout/                |             |
|    ep_len_mean          | 242         |
|    ep_rew_mean          | 59.7        |
| time/                   |             |
|    fps                  | 163         |
|    iterations           | 394         |
|    time_elapsed         | 4943        |
|    total_timesteps      | 806912      |
| train/                  |             |
|    approx_kl            | 0.015565822 |
|    clip_fraction        | 0.0893      |
|    clip_range           | 0.2         |
|    entropy_loss         | -0.241      |
|    explained_variance   | 0.0552      |
|    learning_rate        | 0.0003      |
|    loss                 | 22          |
|    n_updates            | 3930        |
|    policy_gradient_loss | -0.00233    |
|    value_loss           | 21.4        |
-----------------------------------------
-----------------------------------------
| rollout/                |             |
|    ep_len_mean          | 246         |
|    ep_rew_mean          | 61          |
| time/                   |             |
|    fps                  | 163         |
|    iterations           | 395         |
|    time_elapsed         | 4954        |
|    total_timesteps      | 808960      |
| train/                  |             |
|    approx_kl            | 0.018813003 |
|    clip_fraction        | 0.103       |
|    clip_range           | 0.2         |
|    entropy_loss         | -0.246      |
|    explained_variance   | 0.107       |
|    learning_rate        | 0.0003      |
|    loss                 | 14.1        |
|    n_updates            | 3940        |
|    policy_gradient_loss | -0.0015     |
|    value_loss           | 22.4        |
-----------------------------------------
------------------------------------------
| rollout/                |              |
|    ep_len_mean          | 238          |
|    ep_rew_mean          | 58.3         |
| time/                   |              |
|    fps                  | 163          |
|    iterations           | 396          |
|    time_elapsed         | 4966         |
|    total_timesteps      | 811008       |
| train/                  |              |
|    approx_kl            | 0.0064387075 |
|    clip_fraction        | 0.0759       |
|    clip_range           | 0.2          |
|    entropy_loss         | -0.231       |
|    explained_variance   | 0.0936       |
|    learning_rate        | 0.0003       |
|    loss                 | 17.9         |
|    n_updates            | 3950         |
|    policy_gradient_loss | -0.000747    |
|    value_loss           | 26.3         |
------------------------------------------
-----------------------------------------
| rollout/                |             |
|    ep_len_mean          | 249         |
|    ep_rew_mean          | 61.2        |
| time/                   |             |
|    fps                  | 163         |
|    iterations           | 397         |
|    time_elapsed         | 4977        |
|    total_timesteps      | 813056      |
| train/                  |             |
|    approx_kl            | 0.007467208 |
|    clip_fraction        | 0.0745      |
|    clip_range           | 0.2         |
|    entropy_loss         | -0.22       |
|    explained_variance   | 0.123       |
|    learning_rate        | 0.0003      |
|    loss                 | 7.07        |
|    n_updates            | 3960        |
|    policy_gradient_loss | -0.00345    |
|    value_loss           | 31.6        |
-----------------------------------------
-----------------------------------------
| rollout/                |             |
|    ep_len_mean          | 237         |
|    ep_rew_mean          | 57.6        |
| time/                   |             |
|    fps                  | 163         |
|    iterations           | 398         |
|    time_elapsed         | 4989        |
|    total_timesteps      | 815104      |
| train/                  |             |
|    approx_kl            | 0.008187655 |
|    clip_fraction        | 0.0715      |
|    clip_range           | 0.2         |
|    entropy_loss         | -0.231      |
|    explained_variance   | 0.0815      |
|    learning_rate        | 0.0003      |
|    loss                 | 7.66        |
|    n_updates            | 3970        |
|    policy_gradient_loss | 0.0004      |
|    value_loss           | 24.6        |
-----------------------------------------
----------------------------------------
| rollout/                |            |
|    ep_len_mean          | 235        |
|    ep_rew_mean          | 57.3       |
| time/                   |            |
|    fps                  | 163        |
|    iterations           | 399        |
|    time_elapsed         | 5000       |
|    total_timesteps      | 817152     |
| train/                  |            |
|    approx_kl            | 0.00882644 |
|    clip_fraction        | 0.0783     |
|    clip_range           | 0.2        |
|    entropy_loss         | -0.21      |
|    explained_variance   | 0.121      |
|    learning_rate        | 0.0003     |
|    loss                 | 8.95       |
|    n_updates            | 3980       |
|    policy_gradient_loss | -0.00122   |
|    value_loss           | 26.7       |
----------------------------------------
-----------------------------------------
| rollout/                |             |
|    ep_len_mean          | 244         |
|    ep_rew_mean          | 60          |
| time/                   |             |
|    fps                  | 163         |
|    iterations           | 400         |
|    time_elapsed         | 5011        |
|    total_timesteps      | 819200      |
| train/                  |             |
|    approx_kl            | 0.008140429 |
|    clip_fraction        | 0.0862      |
|    clip_range           | 0.2         |
|    entropy_loss         | -0.234      |
|    explained_variance   | 0.00477     |
|    learning_rate        | 0.0003      |
|    loss                 | 9.78        |
|    n_updates            | 3990        |
|    policy_gradient_loss | -0.0011     |
|    value_loss           | 26.4        |
-----------------------------------------
-----------------------------------------
| rollout/                |             |
|    ep_len_mean          | 253         |
|    ep_rew_mean          | 62.4        |
| time/                   |             |
|    fps                  | 163         |
|    iterations           | 401         |
|    time_elapsed         | 5021        |
|    total_timesteps      | 821248      |
| train/                  |             |
|    approx_kl            | 0.008801468 |
|    clip_fraction        | 0.0671      |
|    clip_range           | 0.2         |
|    entropy_loss         | -0.218      |
|    explained_variance   | 0.134       |
|    learning_rate        | 0.0003      |
|    loss                 | 18.1        |
|    n_updates            | 4000        |
|    policy_gradient_loss | -0.00121    |
|    value_loss           | 23.9        |
-----------------------------------------
-----------------------------------------
| rollout/                |             |
|    ep_len_mean          | 248         |
|    ep_rew_mean          | 60.9        |
| time/                   |             |
|    fps                  | 163         |
|    iterations           | 402         |
|    time_elapsed         | 5034        |
|    total_timesteps      | 823296      |
| train/                  |             |
|    approx_kl            | 0.013537893 |
|    clip_fraction        | 0.0807      |
|    clip_range           | 0.2         |
|    entropy_loss         | -0.246      |
|    explained_variance   | 0.196       |
|    learning_rate        | 0.0003      |
|    loss                 | 4.1         |
|    n_updates            | 4010        |
|    policy_gradient_loss | 0.00331     |
|    value_loss           | 18.4        |
-----------------------------------------
----------------------------------------
| rollout/                |            |
|    ep_len_mean          | 253        |
|    ep_rew_mean          | 62.4       |
| time/                   |            |
|    fps                  | 163        |
|    iterations           | 403        |
|    time_elapsed         | 5045       |
|    total_timesteps      | 825344     |
| train/                  |            |
|    approx_kl            | 0.01126677 |
|    clip_fraction        | 0.0752     |
|    clip_range           | 0.2        |
|    entropy_loss         | -0.225     |
|    explained_variance   | 0.107      |
|    learning_rate        | 0.0003     |
|    loss                 | 13.3       |
|    n_updates            | 4020       |
|    policy_gradient_loss | -0.00366   |
|    value_loss           | 33.6       |
----------------------------------------
-----------------------------------------
| rollout/                |             |
|    ep_len_mean          | 246         |
|    ep_rew_mean          | 60.8        |
| time/                   |             |
|    fps                  | 163         |
|    iterations           | 404         |
|    time_elapsed         | 5057        |
|    total_timesteps      | 827392      |
| train/                  |             |
|    approx_kl            | 0.007276451 |
|    clip_fraction        | 0.0718      |
|    clip_range           | 0.2         |
|    entropy_loss         | -0.253      |
|    explained_variance   | 0.123       |
|    learning_rate        | 0.0003      |
|    loss                 | 14.6        |
|    n_updates            | 4030        |
|    policy_gradient_loss | -0.00102    |
|    value_loss           | 31          |
-----------------------------------------
-----------------------------------------
| rollout/                |             |
|    ep_len_mean          | 245         |
|    ep_rew_mean          | 60.6        |
| time/                   |             |
|    fps                  | 163         |
|    iterations           | 405         |
|    time_elapsed         | 5067        |
|    total_timesteps      | 829440      |
| train/                  |             |
|    approx_kl            | 0.009486378 |
|    clip_fraction        | 0.0729      |
|    clip_range           | 0.2         |
|    entropy_loss         | -0.23       |
|    explained_variance   | 0.169       |
|    learning_rate        | 0.0003      |
|    loss                 | 16.5        |
|    n_updates            | 4040        |
|    policy_gradient_loss | 0.00298     |
|    value_loss           | 27.6        |
-----------------------------------------
-----------------------------------------
| rollout/                |             |
|    ep_len_mean          | 238         |
|    ep_rew_mean          | 58.6        |
| time/                   |             |
|    fps                  | 163         |
|    iterations           | 406         |
|    time_elapsed         | 5078        |
|    total_timesteps      | 831488      |
| train/                  |             |
|    approx_kl            | 0.007465099 |
|    clip_fraction        | 0.0751      |
|    clip_range           | 0.2         |
|    entropy_loss         | -0.226      |
|    explained_variance   | 0.0879      |
|    learning_rate        | 0.0003      |
|    loss                 | 6.07        |
|    n_updates            | 4050        |
|    policy_gradient_loss | 3.6e-05     |
|    value_loss           | 19.2        |
-----------------------------------------
-----------------------------------------
| rollout/                |             |
|    ep_len_mean          | 241         |
|    ep_rew_mean          | 59.3        |
| time/                   |             |
|    fps                  | 163         |
|    iterations           | 407         |
|    time_elapsed         | 5089        |
|    total_timesteps      | 833536      |
| train/                  |             |
|    approx_kl            | 0.005497503 |
|    clip_fraction        | 0.0602      |
|    clip_range           | 0.2         |
|    entropy_loss         | -0.265      |
|    explained_variance   | 0.225       |
|    learning_rate        | 0.0003      |
|    loss                 | 8.75        |
|    n_updates            | 4060        |
|    policy_gradient_loss | -0.00029    |
|    value_loss           | 26.7        |
-----------------------------------------
-----------------------------------------
| rollout/                |             |
|    ep_len_mean          | 249         |
|    ep_rew_mean          | 61.5        |
| time/                   |             |
|    fps                  | 163         |
|    iterations           | 408         |
|    time_elapsed         | 5101        |
|    total_timesteps      | 835584      |
| train/                  |             |
|    approx_kl            | 0.010655066 |
|    clip_fraction        | 0.07        |
|    clip_range           | 0.2         |
|    entropy_loss         | -0.226      |
|    explained_variance   | 0.266       |
|    learning_rate        | 0.0003      |
|    loss                 | 7.88        |
|    n_updates            | 4070        |
|    policy_gradient_loss | -0.00169    |
|    value_loss           | 23.9        |
-----------------------------------------
------------------------------------------
| rollout/                |              |
|    ep_len_mean          | 240          |
|    ep_rew_mean          | 59           |
| time/                   |              |
|    fps                  | 163          |
|    iterations           | 409          |
|    time_elapsed         | 5113         |
|    total_timesteps      | 837632       |
| train/                  |              |
|    approx_kl            | 0.0056958282 |
|    clip_fraction        | 0.0669       |
|    clip_range           | 0.2          |
|    entropy_loss         | -0.235       |
|    explained_variance   | 0.253        |
|    learning_rate        | 0.0003       |
|    loss                 | 8.56         |
|    n_updates            | 4080         |
|    policy_gradient_loss | -0.000868    |
|    value_loss           | 23.3         |
------------------------------------------
-----------------------------------------
| rollout/                |             |
|    ep_len_mean          | 240         |
|    ep_rew_mean          | 58.6        |
| time/                   |             |
|    fps                  | 163         |
|    iterations           | 410         |
|    time_elapsed         | 5124        |
|    total_timesteps      | 839680      |
| train/                  |             |
|    approx_kl            | 0.015703712 |
|    clip_fraction        | 0.0812      |
|    clip_range           | 0.2         |
|    entropy_loss         | -0.238      |
|    explained_variance   | 0.229       |
|    learning_rate        | 0.0003      |
|    loss                 | 24.8        |
|    n_updates            | 4090        |
|    policy_gradient_loss | -0.00248    |
|    value_loss           | 32.1        |
-----------------------------------------
-----------------------------------------
| rollout/                |             |
|    ep_len_mean          | 242         |
|    ep_rew_mean          | 59.9        |
| time/                   |             |
|    fps                  | 163         |
|    iterations           | 411         |
|    time_elapsed         | 5134        |
|    total_timesteps      | 841728      |
| train/                  |             |
|    approx_kl            | 0.016572868 |
|    clip_fraction        | 0.0814      |
|    clip_range           | 0.2         |
|    entropy_loss         | -0.243      |
|    explained_variance   | 0.244       |
|    learning_rate        | 0.0003      |
|    loss                 | 14.7        |
|    n_updates            | 4100        |
|    policy_gradient_loss | 0.000973    |
|    value_loss           | 24.6        |
-----------------------------------------
-----------------------------------------
| rollout/                |             |
|    ep_len_mean          | 237         |
|    ep_rew_mean          | 58.3        |
| time/                   |             |
|    fps                  | 163         |
|    iterations           | 412         |
|    time_elapsed         | 5145        |
|    total_timesteps      | 843776      |
| train/                  |             |
|    approx_kl            | 0.009740373 |
|    clip_fraction        | 0.0875      |
|    clip_range           | 0.2         |
|    entropy_loss         | -0.252      |
|    explained_variance   | 0.126       |
|    learning_rate        | 0.0003      |
|    loss                 | 15.2        |
|    n_updates            | 4110        |
|    policy_gradient_loss | -0.00223    |
|    value_loss           | 23.5        |
-----------------------------------------
-----------------------------------------
| rollout/                |             |
|    ep_len_mean          | 237         |
|    ep_rew_mean          | 58          |
| time/                   |             |
|    fps                  | 164         |
|    iterations           | 413         |
|    time_elapsed         | 5156        |
|    total_timesteps      | 845824      |
| train/                  |             |
|    approx_kl            | 0.009203439 |
|    clip_fraction        | 0.0793      |
|    clip_range           | 0.2         |
|    entropy_loss         | -0.229      |
|    explained_variance   | 0.258       |
|    learning_rate        | 0.0003      |
|    loss                 | 6.04        |
|    n_updates            | 4120        |
|    policy_gradient_loss | 0.00039     |
|    value_loss           | 24          |
-----------------------------------------
------------------------------------------
| rollout/                |              |
|    ep_len_mean          | 253          |
|    ep_rew_mean          | 62.8         |
| time/                   |              |
|    fps                  | 164          |
|    iterations           | 414          |
|    time_elapsed         | 5166         |
|    total_timesteps      | 847872       |
| train/                  |              |
|    approx_kl            | 0.0066172807 |
|    clip_fraction        | 0.0779       |
|    clip_range           | 0.2          |
|    entropy_loss         | -0.255       |
|    explained_variance   | -0.0192      |
|    learning_rate        | 0.0003       |
|    loss                 | 16.3         |
|    n_updates            | 4130         |
|    policy_gradient_loss | -0.00143     |
|    value_loss           | 25.6         |
------------------------------------------
------------------------------------------
| rollout/                |              |
|    ep_len_mean          | 256          |
|    ep_rew_mean          | 64           |
| time/                   |              |
|    fps                  | 164          |
|    iterations           | 415          |
|    time_elapsed         | 5177         |
|    total_timesteps      | 849920       |
| train/                  |              |
|    approx_kl            | 0.0085375495 |
|    clip_fraction        | 0.0917       |
|    clip_range           | 0.2          |
|    entropy_loss         | -0.252       |
|    explained_variance   | 0.189        |
|    learning_rate        | 0.0003       |
|    loss                 | 9.31         |
|    n_updates            | 4140         |
|    policy_gradient_loss | -0.00295     |
|    value_loss           | 18.3         |
------------------------------------------
-----------------------------------------
| rollout/                |             |
|    ep_len_mean          | 253         |
|    ep_rew_mean          | 63          |
| time/                   |             |
|    fps                  | 164         |
|    iterations           | 416         |
|    time_elapsed         | 5189        |
|    total_timesteps      | 851968      |
| train/                  |             |
|    approx_kl            | 0.011258513 |
|    clip_fraction        | 0.0931      |
|    clip_range           | 0.2         |
|    entropy_loss         | -0.245      |
|    explained_variance   | 0.284       |
|    learning_rate        | 0.0003      |
|    loss                 | 4.01        |
|    n_updates            | 4150        |
|    policy_gradient_loss | 0.00114     |
|    value_loss           | 20.1        |
-----------------------------------------
----------------------------------------
| rollout/                |            |
|    ep_len_mean          | 242        |
|    ep_rew_mean          | 59.6       |
| time/                   |            |
|    fps                  | 164        |
|    iterations           | 417        |
|    time_elapsed         | 5202       |
|    total_timesteps      | 854016     |
| train/                  |            |
|    approx_kl            | 0.01487573 |
|    clip_fraction        | 0.0658     |
|    clip_range           | 0.2        |
|    entropy_loss         | -0.253     |
|    explained_variance   | 0.139      |
|    learning_rate        | 0.0003     |
|    loss                 | 9.92       |
|    n_updates            | 4160       |
|    policy_gradient_loss | 0.000206   |
|    value_loss           | 37.7       |
----------------------------------------
-----------------------------------------
| rollout/                |             |
|    ep_len_mean          | 247         |
|    ep_rew_mean          | 60.4        |
| time/                   |             |
|    fps                  | 164         |
|    iterations           | 418         |
|    time_elapsed         | 5212        |
|    total_timesteps      | 856064      |
| train/                  |             |
|    approx_kl            | 0.009954717 |
|    clip_fraction        | 0.0927      |
|    clip_range           | 0.2         |
|    entropy_loss         | -0.242      |
|    explained_variance   | -0.0411     |
|    learning_rate        | 0.0003      |
|    loss                 | 19.7        |
|    n_updates            | 4170        |
|    policy_gradient_loss | -0.00431    |
|    value_loss           | 39.8        |
-----------------------------------------
-----------------------------------------
| rollout/                |             |
|    ep_len_mean          | 247         |
|    ep_rew_mean          | 60.5        |
| time/                   |             |
|    fps                  | 164         |
|    iterations           | 419         |
|    time_elapsed         | 5224        |
|    total_timesteps      | 858112      |
| train/                  |             |
|    approx_kl            | 0.005682355 |
|    clip_fraction        | 0.0764      |
|    clip_range           | 0.2         |
|    entropy_loss         | -0.245      |
|    explained_variance   | 0.197       |
|    learning_rate        | 0.0003      |
|    loss                 | 6.74        |
|    n_updates            | 4180        |
|    policy_gradient_loss | -0.00246    |
|    value_loss           | 20          |
-----------------------------------------
-----------------------------------------
| rollout/                |             |
|    ep_len_mean          | 244         |
|    ep_rew_mean          | 59.4        |
| time/                   |             |
|    fps                  | 164         |
|    iterations           | 420         |
|    time_elapsed         | 5234        |
|    total_timesteps      | 860160      |
| train/                  |             |
|    approx_kl            | 0.008008614 |
|    clip_fraction        | 0.0871      |
|    clip_range           | 0.2         |
|    entropy_loss         | -0.259      |
|    explained_variance   | 0.21        |
|    learning_rate        | 0.0003      |
|    loss                 | 8.76        |
|    n_updates            | 4190        |
|    policy_gradient_loss | -0.00198    |
|    value_loss           | 26.4        |
-----------------------------------------
-----------------------------------------
| rollout/                |             |
|    ep_len_mean          | 244         |
|    ep_rew_mean          | 59          |
| time/                   |             |
|    fps                  | 164         |
|    iterations           | 421         |
|    time_elapsed         | 5246        |
|    total_timesteps      | 862208      |
| train/                  |             |
|    approx_kl            | 0.007634537 |
|    clip_fraction        | 0.0684      |
|    clip_range           | 0.2         |
|    entropy_loss         | -0.224      |
|    explained_variance   | 0.0704      |
|    learning_rate        | 0.0003      |
|    loss                 | 14          |
|    n_updates            | 4200        |
|    policy_gradient_loss | 0.000526    |
|    value_loss           | 26.6        |
-----------------------------------------
----------------------------------------
| rollout/                |            |
|    ep_len_mean          | 254        |
|    ep_rew_mean          | 61.8       |
| time/                   |            |
|    fps                  | 164        |
|    iterations           | 422        |
|    time_elapsed         | 5257       |
|    total_timesteps      | 864256     |
| train/                  |            |
|    approx_kl            | 0.01418446 |
|    clip_fraction        | 0.083      |
|    clip_range           | 0.2        |
|    entropy_loss         | -0.26      |
|    explained_variance   | 0.146      |
|    learning_rate        | 0.0003     |
|    loss                 | 20.2       |
|    n_updates            | 4210       |
|    policy_gradient_loss | 0.00143    |
|    value_loss           | 29.3       |
----------------------------------------
-----------------------------------------
| rollout/                |             |
|    ep_len_mean          | 234         |
|    ep_rew_mean          | 56          |
| time/                   |             |
|    fps                  | 164         |
|    iterations           | 423         |
|    time_elapsed         | 5270        |
|    total_timesteps      | 866304      |
| train/                  |             |
|    approx_kl            | 0.008296367 |
|    clip_fraction        | 0.0723      |
|    clip_range           | 0.2         |
|    entropy_loss         | -0.237      |
|    explained_variance   | 0.0942      |
|    learning_rate        | 0.0003      |
|    loss                 | 11.7        |
|    n_updates            | 4220        |
|    policy_gradient_loss | 0.00102     |
|    value_loss           | 20.7        |
-----------------------------------------
-----------------------------------------
| rollout/                |             |
|    ep_len_mean          | 240         |
|    ep_rew_mean          | 57.6        |
| time/                   |             |
|    fps                  | 164         |
|    iterations           | 424         |
|    time_elapsed         | 5281        |
|    total_timesteps      | 868352      |
| train/                  |             |
|    approx_kl            | 0.012191921 |
|    clip_fraction        | 0.0841      |
|    clip_range           | 0.2         |
|    entropy_loss         | -0.228      |
|    explained_variance   | 0.00993     |
|    learning_rate        | 0.0003      |
|    loss                 | 10.7        |
|    n_updates            | 4230        |
|    policy_gradient_loss | -0.00671    |
|    value_loss           | 32.5        |
-----------------------------------------
-----------------------------------------
| rollout/                |             |
|    ep_len_mean          | 221         |
|    ep_rew_mean          | 51.9        |
| time/                   |             |
|    fps                  | 164         |
|    iterations           | 425         |
|    time_elapsed         | 5293        |
|    total_timesteps      | 870400      |
| train/                  |             |
|    approx_kl            | 0.012690491 |
|    clip_fraction        | 0.0898      |
|    clip_range           | 0.2         |
|    entropy_loss         | -0.229      |
|    explained_variance   | 0.0634      |
|    learning_rate        | 0.0003      |
|    loss                 | 5.54        |
|    n_updates            | 4240        |
|    policy_gradient_loss | 0.000837    |
|    value_loss           | 19.5        |
-----------------------------------------
-----------------------------------------
| rollout/                |             |
|    ep_len_mean          | 220         |
|    ep_rew_mean          | 51.4        |
| time/                   |             |
|    fps                  | 164         |
|    iterations           | 426         |
|    time_elapsed         | 5305        |
|    total_timesteps      | 872448      |
| train/                  |             |
|    approx_kl            | 0.009616885 |
|    clip_fraction        | 0.0746      |
|    clip_range           | 0.2         |
|    entropy_loss         | -0.235      |
|    explained_variance   | 0.105       |
|    learning_rate        | 0.0003      |
|    loss                 | 7.95        |
|    n_updates            | 4250        |
|    policy_gradient_loss | -0.00337    |
|    value_loss           | 36.5        |
-----------------------------------------
----------------------------------------
| rollout/                |            |
|    ep_len_mean          | 223        |
|    ep_rew_mean          | 52.4       |
| time/                   |            |
|    fps                  | 164        |
|    iterations           | 427        |
|    time_elapsed         | 5316       |
|    total_timesteps      | 874496     |
| train/                  |            |
|    approx_kl            | 0.00754832 |
|    clip_fraction        | 0.0771     |
|    clip_range           | 0.2        |
|    entropy_loss         | -0.242     |
|    explained_variance   | 0.146      |
|    learning_rate        | 0.0003     |
|    loss                 | 12.4       |
|    n_updates            | 4260       |
|    policy_gradient_loss | -0.000831  |
|    value_loss           | 29         |
----------------------------------------
-----------------------------------------
| rollout/                |             |
|    ep_len_mean          | 221         |
|    ep_rew_mean          | 52.2        |
| time/                   |             |
|    fps                  | 164         |
|    iterations           | 428         |
|    time_elapsed         | 5327        |
|    total_timesteps      | 876544      |
| train/                  |             |
|    approx_kl            | 0.009871481 |
|    clip_fraction        | 0.0887      |
|    clip_range           | 0.2         |
|    entropy_loss         | -0.245      |
|    explained_variance   | 0.222       |
|    learning_rate        | 0.0003      |
|    loss                 | 16.6        |
|    n_updates            | 4270        |
|    policy_gradient_loss | -0.00204    |
|    value_loss           | 21.5        |
-----------------------------------------
-----------------------------------------
| rollout/                |             |
|    ep_len_mean          | 219         |
|    ep_rew_mean          | 51.8        |
| time/                   |             |
|    fps                  | 164         |
|    iterations           | 429         |
|    time_elapsed         | 5340        |
|    total_timesteps      | 878592      |
| train/                  |             |
|    approx_kl            | 0.008932432 |
|    clip_fraction        | 0.0795      |
|    clip_range           | 0.2         |
|    entropy_loss         | -0.243      |
|    explained_variance   | 0.103       |
|    learning_rate        | 0.0003      |
|    loss                 | 15.1        |
|    n_updates            | 4280        |
|    policy_gradient_loss | -0.00142    |
|    value_loss           | 28.2        |
-----------------------------------------
------------------------------------------
| rollout/                |              |
|    ep_len_mean          | 222          |
|    ep_rew_mean          | 52.7         |
| time/                   |              |
|    fps                  | 164          |
|    iterations           | 430          |
|    time_elapsed         | 5352         |
|    total_timesteps      | 880640       |
| train/                  |              |
|    approx_kl            | 0.0081822155 |
|    clip_fraction        | 0.0776       |
|    clip_range           | 0.2          |
|    entropy_loss         | -0.238       |
|    explained_variance   | 0.061        |
|    learning_rate        | 0.0003       |
|    loss                 | 8.09         |
|    n_updates            | 4290         |
|    policy_gradient_loss | -0.000183    |
|    value_loss           | 30.9         |
------------------------------------------
-----------------------------------------
| rollout/                |             |
|    ep_len_mean          | 221         |
|    ep_rew_mean          | 52.3        |
| time/                   |             |
|    fps                  | 164         |
|    iterations           | 431         |
|    time_elapsed         | 5363        |
|    total_timesteps      | 882688      |
| train/                  |             |
|    approx_kl            | 0.005779988 |
|    clip_fraction        | 0.0625      |
|    clip_range           | 0.2         |
|    entropy_loss         | -0.22       |
|    explained_variance   | 0.15        |
|    learning_rate        | 0.0003      |
|    loss                 | 15.5        |
|    n_updates            | 4300        |
|    policy_gradient_loss | -0.000679   |
|    value_loss           | 24          |
-----------------------------------------
-----------------------------------------
| rollout/                |             |
|    ep_len_mean          | 211         |
|    ep_rew_mean          | 50.2        |
| time/                   |             |
|    fps                  | 164         |
|    iterations           | 432         |
|    time_elapsed         | 5376        |
|    total_timesteps      | 884736      |
| train/                  |             |
|    approx_kl            | 0.008932725 |
|    clip_fraction        | 0.0729      |
|    clip_range           | 0.2         |
|    entropy_loss         | -0.242      |
|    explained_variance   | 0.245       |
|    learning_rate        | 0.0003      |
|    loss                 | 8.42        |
|    n_updates            | 4310        |
|    policy_gradient_loss | -0.0015     |
|    value_loss           | 20.4        |
-----------------------------------------
------------------------------------------
| rollout/                |              |
|    ep_len_mean          | 213          |
|    ep_rew_mean          | 50.7         |
| time/                   |              |
|    fps                  | 164          |
|    iterations           | 433          |
|    time_elapsed         | 5388         |
|    total_timesteps      | 886784       |
| train/                  |              |
|    approx_kl            | 0.0062327646 |
|    clip_fraction        | 0.0676       |
|    clip_range           | 0.2          |
|    entropy_loss         | -0.208       |
|    explained_variance   | 0.268        |
|    learning_rate        | 0.0003       |
|    loss                 | 6.17         |
|    n_updates            | 4320         |
|    policy_gradient_loss | -0.00259     |
|    value_loss           | 24           |
------------------------------------------
-----------------------------------------
| rollout/                |             |
|    ep_len_mean          | 220         |
|    ep_rew_mean          | 53.2        |
| time/                   |             |
|    fps                  | 164         |
|    iterations           | 434         |
|    time_elapsed         | 5400        |
|    total_timesteps      | 888832      |
| train/                  |             |
|    approx_kl            | 0.007357074 |
|    clip_fraction        | 0.063       |
|    clip_range           | 0.2         |
|    entropy_loss         | -0.22       |
|    explained_variance   | 0.243       |
|    learning_rate        | 0.0003      |
|    loss                 | 7.35        |
|    n_updates            | 4330        |
|    policy_gradient_loss | -0.00191    |
|    value_loss           | 25.6        |
-----------------------------------------
------------------------------------------
| rollout/                |              |
|    ep_len_mean          | 215          |
|    ep_rew_mean          | 52.1         |
| time/                   |              |
|    fps                  | 164          |
|    iterations           | 435          |
|    time_elapsed         | 5411         |
|    total_timesteps      | 890880       |
| train/                  |              |
|    approx_kl            | 0.0072504496 |
|    clip_fraction        | 0.0687       |
|    clip_range           | 0.2          |
|    entropy_loss         | -0.216       |
|    explained_variance   | 0.162        |
|    learning_rate        | 0.0003       |
|    loss                 | 12.1         |
|    n_updates            | 4340         |
|    policy_gradient_loss | -0.0046      |
|    value_loss           | 30.4         |
------------------------------------------
-----------------------------------------
| rollout/                |             |
|    ep_len_mean          | 229         |
|    ep_rew_mean          | 56.1        |
| time/                   |             |
|    fps                  | 164         |
|    iterations           | 436         |
|    time_elapsed         | 5423        |
|    total_timesteps      | 892928      |
| train/                  |             |
|    approx_kl            | 0.009902719 |
|    clip_fraction        | 0.0685      |
|    clip_range           | 0.2         |
|    entropy_loss         | -0.215      |
|    explained_variance   | 0.00129     |
|    learning_rate        | 0.0003      |
|    loss                 | 20          |
|    n_updates            | 4350        |
|    policy_gradient_loss | -0.00117    |
|    value_loss           | 27.5        |
-----------------------------------------
-----------------------------------------
| rollout/                |             |
|    ep_len_mean          | 230         |
|    ep_rew_mean          | 56.5        |
| time/                   |             |
|    fps                  | 164         |
|    iterations           | 437         |
|    time_elapsed         | 5434        |
|    total_timesteps      | 894976      |
| train/                  |             |
|    approx_kl            | 0.007401337 |
|    clip_fraction        | 0.0708      |
|    clip_range           | 0.2         |
|    entropy_loss         | -0.22       |
|    explained_variance   | 0.156       |
|    learning_rate        | 0.0003      |
|    loss                 | 9.05        |
|    n_updates            | 4360        |
|    policy_gradient_loss | -0.000156   |
|    value_loss           | 22.6        |
-----------------------------------------
-----------------------------------------
| rollout/                |             |
|    ep_len_mean          | 232         |
|    ep_rew_mean          | 56.7        |
| time/                   |             |
|    fps                  | 164         |
|    iterations           | 438         |
|    time_elapsed         | 5446        |
|    total_timesteps      | 897024      |
| train/                  |             |
|    approx_kl            | 0.009504635 |
|    clip_fraction        | 0.0901      |
|    clip_range           | 0.2         |
|    entropy_loss         | -0.204      |
|    explained_variance   | 0.075       |
|    learning_rate        | 0.0003      |
|    loss                 | 10.1        |
|    n_updates            | 4370        |
|    policy_gradient_loss | -0.00106    |
|    value_loss           | 25.6        |
-----------------------------------------
-----------------------------------------
| rollout/                |             |
|    ep_len_mean          | 234         |
|    ep_rew_mean          | 56.5        |
| time/                   |             |
|    fps                  | 164         |
|    iterations           | 439         |
|    time_elapsed         | 5458        |
|    total_timesteps      | 899072      |
| train/                  |             |
|    approx_kl            | 0.007658761 |
|    clip_fraction        | 0.0695      |
|    clip_range           | 0.2         |
|    entropy_loss         | -0.195      |
|    explained_variance   | 0.105       |
|    learning_rate        | 0.0003      |
|    loss                 | 6.44        |
|    n_updates            | 4380        |
|    policy_gradient_loss | -0.000812   |
|    value_loss           | 27          |
-----------------------------------------
-----------------------------------------
| rollout/                |             |
|    ep_len_mean          | 227         |
|    ep_rew_mean          | 55.2        |
| time/                   |             |
|    fps                  | 164         |
|    iterations           | 440         |
|    time_elapsed         | 5471        |
|    total_timesteps      | 901120      |
| train/                  |             |
|    approx_kl            | 0.010210728 |
|    clip_fraction        | 0.0595      |
|    clip_range           | 0.2         |
|    entropy_loss         | -0.212      |
|    explained_variance   | 0.11        |
|    learning_rate        | 0.0003      |
|    loss                 | 21.5        |
|    n_updates            | 4390        |
|    policy_gradient_loss | 0.000706    |
|    value_loss           | 27.9        |
-----------------------------------------
-----------------------------------------
| rollout/                |             |
|    ep_len_mean          | 227         |
|    ep_rew_mean          | 55.2        |
| time/                   |             |
|    fps                  | 164         |
|    iterations           | 441         |
|    time_elapsed         | 5482        |
|    total_timesteps      | 903168      |
| train/                  |             |
|    approx_kl            | 0.010133507 |
|    clip_fraction        | 0.0693      |
|    clip_range           | 0.2         |
|    entropy_loss         | -0.209      |
|    explained_variance   | 0.156       |
|    learning_rate        | 0.0003      |
|    loss                 | 9.64        |
|    n_updates            | 4400        |
|    policy_gradient_loss | -0.00206    |
|    value_loss           | 32.5        |
-----------------------------------------
------------------------------------------
| rollout/                |              |
|    ep_len_mean          | 223          |
|    ep_rew_mean          | 54.4         |
| time/                   |              |
|    fps                  | 164          |
|    iterations           | 442          |
|    time_elapsed         | 5494         |
|    total_timesteps      | 905216       |
| train/                  |              |
|    approx_kl            | 0.0070390827 |
|    clip_fraction        | 0.0566       |
|    clip_range           | 0.2          |
|    entropy_loss         | -0.217       |
|    explained_variance   | 0.151        |
|    learning_rate        | 0.0003       |
|    loss                 | 20           |
|    n_updates            | 4410         |
|    policy_gradient_loss | -0.00246     |
|    value_loss           | 31.1         |
------------------------------------------
-----------------------------------------
| rollout/                |             |
|    ep_len_mean          | 233         |
|    ep_rew_mean          | 57.1        |
| time/                   |             |
|    fps                  | 164         |
|    iterations           | 443         |
|    time_elapsed         | 5506        |
|    total_timesteps      | 907264      |
| train/                  |             |
|    approx_kl            | 0.009441148 |
|    clip_fraction        | 0.0786      |
|    clip_range           | 0.2         |
|    entropy_loss         | -0.211      |
|    explained_variance   | 0.196       |
|    learning_rate        | 0.0003      |
|    loss                 | 17.8        |
|    n_updates            | 4420        |
|    policy_gradient_loss | -0.000116   |
|    value_loss           | 26.4        |
-----------------------------------------
------------------------------------------
| rollout/                |              |
|    ep_len_mean          | 233          |
|    ep_rew_mean          | 57.5         |
| time/                   |              |
|    fps                  | 164          |
|    iterations           | 444          |
|    time_elapsed         | 5518         |
|    total_timesteps      | 909312       |
| train/                  |              |
|    approx_kl            | 0.0093957065 |
|    clip_fraction        | 0.0968       |
|    clip_range           | 0.2          |
|    entropy_loss         | -0.238       |
|    explained_variance   | 0.137        |
|    learning_rate        | 0.0003       |
|    loss                 | 16.2         |
|    n_updates            | 4430         |
|    policy_gradient_loss | -0.000369    |
|    value_loss           | 24.1         |
------------------------------------------
-----------------------------------------
| rollout/                |             |
|    ep_len_mean          | 239         |
|    ep_rew_mean          | 58.8        |
| time/                   |             |
|    fps                  | 164         |
|    iterations           | 445         |
|    time_elapsed         | 5529        |
|    total_timesteps      | 911360      |
| train/                  |             |
|    approx_kl            | 0.011117469 |
|    clip_fraction        | 0.0656      |
|    clip_range           | 0.2         |
|    entropy_loss         | -0.221      |
|    explained_variance   | 0.126       |
|    learning_rate        | 0.0003      |
|    loss                 | 8.97        |
|    n_updates            | 4440        |
|    policy_gradient_loss | -0.0029     |
|    value_loss           | 22.7        |
-----------------------------------------
-----------------------------------------
| rollout/                |             |
|    ep_len_mean          | 245         |
|    ep_rew_mean          | 60.2        |
| time/                   |             |
|    fps                  | 164         |
|    iterations           | 446         |
|    time_elapsed         | 5541        |
|    total_timesteps      | 913408      |
| train/                  |             |
|    approx_kl            | 0.024190828 |
|    clip_fraction        | 0.0702      |
|    clip_range           | 0.2         |
|    entropy_loss         | -0.235      |
|    explained_variance   | 0.105       |
|    learning_rate        | 0.0003      |
|    loss                 | 4.65        |
|    n_updates            | 4450        |
|    policy_gradient_loss | 0.000595    |
|    value_loss           | 21.8        |
-----------------------------------------
-----------------------------------------
| rollout/                |             |
|    ep_len_mean          | 235         |
|    ep_rew_mean          | 57.4        |
| time/                   |             |
|    fps                  | 164         |
|    iterations           | 447         |
|    time_elapsed         | 5553        |
|    total_timesteps      | 915456      |
| train/                  |             |
|    approx_kl            | 0.008674942 |
|    clip_fraction        | 0.0749      |
|    clip_range           | 0.2         |
|    entropy_loss         | -0.215      |
|    explained_variance   | 0.157       |
|    learning_rate        | 0.0003      |
|    loss                 | 7.05        |
|    n_updates            | 4460        |
|    policy_gradient_loss | 0.00247     |
|    value_loss           | 20.9        |
-----------------------------------------
------------------------------------------
| rollout/                |              |
|    ep_len_mean          | 227          |
|    ep_rew_mean          | 54.6         |
| time/                   |              |
|    fps                  | 164          |
|    iterations           | 448          |
|    time_elapsed         | 5565         |
|    total_timesteps      | 917504       |
| train/                  |              |
|    approx_kl            | 0.0053883498 |
|    clip_fraction        | 0.0612       |
|    clip_range           | 0.2          |
|    entropy_loss         | -0.22        |
|    explained_variance   | 0.177        |
|    learning_rate        | 0.0003       |
|    loss                 | 26.7         |
|    n_updates            | 4470         |
|    policy_gradient_loss | -0.00225     |
|    value_loss           | 27.6         |
------------------------------------------
-----------------------------------------
| rollout/                |             |
|    ep_len_mean          | 231         |
|    ep_rew_mean          | 55.8        |
| time/                   |             |
|    fps                  | 164         |
|    iterations           | 449         |
|    time_elapsed         | 5577        |
|    total_timesteps      | 919552      |
| train/                  |             |
|    approx_kl            | 0.009580277 |
|    clip_fraction        | 0.0701      |
|    clip_range           | 0.2         |
|    entropy_loss         | -0.222      |
|    explained_variance   | 0.0911      |
|    learning_rate        | 0.0003      |
|    loss                 | 16.1        |
|    n_updates            | 4480        |
|    policy_gradient_loss | 0.00347     |
|    value_loss           | 25.6        |
-----------------------------------------
------------------------------------------
| rollout/                |              |
|    ep_len_mean          | 229          |
|    ep_rew_mean          | 55.5         |
| time/                   |              |
|    fps                  | 164          |
|    iterations           | 450          |
|    time_elapsed         | 5588         |
|    total_timesteps      | 921600       |
| train/                  |              |
|    approx_kl            | 0.0070486795 |
|    clip_fraction        | 0.0772       |
|    clip_range           | 0.2          |
|    entropy_loss         | -0.234       |
|    explained_variance   | 0.103        |
|    learning_rate        | 0.0003       |
|    loss                 | 13.7         |
|    n_updates            | 4490         |
|    policy_gradient_loss | -0.0015      |
|    value_loss           | 26.2         |
------------------------------------------
------------------------------------------
| rollout/                |              |
|    ep_len_mean          | 240          |
|    ep_rew_mean          | 58.5         |
| time/                   |              |
|    fps                  | 164          |
|    iterations           | 451          |
|    time_elapsed         | 5599         |
|    total_timesteps      | 923648       |
| train/                  |              |
|    approx_kl            | 0.0051161386 |
|    clip_fraction        | 0.0662       |
|    clip_range           | 0.2          |
|    entropy_loss         | -0.224       |
|    explained_variance   | 0.161        |
|    learning_rate        | 0.0003       |
|    loss                 | 3.07         |
|    n_updates            | 4500         |
|    policy_gradient_loss | -0.00226     |
|    value_loss           | 21.7         |
------------------------------------------
-----------------------------------------
| rollout/                |             |
|    ep_len_mean          | 248         |
|    ep_rew_mean          | 60.7        |
| time/                   |             |
|    fps                  | 164         |
|    iterations           | 452         |
|    time_elapsed         | 5610        |
|    total_timesteps      | 925696      |
| train/                  |             |
|    approx_kl            | 0.008962754 |
|    clip_fraction        | 0.0763      |
|    clip_range           | 0.2         |
|    entropy_loss         | -0.22       |
|    explained_variance   | 0.248       |
|    learning_rate        | 0.0003      |
|    loss                 | 9.64        |
|    n_updates            | 4510        |
|    policy_gradient_loss | -0.00221    |
|    value_loss           | 16.9        |
-----------------------------------------
-----------------------------------------
| rollout/                |             |
|    ep_len_mean          | 258         |
|    ep_rew_mean          | 63.5        |
| time/                   |             |
|    fps                  | 165         |
|    iterations           | 453         |
|    time_elapsed         | 5620        |
|    total_timesteps      | 927744      |
| train/                  |             |
|    approx_kl            | 0.006408656 |
|    clip_fraction        | 0.0826      |
|    clip_range           | 0.2         |
|    entropy_loss         | -0.206      |
|    explained_variance   | 0.148       |
|    learning_rate        | 0.0003      |
|    loss                 | 10.7        |
|    n_updates            | 4520        |
|    policy_gradient_loss | -0.00295    |
|    value_loss           | 26.2        |
-----------------------------------------
-----------------------------------------
| rollout/                |             |
|    ep_len_mean          | 270         |
|    ep_rew_mean          | 67          |
| time/                   |             |
|    fps                  | 165         |
|    iterations           | 454         |
|    time_elapsed         | 5631        |
|    total_timesteps      | 929792      |
| train/                  |             |
|    approx_kl            | 0.008835103 |
|    clip_fraction        | 0.0629      |
|    clip_range           | 0.2         |
|    entropy_loss         | -0.201      |
|    explained_variance   | 0.264       |
|    learning_rate        | 0.0003      |
|    loss                 | 7.37        |
|    n_updates            | 4530        |
|    policy_gradient_loss | 0.000814    |
|    value_loss           | 18.7        |
-----------------------------------------
------------------------------------------
| rollout/                |              |
|    ep_len_mean          | 275          |
|    ep_rew_mean          | 68.9         |
| time/                   |              |
|    fps                  | 165          |
|    iterations           | 455          |
|    time_elapsed         | 5642         |
|    total_timesteps      | 931840       |
| train/                  |              |
|    approx_kl            | 0.0064054336 |
|    clip_fraction        | 0.0573       |
|    clip_range           | 0.2          |
|    entropy_loss         | -0.216       |
|    explained_variance   | 0.0799       |
|    learning_rate        | 0.0003       |
|    loss                 | 12.8         |
|    n_updates            | 4540         |
|    policy_gradient_loss | -0.00273     |
|    value_loss           | 21.2         |
------------------------------------------
-----------------------------------------
| rollout/                |             |
|    ep_len_mean          | 283         |
|    ep_rew_mean          | 71.3        |
| time/                   |             |
|    fps                  | 165         |
|    iterations           | 456         |
|    time_elapsed         | 5653        |
|    total_timesteps      | 933888      |
| train/                  |             |
|    approx_kl            | 0.009012543 |
|    clip_fraction        | 0.0628      |
|    clip_range           | 0.2         |
|    entropy_loss         | -0.221      |
|    explained_variance   | 0.0454      |
|    learning_rate        | 0.0003      |
|    loss                 | 15.5        |
|    n_updates            | 4550        |
|    policy_gradient_loss | -0.00265    |
|    value_loss           | 24.3        |
-----------------------------------------
-----------------------------------------
| rollout/                |             |
|    ep_len_mean          | 281         |
|    ep_rew_mean          | 70.3        |
| time/                   |             |
|    fps                  | 165         |
|    iterations           | 457         |
|    time_elapsed         | 5664        |
|    total_timesteps      | 935936      |
| train/                  |             |
|    approx_kl            | 0.008532491 |
|    clip_fraction        | 0.0673      |
|    clip_range           | 0.2         |
|    entropy_loss         | -0.206      |
|    explained_variance   | 0.284       |
|    learning_rate        | 0.0003      |
|    loss                 | 13.2        |
|    n_updates            | 4560        |
|    policy_gradient_loss | -8.26e-05   |
|    value_loss           | 19          |
-----------------------------------------
-----------------------------------------
| rollout/                |             |
|    ep_len_mean          | 277         |
|    ep_rew_mean          | 68.8        |
| time/                   |             |
|    fps                  | 165         |
|    iterations           | 458         |
|    time_elapsed         | 5675        |
|    total_timesteps      | 937984      |
| train/                  |             |
|    approx_kl            | 0.009377588 |
|    clip_fraction        | 0.0742      |
|    clip_range           | 0.2         |
|    entropy_loss         | -0.238      |
|    explained_variance   | 0.00311     |
|    learning_rate        | 0.0003      |
|    loss                 | 12          |
|    n_updates            | 4570        |
|    policy_gradient_loss | 0.00125     |
|    value_loss           | 22.5        |
-----------------------------------------
-----------------------------------------
| rollout/                |             |
|    ep_len_mean          | 273         |
|    ep_rew_mean          | 68.1        |
| time/                   |             |
|    fps                  | 165         |
|    iterations           | 459         |
|    time_elapsed         | 5686        |
|    total_timesteps      | 940032      |
| train/                  |             |
|    approx_kl            | 0.007339934 |
|    clip_fraction        | 0.0745      |
|    clip_range           | 0.2         |
|    entropy_loss         | -0.22       |
|    explained_variance   | 0.133       |
|    learning_rate        | 0.0003      |
|    loss                 | 14.8        |
|    n_updates            | 4580        |
|    policy_gradient_loss | -0.00237    |
|    value_loss           | 31.7        |
-----------------------------------------
-----------------------------------------
| rollout/                |             |
|    ep_len_mean          | 275         |
|    ep_rew_mean          | 68.5        |
| time/                   |             |
|    fps                  | 165         |
|    iterations           | 460         |
|    time_elapsed         | 5698        |
|    total_timesteps      | 942080      |
| train/                  |             |
|    approx_kl            | 0.016205912 |
|    clip_fraction        | 0.0751      |
|    clip_range           | 0.2         |
|    entropy_loss         | -0.23       |
|    explained_variance   | 0.173       |
|    learning_rate        | 0.0003      |
|    loss                 | 20.6        |
|    n_updates            | 4590        |
|    policy_gradient_loss | -0.000802   |
|    value_loss           | 21.3        |
-----------------------------------------
-----------------------------------------
| rollout/                |             |
|    ep_len_mean          | 280         |
|    ep_rew_mean          | 69.6        |
| time/                   |             |
|    fps                  | 165         |
|    iterations           | 461         |
|    time_elapsed         | 5709        |
|    total_timesteps      | 944128      |
| train/                  |             |
|    approx_kl            | 0.009699256 |
|    clip_fraction        | 0.061       |
|    clip_range           | 0.2         |
|    entropy_loss         | -0.2        |
|    explained_variance   | 0.0341      |
|    learning_rate        | 0.0003      |
|    loss                 | 17.1        |
|    n_updates            | 4600        |
|    policy_gradient_loss | 0.000426    |
|    value_loss           | 34          |
-----------------------------------------
-----------------------------------------
| rollout/                |             |
|    ep_len_mean          | 280         |
|    ep_rew_mean          | 69.1        |
| time/                   |             |
|    fps                  | 165         |
|    iterations           | 462         |
|    time_elapsed         | 5720        |
|    total_timesteps      | 946176      |
| train/                  |             |
|    approx_kl            | 0.009141301 |
|    clip_fraction        | 0.076       |
|    clip_range           | 0.2         |
|    entropy_loss         | -0.212      |
|    explained_variance   | 0.308       |
|    learning_rate        | 0.0003      |
|    loss                 | 8.02        |
|    n_updates            | 4610        |
|    policy_gradient_loss | -0.00319    |
|    value_loss           | 22          |
-----------------------------------------
-----------------------------------------
| rollout/                |             |
|    ep_len_mean          | 275         |
|    ep_rew_mean          | 67.9        |
| time/                   |             |
|    fps                  | 165         |
|    iterations           | 463         |
|    time_elapsed         | 5731        |
|    total_timesteps      | 948224      |
| train/                  |             |
|    approx_kl            | 0.011708463 |
|    clip_fraction        | 0.089       |
|    clip_range           | 0.2         |
|    entropy_loss         | -0.228      |
|    explained_variance   | 0.113       |
|    learning_rate        | 0.0003      |
|    loss                 | 10.3        |
|    n_updates            | 4620        |
|    policy_gradient_loss | -0.00284    |
|    value_loss           | 31.8        |
-----------------------------------------
-----------------------------------------
| rollout/                |             |
|    ep_len_mean          | 274         |
|    ep_rew_mean          | 67.9        |
| time/                   |             |
|    fps                  | 165         |
|    iterations           | 464         |
|    time_elapsed         | 5742        |
|    total_timesteps      | 950272      |
| train/                  |             |
|    approx_kl            | 0.007323877 |
|    clip_fraction        | 0.0716      |
|    clip_range           | 0.2         |
|    entropy_loss         | -0.206      |
|    explained_variance   | 0.142       |
|    learning_rate        | 0.0003      |
|    loss                 | 7.18        |
|    n_updates            | 4630        |
|    policy_gradient_loss | -0.000166   |
|    value_loss           | 22.2        |
-----------------------------------------
------------------------------------------
| rollout/                |              |
|    ep_len_mean          | 275          |
|    ep_rew_mean          | 68           |
| time/                   |              |
|    fps                  | 165          |
|    iterations           | 465          |
|    time_elapsed         | 5753         |
|    total_timesteps      | 952320       |
| train/                  |              |
|    approx_kl            | 0.0104324315 |
|    clip_fraction        | 0.0784       |
|    clip_range           | 0.2          |
|    entropy_loss         | -0.209       |
|    explained_variance   | 0.0914       |
|    learning_rate        | 0.0003       |
|    loss                 | 17.3         |
|    n_updates            | 4640         |
|    policy_gradient_loss | -0.00368     |
|    value_loss           | 25           |
------------------------------------------
-----------------------------------------
| rollout/                |             |
|    ep_len_mean          | 277         |
|    ep_rew_mean          | 69          |
| time/                   |             |
|    fps                  | 165         |
|    iterations           | 466         |
|    time_elapsed         | 5763        |
|    total_timesteps      | 954368      |
| train/                  |             |
|    approx_kl            | 0.007767756 |
|    clip_fraction        | 0.0795      |
|    clip_range           | 0.2         |
|    entropy_loss         | -0.212      |
|    explained_variance   | 0.0989      |
|    learning_rate        | 0.0003      |
|    loss                 | 1.75        |
|    n_updates            | 4650        |
|    policy_gradient_loss | -0.000297   |
|    value_loss           | 18.9        |
-----------------------------------------
-----------------------------------------
| rollout/                |             |
|    ep_len_mean          | 277         |
|    ep_rew_mean          | 68.4        |
| time/                   |             |
|    fps                  | 165         |
|    iterations           | 467         |
|    time_elapsed         | 5775        |
|    total_timesteps      | 956416      |
| train/                  |             |
|    approx_kl            | 0.006870824 |
|    clip_fraction        | 0.0776      |
|    clip_range           | 0.2         |
|    entropy_loss         | -0.212      |
|    explained_variance   | 0.0787      |
|    learning_rate        | 0.0003      |
|    loss                 | 2.22        |
|    n_updates            | 4660        |
|    policy_gradient_loss | -0.00266    |
|    value_loss           | 21          |
-----------------------------------------
------------------------------------------
| rollout/                |              |
|    ep_len_mean          | 268          |
|    ep_rew_mean          | 65.4         |
| time/                   |              |
|    fps                  | 165          |
|    iterations           | 468          |
|    time_elapsed         | 5786         |
|    total_timesteps      | 958464       |
| train/                  |              |
|    approx_kl            | 0.0113766715 |
|    clip_fraction        | 0.0775       |
|    clip_range           | 0.2          |
|    entropy_loss         | -0.198       |
|    explained_variance   | 0.0945       |
|    learning_rate        | 0.0003       |
|    loss                 | 10.3         |
|    n_updates            | 4670         |
|    policy_gradient_loss | 0.000366     |
|    value_loss           | 24.5         |
------------------------------------------
----------------------------------------
| rollout/                |            |
|    ep_len_mean          | 275        |
|    ep_rew_mean          | 66.5       |
| time/                   |            |
|    fps                  | 165        |
|    iterations           | 469        |
|    time_elapsed         | 5798       |
|    total_timesteps      | 960512     |
| train/                  |            |
|    approx_kl            | 0.00826581 |
|    clip_fraction        | 0.08       |
|    clip_range           | 0.2        |
|    entropy_loss         | -0.235     |
|    explained_variance   | 0.144      |
|    learning_rate        | 0.0003     |
|    loss                 | 9.32       |
|    n_updates            | 4680       |
|    policy_gradient_loss | -0.00261   |
|    value_loss           | 22.2       |
----------------------------------------
----------------------------------------
| rollout/                |            |
|    ep_len_mean          | 273        |
|    ep_rew_mean          | 65.7       |
| time/                   |            |
|    fps                  | 165        |
|    iterations           | 470        |
|    time_elapsed         | 5808       |
|    total_timesteps      | 962560     |
| train/                  |            |
|    approx_kl            | 0.00836766 |
|    clip_fraction        | 0.0571     |
|    clip_range           | 0.2        |
|    entropy_loss         | -0.217     |
|    explained_variance   | 0.112      |
|    learning_rate        | 0.0003     |
|    loss                 | 22         |
|    n_updates            | 4690       |
|    policy_gradient_loss | 0.000113   |
|    value_loss           | 22.9       |
----------------------------------------
----------------------------------------
| rollout/                |            |
|    ep_len_mean          | 277        |
|    ep_rew_mean          | 67.6       |
| time/                   |            |
|    fps                  | 165        |
|    iterations           | 471        |
|    time_elapsed         | 5820       |
|    total_timesteps      | 964608     |
| train/                  |            |
|    approx_kl            | 0.00697984 |
|    clip_fraction        | 0.0583     |
|    clip_range           | 0.2        |
|    entropy_loss         | -0.19      |
|    explained_variance   | 0.208      |
|    learning_rate        | 0.0003     |
|    loss                 | 5.5        |
|    n_updates            | 4700       |
|    policy_gradient_loss | 0.00121    |
|    value_loss           | 20         |
----------------------------------------
------------------------------------------
| rollout/                |              |
|    ep_len_mean          | 287          |
|    ep_rew_mean          | 70.2         |
| time/                   |              |
|    fps                  | 165          |
|    iterations           | 472          |
|    time_elapsed         | 5830         |
|    total_timesteps      | 966656       |
| train/                  |              |
|    approx_kl            | 0.0074781384 |
|    clip_fraction        | 0.0693       |
|    clip_range           | 0.2          |
|    entropy_loss         | -0.208       |
|    explained_variance   | 0.0719       |
|    learning_rate        | 0.0003       |
|    loss                 | 27.4         |
|    n_updates            | 4710         |
|    policy_gradient_loss | -0.00174     |
|    value_loss           | 27.4         |
------------------------------------------
-----------------------------------------
| rollout/                |             |
|    ep_len_mean          | 278         |
|    ep_rew_mean          | 67.7        |
| time/                   |             |
|    fps                  | 165         |
|    iterations           | 473         |
|    time_elapsed         | 5843        |
|    total_timesteps      | 968704      |
| train/                  |             |
|    approx_kl            | 0.008935008 |
|    clip_fraction        | 0.0676      |
|    clip_range           | 0.2         |
|    entropy_loss         | -0.213      |
|    explained_variance   | 0.148       |
|    learning_rate        | 0.0003      |
|    loss                 | 10.2        |
|    n_updates            | 4720        |
|    policy_gradient_loss | 0.000588    |
|    value_loss           | 15.2        |
-----------------------------------------
-----------------------------------------
| rollout/                |             |
|    ep_len_mean          | 271         |
|    ep_rew_mean          | 66.1        |
| time/                   |             |
|    fps                  | 165         |
|    iterations           | 474         |
|    time_elapsed         | 5855        |
|    total_timesteps      | 970752      |
| train/                  |             |
|    approx_kl            | 0.016427066 |
|    clip_fraction        | 0.0529      |
|    clip_range           | 0.2         |
|    entropy_loss         | -0.208      |
|    explained_variance   | 0.135       |
|    learning_rate        | 0.0003      |
|    loss                 | 38.7        |
|    n_updates            | 4730        |
|    policy_gradient_loss | 0.000618    |
|    value_loss           | 37.2        |
-----------------------------------------
------------------------------------------
| rollout/                |              |
|    ep_len_mean          | 268          |
|    ep_rew_mean          | 66.1         |
| time/                   |              |
|    fps                  | 165          |
|    iterations           | 475          |
|    time_elapsed         | 5867         |
|    total_timesteps      | 972800       |
| train/                  |              |
|    approx_kl            | 0.0057162857 |
|    clip_fraction        | 0.0451       |
|    clip_range           | 0.2          |
|    entropy_loss         | -0.203       |
|    explained_variance   | 0.0584       |
|    learning_rate        | 0.0003       |
|    loss                 | 15.8         |
|    n_updates            | 4740         |
|    policy_gradient_loss | -0.00236     |
|    value_loss           | 30.6         |
------------------------------------------
-----------------------------------------
| rollout/                |             |
|    ep_len_mean          | 278         |
|    ep_rew_mean          | 69.1        |
| time/                   |             |
|    fps                  | 165         |
|    iterations           | 476         |
|    time_elapsed         | 5878        |
|    total_timesteps      | 974848      |
| train/                  |             |
|    approx_kl            | 0.006386851 |
|    clip_fraction        | 0.0692      |
|    clip_range           | 0.2         |
|    entropy_loss         | -0.192      |
|    explained_variance   | 0.105       |
|    learning_rate        | 0.0003      |
|    loss                 | 3.03        |
|    n_updates            | 4750        |
|    policy_gradient_loss | -0.00293    |
|    value_loss           | 23.3        |
-----------------------------------------
-----------------------------------------
| rollout/                |             |
|    ep_len_mean          | 275         |
|    ep_rew_mean          | 68.6        |
| time/                   |             |
|    fps                  | 165         |
|    iterations           | 477         |
|    time_elapsed         | 5888        |
|    total_timesteps      | 976896      |
| train/                  |             |
|    approx_kl            | 0.008704805 |
|    clip_fraction        | 0.0744      |
|    clip_range           | 0.2         |
|    entropy_loss         | -0.213      |
|    explained_variance   | 0.101       |
|    learning_rate        | 0.0003      |
|    loss                 | 5.48        |
|    n_updates            | 4760        |
|    policy_gradient_loss | -0.000632   |
|    value_loss           | 19.1        |
-----------------------------------------
------------------------------------------
| rollout/                |              |
|    ep_len_mean          | 289          |
|    ep_rew_mean          | 72.2         |
| time/                   |              |
|    fps                  | 165          |
|    iterations           | 478          |
|    time_elapsed         | 5899         |
|    total_timesteps      | 978944       |
| train/                  |              |
|    approx_kl            | 0.0064466163 |
|    clip_fraction        | 0.0845       |
|    clip_range           | 0.2          |
|    entropy_loss         | -0.217       |
|    explained_variance   | 0.186        |
|    learning_rate        | 0.0003       |
|    loss                 | 3.81         |
|    n_updates            | 4770         |
|    policy_gradient_loss | 0.00101      |
|    value_loss           | 15.8         |
------------------------------------------
-----------------------------------------
| rollout/                |             |
|    ep_len_mean          | 279         |
|    ep_rew_mean          | 70.1        |
| time/                   |             |
|    fps                  | 165         |
|    iterations           | 479         |
|    time_elapsed         | 5911        |
|    total_timesteps      | 980992      |
| train/                  |             |
|    approx_kl            | 0.010255554 |
|    clip_fraction        | 0.0723      |
|    clip_range           | 0.2         |
|    entropy_loss         | -0.226      |
|    explained_variance   | 0.123       |
|    learning_rate        | 0.0003      |
|    loss                 | 10.8        |
|    n_updates            | 4780        |
|    policy_gradient_loss | -0.000401   |
|    value_loss           | 21.9        |
-----------------------------------------
-----------------------------------------
| rollout/                |             |
|    ep_len_mean          | 274         |
|    ep_rew_mean          | 68.9        |
| time/                   |             |
|    fps                  | 165         |
|    iterations           | 480         |
|    time_elapsed         | 5922        |
|    total_timesteps      | 983040      |
| train/                  |             |
|    approx_kl            | 0.009804719 |
|    clip_fraction        | 0.079       |
|    clip_range           | 0.2         |
|    entropy_loss         | -0.209      |
|    explained_variance   | 0.186       |
|    learning_rate        | 0.0003      |
|    loss                 | 25.4        |
|    n_updates            | 4790        |
|    policy_gradient_loss | -0.00534    |
|    value_loss           | 33.9        |
-----------------------------------------
-----------------------------------------
| rollout/                |             |
|    ep_len_mean          | 273         |
|    ep_rew_mean          | 70          |
| time/                   |             |
|    fps                  | 166         |
|    iterations           | 481         |
|    time_elapsed         | 5931        |
|    total_timesteps      | 985088      |
| train/                  |             |
|    approx_kl            | 0.014040062 |
|    clip_fraction        | 0.0779      |
|    clip_range           | 0.2         |
|    entropy_loss         | -0.209      |
|    explained_variance   | 0.199       |
|    learning_rate        | 0.0003      |
|    loss                 | 14          |
|    n_updates            | 4800        |
|    policy_gradient_loss | -0.00341    |
|    value_loss           | 21.7        |
-----------------------------------------
----------------------------------------
| rollout/                |            |
|    ep_len_mean          | 277        |
|    ep_rew_mean          | 71.4       |
| time/                   |            |
|    fps                  | 166        |
|    iterations           | 482        |
|    time_elapsed         | 5943       |
|    total_timesteps      | 987136     |
| train/                  |            |
|    approx_kl            | 0.01246599 |
|    clip_fraction        | 0.0871     |
|    clip_range           | 0.2        |
|    entropy_loss         | -0.221     |
|    explained_variance   | 0.176      |
|    learning_rate        | 0.0003     |
|    loss                 | 2.28       |
|    n_updates            | 4810       |
|    policy_gradient_loss | -0.00124   |
|    value_loss           | 16         |
----------------------------------------
-----------------------------------------
| rollout/                |             |
|    ep_len_mean          | 258         |
|    ep_rew_mean          | 65.9        |
| time/                   |             |
|    fps                  | 166         |
|    iterations           | 483         |
|    time_elapsed         | 5954        |
|    total_timesteps      | 989184      |
| train/                  |             |
|    approx_kl            | 0.009992085 |
|    clip_fraction        | 0.069       |
|    clip_range           | 0.2         |
|    entropy_loss         | -0.222      |
|    explained_variance   | 0.267       |
|    learning_rate        | 0.0003      |
|    loss                 | 13.4        |
|    n_updates            | 4820        |
|    policy_gradient_loss | 0.00088     |
|    value_loss           | 25.7        |
-----------------------------------------
-----------------------------------------
| rollout/                |             |
|    ep_len_mean          | 263         |
|    ep_rew_mean          | 67.6        |
| time/                   |             |
|    fps                  | 166         |
|    iterations           | 484         |
|    time_elapsed         | 5965        |
|    total_timesteps      | 991232      |
| train/                  |             |
|    approx_kl            | 0.006150069 |
|    clip_fraction        | 0.053       |
|    clip_range           | 0.2         |
|    entropy_loss         | -0.225      |
|    explained_variance   | 0.146       |
|    learning_rate        | 0.0003      |
|    loss                 | 10.3        |
|    n_updates            | 4830        |
|    policy_gradient_loss | 0.000205    |
|    value_loss           | 35.6        |
-----------------------------------------
-----------------------------------------
| rollout/                |             |
|    ep_len_mean          | 262         |
|    ep_rew_mean          | 67.3        |
| time/                   |             |
|    fps                  | 166         |
|    iterations           | 485         |
|    time_elapsed         | 5975        |
|    total_timesteps      | 993280      |
| train/                  |             |
|    approx_kl            | 0.005915818 |
|    clip_fraction        | 0.0617      |
|    clip_range           | 0.2         |
|    entropy_loss         | -0.212      |
|    explained_variance   | 0.108       |
|    learning_rate        | 0.0003      |
|    loss                 | 4.26        |
|    n_updates            | 4840        |
|    policy_gradient_loss | 0.00123     |
|    value_loss           | 20.9        |
-----------------------------------------
------------------------------------------
| rollout/                |              |
|    ep_len_mean          | 269          |
|    ep_rew_mean          | 69.4         |
| time/                   |              |
|    fps                  | 166          |
|    iterations           | 486          |
|    time_elapsed         | 5986         |
|    total_timesteps      | 995328       |
| train/                  |              |
|    approx_kl            | 0.0070399465 |
|    clip_fraction        | 0.0623       |
|    clip_range           | 0.2          |
|    entropy_loss         | -0.228       |
|    explained_variance   | 0.0755       |
|    learning_rate        | 0.0003       |
|    loss                 | 9.8          |
|    n_updates            | 4850         |
|    policy_gradient_loss | -0.00192     |
|    value_loss           | 21.3         |
------------------------------------------
------------------------------------------
| rollout/                |              |
|    ep_len_mean          | 280          |
|    ep_rew_mean          | 72.7         |
| time/                   |              |
|    fps                  | 166          |
|    iterations           | 487          |
|    time_elapsed         | 5996         |
|    total_timesteps      | 997376       |
| train/                  |              |
|    approx_kl            | 0.0072086453 |
|    clip_fraction        | 0.0646       |
|    clip_range           | 0.2          |
|    entropy_loss         | -0.225       |
|    explained_variance   | 0.108        |
|    learning_rate        | 0.0003       |
|    loss                 | 17.7         |
|    n_updates            | 4860         |
|    policy_gradient_loss | -0.00072     |
|    value_loss           | 27.4         |
------------------------------------------
-----------------------------------------
| rollout/                |             |
|    ep_len_mean          | 292         |
|    ep_rew_mean          | 76.2        |
| time/                   |             |
|    fps                  | 166         |
|    iterations           | 488         |
|    time_elapsed         | 6007        |
|    total_timesteps      | 999424      |
| train/                  |             |
|    approx_kl            | 0.006882568 |
|    clip_fraction        | 0.0729      |
|    clip_range           | 0.2         |
|    entropy_loss         | -0.227      |
|    explained_variance   | 0.0459      |
|    learning_rate        | 0.0003      |
|    loss                 | 16.7        |
|    n_updates            | 4870        |
|    policy_gradient_loss | 0.000837    |
|    value_loss           | 18.9        |
-----------------------------------------
-----------------------------------------
| rollout/                |             |
|    ep_len_mean          | 288         |
|    ep_rew_mean          | 74.8        |
| time/                   |             |
|    fps                  | 166         |
|    iterations           | 489         |
|    time_elapsed         | 6019        |
|    total_timesteps      | 1001472     |
| train/                  |             |
|    approx_kl            | 0.009542255 |
|    clip_fraction        | 0.0795      |
|    clip_range           | 0.2         |
|    entropy_loss         | -0.226      |
|    explained_variance   | 0.0949      |
|    learning_rate        | 0.0003      |
|    loss                 | 4.57        |
|    n_updates            | 4880        |
|    policy_gradient_loss | -0.0023     |
|    value_loss           | 22.1        |
-----------------------------------------
Average Reward: 27.82
Average Episode Length: 166.9
