/data/class/cs175/loon1/.conda/envs/rl/lib/python3.11/site-packages/pygame/pkgdata.py:25: UserWarning: pkg_resources is deprecated as an API. See https://setuptools.pypa.io/en/latest/pkg_resources.html. The pkg_resources package is slated for removal as early as 2025-11-30. Refrain from using this package or pin to Setuptools<81.
  from pkg_resources import resource_stream, resource_exists
2026-03-08 23:42:29.139986: I tensorflow/core/platform/cpu_feature_guard.cc:210] This TensorFlow binary is optimized to use available CPU instructions in performance-critical operations.
To enable the following instructions: AVX2 AVX512F FMA, in other operations, rebuild TensorFlow with the appropriate compiler flags.
Failed to create secure directory (/run/user/2302048/pulse): No such file or directory
Resuming training from checkpoint: ./data/model_checkpoints/ppo_snake_4_1500000_steps.zip
Wrapping the env with a `Monitor` wrapper
Wrapping the env in a DummyVecEnv.
FruitCounts | {'Fruit': 0, 'DecayFruit': 2, 'EnemyFruit': 0} |
---------------------------------
| rollout/           |          |
|    ep_len_mean     | 188      |
|    ep_rew_mean     | 338      |
| time/              |          |
|    fps             | 181      |
|    iterations      | 1        |
|    time_elapsed    | 11       |
|    total_timesteps | 1502048  |
---------------------------------
FruitCounts | {'Fruit': 0, 'DecayFruit': 1, 'EnemyFruit': 0} |
-----------------------------------------
| rollout/                |             |
|    ep_len_mean          | 182         |
|    ep_rew_mean          | 332         |
| time/                   |             |
|    fps                  | 164         |
|    iterations           | 2           |
|    time_elapsed         | 24          |
|    total_timesteps      | 1504096     |
| train/                  |             |
|    approx_kl            | 0.008215703 |
|    clip_fraction        | 0.0643      |
|    clip_range           | 0.2         |
|    entropy_loss         | -0.2        |
|    explained_variance   | 0.329       |
|    learning_rate        | 0.0003      |
|    loss                 | 431         |
|    n_updates            | 7330        |
|    policy_gradient_loss | -0.000345   |
|    value_loss           | 1.05e+03    |
-----------------------------------------
FruitCounts | {'Fruit': 0, 'DecayFruit': 8, 'EnemyFruit': 0} |
-----------------------------------------
| rollout/                |             |
|    ep_len_mean          | 178         |
|    ep_rew_mean          | 317         |
| time/                   |             |
|    fps                  | 165         |
|    iterations           | 3           |
|    time_elapsed         | 37          |
|    total_timesteps      | 1506144     |
| train/                  |             |
|    approx_kl            | 0.005147245 |
|    clip_fraction        | 0.0502      |
|    clip_range           | 0.2         |
|    entropy_loss         | -0.217      |
|    explained_variance   | 0.315       |
|    learning_rate        | 0.0003      |
|    loss                 | 419         |
|    n_updates            | 7340        |
|    policy_gradient_loss | -0.00382    |
|    value_loss           | 1.17e+03    |
-----------------------------------------
FruitCounts | {'Fruit': 0, 'DecayFruit': 3, 'EnemyFruit': 0} |
------------------------------------------
| rollout/                |              |
|    ep_len_mean          | 184          |
|    ep_rew_mean          | 326          |
| time/                   |              |
|    fps                  | 163          |
|    iterations           | 4            |
|    time_elapsed         | 49           |
|    total_timesteps      | 1508192      |
| train/                  |              |
|    approx_kl            | 0.0076565137 |
|    clip_fraction        | 0.0553       |
|    clip_range           | 0.2          |
|    entropy_loss         | -0.2         |
|    explained_variance   | 0.199        |
|    learning_rate        | 0.0003       |
|    loss                 | 267          |
|    n_updates            | 7350         |
|    policy_gradient_loss | -0.00174     |
|    value_loss           | 889          |
------------------------------------------
FruitCounts | {'Fruit': 0, 'DecayFruit': 3, 'EnemyFruit': 0} |
-----------------------------------------
| rollout/                |             |
|    ep_len_mean          | 189         |
|    ep_rew_mean          | 332         |
| time/                   |             |
|    fps                  | 163         |
|    iterations           | 5           |
|    time_elapsed         | 62          |
|    total_timesteps      | 1510240     |
| train/                  |             |
|    approx_kl            | 0.008398071 |
|    clip_fraction        | 0.0541      |
|    clip_range           | 0.2         |
|    entropy_loss         | -0.194      |
|    explained_variance   | 0.196       |
|    learning_rate        | 0.0003      |
|    loss                 | 521         |
|    n_updates            | 7360        |
|    policy_gradient_loss | -0.00533    |
|    value_loss           | 1.11e+03    |
-----------------------------------------
FruitCounts | {'Fruit': 1, 'DecayFruit': 5, 'EnemyFruit': 0} |
------------------------------------------
| rollout/                |              |
|    ep_len_mean          | 201          |
|    ep_rew_mean          | 344          |
| time/                   |              |
|    fps                  | 164          |
|    iterations           | 6            |
|    time_elapsed         | 74           |
|    total_timesteps      | 1512288      |
| train/                  |              |
|    approx_kl            | 0.0062500294 |
|    clip_fraction        | 0.0598       |
|    clip_range           | 0.2          |
|    entropy_loss         | -0.211       |
|    explained_variance   | 0.196        |
|    learning_rate        | 0.0003       |
|    loss                 | 546          |
|    n_updates            | 7370         |
|    policy_gradient_loss | 3.02e-05     |
|    value_loss           | 1.07e+03     |
------------------------------------------
FruitCounts | {'Fruit': 0, 'DecayFruit': 9, 'EnemyFruit': 1} |
-----------------------------------------
| rollout/                |             |
|    ep_len_mean          | 209         |
|    ep_rew_mean          | 356         |
| time/                   |             |
|    fps                  | 165         |
|    iterations           | 7           |
|    time_elapsed         | 86          |
|    total_timesteps      | 1514336     |
| train/                  |             |
|    approx_kl            | 0.009262982 |
|    clip_fraction        | 0.108       |
|    clip_range           | 0.2         |
|    entropy_loss         | -0.192      |
|    explained_variance   | 0.21        |
|    learning_rate        | 0.0003      |
|    loss                 | 244         |
|    n_updates            | 7380        |
|    policy_gradient_loss | 0.0252      |
|    value_loss           | 575         |
-----------------------------------------
FruitCounts | {'Fruit': 0, 'DecayFruit': 5, 'EnemyFruit': 2} |
------------------------------------------
| rollout/                |              |
|    ep_len_mean          | 214          |
|    ep_rew_mean          | 365          |
| time/                   |              |
|    fps                  | 165          |
|    iterations           | 8            |
|    time_elapsed         | 99           |
|    total_timesteps      | 1516384      |
| train/                  |              |
|    approx_kl            | 0.0054652574 |
|    clip_fraction        | 0.0447       |
|    clip_range           | 0.2          |
|    entropy_loss         | -0.203       |
|    explained_variance   | 0.287        |
|    learning_rate        | 0.0003       |
|    loss                 | 310          |
|    n_updates            | 7390         |
|    policy_gradient_loss | -0.00404     |
|    value_loss           | 858          |
------------------------------------------
FruitCounts | {'Fruit': 0, 'DecayFruit': 3, 'EnemyFruit': 0} |
-----------------------------------------
| rollout/                |             |
|    ep_len_mean          | 218         |
|    ep_rew_mean          | 376         |
| time/                   |             |
|    fps                  | 164         |
|    iterations           | 9           |
|    time_elapsed         | 111         |
|    total_timesteps      | 1518432     |
| train/                  |             |
|    approx_kl            | 0.005016544 |
|    clip_fraction        | 0.0509      |
|    clip_range           | 0.2         |
|    entropy_loss         | -0.223      |
|    explained_variance   | 0.242       |
|    learning_rate        | 0.0003      |
|    loss                 | 154         |
|    n_updates            | 7400        |
|    policy_gradient_loss | -0.00356    |
|    value_loss           | 781         |
-----------------------------------------
FruitCounts | {'Fruit': 1, 'DecayFruit': 11, 'EnemyFruit': 4} |
------------------------------------------
| rollout/                |              |
|    ep_len_mean          | 220          |
|    ep_rew_mean          | 380          |
| time/                   |              |
|    fps                  | 165          |
|    iterations           | 10           |
|    time_elapsed         | 123          |
|    total_timesteps      | 1520480      |
| train/                  |              |
|    approx_kl            | 0.0032935531 |
|    clip_fraction        | 0.033        |
|    clip_range           | 0.2          |
|    entropy_loss         | -0.218       |
|    explained_variance   | 0.28         |
|    learning_rate        | 0.0003       |
|    loss                 | 543          |
|    n_updates            | 7410         |
|    policy_gradient_loss | -0.0022      |
|    value_loss           | 1.11e+03     |
------------------------------------------
FruitCounts | {'Fruit': 0, 'DecayFruit': 11, 'EnemyFruit': 5} |
------------------------------------------
| rollout/                |              |
|    ep_len_mean          | 223          |
|    ep_rew_mean          | 384          |
| time/                   |              |
|    fps                  | 164          |
|    iterations           | 11           |
|    time_elapsed         | 136          |
|    total_timesteps      | 1522528      |
| train/                  |              |
|    approx_kl            | 0.0071096113 |
|    clip_fraction        | 0.0466       |
|    clip_range           | 0.2          |
|    entropy_loss         | -0.229       |
|    explained_variance   | 0.219        |
|    learning_rate        | 0.0003       |
|    loss                 | 285          |
|    n_updates            | 7420         |
|    policy_gradient_loss | -0.00409     |
|    value_loss           | 993          |
------------------------------------------
FruitCounts | {'Fruit': 0, 'DecayFruit': 2, 'EnemyFruit': 0} |
-----------------------------------------
| rollout/                |             |
|    ep_len_mean          | 210         |
|    ep_rew_mean          | 360         |
| time/                   |             |
|    fps                  | 163         |
|    iterations           | 12          |
|    time_elapsed         | 150         |
|    total_timesteps      | 1524576     |
| train/                  |             |
|    approx_kl            | 0.003972831 |
|    clip_fraction        | 0.0456      |
|    clip_range           | 0.2         |
|    entropy_loss         | -0.215      |
|    explained_variance   | 0.244       |
|    learning_rate        | 0.0003      |
|    loss                 | 504         |
|    n_updates            | 7430        |
|    policy_gradient_loss | -0.00201    |
|    value_loss           | 1.02e+03    |
-----------------------------------------
FruitCounts | {'Fruit': 0, 'DecayFruit': 8, 'EnemyFruit': 1} |
-----------------------------------------
| rollout/                |             |
|    ep_len_mean          | 206         |
|    ep_rew_mean          | 354         |
| time/                   |             |
|    fps                  | 162         |
|    iterations           | 13          |
|    time_elapsed         | 163         |
|    total_timesteps      | 1526624     |
| train/                  |             |
|    approx_kl            | 0.006550599 |
|    clip_fraction        | 0.0639      |
|    clip_range           | 0.2         |
|    entropy_loss         | -0.22       |
|    explained_variance   | 0.197       |
|    learning_rate        | 0.0003      |
|    loss                 | 483         |
|    n_updates            | 7440        |
|    policy_gradient_loss | -0.0033     |
|    value_loss           | 1.17e+03    |
-----------------------------------------
FruitCounts | {'Fruit': 0, 'DecayFruit': 3, 'EnemyFruit': 0} |
-----------------------------------------
| rollout/                |             |
|    ep_len_mean          | 203         |
|    ep_rew_mean          | 356         |
| time/                   |             |
|    fps                  | 162         |
|    iterations           | 14          |
|    time_elapsed         | 176         |
|    total_timesteps      | 1528672     |
| train/                  |             |
|    approx_kl            | 0.008417594 |
|    clip_fraction        | 0.057       |
|    clip_range           | 0.2         |
|    entropy_loss         | -0.237      |
|    explained_variance   | 0.174       |
|    learning_rate        | 0.0003      |
|    loss                 | 241         |
|    n_updates            | 7450        |
|    policy_gradient_loss | -0.00467    |
|    value_loss           | 976         |
-----------------------------------------
FruitCounts | {'Fruit': 0, 'DecayFruit': 4, 'EnemyFruit': 1} |
------------------------------------------
| rollout/                |              |
|    ep_len_mean          | 199          |
|    ep_rew_mean          | 354          |
| time/                   |              |
|    fps                  | 162          |
|    iterations           | 15           |
|    time_elapsed         | 189          |
|    total_timesteps      | 1530720      |
| train/                  |              |
|    approx_kl            | 0.0069340114 |
|    clip_fraction        | 0.0486       |
|    clip_range           | 0.2          |
|    entropy_loss         | -0.212       |
|    explained_variance   | 0.209        |
|    learning_rate        | 0.0003       |
|    loss                 | 594          |
|    n_updates            | 7460         |
|    policy_gradient_loss | -0.000739    |
|    value_loss           | 1.22e+03     |
------------------------------------------
FruitCounts | {'Fruit': 0, 'DecayFruit': 4, 'EnemyFruit': 2} |
------------------------------------------
| rollout/                |              |
|    ep_len_mean          | 195          |
|    ep_rew_mean          | 348          |
| time/                   |              |
|    fps                  | 161          |
|    iterations           | 16           |
|    time_elapsed         | 202          |
|    total_timesteps      | 1532768      |
| train/                  |              |
|    approx_kl            | 0.0066867936 |
|    clip_fraction        | 0.0551       |
|    clip_range           | 0.2          |
|    entropy_loss         | -0.191       |
|    explained_variance   | 0.323        |
|    learning_rate        | 0.0003       |
|    loss                 | 437          |
|    n_updates            | 7470         |
|    policy_gradient_loss | -0.00289     |
|    value_loss           | 1.24e+03     |
------------------------------------------
FruitCounts | {'Fruit': 0, 'DecayFruit': 0, 'EnemyFruit': 0} |
------------------------------------------
| rollout/                |              |
|    ep_len_mean          | 184          |
|    ep_rew_mean          | 342          |
| time/                   |              |
|    fps                  | 161          |
|    iterations           | 17           |
|    time_elapsed         | 215          |
|    total_timesteps      | 1534816      |
| train/                  |              |
|    approx_kl            | 0.0066547603 |
|    clip_fraction        | 0.0733       |
|    clip_range           | 0.2          |
|    entropy_loss         | -0.221       |
|    explained_variance   | 0.223        |
|    learning_rate        | 0.0003       |
|    loss                 | 167          |
|    n_updates            | 7480         |
|    policy_gradient_loss | 0.00224      |
|    value_loss           | 915          |
------------------------------------------
FruitCounts | {'Fruit': 1, 'DecayFruit': 4, 'EnemyFruit': 2} |
------------------------------------------
| rollout/                |              |
|    ep_len_mean          | 190          |
|    ep_rew_mean          | 347          |
| time/                   |              |
|    fps                  | 162          |
|    iterations           | 18           |
|    time_elapsed         | 226          |
|    total_timesteps      | 1536864      |
| train/                  |              |
|    approx_kl            | 0.0060906787 |
|    clip_fraction        | 0.0701       |
|    clip_range           | 0.2          |
|    entropy_loss         | -0.212       |
|    explained_variance   | 0.368        |
|    learning_rate        | 0.0003       |
|    loss                 | 292          |
|    n_updates            | 7490         |
|    policy_gradient_loss | -0.000633    |
|    value_loss           | 933          |
------------------------------------------
FruitCounts | {'Fruit': 1, 'DecayFruit': 10, 'EnemyFruit': 1} |
-----------------------------------------
| rollout/                |             |
|    ep_len_mean          | 187         |
|    ep_rew_mean          | 334         |
| time/                   |             |
|    fps                  | 162         |
|    iterations           | 19          |
|    time_elapsed         | 239         |
|    total_timesteps      | 1538912     |
| train/                  |             |
|    approx_kl            | 0.015884325 |
|    clip_fraction        | 0.0642      |
|    clip_range           | 0.2         |
|    entropy_loss         | -0.231      |
|    explained_variance   | 0.407       |
|    learning_rate        | 0.0003      |
|    loss                 | 380         |
|    n_updates            | 7500        |
|    policy_gradient_loss | -0.000859   |
|    value_loss           | 728         |
-----------------------------------------
FruitCounts | {'Fruit': 0, 'DecayFruit': 1, 'EnemyFruit': 0} |
-----------------------------------------
| rollout/                |             |
|    ep_len_mean          | 186         |
|    ep_rew_mean          | 338         |
| time/                   |             |
|    fps                  | 162         |
|    iterations           | 20          |
|    time_elapsed         | 252         |
|    total_timesteps      | 1540960     |
| train/                  |             |
|    approx_kl            | 0.010528933 |
|    clip_fraction        | 0.0619      |
|    clip_range           | 0.2         |
|    entropy_loss         | -0.197      |
|    explained_variance   | 0.311       |
|    learning_rate        | 0.0003      |
|    loss                 | 595         |
|    n_updates            | 7510        |
|    policy_gradient_loss | 0.000774    |
|    value_loss           | 812         |
-----------------------------------------
FruitCounts | {'Fruit': 0, 'DecayFruit': 7, 'EnemyFruit': 0} |
-----------------------------------------
| rollout/                |             |
|    ep_len_mean          | 192         |
|    ep_rew_mean          | 354         |
| time/                   |             |
|    fps                  | 162         |
|    iterations           | 21          |
|    time_elapsed         | 264         |
|    total_timesteps      | 1543008     |
| train/                  |             |
|    approx_kl            | 0.008219593 |
|    clip_fraction        | 0.0559      |
|    clip_range           | 0.2         |
|    entropy_loss         | -0.218      |
|    explained_variance   | 0.286       |
|    learning_rate        | 0.0003      |
|    loss                 | 530         |
|    n_updates            | 7520        |
|    policy_gradient_loss | -0.00241    |
|    value_loss           | 1.23e+03    |
-----------------------------------------
FruitCounts | {'Fruit': 0, 'DecayFruit': 3, 'EnemyFruit': 0} |
-----------------------------------------
| rollout/                |             |
|    ep_len_mean          | 203         |
|    ep_rew_mean          | 379         |
| time/                   |             |
|    fps                  | 162         |
|    iterations           | 22          |
|    time_elapsed         | 277         |
|    total_timesteps      | 1545056     |
| train/                  |             |
|    approx_kl            | 0.006963655 |
|    clip_fraction        | 0.052       |
|    clip_range           | 0.2         |
|    entropy_loss         | -0.215      |
|    explained_variance   | 0.23        |
|    learning_rate        | 0.0003      |
|    loss                 | 463         |
|    n_updates            | 7530        |
|    policy_gradient_loss | -0.00342    |
|    value_loss           | 1.31e+03    |
-----------------------------------------
FruitCounts | {'Fruit': 0, 'DecayFruit': 7, 'EnemyFruit': 2} |
-----------------------------------------
| rollout/                |             |
|    ep_len_mean          | 209         |
|    ep_rew_mean          | 396         |
| time/                   |             |
|    fps                  | 162         |
|    iterations           | 23          |
|    time_elapsed         | 290         |
|    total_timesteps      | 1547104     |
| train/                  |             |
|    approx_kl            | 0.004074901 |
|    clip_fraction        | 0.0449      |
|    clip_range           | 0.2         |
|    entropy_loss         | -0.205      |
|    explained_variance   | 0.228       |
|    learning_rate        | 0.0003      |
|    loss                 | 576         |
|    n_updates            | 7540        |
|    policy_gradient_loss | -0.000445   |
|    value_loss           | 1.21e+03    |
-----------------------------------------
FruitCounts | {'Fruit': 0, 'DecayFruit': 0, 'EnemyFruit': 0} |
-----------------------------------------
| rollout/                |             |
|    ep_len_mean          | 216         |
|    ep_rew_mean          | 395         |
| time/                   |             |
|    fps                  | 162         |
|    iterations           | 24          |
|    time_elapsed         | 302         |
|    total_timesteps      | 1549152     |
| train/                  |             |
|    approx_kl            | 0.008596847 |
|    clip_fraction        | 0.0529      |
|    clip_range           | 0.2         |
|    entropy_loss         | -0.21       |
|    explained_variance   | 0.34        |
|    learning_rate        | 0.0003      |
|    loss                 | 371         |
|    n_updates            | 7550        |
|    policy_gradient_loss | -0.00372    |
|    value_loss           | 1.1e+03     |
-----------------------------------------
FruitCounts | {'Fruit': 0, 'DecayFruit': 5, 'EnemyFruit': 2} |
-----------------------------------------
| rollout/                |             |
|    ep_len_mean          | 218         |
|    ep_rew_mean          | 398         |
| time/                   |             |
|    fps                  | 163         |
|    iterations           | 25          |
|    time_elapsed         | 313         |
|    total_timesteps      | 1551200     |
| train/                  |             |
|    approx_kl            | 0.008820026 |
|    clip_fraction        | 0.0657      |
|    clip_range           | 0.2         |
|    entropy_loss         | -0.226      |
|    explained_variance   | 0.304       |
|    learning_rate        | 0.0003      |
|    loss                 | 632         |
|    n_updates            | 7560        |
|    policy_gradient_loss | -0.00333    |
|    value_loss           | 1.03e+03    |
-----------------------------------------
FruitCounts | {'Fruit': 0, 'DecayFruit': 2, 'EnemyFruit': 0} |
------------------------------------------
| rollout/                |              |
|    ep_len_mean          | 218          |
|    ep_rew_mean          | 399          |
| time/                   |              |
|    fps                  | 163          |
|    iterations           | 26           |
|    time_elapsed         | 326          |
|    total_timesteps      | 1553248      |
| train/                  |              |
|    approx_kl            | 0.0062024333 |
|    clip_fraction        | 0.0581       |
|    clip_range           | 0.2          |
|    entropy_loss         | -0.215       |
|    explained_variance   | 0.27         |
|    learning_rate        | 0.0003       |
|    loss                 | 450          |
|    n_updates            | 7570         |
|    policy_gradient_loss | -0.00074     |
|    value_loss           | 1.26e+03     |
------------------------------------------
FruitCounts | {'Fruit': 0, 'DecayFruit': 8, 'EnemyFruit': 1} |
------------------------------------------
| rollout/                |              |
|    ep_len_mean          | 210          |
|    ep_rew_mean          | 394          |
| time/                   |              |
|    fps                  | 163          |
|    iterations           | 27           |
|    time_elapsed         | 338          |
|    total_timesteps      | 1555296      |
| train/                  |              |
|    approx_kl            | 0.0086860135 |
|    clip_fraction        | 0.0707       |
|    clip_range           | 0.2          |
|    entropy_loss         | -0.235       |
|    explained_variance   | 0.266        |
|    learning_rate        | 0.0003       |
|    loss                 | 597          |
|    n_updates            | 7580         |
|    policy_gradient_loss | -0.00477     |
|    value_loss           | 906          |
------------------------------------------
FruitCounts | {'Fruit': 0, 'DecayFruit': 4, 'EnemyFruit': 1} |
-----------------------------------------
| rollout/                |             |
|    ep_len_mean          | 216         |
|    ep_rew_mean          | 398         |
| time/                   |             |
|    fps                  | 163         |
|    iterations           | 28          |
|    time_elapsed         | 351         |
|    total_timesteps      | 1557344     |
| train/                  |             |
|    approx_kl            | 0.006361782 |
|    clip_fraction        | 0.066       |
|    clip_range           | 0.2         |
|    entropy_loss         | -0.22       |
|    explained_variance   | 0.272       |
|    learning_rate        | 0.0003      |
|    loss                 | 810         |
|    n_updates            | 7590        |
|    policy_gradient_loss | -0.00185    |
|    value_loss           | 1.23e+03    |
-----------------------------------------
FruitCounts | {'Fruit': 0, 'DecayFruit': 4, 'EnemyFruit': 0} |
-----------------------------------------
| rollout/                |             |
|    ep_len_mean          | 215         |
|    ep_rew_mean          | 395         |
| time/                   |             |
|    fps                  | 163         |
|    iterations           | 29          |
|    time_elapsed         | 363         |
|    total_timesteps      | 1559392     |
| train/                  |             |
|    approx_kl            | 0.010056861 |
|    clip_fraction        | 0.0729      |
|    clip_range           | 0.2         |
|    entropy_loss         | -0.225      |
|    explained_variance   | 0.311       |
|    learning_rate        | 0.0003      |
|    loss                 | 449         |
|    n_updates            | 7600        |
|    policy_gradient_loss | -0.00305    |
|    value_loss           | 980         |
-----------------------------------------
FruitCounts | {'Fruit': 0, 'DecayFruit': 9, 'EnemyFruit': 2} |
-----------------------------------------
| rollout/                |             |
|    ep_len_mean          | 207         |
|    ep_rew_mean          | 386         |
| time/                   |             |
|    fps                  | 163         |
|    iterations           | 30          |
|    time_elapsed         | 376         |
|    total_timesteps      | 1561440     |
| train/                  |             |
|    approx_kl            | 0.009804631 |
|    clip_fraction        | 0.0587      |
|    clip_range           | 0.2         |
|    entropy_loss         | -0.22       |
|    explained_variance   | 0.243       |
|    learning_rate        | 0.0003      |
|    loss                 | 226         |
|    n_updates            | 7610        |
|    policy_gradient_loss | -0.00197    |
|    value_loss           | 757         |
-----------------------------------------
FruitCounts | {'Fruit': 0, 'DecayFruit': 11, 'EnemyFruit': 3} |
------------------------------------------
| rollout/                |              |
|    ep_len_mean          | 217          |
|    ep_rew_mean          | 404          |
| time/                   |              |
|    fps                  | 163          |
|    iterations           | 31           |
|    time_elapsed         | 388          |
|    total_timesteps      | 1563488      |
| train/                  |              |
|    approx_kl            | 0.0055555003 |
|    clip_fraction        | 0.0458       |
|    clip_range           | 0.2          |
|    entropy_loss         | -0.217       |
|    explained_variance   | 0.312        |
|    learning_rate        | 0.0003       |
|    loss                 | 421          |
|    n_updates            | 7620         |
|    policy_gradient_loss | -0.00192     |
|    value_loss           | 1.29e+03     |
------------------------------------------
FruitCounts | {'Fruit': 0, 'DecayFruit': 3, 'EnemyFruit': 0} |
-----------------------------------------
| rollout/                |             |
|    ep_len_mean          | 212         |
|    ep_rew_mean          | 395         |
| time/                   |             |
|    fps                  | 163         |
|    iterations           | 32          |
|    time_elapsed         | 401         |
|    total_timesteps      | 1565536     |
| train/                  |             |
|    approx_kl            | 0.009099816 |
|    clip_fraction        | 0.0572      |
|    clip_range           | 0.2         |
|    entropy_loss         | -0.226      |
|    explained_variance   | 0.302       |
|    learning_rate        | 0.0003      |
|    loss                 | 305         |
|    n_updates            | 7630        |
|    policy_gradient_loss | 0.00167     |
|    value_loss           | 1.07e+03    |
-----------------------------------------
FruitCounts | {'Fruit': 0, 'DecayFruit': 0, 'EnemyFruit': 0} |
-----------------------------------------
| rollout/                |             |
|    ep_len_mean          | 208         |
|    ep_rew_mean          | 382         |
| time/                   |             |
|    fps                  | 162         |
|    iterations           | 33          |
|    time_elapsed         | 414         |
|    total_timesteps      | 1567584     |
| train/                  |             |
|    approx_kl            | 0.007211473 |
|    clip_fraction        | 0.0699      |
|    clip_range           | 0.2         |
|    entropy_loss         | -0.215      |
|    explained_variance   | 0.315       |
|    learning_rate        | 0.0003      |
|    loss                 | 251         |
|    n_updates            | 7640        |
|    policy_gradient_loss | -8.39e-05   |
|    value_loss           | 1.02e+03    |
-----------------------------------------
FruitCounts | {'Fruit': 0, 'DecayFruit': 10, 'EnemyFruit': 0} |
-----------------------------------------
| rollout/                |             |
|    ep_len_mean          | 210         |
|    ep_rew_mean          | 392         |
| time/                   |             |
|    fps                  | 163         |
|    iterations           | 34          |
|    time_elapsed         | 426         |
|    total_timesteps      | 1569632     |
| train/                  |             |
|    approx_kl            | 0.013679484 |
|    clip_fraction        | 0.0593      |
|    clip_range           | 0.2         |
|    entropy_loss         | -0.237      |
|    explained_variance   | 0.344       |
|    learning_rate        | 0.0003      |
|    loss                 | 426         |
|    n_updates            | 7650        |
|    policy_gradient_loss | -0.0029     |
|    value_loss           | 1.03e+03    |
-----------------------------------------
FruitCounts | {'Fruit': 1, 'DecayFruit': 6, 'EnemyFruit': 0} |
-----------------------------------------
| rollout/                |             |
|    ep_len_mean          | 209         |
|    ep_rew_mean          | 396         |
| time/                   |             |
|    fps                  | 163         |
|    iterations           | 35          |
|    time_elapsed         | 439         |
|    total_timesteps      | 1571680     |
| train/                  |             |
|    approx_kl            | 0.010663978 |
|    clip_fraction        | 0.0576      |
|    clip_range           | 0.2         |
|    entropy_loss         | -0.199      |
|    explained_variance   | 0.303       |
|    learning_rate        | 0.0003      |
|    loss                 | 256         |
|    n_updates            | 7660        |
|    policy_gradient_loss | -0.00114    |
|    value_loss           | 1.03e+03    |
-----------------------------------------
FruitCounts | {'Fruit': 0, 'DecayFruit': 1, 'EnemyFruit': 0} |
-----------------------------------------
| rollout/                |             |
|    ep_len_mean          | 207         |
|    ep_rew_mean          | 398         |
| time/                   |             |
|    fps                  | 162         |
|    iterations           | 36          |
|    time_elapsed         | 453         |
|    total_timesteps      | 1573728     |
| train/                  |             |
|    approx_kl            | 0.005834515 |
|    clip_fraction        | 0.0464      |
|    clip_range           | 0.2         |
|    entropy_loss         | -0.227      |
|    explained_variance   | 0.37        |
|    learning_rate        | 0.0003      |
|    loss                 | 430         |
|    n_updates            | 7670        |
|    policy_gradient_loss | -0.00175    |
|    value_loss           | 953         |
-----------------------------------------
FruitCounts | {'Fruit': 1, 'DecayFruit': 2, 'EnemyFruit': 0} |
-----------------------------------------
| rollout/                |             |
|    ep_len_mean          | 212         |
|    ep_rew_mean          | 393         |
| time/                   |             |
|    fps                  | 163         |
|    iterations           | 37          |
|    time_elapsed         | 464         |
|    total_timesteps      | 1575776     |
| train/                  |             |
|    approx_kl            | 0.012733659 |
|    clip_fraction        | 0.0577      |
|    clip_range           | 0.2         |
|    entropy_loss         | -0.217      |
|    explained_variance   | 0.194       |
|    learning_rate        | 0.0003      |
|    loss                 | 621         |
|    n_updates            | 7680        |
|    policy_gradient_loss | -0.00224    |
|    value_loss           | 1.16e+03    |
-----------------------------------------
FruitCounts | {'Fruit': 0, 'DecayFruit': 4, 'EnemyFruit': 0} |
-----------------------------------------
| rollout/                |             |
|    ep_len_mean          | 211         |
|    ep_rew_mean          | 396         |
| time/                   |             |
|    fps                  | 163         |
|    iterations           | 38          |
|    time_elapsed         | 477         |
|    total_timesteps      | 1577824     |
| train/                  |             |
|    approx_kl            | 0.010777801 |
|    clip_fraction        | 0.0777      |
|    clip_range           | 0.2         |
|    entropy_loss         | -0.216      |
|    explained_variance   | 0.373       |
|    learning_rate        | 0.0003      |
|    loss                 | 372         |
|    n_updates            | 7690        |
|    policy_gradient_loss | -0.0014     |
|    value_loss           | 754         |
-----------------------------------------
FruitCounts | {'Fruit': 0, 'DecayFruit': 2, 'EnemyFruit': 1} |
-----------------------------------------
| rollout/                |             |
|    ep_len_mean          | 199         |
|    ep_rew_mean          | 384         |
| time/                   |             |
|    fps                  | 163         |
|    iterations           | 39          |
|    time_elapsed         | 490         |
|    total_timesteps      | 1579872     |
| train/                  |             |
|    approx_kl            | 0.006636201 |
|    clip_fraction        | 0.0595      |
|    clip_range           | 0.2         |
|    entropy_loss         | -0.213      |
|    explained_variance   | 0.302       |
|    learning_rate        | 0.0003      |
|    loss                 | 597         |
|    n_updates            | 7700        |
|    policy_gradient_loss | -0.00262    |
|    value_loss           | 1.21e+03    |
-----------------------------------------
FruitCounts | {'Fruit': 0, 'DecayFruit': 6, 'EnemyFruit': 1} |
-----------------------------------------
| rollout/                |             |
|    ep_len_mean          | 208         |
|    ep_rew_mean          | 389         |
| time/                   |             |
|    fps                  | 163         |
|    iterations           | 40          |
|    time_elapsed         | 501         |
|    total_timesteps      | 1581920     |
| train/                  |             |
|    approx_kl            | 0.010889249 |
|    clip_fraction        | 0.0523      |
|    clip_range           | 0.2         |
|    entropy_loss         | -0.208      |
|    explained_variance   | 0.189       |
|    learning_rate        | 0.0003      |
|    loss                 | 606         |
|    n_updates            | 7710        |
|    policy_gradient_loss | -0.00255    |
|    value_loss           | 1.31e+03    |
-----------------------------------------
FruitCounts | {'Fruit': 0, 'DecayFruit': 13, 'EnemyFruit': 2} |
-----------------------------------------
| rollout/                |             |
|    ep_len_mean          | 212         |
|    ep_rew_mean          | 390         |
| time/                   |             |
|    fps                  | 163         |
|    iterations           | 41          |
|    time_elapsed         | 513         |
|    total_timesteps      | 1583968     |
| train/                  |             |
|    approx_kl            | 0.008207375 |
|    clip_fraction        | 0.0658      |
|    clip_range           | 0.2         |
|    entropy_loss         | -0.233      |
|    explained_variance   | 0.316       |
|    learning_rate        | 0.0003      |
|    loss                 | 271         |
|    n_updates            | 7720        |
|    policy_gradient_loss | -0.00101    |
|    value_loss           | 725         |
-----------------------------------------
FruitCounts | {'Fruit': 0, 'DecayFruit': 2, 'EnemyFruit': 3} |
------------------------------------------
| rollout/                |              |
|    ep_len_mean          | 206          |
|    ep_rew_mean          | 377          |
| time/                   |              |
|    fps                  | 163          |
|    iterations           | 42           |
|    time_elapsed         | 525          |
|    total_timesteps      | 1586016      |
| train/                  |              |
|    approx_kl            | 0.0094522815 |
|    clip_fraction        | 0.0678       |
|    clip_range           | 0.2          |
|    entropy_loss         | -0.213       |
|    explained_variance   | 0.346        |
|    learning_rate        | 0.0003       |
|    loss                 | 246          |
|    n_updates            | 7730         |
|    policy_gradient_loss | -0.000771    |
|    value_loss           | 850          |
------------------------------------------
FruitCounts | {'Fruit': 0, 'DecayFruit': 5, 'EnemyFruit': 0} |
-----------------------------------------
| rollout/                |             |
|    ep_len_mean          | 201         |
|    ep_rew_mean          | 363         |
| time/                   |             |
|    fps                  | 163         |
|    iterations           | 43          |
|    time_elapsed         | 538         |
|    total_timesteps      | 1588064     |
| train/                  |             |
|    approx_kl            | 0.011228418 |
|    clip_fraction        | 0.0699      |
|    clip_range           | 0.2         |
|    entropy_loss         | -0.207      |
|    explained_variance   | 0.411       |
|    learning_rate        | 0.0003      |
|    loss                 | 434         |
|    n_updates            | 7740        |
|    policy_gradient_loss | -0.00218    |
|    value_loss           | 875         |
-----------------------------------------
FruitCounts | {'Fruit': 0, 'DecayFruit': 4, 'EnemyFruit': 2} |
------------------------------------------
| rollout/                |              |
|    ep_len_mean          | 199          |
|    ep_rew_mean          | 359          |
| time/                   |              |
|    fps                  | 163          |
|    iterations           | 44           |
|    time_elapsed         | 550          |
|    total_timesteps      | 1590112      |
| train/                  |              |
|    approx_kl            | 0.0076733027 |
|    clip_fraction        | 0.0746       |
|    clip_range           | 0.2          |
|    entropy_loss         | -0.216       |
|    explained_variance   | 0.341        |
|    learning_rate        | 0.0003       |
|    loss                 | 378          |
|    n_updates            | 7750         |
|    policy_gradient_loss | -0.000276    |
|    value_loss           | 1.18e+03     |
------------------------------------------
FruitCounts | {'Fruit': 0, 'DecayFruit': 2, 'EnemyFruit': 1} |
-----------------------------------------
| rollout/                |             |
|    ep_len_mean          | 196         |
|    ep_rew_mean          | 341         |
| time/                   |             |
|    fps                  | 163         |
|    iterations           | 45          |
|    time_elapsed         | 563         |
|    total_timesteps      | 1592160     |
| train/                  |             |
|    approx_kl            | 0.015075872 |
|    clip_fraction        | 0.0741      |
|    clip_range           | 0.2         |
|    entropy_loss         | -0.232      |
|    explained_variance   | 0.4         |
|    learning_rate        | 0.0003      |
|    loss                 | 379         |
|    n_updates            | 7760        |
|    policy_gradient_loss | -0.00129    |
|    value_loss           | 862         |
-----------------------------------------
FruitCounts | {'Fruit': 0, 'DecayFruit': 5, 'EnemyFruit': 2} |
----------------------------------------
| rollout/                |            |
|    ep_len_mean          | 204        |
|    ep_rew_mean          | 358        |
| time/                   |            |
|    fps                  | 163        |
|    iterations           | 46         |
|    time_elapsed         | 574        |
|    total_timesteps      | 1594208    |
| train/                  |            |
|    approx_kl            | 0.01041385 |
|    clip_fraction        | 0.0836     |
|    clip_range           | 0.2        |
|    entropy_loss         | -0.24      |
|    explained_variance   | 0.238      |
|    learning_rate        | 0.0003     |
|    loss                 | 426        |
|    n_updates            | 7770       |
|    policy_gradient_loss | -0.00521   |
|    value_loss           | 1.09e+03   |
----------------------------------------
FruitCounts | {'Fruit': 0, 'DecayFruit': 4, 'EnemyFruit': 0} |
-----------------------------------------
| rollout/                |             |
|    ep_len_mean          | 204         |
|    ep_rew_mean          | 370         |
| time/                   |             |
|    fps                  | 163         |
|    iterations           | 47          |
|    time_elapsed         | 587         |
|    total_timesteps      | 1596256     |
| train/                  |             |
|    approx_kl            | 0.005940905 |
|    clip_fraction        | 0.0597      |
|    clip_range           | 0.2         |
|    entropy_loss         | -0.235      |
|    explained_variance   | 0.358       |
|    learning_rate        | 0.0003      |
|    loss                 | 301         |
|    n_updates            | 7780        |
|    policy_gradient_loss | -0.00211    |
|    value_loss           | 981         |
-----------------------------------------
FruitCounts | {'Fruit': 0, 'DecayFruit': 15, 'EnemyFruit': 4} |
------------------------------------------
| rollout/                |              |
|    ep_len_mean          | 189          |
|    ep_rew_mean          | 344          |
| time/                   |              |
|    fps                  | 163          |
|    iterations           | 48           |
|    time_elapsed         | 600          |
|    total_timesteps      | 1598304      |
| train/                  |              |
|    approx_kl            | 0.0053665857 |
|    clip_fraction        | 0.0449       |
|    clip_range           | 0.2          |
|    entropy_loss         | -0.22        |
|    explained_variance   | 0.28         |
|    learning_rate        | 0.0003       |
|    loss                 | 501          |
|    n_updates            | 7790         |
|    policy_gradient_loss | -0.00294     |
|    value_loss           | 1.3e+03      |
------------------------------------------
FruitCounts | {'Fruit': 0, 'DecayFruit': 7, 'EnemyFruit': 2} |
-----------------------------------------
| rollout/                |             |
|    ep_len_mean          | 195         |
|    ep_rew_mean          | 354         |
| time/                   |             |
|    fps                  | 163         |
|    iterations           | 49          |
|    time_elapsed         | 613         |
|    total_timesteps      | 1600352     |
| train/                  |             |
|    approx_kl            | 0.007317873 |
|    clip_fraction        | 0.0624      |
|    clip_range           | 0.2         |
|    entropy_loss         | -0.218      |
|    explained_variance   | 0.273       |
|    learning_rate        | 0.0003      |
|    loss                 | 445         |
|    n_updates            | 7800        |
|    policy_gradient_loss | -0.00291    |
|    value_loss           | 1.14e+03    |
-----------------------------------------
FruitCounts | {'Fruit': 0, 'DecayFruit': 8, 'EnemyFruit': 3} |
-----------------------------------------
| rollout/                |             |
|    ep_len_mean          | 178         |
|    ep_rew_mean          | 340         |
| time/                   |             |
|    fps                  | 163         |
|    iterations           | 50          |
|    time_elapsed         | 626         |
|    total_timesteps      | 1602400     |
| train/                  |             |
|    approx_kl            | 0.006198296 |
|    clip_fraction        | 0.0637      |
|    clip_range           | 0.2         |
|    entropy_loss         | -0.216      |
|    explained_variance   | 0.275       |
|    learning_rate        | 0.0003      |
|    loss                 | 648         |
|    n_updates            | 7810        |
|    policy_gradient_loss | -0.00251    |
|    value_loss           | 1.26e+03    |
-----------------------------------------
FruitCounts | {'Fruit': 0, 'DecayFruit': 3, 'EnemyFruit': 2} |
-----------------------------------------
| rollout/                |             |
|    ep_len_mean          | 186         |
|    ep_rew_mean          | 347         |
| time/                   |             |
|    fps                  | 163         |
|    iterations           | 51          |
|    time_elapsed         | 638         |
|    total_timesteps      | 1604448     |
| train/                  |             |
|    approx_kl            | 0.005677971 |
|    clip_fraction        | 0.0452      |
|    clip_range           | 0.2         |
|    entropy_loss         | -0.214      |
|    explained_variance   | 0.303       |
|    learning_rate        | 0.0003      |
|    loss                 | 452         |
|    n_updates            | 7820        |
|    policy_gradient_loss | -0.0025     |
|    value_loss           | 1.42e+03    |
-----------------------------------------
FruitCounts | {'Fruit': 0, 'DecayFruit': 6, 'EnemyFruit': 0} |
-----------------------------------------
| rollout/                |             |
|    ep_len_mean          | 196         |
|    ep_rew_mean          | 371         |
| time/                   |             |
|    fps                  | 163         |
|    iterations           | 52          |
|    time_elapsed         | 650         |
|    total_timesteps      | 1606496     |
| train/                  |             |
|    approx_kl            | 0.010090424 |
|    clip_fraction        | 0.0743      |
|    clip_range           | 0.2         |
|    entropy_loss         | -0.218      |
|    explained_variance   | 0.363       |
|    learning_rate        | 0.0003      |
|    loss                 | 403         |
|    n_updates            | 7830        |
|    policy_gradient_loss | -0.00417    |
|    value_loss           | 657         |
-----------------------------------------
FruitCounts | {'Fruit': 0, 'DecayFruit': 1, 'EnemyFruit': 1} |
-----------------------------------------
| rollout/                |             |
|    ep_len_mean          | 202         |
|    ep_rew_mean          | 387         |
| time/                   |             |
|    fps                  | 163         |
|    iterations           | 53          |
|    time_elapsed         | 663         |
|    total_timesteps      | 1608544     |
| train/                  |             |
|    approx_kl            | 0.007182087 |
|    clip_fraction        | 0.0518      |
|    clip_range           | 0.2         |
|    entropy_loss         | -0.217      |
|    explained_variance   | 0.347       |
|    learning_rate        | 0.0003      |
|    loss                 | 284         |
|    n_updates            | 7840        |
|    policy_gradient_loss | -0.00118    |
|    value_loss           | 1.26e+03    |
-----------------------------------------
FruitCounts | {'Fruit': 1, 'DecayFruit': 10, 'EnemyFruit': 3} |
-----------------------------------------
| rollout/                |             |
|    ep_len_mean          | 202         |
|    ep_rew_mean          | 389         |
| time/                   |             |
|    fps                  | 163         |
|    iterations           | 54          |
|    time_elapsed         | 675         |
|    total_timesteps      | 1610592     |
| train/                  |             |
|    approx_kl            | 0.008102176 |
|    clip_fraction        | 0.0558      |
|    clip_range           | 0.2         |
|    entropy_loss         | -0.219      |
|    explained_variance   | 0.37        |
|    learning_rate        | 0.0003      |
|    loss                 | 937         |
|    n_updates            | 7850        |
|    policy_gradient_loss | -0.0026     |
|    value_loss           | 1.02e+03    |
-----------------------------------------
FruitCounts | {'Fruit': 0, 'DecayFruit': 0, 'EnemyFruit': 0} |
-----------------------------------------
| rollout/                |             |
|    ep_len_mean          | 207         |
|    ep_rew_mean          | 400         |
| time/                   |             |
|    fps                  | 163         |
|    iterations           | 55          |
|    time_elapsed         | 688         |
|    total_timesteps      | 1612640     |
| train/                  |             |
|    approx_kl            | 0.007909149 |
|    clip_fraction        | 0.0632      |
|    clip_range           | 0.2         |
|    entropy_loss         | -0.203      |
|    explained_variance   | 0.46        |
|    learning_rate        | 0.0003      |
|    loss                 | 256         |
|    n_updates            | 7860        |
|    policy_gradient_loss | -7.01e-05   |
|    value_loss           | 796         |
-----------------------------------------
FruitCounts | {'Fruit': 0, 'DecayFruit': 9, 'EnemyFruit': 3} |
----------------------------------------
| rollout/                |            |
|    ep_len_mean          | 196        |
|    ep_rew_mean          | 379        |
| time/                   |            |
|    fps                  | 163        |
|    iterations           | 56         |
|    time_elapsed         | 699        |
|    total_timesteps      | 1614688    |
| train/                  |            |
|    approx_kl            | 0.01018501 |
|    clip_fraction        | 0.0691     |
|    clip_range           | 0.2        |
|    entropy_loss         | -0.199     |
|    explained_variance   | 0.26       |
|    learning_rate        | 0.0003     |
|    loss                 | 408        |
|    n_updates            | 7870       |
|    policy_gradient_loss | -0.000439  |
|    value_loss           | 1.03e+03   |
----------------------------------------
FruitCounts | {'Fruit': 0, 'DecayFruit': 5, 'EnemyFruit': 1} |
-----------------------------------------
| rollout/                |             |
|    ep_len_mean          | 202         |
|    ep_rew_mean          | 389         |
| time/                   |             |
|    fps                  | 164         |
|    iterations           | 57          |
|    time_elapsed         | 711         |
|    total_timesteps      | 1616736     |
| train/                  |             |
|    approx_kl            | 0.011868572 |
|    clip_fraction        | 0.0621      |
|    clip_range           | 0.2         |
|    entropy_loss         | -0.23       |
|    explained_variance   | 0.259       |
|    learning_rate        | 0.0003      |
|    loss                 | 376         |
|    n_updates            | 7880        |
|    policy_gradient_loss | -0.00463    |
|    value_loss           | 1.03e+03    |
-----------------------------------------
FruitCounts | {'Fruit': 0, 'DecayFruit': 15, 'EnemyFruit': 1} |
-----------------------------------------
| rollout/                |             |
|    ep_len_mean          | 207         |
|    ep_rew_mean          | 397         |
| time/                   |             |
|    fps                  | 164         |
|    iterations           | 58          |
|    time_elapsed         | 724         |
|    total_timesteps      | 1618784     |
| train/                  |             |
|    approx_kl            | 0.008103062 |
|    clip_fraction        | 0.0649      |
|    clip_range           | 0.2         |
|    entropy_loss         | -0.223      |
|    explained_variance   | 0.328       |
|    learning_rate        | 0.0003      |
|    loss                 | 204         |
|    n_updates            | 7890        |
|    policy_gradient_loss | -0.000221   |
|    value_loss           | 972         |
-----------------------------------------
FruitCounts | {'Fruit': 1, 'DecayFruit': 2, 'EnemyFruit': 1} |
-----------------------------------------
| rollout/                |             |
|    ep_len_mean          | 201         |
|    ep_rew_mean          | 389         |
| time/                   |             |
|    fps                  | 163         |
|    iterations           | 59          |
|    time_elapsed         | 737         |
|    total_timesteps      | 1620832     |
| train/                  |             |
|    approx_kl            | 0.013030384 |
|    clip_fraction        | 0.0689      |
|    clip_range           | 0.2         |
|    entropy_loss         | -0.21       |
|    explained_variance   | 0.221       |
|    learning_rate        | 0.0003      |
|    loss                 | 768         |
|    n_updates            | 7900        |
|    policy_gradient_loss | -0.00214    |
|    value_loss           | 1.09e+03    |
-----------------------------------------
FruitCounts | {'Fruit': 0, 'DecayFruit': 7, 'EnemyFruit': 2} |
-----------------------------------------
| rollout/                |             |
|    ep_len_mean          | 211         |
|    ep_rew_mean          | 408         |
| time/                   |             |
|    fps                  | 164         |
|    iterations           | 60          |
|    time_elapsed         | 749         |
|    total_timesteps      | 1622880     |
| train/                  |             |
|    approx_kl            | 0.017792668 |
|    clip_fraction        | 0.0572      |
|    clip_range           | 0.2         |
|    entropy_loss         | -0.216      |
|    explained_variance   | 0.298       |
|    learning_rate        | 0.0003      |
|    loss                 | 606         |
|    n_updates            | 7910        |
|    policy_gradient_loss | -0.00148    |
|    value_loss           | 1.24e+03    |
-----------------------------------------
FruitCounts | {'Fruit': 0, 'DecayFruit': 3, 'EnemyFruit': 1} |
-----------------------------------------
| rollout/                |             |
|    ep_len_mean          | 216         |
|    ep_rew_mean          | 416         |
| time/                   |             |
|    fps                  | 164         |
|    iterations           | 61          |
|    time_elapsed         | 761         |
|    total_timesteps      | 1624928     |
| train/                  |             |
|    approx_kl            | 0.018002681 |
|    clip_fraction        | 0.0676      |
|    clip_range           | 0.2         |
|    entropy_loss         | -0.212      |
|    explained_variance   | 0.331       |
|    learning_rate        | 0.0003      |
|    loss                 | 253         |
|    n_updates            | 7920        |
|    policy_gradient_loss | 0.000351    |
|    value_loss           | 986         |
-----------------------------------------
FruitCounts | {'Fruit': 0, 'DecayFruit': 6, 'EnemyFruit': 1} |
-----------------------------------------
| rollout/                |             |
|    ep_len_mean          | 212         |
|    ep_rew_mean          | 403         |
| time/                   |             |
|    fps                  | 164         |
|    iterations           | 62          |
|    time_elapsed         | 773         |
|    total_timesteps      | 1626976     |
| train/                  |             |
|    approx_kl            | 0.006250472 |
|    clip_fraction        | 0.0563      |
|    clip_range           | 0.2         |
|    entropy_loss         | -0.211      |
|    explained_variance   | 0.289       |
|    learning_rate        | 0.0003      |
|    loss                 | 303         |
|    n_updates            | 7930        |
|    policy_gradient_loss | 0.00101     |
|    value_loss           | 1.04e+03    |
-----------------------------------------
FruitCounts | {'Fruit': 0, 'DecayFruit': 1, 'EnemyFruit': 0} |
-----------------------------------------
| rollout/                |             |
|    ep_len_mean          | 194         |
|    ep_rew_mean          | 361         |
| time/                   |             |
|    fps                  | 163         |
|    iterations           | 63          |
|    time_elapsed         | 787         |
|    total_timesteps      | 1629024     |
| train/                  |             |
|    approx_kl            | 0.019183042 |
|    clip_fraction        | 0.0633      |
|    clip_range           | 0.2         |
|    entropy_loss         | -0.209      |
|    explained_variance   | 0.281       |
|    learning_rate        | 0.0003      |
|    loss                 | 516         |
|    n_updates            | 7940        |
|    policy_gradient_loss | -0.00253    |
|    value_loss           | 972         |
-----------------------------------------
FruitCounts | {'Fruit': 0, 'DecayFruit': 3, 'EnemyFruit': 0} |
-----------------------------------------
| rollout/                |             |
|    ep_len_mean          | 196         |
|    ep_rew_mean          | 355         |
| time/                   |             |
|    fps                  | 163         |
|    iterations           | 64          |
|    time_elapsed         | 800         |
|    total_timesteps      | 1631072     |
| train/                  |             |
|    approx_kl            | 0.010192594 |
|    clip_fraction        | 0.0646      |
|    clip_range           | 0.2         |
|    entropy_loss         | -0.211      |
|    explained_variance   | 0.176       |
|    learning_rate        | 0.0003      |
|    loss                 | 397         |
|    n_updates            | 7950        |
|    policy_gradient_loss | -0.00479    |
|    value_loss           | 1.1e+03     |
-----------------------------------------
FruitCounts | {'Fruit': 0, 'DecayFruit': 7, 'EnemyFruit': 3} |
-----------------------------------------
| rollout/                |             |
|    ep_len_mean          | 199         |
|    ep_rew_mean          | 356         |
| time/                   |             |
|    fps                  | 163         |
|    iterations           | 65          |
|    time_elapsed         | 812         |
|    total_timesteps      | 1633120     |
| train/                  |             |
|    approx_kl            | 0.006397972 |
|    clip_fraction        | 0.062       |
|    clip_range           | 0.2         |
|    entropy_loss         | -0.214      |
|    explained_variance   | 0.286       |
|    learning_rate        | 0.0003      |
|    loss                 | 287         |
|    n_updates            | 7960        |
|    policy_gradient_loss | 0.000482    |
|    value_loss           | 815         |
-----------------------------------------
FruitCounts | {'Fruit': 0, 'DecayFruit': 2, 'EnemyFruit': 1} |
-----------------------------------------
| rollout/                |             |
|    ep_len_mean          | 185         |
|    ep_rew_mean          | 331         |
| time/                   |             |
|    fps                  | 163         |
|    iterations           | 66          |
|    time_elapsed         | 825         |
|    total_timesteps      | 1635168     |
| train/                  |             |
|    approx_kl            | 0.004982692 |
|    clip_fraction        | 0.0487      |
|    clip_range           | 0.2         |
|    entropy_loss         | -0.197      |
|    explained_variance   | 0.323       |
|    learning_rate        | 0.0003      |
|    loss                 | 167         |
|    n_updates            | 7970        |
|    policy_gradient_loss | -0.00313    |
|    value_loss           | 983         |
-----------------------------------------
FruitCounts | {'Fruit': 0, 'DecayFruit': 4, 'EnemyFruit': 2} |
-----------------------------------------
| rollout/                |             |
|    ep_len_mean          | 186         |
|    ep_rew_mean          | 329         |
| time/                   |             |
|    fps                  | 163         |
|    iterations           | 67          |
|    time_elapsed         | 837         |
|    total_timesteps      | 1637216     |
| train/                  |             |
|    approx_kl            | 0.008462802 |
|    clip_fraction        | 0.0597      |
|    clip_range           | 0.2         |
|    entropy_loss         | -0.197      |
|    explained_variance   | 0.0486      |
|    learning_rate        | 0.0003      |
|    loss                 | 1.06e+03    |
|    n_updates            | 7980        |
|    policy_gradient_loss | -0.00114    |
|    value_loss           | 1.39e+03    |
-----------------------------------------
FruitCounts | {'Fruit': 0, 'DecayFruit': 1, 'EnemyFruit': 2} |
-----------------------------------------
| rollout/                |             |
|    ep_len_mean          | 186         |
|    ep_rew_mean          | 324         |
| time/                   |             |
|    fps                  | 163         |
|    iterations           | 68          |
|    time_elapsed         | 849         |
|    total_timesteps      | 1639264     |
| train/                  |             |
|    approx_kl            | 0.004907432 |
|    clip_fraction        | 0.0512      |
|    clip_range           | 0.2         |
|    entropy_loss         | -0.194      |
|    explained_variance   | 0.112       |
|    learning_rate        | 0.0003      |
|    loss                 | 587         |
|    n_updates            | 7990        |
|    policy_gradient_loss | -0.00256    |
|    value_loss           | 943         |
-----------------------------------------
FruitCounts | {'Fruit': 0, 'DecayFruit': 3, 'EnemyFruit': 2} |
-----------------------------------------
| rollout/                |             |
|    ep_len_mean          | 190         |
|    ep_rew_mean          | 313         |
| time/                   |             |
|    fps                  | 164         |
|    iterations           | 69          |
|    time_elapsed         | 861         |
|    total_timesteps      | 1641312     |
| train/                  |             |
|    approx_kl            | 0.008154947 |
|    clip_fraction        | 0.0501      |
|    clip_range           | 0.2         |
|    entropy_loss         | -0.214      |
|    explained_variance   | 0.295       |
|    learning_rate        | 0.0003      |
|    loss                 | 261         |
|    n_updates            | 8000        |
|    policy_gradient_loss | -0.00255    |
|    value_loss           | 1.09e+03    |
-----------------------------------------
FruitCounts | {'Fruit': 0, 'DecayFruit': 8, 'EnemyFruit': 6} |
-----------------------------------------
| rollout/                |             |
|    ep_len_mean          | 178         |
|    ep_rew_mean          | 299         |
| time/                   |             |
|    fps                  | 163         |
|    iterations           | 70          |
|    time_elapsed         | 874         |
|    total_timesteps      | 1643360     |
| train/                  |             |
|    approx_kl            | 0.006586815 |
|    clip_fraction        | 0.0582      |
|    clip_range           | 0.2         |
|    entropy_loss         | -0.206      |
|    explained_variance   | 0.432       |
|    learning_rate        | 0.0003      |
|    loss                 | 251         |
|    n_updates            | 8010        |
|    policy_gradient_loss | -0.00236    |
|    value_loss           | 803         |
-----------------------------------------
FruitCounts | {'Fruit': 0, 'DecayFruit': 1, 'EnemyFruit': 0} |
-----------------------------------------
| rollout/                |             |
|    ep_len_mean          | 180         |
|    ep_rew_mean          | 305         |
| time/                   |             |
|    fps                  | 163         |
|    iterations           | 71          |
|    time_elapsed         | 887         |
|    total_timesteps      | 1645408     |
| train/                  |             |
|    approx_kl            | 0.004675509 |
|    clip_fraction        | 0.0412      |
|    clip_range           | 0.2         |
|    entropy_loss         | -0.185      |
|    explained_variance   | 0.288       |
|    learning_rate        | 0.0003      |
|    loss                 | 468         |
|    n_updates            | 8020        |
|    policy_gradient_loss | -0.00235    |
|    value_loss           | 1.08e+03    |
-----------------------------------------
FruitCounts | {'Fruit': 0, 'DecayFruit': 4, 'EnemyFruit': 1} |
-----------------------------------------
| rollout/                |             |
|    ep_len_mean          | 179         |
|    ep_rew_mean          | 297         |
| time/                   |             |
|    fps                  | 163         |
|    iterations           | 72          |
|    time_elapsed         | 900         |
|    total_timesteps      | 1647456     |
| train/                  |             |
|    approx_kl            | 0.009102955 |
|    clip_fraction        | 0.0536      |
|    clip_range           | 0.2         |
|    entropy_loss         | -0.202      |
|    explained_variance   | 0.197       |
|    learning_rate        | 0.0003      |
|    loss                 | 383         |
|    n_updates            | 8030        |
|    policy_gradient_loss | -0.000548   |
|    value_loss           | 963         |
-----------------------------------------
FruitCounts | {'Fruit': 0, 'DecayFruit': 6, 'EnemyFruit': 0} |
-----------------------------------------
| rollout/                |             |
|    ep_len_mean          | 178         |
|    ep_rew_mean          | 297         |
| time/                   |             |
|    fps                  | 163         |
|    iterations           | 73          |
|    time_elapsed         | 912         |
|    total_timesteps      | 1649504     |
| train/                  |             |
|    approx_kl            | 0.009382186 |
|    clip_fraction        | 0.0557      |
|    clip_range           | 0.2         |
|    entropy_loss         | -0.194      |
|    explained_variance   | 0.219       |
|    learning_rate        | 0.0003      |
|    loss                 | 276         |
|    n_updates            | 8040        |
|    policy_gradient_loss | -0.00207    |
|    value_loss           | 907         |
-----------------------------------------
FruitCounts | {'Fruit': 0, 'DecayFruit': 2, 'EnemyFruit': 0} |
-----------------------------------------
| rollout/                |             |
|    ep_len_mean          | 178         |
|    ep_rew_mean          | 294         |
| time/                   |             |
|    fps                  | 163         |
|    iterations           | 74          |
|    time_elapsed         | 925         |
|    total_timesteps      | 1651552     |
| train/                  |             |
|    approx_kl            | 0.010770506 |
|    clip_fraction        | 0.0633      |
|    clip_range           | 0.2         |
|    entropy_loss         | -0.177      |
|    explained_variance   | 0.146       |
|    learning_rate        | 0.0003      |
|    loss                 | 336         |
|    n_updates            | 8050        |
|    policy_gradient_loss | -0.00195    |
|    value_loss           | 900         |
-----------------------------------------
FruitCounts | {'Fruit': 0, 'DecayFruit': 5, 'EnemyFruit': 2} |
-----------------------------------------
| rollout/                |             |
|    ep_len_mean          | 188         |
|    ep_rew_mean          | 309         |
| time/                   |             |
|    fps                  | 163         |
|    iterations           | 75          |
|    time_elapsed         | 937         |
|    total_timesteps      | 1653600     |
| train/                  |             |
|    approx_kl            | 0.007670635 |
|    clip_fraction        | 0.0525      |
|    clip_range           | 0.2         |
|    entropy_loss         | -0.197      |
|    explained_variance   | 0.187       |
|    learning_rate        | 0.0003      |
|    loss                 | 267         |
|    n_updates            | 8060        |
|    policy_gradient_loss | 0.00149     |
|    value_loss           | 629         |
-----------------------------------------
FruitCounts | {'Fruit': 0, 'DecayFruit': 6, 'EnemyFruit': 1} |
-----------------------------------------
| rollout/                |             |
|    ep_len_mean          | 189         |
|    ep_rew_mean          | 308         |
| time/                   |             |
|    fps                  | 163         |
|    iterations           | 76          |
|    time_elapsed         | 949         |
|    total_timesteps      | 1655648     |
| train/                  |             |
|    approx_kl            | 0.006143715 |
|    clip_fraction        | 0.059       |
|    clip_range           | 0.2         |
|    entropy_loss         | -0.224      |
|    explained_variance   | 0.285       |
|    learning_rate        | 0.0003      |
|    loss                 | 399         |
|    n_updates            | 8070        |
|    policy_gradient_loss | -8.85e-05   |
|    value_loss           | 796         |
-----------------------------------------
FruitCounts | {'Fruit': 0, 'DecayFruit': 4, 'EnemyFruit': 0} |
---------------------------------------
| rollout/                |           |
|    ep_len_mean          | 186       |
|    ep_rew_mean          | 292       |
| time/                   |           |
|    fps                  | 163       |
|    iterations           | 77        |
|    time_elapsed         | 961       |
|    total_timesteps      | 1657696   |
| train/                  |           |
|    approx_kl            | 0.0085668 |
|    clip_fraction        | 0.0698    |
|    clip_range           | 0.2       |
|    entropy_loss         | -0.222    |
|    explained_variance   | 0.143     |
|    learning_rate        | 0.0003    |
|    loss                 | 403       |
|    n_updates            | 8080      |
|    policy_gradient_loss | -0.00275  |
|    value_loss           | 925       |
---------------------------------------
FruitCounts | {'Fruit': 0, 'DecayFruit': 10, 'EnemyFruit': 4} |
-----------------------------------------
| rollout/                |             |
|    ep_len_mean          | 181         |
|    ep_rew_mean          | 291         |
| time/                   |             |
|    fps                  | 163         |
|    iterations           | 78          |
|    time_elapsed         | 974         |
|    total_timesteps      | 1659744     |
| train/                  |             |
|    approx_kl            | 0.010089189 |
|    clip_fraction        | 0.0723      |
|    clip_range           | 0.2         |
|    entropy_loss         | -0.215      |
|    explained_variance   | 0.362       |
|    learning_rate        | 0.0003      |
|    loss                 | 254         |
|    n_updates            | 8090        |
|    policy_gradient_loss | -0.00223    |
|    value_loss           | 522         |
-----------------------------------------
FruitCounts | {'Fruit': 0, 'DecayFruit': 3, 'EnemyFruit': 1} |
-----------------------------------------
| rollout/                |             |
|    ep_len_mean          | 176         |
|    ep_rew_mean          | 281         |
| time/                   |             |
|    fps                  | 163         |
|    iterations           | 79          |
|    time_elapsed         | 987         |
|    total_timesteps      | 1661792     |
| train/                  |             |
|    approx_kl            | 0.007006879 |
|    clip_fraction        | 0.0527      |
|    clip_range           | 0.2         |
|    entropy_loss         | -0.198      |
|    explained_variance   | 0.243       |
|    learning_rate        | 0.0003      |
|    loss                 | 474         |
|    n_updates            | 8100        |
|    policy_gradient_loss | -0.00606    |
|    value_loss           | 880         |
-----------------------------------------
FruitCounts | {'Fruit': 0, 'DecayFruit': 5, 'EnemyFruit': 2} |
-----------------------------------------
| rollout/                |             |
|    ep_len_mean          | 181         |
|    ep_rew_mean          | 287         |
| time/                   |             |
|    fps                  | 163         |
|    iterations           | 80          |
|    time_elapsed         | 1000        |
|    total_timesteps      | 1663840     |
| train/                  |             |
|    approx_kl            | 0.006686963 |
|    clip_fraction        | 0.061       |
|    clip_range           | 0.2         |
|    entropy_loss         | -0.2        |
|    explained_variance   | 0.163       |
|    learning_rate        | 0.0003      |
|    loss                 | 348         |
|    n_updates            | 8110        |
|    policy_gradient_loss | -0.00273    |
|    value_loss           | 893         |
-----------------------------------------
FruitCounts | {'Fruit': 0, 'DecayFruit': 2, 'EnemyFruit': 0} |
------------------------------------------
| rollout/                |              |
|    ep_len_mean          | 186          |
|    ep_rew_mean          | 306          |
| time/                   |              |
|    fps                  | 163          |
|    iterations           | 81           |
|    time_elapsed         | 1013         |
|    total_timesteps      | 1665888      |
| train/                  |              |
|    approx_kl            | 0.0053929584 |
|    clip_fraction        | 0.0495       |
|    clip_range           | 0.2          |
|    entropy_loss         | -0.193       |
|    explained_variance   | 0.366        |
|    learning_rate        | 0.0003       |
|    loss                 | 252          |
|    n_updates            | 8120         |
|    policy_gradient_loss | -0.00283     |
|    value_loss           | 752          |
------------------------------------------
FruitCounts | {'Fruit': 1, 'DecayFruit': 20, 'EnemyFruit': 8} |
----------------------------------------
| rollout/                |            |
|    ep_len_mean          | 189        |
|    ep_rew_mean          | 319        |
| time/                   |            |
|    fps                  | 163        |
|    iterations           | 82         |
|    time_elapsed         | 1025       |
|    total_timesteps      | 1667936    |
| train/                  |            |
|    approx_kl            | 0.00667405 |
|    clip_fraction        | 0.049      |
|    clip_range           | 0.2        |
|    entropy_loss         | -0.205     |
|    explained_variance   | 0.373      |
|    learning_rate        | 0.0003     |
|    loss                 | 394        |
|    n_updates            | 8130       |
|    policy_gradient_loss | -0.0036    |
|    value_loss           | 939        |
----------------------------------------
FruitCounts | {'Fruit': 0, 'DecayFruit': 10, 'EnemyFruit': 3} |
-----------------------------------------
| rollout/                |             |
|    ep_len_mean          | 192         |
|    ep_rew_mean          | 320         |
| time/                   |             |
|    fps                  | 163         |
|    iterations           | 83          |
|    time_elapsed         | 1036        |
|    total_timesteps      | 1669984     |
| train/                  |             |
|    approx_kl            | 0.012215957 |
|    clip_fraction        | 0.0637      |
|    clip_range           | 0.2         |
|    entropy_loss         | -0.198      |
|    explained_variance   | 0.358       |
|    learning_rate        | 0.0003      |
|    loss                 | 203         |
|    n_updates            | 8140        |
|    policy_gradient_loss | 0.00143     |
|    value_loss           | 1.03e+03    |
-----------------------------------------
FruitCounts | {'Fruit': 0, 'DecayFruit': 3, 'EnemyFruit': 0} |
-----------------------------------------
| rollout/                |             |
|    ep_len_mean          | 193         |
|    ep_rew_mean          | 329         |
| time/                   |             |
|    fps                  | 163         |
|    iterations           | 84          |
|    time_elapsed         | 1049        |
|    total_timesteps      | 1672032     |
| train/                  |             |
|    approx_kl            | 0.009690377 |
|    clip_fraction        | 0.0614      |
|    clip_range           | 0.2         |
|    entropy_loss         | -0.189      |
|    explained_variance   | 0.368       |
|    learning_rate        | 0.0003      |
|    loss                 | 208         |
|    n_updates            | 8150        |
|    policy_gradient_loss | -0.00517    |
|    value_loss           | 815         |
-----------------------------------------
FruitCounts | {'Fruit': 0, 'DecayFruit': 1, 'EnemyFruit': 1} |
-----------------------------------------
| rollout/                |             |
|    ep_len_mean          | 193         |
|    ep_rew_mean          | 335         |
| time/                   |             |
|    fps                  | 163         |
|    iterations           | 85          |
|    time_elapsed         | 1061        |
|    total_timesteps      | 1674080     |
| train/                  |             |
|    approx_kl            | 0.007831227 |
|    clip_fraction        | 0.0638      |
|    clip_range           | 0.2         |
|    entropy_loss         | -0.199      |
|    explained_variance   | 0.337       |
|    learning_rate        | 0.0003      |
|    loss                 | 477         |
|    n_updates            | 8160        |
|    policy_gradient_loss | -0.000592   |
|    value_loss           | 760         |
-----------------------------------------
FruitCounts | {'Fruit': 0, 'DecayFruit': 1, 'EnemyFruit': 0} |
------------------------------------------
| rollout/                |              |
|    ep_len_mean          | 204          |
|    ep_rew_mean          | 357          |
| time/                   |              |
|    fps                  | 164          |
|    iterations           | 86           |
|    time_elapsed         | 1073         |
|    total_timesteps      | 1676128      |
| train/                  |              |
|    approx_kl            | 0.0075132353 |
|    clip_fraction        | 0.0499       |
|    clip_range           | 0.2          |
|    entropy_loss         | -0.2         |
|    explained_variance   | 0.375        |
|    learning_rate        | 0.0003       |
|    loss                 | 374          |
|    n_updates            | 8170         |
|    policy_gradient_loss | -0.00299     |
|    value_loss           | 1.1e+03      |
------------------------------------------
FruitCounts | {'Fruit': 0, 'DecayFruit': 2, 'EnemyFruit': 0} |
----------------------------------------
| rollout/                |            |
|    ep_len_mean          | 198        |
|    ep_rew_mean          | 357        |
| time/                   |            |
|    fps                  | 163        |
|    iterations           | 87         |
|    time_elapsed         | 1086       |
|    total_timesteps      | 1678176    |
| train/                  |            |
|    approx_kl            | 0.01008139 |
|    clip_fraction        | 0.07       |
|    clip_range           | 0.2        |
|    entropy_loss         | -0.197     |
|    explained_variance   | 0.351      |
|    learning_rate        | 0.0003     |
|    loss                 | 249        |
|    n_updates            | 8180       |
|    policy_gradient_loss | -0.00422   |
|    value_loss           | 898        |
----------------------------------------
FruitCounts | {'Fruit': 0, 'DecayFruit': 2, 'EnemyFruit': 0} |
-----------------------------------------
| rollout/                |             |
|    ep_len_mean          | 198         |
|    ep_rew_mean          | 359         |
| time/                   |             |
|    fps                  | 163         |
|    iterations           | 88          |
|    time_elapsed         | 1099        |
|    total_timesteps      | 1680224     |
| train/                  |             |
|    approx_kl            | 0.008291453 |
|    clip_fraction        | 0.0559      |
|    clip_range           | 0.2         |
|    entropy_loss         | -0.198      |
|    explained_variance   | 0.26        |
|    learning_rate        | 0.0003      |
|    loss                 | 554         |
|    n_updates            | 8190        |
|    policy_gradient_loss | -0.0014     |
|    value_loss           | 1.12e+03    |
-----------------------------------------
FruitCounts | {'Fruit': 0, 'DecayFruit': 2, 'EnemyFruit': 0} |
-----------------------------------------
| rollout/                |             |
|    ep_len_mean          | 207         |
|    ep_rew_mean          | 377         |
| time/                   |             |
|    fps                  | 163         |
|    iterations           | 89          |
|    time_elapsed         | 1112        |
|    total_timesteps      | 1682272     |
| train/                  |             |
|    approx_kl            | 0.006978362 |
|    clip_fraction        | 0.057       |
|    clip_range           | 0.2         |
|    entropy_loss         | -0.209      |
|    explained_variance   | 0.322       |
|    learning_rate        | 0.0003      |
|    loss                 | 458         |
|    n_updates            | 8200        |
|    policy_gradient_loss | -0.00383    |
|    value_loss           | 803         |
-----------------------------------------
FruitCounts | {'Fruit': 0, 'DecayFruit': 1, 'EnemyFruit': 1} |
------------------------------------------
| rollout/                |              |
|    ep_len_mean          | 205          |
|    ep_rew_mean          | 377          |
| time/                   |              |
|    fps                  | 163          |
|    iterations           | 90           |
|    time_elapsed         | 1124         |
|    total_timesteps      | 1684320      |
| train/                  |              |
|    approx_kl            | 0.0056666816 |
|    clip_fraction        | 0.047        |
|    clip_range           | 0.2          |
|    entropy_loss         | -0.203       |
|    explained_variance   | 0.248        |
|    learning_rate        | 0.0003       |
|    loss                 | 635          |
|    n_updates            | 8210         |
|    policy_gradient_loss | -0.00297     |
|    value_loss           | 1.02e+03     |
------------------------------------------
FruitCounts | {'Fruit': 0, 'DecayFruit': 3, 'EnemyFruit': 2} |
-----------------------------------------
| rollout/                |             |
|    ep_len_mean          | 203         |
|    ep_rew_mean          | 369         |
| time/                   |             |
|    fps                  | 163         |
|    iterations           | 91          |
|    time_elapsed         | 1137        |
|    total_timesteps      | 1686368     |
| train/                  |             |
|    approx_kl            | 0.005937104 |
|    clip_fraction        | 0.0699      |
|    clip_range           | 0.2         |
|    entropy_loss         | -0.196      |
|    explained_variance   | 0.332       |
|    learning_rate        | 0.0003      |
|    loss                 | 283         |
|    n_updates            | 8220        |
|    policy_gradient_loss | -0.00346    |
|    value_loss           | 871         |
-----------------------------------------
FruitCounts | {'Fruit': 0, 'DecayFruit': 0, 'EnemyFruit': 0} |
------------------------------------------
| rollout/                |              |
|    ep_len_mean          | 202          |
|    ep_rew_mean          | 359          |
| time/                   |              |
|    fps                  | 163          |
|    iterations           | 92           |
|    time_elapsed         | 1149         |
|    total_timesteps      | 1688416      |
| train/                  |              |
|    approx_kl            | 0.0034043167 |
|    clip_fraction        | 0.0412       |
|    clip_range           | 0.2          |
|    entropy_loss         | -0.206       |
|    explained_variance   | 0.317        |
|    learning_rate        | 0.0003       |
|    loss                 | 392          |
|    n_updates            | 8230         |
|    policy_gradient_loss | -0.00205     |
|    value_loss           | 1.03e+03     |
------------------------------------------
FruitCounts | {'Fruit': 0, 'DecayFruit': 1, 'EnemyFruit': 0} |
------------------------------------------
| rollout/                |              |
|    ep_len_mean          | 199          |
|    ep_rew_mean          | 365          |
| time/                   |              |
|    fps                  | 163          |
|    iterations           | 93           |
|    time_elapsed         | 1161         |
|    total_timesteps      | 1690464      |
| train/                  |              |
|    approx_kl            | 0.0042413026 |
|    clip_fraction        | 0.0453       |
|    clip_range           | 0.2          |
|    entropy_loss         | -0.176       |
|    explained_variance   | 0.258        |
|    learning_rate        | 0.0003       |
|    loss                 | 166          |
|    n_updates            | 8240         |
|    policy_gradient_loss | 0.00131      |
|    value_loss           | 810          |
------------------------------------------
FruitCounts | {'Fruit': 0, 'DecayFruit': 8, 'EnemyFruit': 0} |
------------------------------------------
| rollout/                |              |
|    ep_len_mean          | 200          |
|    ep_rew_mean          | 358          |
| time/                   |              |
|    fps                  | 164          |
|    iterations           | 94           |
|    time_elapsed         | 1173         |
|    total_timesteps      | 1692512      |
| train/                  |              |
|    approx_kl            | 0.0052959956 |
|    clip_fraction        | 0.051        |
|    clip_range           | 0.2          |
|    entropy_loss         | -0.202       |
|    explained_variance   | 0.39         |
|    learning_rate        | 0.0003       |
|    loss                 | 348          |
|    n_updates            | 8250         |
|    policy_gradient_loss | -0.00225     |
|    value_loss           | 978          |
------------------------------------------
FruitCounts | {'Fruit': 1, 'DecayFruit': 4, 'EnemyFruit': 1} |
-----------------------------------------
| rollout/                |             |
|    ep_len_mean          | 199         |
|    ep_rew_mean          | 364         |
| time/                   |             |
|    fps                  | 164         |
|    iterations           | 95          |
|    time_elapsed         | 1186        |
|    total_timesteps      | 1694560     |
| train/                  |             |
|    approx_kl            | 0.009155324 |
|    clip_fraction        | 0.0589      |
|    clip_range           | 0.2         |
|    entropy_loss         | -0.19       |
|    explained_variance   | 0.183       |
|    learning_rate        | 0.0003      |
|    loss                 | 303         |
|    n_updates            | 8260        |
|    policy_gradient_loss | -0.0041     |
|    value_loss           | 837         |
-----------------------------------------
FruitCounts | {'Fruit': 0, 'DecayFruit': 1, 'EnemyFruit': 0} |
------------------------------------------
| rollout/                |              |
|    ep_len_mean          | 201          |
|    ep_rew_mean          | 363          |
| time/                   |              |
|    fps                  | 163          |
|    iterations           | 96           |
|    time_elapsed         | 1198         |
|    total_timesteps      | 1696608      |
| train/                  |              |
|    approx_kl            | 0.0067124413 |
|    clip_fraction        | 0.0549       |
|    clip_range           | 0.2          |
|    entropy_loss         | -0.202       |
|    explained_variance   | 0.328        |
|    learning_rate        | 0.0003       |
|    loss                 | 483          |
|    n_updates            | 8270         |
|    policy_gradient_loss | -0.00217     |
|    value_loss           | 947          |
------------------------------------------
FruitCounts | {'Fruit': 0, 'DecayFruit': 1, 'EnemyFruit': 0} |
-----------------------------------------
| rollout/                |             |
|    ep_len_mean          | 205         |
|    ep_rew_mean          | 366         |
| time/                   |             |
|    fps                  | 163         |
|    iterations           | 97          |
|    time_elapsed         | 1212        |
|    total_timesteps      | 1698656     |
| train/                  |             |
|    approx_kl            | 0.006224223 |
|    clip_fraction        | 0.0503      |
|    clip_range           | 0.2         |
|    entropy_loss         | -0.178      |
|    explained_variance   | 0.283       |
|    learning_rate        | 0.0003      |
|    loss                 | 418         |
|    n_updates            | 8280        |
|    policy_gradient_loss | -0.00061    |
|    value_loss           | 882         |
-----------------------------------------
FruitCounts | {'Fruit': 0, 'DecayFruit': 0, 'EnemyFruit': 0} |
------------------------------------------
| rollout/                |              |
|    ep_len_mean          | 207          |
|    ep_rew_mean          | 381          |
| time/                   |              |
|    fps                  | 163          |
|    iterations           | 98           |
|    time_elapsed         | 1224         |
|    total_timesteps      | 1700704      |
| train/                  |              |
|    approx_kl            | 0.0046614017 |
|    clip_fraction        | 0.0458       |
|    clip_range           | 0.2          |
|    entropy_loss         | -0.181       |
|    explained_variance   | 0.335        |
|    learning_rate        | 0.0003       |
|    loss                 | 468          |
|    n_updates            | 8290         |
|    policy_gradient_loss | -0.00319     |
|    value_loss           | 1.05e+03     |
------------------------------------------
FruitCounts | {'Fruit': 0, 'DecayFruit': 0, 'EnemyFruit': 1} |
------------------------------------------
| rollout/                |              |
|    ep_len_mean          | 199          |
|    ep_rew_mean          | 369          |
| time/                   |              |
|    fps                  | 163          |
|    iterations           | 99           |
|    time_elapsed         | 1237         |
|    total_timesteps      | 1702752      |
| train/                  |              |
|    approx_kl            | 0.0064211106 |
|    clip_fraction        | 0.0467       |
|    clip_range           | 0.2          |
|    entropy_loss         | -0.169       |
|    explained_variance   | 0.364        |
|    learning_rate        | 0.0003       |
|    loss                 | 533          |
|    n_updates            | 8300         |
|    policy_gradient_loss | -0.00327     |
|    value_loss           | 956          |
------------------------------------------
FruitCounts | {'Fruit': 0, 'DecayFruit': 9, 'EnemyFruit': 1} |
-----------------------------------------
| rollout/                |             |
|    ep_len_mean          | 201         |
|    ep_rew_mean          | 366         |
| time/                   |             |
|    fps                  | 163         |
|    iterations           | 100         |
|    time_elapsed         | 1249        |
|    total_timesteps      | 1704800     |
| train/                  |             |
|    approx_kl            | 0.010883655 |
|    clip_fraction        | 0.0578      |
|    clip_range           | 0.2         |
|    entropy_loss         | -0.192      |
|    explained_variance   | 0.154       |
|    learning_rate        | 0.0003      |
|    loss                 | 584         |
|    n_updates            | 8310        |
|    policy_gradient_loss | -0.00264    |
|    value_loss           | 1.07e+03    |
-----------------------------------------
FruitCounts | {'Fruit': 0, 'DecayFruit': 2, 'EnemyFruit': 0} |
-----------------------------------------
| rollout/                |             |
|    ep_len_mean          | 208         |
|    ep_rew_mean          | 377         |
| time/                   |             |
|    fps                  | 163         |
|    iterations           | 101         |
|    time_elapsed         | 1262        |
|    total_timesteps      | 1706848     |
| train/                  |             |
|    approx_kl            | 0.008739134 |
|    clip_fraction        | 0.052       |
|    clip_range           | 0.2         |
|    entropy_loss         | -0.205      |
|    explained_variance   | 0.243       |
|    learning_rate        | 0.0003      |
|    loss                 | 163         |
|    n_updates            | 8320        |
|    policy_gradient_loss | -0.00248    |
|    value_loss           | 815         |
-----------------------------------------
FruitCounts | {'Fruit': 0, 'DecayFruit': 0, 'EnemyFruit': 1} |
------------------------------------------
| rollout/                |              |
|    ep_len_mean          | 199          |
|    ep_rew_mean          | 367          |
| time/                   |              |
|    fps                  | 163          |
|    iterations           | 102          |
|    time_elapsed         | 1276         |
|    total_timesteps      | 1708896      |
| train/                  |              |
|    approx_kl            | 0.0065484396 |
|    clip_fraction        | 0.0569       |
|    clip_range           | 0.2          |
|    entropy_loss         | -0.195       |
|    explained_variance   | 0.446        |
|    learning_rate        | 0.0003       |
|    loss                 | 242          |
|    n_updates            | 8330         |
|    policy_gradient_loss | 0.00069      |
|    value_loss           | 928          |
------------------------------------------
FruitCounts | {'Fruit': 0, 'DecayFruit': 1, 'EnemyFruit': 0} |
-----------------------------------------
| rollout/                |             |
|    ep_len_mean          | 192         |
|    ep_rew_mean          | 369         |
| time/                   |             |
|    fps                  | 163         |
|    iterations           | 103         |
|    time_elapsed         | 1289        |
|    total_timesteps      | 1710944     |
| train/                  |             |
|    approx_kl            | 0.013332023 |
|    clip_fraction        | 0.065       |
|    clip_range           | 0.2         |
|    entropy_loss         | -0.175      |
|    explained_variance   | 0.172       |
|    learning_rate        | 0.0003      |
|    loss                 | 547         |
|    n_updates            | 8340        |
|    policy_gradient_loss | 0.000125    |
|    value_loss           | 1.23e+03    |
-----------------------------------------
FruitCounts | {'Fruit': 0, 'DecayFruit': 16, 'EnemyFruit': 4} |
-----------------------------------------
| rollout/                |             |
|    ep_len_mean          | 191         |
|    ep_rew_mean          | 361         |
| time/                   |             |
|    fps                  | 163         |
|    iterations           | 104         |
|    time_elapsed         | 1301        |
|    total_timesteps      | 1712992     |
| train/                  |             |
|    approx_kl            | 0.007663326 |
|    clip_fraction        | 0.0473      |
|    clip_range           | 0.2         |
|    entropy_loss         | -0.188      |
|    explained_variance   | 0.39        |
|    learning_rate        | 0.0003      |
|    loss                 | 427         |
|    n_updates            | 8350        |
|    policy_gradient_loss | -0.00114    |
|    value_loss           | 1.06e+03    |
-----------------------------------------
FruitCounts | {'Fruit': 0, 'DecayFruit': 0, 'EnemyFruit': 0} |
------------------------------------------
| rollout/                |              |
|    ep_len_mean          | 190          |
|    ep_rew_mean          | 358          |
| time/                   |              |
|    fps                  | 163          |
|    iterations           | 105          |
|    time_elapsed         | 1314         |
|    total_timesteps      | 1715040      |
| train/                  |              |
|    approx_kl            | 0.0097880475 |
|    clip_fraction        | 0.0557       |
|    clip_range           | 0.2          |
|    entropy_loss         | -0.194       |
|    explained_variance   | 0.173        |
|    learning_rate        | 0.0003       |
|    loss                 | 500          |
|    n_updates            | 8360         |
|    policy_gradient_loss | -0.00081     |
|    value_loss           | 1.1e+03      |
------------------------------------------
FruitCounts | {'Fruit': 0, 'DecayFruit': 5, 'EnemyFruit': 0} |
------------------------------------------
| rollout/                |              |
|    ep_len_mean          | 173          |
|    ep_rew_mean          | 339          |
| time/                   |              |
|    fps                  | 163          |
|    iterations           | 106          |
|    time_elapsed         | 1328         |
|    total_timesteps      | 1717088      |
| train/                  |              |
|    approx_kl            | 0.0053621605 |
|    clip_fraction        | 0.0421       |
|    clip_range           | 0.2          |
|    entropy_loss         | -0.173       |
|    explained_variance   | 0.399        |
|    learning_rate        | 0.0003       |
|    loss                 | 638          |
|    n_updates            | 8370         |
|    policy_gradient_loss | -0.00381     |
|    value_loss           | 1.09e+03     |
------------------------------------------
FruitCounts | {'Fruit': 1, 'DecayFruit': 10, 'EnemyFruit': 3} |
------------------------------------------
| rollout/                |              |
|    ep_len_mean          | 170          |
|    ep_rew_mean          | 319          |
| time/                   |              |
|    fps                  | 163          |
|    iterations           | 107          |
|    time_elapsed         | 1341         |
|    total_timesteps      | 1719136      |
| train/                  |              |
|    approx_kl            | 0.0044850833 |
|    clip_fraction        | 0.0431       |
|    clip_range           | 0.2          |
|    entropy_loss         | -0.193       |
|    explained_variance   | 0.282        |
|    learning_rate        | 0.0003       |
|    loss                 | 649          |
|    n_updates            | 8380         |
|    policy_gradient_loss | -0.00259     |
|    value_loss           | 1.41e+03     |
------------------------------------------
FruitCounts | {'Fruit': 0, 'DecayFruit': 4, 'EnemyFruit': 0} |
-----------------------------------------
| rollout/                |             |
|    ep_len_mean          | 177         |
|    ep_rew_mean          | 333         |
| time/                   |             |
|    fps                  | 163         |
|    iterations           | 108         |
|    time_elapsed         | 1353        |
|    total_timesteps      | 1721184     |
| train/                  |             |
|    approx_kl            | 0.013417212 |
|    clip_fraction        | 0.0639      |
|    clip_range           | 0.2         |
|    entropy_loss         | -0.221      |
|    explained_variance   | -0.0166     |
|    learning_rate        | 0.0003      |
|    loss                 | 174         |
|    n_updates            | 8390        |
|    policy_gradient_loss | 0.00146     |
|    value_loss           | 897         |
-----------------------------------------
FruitCounts | {'Fruit': 0, 'DecayFruit': 3, 'EnemyFruit': 0} |
------------------------------------------
| rollout/                |              |
|    ep_len_mean          | 181          |
|    ep_rew_mean          | 337          |
| time/                   |              |
|    fps                  | 163          |
|    iterations           | 109          |
|    time_elapsed         | 1366         |
|    total_timesteps      | 1723232      |
| train/                  |              |
|    approx_kl            | 0.0083153285 |
|    clip_fraction        | 0.0644       |
|    clip_range           | 0.2          |
|    entropy_loss         | -0.193       |
|    explained_variance   | 0.171        |
|    learning_rate        | 0.0003       |
|    loss                 | 631          |
|    n_updates            | 8400         |
|    policy_gradient_loss | -0.00235     |
|    value_loss           | 996          |
------------------------------------------
FruitCounts | {'Fruit': 1, 'DecayFruit': 15, 'EnemyFruit': 0} |
------------------------------------------
| rollout/                |              |
|    ep_len_mean          | 178          |
|    ep_rew_mean          | 329          |
| time/                   |              |
|    fps                  | 163          |
|    iterations           | 110          |
|    time_elapsed         | 1379         |
|    total_timesteps      | 1725280      |
| train/                  |              |
|    approx_kl            | 0.0065547395 |
|    clip_fraction        | 0.0496       |
|    clip_range           | 0.2          |
|    entropy_loss         | -0.187       |
|    explained_variance   | 0.245        |
|    learning_rate        | 0.0003       |
|    loss                 | 393          |
|    n_updates            | 8410         |
|    policy_gradient_loss | -0.00214     |
|    value_loss           | 869          |
------------------------------------------
FruitCounts | {'Fruit': 0, 'DecayFruit': 1, 'EnemyFruit': 1} |
-----------------------------------------
| rollout/                |             |
|    ep_len_mean          | 189         |
|    ep_rew_mean          | 354         |
| time/                   |             |
|    fps                  | 163         |
|    iterations           | 111         |
|    time_elapsed         | 1391        |
|    total_timesteps      | 1727328     |
| train/                  |             |
|    approx_kl            | 0.010320453 |
|    clip_fraction        | 0.063       |
|    clip_range           | 0.2         |
|    entropy_loss         | -0.203      |
|    explained_variance   | 0.285       |
|    learning_rate        | 0.0003      |
|    loss                 | 384         |
|    n_updates            | 8420        |
|    policy_gradient_loss | -0.000257   |
|    value_loss           | 936         |
-----------------------------------------
FruitCounts | {'Fruit': 0, 'DecayFruit': 0, 'EnemyFruit': 0} |
------------------------------------------
| rollout/                |              |
|    ep_len_mean          | 199          |
|    ep_rew_mean          | 366          |
| time/                   |              |
|    fps                  | 163          |
|    iterations           | 112          |
|    time_elapsed         | 1403         |
|    total_timesteps      | 1729376      |
| train/                  |              |
|    approx_kl            | 0.0046692826 |
|    clip_fraction        | 0.0493       |
|    clip_range           | 0.2          |
|    entropy_loss         | -0.184       |
|    explained_variance   | 0.267        |
|    learning_rate        | 0.0003       |
|    loss                 | 407          |
|    n_updates            | 8430         |
|    policy_gradient_loss | 0.000102     |
|    value_loss           | 1.1e+03      |
------------------------------------------
FruitCounts | {'Fruit': 0, 'DecayFruit': 1, 'EnemyFruit': 2} |
-----------------------------------------
| rollout/                |             |
|    ep_len_mean          | 193         |
|    ep_rew_mean          | 356         |
| time/                   |             |
|    fps                  | 163         |
|    iterations           | 113         |
|    time_elapsed         | 1417        |
|    total_timesteps      | 1731424     |
| train/                  |             |
|    approx_kl            | 0.008042765 |
|    clip_fraction        | 0.0545      |
|    clip_range           | 0.2         |
|    entropy_loss         | -0.189      |
|    explained_variance   | 0.294       |
|    learning_rate        | 0.0003      |
|    loss                 | 321         |
|    n_updates            | 8440        |
|    policy_gradient_loss | -0.0013     |
|    value_loss           | 912         |
-----------------------------------------
FruitCounts | {'Fruit': 0, 'DecayFruit': 1, 'EnemyFruit': 0} |
-----------------------------------------
| rollout/                |             |
|    ep_len_mean          | 189         |
|    ep_rew_mean          | 350         |
| time/                   |             |
|    fps                  | 163         |
|    iterations           | 114         |
|    time_elapsed         | 1430        |
|    total_timesteps      | 1733472     |
| train/                  |             |
|    approx_kl            | 0.008434607 |
|    clip_fraction        | 0.0552      |
|    clip_range           | 0.2         |
|    entropy_loss         | -0.196      |
|    explained_variance   | 0.326       |
|    learning_rate        | 0.0003      |
|    loss                 | 654         |
|    n_updates            | 8450        |
|    policy_gradient_loss | 0.00075     |
|    value_loss           | 1.38e+03    |
-----------------------------------------
FruitCounts | {'Fruit': 1, 'DecayFruit': 3, 'EnemyFruit': 0} |
------------------------------------------
| rollout/                |              |
|    ep_len_mean          | 197          |
|    ep_rew_mean          | 362          |
| time/                   |              |
|    fps                  | 163          |
|    iterations           | 115          |
|    time_elapsed         | 1442         |
|    total_timesteps      | 1735520      |
| train/                  |              |
|    approx_kl            | 0.0041161077 |
|    clip_fraction        | 0.0514       |
|    clip_range           | 0.2          |
|    entropy_loss         | -0.203       |
|    explained_variance   | 0.255        |
|    learning_rate        | 0.0003       |
|    loss                 | 565          |
|    n_updates            | 8460         |
|    policy_gradient_loss | -0.00211     |
|    value_loss           | 1.45e+03     |
------------------------------------------
FruitCounts | {'Fruit': 0, 'DecayFruit': 2, 'EnemyFruit': 0} |
-----------------------------------------
| rollout/                |             |
|    ep_len_mean          | 205         |
|    ep_rew_mean          | 371         |
| time/                   |             |
|    fps                  | 163         |
|    iterations           | 116         |
|    time_elapsed         | 1455        |
|    total_timesteps      | 1737568     |
| train/                  |             |
|    approx_kl            | 0.006466936 |
|    clip_fraction        | 0.0533      |
|    clip_range           | 0.2         |
|    entropy_loss         | -0.19       |
|    explained_variance   | 0.29        |
|    learning_rate        | 0.0003      |
|    loss                 | 262         |
|    n_updates            | 8470        |
|    policy_gradient_loss | 0.000615    |
|    value_loss           | 819         |
-----------------------------------------
FruitCounts | {'Fruit': 0, 'DecayFruit': 2, 'EnemyFruit': 0} |
-----------------------------------------
| rollout/                |             |
|    ep_len_mean          | 210         |
|    ep_rew_mean          | 382         |
| time/                   |             |
|    fps                  | 163         |
|    iterations           | 117         |
|    time_elapsed         | 1467        |
|    total_timesteps      | 1739616     |
| train/                  |             |
|    approx_kl            | 0.006414675 |
|    clip_fraction        | 0.0637      |
|    clip_range           | 0.2         |
|    entropy_loss         | -0.202      |
|    explained_variance   | 0.267       |
|    learning_rate        | 0.0003      |
|    loss                 | 482         |
|    n_updates            | 8480        |
|    policy_gradient_loss | -0.00339    |
|    value_loss           | 1.46e+03    |
-----------------------------------------
FruitCounts | {'Fruit': 1, 'DecayFruit': 0, 'EnemyFruit': 0} |
------------------------------------------
| rollout/                |              |
|    ep_len_mean          | 208          |
|    ep_rew_mean          | 382          |
| time/                   |              |
|    fps                  | 163          |
|    iterations           | 118          |
|    time_elapsed         | 1479         |
|    total_timesteps      | 1741664      |
| train/                  |              |
|    approx_kl            | 0.0042190556 |
|    clip_fraction        | 0.0534       |
|    clip_range           | 0.2          |
|    entropy_loss         | -0.21        |
|    explained_variance   | 0.32         |
|    learning_rate        | 0.0003       |
|    loss                 | 468          |
|    n_updates            | 8490         |
|    policy_gradient_loss | 0.000374     |
|    value_loss           | 1.05e+03     |
------------------------------------------
FruitCounts | {'Fruit': 1, 'DecayFruit': 6, 'EnemyFruit': 2} |
------------------------------------------
| rollout/                |              |
|    ep_len_mean          | 217          |
|    ep_rew_mean          | 394          |
| time/                   |              |
|    fps                  | 163          |
|    iterations           | 119          |
|    time_elapsed         | 1490         |
|    total_timesteps      | 1743712      |
| train/                  |              |
|    approx_kl            | 0.0053092595 |
|    clip_fraction        | 0.0654       |
|    clip_range           | 0.2          |
|    entropy_loss         | -0.206       |
|    explained_variance   | 0.248        |
|    learning_rate        | 0.0003       |
|    loss                 | 362          |
|    n_updates            | 8500         |
|    policy_gradient_loss | -0.00157     |
|    value_loss           | 1.17e+03     |
------------------------------------------
FruitCounts | {'Fruit': 0, 'DecayFruit': 8, 'EnemyFruit': 1} |
------------------------------------------
| rollout/                |              |
|    ep_len_mean          | 220          |
|    ep_rew_mean          | 405          |
| time/                   |              |
|    fps                  | 163          |
|    iterations           | 120          |
|    time_elapsed         | 1502         |
|    total_timesteps      | 1745760      |
| train/                  |              |
|    approx_kl            | 0.0067784805 |
|    clip_fraction        | 0.0528       |
|    clip_range           | 0.2          |
|    entropy_loss         | -0.201       |
|    explained_variance   | 0.289        |
|    learning_rate        | 0.0003       |
|    loss                 | 313          |
|    n_updates            | 8510         |
|    policy_gradient_loss | -0.00224     |
|    value_loss           | 740          |
------------------------------------------
FruitCounts | {'Fruit': 0, 'DecayFruit': 11, 'EnemyFruit': 1} |
-----------------------------------------
| rollout/                |             |
|    ep_len_mean          | 218         |
|    ep_rew_mean          | 394         |
| time/                   |             |
|    fps                  | 163         |
|    iterations           | 121         |
|    time_elapsed         | 1514        |
|    total_timesteps      | 1747808     |
| train/                  |             |
|    approx_kl            | 0.010784202 |
|    clip_fraction        | 0.0585      |
|    clip_range           | 0.2         |
|    entropy_loss         | -0.201      |
|    explained_variance   | 0.329       |
|    learning_rate        | 0.0003      |
|    loss                 | 590         |
|    n_updates            | 8520        |
|    policy_gradient_loss | -0.00234    |
|    value_loss           | 904         |
-----------------------------------------
FruitCounts | {'Fruit': 0, 'DecayFruit': 17, 'EnemyFruit': 6} |
-----------------------------------------
| rollout/                |             |
|    ep_len_mean          | 208         |
|    ep_rew_mean          | 376         |
| time/                   |             |
|    fps                  | 163         |
|    iterations           | 122         |
|    time_elapsed         | 1527        |
|    total_timesteps      | 1749856     |
| train/                  |             |
|    approx_kl            | 0.009630239 |
|    clip_fraction        | 0.0607      |
|    clip_range           | 0.2         |
|    entropy_loss         | -0.213      |
|    explained_variance   | 0.482       |
|    learning_rate        | 0.0003      |
|    loss                 | 179         |
|    n_updates            | 8530        |
|    policy_gradient_loss | 0.000434    |
|    value_loss           | 835         |
-----------------------------------------
FruitCounts | {'Fruit': 0, 'DecayFruit': 3, 'EnemyFruit': 0} |
-----------------------------------------
| rollout/                |             |
|    ep_len_mean          | 212         |
|    ep_rew_mean          | 381         |
| time/                   |             |
|    fps                  | 163         |
|    iterations           | 123         |
|    time_elapsed         | 1539        |
|    total_timesteps      | 1751904     |
| train/                  |             |
|    approx_kl            | 0.005218166 |
|    clip_fraction        | 0.0597      |
|    clip_range           | 0.2         |
|    entropy_loss         | -0.197      |
|    explained_variance   | 0.233       |
|    learning_rate        | 0.0003      |
|    loss                 | 644         |
|    n_updates            | 8540        |
|    policy_gradient_loss | -0.000167   |
|    value_loss           | 1.08e+03    |
-----------------------------------------
FruitCounts | {'Fruit': 0, 'DecayFruit': 0, 'EnemyFruit': 1} |
-----------------------------------------
| rollout/                |             |
|    ep_len_mean          | 216         |
|    ep_rew_mean          | 376         |
| time/                   |             |
|    fps                  | 163         |
|    iterations           | 124         |
|    time_elapsed         | 1551        |
|    total_timesteps      | 1753952     |
| train/                  |             |
|    approx_kl            | 0.008481989 |
|    clip_fraction        | 0.0451      |
|    clip_range           | 0.2         |
|    entropy_loss         | -0.217      |
|    explained_variance   | 0.306       |
|    learning_rate        | 0.0003      |
|    loss                 | 283         |
|    n_updates            | 8550        |
|    policy_gradient_loss | 0.000708    |
|    value_loss           | 975         |
-----------------------------------------
FruitCounts | {'Fruit': 0, 'DecayFruit': 0, 'EnemyFruit': 0} |
-----------------------------------------
| rollout/                |             |
|    ep_len_mean          | 213         |
|    ep_rew_mean          | 373         |
| time/                   |             |
|    fps                  | 163         |
|    iterations           | 125         |
|    time_elapsed         | 1565        |
|    total_timesteps      | 1756000     |
| train/                  |             |
|    approx_kl            | 0.007575755 |
|    clip_fraction        | 0.0422      |
|    clip_range           | 0.2         |
|    entropy_loss         | -0.196      |
|    explained_variance   | 0.234       |
|    learning_rate        | 0.0003      |
|    loss                 | 296         |
|    n_updates            | 8560        |
|    policy_gradient_loss | -0.000454   |
|    value_loss           | 835         |
-----------------------------------------
FruitCounts | {'Fruit': 0, 'DecayFruit': 3, 'EnemyFruit': 0} |
------------------------------------------
| rollout/                |              |
|    ep_len_mean          | 213          |
|    ep_rew_mean          | 373          |
| time/                   |              |
|    fps                  | 163          |
|    iterations           | 126          |
|    time_elapsed         | 1577         |
|    total_timesteps      | 1758048      |
| train/                  |              |
|    approx_kl            | 0.0064226645 |
|    clip_fraction        | 0.0576       |
|    clip_range           | 0.2          |
|    entropy_loss         | -0.199       |
|    explained_variance   | 0.201        |
|    learning_rate        | 0.0003       |
|    loss                 | 697          |
|    n_updates            | 8570         |
|    policy_gradient_loss | -0.00209     |
|    value_loss           | 1.11e+03     |
------------------------------------------
FruitCounts | {'Fruit': 0, 'DecayFruit': 19, 'EnemyFruit': 6} |
-----------------------------------------
| rollout/                |             |
|    ep_len_mean          | 221         |
|    ep_rew_mean          | 381         |
| time/                   |             |
|    fps                  | 163         |
|    iterations           | 127         |
|    time_elapsed         | 1589        |
|    total_timesteps      | 1760096     |
| train/                  |             |
|    approx_kl            | 0.004562665 |
|    clip_fraction        | 0.0456      |
|    clip_range           | 0.2         |
|    entropy_loss         | -0.207      |
|    explained_variance   | 0.17        |
|    learning_rate        | 0.0003      |
|    loss                 | 316         |
|    n_updates            | 8580        |
|    policy_gradient_loss | -0.00325    |
|    value_loss           | 1.04e+03    |
-----------------------------------------
FruitCounts | {'Fruit': 0, 'DecayFruit': 8, 'EnemyFruit': 5} |
-----------------------------------------
| rollout/                |             |
|    ep_len_mean          | 223         |
|    ep_rew_mean          | 394         |
| time/                   |             |
|    fps                  | 163         |
|    iterations           | 128         |
|    time_elapsed         | 1601        |
|    total_timesteps      | 1762144     |
| train/                  |             |
|    approx_kl            | 0.008113642 |
|    clip_fraction        | 0.0466      |
|    clip_range           | 0.2         |
|    entropy_loss         | -0.193      |
|    explained_variance   | 0.228       |
|    learning_rate        | 0.0003      |
|    loss                 | 334         |
|    n_updates            | 8590        |
|    policy_gradient_loss | -0.00306    |
|    value_loss           | 938         |
-----------------------------------------
FruitCounts | {'Fruit': 0, 'DecayFruit': 6, 'EnemyFruit': 1} |
------------------------------------------
| rollout/                |              |
|    ep_len_mean          | 228          |
|    ep_rew_mean          | 405          |
| time/                   |              |
|    fps                  | 163          |
|    iterations           | 129          |
|    time_elapsed         | 1614         |
|    total_timesteps      | 1764192      |
| train/                  |              |
|    approx_kl            | 0.0069667273 |
|    clip_fraction        | 0.0524       |
|    clip_range           | 0.2          |
|    entropy_loss         | -0.194       |
|    explained_variance   | 0.272        |
|    learning_rate        | 0.0003       |
|    loss                 | 695          |
|    n_updates            | 8600         |
|    policy_gradient_loss | -0.00333     |
|    value_loss           | 1.1e+03      |
------------------------------------------
FruitCounts | {'Fruit': 1, 'DecayFruit': 18, 'EnemyFruit': 5} |
----------------------------------------
| rollout/                |            |
|    ep_len_mean          | 227        |
|    ep_rew_mean          | 401        |
| time/                   |            |
|    fps                  | 163        |
|    iterations           | 130        |
|    time_elapsed         | 1625       |
|    total_timesteps      | 1766240    |
| train/                  |            |
|    approx_kl            | 0.00896308 |
|    clip_fraction        | 0.0619     |
|    clip_range           | 0.2        |
|    entropy_loss         | -0.188     |
|    explained_variance   | 0.332      |
|    learning_rate        | 0.0003     |
|    loss                 | 304        |
|    n_updates            | 8610       |
|    policy_gradient_loss | 9.97e-05   |
|    value_loss           | 895        |
----------------------------------------
FruitCounts | {'Fruit': 0, 'DecayFruit': 7, 'EnemyFruit': 0} |
-----------------------------------------
| rollout/                |             |
|    ep_len_mean          | 225         |
|    ep_rew_mean          | 404         |
| time/                   |             |
|    fps                  | 163         |
|    iterations           | 131         |
|    time_elapsed         | 1638        |
|    total_timesteps      | 1768288     |
| train/                  |             |
|    approx_kl            | 0.008970727 |
|    clip_fraction        | 0.067       |
|    clip_range           | 0.2         |
|    entropy_loss         | -0.2        |
|    explained_variance   | 0.283       |
|    learning_rate        | 0.0003      |
|    loss                 | 462         |
|    n_updates            | 8620        |
|    policy_gradient_loss | 0.000102    |
|    value_loss           | 791         |
-----------------------------------------
FruitCounts | {'Fruit': 0, 'DecayFruit': 4, 'EnemyFruit': 1} |
------------------------------------------
| rollout/                |              |
|    ep_len_mean          | 226          |
|    ep_rew_mean          | 410          |
| time/                   |              |
|    fps                  | 163          |
|    iterations           | 132          |
|    time_elapsed         | 1650         |
|    total_timesteps      | 1770336      |
| train/                  |              |
|    approx_kl            | 0.0066010747 |
|    clip_fraction        | 0.0585       |
|    clip_range           | 0.2          |
|    entropy_loss         | -0.181       |
|    explained_variance   | 0.353        |
|    learning_rate        | 0.0003       |
|    loss                 | 555          |
|    n_updates            | 8630         |
|    policy_gradient_loss | -0.00263     |
|    value_loss           | 998          |
------------------------------------------
FruitCounts | {'Fruit': 0, 'DecayFruit': 7, 'EnemyFruit': 4} |
-----------------------------------------
| rollout/                |             |
|    ep_len_mean          | 218         |
|    ep_rew_mean          | 393         |
| time/                   |             |
|    fps                  | 163         |
|    iterations           | 133         |
|    time_elapsed         | 1664        |
|    total_timesteps      | 1772384     |
| train/                  |             |
|    approx_kl            | 0.010144925 |
|    clip_fraction        | 0.0599      |
|    clip_range           | 0.2         |
|    entropy_loss         | -0.189      |
|    explained_variance   | 0.322       |
|    learning_rate        | 0.0003      |
|    loss                 | 450         |
|    n_updates            | 8640        |
|    policy_gradient_loss | 0.00389     |
|    value_loss           | 1.39e+03    |
-----------------------------------------
FruitCounts | {'Fruit': 0, 'DecayFruit': 11, 'EnemyFruit': 5} |
------------------------------------------
| rollout/                |              |
|    ep_len_mean          | 210          |
|    ep_rew_mean          | 388          |
| time/                   |              |
|    fps                  | 163          |
|    iterations           | 134          |
|    time_elapsed         | 1676         |
|    total_timesteps      | 1774432      |
| train/                  |              |
|    approx_kl            | 0.0049800165 |
|    clip_fraction        | 0.047        |
|    clip_range           | 0.2          |
|    entropy_loss         | -0.185       |
|    explained_variance   | 0.301        |
|    learning_rate        | 0.0003       |
|    loss                 | 404          |
|    n_updates            | 8650         |
|    policy_gradient_loss | -0.000494    |
|    value_loss           | 1.35e+03     |
------------------------------------------
FruitCounts | {'Fruit': 0, 'DecayFruit': 3, 'EnemyFruit': 0} |
------------------------------------------
| rollout/                |              |
|    ep_len_mean          | 212          |
|    ep_rew_mean          | 397          |
| time/                   |              |
|    fps                  | 163          |
|    iterations           | 135          |
|    time_elapsed         | 1688         |
|    total_timesteps      | 1776480      |
| train/                  |              |
|    approx_kl            | 0.0075507606 |
|    clip_fraction        | 0.0482       |
|    clip_range           | 0.2          |
|    entropy_loss         | -0.195       |
|    explained_variance   | 0.324        |
|    learning_rate        | 0.0003       |
|    loss                 | 299          |
|    n_updates            | 8660         |
|    policy_gradient_loss | -0.000511    |
|    value_loss           | 852          |
------------------------------------------
FruitCounts | {'Fruit': 0, 'DecayFruit': 4, 'EnemyFruit': 0} |
-----------------------------------------
| rollout/                |             |
|    ep_len_mean          | 220         |
|    ep_rew_mean          | 412         |
| time/                   |             |
|    fps                  | 163         |
|    iterations           | 136         |
|    time_elapsed         | 1701        |
|    total_timesteps      | 1778528     |
| train/                  |             |
|    approx_kl            | 0.003752152 |
|    clip_fraction        | 0.044       |
|    clip_range           | 0.2         |
|    entropy_loss         | -0.184      |
|    explained_variance   | 0.188       |
|    learning_rate        | 0.0003      |
|    loss                 | 386         |
|    n_updates            | 8670        |
|    policy_gradient_loss | -0.000899   |
|    value_loss           | 1.03e+03    |
-----------------------------------------
FruitCounts | {'Fruit': 0, 'DecayFruit': 4, 'EnemyFruit': 0} |
-----------------------------------------
| rollout/                |             |
|    ep_len_mean          | 215         |
|    ep_rew_mean          | 410         |
| time/                   |             |
|    fps                  | 163         |
|    iterations           | 137         |
|    time_elapsed         | 1714        |
|    total_timesteps      | 1780576     |
| train/                  |             |
|    approx_kl            | 0.009462272 |
|    clip_fraction        | 0.0543      |
|    clip_range           | 0.2         |
|    entropy_loss         | -0.173      |
|    explained_variance   | 0.306       |
|    learning_rate        | 0.0003      |
|    loss                 | 443         |
|    n_updates            | 8680        |
|    policy_gradient_loss | -0.00147    |
|    value_loss           | 813         |
-----------------------------------------
FruitCounts | {'Fruit': 0, 'DecayFruit': 2, 'EnemyFruit': 1} |
------------------------------------------
| rollout/                |              |
|    ep_len_mean          | 204          |
|    ep_rew_mean          | 394          |
| time/                   |              |
|    fps                  | 163          |
|    iterations           | 138          |
|    time_elapsed         | 1727         |
|    total_timesteps      | 1782624      |
| train/                  |              |
|    approx_kl            | 0.0065581826 |
|    clip_fraction        | 0.0462       |
|    clip_range           | 0.2          |
|    entropy_loss         | -0.186       |
|    explained_variance   | 0.297        |
|    learning_rate        | 0.0003       |
|    loss                 | 494          |
|    n_updates            | 8690         |
|    policy_gradient_loss | -0.00226     |
|    value_loss           | 1.5e+03      |
------------------------------------------
FruitCounts | {'Fruit': 0, 'DecayFruit': 7, 'EnemyFruit': 1} |
------------------------------------------
| rollout/                |              |
|    ep_len_mean          | 182          |
|    ep_rew_mean          | 358          |
| time/                   |              |
|    fps                  | 163          |
|    iterations           | 139          |
|    time_elapsed         | 1741         |
|    total_timesteps      | 1784672      |
| train/                  |              |
|    approx_kl            | 0.0045218794 |
|    clip_fraction        | 0.0441       |
|    clip_range           | 0.2          |
|    entropy_loss         | -0.167       |
|    explained_variance   | 0.203        |
|    learning_rate        | 0.0003       |
|    loss                 | 401          |
|    n_updates            | 8700         |
|    policy_gradient_loss | -0.00159     |
|    value_loss           | 1.04e+03     |
------------------------------------------
FruitCounts | {'Fruit': 0, 'DecayFruit': 5, 'EnemyFruit': 0} |
------------------------------------------
| rollout/                |              |
|    ep_len_mean          | 179          |
|    ep_rew_mean          | 349          |
| time/                   |              |
|    fps                  | 163          |
|    iterations           | 140          |
|    time_elapsed         | 1753         |
|    total_timesteps      | 1786720      |
| train/                  |              |
|    approx_kl            | 0.0068624998 |
|    clip_fraction        | 0.0576       |
|    clip_range           | 0.2          |
|    entropy_loss         | -0.185       |
|    explained_variance   | 0.309        |
|    learning_rate        | 0.0003       |
|    loss                 | 469          |
|    n_updates            | 8710         |
|    policy_gradient_loss | -0.00293     |
|    value_loss           | 1.24e+03     |
------------------------------------------
FruitCounts | {'Fruit': 1, 'DecayFruit': 11, 'EnemyFruit': 5} |
------------------------------------------
| rollout/                |              |
|    ep_len_mean          | 181          |
|    ep_rew_mean          | 354          |
| time/                   |              |
|    fps                  | 163          |
|    iterations           | 141          |
|    time_elapsed         | 1766         |
|    total_timesteps      | 1788768      |
| train/                  |              |
|    approx_kl            | 0.0047625313 |
|    clip_fraction        | 0.0516       |
|    clip_range           | 0.2          |
|    entropy_loss         | -0.164       |
|    explained_variance   | 0.396        |
|    learning_rate        | 0.0003       |
|    loss                 | 291          |
|    n_updates            | 8720         |
|    policy_gradient_loss | -0.000663    |
|    value_loss           | 836          |
------------------------------------------
FruitCounts | {'Fruit': 0, 'DecayFruit': 4, 'EnemyFruit': 0} |
-----------------------------------------
| rollout/                |             |
|    ep_len_mean          | 183         |
|    ep_rew_mean          | 358         |
| time/                   |             |
|    fps                  | 163         |
|    iterations           | 142         |
|    time_elapsed         | 1779        |
|    total_timesteps      | 1790816     |
| train/                  |             |
|    approx_kl            | 0.061819755 |
|    clip_fraction        | 0.0717      |
|    clip_range           | 0.2         |
|    entropy_loss         | -0.192      |
|    explained_variance   | 0.289       |
|    learning_rate        | 0.0003      |
|    loss                 | 322         |
|    n_updates            | 8730        |
|    policy_gradient_loss | 0.00482     |
|    value_loss           | 1.08e+03    |
-----------------------------------------
FruitCounts | {'Fruit': 0, 'DecayFruit': 1, 'EnemyFruit': 0} |
-----------------------------------------
| rollout/                |             |
|    ep_len_mean          | 189         |
|    ep_rew_mean          | 367         |
| time/                   |             |
|    fps                  | 163         |
|    iterations           | 143         |
|    time_elapsed         | 1791        |
|    total_timesteps      | 1792864     |
| train/                  |             |
|    approx_kl            | 0.009791078 |
|    clip_fraction        | 0.0485      |
|    clip_range           | 0.2         |
|    entropy_loss         | -0.182      |
|    explained_variance   | 0.281       |
|    learning_rate        | 0.0003      |
|    loss                 | 445         |
|    n_updates            | 8740        |
|    policy_gradient_loss | -0.00173    |
|    value_loss           | 1.13e+03    |
-----------------------------------------
FruitCounts | {'Fruit': 0, 'DecayFruit': 10, 'EnemyFruit': 1} |
-----------------------------------------
| rollout/                |             |
|    ep_len_mean          | 171         |
|    ep_rew_mean          | 333         |
| time/                   |             |
|    fps                  | 163         |
|    iterations           | 144         |
|    time_elapsed         | 1805        |
|    total_timesteps      | 1794912     |
| train/                  |             |
|    approx_kl            | 0.021535518 |
|    clip_fraction        | 0.0572      |
|    clip_range           | 0.2         |
|    entropy_loss         | -0.203      |
|    explained_variance   | 0.372       |
|    learning_rate        | 0.0003      |
|    loss                 | 555         |
|    n_updates            | 8750        |
|    policy_gradient_loss | 0.00149     |
|    value_loss           | 1.13e+03    |
-----------------------------------------
FruitCounts | {'Fruit': 1, 'DecayFruit': 6, 'EnemyFruit': 0} |
------------------------------------------
| rollout/                |              |
|    ep_len_mean          | 177          |
|    ep_rew_mean          | 338          |
| time/                   |              |
|    fps                  | 163          |
|    iterations           | 145          |
|    time_elapsed         | 1817         |
|    total_timesteps      | 1796960      |
| train/                  |              |
|    approx_kl            | 0.0056147375 |
|    clip_fraction        | 0.0568       |
|    clip_range           | 0.2          |
|    entropy_loss         | -0.191       |
|    explained_variance   | 0.265        |
|    learning_rate        | 0.0003       |
|    loss                 | 726          |
|    n_updates            | 8760         |
|    policy_gradient_loss | -0.00372     |
|    value_loss           | 1.17e+03     |
------------------------------------------
FruitCounts | {'Fruit': 1, 'DecayFruit': 5, 'EnemyFruit': 0} |
-----------------------------------------
| rollout/                |             |
|    ep_len_mean          | 181         |
|    ep_rew_mean          | 336         |
| time/                   |             |
|    fps                  | 163         |
|    iterations           | 146         |
|    time_elapsed         | 1828        |
|    total_timesteps      | 1799008     |
| train/                  |             |
|    approx_kl            | 0.010795517 |
|    clip_fraction        | 0.0542      |
|    clip_range           | 0.2         |
|    entropy_loss         | -0.186      |
|    explained_variance   | 0.409       |
|    learning_rate        | 0.0003      |
|    loss                 | 359         |
|    n_updates            | 8770        |
|    policy_gradient_loss | -0.00401    |
|    value_loss           | 713         |
-----------------------------------------
FruitCounts | {'Fruit': 0, 'DecayFruit': 11, 'EnemyFruit': 4} |
-----------------------------------------
| rollout/                |             |
|    ep_len_mean          | 192         |
|    ep_rew_mean          | 358         |
| time/                   |             |
|    fps                  | 163         |
|    iterations           | 147         |
|    time_elapsed         | 1840        |
|    total_timesteps      | 1801056     |
| train/                  |             |
|    approx_kl            | 0.006286068 |
|    clip_fraction        | 0.0589      |
|    clip_range           | 0.2         |
|    entropy_loss         | -0.194      |
|    explained_variance   | 0.306       |
|    learning_rate        | 0.0003      |
|    loss                 | 383         |
|    n_updates            | 8780        |
|    policy_gradient_loss | -0.00199    |
|    value_loss           | 744         |
-----------------------------------------
FruitCounts | {'Fruit': 0, 'DecayFruit': 2, 'EnemyFruit': 2} |
------------------------------------------
| rollout/                |              |
|    ep_len_mean          | 197          |
|    ep_rew_mean          | 368          |
| time/                   |              |
|    fps                  | 163          |
|    iterations           | 148          |
|    time_elapsed         | 1852         |
|    total_timesteps      | 1803104      |
| train/                  |              |
|    approx_kl            | 0.0071597984 |
|    clip_fraction        | 0.0499       |
|    clip_range           | 0.2          |
|    entropy_loss         | -0.185       |
|    explained_variance   | 0.338        |
|    learning_rate        | 0.0003       |
|    loss                 | 355          |
|    n_updates            | 8790         |
|    policy_gradient_loss | -0.00206     |
|    value_loss           | 988          |
------------------------------------------
FruitCounts | {'Fruit': 1, 'DecayFruit': 6, 'EnemyFruit': 0} |
-----------------------------------------
| rollout/                |             |
|    ep_len_mean          | 199         |
|    ep_rew_mean          | 370         |
| time/                   |             |
|    fps                  | 163         |
|    iterations           | 149         |
|    time_elapsed         | 1865        |
|    total_timesteps      | 1805152     |
| train/                  |             |
|    approx_kl            | 0.008695268 |
|    clip_fraction        | 0.063       |
|    clip_range           | 0.2         |
|    entropy_loss         | -0.182      |
|    explained_variance   | 0.269       |
|    learning_rate        | 0.0003      |
|    loss                 | 551         |
|    n_updates            | 8800        |
|    policy_gradient_loss | -0.00389    |
|    value_loss           | 1.09e+03    |
-----------------------------------------
FruitCounts | {'Fruit': 0, 'DecayFruit': 2, 'EnemyFruit': 1} |
------------------------------------------
| rollout/                |              |
|    ep_len_mean          | 194          |
|    ep_rew_mean          | 355          |
| time/                   |              |
|    fps                  | 163          |
|    iterations           | 150          |
|    time_elapsed         | 1878         |
|    total_timesteps      | 1807200      |
| train/                  |              |
|    approx_kl            | 0.0055420864 |
|    clip_fraction        | 0.0536       |
|    clip_range           | 0.2          |
|    entropy_loss         | -0.197       |
|    explained_variance   | 0.346        |
|    learning_rate        | 0.0003       |
|    loss                 | 226          |
|    n_updates            | 8810         |
|    policy_gradient_loss | -0.00165     |
|    value_loss           | 933          |
------------------------------------------
FruitCounts | {'Fruit': 1, 'DecayFruit': 14, 'EnemyFruit': 6} |
-----------------------------------------
| rollout/                |             |
|    ep_len_mean          | 200         |
|    ep_rew_mean          | 359         |
| time/                   |             |
|    fps                  | 163         |
|    iterations           | 151         |
|    time_elapsed         | 1889        |
|    total_timesteps      | 1809248     |
| train/                  |             |
|    approx_kl            | 0.008698437 |
|    clip_fraction        | 0.0575      |
|    clip_range           | 0.2         |
|    entropy_loss         | -0.203      |
|    explained_variance   | 0.328       |
|    learning_rate        | 0.0003      |
|    loss                 | 460         |
|    n_updates            | 8820        |
|    policy_gradient_loss | -0.0041     |
|    value_loss           | 974         |
-----------------------------------------
FruitCounts | {'Fruit': 0, 'DecayFruit': 2, 'EnemyFruit': 0} |
-----------------------------------------
| rollout/                |             |
|    ep_len_mean          | 201         |
|    ep_rew_mean          | 361         |
| time/                   |             |
|    fps                  | 163         |
|    iterations           | 152         |
|    time_elapsed         | 1903        |
|    total_timesteps      | 1811296     |
| train/                  |             |
|    approx_kl            | 0.009013059 |
|    clip_fraction        | 0.0675      |
|    clip_range           | 0.2         |
|    entropy_loss         | -0.2        |
|    explained_variance   | 0.32        |
|    learning_rate        | 0.0003      |
|    loss                 | 334         |
|    n_updates            | 8830        |
|    policy_gradient_loss | -0.000258   |
|    value_loss           | 734         |
-----------------------------------------
FruitCounts | {'Fruit': 0, 'DecayFruit': 3, 'EnemyFruit': 1} |
------------------------------------------
| rollout/                |              |
|    ep_len_mean          | 205          |
|    ep_rew_mean          | 369          |
| time/                   |              |
|    fps                  | 163          |
|    iterations           | 153          |
|    time_elapsed         | 1915         |
|    total_timesteps      | 1813344      |
| train/                  |              |
|    approx_kl            | 0.0057482305 |
|    clip_fraction        | 0.0459       |
|    clip_range           | 0.2          |
|    entropy_loss         | -0.206       |
|    explained_variance   | 0.25         |
|    learning_rate        | 0.0003       |
|    loss                 | 548          |
|    n_updates            | 8840         |
|    policy_gradient_loss | -0.00119     |
|    value_loss           | 1.3e+03      |
------------------------------------------
FruitCounts | {'Fruit': 0, 'DecayFruit': 0, 'EnemyFruit': 0} |
------------------------------------------
| rollout/                |              |
|    ep_len_mean          | 215          |
|    ep_rew_mean          | 386          |
| time/                   |              |
|    fps                  | 163          |
|    iterations           | 154          |
|    time_elapsed         | 1927         |
|    total_timesteps      | 1815392      |
| train/                  |              |
|    approx_kl            | 0.0037136385 |
|    clip_fraction        | 0.0466       |
|    clip_range           | 0.2          |
|    entropy_loss         | -0.184       |
|    explained_variance   | 0.444        |
|    learning_rate        | 0.0003       |
|    loss                 | 282          |
|    n_updates            | 8850         |
|    policy_gradient_loss | -0.00149     |
|    value_loss           | 876          |
------------------------------------------
FruitCounts | {'Fruit': 1, 'DecayFruit': 5, 'EnemyFruit': 2} |
------------------------------------------
| rollout/                |              |
|    ep_len_mean          | 212          |
|    ep_rew_mean          | 391          |
| time/                   |              |
|    fps                  | 163          |
|    iterations           | 155          |
|    time_elapsed         | 1939         |
|    total_timesteps      | 1817440      |
| train/                  |              |
|    approx_kl            | 0.0050151586 |
|    clip_fraction        | 0.0534       |
|    clip_range           | 0.2          |
|    entropy_loss         | -0.197       |
|    explained_variance   | 0.256        |
|    learning_rate        | 0.0003       |
|    loss                 | 450          |
|    n_updates            | 8860         |
|    policy_gradient_loss | -0.000574    |
|    value_loss           | 1.08e+03     |
------------------------------------------
FruitCounts | {'Fruit': 0, 'DecayFruit': 2, 'EnemyFruit': 0} |
-----------------------------------------
| rollout/                |             |
|    ep_len_mean          | 205         |
|    ep_rew_mean          | 392         |
| time/                   |             |
|    fps                  | 163         |
|    iterations           | 156         |
|    time_elapsed         | 1952        |
|    total_timesteps      | 1819488     |
| train/                  |             |
|    approx_kl            | 0.006279272 |
|    clip_fraction        | 0.0452      |
|    clip_range           | 0.2         |
|    entropy_loss         | -0.197      |
|    explained_variance   | 0.402       |
|    learning_rate        | 0.0003      |
|    loss                 | 427         |
|    n_updates            | 8870        |
|    policy_gradient_loss | -0.000867   |
|    value_loss           | 1.07e+03    |
-----------------------------------------
FruitCounts | {'Fruit': 0, 'DecayFruit': 4, 'EnemyFruit': 2} |
------------------------------------------
| rollout/                |              |
|    ep_len_mean          | 192          |
|    ep_rew_mean          | 360          |
| time/                   |              |
|    fps                  | 163          |
|    iterations           | 157          |
|    time_elapsed         | 1965         |
|    total_timesteps      | 1821536      |
| train/                  |              |
|    approx_kl            | 0.0043090675 |
|    clip_fraction        | 0.0552       |
|    clip_range           | 0.2          |
|    entropy_loss         | -0.203       |
|    explained_variance   | 0.357        |
|    learning_rate        | 0.0003       |
|    loss                 | 620          |
|    n_updates            | 8880         |
|    policy_gradient_loss | 5.27e-05     |
|    value_loss           | 1.34e+03     |
------------------------------------------
FruitCounts | {'Fruit': 0, 'DecayFruit': 12, 'EnemyFruit': 1} |
------------------------------------------
| rollout/                |              |
|    ep_len_mean          | 189          |
|    ep_rew_mean          | 357          |
| time/                   |              |
|    fps                  | 163          |
|    iterations           | 158          |
|    time_elapsed         | 1978         |
|    total_timesteps      | 1823584      |
| train/                  |              |
|    approx_kl            | 0.0056756977 |
|    clip_fraction        | 0.0669       |
|    clip_range           | 0.2          |
|    entropy_loss         | -0.203       |
|    explained_variance   | 0.31         |
|    learning_rate        | 0.0003       |
|    loss                 | 304          |
|    n_updates            | 8890         |
|    policy_gradient_loss | -0.00348     |
|    value_loss           | 958          |
------------------------------------------
FruitCounts | {'Fruit': 0, 'DecayFruit': 4, 'EnemyFruit': 0} |
------------------------------------------
| rollout/                |              |
|    ep_len_mean          | 189          |
|    ep_rew_mean          | 368          |
| time/                   |              |
|    fps                  | 163          |
|    iterations           | 159          |
|    time_elapsed         | 1991         |
|    total_timesteps      | 1825632      |
| train/                  |              |
|    approx_kl            | 0.0049561923 |
|    clip_fraction        | 0.0443       |
|    clip_range           | 0.2          |
|    entropy_loss         | -0.201       |
|    explained_variance   | 0.27         |
|    learning_rate        | 0.0003       |
|    loss                 | 706          |
|    n_updates            | 8900         |
|    policy_gradient_loss | -0.00165     |
|    value_loss           | 1.19e+03     |
------------------------------------------
FruitCounts | {'Fruit': 0, 'DecayFruit': 12, 'EnemyFruit': 3} |
------------------------------------------
| rollout/                |              |
|    ep_len_mean          | 189          |
|    ep_rew_mean          | 372          |
| time/                   |              |
|    fps                  | 163          |
|    iterations           | 160          |
|    time_elapsed         | 2003         |
|    total_timesteps      | 1827680      |
| train/                  |              |
|    approx_kl            | 0.0050408887 |
|    clip_fraction        | 0.0505       |
|    clip_range           | 0.2          |
|    entropy_loss         | -0.194       |
|    explained_variance   | 0.265        |
|    learning_rate        | 0.0003       |
|    loss                 | 300          |
|    n_updates            | 8910         |
|    policy_gradient_loss | -0.00116     |
|    value_loss           | 1.15e+03     |
------------------------------------------
FruitCounts | {'Fruit': 0, 'DecayFruit': 4, 'EnemyFruit': 0} |
----------------------------------------
| rollout/                |            |
|    ep_len_mean          | 198        |
|    ep_rew_mean          | 381        |
| time/                   |            |
|    fps                  | 163        |
|    iterations           | 161        |
|    time_elapsed         | 2015       |
|    total_timesteps      | 1829728    |
| train/                  |            |
|    approx_kl            | 0.00622323 |
|    clip_fraction        | 0.0644     |
|    clip_range           | 0.2        |
|    entropy_loss         | -0.18      |
|    explained_variance   | 0.292      |
|    learning_rate        | 0.0003     |
|    loss                 | 397        |
|    n_updates            | 8920       |
|    policy_gradient_loss | -0.00286   |
|    value_loss           | 752        |
----------------------------------------
FruitCounts | {'Fruit': 0, 'DecayFruit': 12, 'EnemyFruit': 7} |
-----------------------------------------
| rollout/                |             |
|    ep_len_mean          | 187         |
|    ep_rew_mean          | 360         |
| time/                   |             |
|    fps                  | 163         |
|    iterations           | 162         |
|    time_elapsed         | 2028        |
|    total_timesteps      | 1831776     |
| train/                  |             |
|    approx_kl            | 0.006253549 |
|    clip_fraction        | 0.0588      |
|    clip_range           | 0.2         |
|    entropy_loss         | -0.195      |
|    explained_variance   | 0.432       |
|    learning_rate        | 0.0003      |
|    loss                 | 373         |
|    n_updates            | 8930        |
|    policy_gradient_loss | -0.00261    |
|    value_loss           | 720         |
-----------------------------------------
FruitCounts | {'Fruit': 0, 'DecayFruit': 17, 'EnemyFruit': 5} |
-----------------------------------------
| rollout/                |             |
|    ep_len_mean          | 192         |
|    ep_rew_mean          | 360         |
| time/                   |             |
|    fps                  | 163         |
|    iterations           | 163         |
|    time_elapsed         | 2041        |
|    total_timesteps      | 1833824     |
| train/                  |             |
|    approx_kl            | 0.006386135 |
|    clip_fraction        | 0.0527      |
|    clip_range           | 0.2         |
|    entropy_loss         | -0.199      |
|    explained_variance   | 0.247       |
|    learning_rate        | 0.0003      |
|    loss                 | 452         |
|    n_updates            | 8940        |
|    policy_gradient_loss | -0.00103    |
|    value_loss           | 1.23e+03    |
-----------------------------------------
FruitCounts | {'Fruit': 0, 'DecayFruit': 4, 'EnemyFruit': 0} |
----------------------------------------
| rollout/                |            |
|    ep_len_mean          | 192        |
|    ep_rew_mean          | 364        |
| time/                   |            |
|    fps                  | 163        |
|    iterations           | 164        |
|    time_elapsed         | 2054       |
|    total_timesteps      | 1835872    |
| train/                  |            |
|    approx_kl            | 0.00922255 |
|    clip_fraction        | 0.0486     |
|    clip_range           | 0.2        |
|    entropy_loss         | -0.172     |
|    explained_variance   | 0.42       |
|    learning_rate        | 0.0003     |
|    loss                 | 178        |
|    n_updates            | 8950       |
|    policy_gradient_loss | -0.00228   |
|    value_loss           | 585        |
----------------------------------------
FruitCounts | {'Fruit': 0, 'DecayFruit': 1, 'EnemyFruit': 1} |
------------------------------------------
| rollout/                |              |
|    ep_len_mean          | 189          |
|    ep_rew_mean          | 355          |
| time/                   |              |
|    fps                  | 163          |
|    iterations           | 165          |
|    time_elapsed         | 2068         |
|    total_timesteps      | 1837920      |
| train/                  |              |
|    approx_kl            | 0.0052841203 |
|    clip_fraction        | 0.0483       |
|    clip_range           | 0.2          |
|    entropy_loss         | -0.21        |
|    explained_variance   | 0.215        |
|    learning_rate        | 0.0003       |
|    loss                 | 452          |
|    n_updates            | 8960         |
|    policy_gradient_loss | -0.00258     |
|    value_loss           | 1.21e+03     |
------------------------------------------
FruitCounts | {'Fruit': 0, 'DecayFruit': 11, 'EnemyFruit': 2} |
------------------------------------------
| rollout/                |              |
|    ep_len_mean          | 192          |
|    ep_rew_mean          | 349          |
| time/                   |              |
|    fps                  | 163          |
|    iterations           | 166          |
|    time_elapsed         | 2080         |
|    total_timesteps      | 1839968      |
| train/                  |              |
|    approx_kl            | 0.0068995827 |
|    clip_fraction        | 0.0485       |
|    clip_range           | 0.2          |
|    entropy_loss         | -0.206       |
|    explained_variance   | 0.188        |
|    learning_rate        | 0.0003       |
|    loss                 | 336          |
|    n_updates            | 8970         |
|    policy_gradient_loss | -0.00198     |
|    value_loss           | 1.24e+03     |
------------------------------------------
FruitCounts | {'Fruit': 0, 'DecayFruit': 11, 'EnemyFruit': 5} |
-----------------------------------------
| rollout/                |             |
|    ep_len_mean          | 194         |
|    ep_rew_mean          | 357         |
| time/                   |             |
|    fps                  | 163         |
|    iterations           | 167         |
|    time_elapsed         | 2093        |
|    total_timesteps      | 1842016     |
| train/                  |             |
|    approx_kl            | 0.006015719 |
|    clip_fraction        | 0.0631      |
|    clip_range           | 0.2         |
|    entropy_loss         | -0.198      |
|    explained_variance   | 0.298       |
|    learning_rate        | 0.0003      |
|    loss                 | 426         |
|    n_updates            | 8980        |
|    policy_gradient_loss | -0.00132    |
|    value_loss           | 918         |
-----------------------------------------
FruitCounts | {'Fruit': 0, 'DecayFruit': 14, 'EnemyFruit': 6} |
------------------------------------------
| rollout/                |              |
|    ep_len_mean          | 200          |
|    ep_rew_mean          | 366          |
| time/                   |              |
|    fps                  | 163          |
|    iterations           | 168          |
|    time_elapsed         | 2107         |
|    total_timesteps      | 1844064      |
| train/                  |              |
|    approx_kl            | 0.0053130817 |
|    clip_fraction        | 0.0424       |
|    clip_range           | 0.2          |
|    entropy_loss         | -0.18        |
|    explained_variance   | 0.239        |
|    learning_rate        | 0.0003       |
|    loss                 | 686          |
|    n_updates            | 8990         |
|    policy_gradient_loss | -0.00167     |
|    value_loss           | 1.2e+03      |
------------------------------------------
FruitCounts | {'Fruit': 0, 'DecayFruit': 8, 'EnemyFruit': 2} |
------------------------------------------
| rollout/                |              |
|    ep_len_mean          | 208          |
|    ep_rew_mean          | 378          |
| time/                   |              |
|    fps                  | 163          |
|    iterations           | 169          |
|    time_elapsed         | 2120         |
|    total_timesteps      | 1846112      |
| train/                  |              |
|    approx_kl            | 0.0053375573 |
|    clip_fraction        | 0.052        |
|    clip_range           | 0.2          |
|    entropy_loss         | -0.196       |
|    explained_variance   | 0.367        |
|    learning_rate        | 0.0003       |
|    loss                 | 203          |
|    n_updates            | 9000         |
|    policy_gradient_loss | -0.00206     |
|    value_loss           | 813          |
------------------------------------------
FruitCounts | {'Fruit': 0, 'DecayFruit': 2, 'EnemyFruit': 0} |
------------------------------------------
| rollout/                |              |
|    ep_len_mean          | 202          |
|    ep_rew_mean          | 368          |
| time/                   |              |
|    fps                  | 163          |
|    iterations           | 170          |
|    time_elapsed         | 2134         |
|    total_timesteps      | 1848160      |
| train/                  |              |
|    approx_kl            | 0.0064520733 |
|    clip_fraction        | 0.0488       |
|    clip_range           | 0.2          |
|    entropy_loss         | -0.223       |
|    explained_variance   | 0.23         |
|    learning_rate        | 0.0003       |
|    loss                 | 427          |
|    n_updates            | 9010         |
|    policy_gradient_loss | -0.00355     |
|    value_loss           | 1.3e+03      |
------------------------------------------
FruitCounts | {'Fruit': 0, 'DecayFruit': 2, 'EnemyFruit': 1} |
-----------------------------------------
| rollout/                |             |
|    ep_len_mean          | 198         |
|    ep_rew_mean          | 373         |
| time/                   |             |
|    fps                  | 163         |
|    iterations           | 171         |
|    time_elapsed         | 2148        |
|    total_timesteps      | 1850208     |
| train/                  |             |
|    approx_kl            | 0.005504892 |
|    clip_fraction        | 0.0445      |
|    clip_range           | 0.2         |
|    entropy_loss         | -0.18       |
|    explained_variance   | 0.297       |
|    learning_rate        | 0.0003      |
|    loss                 | 675         |
|    n_updates            | 9020        |
|    policy_gradient_loss | -0.00109    |
|    value_loss           | 1.48e+03    |
-----------------------------------------
FruitCounts | {'Fruit': 0, 'DecayFruit': 1, 'EnemyFruit': 1} |
-----------------------------------------
| rollout/                |             |
|    ep_len_mean          | 194         |
|    ep_rew_mean          | 366         |
| time/                   |             |
|    fps                  | 162         |
|    iterations           | 172         |
|    time_elapsed         | 2162        |
|    total_timesteps      | 1852256     |
| train/                  |             |
|    approx_kl            | 0.009578843 |
|    clip_fraction        | 0.0608      |
|    clip_range           | 0.2         |
|    entropy_loss         | -0.209      |
|    explained_variance   | 0.258       |
|    learning_rate        | 0.0003      |
|    loss                 | 218         |
|    n_updates            | 9030        |
|    policy_gradient_loss | -0.00187    |
|    value_loss           | 886         |
-----------------------------------------
FruitCounts | {'Fruit': 0, 'DecayFruit': 0, 'EnemyFruit': 0} |
-----------------------------------------
| rollout/                |             |
|    ep_len_mean          | 193         |
|    ep_rew_mean          | 356         |
| time/                   |             |
|    fps                  | 162         |
|    iterations           | 173         |
|    time_elapsed         | 2175        |
|    total_timesteps      | 1854304     |
| train/                  |             |
|    approx_kl            | 0.008349906 |
|    clip_fraction        | 0.07        |
|    clip_range           | 0.2         |
|    entropy_loss         | -0.191      |
|    explained_variance   | 0.287       |
|    learning_rate        | 0.0003      |
|    loss                 | 348         |
|    n_updates            | 9040        |
|    policy_gradient_loss | 0.00202     |
|    value_loss           | 923         |
-----------------------------------------
FruitCounts | {'Fruit': 0, 'DecayFruit': 7, 'EnemyFruit': 1} |
------------------------------------------
| rollout/                |              |
|    ep_len_mean          | 202          |
|    ep_rew_mean          | 363          |
| time/                   |              |
|    fps                  | 162          |
|    iterations           | 174          |
|    time_elapsed         | 2188         |
|    total_timesteps      | 1856352      |
| train/                  |              |
|    approx_kl            | 0.0072648684 |
|    clip_fraction        | 0.0609       |
|    clip_range           | 0.2          |
|    entropy_loss         | -0.17        |
|    explained_variance   | 0.298        |
|    learning_rate        | 0.0003       |
|    loss                 | 276          |
|    n_updates            | 9050         |
|    policy_gradient_loss | -0.00364     |
|    value_loss           | 655          |
------------------------------------------
FruitCounts | {'Fruit': 0, 'DecayFruit': 2, 'EnemyFruit': 0} |
----------------------------------------
| rollout/                |            |
|    ep_len_mean          | 205        |
|    ep_rew_mean          | 367        |
| time/                   |            |
|    fps                  | 162        |
|    iterations           | 175        |
|    time_elapsed         | 2202       |
|    total_timesteps      | 1858400    |
| train/                  |            |
|    approx_kl            | 0.00843371 |
|    clip_fraction        | 0.0587     |
|    clip_range           | 0.2        |
|    entropy_loss         | -0.202     |
|    explained_variance   | 0.396      |
|    learning_rate        | 0.0003     |
|    loss                 | 223        |
|    n_updates            | 9060       |
|    policy_gradient_loss | 0.000841   |
|    value_loss           | 585        |
----------------------------------------
FruitCounts | {'Fruit': 1, 'DecayFruit': 4, 'EnemyFruit': 1} |
------------------------------------------
| rollout/                |              |
|    ep_len_mean          | 209          |
|    ep_rew_mean          | 383          |
| time/                   |              |
|    fps                  | 162          |
|    iterations           | 176          |
|    time_elapsed         | 2215         |
|    total_timesteps      | 1860448      |
| train/                  |              |
|    approx_kl            | 0.0076406244 |
|    clip_fraction        | 0.0543       |
|    clip_range           | 0.2          |
|    entropy_loss         | -0.191       |
|    explained_variance   | 0.326        |
|    learning_rate        | 0.0003       |
|    loss                 | 414          |
|    n_updates            | 9070         |
|    policy_gradient_loss | -0.00293     |
|    value_loss           | 1.15e+03     |
------------------------------------------
FruitCounts | {'Fruit': 0, 'DecayFruit': 6, 'EnemyFruit': 3} |
------------------------------------------
| rollout/                |              |
|    ep_len_mean          | 212          |
|    ep_rew_mean          | 377          |
| time/                   |              |
|    fps                  | 162          |
|    iterations           | 177          |
|    time_elapsed         | 2228         |
|    total_timesteps      | 1862496      |
| train/                  |              |
|    approx_kl            | 0.0061137658 |
|    clip_fraction        | 0.0489       |
|    clip_range           | 0.2          |
|    entropy_loss         | -0.193       |
|    explained_variance   | 0.459        |
|    learning_rate        | 0.0003       |
|    loss                 | 325          |
|    n_updates            | 9080         |
|    policy_gradient_loss | -0.000716    |
|    value_loss           | 704          |
------------------------------------------
FruitCounts | {'Fruit': 0, 'DecayFruit': 4, 'EnemyFruit': 0} |
------------------------------------------
| rollout/                |              |
|    ep_len_mean          | 213          |
|    ep_rew_mean          | 379          |
| time/                   |              |
|    fps                  | 162          |
|    iterations           | 178          |
|    time_elapsed         | 2243         |
|    total_timesteps      | 1864544      |
| train/                  |              |
|    approx_kl            | 0.0071982387 |
|    clip_fraction        | 0.0588       |
|    clip_range           | 0.2          |
|    entropy_loss         | -0.192       |
|    explained_variance   | 0.327        |
|    learning_rate        | 0.0003       |
|    loss                 | 391          |
|    n_updates            | 9090         |
|    policy_gradient_loss | -0.000511    |
|    value_loss           | 993          |
------------------------------------------
FruitCounts | {'Fruit': 1, 'DecayFruit': 1, 'EnemyFruit': 0} |
------------------------------------------
| rollout/                |              |
|    ep_len_mean          | 214          |
|    ep_rew_mean          | 380          |
| time/                   |              |
|    fps                  | 162          |
|    iterations           | 179          |
|    time_elapsed         | 2257         |
|    total_timesteps      | 1866592      |
| train/                  |              |
|    approx_kl            | 0.0037625832 |
|    clip_fraction        | 0.0433       |
|    clip_range           | 0.2          |
|    entropy_loss         | -0.172       |
|    explained_variance   | 0.352        |
|    learning_rate        | 0.0003       |
|    loss                 | 572          |
|    n_updates            | 9100         |
|    policy_gradient_loss | -0.00319     |
|    value_loss           | 1.09e+03     |
------------------------------------------
FruitCounts | {'Fruit': 0, 'DecayFruit': 9, 'EnemyFruit': 3} |
-----------------------------------------
| rollout/                |             |
|    ep_len_mean          | 218         |
|    ep_rew_mean          | 381         |
| time/                   |             |
|    fps                  | 162         |
|    iterations           | 180         |
|    time_elapsed         | 2269        |
|    total_timesteps      | 1868640     |
| train/                  |             |
|    approx_kl            | 0.007133205 |
|    clip_fraction        | 0.0518      |
|    clip_range           | 0.2         |
|    entropy_loss         | -0.194      |
|    explained_variance   | 0.283       |
|    learning_rate        | 0.0003      |
|    loss                 | 375         |
|    n_updates            | 9110        |
|    policy_gradient_loss | -0.00215    |
|    value_loss           | 961         |
-----------------------------------------
FruitCounts | {'Fruit': 1, 'DecayFruit': 5, 'EnemyFruit': 0} |
----------------------------------------
| rollout/                |            |
|    ep_len_mean          | 219        |
|    ep_rew_mean          | 388        |
| time/                   |            |
|    fps                  | 162        |
|    iterations           | 181        |
|    time_elapsed         | 2283       |
|    total_timesteps      | 1870688    |
| train/                  |            |
|    approx_kl            | 0.01537622 |
|    clip_fraction        | 0.0646     |
|    clip_range           | 0.2        |
|    entropy_loss         | -0.17      |
|    explained_variance   | 0.344      |
|    learning_rate        | 0.0003     |
|    loss                 | 473        |
|    n_updates            | 9120       |
|    policy_gradient_loss | 6.82e-05   |
|    value_loss           | 1e+03      |
----------------------------------------
FruitCounts | {'Fruit': 0, 'DecayFruit': 11, 'EnemyFruit': 0} |
-----------------------------------------
| rollout/                |             |
|    ep_len_mean          | 209         |
|    ep_rew_mean          | 367         |
| time/                   |             |
|    fps                  | 162         |
|    iterations           | 182         |
|    time_elapsed         | 2298        |
|    total_timesteps      | 1872736     |
| train/                  |             |
|    approx_kl            | 0.007047725 |
|    clip_fraction        | 0.0457      |
|    clip_range           | 0.2         |
|    entropy_loss         | -0.194      |
|    explained_variance   | 0.307       |
|    learning_rate        | 0.0003      |
|    loss                 | 346         |
|    n_updates            | 9130        |
|    policy_gradient_loss | -0.00242    |
|    value_loss           | 1.13e+03    |
-----------------------------------------
FruitCounts | {'Fruit': 0, 'DecayFruit': 2, 'EnemyFruit': 0} |
-----------------------------------------
| rollout/                |             |
|    ep_len_mean          | 210         |
|    ep_rew_mean          | 369         |
| time/                   |             |
|    fps                  | 162         |
|    iterations           | 183         |
|    time_elapsed         | 2312        |
|    total_timesteps      | 1874784     |
| train/                  |             |
|    approx_kl            | 0.009449134 |
|    clip_fraction        | 0.0623      |
|    clip_range           | 0.2         |
|    entropy_loss         | -0.198      |
|    explained_variance   | 0.272       |
|    learning_rate        | 0.0003      |
|    loss                 | 726         |
|    n_updates            | 9140        |
|    policy_gradient_loss | -0.00313    |
|    value_loss           | 1.18e+03    |
-----------------------------------------
FruitCounts | {'Fruit': 0, 'DecayFruit': 4, 'EnemyFruit': 0} |
-----------------------------------------
| rollout/                |             |
|    ep_len_mean          | 200         |
|    ep_rew_mean          | 364         |
| time/                   |             |
|    fps                  | 161         |
|    iterations           | 184         |
|    time_elapsed         | 2327        |
|    total_timesteps      | 1876832     |
| train/                  |             |
|    approx_kl            | 0.007520195 |
|    clip_fraction        | 0.0572      |
|    clip_range           | 0.2         |
|    entropy_loss         | -0.177      |
|    explained_variance   | 0.174       |
|    learning_rate        | 0.0003      |
|    loss                 | 435         |
|    n_updates            | 9150        |
|    policy_gradient_loss | -0.001      |
|    value_loss           | 977         |
-----------------------------------------
FruitCounts | {'Fruit': 0, 'DecayFruit': 2, 'EnemyFruit': 0} |
------------------------------------------
| rollout/                |              |
|    ep_len_mean          | 197          |
|    ep_rew_mean          | 353          |
| time/                   |              |
|    fps                  | 161          |
|    iterations           | 185          |
|    time_elapsed         | 2341         |
|    total_timesteps      | 1878880      |
| train/                  |              |
|    approx_kl            | 0.0071184877 |
|    clip_fraction        | 0.0635       |
|    clip_range           | 0.2          |
|    entropy_loss         | -0.201       |
|    explained_variance   | 0.28         |
|    learning_rate        | 0.0003       |
|    loss                 | 677          |
|    n_updates            | 9160         |
|    policy_gradient_loss | -0.00296     |
|    value_loss           | 1.09e+03     |
------------------------------------------
FruitCounts | {'Fruit': 0, 'DecayFruit': 12, 'EnemyFruit': 4} |
------------------------------------------
| rollout/                |              |
|    ep_len_mean          | 197          |
|    ep_rew_mean          | 360          |
| time/                   |              |
|    fps                  | 161          |
|    iterations           | 186          |
|    time_elapsed         | 2354         |
|    total_timesteps      | 1880928      |
| train/                  |              |
|    approx_kl            | 0.0054364298 |
|    clip_fraction        | 0.0521       |
|    clip_range           | 0.2          |
|    entropy_loss         | -0.177       |
|    explained_variance   | 0.385        |
|    learning_rate        | 0.0003       |
|    loss                 | 403          |
|    n_updates            | 9170         |
|    policy_gradient_loss | -0.00197     |
|    value_loss           | 1.17e+03     |
------------------------------------------
FruitCounts | {'Fruit': 0, 'DecayFruit': 0, 'EnemyFruit': 0} |
------------------------------------------
| rollout/                |              |
|    ep_len_mean          | 196          |
|    ep_rew_mean          | 369          |
| time/                   |              |
|    fps                  | 161          |
|    iterations           | 187          |
|    time_elapsed         | 2368         |
|    total_timesteps      | 1882976      |
| train/                  |              |
|    approx_kl            | 0.0076343594 |
|    clip_fraction        | 0.0471       |
|    clip_range           | 0.2          |
|    entropy_loss         | -0.172       |
|    explained_variance   | 0.405        |
|    learning_rate        | 0.0003       |
|    loss                 | 534          |
|    n_updates            | 9180         |
|    policy_gradient_loss | -0.000629    |
|    value_loss           | 1.03e+03     |
------------------------------------------
FruitCounts | {'Fruit': 0, 'DecayFruit': 2, 'EnemyFruit': 0} |
------------------------------------------
| rollout/                |              |
|    ep_len_mean          | 193          |
|    ep_rew_mean          | 366          |
| time/                   |              |
|    fps                  | 161          |
|    iterations           | 188          |
|    time_elapsed         | 2382         |
|    total_timesteps      | 1885024      |
| train/                  |              |
|    approx_kl            | 0.0068389806 |
|    clip_fraction        | 0.0581       |
|    clip_range           | 0.2          |
|    entropy_loss         | -0.19        |
|    explained_variance   | 0.362        |
|    learning_rate        | 0.0003       |
|    loss                 | 467          |
|    n_updates            | 9190         |
|    policy_gradient_loss | -0.00256     |
|    value_loss           | 949          |
------------------------------------------
FruitCounts | {'Fruit': 1, 'DecayFruit': 4, 'EnemyFruit': 0} |
-----------------------------------------
| rollout/                |             |
|    ep_len_mean          | 196         |
|    ep_rew_mean          | 373         |
| time/                   |             |
|    fps                  | 161         |
|    iterations           | 189         |
|    time_elapsed         | 2395        |
|    total_timesteps      | 1887072     |
| train/                  |             |
|    approx_kl            | 0.007433934 |
|    clip_fraction        | 0.0545      |
|    clip_range           | 0.2         |
|    entropy_loss         | -0.209      |
|    explained_variance   | 0.262       |
|    learning_rate        | 0.0003      |
|    loss                 | 432         |
|    n_updates            | 9200        |
|    policy_gradient_loss | -7.5e-06    |
|    value_loss           | 1.04e+03    |
-----------------------------------------
FruitCounts | {'Fruit': 0, 'DecayFruit': 3, 'EnemyFruit': 2} |
--------------------------------------
| rollout/                |          |
|    ep_len_mean          | 188      |
|    ep_rew_mean          | 358      |
| time/                   |          |
|    fps                  | 161      |
|    iterations           | 190      |
|    time_elapsed         | 2409     |
|    total_timesteps      | 1889120  |
| train/                  |          |
|    approx_kl            | 0.008335 |
|    clip_fraction        | 0.0601   |
|    clip_range           | 0.2      |
|    entropy_loss         | -0.206   |
|    explained_variance   | 0.302    |
|    learning_rate        | 0.0003   |
|    loss                 | 281      |
|    n_updates            | 9210     |
|    policy_gradient_loss | -0.00232 |
|    value_loss           | 908      |
--------------------------------------
FruitCounts | {'Fruit': 0, 'DecayFruit': 4, 'EnemyFruit': 0} |
------------------------------------------
| rollout/                |              |
|    ep_len_mean          | 197          |
|    ep_rew_mean          | 371          |
| time/                   |              |
|    fps                  | 161          |
|    iterations           | 191          |
|    time_elapsed         | 2422         |
|    total_timesteps      | 1891168      |
| train/                  |              |
|    approx_kl            | 0.0072208983 |
|    clip_fraction        | 0.0582       |
|    clip_range           | 0.2          |
|    entropy_loss         | -0.175       |
|    explained_variance   | 0.223        |
|    learning_rate        | 0.0003       |
|    loss                 | 382          |
|    n_updates            | 9220         |
|    policy_gradient_loss | -0.000833    |
|    value_loss           | 1.1e+03      |
------------------------------------------
FruitCounts | {'Fruit': 0, 'DecayFruit': 0, 'EnemyFruit': 0} |
------------------------------------------
| rollout/                |              |
|    ep_len_mean          | 202          |
|    ep_rew_mean          | 383          |
| time/                   |              |
|    fps                  | 161          |
|    iterations           | 192          |
|    time_elapsed         | 2437         |
|    total_timesteps      | 1893216      |
| train/                  |              |
|    approx_kl            | 0.0086841695 |
|    clip_fraction        | 0.0586       |
|    clip_range           | 0.2          |
|    entropy_loss         | -0.196       |
|    explained_variance   | 0.317        |
|    learning_rate        | 0.0003       |
|    loss                 | 259          |
|    n_updates            | 9230         |
|    policy_gradient_loss | -0.00196     |
|    value_loss           | 890          |
------------------------------------------
FruitCounts | {'Fruit': 0, 'DecayFruit': 5, 'EnemyFruit': 2} |
-----------------------------------------
| rollout/                |             |
|    ep_len_mean          | 203         |
|    ep_rew_mean          | 384         |
| time/                   |             |
|    fps                  | 161         |
|    iterations           | 193         |
|    time_elapsed         | 2450        |
|    total_timesteps      | 1895264     |
| train/                  |             |
|    approx_kl            | 0.005584077 |
|    clip_fraction        | 0.0432      |
|    clip_range           | 0.2         |
|    entropy_loss         | -0.19       |
|    explained_variance   | 0.273       |
|    learning_rate        | 0.0003      |
|    loss                 | 380         |
|    n_updates            | 9240        |
|    policy_gradient_loss | 0.000313    |
|    value_loss           | 1.26e+03    |
-----------------------------------------
FruitCounts | {'Fruit': 0, 'DecayFruit': 18, 'EnemyFruit': 1} |
--------------------------------------
| rollout/                |          |
|    ep_len_mean          | 203      |
|    ep_rew_mean          | 385      |
| time/                   |          |
|    fps                  | 161      |
|    iterations           | 194      |
|    time_elapsed         | 2464     |
|    total_timesteps      | 1897312  |
| train/                  |          |
|    approx_kl            | 0.006708 |
|    clip_fraction        | 0.0544   |
|    clip_range           | 0.2      |
|    entropy_loss         | -0.184   |
|    explained_variance   | 0.375    |
|    learning_rate        | 0.0003   |
|    loss                 | 369      |
|    n_updates            | 9250     |
|    policy_gradient_loss | -0.00358 |
|    value_loss           | 994      |
--------------------------------------
FruitCounts | {'Fruit': 0, 'DecayFruit': 1, 'EnemyFruit': 0} |
-----------------------------------------
| rollout/                |             |
|    ep_len_mean          | 203         |
|    ep_rew_mean          | 390         |
| time/                   |             |
|    fps                  | 161         |
|    iterations           | 195         |
|    time_elapsed         | 2479        |
|    total_timesteps      | 1899360     |
| train/                  |             |
|    approx_kl            | 0.004053304 |
|    clip_fraction        | 0.0492      |
|    clip_range           | 0.2         |
|    entropy_loss         | -0.209      |
|    explained_variance   | 0.269       |
|    learning_rate        | 0.0003      |
|    loss                 | 209         |
|    n_updates            | 9260        |
|    policy_gradient_loss | -0.000792   |
|    value_loss           | 1.04e+03    |
-----------------------------------------
FruitCounts | {'Fruit': 0, 'DecayFruit': 0, 'EnemyFruit': 0} |
-----------------------------------------
| rollout/                |             |
|    ep_len_mean          | 204         |
|    ep_rew_mean          | 383         |
| time/                   |             |
|    fps                  | 161         |
|    iterations           | 196         |
|    time_elapsed         | 2493        |
|    total_timesteps      | 1901408     |
| train/                  |             |
|    approx_kl            | 0.006550896 |
|    clip_fraction        | 0.0474      |
|    clip_range           | 0.2         |
|    entropy_loss         | -0.198      |
|    explained_variance   | 0.247       |
|    learning_rate        | 0.0003      |
|    loss                 | 487         |
|    n_updates            | 9270        |
|    policy_gradient_loss | -0.00376    |
|    value_loss           | 1.07e+03    |
-----------------------------------------
FruitCounts | {'Fruit': 0, 'DecayFruit': 2, 'EnemyFruit': 0} |
------------------------------------------
| rollout/                |              |
|    ep_len_mean          | 205          |
|    ep_rew_mean          | 386          |
| time/                   |              |
|    fps                  | 160          |
|    iterations           | 197          |
|    time_elapsed         | 2507         |
|    total_timesteps      | 1903456      |
| train/                  |              |
|    approx_kl            | 0.0075379773 |
|    clip_fraction        | 0.0685       |
|    clip_range           | 0.2          |
|    entropy_loss         | -0.193       |
|    explained_variance   | 0.254        |
|    learning_rate        | 0.0003       |
|    loss                 | 328          |
|    n_updates            | 9280         |
|    policy_gradient_loss | -0.00219     |
|    value_loss           | 886          |
------------------------------------------
FruitCounts | {'Fruit': 0, 'DecayFruit': 4, 'EnemyFruit': 2} |
------------------------------------------
| rollout/                |              |
|    ep_len_mean          | 208          |
|    ep_rew_mean          | 388          |
| time/                   |              |
|    fps                  | 160          |
|    iterations           | 198          |
|    time_elapsed         | 2520         |
|    total_timesteps      | 1905504      |
| train/                  |              |
|    approx_kl            | 0.0038036748 |
|    clip_fraction        | 0.0333       |
|    clip_range           | 0.2          |
|    entropy_loss         | -0.192       |
|    explained_variance   | 0.311        |
|    learning_rate        | 0.0003       |
|    loss                 | 661          |
|    n_updates            | 9290         |
|    policy_gradient_loss | -0.00043     |
|    value_loss           | 1.21e+03     |
------------------------------------------
FruitCounts | {'Fruit': 1, 'DecayFruit': 7, 'EnemyFruit': 2} |
-----------------------------------------
| rollout/                |             |
|    ep_len_mean          | 204         |
|    ep_rew_mean          | 373         |
| time/                   |             |
|    fps                  | 160         |
|    iterations           | 199         |
|    time_elapsed         | 2533        |
|    total_timesteps      | 1907552     |
| train/                  |             |
|    approx_kl            | 0.006087676 |
|    clip_fraction        | 0.0501      |
|    clip_range           | 0.2         |
|    entropy_loss         | -0.185      |
|    explained_variance   | 0.237       |
|    learning_rate        | 0.0003      |
|    loss                 | 257         |
|    n_updates            | 9300        |
|    policy_gradient_loss | -0.00216    |
|    value_loss           | 993         |
-----------------------------------------
FruitCounts | {'Fruit': 0, 'DecayFruit': 5, 'EnemyFruit': 0} |
------------------------------------------
| rollout/                |              |
|    ep_len_mean          | 202          |
|    ep_rew_mean          | 371          |
| time/                   |              |
|    fps                  | 160          |
|    iterations           | 200          |
|    time_elapsed         | 2547         |
|    total_timesteps      | 1909600      |
| train/                  |              |
|    approx_kl            | 0.0065436447 |
|    clip_fraction        | 0.044        |
|    clip_range           | 0.2          |
|    entropy_loss         | -0.184       |
|    explained_variance   | 0.458        |
|    learning_rate        | 0.0003       |
|    loss                 | 409          |
|    n_updates            | 9310         |
|    policy_gradient_loss | -0.00195     |
|    value_loss           | 792          |
------------------------------------------
FruitCounts | {'Fruit': 0, 'DecayFruit': 6, 'EnemyFruit': 1} |
-----------------------------------------
| rollout/                |             |
|    ep_len_mean          | 197         |
|    ep_rew_mean          | 374         |
| time/                   |             |
|    fps                  | 160         |
|    iterations           | 201         |
|    time_elapsed         | 2561        |
|    total_timesteps      | 1911648     |
| train/                  |             |
|    approx_kl            | 0.005057132 |
|    clip_fraction        | 0.0517      |
|    clip_range           | 0.2         |
|    entropy_loss         | -0.172      |
|    explained_variance   | 0.277       |
|    learning_rate        | 0.0003      |
|    loss                 | 527         |
|    n_updates            | 9320        |
|    policy_gradient_loss | -0.00197    |
|    value_loss           | 1.52e+03    |
-----------------------------------------
FruitCounts | {'Fruit': 0, 'DecayFruit': 1, 'EnemyFruit': 0} |
-----------------------------------------
| rollout/                |             |
|    ep_len_mean          | 206         |
|    ep_rew_mean          | 381         |
| time/                   |             |
|    fps                  | 160         |
|    iterations           | 202         |
|    time_elapsed         | 2574        |
|    total_timesteps      | 1913696     |
| train/                  |             |
|    approx_kl            | 0.008207693 |
|    clip_fraction        | 0.0498      |
|    clip_range           | 0.2         |
|    entropy_loss         | -0.184      |
|    explained_variance   | 0.333       |
|    learning_rate        | 0.0003      |
|    loss                 | 554         |
|    n_updates            | 9330        |
|    policy_gradient_loss | -0.000106   |
|    value_loss           | 1.3e+03     |
-----------------------------------------
FruitCounts | {'Fruit': 0, 'DecayFruit': 5, 'EnemyFruit': 2} |
------------------------------------------
| rollout/                |              |
|    ep_len_mean          | 206          |
|    ep_rew_mean          | 381          |
| time/                   |              |
|    fps                  | 160          |
|    iterations           | 203          |
|    time_elapsed         | 2587         |
|    total_timesteps      | 1915744      |
| train/                  |              |
|    approx_kl            | 0.0056231264 |
|    clip_fraction        | 0.0398       |
|    clip_range           | 0.2          |
|    entropy_loss         | -0.166       |
|    explained_variance   | 0.369        |
|    learning_rate        | 0.0003       |
|    loss                 | 303          |
|    n_updates            | 9340         |
|    policy_gradient_loss | -0.00169     |
|    value_loss           | 953          |
------------------------------------------
FruitCounts | {'Fruit': 0, 'DecayFruit': 8, 'EnemyFruit': 1} |
-----------------------------------------
| rollout/                |             |
|    ep_len_mean          | 208         |
|    ep_rew_mean          | 391         |
| time/                   |             |
|    fps                  | 160         |
|    iterations           | 204         |
|    time_elapsed         | 2600        |
|    total_timesteps      | 1917792     |
| train/                  |             |
|    approx_kl            | 0.006415463 |
|    clip_fraction        | 0.0601      |
|    clip_range           | 0.2         |
|    entropy_loss         | -0.183      |
|    explained_variance   | 0.241       |
|    learning_rate        | 0.0003      |
|    loss                 | 229         |
|    n_updates            | 9350        |
|    policy_gradient_loss | -0.00365    |
|    value_loss           | 810         |
-----------------------------------------
FruitCounts | {'Fruit': 0, 'DecayFruit': 7, 'EnemyFruit': 2} |
-----------------------------------------
| rollout/                |             |
|    ep_len_mean          | 215         |
|    ep_rew_mean          | 395         |
| time/                   |             |
|    fps                  | 160         |
|    iterations           | 205         |
|    time_elapsed         | 2614        |
|    total_timesteps      | 1919840     |
| train/                  |             |
|    approx_kl            | 0.005792341 |
|    clip_fraction        | 0.0468      |
|    clip_range           | 0.2         |
|    entropy_loss         | -0.175      |
|    explained_variance   | 0.348       |
|    learning_rate        | 0.0003      |
|    loss                 | 209         |
|    n_updates            | 9360        |
|    policy_gradient_loss | -0.0027     |
|    value_loss           | 913         |
-----------------------------------------
FruitCounts | {'Fruit': 0, 'DecayFruit': 0, 'EnemyFruit': 0} |
----------------------------------------
| rollout/                |            |
|    ep_len_mean          | 226        |
|    ep_rew_mean          | 415        |
| time/                   |            |
|    fps                  | 160        |
|    iterations           | 206        |
|    time_elapsed         | 2627       |
|    total_timesteps      | 1921888    |
| train/                  |            |
|    approx_kl            | 0.01325104 |
|    clip_fraction        | 0.0634     |
|    clip_range           | 0.2        |
|    entropy_loss         | -0.191     |
|    explained_variance   | 0.299      |
|    learning_rate        | 0.0003     |
|    loss                 | 282        |
|    n_updates            | 9370       |
|    policy_gradient_loss | -0.000509  |
|    value_loss           | 820        |
----------------------------------------
FruitCounts | {'Fruit': 0, 'DecayFruit': 3, 'EnemyFruit': 2} |
------------------------------------------
| rollout/                |              |
|    ep_len_mean          | 227          |
|    ep_rew_mean          | 421          |
| time/                   |              |
|    fps                  | 160          |
|    iterations           | 207          |
|    time_elapsed         | 2640         |
|    total_timesteps      | 1923936      |
| train/                  |              |
|    approx_kl            | 0.0041473825 |
|    clip_fraction        | 0.043        |
|    clip_range           | 0.2          |
|    entropy_loss         | -0.174       |
|    explained_variance   | 0.342        |
|    learning_rate        | 0.0003       |
|    loss                 | 279          |
|    n_updates            | 9380         |
|    policy_gradient_loss | 0.000503     |
|    value_loss           | 1.08e+03     |
------------------------------------------
FruitCounts | {'Fruit': 0, 'DecayFruit': 3, 'EnemyFruit': 3} |
-----------------------------------------
| rollout/                |             |
|    ep_len_mean          | 232         |
|    ep_rew_mean          | 419         |
| time/                   |             |
|    fps                  | 160         |
|    iterations           | 208         |
|    time_elapsed         | 2653        |
|    total_timesteps      | 1925984     |
| train/                  |             |
|    approx_kl            | 0.005052004 |
|    clip_fraction        | 0.0518      |
|    clip_range           | 0.2         |
|    entropy_loss         | -0.192      |
|    explained_variance   | 0.365       |
|    learning_rate        | 0.0003      |
|    loss                 | 645         |
|    n_updates            | 9390        |
|    policy_gradient_loss | 0.00108     |
|    value_loss           | 1.16e+03    |
-----------------------------------------
FruitCounts | {'Fruit': 1, 'DecayFruit': 12, 'EnemyFruit': 3} |
------------------------------------------
| rollout/                |              |
|    ep_len_mean          | 231          |
|    ep_rew_mean          | 413          |
| time/                   |              |
|    fps                  | 160          |
|    iterations           | 209          |
|    time_elapsed         | 2664         |
|    total_timesteps      | 1928032      |
| train/                  |              |
|    approx_kl            | 0.0060828957 |
|    clip_fraction        | 0.0752       |
|    clip_range           | 0.2          |
|    entropy_loss         | -0.192       |
|    explained_variance   | 0.402        |
|    learning_rate        | 0.0003       |
|    loss                 | 272          |
|    n_updates            | 9400         |
|    policy_gradient_loss | -0.00138     |
|    value_loss           | 611          |
------------------------------------------
FruitCounts | {'Fruit': 0, 'DecayFruit': 1, 'EnemyFruit': 1} |
------------------------------------------
| rollout/                |              |
|    ep_len_mean          | 227          |
|    ep_rew_mean          | 412          |
| time/                   |              |
|    fps                  | 160          |
|    iterations           | 210          |
|    time_elapsed         | 2679         |
|    total_timesteps      | 1930080      |
| train/                  |              |
|    approx_kl            | 0.0060013356 |
|    clip_fraction        | 0.0363       |
|    clip_range           | 0.2          |
|    entropy_loss         | -0.174       |
|    explained_variance   | 0.285        |
|    learning_rate        | 0.0003       |
|    loss                 | 416          |
|    n_updates            | 9410         |
|    policy_gradient_loss | 0.000167     |
|    value_loss           | 1.04e+03     |
------------------------------------------
FruitCounts | {'Fruit': 0, 'DecayFruit': 14, 'EnemyFruit': 3} |
------------------------------------------
| rollout/                |              |
|    ep_len_mean          | 231          |
|    ep_rew_mean          | 420          |
| time/                   |              |
|    fps                  | 160          |
|    iterations           | 211          |
|    time_elapsed         | 2693         |
|    total_timesteps      | 1932128      |
| train/                  |              |
|    approx_kl            | 0.0060178554 |
|    clip_fraction        | 0.048        |
|    clip_range           | 0.2          |
|    entropy_loss         | -0.179       |
|    explained_variance   | 0.206        |
|    learning_rate        | 0.0003       |
|    loss                 | 437          |
|    n_updates            | 9420         |
|    policy_gradient_loss | -0.0039      |
|    value_loss           | 1.33e+03     |
------------------------------------------
FruitCounts | {'Fruit': 1, 'DecayFruit': 10, 'EnemyFruit': 0} |
-----------------------------------------
| rollout/                |             |
|    ep_len_mean          | 241         |
|    ep_rew_mean          | 434         |
| time/                   |             |
|    fps                  | 160         |
|    iterations           | 212         |
|    time_elapsed         | 2706        |
|    total_timesteps      | 1934176     |
| train/                  |             |
|    approx_kl            | 0.011965774 |
|    clip_fraction        | 0.057       |
|    clip_range           | 0.2         |
|    entropy_loss         | -0.188      |
|    explained_variance   | 0.338       |
|    learning_rate        | 0.0003      |
|    loss                 | 259         |
|    n_updates            | 9430        |
|    policy_gradient_loss | -0.00248    |
|    value_loss           | 1.17e+03    |
-----------------------------------------
FruitCounts | {'Fruit': 1, 'DecayFruit': 5, 'EnemyFruit': 2} |
-----------------------------------------
| rollout/                |             |
|    ep_len_mean          | 239         |
|    ep_rew_mean          | 431         |
| time/                   |             |
|    fps                  | 160         |
|    iterations           | 213         |
|    time_elapsed         | 2719        |
|    total_timesteps      | 1936224     |
| train/                  |             |
|    approx_kl            | 0.008075479 |
|    clip_fraction        | 0.0568      |
|    clip_range           | 0.2         |
|    entropy_loss         | -0.187      |
|    explained_variance   | 0.291       |
|    learning_rate        | 0.0003      |
|    loss                 | 501         |
|    n_updates            | 9440        |
|    policy_gradient_loss | -0.00135    |
|    value_loss           | 1.12e+03    |
-----------------------------------------
FruitCounts | {'Fruit': 0, 'DecayFruit': 4, 'EnemyFruit': 3} |
-----------------------------------------
| rollout/                |             |
|    ep_len_mean          | 232         |
|    ep_rew_mean          | 425         |
| time/                   |             |
|    fps                  | 160         |
|    iterations           | 214         |
|    time_elapsed         | 2733        |
|    total_timesteps      | 1938272     |
| train/                  |             |
|    approx_kl            | 0.005598314 |
|    clip_fraction        | 0.0479      |
|    clip_range           | 0.2         |
|    entropy_loss         | -0.183      |
|    explained_variance   | 0.302       |
|    learning_rate        | 0.0003      |
|    loss                 | 288         |
|    n_updates            | 9450        |
|    policy_gradient_loss | -0.00161    |
|    value_loss           | 1.04e+03    |
-----------------------------------------
FruitCounts | {'Fruit': 0, 'DecayFruit': 7, 'EnemyFruit': 1} |
------------------------------------------
| rollout/                |              |
|    ep_len_mean          | 236          |
|    ep_rew_mean          | 430          |
| time/                   |              |
|    fps                  | 160          |
|    iterations           | 215          |
|    time_elapsed         | 2745         |
|    total_timesteps      | 1940320      |
| train/                  |              |
|    approx_kl            | 0.0072678584 |
|    clip_fraction        | 0.0596       |
|    clip_range           | 0.2          |
|    entropy_loss         | -0.182       |
|    explained_variance   | 0.251        |
|    learning_rate        | 0.0003       |
|    loss                 | 480          |
|    n_updates            | 9460         |
|    policy_gradient_loss | -0.00399     |
|    value_loss           | 1.11e+03     |
------------------------------------------
FruitCounts | {'Fruit': 0, 'DecayFruit': 0, 'EnemyFruit': 0} |
----------------------------------------
| rollout/                |            |
|    ep_len_mean          | 231        |
|    ep_rew_mean          | 417        |
| time/                   |            |
|    fps                  | 160        |
|    iterations           | 216        |
|    time_elapsed         | 2760       |
|    total_timesteps      | 1942368    |
| train/                  |            |
|    approx_kl            | 0.00508798 |
|    clip_fraction        | 0.0572     |
|    clip_range           | 0.2        |
|    entropy_loss         | -0.185     |
|    explained_variance   | 0.223      |
|    learning_rate        | 0.0003     |
|    loss                 | 312        |
|    n_updates            | 9470       |
|    policy_gradient_loss | -0.00121   |
|    value_loss           | 961        |
----------------------------------------
FruitCounts | {'Fruit': 0, 'DecayFruit': 8, 'EnemyFruit': 1} |
------------------------------------------
| rollout/                |              |
|    ep_len_mean          | 238          |
|    ep_rew_mean          | 422          |
| time/                   |              |
|    fps                  | 160          |
|    iterations           | 217          |
|    time_elapsed         | 2773         |
|    total_timesteps      | 1944416      |
| train/                  |              |
|    approx_kl            | 0.0110710235 |
|    clip_fraction        | 0.0604       |
|    clip_range           | 0.2          |
|    entropy_loss         | -0.184       |
|    explained_variance   | 0.22         |
|    learning_rate        | 0.0003       |
|    loss                 | 357          |
|    n_updates            | 9480         |
|    policy_gradient_loss | -0.00271     |
|    value_loss           | 917          |
------------------------------------------
FruitCounts | {'Fruit': 0, 'DecayFruit': 21, 'EnemyFruit': 2} |
------------------------------------------
| rollout/                |              |
|    ep_len_mean          | 226          |
|    ep_rew_mean          | 402          |
| time/                   |              |
|    fps                  | 160          |
|    iterations           | 218          |
|    time_elapsed         | 2786         |
|    total_timesteps      | 1946464      |
| train/                  |              |
|    approx_kl            | 0.0062291436 |
|    clip_fraction        | 0.0613       |
|    clip_range           | 0.2          |
|    entropy_loss         | -0.197       |
|    explained_variance   | 0.375        |
|    learning_rate        | 0.0003       |
|    loss                 | 233          |
|    n_updates            | 9490         |
|    policy_gradient_loss | -0.000364    |
|    value_loss           | 630          |
------------------------------------------
FruitCounts | {'Fruit': 0, 'DecayFruit': 20, 'EnemyFruit': 7} |
------------------------------------------
| rollout/                |              |
|    ep_len_mean          | 218          |
|    ep_rew_mean          | 390          |
| time/                   |              |
|    fps                  | 160          |
|    iterations           | 219          |
|    time_elapsed         | 2800         |
|    total_timesteps      | 1948512      |
| train/                  |              |
|    approx_kl            | 0.0068603037 |
|    clip_fraction        | 0.0578       |
|    clip_range           | 0.2          |
|    entropy_loss         | -0.204       |
|    explained_variance   | 0.247        |
|    learning_rate        | 0.0003       |
|    loss                 | 307          |
|    n_updates            | 9500         |
|    policy_gradient_loss | -0.00283     |
|    value_loss           | 986          |
------------------------------------------
FruitCounts | {'Fruit': 0, 'DecayFruit': 5, 'EnemyFruit': 1} |
------------------------------------------
| rollout/                |              |
|    ep_len_mean          | 220          |
|    ep_rew_mean          | 394          |
| time/                   |              |
|    fps                  | 160          |
|    iterations           | 220          |
|    time_elapsed         | 2813         |
|    total_timesteps      | 1950560      |
| train/                  |              |
|    approx_kl            | 0.0078679565 |
|    clip_fraction        | 0.0523       |
|    clip_range           | 0.2          |
|    entropy_loss         | -0.195       |
|    explained_variance   | 0.342        |
|    learning_rate        | 0.0003       |
|    loss                 | 360          |
|    n_updates            | 9510         |
|    policy_gradient_loss | -0.00245     |
|    value_loss           | 857          |
------------------------------------------
FruitCounts | {'Fruit': 0, 'DecayFruit': 10, 'EnemyFruit': 2} |
-----------------------------------------
| rollout/                |             |
|    ep_len_mean          | 220         |
|    ep_rew_mean          | 397         |
| time/                   |             |
|    fps                  | 160         |
|    iterations           | 221         |
|    time_elapsed         | 2828        |
|    total_timesteps      | 1952608     |
| train/                  |             |
|    approx_kl            | 0.011578614 |
|    clip_fraction        | 0.0723      |
|    clip_range           | 0.2         |
|    entropy_loss         | -0.199      |
|    explained_variance   | 0.354       |
|    learning_rate        | 0.0003      |
|    loss                 | 315         |
|    n_updates            | 9520        |
|    policy_gradient_loss | -0.00405    |
|    value_loss           | 972         |
-----------------------------------------
FruitCounts | {'Fruit': 1, 'DecayFruit': 12, 'EnemyFruit': 4} |
------------------------------------------
| rollout/                |              |
|    ep_len_mean          | 213          |
|    ep_rew_mean          | 388          |
| time/                   |              |
|    fps                  | 159          |
|    iterations           | 222          |
|    time_elapsed         | 2842         |
|    total_timesteps      | 1954656      |
| train/                  |              |
|    approx_kl            | 0.0049811285 |
|    clip_fraction        | 0.0518       |
|    clip_range           | 0.2          |
|    entropy_loss         | -0.195       |
|    explained_variance   | 0.314        |
|    learning_rate        | 0.0003       |
|    loss                 | 252          |
|    n_updates            | 9530         |
|    policy_gradient_loss | -0.00253     |
|    value_loss           | 1.35e+03     |
------------------------------------------
FruitCounts | {'Fruit': 0, 'DecayFruit': 0, 'EnemyFruit': 0} |
------------------------------------------
| rollout/                |              |
|    ep_len_mean          | 208          |
|    ep_rew_mean          | 377          |
| time/                   |              |
|    fps                  | 159          |
|    iterations           | 223          |
|    time_elapsed         | 2855         |
|    total_timesteps      | 1956704      |
| train/                  |              |
|    approx_kl            | 0.0077150087 |
|    clip_fraction        | 0.0566       |
|    clip_range           | 0.2          |
|    entropy_loss         | -0.19        |
|    explained_variance   | 0.296        |
|    learning_rate        | 0.0003       |
|    loss                 | 359          |
|    n_updates            | 9540         |
|    policy_gradient_loss | -0.00152     |
|    value_loss           | 1e+03        |
------------------------------------------
FruitCounts | {'Fruit': 0, 'DecayFruit': 1, 'EnemyFruit': 0} |
----------------------------------------
| rollout/                |            |
|    ep_len_mean          | 216        |
|    ep_rew_mean          | 385        |
| time/                   |            |
|    fps                  | 159        |
|    iterations           | 224        |
|    time_elapsed         | 2867       |
|    total_timesteps      | 1958752    |
| train/                  |            |
|    approx_kl            | 0.00623946 |
|    clip_fraction        | 0.0438     |
|    clip_range           | 0.2        |
|    entropy_loss         | -0.178     |
|    explained_variance   | 0.221      |
|    learning_rate        | 0.0003     |
|    loss                 | 458        |
|    n_updates            | 9550       |
|    policy_gradient_loss | -0.000872  |
|    value_loss           | 1.2e+03    |
----------------------------------------
FruitCounts | {'Fruit': 0, 'DecayFruit': 5, 'EnemyFruit': 0} |
-----------------------------------------
| rollout/                |             |
|    ep_len_mean          | 214         |
|    ep_rew_mean          | 394         |
| time/                   |             |
|    fps                  | 159         |
|    iterations           | 225         |
|    time_elapsed         | 2880        |
|    total_timesteps      | 1960800     |
| train/                  |             |
|    approx_kl            | 0.011077639 |
|    clip_fraction        | 0.052       |
|    clip_range           | 0.2         |
|    entropy_loss         | -0.192      |
|    explained_variance   | 0.26        |
|    learning_rate        | 0.0003      |
|    loss                 | 482         |
|    n_updates            | 9560        |
|    policy_gradient_loss | -0.00138    |
|    value_loss           | 986         |
-----------------------------------------
FruitCounts | {'Fruit': 0, 'DecayFruit': 7, 'EnemyFruit': 3} |
------------------------------------------
| rollout/                |              |
|    ep_len_mean          | 204          |
|    ep_rew_mean          | 383          |
| time/                   |              |
|    fps                  | 159          |
|    iterations           | 226          |
|    time_elapsed         | 2894         |
|    total_timesteps      | 1962848      |
| train/                  |              |
|    approx_kl            | 0.0060232077 |
|    clip_fraction        | 0.0502       |
|    clip_range           | 0.2          |
|    entropy_loss         | -0.195       |
|    explained_variance   | 0.326        |
|    learning_rate        | 0.0003       |
|    loss                 | 698          |
|    n_updates            | 9570         |
|    policy_gradient_loss | -0.00282     |
|    value_loss           | 1.47e+03     |
------------------------------------------
FruitCounts | {'Fruit': 0, 'DecayFruit': 9, 'EnemyFruit': 4} |
------------------------------------------
| rollout/                |              |
|    ep_len_mean          | 199          |
|    ep_rew_mean          | 390          |
| time/                   |              |
|    fps                  | 159          |
|    iterations           | 227          |
|    time_elapsed         | 2907         |
|    total_timesteps      | 1964896      |
| train/                  |              |
|    approx_kl            | 0.0061745103 |
|    clip_fraction        | 0.0593       |
|    clip_range           | 0.2          |
|    entropy_loss         | -0.208       |
|    explained_variance   | 0.273        |
|    learning_rate        | 0.0003       |
|    loss                 | 606          |
|    n_updates            | 9580         |
|    policy_gradient_loss | -0.000928    |
|    value_loss           | 1.25e+03     |
------------------------------------------
FruitCounts | {'Fruit': 0, 'DecayFruit': 7, 'EnemyFruit': 3} |
------------------------------------------
| rollout/                |              |
|    ep_len_mean          | 209          |
|    ep_rew_mean          | 398          |
| time/                   |              |
|    fps                  | 159          |
|    iterations           | 228          |
|    time_elapsed         | 2921         |
|    total_timesteps      | 1966944      |
| train/                  |              |
|    approx_kl            | 0.0047384226 |
|    clip_fraction        | 0.0432       |
|    clip_range           | 0.2          |
|    entropy_loss         | -0.182       |
|    explained_variance   | 0.342        |
|    learning_rate        | 0.0003       |
|    loss                 | 658          |
|    n_updates            | 9590         |
|    policy_gradient_loss | -0.00248     |
|    value_loss           | 1.49e+03     |
------------------------------------------
FruitCounts | {'Fruit': 0, 'DecayFruit': 2, 'EnemyFruit': 0} |
------------------------------------------
| rollout/                |              |
|    ep_len_mean          | 199          |
|    ep_rew_mean          | 396          |
| time/                   |              |
|    fps                  | 159          |
|    iterations           | 229          |
|    time_elapsed         | 2935         |
|    total_timesteps      | 1968992      |
| train/                  |              |
|    approx_kl            | 0.0071481317 |
|    clip_fraction        | 0.0666       |
|    clip_range           | 0.2          |
|    entropy_loss         | -0.183       |
|    explained_variance   | 0.188        |
|    learning_rate        | 0.0003       |
|    loss                 | 604          |
|    n_updates            | 9600         |
|    policy_gradient_loss | -0.00199     |
|    value_loss           | 976          |
------------------------------------------
FruitCounts | {'Fruit': 0, 'DecayFruit': 7, 'EnemyFruit': 2} |
------------------------------------------
| rollout/                |              |
|    ep_len_mean          | 195          |
|    ep_rew_mean          | 391          |
| time/                   |              |
|    fps                  | 159          |
|    iterations           | 230          |
|    time_elapsed         | 2950         |
|    total_timesteps      | 1971040      |
| train/                  |              |
|    approx_kl            | 0.0027985084 |
|    clip_fraction        | 0.0324       |
|    clip_range           | 0.2          |
|    entropy_loss         | -0.196       |
|    explained_variance   | 0.374        |
|    learning_rate        | 0.0003       |
|    loss                 | 508          |
|    n_updates            | 9610         |
|    policy_gradient_loss | -0.000314    |
|    value_loss           | 1.08e+03     |
------------------------------------------
FruitCounts | {'Fruit': 0, 'DecayFruit': 0, 'EnemyFruit': 0} |
------------------------------------------
| rollout/                |              |
|    ep_len_mean          | 204          |
|    ep_rew_mean          | 398          |
| time/                   |              |
|    fps                  | 159          |
|    iterations           | 231          |
|    time_elapsed         | 2963         |
|    total_timesteps      | 1973088      |
| train/                  |              |
|    approx_kl            | 0.0056328643 |
|    clip_fraction        | 0.0617       |
|    clip_range           | 0.2          |
|    entropy_loss         | -0.186       |
|    explained_variance   | 0.309        |
|    learning_rate        | 0.0003       |
|    loss                 | 495          |
|    n_updates            | 9620         |
|    policy_gradient_loss | -0.00103     |
|    value_loss           | 1.43e+03     |
------------------------------------------
FruitCounts | {'Fruit': 0, 'DecayFruit': 5, 'EnemyFruit': 0} |
------------------------------------------
| rollout/                |              |
|    ep_len_mean          | 206          |
|    ep_rew_mean          | 398          |
| time/                   |              |
|    fps                  | 159          |
|    iterations           | 232          |
|    time_elapsed         | 2976         |
|    total_timesteps      | 1975136      |
| train/                  |              |
|    approx_kl            | 0.0054761125 |
|    clip_fraction        | 0.0478       |
|    clip_range           | 0.2          |
|    entropy_loss         | -0.174       |
|    explained_variance   | 0.264        |
|    learning_rate        | 0.0003       |
|    loss                 | 164          |
|    n_updates            | 9630         |
|    policy_gradient_loss | -0.000146    |
|    value_loss           | 919          |
------------------------------------------
FruitCounts | {'Fruit': 0, 'DecayFruit': 8, 'EnemyFruit': 1} |
------------------------------------------
| rollout/                |              |
|    ep_len_mean          | 208          |
|    ep_rew_mean          | 399          |
| time/                   |              |
|    fps                  | 159          |
|    iterations           | 233          |
|    time_elapsed         | 2989         |
|    total_timesteps      | 1977184      |
| train/                  |              |
|    approx_kl            | 0.0053837183 |
|    clip_fraction        | 0.0472       |
|    clip_range           | 0.2          |
|    entropy_loss         | -0.169       |
|    explained_variance   | 0.388        |
|    learning_rate        | 0.0003       |
|    loss                 | 432          |
|    n_updates            | 9640         |
|    policy_gradient_loss | 0.00028      |
|    value_loss           | 846          |
------------------------------------------
FruitCounts | {'Fruit': 0, 'DecayFruit': 9, 'EnemyFruit': 2} |
----------------------------------------
| rollout/                |            |
|    ep_len_mean          | 203        |
|    ep_rew_mean          | 392        |
| time/                   |            |
|    fps                  | 159        |
|    iterations           | 234        |
|    time_elapsed         | 3002       |
|    total_timesteps      | 1979232    |
| train/                  |            |
|    approx_kl            | 0.01366044 |
|    clip_fraction        | 0.0596     |
|    clip_range           | 0.2        |
|    entropy_loss         | -0.186     |
|    explained_variance   | 0.189      |
|    learning_rate        | 0.0003     |
|    loss                 | 422        |
|    n_updates            | 9650       |
|    policy_gradient_loss | 0.00234    |
|    value_loss           | 1.15e+03   |
----------------------------------------
FruitCounts | {'Fruit': 0, 'DecayFruit': 3, 'EnemyFruit': 0} |
------------------------------------------
| rollout/                |              |
|    ep_len_mean          | 202          |
|    ep_rew_mean          | 391          |
| time/                   |              |
|    fps                  | 159          |
|    iterations           | 235          |
|    time_elapsed         | 3017         |
|    total_timesteps      | 1981280      |
| train/                  |              |
|    approx_kl            | 0.0069967406 |
|    clip_fraction        | 0.0413       |
|    clip_range           | 0.2          |
|    entropy_loss         | -0.186       |
|    explained_variance   | 0.315        |
|    learning_rate        | 0.0003       |
|    loss                 | 373          |
|    n_updates            | 9660         |
|    policy_gradient_loss | -0.000582    |
|    value_loss           | 857          |
------------------------------------------
FruitCounts | {'Fruit': 0, 'DecayFruit': 4, 'EnemyFruit': 0} |
------------------------------------------
| rollout/                |              |
|    ep_len_mean          | 209          |
|    ep_rew_mean          | 399          |
| time/                   |              |
|    fps                  | 159          |
|    iterations           | 236          |
|    time_elapsed         | 3030         |
|    total_timesteps      | 1983328      |
| train/                  |              |
|    approx_kl            | 0.0042062476 |
|    clip_fraction        | 0.0497       |
|    clip_range           | 0.2          |
|    entropy_loss         | -0.178       |
|    explained_variance   | 0.281        |
|    learning_rate        | 0.0003       |
|    loss                 | 555          |
|    n_updates            | 9670         |
|    policy_gradient_loss | -0.000858    |
|    value_loss           | 1.23e+03     |
------------------------------------------
FruitCounts | {'Fruit': 0, 'DecayFruit': 5, 'EnemyFruit': 1} |
------------------------------------------
| rollout/                |              |
|    ep_len_mean          | 207          |
|    ep_rew_mean          | 377          |
| time/                   |              |
|    fps                  | 159          |
|    iterations           | 237          |
|    time_elapsed         | 3043         |
|    total_timesteps      | 1985376      |
| train/                  |              |
|    approx_kl            | 0.0070301928 |
|    clip_fraction        | 0.0662       |
|    clip_range           | 0.2          |
|    entropy_loss         | -0.173       |
|    explained_variance   | 0.352        |
|    learning_rate        | 0.0003       |
|    loss                 | 308          |
|    n_updates            | 9680         |
|    policy_gradient_loss | -0.000579    |
|    value_loss           | 843          |
------------------------------------------
FruitCounts | {'Fruit': 1, 'DecayFruit': 7, 'EnemyFruit': 2} |
------------------------------------------
| rollout/                |              |
|    ep_len_mean          | 207          |
|    ep_rew_mean          | 377          |
| time/                   |              |
|    fps                  | 159          |
|    iterations           | 238          |
|    time_elapsed         | 3057         |
|    total_timesteps      | 1987424      |
| train/                  |              |
|    approx_kl            | 0.0058790245 |
|    clip_fraction        | 0.0478       |
|    clip_range           | 0.2          |
|    entropy_loss         | -0.181       |
|    explained_variance   | 0.437        |
|    learning_rate        | 0.0003       |
|    loss                 | 352          |
|    n_updates            | 9690         |
|    policy_gradient_loss | -0.00185     |
|    value_loss           | 786          |
------------------------------------------
FruitCounts | {'Fruit': 0, 'DecayFruit': 9, 'EnemyFruit': 5} |
-----------------------------------------
| rollout/                |             |
|    ep_len_mean          | 206         |
|    ep_rew_mean          | 370         |
| time/                   |             |
|    fps                  | 159         |
|    iterations           | 239         |
|    time_elapsed         | 3070        |
|    total_timesteps      | 1989472     |
| train/                  |             |
|    approx_kl            | 0.009884748 |
|    clip_fraction        | 0.0474      |
|    clip_range           | 0.2         |
|    entropy_loss         | -0.169      |
|    explained_variance   | 0.279       |
|    learning_rate        | 0.0003      |
|    loss                 | 358         |
|    n_updates            | 9700        |
|    policy_gradient_loss | -0.00241    |
|    value_loss           | 726         |
-----------------------------------------
FruitCounts | {'Fruit': 1, 'DecayFruit': 7, 'EnemyFruit': 3} |
-----------------------------------------
| rollout/                |             |
|    ep_len_mean          | 206         |
|    ep_rew_mean          | 359         |
| time/                   |             |
|    fps                  | 159         |
|    iterations           | 240         |
|    time_elapsed         | 3084        |
|    total_timesteps      | 1991520     |
| train/                  |             |
|    approx_kl            | 0.009342035 |
|    clip_fraction        | 0.0655      |
|    clip_range           | 0.2         |
|    entropy_loss         | -0.197      |
|    explained_variance   | 0.216       |
|    learning_rate        | 0.0003      |
|    loss                 | 381         |
|    n_updates            | 9710        |
|    policy_gradient_loss | -0.000244   |
|    value_loss           | 1.03e+03    |
-----------------------------------------
FruitCounts | {'Fruit': 0, 'DecayFruit': 8, 'EnemyFruit': 1} |
-----------------------------------------
| rollout/                |             |
|    ep_len_mean          | 206         |
|    ep_rew_mean          | 362         |
| time/                   |             |
|    fps                  | 159         |
|    iterations           | 241         |
|    time_elapsed         | 3096        |
|    total_timesteps      | 1993568     |
| train/                  |             |
|    approx_kl            | 0.007334852 |
|    clip_fraction        | 0.0542      |
|    clip_range           | 0.2         |
|    entropy_loss         | -0.175      |
|    explained_variance   | 0.328       |
|    learning_rate        | 0.0003      |
|    loss                 | 304         |
|    n_updates            | 9720        |
|    policy_gradient_loss | -0.00291    |
|    value_loss           | 900         |
-----------------------------------------
FruitCounts | {'Fruit': 0, 'DecayFruit': 8, 'EnemyFruit': 3} |
-----------------------------------------
| rollout/                |             |
|    ep_len_mean          | 211         |
|    ep_rew_mean          | 366         |
| time/                   |             |
|    fps                  | 159         |
|    iterations           | 242         |
|    time_elapsed         | 3109        |
|    total_timesteps      | 1995616     |
| train/                  |             |
|    approx_kl            | 0.006817474 |
|    clip_fraction        | 0.0507      |
|    clip_range           | 0.2         |
|    entropy_loss         | -0.182      |
|    explained_variance   | 0.304       |
|    learning_rate        | 0.0003      |
|    loss                 | 319         |
|    n_updates            | 9730        |
|    policy_gradient_loss | -0.00235    |
|    value_loss           | 857         |
-----------------------------------------
FruitCounts | {'Fruit': 0, 'DecayFruit': 1, 'EnemyFruit': 0} |
------------------------------------------
| rollout/                |              |
|    ep_len_mean          | 214          |
|    ep_rew_mean          | 377          |
| time/                   |              |
|    fps                  | 159          |
|    iterations           | 243          |
|    time_elapsed         | 3123         |
|    total_timesteps      | 1997664      |
| train/                  |              |
|    approx_kl            | 0.0045913793 |
|    clip_fraction        | 0.0461       |
|    clip_range           | 0.2          |
|    entropy_loss         | -0.183       |
|    explained_variance   | 0.335        |
|    learning_rate        | 0.0003       |
|    loss                 | 312          |
|    n_updates            | 9740         |
|    policy_gradient_loss | -0.00273     |
|    value_loss           | 866          |
------------------------------------------
FruitCounts | {'Fruit': 1, 'DecayFruit': 1, 'EnemyFruit': 1} |
------------------------------------------
| rollout/                |              |
|    ep_len_mean          | 211          |
|    ep_rew_mean          | 369          |
| time/                   |              |
|    fps                  | 159          |
|    iterations           | 244          |
|    time_elapsed         | 3136         |
|    total_timesteps      | 1999712      |
| train/                  |              |
|    approx_kl            | 0.0056068636 |
|    clip_fraction        | 0.0618       |
|    clip_range           | 0.2          |
|    entropy_loss         | -0.213       |
|    explained_variance   | 0.107        |
|    learning_rate        | 0.0003       |
|    loss                 | 438          |
|    n_updates            | 9750         |
|    policy_gradient_loss | 0.00482      |
|    value_loss           | 1.09e+03     |
------------------------------------------
FruitCounts | {'Fruit': 0, 'DecayFruit': 2, 'EnemyFruit': 0} |
-----------------------------------------
| rollout/                |             |
|    ep_len_mean          | 212         |
|    ep_rew_mean          | 363         |
| time/                   |             |
|    fps                  | 159         |
|    iterations           | 245         |
|    time_elapsed         | 3150        |
|    total_timesteps      | 2001760     |
| train/                  |             |
|    approx_kl            | 0.022529524 |
|    clip_fraction        | 0.12        |
|    clip_range           | 0.2         |
|    entropy_loss         | -0.186      |
|    explained_variance   | 0.33        |
|    learning_rate        | 0.0003      |
|    loss                 | 377         |
|    n_updates            | 9760        |
|    policy_gradient_loss | 0.0317      |
|    value_loss           | 972         |
-----------------------------------------
FruitCounts | {'Fruit': 0, 'DecayFruit': 11, 'EnemyFruit': 0} |
------------------------------------------
| rollout/                |              |
|    ep_len_mean          | 197          |
|    ep_rew_mean          | 342          |
| time/                   |              |
|    fps                  | 159          |
|    iterations           | 246          |
|    time_elapsed         | 3165         |
|    total_timesteps      | 2003808      |
| train/                  |              |
|    approx_kl            | 0.0044943225 |
|    clip_fraction        | 0.0432       |
|    clip_range           | 0.2          |
|    entropy_loss         | -0.188       |
|    explained_variance   | 0.339        |
|    learning_rate        | 0.0003       |
|    loss                 | 585          |
|    n_updates            | 9770         |
|    policy_gradient_loss | -0.0043      |
|    value_loss           | 1.25e+03     |
------------------------------------------
FruitCounts | {'Fruit': 0, 'DecayFruit': 4, 'EnemyFruit': 0} |
-----------------------------------------
| rollout/                |             |
|    ep_len_mean          | 199         |
|    ep_rew_mean          | 355         |
| time/                   |             |
|    fps                  | 159         |
|    iterations           | 247         |
|    time_elapsed         | 3179        |
|    total_timesteps      | 2005856     |
| train/                  |             |
|    approx_kl            | 0.005583401 |
|    clip_fraction        | 0.0422      |
|    clip_range           | 0.2         |
|    entropy_loss         | -0.186      |
|    explained_variance   | 0.216       |
|    learning_rate        | 0.0003      |
|    loss                 | 252         |
|    n_updates            | 9780        |
|    policy_gradient_loss | -0.00386    |
|    value_loss           | 1.15e+03    |
-----------------------------------------
FruitCounts | {'Fruit': 0, 'DecayFruit': 4, 'EnemyFruit': 2} |
-----------------------------------------
| rollout/                |             |
|    ep_len_mean          | 199         |
|    ep_rew_mean          | 361         |
| time/                   |             |
|    fps                  | 159         |
|    iterations           | 248         |
|    time_elapsed         | 3194        |
|    total_timesteps      | 2007904     |
| train/                  |             |
|    approx_kl            | 0.004909346 |
|    clip_fraction        | 0.0351      |
|    clip_range           | 0.2         |
|    entropy_loss         | -0.18       |
|    explained_variance   | 0.293       |
|    learning_rate        | 0.0003      |
|    loss                 | 245         |
|    n_updates            | 9790        |
|    policy_gradient_loss | -0.00273    |
|    value_loss           | 1.14e+03    |
-----------------------------------------
FruitCounts | {'Fruit': 0, 'DecayFruit': 4, 'EnemyFruit': 3} |
-----------------------------------------
| rollout/                |             |
|    ep_len_mean          | 200         |
|    ep_rew_mean          | 366         |
| time/                   |             |
|    fps                  | 158         |
|    iterations           | 249         |
|    time_elapsed         | 3207        |
|    total_timesteps      | 2009952     |
| train/                  |             |
|    approx_kl            | 0.009176094 |
|    clip_fraction        | 0.0531      |
|    clip_range           | 0.2         |
|    entropy_loss         | -0.205      |
|    explained_variance   | 0.337       |
|    learning_rate        | 0.0003      |
|    loss                 | 469         |
|    n_updates            | 9800        |
|    policy_gradient_loss | -0.0037     |
|    value_loss           | 1.14e+03    |
-----------------------------------------
FruitCounts | {'Fruit': 0, 'DecayFruit': 6, 'EnemyFruit': 1} |
----------------------------------------
| rollout/                |            |
|    ep_len_mean          | 200        |
|    ep_rew_mean          | 380        |
| time/                   |            |
|    fps                  | 158        |
|    iterations           | 250        |
|    time_elapsed         | 3221       |
|    total_timesteps      | 2012000    |
| train/                  |            |
|    approx_kl            | 0.00756421 |
|    clip_fraction        | 0.055      |
|    clip_range           | 0.2        |
|    entropy_loss         | -0.192     |
|    explained_variance   | 0.268      |
|    learning_rate        | 0.0003     |
|    loss                 | 436        |
|    n_updates            | 9810       |
|    policy_gradient_loss | -0.00452   |
|    value_loss           | 935        |
----------------------------------------
FruitCounts | {'Fruit': 0, 'DecayFruit': 1, 'EnemyFruit': 0} |
-----------------------------------------
| rollout/                |             |
|    ep_len_mean          | 194         |
|    ep_rew_mean          | 372         |
| time/                   |             |
|    fps                  | 158         |
|    iterations           | 251         |
|    time_elapsed         | 3235        |
|    total_timesteps      | 2014048     |
| train/                  |             |
|    approx_kl            | 0.008243942 |
|    clip_fraction        | 0.0446      |
|    clip_range           | 0.2         |
|    entropy_loss         | -0.177      |
|    explained_variance   | 0.253       |
|    learning_rate        | 0.0003      |
|    loss                 | 318         |
|    n_updates            | 9820        |
|    policy_gradient_loss | -0.000244   |
|    value_loss           | 1.07e+03    |
-----------------------------------------
FruitCounts | {'Fruit': 0, 'DecayFruit': 3, 'EnemyFruit': 1} |
-----------------------------------------
| rollout/                |             |
|    ep_len_mean          | 194         |
|    ep_rew_mean          | 380         |
| time/                   |             |
|    fps                  | 158         |
|    iterations           | 252         |
|    time_elapsed         | 3249        |
|    total_timesteps      | 2016096     |
| train/                  |             |
|    approx_kl            | 0.009807402 |
|    clip_fraction        | 0.0682      |
|    clip_range           | 0.2         |
|    entropy_loss         | -0.187      |
|    explained_variance   | 0.31        |
|    learning_rate        | 0.0003      |
|    loss                 | 277         |
|    n_updates            | 9830        |
|    policy_gradient_loss | -0.000192   |
|    value_loss           | 947         |
-----------------------------------------
FruitCounts | {'Fruit': 0, 'DecayFruit': 5, 'EnemyFruit': 3} |
-----------------------------------------
| rollout/                |             |
|    ep_len_mean          | 189         |
|    ep_rew_mean          | 382         |
| time/                   |             |
|    fps                  | 158         |
|    iterations           | 253         |
|    time_elapsed         | 3263        |
|    total_timesteps      | 2018144     |
| train/                  |             |
|    approx_kl            | 0.005994242 |
|    clip_fraction        | 0.0449      |
|    clip_range           | 0.2         |
|    entropy_loss         | -0.198      |
|    explained_variance   | 0.309       |
|    learning_rate        | 0.0003      |
|    loss                 | 376         |
|    n_updates            | 9840        |
|    policy_gradient_loss | -0.00376    |
|    value_loss           | 1.3e+03     |
-----------------------------------------
FruitCounts | {'Fruit': 0, 'DecayFruit': 0, 'EnemyFruit': 0} |
-----------------------------------------
| rollout/                |             |
|    ep_len_mean          | 198         |
|    ep_rew_mean          | 394         |
| time/                   |             |
|    fps                  | 158         |
|    iterations           | 254         |
|    time_elapsed         | 3277        |
|    total_timesteps      | 2020192     |
| train/                  |             |
|    approx_kl            | 0.005489692 |
|    clip_fraction        | 0.0384      |
|    clip_range           | 0.2         |
|    entropy_loss         | -0.197      |
|    explained_variance   | 0.22        |
|    learning_rate        | 0.0003      |
|    loss                 | 1.01e+03    |
|    n_updates            | 9850        |
|    policy_gradient_loss | -0.00225    |
|    value_loss           | 1.48e+03    |
-----------------------------------------
FruitCounts | {'Fruit': 0, 'DecayFruit': 7, 'EnemyFruit': 3} |
-----------------------------------------
| rollout/                |             |
|    ep_len_mean          | 195         |
|    ep_rew_mean          | 402         |
| time/                   |             |
|    fps                  | 158         |
|    iterations           | 255         |
|    time_elapsed         | 3290        |
|    total_timesteps      | 2022240     |
| train/                  |             |
|    approx_kl            | 0.005282269 |
|    clip_fraction        | 0.0437      |
|    clip_range           | 0.2         |
|    entropy_loss         | -0.179      |
|    explained_variance   | 0.283       |
|    learning_rate        | 0.0003      |
|    loss                 | 649         |
|    n_updates            | 9860        |
|    policy_gradient_loss | -0.00133    |
|    value_loss           | 1.12e+03    |
-----------------------------------------
FruitCounts | {'Fruit': 1, 'DecayFruit': 12, 'EnemyFruit': 2} |
-----------------------------------------
| rollout/                |             |
|    ep_len_mean          | 199         |
|    ep_rew_mean          | 406         |
| time/                   |             |
|    fps                  | 158         |
|    iterations           | 256         |
|    time_elapsed         | 3304        |
|    total_timesteps      | 2024288     |
| train/                  |             |
|    approx_kl            | 0.009016744 |
|    clip_fraction        | 0.0461      |
|    clip_range           | 0.2         |
|    entropy_loss         | -0.187      |
|    explained_variance   | 0.272       |
|    learning_rate        | 0.0003      |
|    loss                 | 352         |
|    n_updates            | 9870        |
|    policy_gradient_loss | -0.000773   |
|    value_loss           | 1.23e+03    |
-----------------------------------------
FruitCounts | {'Fruit': 0, 'DecayFruit': 4, 'EnemyFruit': 1} |
-----------------------------------------
| rollout/                |             |
|    ep_len_mean          | 199         |
|    ep_rew_mean          | 412         |
| time/                   |             |
|    fps                  | 158         |
|    iterations           | 257         |
|    time_elapsed         | 3317        |
|    total_timesteps      | 2026336     |
| train/                  |             |
|    approx_kl            | 0.004951941 |
|    clip_fraction        | 0.0494      |
|    clip_range           | 0.2         |
|    entropy_loss         | -0.179      |
|    explained_variance   | 0.275       |
|    learning_rate        | 0.0003      |
|    loss                 | 511         |
|    n_updates            | 9880        |
|    policy_gradient_loss | -0.00198    |
|    value_loss           | 1.01e+03    |
-----------------------------------------
FruitCounts | {'Fruit': 1, 'DecayFruit': 0, 'EnemyFruit': 0} |
------------------------------------------
| rollout/                |              |
|    ep_len_mean          | 192          |
|    ep_rew_mean          | 398          |
| time/                   |              |
|    fps                  | 158          |
|    iterations           | 258          |
|    time_elapsed         | 3333         |
|    total_timesteps      | 2028384      |
| train/                  |              |
|    approx_kl            | 0.0038642832 |
|    clip_fraction        | 0.0333       |
|    clip_range           | 0.2          |
|    entropy_loss         | -0.166       |
|    explained_variance   | 0.344        |
|    learning_rate        | 0.0003       |
|    loss                 | 667          |
|    n_updates            | 9890         |
|    policy_gradient_loss | -0.00178     |
|    value_loss           | 1.26e+03     |
------------------------------------------
FruitCounts | {'Fruit': 0, 'DecayFruit': 0, 'EnemyFruit': 0} |
------------------------------------------
| rollout/                |              |
|    ep_len_mean          | 188          |
|    ep_rew_mean          | 386          |
| time/                   |              |
|    fps                  | 158          |
|    iterations           | 259          |
|    time_elapsed         | 3347         |
|    total_timesteps      | 2030432      |
| train/                  |              |
|    approx_kl            | 0.0077324207 |
|    clip_fraction        | 0.0548       |
|    clip_range           | 0.2          |
|    entropy_loss         | -0.178       |
|    explained_variance   | 0.235        |
|    learning_rate        | 0.0003       |
|    loss                 | 341          |
|    n_updates            | 9900         |
|    policy_gradient_loss | -0.00142     |
|    value_loss           | 1.12e+03     |
------------------------------------------
FruitCounts | {'Fruit': 0, 'DecayFruit': 6, 'EnemyFruit': 5} |
-----------------------------------------
| rollout/                |             |
|    ep_len_mean          | 194         |
|    ep_rew_mean          | 391         |
| time/                   |             |
|    fps                  | 158         |
|    iterations           | 260         |
|    time_elapsed         | 3360        |
|    total_timesteps      | 2032480     |
| train/                  |             |
|    approx_kl            | 0.007006881 |
|    clip_fraction        | 0.0472      |
|    clip_range           | 0.2         |
|    entropy_loss         | -0.189      |
|    explained_variance   | 0.355       |
|    learning_rate        | 0.0003      |
|    loss                 | 505         |
|    n_updates            | 9910        |
|    policy_gradient_loss | -0.0022     |
|    value_loss           | 1.13e+03    |
-----------------------------------------
FruitCounts | {'Fruit': 0, 'DecayFruit': 3, 'EnemyFruit': 1} |
-----------------------------------------
| rollout/                |             |
|    ep_len_mean          | 197         |
|    ep_rew_mean          | 389         |
| time/                   |             |
|    fps                  | 158         |
|    iterations           | 261         |
|    time_elapsed         | 3374        |
|    total_timesteps      | 2034528     |
| train/                  |             |
|    approx_kl            | 0.006606424 |
|    clip_fraction        | 0.0592      |
|    clip_range           | 0.2         |
|    entropy_loss         | -0.193      |
|    explained_variance   | 0.321       |
|    learning_rate        | 0.0003      |
|    loss                 | 362         |
|    n_updates            | 9920        |
|    policy_gradient_loss | -0.000566   |
|    value_loss           | 950         |
-----------------------------------------
FruitCounts | {'Fruit': 0, 'DecayFruit': 12, 'EnemyFruit': 3} |
-----------------------------------------
| rollout/                |             |
|    ep_len_mean          | 188         |
|    ep_rew_mean          | 355         |
| time/                   |             |
|    fps                  | 158         |
|    iterations           | 262         |
|    time_elapsed         | 3388        |
|    total_timesteps      | 2036576     |
| train/                  |             |
|    approx_kl            | 0.006738277 |
|    clip_fraction        | 0.0606      |
|    clip_range           | 0.2         |
|    entropy_loss         | -0.204      |
|    explained_variance   | 0.235       |
|    learning_rate        | 0.0003      |
|    loss                 | 312         |
|    n_updates            | 9930        |
|    policy_gradient_loss | -0.00119    |
|    value_loss           | 817         |
-----------------------------------------
FruitCounts | {'Fruit': 0, 'DecayFruit': 9, 'EnemyFruit': 4} |
-----------------------------------------
| rollout/                |             |
|    ep_len_mean          | 192         |
|    ep_rew_mean          | 370         |
| time/                   |             |
|    fps                  | 158         |
|    iterations           | 263         |
|    time_elapsed         | 3402        |
|    total_timesteps      | 2038624     |
| train/                  |             |
|    approx_kl            | 0.007731933 |
|    clip_fraction        | 0.0657      |
|    clip_range           | 0.2         |
|    entropy_loss         | -0.185      |
|    explained_variance   | 0.103       |
|    learning_rate        | 0.0003      |
|    loss                 | 565         |
|    n_updates            | 9940        |
|    policy_gradient_loss | -3.18e-05   |
|    value_loss           | 1.17e+03    |
-----------------------------------------
FruitCounts | {'Fruit': 0, 'DecayFruit': 4, 'EnemyFruit': 3} |
-----------------------------------------
| rollout/                |             |
|    ep_len_mean          | 191         |
|    ep_rew_mean          | 349         |
| time/                   |             |
|    fps                  | 158         |
|    iterations           | 264         |
|    time_elapsed         | 3417        |
|    total_timesteps      | 2040672     |
| train/                  |             |
|    approx_kl            | 0.010572794 |
|    clip_fraction        | 0.067       |
|    clip_range           | 0.2         |
|    entropy_loss         | -0.194      |
|    explained_variance   | 0.327       |
|    learning_rate        | 0.0003      |
|    loss                 | 542         |
|    n_updates            | 9950        |
|    policy_gradient_loss | -0.00329    |
|    value_loss           | 1.18e+03    |
-----------------------------------------
FruitCounts | {'Fruit': 0, 'DecayFruit': 1, 'EnemyFruit': 0} |
-----------------------------------------
| rollout/                |             |
|    ep_len_mean          | 191         |
|    ep_rew_mean          | 349         |
| time/                   |             |
|    fps                  | 158         |
|    iterations           | 265         |
|    time_elapsed         | 3433        |
|    total_timesteps      | 2042720     |
| train/                  |             |
|    approx_kl            | 0.009312264 |
|    clip_fraction        | 0.0616      |
|    clip_range           | 0.2         |
|    entropy_loss         | -0.194      |
|    explained_variance   | 0.26        |
|    learning_rate        | 0.0003      |
|    loss                 | 252         |
|    n_updates            | 9960        |
|    policy_gradient_loss | -0.00316    |
|    value_loss           | 755         |
-----------------------------------------
FruitCounts | {'Fruit': 0, 'DecayFruit': 7, 'EnemyFruit': 0} |
-----------------------------------------
| rollout/                |             |
|    ep_len_mean          | 194         |
|    ep_rew_mean          | 346         |
| time/                   |             |
|    fps                  | 158         |
|    iterations           | 266         |
|    time_elapsed         | 3446        |
|    total_timesteps      | 2044768     |
| train/                  |             |
|    approx_kl            | 0.008011911 |
|    clip_fraction        | 0.0511      |
|    clip_range           | 0.2         |
|    entropy_loss         | -0.195      |
|    explained_variance   | 0.314       |
|    learning_rate        | 0.0003      |
|    loss                 | 379         |
|    n_updates            | 9970        |
|    policy_gradient_loss | -0.001      |
|    value_loss           | 1.35e+03    |
-----------------------------------------
FruitCounts | {'Fruit': 0, 'DecayFruit': 1, 'EnemyFruit': 0} |
------------------------------------------
| rollout/                |              |
|    ep_len_mean          | 202          |
|    ep_rew_mean          | 356          |
| time/                   |              |
|    fps                  | 158          |
|    iterations           | 267          |
|    time_elapsed         | 3459         |
|    total_timesteps      | 2046816      |
| train/                  |              |
|    approx_kl            | 0.0046090656 |
|    clip_fraction        | 0.036        |
|    clip_range           | 0.2          |
|    entropy_loss         | -0.195       |
|    explained_variance   | 0.278        |
|    learning_rate        | 0.0003       |
|    loss                 | 298          |
|    n_updates            | 9980         |
|    policy_gradient_loss | -0.00136     |
|    value_loss           | 1.05e+03     |
------------------------------------------
FruitCounts | {'Fruit': 0, 'DecayFruit': 4, 'EnemyFruit': 0} |
------------------------------------------
| rollout/                |              |
|    ep_len_mean          | 209          |
|    ep_rew_mean          | 370          |
| time/                   |              |
|    fps                  | 158          |
|    iterations           | 268          |
|    time_elapsed         | 3472         |
|    total_timesteps      | 2048864      |
| train/                  |              |
|    approx_kl            | 0.0053481255 |
|    clip_fraction        | 0.0474       |
|    clip_range           | 0.2          |
|    entropy_loss         | -0.176       |
|    explained_variance   | 0.366        |
|    learning_rate        | 0.0003       |
|    loss                 | 301          |
|    n_updates            | 9990         |
|    policy_gradient_loss | -0.000386    |
|    value_loss           | 942          |
------------------------------------------
FruitCounts | {'Fruit': 0, 'DecayFruit': 8, 'EnemyFruit': 2} |
-----------------------------------------
| rollout/                |             |
|    ep_len_mean          | 217         |
|    ep_rew_mean          | 378         |
| time/                   |             |
|    fps                  | 158         |
|    iterations           | 269         |
|    time_elapsed         | 3484        |
|    total_timesteps      | 2050912     |
| train/                  |             |
|    approx_kl            | 0.009525665 |
|    clip_fraction        | 0.0549      |
|    clip_range           | 0.2         |
|    entropy_loss         | -0.186      |
|    explained_variance   | 0.308       |
|    learning_rate        | 0.0003      |
|    loss                 | 293         |
|    n_updates            | 10000       |
|    policy_gradient_loss | -0.00104    |
|    value_loss           | 985         |
-----------------------------------------
FruitCounts | {'Fruit': 0, 'DecayFruit': 3, 'EnemyFruit': 1} |
------------------------------------------
| rollout/                |              |
|    ep_len_mean          | 224          |
|    ep_rew_mean          | 397          |
| time/                   |              |
|    fps                  | 158          |
|    iterations           | 270          |
|    time_elapsed         | 3498         |
|    total_timesteps      | 2052960      |
| train/                  |              |
|    approx_kl            | 0.0065380144 |
|    clip_fraction        | 0.0577       |
|    clip_range           | 0.2          |
|    entropy_loss         | -0.189       |
|    explained_variance   | 0.41         |
|    learning_rate        | 0.0003       |
|    loss                 | 194          |
|    n_updates            | 10010        |
|    policy_gradient_loss | 0.000988     |
|    value_loss           | 794          |
------------------------------------------
FruitCounts | {'Fruit': 0, 'DecayFruit': 13, 'EnemyFruit': 4} |
------------------------------------------
| rollout/                |              |
|    ep_len_mean          | 223          |
|    ep_rew_mean          | 394          |
| time/                   |              |
|    fps                  | 158          |
|    iterations           | 271          |
|    time_elapsed         | 3510         |
|    total_timesteps      | 2055008      |
| train/                  |              |
|    approx_kl            | 0.0059043085 |
|    clip_fraction        | 0.0426       |
|    clip_range           | 0.2          |
|    entropy_loss         | -0.181       |
|    explained_variance   | 0.381        |
|    learning_rate        | 0.0003       |
|    loss                 | 560          |
|    n_updates            | 10020        |
|    policy_gradient_loss | -0.00227     |
|    value_loss           | 1.01e+03     |
------------------------------------------
FruitCounts | {'Fruit': 0, 'DecayFruit': 5, 'EnemyFruit': 0} |
-----------------------------------------
| rollout/                |             |
|    ep_len_mean          | 216         |
|    ep_rew_mean          | 394         |
| time/                   |             |
|    fps                  | 158         |
|    iterations           | 272         |
|    time_elapsed         | 3524        |
|    total_timesteps      | 2057056     |
| train/                  |             |
|    approx_kl            | 0.005156709 |
|    clip_fraction        | 0.047       |
|    clip_range           | 0.2         |
|    entropy_loss         | -0.168      |
|    explained_variance   | 0.36        |
|    learning_rate        | 0.0003      |
|    loss                 | 154         |
|    n_updates            | 10030       |
|    policy_gradient_loss | -0.00214    |
|    value_loss           | 820         |
-----------------------------------------
FruitCounts | {'Fruit': 0, 'DecayFruit': 1, 'EnemyFruit': 0} |
-----------------------------------------
| rollout/                |             |
|    ep_len_mean          | 224         |
|    ep_rew_mean          | 400         |
| time/                   |             |
|    fps                  | 158         |
|    iterations           | 273         |
|    time_elapsed         | 3537        |
|    total_timesteps      | 2059104     |
| train/                  |             |
|    approx_kl            | 0.004570941 |
|    clip_fraction        | 0.0422      |
|    clip_range           | 0.2         |
|    entropy_loss         | -0.187      |
|    explained_variance   | 0.442       |
|    learning_rate        | 0.0003      |
|    loss                 | 378         |
|    n_updates            | 10040       |
|    policy_gradient_loss | -0.000871   |
|    value_loss           | 1.06e+03    |
-----------------------------------------
FruitCounts | {'Fruit': 0, 'DecayFruit': 4, 'EnemyFruit': 2} |
-----------------------------------------
| rollout/                |             |
|    ep_len_mean          | 224         |
|    ep_rew_mean          | 395         |
| time/                   |             |
|    fps                  | 158         |
|    iterations           | 274         |
|    time_elapsed         | 3550        |
|    total_timesteps      | 2061152     |
| train/                  |             |
|    approx_kl            | 0.005183829 |
|    clip_fraction        | 0.0454      |
|    clip_range           | 0.2         |
|    entropy_loss         | -0.194      |
|    explained_variance   | 0.189       |
|    learning_rate        | 0.0003      |
|    loss                 | 427         |
|    n_updates            | 10050       |
|    policy_gradient_loss | 0.000502    |
|    value_loss           | 1.14e+03    |
-----------------------------------------
FruitCounts | {'Fruit': 0, 'DecayFruit': 9, 'EnemyFruit': 0} |
-----------------------------------------
| rollout/                |             |
|    ep_len_mean          | 226         |
|    ep_rew_mean          | 405         |
| time/                   |             |
|    fps                  | 158         |
|    iterations           | 275         |
|    time_elapsed         | 3564        |
|    total_timesteps      | 2063200     |
| train/                  |             |
|    approx_kl            | 0.011660887 |
|    clip_fraction        | 0.053       |
|    clip_range           | 0.2         |
|    entropy_loss         | -0.207      |
|    explained_variance   | 0.293       |
|    learning_rate        | 0.0003      |
|    loss                 | 288         |
|    n_updates            | 10060       |
|    policy_gradient_loss | 0.00053     |
|    value_loss           | 905         |
-----------------------------------------
FruitCounts | {'Fruit': 0, 'DecayFruit': 0, 'EnemyFruit': 0} |
------------------------------------------
| rollout/                |              |
|    ep_len_mean          | 228          |
|    ep_rew_mean          | 399          |
| time/                   |              |
|    fps                  | 157          |
|    iterations           | 276          |
|    time_elapsed         | 3579         |
|    total_timesteps      | 2065248      |
| train/                  |              |
|    approx_kl            | 0.0080453465 |
|    clip_fraction        | 0.0533       |
|    clip_range           | 0.2          |
|    entropy_loss         | -0.178       |
|    explained_variance   | 0.289        |
|    learning_rate        | 0.0003       |
|    loss                 | 219          |
|    n_updates            | 10070        |
|    policy_gradient_loss | -0.00111     |
|    value_loss           | 766          |
------------------------------------------
FruitCounts | {'Fruit': 0, 'DecayFruit': 7, 'EnemyFruit': 3} |
------------------------------------------
| rollout/                |              |
|    ep_len_mean          | 224          |
|    ep_rew_mean          | 388          |
| time/                   |              |
|    fps                  | 157          |
|    iterations           | 277          |
|    time_elapsed         | 3592         |
|    total_timesteps      | 2067296      |
| train/                  |              |
|    approx_kl            | 0.0065134545 |
|    clip_fraction        | 0.0538       |
|    clip_range           | 0.2          |
|    entropy_loss         | -0.195       |
|    explained_variance   | 0.167        |
|    learning_rate        | 0.0003       |
|    loss                 | 527          |
|    n_updates            | 10080        |
|    policy_gradient_loss | -0.00304     |
|    value_loss           | 988          |
------------------------------------------
FruitCounts | {'Fruit': 0, 'DecayFruit': 1, 'EnemyFruit': 1} |
-----------------------------------------
| rollout/                |             |
|    ep_len_mean          | 207         |
|    ep_rew_mean          | 358         |
| time/                   |             |
|    fps                  | 157         |
|    iterations           | 278         |
|    time_elapsed         | 3607        |
|    total_timesteps      | 2069344     |
| train/                  |             |
|    approx_kl            | 0.008332018 |
|    clip_fraction        | 0.0481      |
|    clip_range           | 0.2         |
|    entropy_loss         | -0.188      |
|    explained_variance   | 0.142       |
|    learning_rate        | 0.0003      |
|    loss                 | 197         |
|    n_updates            | 10090       |
|    policy_gradient_loss | -0.00221    |
|    value_loss           | 928         |
-----------------------------------------
FruitCounts | {'Fruit': 0, 'DecayFruit': 5, 'EnemyFruit': 2} |
------------------------------------------
| rollout/                |              |
|    ep_len_mean          | 197          |
|    ep_rew_mean          | 340          |
| time/                   |              |
|    fps                  | 157          |
|    iterations           | 279          |
|    time_elapsed         | 3621         |
|    total_timesteps      | 2071392      |
| train/                  |              |
|    approx_kl            | 0.0060359463 |
|    clip_fraction        | 0.0531       |
|    clip_range           | 0.2          |
|    entropy_loss         | -0.194       |
|    explained_variance   | 0.28         |
|    learning_rate        | 0.0003       |
|    loss                 | 503          |
|    n_updates            | 10100        |
|    policy_gradient_loss | -0.00158     |
|    value_loss           | 1.21e+03     |
------------------------------------------
FruitCounts | {'Fruit': 0, 'DecayFruit': 0, 'EnemyFruit': 0} |
-----------------------------------------
| rollout/                |             |
|    ep_len_mean          | 191         |
|    ep_rew_mean          | 335         |
| time/                   |             |
|    fps                  | 157         |
|    iterations           | 280         |
|    time_elapsed         | 3635        |
|    total_timesteps      | 2073440     |
| train/                  |             |
|    approx_kl            | 0.008051429 |
|    clip_fraction        | 0.0653      |
|    clip_range           | 0.2         |
|    entropy_loss         | -0.21       |
|    explained_variance   | 0.248       |
|    learning_rate        | 0.0003      |
|    loss                 | 580         |
|    n_updates            | 10110       |
|    policy_gradient_loss | -0.000806   |
|    value_loss           | 1.19e+03    |
-----------------------------------------
FruitCounts | {'Fruit': 0, 'DecayFruit': 7, 'EnemyFruit': 1} |
-----------------------------------------
| rollout/                |             |
|    ep_len_mean          | 192         |
|    ep_rew_mean          | 335         |
| time/                   |             |
|    fps                  | 157         |
|    iterations           | 281         |
|    time_elapsed         | 3648        |
|    total_timesteps      | 2075488     |
| train/                  |             |
|    approx_kl            | 0.010365777 |
|    clip_fraction        | 0.0611      |
|    clip_range           | 0.2         |
|    entropy_loss         | -0.199      |
|    explained_variance   | 0.33        |
|    learning_rate        | 0.0003      |
|    loss                 | 372         |
|    n_updates            | 10120       |
|    policy_gradient_loss | 0.00025     |
|    value_loss           | 1.2e+03     |
-----------------------------------------
FruitCounts | {'Fruit': 0, 'DecayFruit': 8, 'EnemyFruit': 0} |
-----------------------------------------
| rollout/                |             |
|    ep_len_mean          | 192         |
|    ep_rew_mean          | 338         |
| time/                   |             |
|    fps                  | 157         |
|    iterations           | 282         |
|    time_elapsed         | 3661        |
|    total_timesteps      | 2077536     |
| train/                  |             |
|    approx_kl            | 0.010944642 |
|    clip_fraction        | 0.0637      |
|    clip_range           | 0.2         |
|    entropy_loss         | -0.199      |
|    explained_variance   | 0.219       |
|    learning_rate        | 0.0003      |
|    loss                 | 166         |
|    n_updates            | 10130       |
|    policy_gradient_loss | -0.00153    |
|    value_loss           | 732         |
-----------------------------------------
FruitCounts | {'Fruit': 0, 'DecayFruit': 3, 'EnemyFruit': 2} |
-----------------------------------------
| rollout/                |             |
|    ep_len_mean          | 199         |
|    ep_rew_mean          | 346         |
| time/                   |             |
|    fps                  | 157         |
|    iterations           | 283         |
|    time_elapsed         | 3675        |
|    total_timesteps      | 2079584     |
| train/                  |             |
|    approx_kl            | 0.010198583 |
|    clip_fraction        | 0.0636      |
|    clip_range           | 0.2         |
|    entropy_loss         | -0.196      |
|    explained_variance   | 0.242       |
|    learning_rate        | 0.0003      |
|    loss                 | 457         |
|    n_updates            | 10140       |
|    policy_gradient_loss | 0.000853    |
|    value_loss           | 930         |
-----------------------------------------
FruitCounts | {'Fruit': 0, 'DecayFruit': 3, 'EnemyFruit': 1} |
-----------------------------------------
| rollout/                |             |
|    ep_len_mean          | 181         |
|    ep_rew_mean          | 325         |
| time/                   |             |
|    fps                  | 157         |
|    iterations           | 284         |
|    time_elapsed         | 3690        |
|    total_timesteps      | 2081632     |
| train/                  |             |
|    approx_kl            | 0.008289044 |
|    clip_fraction        | 0.0544      |
|    clip_range           | 0.2         |
|    entropy_loss         | -0.186      |
|    explained_variance   | 0.207       |
|    learning_rate        | 0.0003      |
|    loss                 | 405         |
|    n_updates            | 10150       |
|    policy_gradient_loss | 0.00132     |
|    value_loss           | 715         |
-----------------------------------------
FruitCounts | {'Fruit': 0, 'DecayFruit': 2, 'EnemyFruit': 0} |
------------------------------------------
| rollout/                |              |
|    ep_len_mean          | 177          |
|    ep_rew_mean          | 324          |
| time/                   |              |
|    fps                  | 157          |
|    iterations           | 285          |
|    time_elapsed         | 3704         |
|    total_timesteps      | 2083680      |
| train/                  |              |
|    approx_kl            | 0.0075673102 |
|    clip_fraction        | 0.0551       |
|    clip_range           | 0.2          |
|    entropy_loss         | -0.204       |
|    explained_variance   | 0.282        |
|    learning_rate        | 0.0003       |
|    loss                 | 548          |
|    n_updates            | 10160        |
|    policy_gradient_loss | -0.00478     |
|    value_loss           | 1.39e+03     |
------------------------------------------
FruitCounts | {'Fruit': 0, 'DecayFruit': 2, 'EnemyFruit': 0} |
------------------------------------------
| rollout/                |              |
|    ep_len_mean          | 181          |
|    ep_rew_mean          | 342          |
| time/                   |              |
|    fps                  | 157          |
|    iterations           | 286          |
|    time_elapsed         | 3717         |
|    total_timesteps      | 2085728      |
| train/                  |              |
|    approx_kl            | 0.0070539215 |
|    clip_fraction        | 0.0636       |
|    clip_range           | 0.2          |
|    entropy_loss         | -0.211       |
|    explained_variance   | 0.26         |
|    learning_rate        | 0.0003       |
|    loss                 | 511          |
|    n_updates            | 10170        |
|    policy_gradient_loss | -0.00245     |
|    value_loss           | 1.29e+03     |
------------------------------------------
FruitCounts | {'Fruit': 1, 'DecayFruit': 0, 'EnemyFruit': 0} |
----------------------------------------
| rollout/                |            |
|    ep_len_mean          | 188        |
|    ep_rew_mean          | 355        |
| time/                   |            |
|    fps                  | 157        |
|    iterations           | 287        |
|    time_elapsed         | 3731       |
|    total_timesteps      | 2087776    |
| train/                  |            |
|    approx_kl            | 0.00458067 |
|    clip_fraction        | 0.0412     |
|    clip_range           | 0.2        |
|    entropy_loss         | -0.206     |
|    explained_variance   | 0.335      |
|    learning_rate        | 0.0003     |
|    loss                 | 483        |
|    n_updates            | 10180      |
|    policy_gradient_loss | -0.00256   |
|    value_loss           | 965        |
----------------------------------------
FruitCounts | {'Fruit': 2, 'DecayFruit': 12, 'EnemyFruit': 2} |
------------------------------------------
| rollout/                |              |
|    ep_len_mean          | 188          |
|    ep_rew_mean          | 353          |
| time/                   |              |
|    fps                  | 157          |
|    iterations           | 288          |
|    time_elapsed         | 3745         |
|    total_timesteps      | 2089824      |
| train/                  |              |
|    approx_kl            | 0.0070584654 |
|    clip_fraction        | 0.0479       |
|    clip_range           | 0.2          |
|    entropy_loss         | -0.19        |
|    explained_variance   | 0.341        |
|    learning_rate        | 0.0003       |
|    loss                 | 426          |
|    n_updates            | 10190        |
|    policy_gradient_loss | -0.00188     |
|    value_loss           | 1.14e+03     |
------------------------------------------
FruitCounts | {'Fruit': 1, 'DecayFruit': 1, 'EnemyFruit': 1} |
------------------------------------------
| rollout/                |              |
|    ep_len_mean          | 194          |
|    ep_rew_mean          | 354          |
| time/                   |              |
|    fps                  | 157          |
|    iterations           | 289          |
|    time_elapsed         | 3759         |
|    total_timesteps      | 2091872      |
| train/                  |              |
|    approx_kl            | 0.0095445905 |
|    clip_fraction        | 0.0603       |
|    clip_range           | 0.2          |
|    entropy_loss         | -0.182       |
|    explained_variance   | 0.335        |
|    learning_rate        | 0.0003       |
|    loss                 | 301          |
|    n_updates            | 10200        |
|    policy_gradient_loss | -0.00405     |
|    value_loss           | 997          |
------------------------------------------
FruitCounts | {'Fruit': 0, 'DecayFruit': 3, 'EnemyFruit': 1} |
-----------------------------------------
| rollout/                |             |
|    ep_len_mean          | 192         |
|    ep_rew_mean          | 354         |
| time/                   |             |
|    fps                  | 157         |
|    iterations           | 290         |
|    time_elapsed         | 3773        |
|    total_timesteps      | 2093920     |
| train/                  |             |
|    approx_kl            | 0.006177099 |
|    clip_fraction        | 0.0497      |
|    clip_range           | 0.2         |
|    entropy_loss         | -0.169      |
|    explained_variance   | 0.236       |
|    learning_rate        | 0.0003      |
|    loss                 | 335         |
|    n_updates            | 10210       |
|    policy_gradient_loss | -0.00204    |
|    value_loss           | 966         |
-----------------------------------------
FruitCounts | {'Fruit': 1, 'DecayFruit': 15, 'EnemyFruit': 2} |
-----------------------------------------
| rollout/                |             |
|    ep_len_mean          | 195         |
|    ep_rew_mean          | 360         |
| time/                   |             |
|    fps                  | 157         |
|    iterations           | 291         |
|    time_elapsed         | 3786        |
|    total_timesteps      | 2095968     |
| train/                  |             |
|    approx_kl            | 0.007206973 |
|    clip_fraction        | 0.0606      |
|    clip_range           | 0.2         |
|    entropy_loss         | -0.198      |
|    explained_variance   | 0.192       |
|    learning_rate        | 0.0003      |
|    loss                 | 342         |
|    n_updates            | 10220       |
|    policy_gradient_loss | -0.000374   |
|    value_loss           | 815         |
-----------------------------------------
FruitCounts | {'Fruit': 0, 'DecayFruit': 8, 'EnemyFruit': 2} |
-----------------------------------------
| rollout/                |             |
|    ep_len_mean          | 190         |
|    ep_rew_mean          | 363         |
| time/                   |             |
|    fps                  | 157         |
|    iterations           | 292         |
|    time_elapsed         | 3799        |
|    total_timesteps      | 2098016     |
| train/                  |             |
|    approx_kl            | 0.009477619 |
|    clip_fraction        | 0.0505      |
|    clip_range           | 0.2         |
|    entropy_loss         | -0.204      |
|    explained_variance   | 0.465       |
|    learning_rate        | 0.0003      |
|    loss                 | 644         |
|    n_updates            | 10230       |
|    policy_gradient_loss | -0.00062    |
|    value_loss           | 866         |
-----------------------------------------
FruitCounts | {'Fruit': 0, 'DecayFruit': 11, 'EnemyFruit': 1} |
-----------------------------------------
| rollout/                |             |
|    ep_len_mean          | 195         |
|    ep_rew_mean          | 383         |
| time/                   |             |
|    fps                  | 157         |
|    iterations           | 293         |
|    time_elapsed         | 3813        |
|    total_timesteps      | 2100064     |
| train/                  |             |
|    approx_kl            | 0.009744862 |
|    clip_fraction        | 0.047       |
|    clip_range           | 0.2         |
|    entropy_loss         | -0.195      |
|    explained_variance   | 0.298       |
|    learning_rate        | 0.0003      |
|    loss                 | 520         |
|    n_updates            | 10240       |
|    policy_gradient_loss | -0.000243   |
|    value_loss           | 1.19e+03    |
-----------------------------------------
FruitCounts | {'Fruit': 0, 'DecayFruit': 1, 'EnemyFruit': 0} |
-----------------------------------------
| rollout/                |             |
|    ep_len_mean          | 201         |
|    ep_rew_mean          | 393         |
| time/                   |             |
|    fps                  | 157         |
|    iterations           | 294         |
|    time_elapsed         | 3827        |
|    total_timesteps      | 2102112     |
| train/                  |             |
|    approx_kl            | 0.008282735 |
|    clip_fraction        | 0.0547      |
|    clip_range           | 0.2         |
|    entropy_loss         | -0.185      |
|    explained_variance   | 0.25        |
|    learning_rate        | 0.0003      |
|    loss                 | 469         |
|    n_updates            | 10250       |
|    policy_gradient_loss | -0.0026     |
|    value_loss           | 1.18e+03    |
-----------------------------------------
FruitCounts | {'Fruit': 0, 'DecayFruit': 5, 'EnemyFruit': 0} |
------------------------------------------
| rollout/                |              |
|    ep_len_mean          | 204          |
|    ep_rew_mean          | 406          |
| time/                   |              |
|    fps                  | 157          |
|    iterations           | 295          |
|    time_elapsed         | 3841         |
|    total_timesteps      | 2104160      |
| train/                  |              |
|    approx_kl            | 0.0041758716 |
|    clip_fraction        | 0.0416       |
|    clip_range           | 0.2          |
|    entropy_loss         | -0.168       |
|    explained_variance   | 0.319        |
|    learning_rate        | 0.0003       |
|    loss                 | 381          |
|    n_updates            | 10260        |
|    policy_gradient_loss | -0.00226     |
|    value_loss           | 1.15e+03     |
------------------------------------------
FruitCounts | {'Fruit': 1, 'DecayFruit': 3, 'EnemyFruit': 1} |
-----------------------------------------
| rollout/                |             |
|    ep_len_mean          | 207         |
|    ep_rew_mean          | 407         |
| time/                   |             |
|    fps                  | 157         |
|    iterations           | 296         |
|    time_elapsed         | 3854        |
|    total_timesteps      | 2106208     |
| train/                  |             |
|    approx_kl            | 0.006944594 |
|    clip_fraction        | 0.0607      |
|    clip_range           | 0.2         |
|    entropy_loss         | -0.19       |
|    explained_variance   | 0.348       |
|    learning_rate        | 0.0003      |
|    loss                 | 783         |
|    n_updates            | 10270       |
|    policy_gradient_loss | -0.00511    |
|    value_loss           | 1.24e+03    |
-----------------------------------------
FruitCounts | {'Fruit': 0, 'DecayFruit': 2, 'EnemyFruit': 0} |
-----------------------------------------
| rollout/                |             |
|    ep_len_mean          | 210         |
|    ep_rew_mean          | 403         |
| time/                   |             |
|    fps                  | 157         |
|    iterations           | 297         |
|    time_elapsed         | 3867        |
|    total_timesteps      | 2108256     |
| train/                  |             |
|    approx_kl            | 0.004856901 |
|    clip_fraction        | 0.038       |
|    clip_range           | 0.2         |
|    entropy_loss         | -0.188      |
|    explained_variance   | 0.43        |
|    learning_rate        | 0.0003      |
|    loss                 | 570         |
|    n_updates            | 10280       |
|    policy_gradient_loss | -0.00249    |
|    value_loss           | 1.05e+03    |
-----------------------------------------
FruitCounts | {'Fruit': 0, 'DecayFruit': 9, 'EnemyFruit': 4} |
-----------------------------------------
| rollout/                |             |
|    ep_len_mean          | 211         |
|    ep_rew_mean          | 405         |
| time/                   |             |
|    fps                  | 157         |
|    iterations           | 298         |
|    time_elapsed         | 3881        |
|    total_timesteps      | 2110304     |
| train/                  |             |
|    approx_kl            | 0.009355055 |
|    clip_fraction        | 0.0605      |
|    clip_range           | 0.2         |
|    entropy_loss         | -0.179      |
|    explained_variance   | 0.259       |
|    learning_rate        | 0.0003      |
|    loss                 | 485         |
|    n_updates            | 10290       |
|    policy_gradient_loss | -0.000564   |
|    value_loss           | 998         |
-----------------------------------------
FruitCounts | {'Fruit': 1, 'DecayFruit': 2, 'EnemyFruit': 1} |
-----------------------------------------
| rollout/                |             |
|    ep_len_mean          | 206         |
|    ep_rew_mean          | 397         |
| time/                   |             |
|    fps                  | 157         |
|    iterations           | 299         |
|    time_elapsed         | 3895        |
|    total_timesteps      | 2112352     |
| train/                  |             |
|    approx_kl            | 0.007249504 |
|    clip_fraction        | 0.0543      |
|    clip_range           | 0.2         |
|    entropy_loss         | -0.171      |
|    explained_variance   | 0.251       |
|    learning_rate        | 0.0003      |
|    loss                 | 527         |
|    n_updates            | 10300       |
|    policy_gradient_loss | 0.000444    |
|    value_loss           | 1.11e+03    |
-----------------------------------------
FruitCounts | {'Fruit': 0, 'DecayFruit': 3, 'EnemyFruit': 0} |
------------------------------------------
| rollout/                |              |
|    ep_len_mean          | 203          |
|    ep_rew_mean          | 401          |
| time/                   |              |
|    fps                  | 157          |
|    iterations           | 300          |
|    time_elapsed         | 3911         |
|    total_timesteps      | 2114400      |
| train/                  |              |
|    approx_kl            | 0.0071227187 |
|    clip_fraction        | 0.0549       |
|    clip_range           | 0.2          |
|    entropy_loss         | -0.188       |
|    explained_variance   | 0.334        |
|    learning_rate        | 0.0003       |
|    loss                 | 774          |
|    n_updates            | 10310        |
|    policy_gradient_loss | -0.00172     |
|    value_loss           | 1.22e+03     |
------------------------------------------
FruitCounts | {'Fruit': 0, 'DecayFruit': 2, 'EnemyFruit': 0} |
------------------------------------------
| rollout/                |              |
|    ep_len_mean          | 204          |
|    ep_rew_mean          | 399          |
| time/                   |              |
|    fps                  | 157          |
|    iterations           | 301          |
|    time_elapsed         | 3924         |
|    total_timesteps      | 2116448      |
| train/                  |              |
|    approx_kl            | 0.0077365586 |
|    clip_fraction        | 0.0475       |
|    clip_range           | 0.2          |
|    entropy_loss         | -0.201       |
|    explained_variance   | 0.193        |
|    learning_rate        | 0.0003       |
|    loss                 | 343          |
|    n_updates            | 10320        |
|    policy_gradient_loss | -0.00349     |
|    value_loss           | 1.11e+03     |
------------------------------------------
FruitCounts | {'Fruit': 0, 'DecayFruit': 4, 'EnemyFruit': 2} |
------------------------------------------
| rollout/                |              |
|    ep_len_mean          | 203          |
|    ep_rew_mean          | 394          |
| time/                   |              |
|    fps                  | 157          |
|    iterations           | 302          |
|    time_elapsed         | 3938         |
|    total_timesteps      | 2118496      |
| train/                  |              |
|    approx_kl            | 0.0063912477 |
|    clip_fraction        | 0.046        |
|    clip_range           | 0.2          |
|    entropy_loss         | -0.184       |
|    explained_variance   | 0.247        |
|    learning_rate        | 0.0003       |
|    loss                 | 387          |
|    n_updates            | 10330        |
|    policy_gradient_loss | -0.00201     |
|    value_loss           | 809          |
------------------------------------------
FruitCounts | {'Fruit': 0, 'DecayFruit': 0, 'EnemyFruit': 0} |
-----------------------------------------
| rollout/                |             |
|    ep_len_mean          | 201         |
|    ep_rew_mean          | 395         |
| time/                   |             |
|    fps                  | 157         |
|    iterations           | 303         |
|    time_elapsed         | 3952        |
|    total_timesteps      | 2120544     |
| train/                  |             |
|    approx_kl            | 0.005809883 |
|    clip_fraction        | 0.0422      |
|    clip_range           | 0.2         |
|    entropy_loss         | -0.172      |
|    explained_variance   | 0.279       |
|    learning_rate        | 0.0003      |
|    loss                 | 600         |
|    n_updates            | 10340       |
|    policy_gradient_loss | -0.000192   |
|    value_loss           | 846         |
-----------------------------------------
FruitCounts | {'Fruit': 0, 'DecayFruit': 15, 'EnemyFruit': 4} |
-----------------------------------------
| rollout/                |             |
|    ep_len_mean          | 200         |
|    ep_rew_mean          | 399         |
| time/                   |             |
|    fps                  | 156         |
|    iterations           | 304         |
|    time_elapsed         | 3966        |
|    total_timesteps      | 2122592     |
| train/                  |             |
|    approx_kl            | 0.006123921 |
|    clip_fraction        | 0.0513      |
|    clip_range           | 0.2         |
|    entropy_loss         | -0.195      |
|    explained_variance   | 0.467       |
|    learning_rate        | 0.0003      |
|    loss                 | 748         |
|    n_updates            | 10350       |
|    policy_gradient_loss | -0.00105    |
|    value_loss           | 1.28e+03    |
-----------------------------------------
FruitCounts | {'Fruit': 1, 'DecayFruit': 6, 'EnemyFruit': 0} |
-----------------------------------------
| rollout/                |             |
|    ep_len_mean          | 199         |
|    ep_rew_mean          | 392         |
| time/                   |             |
|    fps                  | 156         |
|    iterations           | 305         |
|    time_elapsed         | 3980        |
|    total_timesteps      | 2124640     |
| train/                  |             |
|    approx_kl            | 0.010025335 |
|    clip_fraction        | 0.0396      |
|    clip_range           | 0.2         |
|    entropy_loss         | -0.177      |
|    explained_variance   | 0.349       |
|    learning_rate        | 0.0003      |
|    loss                 | 529         |
|    n_updates            | 10360       |
|    policy_gradient_loss | -0.000535   |
|    value_loss           | 1.5e+03     |
-----------------------------------------
FruitCounts | {'Fruit': 0, 'DecayFruit': 0, 'EnemyFruit': 0} |
-----------------------------------------
| rollout/                |             |
|    ep_len_mean          | 197         |
|    ep_rew_mean          | 393         |
| time/                   |             |
|    fps                  | 156         |
|    iterations           | 306         |
|    time_elapsed         | 3994        |
|    total_timesteps      | 2126688     |
| train/                  |             |
|    approx_kl            | 0.004288053 |
|    clip_fraction        | 0.0454      |
|    clip_range           | 0.2         |
|    entropy_loss         | -0.186      |
|    explained_variance   | 0.277       |
|    learning_rate        | 0.0003      |
|    loss                 | 511         |
|    n_updates            | 10370       |
|    policy_gradient_loss | -0.0013     |
|    value_loss           | 1.35e+03    |
-----------------------------------------
FruitCounts | {'Fruit': 0, 'DecayFruit': 5, 'EnemyFruit': 3} |
----------------------------------------
| rollout/                |            |
|    ep_len_mean          | 195        |
|    ep_rew_mean          | 405        |
| time/                   |            |
|    fps                  | 156        |
|    iterations           | 307        |
|    time_elapsed         | 4008       |
|    total_timesteps      | 2128736    |
| train/                  |            |
|    approx_kl            | 0.00411483 |
|    clip_fraction        | 0.0417     |
|    clip_range           | 0.2        |
|    entropy_loss         | -0.179     |
|    explained_variance   | 0.259      |
|    learning_rate        | 0.0003     |
|    loss                 | 422        |
|    n_updates            | 10380      |
|    policy_gradient_loss | -0.00207   |
|    value_loss           | 1.15e+03   |
----------------------------------------
FruitCounts | {'Fruit': 0, 'DecayFruit': 3, 'EnemyFruit': 0} |
-----------------------------------------
| rollout/                |             |
|    ep_len_mean          | 202         |
|    ep_rew_mean          | 414         |
| time/                   |             |
|    fps                  | 156         |
|    iterations           | 308         |
|    time_elapsed         | 4021        |
|    total_timesteps      | 2130784     |
| train/                  |             |
|    approx_kl            | 0.009536912 |
|    clip_fraction        | 0.0516      |
|    clip_range           | 0.2         |
|    entropy_loss         | -0.181      |
|    explained_variance   | 0.463       |
|    learning_rate        | 0.0003      |
|    loss                 | 522         |
|    n_updates            | 10390       |
|    policy_gradient_loss | -0.000577   |
|    value_loss           | 1.2e+03     |
-----------------------------------------
FruitCounts | {'Fruit': 0, 'DecayFruit': 4, 'EnemyFruit': 2} |
-----------------------------------------
| rollout/                |             |
|    ep_len_mean          | 204         |
|    ep_rew_mean          | 421         |
| time/                   |             |
|    fps                  | 156         |
|    iterations           | 309         |
|    time_elapsed         | 4034        |
|    total_timesteps      | 2132832     |
| train/                  |             |
|    approx_kl            | 0.008717097 |
|    clip_fraction        | 0.0818      |
|    clip_range           | 0.2         |
|    entropy_loss         | -0.18       |
|    explained_variance   | 0.45        |
|    learning_rate        | 0.0003      |
|    loss                 | 377         |
|    n_updates            | 10400       |
|    policy_gradient_loss | 0.0026      |
|    value_loss           | 1.1e+03     |
-----------------------------------------
FruitCounts | {'Fruit': 0, 'DecayFruit': 3, 'EnemyFruit': 2} |
------------------------------------------
| rollout/                |              |
|    ep_len_mean          | 204          |
|    ep_rew_mean          | 409          |
| time/                   |              |
|    fps                  | 156          |
|    iterations           | 310          |
|    time_elapsed         | 4048         |
|    total_timesteps      | 2134880      |
| train/                  |              |
|    approx_kl            | 0.0070856777 |
|    clip_fraction        | 0.0444       |
|    clip_range           | 0.2          |
|    entropy_loss         | -0.184       |
|    explained_variance   | 0.303        |
|    learning_rate        | 0.0003       |
|    loss                 | 254          |
|    n_updates            | 10410        |
|    policy_gradient_loss | -0.00204     |
|    value_loss           | 941          |
------------------------------------------
FruitCounts | {'Fruit': 0, 'DecayFruit': 4, 'EnemyFruit': 0} |
-----------------------------------------
| rollout/                |             |
|    ep_len_mean          | 200         |
|    ep_rew_mean          | 404         |
| time/                   |             |
|    fps                  | 156         |
|    iterations           | 311         |
|    time_elapsed         | 4062        |
|    total_timesteps      | 2136928     |
| train/                  |             |
|    approx_kl            | 0.009730043 |
|    clip_fraction        | 0.0524      |
|    clip_range           | 0.2         |
|    entropy_loss         | -0.18       |
|    explained_variance   | 0.138       |
|    learning_rate        | 0.0003      |
|    loss                 | 423         |
|    n_updates            | 10420       |
|    policy_gradient_loss | -0.00121    |
|    value_loss           | 1.02e+03    |
-----------------------------------------
FruitCounts | {'Fruit': 2, 'DecayFruit': 6, 'EnemyFruit': 1} |
-----------------------------------------
| rollout/                |             |
|    ep_len_mean          | 193         |
|    ep_rew_mean          | 390         |
| time/                   |             |
|    fps                  | 156         |
|    iterations           | 312         |
|    time_elapsed         | 4077        |
|    total_timesteps      | 2138976     |
| train/                  |             |
|    approx_kl            | 0.008206096 |
|    clip_fraction        | 0.0478      |
|    clip_range           | 0.2         |
|    entropy_loss         | -0.182      |
|    explained_variance   | 0.218       |
|    learning_rate        | 0.0003      |
|    loss                 | 268         |
|    n_updates            | 10430       |
|    policy_gradient_loss | -0.0012     |
|    value_loss           | 1.1e+03     |
-----------------------------------------
FruitCounts | {'Fruit': 1, 'DecayFruit': 0, 'EnemyFruit': 0} |
------------------------------------------
| rollout/                |              |
|    ep_len_mean          | 199          |
|    ep_rew_mean          | 395          |
| time/                   |              |
|    fps                  | 156          |
|    iterations           | 313          |
|    time_elapsed         | 4090         |
|    total_timesteps      | 2141024      |
| train/                  |              |
|    approx_kl            | 0.0063900063 |
|    clip_fraction        | 0.044        |
|    clip_range           | 0.2          |
|    entropy_loss         | -0.181       |
|    explained_variance   | 0.41         |
|    learning_rate        | 0.0003       |
|    loss                 | 387          |
|    n_updates            | 10440        |
|    policy_gradient_loss | -0.000437    |
|    value_loss           | 1.35e+03     |
------------------------------------------
FruitCounts | {'Fruit': 0, 'DecayFruit': 2, 'EnemyFruit': 0} |
-----------------------------------------
| rollout/                |             |
|    ep_len_mean          | 209         |
|    ep_rew_mean          | 407         |
| time/                   |             |
|    fps                  | 156         |
|    iterations           | 314         |
|    time_elapsed         | 4103        |
|    total_timesteps      | 2143072     |
| train/                  |             |
|    approx_kl            | 0.008396861 |
|    clip_fraction        | 0.0514      |
|    clip_range           | 0.2         |
|    entropy_loss         | -0.186      |
|    explained_variance   | 0.194       |
|    learning_rate        | 0.0003      |
|    loss                 | 435         |
|    n_updates            | 10450       |
|    policy_gradient_loss | -0.00259    |
|    value_loss           | 1.16e+03    |
-----------------------------------------
FruitCounts | {'Fruit': 0, 'DecayFruit': 20, 'EnemyFruit': 8} |
-----------------------------------------
| rollout/                |             |
|    ep_len_mean          | 208         |
|    ep_rew_mean          | 404         |
| time/                   |             |
|    fps                  | 156         |
|    iterations           | 315         |
|    time_elapsed         | 4116        |
|    total_timesteps      | 2145120     |
| train/                  |             |
|    approx_kl            | 0.011094393 |
|    clip_fraction        | 0.0533      |
|    clip_range           | 0.2         |
|    entropy_loss         | -0.201      |
|    explained_variance   | 0.344       |
|    learning_rate        | 0.0003      |
|    loss                 | 153         |
|    n_updates            | 10460       |
|    policy_gradient_loss | -0.00219    |
|    value_loss           | 813         |
-----------------------------------------
FruitCounts | {'Fruit': 0, 'DecayFruit': 2, 'EnemyFruit': 0} |
------------------------------------------
| rollout/                |              |
|    ep_len_mean          | 206          |
|    ep_rew_mean          | 402          |
| time/                   |              |
|    fps                  | 156          |
|    iterations           | 316          |
|    time_elapsed         | 4131         |
|    total_timesteps      | 2147168      |
| train/                  |              |
|    approx_kl            | 0.0054885405 |
|    clip_fraction        | 0.0488       |
|    clip_range           | 0.2          |
|    entropy_loss         | -0.18        |
|    explained_variance   | 0.361        |
|    learning_rate        | 0.0003       |
|    loss                 | 493          |
|    n_updates            | 10470        |
|    policy_gradient_loss | -0.0026      |
|    value_loss           | 1.24e+03     |
------------------------------------------
FruitCounts | {'Fruit': 0, 'DecayFruit': 5, 'EnemyFruit': 2} |
------------------------------------------
| rollout/                |              |
|    ep_len_mean          | 197          |
|    ep_rew_mean          | 373          |
| time/                   |              |
|    fps                  | 156          |
|    iterations           | 317          |
|    time_elapsed         | 4146         |
|    total_timesteps      | 2149216      |
| train/                  |              |
|    approx_kl            | 0.0058524897 |
|    clip_fraction        | 0.045        |
|    clip_range           | 0.2          |
|    entropy_loss         | -0.175       |
|    explained_variance   | 0.219        |
|    learning_rate        | 0.0003       |
|    loss                 | 445          |
|    n_updates            | 10480        |
|    policy_gradient_loss | -0.00163     |
|    value_loss           | 1.41e+03     |
------------------------------------------
FruitCounts | {'Fruit': 1, 'DecayFruit': 0, 'EnemyFruit': 0} |
------------------------------------------
| rollout/                |              |
|    ep_len_mean          | 198          |
|    ep_rew_mean          | 374          |
| time/                   |              |
|    fps                  | 156          |
|    iterations           | 318          |
|    time_elapsed         | 4160         |
|    total_timesteps      | 2151264      |
| train/                  |              |
|    approx_kl            | 0.0068366057 |
|    clip_fraction        | 0.0547       |
|    clip_range           | 0.2          |
|    entropy_loss         | -0.199       |
|    explained_variance   | 0.18         |
|    learning_rate        | 0.0003       |
|    loss                 | 754          |
|    n_updates            | 10490        |
|    policy_gradient_loss | -0.00076     |
|    value_loss           | 1.18e+03     |
------------------------------------------
FruitCounts | {'Fruit': 0, 'DecayFruit': 2, 'EnemyFruit': 0} |
------------------------------------------
| rollout/                |              |
|    ep_len_mean          | 198          |
|    ep_rew_mean          | 372          |
| time/                   |              |
|    fps                  | 156          |
|    iterations           | 319          |
|    time_elapsed         | 4173         |
|    total_timesteps      | 2153312      |
| train/                  |              |
|    approx_kl            | 0.0057804566 |
|    clip_fraction        | 0.0528       |
|    clip_range           | 0.2          |
|    entropy_loss         | -0.187       |
|    explained_variance   | 0.326        |
|    learning_rate        | 0.0003       |
|    loss                 | 211          |
|    n_updates            | 10500        |
|    policy_gradient_loss | -0.0012      |
|    value_loss           | 876          |
------------------------------------------
FruitCounts | {'Fruit': 0, 'DecayFruit': 0, 'EnemyFruit': 0} |
------------------------------------------
| rollout/                |              |
|    ep_len_mean          | 203          |
|    ep_rew_mean          | 378          |
| time/                   |              |
|    fps                  | 156          |
|    iterations           | 320          |
|    time_elapsed         | 4187         |
|    total_timesteps      | 2155360      |
| train/                  |              |
|    approx_kl            | 0.0045428476 |
|    clip_fraction        | 0.0467       |
|    clip_range           | 0.2          |
|    entropy_loss         | -0.179       |
|    explained_variance   | 0.222        |
|    learning_rate        | 0.0003       |
|    loss                 | 392          |
|    n_updates            | 10510        |
|    policy_gradient_loss | -0.00242     |
|    value_loss           | 976          |
------------------------------------------
FruitCounts | {'Fruit': 0, 'DecayFruit': 3, 'EnemyFruit': 0} |
-----------------------------------------
| rollout/                |             |
|    ep_len_mean          | 202         |
|    ep_rew_mean          | 375         |
| time/                   |             |
|    fps                  | 156         |
|    iterations           | 321         |
|    time_elapsed         | 4200        |
|    total_timesteps      | 2157408     |
| train/                  |             |
|    approx_kl            | 0.008680754 |
|    clip_fraction        | 0.0388      |
|    clip_range           | 0.2         |
|    entropy_loss         | -0.19       |
|    explained_variance   | 0.296       |
|    learning_rate        | 0.0003      |
|    loss                 | 364         |
|    n_updates            | 10520       |
|    policy_gradient_loss | -0.00417    |
|    value_loss           | 1.07e+03    |
-----------------------------------------
FruitCounts | {'Fruit': 0, 'DecayFruit': 6, 'EnemyFruit': 2} |
------------------------------------------
| rollout/                |              |
|    ep_len_mean          | 206          |
|    ep_rew_mean          | 373          |
| time/                   |              |
|    fps                  | 156          |
|    iterations           | 322          |
|    time_elapsed         | 4214         |
|    total_timesteps      | 2159456      |
| train/                  |              |
|    approx_kl            | 0.0055691837 |
|    clip_fraction        | 0.0504       |
|    clip_range           | 0.2          |
|    entropy_loss         | -0.188       |
|    explained_variance   | 0.278        |
|    learning_rate        | 0.0003       |
|    loss                 | 613          |
|    n_updates            | 10530        |
|    policy_gradient_loss | -0.00264     |
|    value_loss           | 1e+03        |
------------------------------------------
FruitCounts | {'Fruit': 1, 'DecayFruit': 2, 'EnemyFruit': 1} |
-----------------------------------------
| rollout/                |             |
|    ep_len_mean          | 192         |
|    ep_rew_mean          | 351         |
| time/                   |             |
|    fps                  | 156         |
|    iterations           | 323         |
|    time_elapsed         | 4229        |
|    total_timesteps      | 2161504     |
| train/                  |             |
|    approx_kl            | 0.012549458 |
|    clip_fraction        | 0.0607      |
|    clip_range           | 0.2         |
|    entropy_loss         | -0.221      |
|    explained_variance   | 0.238       |
|    learning_rate        | 0.0003      |
|    loss                 | 335         |
|    n_updates            | 10540       |
|    policy_gradient_loss | 0.000377    |
|    value_loss           | 997         |
-----------------------------------------
FruitCounts | {'Fruit': 0, 'DecayFruit': 4, 'EnemyFruit': 1} |
-----------------------------------------
| rollout/                |             |
|    ep_len_mean          | 193         |
|    ep_rew_mean          | 353         |
| time/                   |             |
|    fps                  | 156         |
|    iterations           | 324         |
|    time_elapsed         | 4242        |
|    total_timesteps      | 2163552     |
| train/                  |             |
|    approx_kl            | 0.006355822 |
|    clip_fraction        | 0.0492      |
|    clip_range           | 0.2         |
|    entropy_loss         | -0.176      |
|    explained_variance   | 0.206       |
|    learning_rate        | 0.0003      |
|    loss                 | 272         |
|    n_updates            | 10550       |
|    policy_gradient_loss | -0.00363    |
|    value_loss           | 1.28e+03    |
-----------------------------------------
FruitCounts | {'Fruit': 0, 'DecayFruit': 5, 'EnemyFruit': 0} |
-----------------------------------------
| rollout/                |             |
|    ep_len_mean          | 186         |
|    ep_rew_mean          | 339         |
| time/                   |             |
|    fps                  | 156         |
|    iterations           | 325         |
|    time_elapsed         | 4256        |
|    total_timesteps      | 2165600     |
| train/                  |             |
|    approx_kl            | 0.007261946 |
|    clip_fraction        | 0.0696      |
|    clip_range           | 0.2         |
|    entropy_loss         | -0.197      |
|    explained_variance   | 0.18        |
|    learning_rate        | 0.0003      |
|    loss                 | 373         |
|    n_updates            | 10560       |
|    policy_gradient_loss | -0.0014     |
|    value_loss           | 1.04e+03    |
-----------------------------------------
FruitCounts | {'Fruit': 1, 'DecayFruit': 10, 'EnemyFruit': 4} |
-----------------------------------------
| rollout/                |             |
|    ep_len_mean          | 191         |
|    ep_rew_mean          | 345         |
| time/                   |             |
|    fps                  | 156         |
|    iterations           | 326         |
|    time_elapsed         | 4271        |
|    total_timesteps      | 2167648     |
| train/                  |             |
|    approx_kl            | 0.007841136 |
|    clip_fraction        | 0.0662      |
|    clip_range           | 0.2         |
|    entropy_loss         | -0.203      |
|    explained_variance   | 0.199       |
|    learning_rate        | 0.0003      |
|    loss                 | 477         |
|    n_updates            | 10570       |
|    policy_gradient_loss | -0.00533    |
|    value_loss           | 1.04e+03    |
-----------------------------------------
FruitCounts | {'Fruit': 0, 'DecayFruit': 6, 'EnemyFruit': 0} |
------------------------------------------
| rollout/                |              |
|    ep_len_mean          | 194          |
|    ep_rew_mean          | 353          |
| time/                   |              |
|    fps                  | 156          |
|    iterations           | 327          |
|    time_elapsed         | 4284         |
|    total_timesteps      | 2169696      |
| train/                  |              |
|    approx_kl            | 0.0070857387 |
|    clip_fraction        | 0.0668       |
|    clip_range           | 0.2          |
|    entropy_loss         | -0.205       |
|    explained_variance   | 0.324        |
|    learning_rate        | 0.0003       |
|    loss                 | 246          |
|    n_updates            | 10580        |
|    policy_gradient_loss | -0.00131     |
|    value_loss           | 815          |
------------------------------------------
FruitCounts | {'Fruit': 0, 'DecayFruit': 3, 'EnemyFruit': 1} |
------------------------------------------
| rollout/                |              |
|    ep_len_mean          | 196          |
|    ep_rew_mean          | 359          |
| time/                   |              |
|    fps                  | 156          |
|    iterations           | 328          |
|    time_elapsed         | 4297         |
|    total_timesteps      | 2171744      |
| train/                  |              |
|    approx_kl            | 0.0044282563 |
|    clip_fraction        | 0.0502       |
|    clip_range           | 0.2          |
|    entropy_loss         | -0.183       |
|    explained_variance   | 0.311        |
|    learning_rate        | 0.0003       |
|    loss                 | 403          |
|    n_updates            | 10590        |
|    policy_gradient_loss | -0.00102     |
|    value_loss           | 790          |
------------------------------------------
FruitCounts | {'Fruit': 0, 'DecayFruit': 3, 'EnemyFruit': 1} |
------------------------------------------
| rollout/                |              |
|    ep_len_mean          | 199          |
|    ep_rew_mean          | 371          |
| time/                   |              |
|    fps                  | 156          |
|    iterations           | 329          |
|    time_elapsed         | 4310         |
|    total_timesteps      | 2173792      |
| train/                  |              |
|    approx_kl            | 0.0064151804 |
|    clip_fraction        | 0.0704       |
|    clip_range           | 0.2          |
|    entropy_loss         | -0.195       |
|    explained_variance   | 0.361        |
|    learning_rate        | 0.0003       |
|    loss                 | 279          |
|    n_updates            | 10600        |
|    policy_gradient_loss | -0.00276     |
|    value_loss           | 939          |
------------------------------------------
FruitCounts | {'Fruit': 0, 'DecayFruit': 6, 'EnemyFruit': 1} |
------------------------------------------
| rollout/                |              |
|    ep_len_mean          | 197          |
|    ep_rew_mean          | 373          |
| time/                   |              |
|    fps                  | 156          |
|    iterations           | 330          |
|    time_elapsed         | 4324         |
|    total_timesteps      | 2175840      |
| train/                  |              |
|    approx_kl            | 0.0065641515 |
|    clip_fraction        | 0.0387       |
|    clip_range           | 0.2          |
|    entropy_loss         | -0.172       |
|    explained_variance   | 0.336        |
|    learning_rate        | 0.0003       |
|    loss                 | 527          |
|    n_updates            | 10610        |
|    policy_gradient_loss | -0.000929    |
|    value_loss           | 961          |
------------------------------------------
FruitCounts | {'Fruit': 0, 'DecayFruit': 1, 'EnemyFruit': 0} |
-----------------------------------------
| rollout/                |             |
|    ep_len_mean          | 193         |
|    ep_rew_mean          | 369         |
| time/                   |             |
|    fps                  | 156         |
|    iterations           | 331         |
|    time_elapsed         | 4338        |
|    total_timesteps      | 2177888     |
| train/                  |             |
|    approx_kl            | 0.005191191 |
|    clip_fraction        | 0.0394      |
|    clip_range           | 0.2         |
|    entropy_loss         | -0.185      |
|    explained_variance   | 0.289       |
|    learning_rate        | 0.0003      |
|    loss                 | 451         |
|    n_updates            | 10620       |
|    policy_gradient_loss | -0.0014     |
|    value_loss           | 1.15e+03    |
-----------------------------------------
FruitCounts | {'Fruit': 0, 'DecayFruit': 8, 'EnemyFruit': 1} |
------------------------------------------
| rollout/                |              |
|    ep_len_mean          | 192          |
|    ep_rew_mean          | 368          |
| time/                   |              |
|    fps                  | 156          |
|    iterations           | 332          |
|    time_elapsed         | 4352         |
|    total_timesteps      | 2179936      |
| train/                  |              |
|    approx_kl            | 0.0081622945 |
|    clip_fraction        | 0.0448       |
|    clip_range           | 0.2          |
|    entropy_loss         | -0.182       |
|    explained_variance   | 0.201        |
|    learning_rate        | 0.0003       |
|    loss                 | 341          |
|    n_updates            | 10630        |
|    policy_gradient_loss | -0.00248     |
|    value_loss           | 1.51e+03     |
------------------------------------------
FruitCounts | {'Fruit': 0, 'DecayFruit': 5, 'EnemyFruit': 1} |
---------------------------------------
| rollout/                |           |
|    ep_len_mean          | 199       |
|    ep_rew_mean          | 379       |
| time/                   |           |
|    fps                  | 156       |
|    iterations           | 333       |
|    time_elapsed         | 4365      |
|    total_timesteps      | 2181984   |
| train/                  |           |
|    approx_kl            | 0.0085863 |
|    clip_fraction        | 0.0592    |
|    clip_range           | 0.2       |
|    entropy_loss         | -0.204    |
|    explained_variance   | 0.182     |
|    learning_rate        | 0.0003    |
|    loss                 | 461       |
|    n_updates            | 10640     |
|    policy_gradient_loss | -0.00283  |
|    value_loss           | 1.14e+03  |
---------------------------------------
FruitCounts | {'Fruit': 1, 'DecayFruit': 4, 'EnemyFruit': 1} |
-----------------------------------------
| rollout/                |             |
|    ep_len_mean          | 203         |
|    ep_rew_mean          | 388         |
| time/                   |             |
|    fps                  | 156         |
|    iterations           | 334         |
|    time_elapsed         | 4379        |
|    total_timesteps      | 2184032     |
| train/                  |             |
|    approx_kl            | 0.006927699 |
|    clip_fraction        | 0.0476      |
|    clip_range           | 0.2         |
|    entropy_loss         | -0.188      |
|    explained_variance   | 0.227       |
|    learning_rate        | 0.0003      |
|    loss                 | 376         |
|    n_updates            | 10650       |
|    policy_gradient_loss | -0.0011     |
|    value_loss           | 993         |
-----------------------------------------
FruitCounts | {'Fruit': 0, 'DecayFruit': 4, 'EnemyFruit': 1} |
----------------------------------------
| rollout/                |            |
|    ep_len_mean          | 207        |
|    ep_rew_mean          | 398        |
| time/                   |            |
|    fps                  | 156        |
|    iterations           | 335        |
|    time_elapsed         | 4393       |
|    total_timesteps      | 2186080    |
| train/                  |            |
|    approx_kl            | 0.00713146 |
|    clip_fraction        | 0.0593     |
|    clip_range           | 0.2        |
|    entropy_loss         | -0.198     |
|    explained_variance   | 0.226      |
|    learning_rate        | 0.0003     |
|    loss                 | 648        |
|    n_updates            | 10660      |
|    policy_gradient_loss | 0.000211   |
|    value_loss           | 879        |
----------------------------------------
FruitCounts | {'Fruit': 0, 'DecayFruit': 6, 'EnemyFruit': 3} |
-----------------------------------------
| rollout/                |             |
|    ep_len_mean          | 202         |
|    ep_rew_mean          | 395         |
| time/                   |             |
|    fps                  | 156         |
|    iterations           | 336         |
|    time_elapsed         | 4407        |
|    total_timesteps      | 2188128     |
| train/                  |             |
|    approx_kl            | 0.006300358 |
|    clip_fraction        | 0.0463      |
|    clip_range           | 0.2         |
|    entropy_loss         | -0.186      |
|    explained_variance   | 0.235       |
|    learning_rate        | 0.0003      |
|    loss                 | 171         |
|    n_updates            | 10670       |
|    policy_gradient_loss | -0.00167    |
|    value_loss           | 847         |
-----------------------------------------
FruitCounts | {'Fruit': 1, 'DecayFruit': 4, 'EnemyFruit': 1} |
------------------------------------------
| rollout/                |              |
|    ep_len_mean          | 199          |
|    ep_rew_mean          | 392          |
| time/                   |              |
|    fps                  | 156          |
|    iterations           | 337          |
|    time_elapsed         | 4421         |
|    total_timesteps      | 2190176      |
| train/                  |              |
|    approx_kl            | 0.0076882048 |
|    clip_fraction        | 0.0457       |
|    clip_range           | 0.2          |
|    entropy_loss         | -0.197       |
|    explained_variance   | 0.186        |
|    learning_rate        | 0.0003       |
|    loss                 | 409          |
|    n_updates            | 10680        |
|    policy_gradient_loss | -0.000793    |
|    value_loss           | 1.23e+03     |
------------------------------------------
FruitCounts | {'Fruit': 0, 'DecayFruit': 1, 'EnemyFruit': 0} |
------------------------------------------
| rollout/                |              |
|    ep_len_mean          | 189          |
|    ep_rew_mean          | 371          |
| time/                   |              |
|    fps                  | 156          |
|    iterations           | 338          |
|    time_elapsed         | 4435         |
|    total_timesteps      | 2192224      |
| train/                  |              |
|    approx_kl            | 0.0073009566 |
|    clip_fraction        | 0.0501       |
|    clip_range           | 0.2          |
|    entropy_loss         | -0.199       |
|    explained_variance   | 0.344        |
|    learning_rate        | 0.0003       |
|    loss                 | 432          |
|    n_updates            | 10690        |
|    policy_gradient_loss | -8.92e-05    |
|    value_loss           | 1.15e+03     |
------------------------------------------
FruitCounts | {'Fruit': 0, 'DecayFruit': 1, 'EnemyFruit': 0} |
------------------------------------------
| rollout/                |              |
|    ep_len_mean          | 196          |
|    ep_rew_mean          | 378          |
| time/                   |              |
|    fps                  | 156          |
|    iterations           | 339          |
|    time_elapsed         | 4448         |
|    total_timesteps      | 2194272      |
| train/                  |              |
|    approx_kl            | 0.0038099913 |
|    clip_fraction        | 0.0477       |
|    clip_range           | 0.2          |
|    entropy_loss         | -0.176       |
|    explained_variance   | 0.26         |
|    learning_rate        | 0.0003       |
|    loss                 | 455          |
|    n_updates            | 10700        |
|    policy_gradient_loss | -0.00012     |
|    value_loss           | 968          |
------------------------------------------
FruitCounts | {'Fruit': 0, 'DecayFruit': 1, 'EnemyFruit': 0} |
-----------------------------------------
| rollout/                |             |
|    ep_len_mean          | 199         |
|    ep_rew_mean          | 380         |
| time/                   |             |
|    fps                  | 156         |
|    iterations           | 340         |
|    time_elapsed         | 4462        |
|    total_timesteps      | 2196320     |
| train/                  |             |
|    approx_kl            | 0.004539848 |
|    clip_fraction        | 0.0411      |
|    clip_range           | 0.2         |
|    entropy_loss         | -0.19       |
|    explained_variance   | 0.431       |
|    learning_rate        | 0.0003      |
|    loss                 | 330         |
|    n_updates            | 10710       |
|    policy_gradient_loss | -0.000896   |
|    value_loss           | 808         |
-----------------------------------------
FruitCounts | {'Fruit': 0, 'DecayFruit': 14, 'EnemyFruit': 1} |
----------------------------------------
| rollout/                |            |
|    ep_len_mean          | 204        |
|    ep_rew_mean          | 391        |
| time/                   |            |
|    fps                  | 156        |
|    iterations           | 341        |
|    time_elapsed         | 4475       |
|    total_timesteps      | 2198368    |
| train/                  |            |
|    approx_kl            | 0.01114949 |
|    clip_fraction        | 0.0622     |
|    clip_range           | 0.2        |
|    entropy_loss         | -0.196     |
|    explained_variance   | 0.288      |
|    learning_rate        | 0.0003     |
|    loss                 | 340        |
|    n_updates            | 10720      |
|    policy_gradient_loss | -0.00105   |
|    value_loss           | 1.08e+03   |
----------------------------------------
FruitCounts | {'Fruit': 0, 'DecayFruit': 1, 'EnemyFruit': 0} |
-----------------------------------------
| rollout/                |             |
|    ep_len_mean          | 208         |
|    ep_rew_mean          | 409         |
| time/                   |             |
|    fps                  | 156         |
|    iterations           | 342         |
|    time_elapsed         | 4489        |
|    total_timesteps      | 2200416     |
| train/                  |             |
|    approx_kl            | 0.006268167 |
|    clip_fraction        | 0.0534      |
|    clip_range           | 0.2         |
|    entropy_loss         | -0.204      |
|    explained_variance   | 0.414       |
|    learning_rate        | 0.0003      |
|    loss                 | 257         |
|    n_updates            | 10730       |
|    policy_gradient_loss | -0.00263    |
|    value_loss           | 1.08e+03    |
-----------------------------------------
FruitCounts | {'Fruit': 3, 'DecayFruit': 17, 'EnemyFruit': 1} |
------------------------------------------
| rollout/                |              |
|    ep_len_mean          | 198          |
|    ep_rew_mean          | 390          |
| time/                   |              |
|    fps                  | 155          |
|    iterations           | 343          |
|    time_elapsed         | 4504         |
|    total_timesteps      | 2202464      |
| train/                  |              |
|    approx_kl            | 0.0076300306 |
|    clip_fraction        | 0.0526       |
|    clip_range           | 0.2          |
|    entropy_loss         | -0.18        |
|    explained_variance   | 0.278        |
|    learning_rate        | 0.0003       |
|    loss                 | 364          |
|    n_updates            | 10740        |
|    policy_gradient_loss | -0.00242     |
|    value_loss           | 1.24e+03     |
------------------------------------------
FruitCounts | {'Fruit': 0, 'DecayFruit': 3, 'EnemyFruit': 0} |
------------------------------------------
| rollout/                |              |
|    ep_len_mean          | 197          |
|    ep_rew_mean          | 390          |
| time/                   |              |
|    fps                  | 155          |
|    iterations           | 344          |
|    time_elapsed         | 4519         |
|    total_timesteps      | 2204512      |
| train/                  |              |
|    approx_kl            | 0.0068023866 |
|    clip_fraction        | 0.0509       |
|    clip_range           | 0.2          |
|    entropy_loss         | -0.189       |
|    explained_variance   | 0.15         |
|    learning_rate        | 0.0003       |
|    loss                 | 411          |
|    n_updates            | 10750        |
|    policy_gradient_loss | -0.00271     |
|    value_loss           | 1.18e+03     |
------------------------------------------
FruitCounts | {'Fruit': 0, 'DecayFruit': 4, 'EnemyFruit': 0} |
-----------------------------------------
| rollout/                |             |
|    ep_len_mean          | 195         |
|    ep_rew_mean          | 382         |
| time/                   |             |
|    fps                  | 155         |
|    iterations           | 345         |
|    time_elapsed         | 4534        |
|    total_timesteps      | 2206560     |
| train/                  |             |
|    approx_kl            | 0.006323445 |
|    clip_fraction        | 0.0512      |
|    clip_range           | 0.2         |
|    entropy_loss         | -0.189      |
|    explained_variance   | 0.358       |
|    learning_rate        | 0.0003      |
|    loss                 | 700         |
|    n_updates            | 10760       |
|    policy_gradient_loss | -0.00124    |
|    value_loss           | 1.16e+03    |
-----------------------------------------
FruitCounts | {'Fruit': 0, 'DecayFruit': 10, 'EnemyFruit': 1} |
------------------------------------------
| rollout/                |              |
|    ep_len_mean          | 185          |
|    ep_rew_mean          | 368          |
| time/                   |              |
|    fps                  | 155          |
|    iterations           | 346          |
|    time_elapsed         | 4549         |
|    total_timesteps      | 2208608      |
| train/                  |              |
|    approx_kl            | 0.0058591533 |
|    clip_fraction        | 0.0496       |
|    clip_range           | 0.2          |
|    entropy_loss         | -0.193       |
|    explained_variance   | 0.282        |
|    learning_rate        | 0.0003       |
|    loss                 | 442          |
|    n_updates            | 10770        |
|    policy_gradient_loss | -0.00213     |
|    value_loss           | 981          |
------------------------------------------
FruitCounts | {'Fruit': 0, 'DecayFruit': 8, 'EnemyFruit': 0} |
------------------------------------------
| rollout/                |              |
|    ep_len_mean          | 193          |
|    ep_rew_mean          | 378          |
| time/                   |              |
|    fps                  | 155          |
|    iterations           | 347          |
|    time_elapsed         | 4562         |
|    total_timesteps      | 2210656      |
| train/                  |              |
|    approx_kl            | 0.0045511993 |
|    clip_fraction        | 0.0556       |
|    clip_range           | 0.2          |
|    entropy_loss         | -0.201       |
|    explained_variance   | 0.277        |
|    learning_rate        | 0.0003       |
|    loss                 | 498          |
|    n_updates            | 10780        |
|    policy_gradient_loss | -0.00213     |
|    value_loss           | 1.29e+03     |
------------------------------------------
FruitCounts | {'Fruit': 0, 'DecayFruit': 4, 'EnemyFruit': 1} |
------------------------------------------
| rollout/                |              |
|    ep_len_mean          | 201          |
|    ep_rew_mean          | 392          |
| time/                   |              |
|    fps                  | 155          |
|    iterations           | 348          |
|    time_elapsed         | 4574         |
|    total_timesteps      | 2212704      |
| train/                  |              |
|    approx_kl            | 0.0067610615 |
|    clip_fraction        | 0.0538       |
|    clip_range           | 0.2          |
|    entropy_loss         | -0.193       |
|    explained_variance   | 0.292        |
|    learning_rate        | 0.0003       |
|    loss                 | 289          |
|    n_updates            | 10790        |
|    policy_gradient_loss | -0.00293     |
|    value_loss           | 1.02e+03     |
------------------------------------------
FruitCounts | {'Fruit': 0, 'DecayFruit': 5, 'EnemyFruit': 1} |
------------------------------------------
| rollout/                |              |
|    ep_len_mean          | 198          |
|    ep_rew_mean          | 388          |
| time/                   |              |
|    fps                  | 155          |
|    iterations           | 349          |
|    time_elapsed         | 4587         |
|    total_timesteps      | 2214752      |
| train/                  |              |
|    approx_kl            | 0.0061615463 |
|    clip_fraction        | 0.045        |
|    clip_range           | 0.2          |
|    entropy_loss         | -0.187       |
|    explained_variance   | 0.28         |
|    learning_rate        | 0.0003       |
|    loss                 | 526          |
|    n_updates            | 10800        |
|    policy_gradient_loss | -0.00206     |
|    value_loss           | 906          |
------------------------------------------
FruitCounts | {'Fruit': 0, 'DecayFruit': 0, 'EnemyFruit': 0} |
-----------------------------------------
| rollout/                |             |
|    ep_len_mean          | 192         |
|    ep_rew_mean          | 375         |
| time/                   |             |
|    fps                  | 155         |
|    iterations           | 350         |
|    time_elapsed         | 4603        |
|    total_timesteps      | 2216800     |
| train/                  |             |
|    approx_kl            | 0.007633161 |
|    clip_fraction        | 0.0506      |
|    clip_range           | 0.2         |
|    entropy_loss         | -0.203      |
|    explained_variance   | 0.365       |
|    learning_rate        | 0.0003      |
|    loss                 | 461         |
|    n_updates            | 10810       |
|    policy_gradient_loss | -0.000891   |
|    value_loss           | 843         |
-----------------------------------------
FruitCounts | {'Fruit': 0, 'DecayFruit': 6, 'EnemyFruit': 2} |
-----------------------------------------
| rollout/                |             |
|    ep_len_mean          | 198         |
|    ep_rew_mean          | 391         |
| time/                   |             |
|    fps                  | 155         |
|    iterations           | 351         |
|    time_elapsed         | 4615        |
|    total_timesteps      | 2218848     |
| train/                  |             |
|    approx_kl            | 0.006545103 |
|    clip_fraction        | 0.0515      |
|    clip_range           | 0.2         |
|    entropy_loss         | -0.198      |
|    explained_variance   | 0.204       |
|    learning_rate        | 0.0003      |
|    loss                 | 454         |
|    n_updates            | 10820       |
|    policy_gradient_loss | -0.00453    |
|    value_loss           | 1.46e+03    |
-----------------------------------------
FruitCounts | {'Fruit': 0, 'DecayFruit': 8, 'EnemyFruit': 2} |
-----------------------------------------
| rollout/                |             |
|    ep_len_mean          | 201         |
|    ep_rew_mean          | 386         |
| time/                   |             |
|    fps                  | 155         |
|    iterations           | 352         |
|    time_elapsed         | 4629        |
|    total_timesteps      | 2220896     |
| train/                  |             |
|    approx_kl            | 0.004937608 |
|    clip_fraction        | 0.0452      |
|    clip_range           | 0.2         |
|    entropy_loss         | -0.188      |
|    explained_variance   | 0.439       |
|    learning_rate        | 0.0003      |
|    loss                 | 716         |
|    n_updates            | 10830       |
|    policy_gradient_loss | -0.00104    |
|    value_loss           | 936         |
-----------------------------------------
FruitCounts | {'Fruit': 0, 'DecayFruit': 3, 'EnemyFruit': 0} |
-----------------------------------------
| rollout/                |             |
|    ep_len_mean          | 208         |
|    ep_rew_mean          | 402         |
| time/                   |             |
|    fps                  | 155         |
|    iterations           | 353         |
|    time_elapsed         | 4643        |
|    total_timesteps      | 2222944     |
| train/                  |             |
|    approx_kl            | 0.010013536 |
|    clip_fraction        | 0.053       |
|    clip_range           | 0.2         |
|    entropy_loss         | -0.211      |
|    explained_variance   | 0.235       |
|    learning_rate        | 0.0003      |
|    loss                 | 511         |
|    n_updates            | 10840       |
|    policy_gradient_loss | 0.000618    |
|    value_loss           | 1.44e+03    |
-----------------------------------------
FruitCounts | {'Fruit': 0, 'DecayFruit': 11, 'EnemyFruit': 3} |
-----------------------------------------
| rollout/                |             |
|    ep_len_mean          | 203         |
|    ep_rew_mean          | 380         |
| time/                   |             |
|    fps                  | 155         |
|    iterations           | 354         |
|    time_elapsed         | 4657        |
|    total_timesteps      | 2224992     |
| train/                  |             |
|    approx_kl            | 0.005759684 |
|    clip_fraction        | 0.0526      |
|    clip_range           | 0.2         |
|    entropy_loss         | -0.188      |
|    explained_variance   | 0.436       |
|    learning_rate        | 0.0003      |
|    loss                 | 408         |
|    n_updates            | 10850       |
|    policy_gradient_loss | -0.00361    |
|    value_loss           | 936         |
-----------------------------------------
FruitCounts | {'Fruit': 0, 'DecayFruit': 0, 'EnemyFruit': 0} |
-----------------------------------------
| rollout/                |             |
|    ep_len_mean          | 212         |
|    ep_rew_mean          | 402         |
| time/                   |             |
|    fps                  | 155         |
|    iterations           | 355         |
|    time_elapsed         | 4671        |
|    total_timesteps      | 2227040     |
| train/                  |             |
|    approx_kl            | 0.021300476 |
|    clip_fraction        | 0.0688      |
|    clip_range           | 0.2         |
|    entropy_loss         | -0.197      |
|    explained_variance   | 0.228       |
|    learning_rate        | 0.0003      |
|    loss                 | 326         |
|    n_updates            | 10860       |
|    policy_gradient_loss | -0.00365    |
|    value_loss           | 978         |
-----------------------------------------
FruitCounts | {'Fruit': 0, 'DecayFruit': 3, 'EnemyFruit': 0} |
-----------------------------------------
| rollout/                |             |
|    ep_len_mean          | 214         |
|    ep_rew_mean          | 390         |
| time/                   |             |
|    fps                  | 155         |
|    iterations           | 356         |
|    time_elapsed         | 4685        |
|    total_timesteps      | 2229088     |
| train/                  |             |
|    approx_kl            | 0.009970122 |
|    clip_fraction        | 0.0557      |
|    clip_range           | 0.2         |
|    entropy_loss         | -0.194      |
|    explained_variance   | 0.368       |
|    learning_rate        | 0.0003      |
|    loss                 | 421         |
|    n_updates            | 10870       |
|    policy_gradient_loss | -0.000562   |
|    value_loss           | 977         |
-----------------------------------------
FruitCounts | {'Fruit': 0, 'DecayFruit': 1, 'EnemyFruit': 0} |
------------------------------------------
| rollout/                |              |
|    ep_len_mean          | 224          |
|    ep_rew_mean          | 396          |
| time/                   |              |
|    fps                  | 155          |
|    iterations           | 357          |
|    time_elapsed         | 4698         |
|    total_timesteps      | 2231136      |
| train/                  |              |
|    approx_kl            | 0.0059989155 |
|    clip_fraction        | 0.0533       |
|    clip_range           | 0.2          |
|    entropy_loss         | -0.202       |
|    explained_variance   | 0.397        |
|    learning_rate        | 0.0003       |
|    loss                 | 399          |
|    n_updates            | 10880        |
|    policy_gradient_loss | -0.00363     |
|    value_loss           | 1.02e+03     |
------------------------------------------
FruitCounts | {'Fruit': 0, 'DecayFruit': 3, 'EnemyFruit': 2} |
----------------------------------------
| rollout/                |            |
|    ep_len_mean          | 219        |
|    ep_rew_mean          | 391        |
| time/                   |            |
|    fps                  | 155        |
|    iterations           | 358        |
|    time_elapsed         | 4713       |
|    total_timesteps      | 2233184    |
| train/                  |            |
|    approx_kl            | 0.00968442 |
|    clip_fraction        | 0.0669     |
|    clip_range           | 0.2        |
|    entropy_loss         | -0.189     |
|    explained_variance   | 0.154      |
|    learning_rate        | 0.0003     |
|    loss                 | 307        |
|    n_updates            | 10890      |
|    policy_gradient_loss | -0.00445   |
|    value_loss           | 755        |
----------------------------------------
FruitCounts | {'Fruit': 0, 'DecayFruit': 2, 'EnemyFruit': 0} |
-----------------------------------------
| rollout/                |             |
|    ep_len_mean          | 208         |
|    ep_rew_mean          | 379         |
| time/                   |             |
|    fps                  | 155         |
|    iterations           | 359         |
|    time_elapsed         | 4727        |
|    total_timesteps      | 2235232     |
| train/                  |             |
|    approx_kl            | 0.008295894 |
|    clip_fraction        | 0.057       |
|    clip_range           | 0.2         |
|    entropy_loss         | -0.199      |
|    explained_variance   | 0.327       |
|    learning_rate        | 0.0003      |
|    loss                 | 243         |
|    n_updates            | 10900       |
|    policy_gradient_loss | -0.00312    |
|    value_loss           | 1.17e+03    |
-----------------------------------------
FruitCounts | {'Fruit': 0, 'DecayFruit': 4, 'EnemyFruit': 0} |
------------------------------------------
| rollout/                |              |
|    ep_len_mean          | 200          |
|    ep_rew_mean          | 368          |
| time/                   |              |
|    fps                  | 155          |
|    iterations           | 360          |
|    time_elapsed         | 4743         |
|    total_timesteps      | 2237280      |
| train/                  |              |
|    approx_kl            | 0.0064776163 |
|    clip_fraction        | 0.0447       |
|    clip_range           | 0.2          |
|    entropy_loss         | -0.185       |
|    explained_variance   | 0.236        |
|    learning_rate        | 0.0003       |
|    loss                 | 897          |
|    n_updates            | 10910        |
|    policy_gradient_loss | 0.000911     |
|    value_loss           | 1.14e+03     |
------------------------------------------
FruitCounts | {'Fruit': 0, 'DecayFruit': 1, 'EnemyFruit': 0} |
----------------------------------------
| rollout/                |            |
|    ep_len_mean          | 194        |
|    ep_rew_mean          | 348        |
| time/                   |            |
|    fps                  | 155        |
|    iterations           | 361        |
|    time_elapsed         | 4757       |
|    total_timesteps      | 2239328    |
| train/                  |            |
|    approx_kl            | 0.00813095 |
|    clip_fraction        | 0.0529     |
|    clip_range           | 0.2        |
|    entropy_loss         | -0.195     |
|    explained_variance   | 0.292      |
|    learning_rate        | 0.0003     |
|    loss                 | 564        |
|    n_updates            | 10920      |
|    policy_gradient_loss | -0.00598   |
|    value_loss           | 1.34e+03   |
----------------------------------------
FruitCounts | {'Fruit': 0, 'DecayFruit': 3, 'EnemyFruit': 0} |
------------------------------------------
| rollout/                |              |
|    ep_len_mean          | 189          |
|    ep_rew_mean          | 332          |
| time/                   |              |
|    fps                  | 155          |
|    iterations           | 362          |
|    time_elapsed         | 4771         |
|    total_timesteps      | 2241376      |
| train/                  |              |
|    approx_kl            | 0.0070095933 |
|    clip_fraction        | 0.0479       |
|    clip_range           | 0.2          |
|    entropy_loss         | -0.191       |
|    explained_variance   | 0.306        |
|    learning_rate        | 0.0003       |
|    loss                 | 441          |
|    n_updates            | 10930        |
|    policy_gradient_loss | -0.00339     |
|    value_loss           | 1.11e+03     |
------------------------------------------
FruitCounts | {'Fruit': 0, 'DecayFruit': 14, 'EnemyFruit': 1} |
-----------------------------------------
| rollout/                |             |
|    ep_len_mean          | 188         |
|    ep_rew_mean          | 339         |
| time/                   |             |
|    fps                  | 155         |
|    iterations           | 363         |
|    time_elapsed         | 4786        |
|    total_timesteps      | 2243424     |
| train/                  |             |
|    approx_kl            | 0.008093812 |
|    clip_fraction        | 0.0507      |
|    clip_range           | 0.2         |
|    entropy_loss         | -0.194      |
|    explained_variance   | 0.19        |
|    learning_rate        | 0.0003      |
|    loss                 | 436         |
|    n_updates            | 10940       |
|    policy_gradient_loss | -0.0025     |
|    value_loss           | 993         |
-----------------------------------------
FruitCounts | {'Fruit': 1, 'DecayFruit': 10, 'EnemyFruit': 2} |
----------------------------------------
| rollout/                |            |
|    ep_len_mean          | 182        |
|    ep_rew_mean          | 335        |
| time/                   |            |
|    fps                  | 155        |
|    iterations           | 364        |
|    time_elapsed         | 4799       |
|    total_timesteps      | 2245472    |
| train/                  |            |
|    approx_kl            | 0.00797209 |
|    clip_fraction        | 0.063      |
|    clip_range           | 0.2        |
|    entropy_loss         | -0.201     |
|    explained_variance   | 0.337      |
|    learning_rate        | 0.0003     |
|    loss                 | 491        |
|    n_updates            | 10950      |
|    policy_gradient_loss | -0.00291   |
|    value_loss           | 1.08e+03   |
----------------------------------------
FruitCounts | {'Fruit': 0, 'DecayFruit': 6, 'EnemyFruit': 2} |
-----------------------------------------
| rollout/                |             |
|    ep_len_mean          | 180         |
|    ep_rew_mean          | 335         |
| time/                   |             |
|    fps                  | 155         |
|    iterations           | 365         |
|    time_elapsed         | 4814        |
|    total_timesteps      | 2247520     |
| train/                  |             |
|    approx_kl            | 0.005324918 |
|    clip_fraction        | 0.0666      |
|    clip_range           | 0.2         |
|    entropy_loss         | -0.181      |
|    explained_variance   | 0.309       |
|    learning_rate        | 0.0003      |
|    loss                 | 571         |
|    n_updates            | 10960       |
|    policy_gradient_loss | 0.00187     |
|    value_loss           | 978         |
-----------------------------------------
FruitCounts | {'Fruit': 0, 'DecayFruit': 10, 'EnemyFruit': 3} |
----------------------------------------
| rollout/                |            |
|    ep_len_mean          | 173        |
|    ep_rew_mean          | 334        |
| time/                   |            |
|    fps                  | 155        |
|    iterations           | 366        |
|    time_elapsed         | 4828       |
|    total_timesteps      | 2249568    |
| train/                  |            |
|    approx_kl            | 0.00724903 |
|    clip_fraction        | 0.0504     |
|    clip_range           | 0.2        |
|    entropy_loss         | -0.194     |
|    explained_variance   | 0.172      |
|    learning_rate        | 0.0003     |
|    loss                 | 333        |
|    n_updates            | 10970      |
|    policy_gradient_loss | -0.00096   |
|    value_loss           | 963        |
----------------------------------------
FruitCounts | {'Fruit': 0, 'DecayFruit': 3, 'EnemyFruit': 0} |
-----------------------------------------
| rollout/                |             |
|    ep_len_mean          | 178         |
|    ep_rew_mean          | 328         |
| time/                   |             |
|    fps                  | 155         |
|    iterations           | 367         |
|    time_elapsed         | 4841        |
|    total_timesteps      | 2251616     |
| train/                  |             |
|    approx_kl            | 0.005445355 |
|    clip_fraction        | 0.0447      |
|    clip_range           | 0.2         |
|    entropy_loss         | -0.194      |
|    explained_variance   | 0.388       |
|    learning_rate        | 0.0003      |
|    loss                 | 377         |
|    n_updates            | 10980       |
|    policy_gradient_loss | -0.00243    |
|    value_loss           | 1.09e+03    |
-----------------------------------------
FruitCounts | {'Fruit': 0, 'DecayFruit': 3, 'EnemyFruit': 0} |
----------------------------------------
| rollout/                |            |
|    ep_len_mean          | 185        |
|    ep_rew_mean          | 341        |
| time/                   |            |
|    fps                  | 155        |
|    iterations           | 368        |
|    time_elapsed         | 4854       |
|    total_timesteps      | 2253664    |
| train/                  |            |
|    approx_kl            | 0.01210825 |
|    clip_fraction        | 0.0648     |
|    clip_range           | 0.2        |
|    entropy_loss         | -0.173     |
|    explained_variance   | 0.246      |
|    learning_rate        | 0.0003     |
|    loss                 | 316        |
|    n_updates            | 10990      |
|    policy_gradient_loss | -0.00448   |
|    value_loss           | 698        |
----------------------------------------
FruitCounts | {'Fruit': 0, 'DecayFruit': 11, 'EnemyFruit': 4} |
-----------------------------------------
| rollout/                |             |
|    ep_len_mean          | 196         |
|    ep_rew_mean          | 362         |
| time/                   |             |
|    fps                  | 155         |
|    iterations           | 369         |
|    time_elapsed         | 4867        |
|    total_timesteps      | 2255712     |
| train/                  |             |
|    approx_kl            | 0.008468462 |
|    clip_fraction        | 0.0575      |
|    clip_range           | 0.2         |
|    entropy_loss         | -0.185      |
|    explained_variance   | 0.334       |
|    learning_rate        | 0.0003      |
|    loss                 | 292         |
|    n_updates            | 11000       |
|    policy_gradient_loss | -0.00386    |
|    value_loss           | 733         |
-----------------------------------------
FruitCounts | {'Fruit': 0, 'DecayFruit': 2, 'EnemyFruit': 0} |
-----------------------------------------
| rollout/                |             |
|    ep_len_mean          | 204         |
|    ep_rew_mean          | 373         |
| time/                   |             |
|    fps                  | 155         |
|    iterations           | 370         |
|    time_elapsed         | 4881        |
|    total_timesteps      | 2257760     |
| train/                  |             |
|    approx_kl            | 0.004610802 |
|    clip_fraction        | 0.0405      |
|    clip_range           | 0.2         |
|    entropy_loss         | -0.197      |
|    explained_variance   | 0.404       |
|    learning_rate        | 0.0003      |
|    loss                 | 414         |
|    n_updates            | 11010       |
|    policy_gradient_loss | -0.00202    |
|    value_loss           | 789         |
-----------------------------------------
FruitCounts | {'Fruit': 1, 'DecayFruit': 8, 'EnemyFruit': 0} |
-----------------------------------------
| rollout/                |             |
|    ep_len_mean          | 204         |
|    ep_rew_mean          | 365         |
| time/                   |             |
|    fps                  | 155         |
|    iterations           | 371         |
|    time_elapsed         | 4895        |
|    total_timesteps      | 2259808     |
| train/                  |             |
|    approx_kl            | 0.019458879 |
|    clip_fraction        | 0.0482      |
|    clip_range           | 0.2         |
|    entropy_loss         | -0.191      |
|    explained_variance   | 0.289       |
|    learning_rate        | 0.0003      |
|    loss                 | 442         |
|    n_updates            | 11020       |
|    policy_gradient_loss | 0.001       |
|    value_loss           | 1.13e+03    |
-----------------------------------------
FruitCounts | {'Fruit': 0, 'DecayFruit': 8, 'EnemyFruit': 6} |
-----------------------------------------
| rollout/                |             |
|    ep_len_mean          | 199         |
|    ep_rew_mean          | 350         |
| time/                   |             |
|    fps                  | 155         |
|    iterations           | 372         |
|    time_elapsed         | 4910        |
|    total_timesteps      | 2261856     |
| train/                  |             |
|    approx_kl            | 0.017599087 |
|    clip_fraction        | 0.0715      |
|    clip_range           | 0.2         |
|    entropy_loss         | -0.212      |
|    explained_variance   | 0.135       |
|    learning_rate        | 0.0003      |
|    loss                 | 177         |
|    n_updates            | 11030       |
|    policy_gradient_loss | 0.00303     |
|    value_loss           | 1.03e+03    |
-----------------------------------------
FruitCounts | {'Fruit': 0, 'DecayFruit': 2, 'EnemyFruit': 0} |
----------------------------------------
| rollout/                |            |
|    ep_len_mean          | 197        |
|    ep_rew_mean          | 334        |
| time/                   |            |
|    fps                  | 155        |
|    iterations           | 373        |
|    time_elapsed         | 4924       |
|    total_timesteps      | 2263904    |
| train/                  |            |
|    approx_kl            | 0.01084435 |
|    clip_fraction        | 0.0647     |
|    clip_range           | 0.2        |
|    entropy_loss         | -0.197     |
|    explained_variance   | 0.228      |
|    learning_rate        | 0.0003     |
|    loss                 | 211        |
|    n_updates            | 11040      |
|    policy_gradient_loss | -0.00367   |
|    value_loss           | 1.1e+03    |
----------------------------------------
FruitCounts | {'Fruit': 0, 'DecayFruit': 12, 'EnemyFruit': 1} |
------------------------------------------
| rollout/                |              |
|    ep_len_mean          | 196          |
|    ep_rew_mean          | 329          |
| time/                   |              |
|    fps                  | 155          |
|    iterations           | 374          |
|    time_elapsed         | 4937         |
|    total_timesteps      | 2265952      |
| train/                  |              |
|    approx_kl            | 0.0072542685 |
|    clip_fraction        | 0.0484       |
|    clip_range           | 0.2          |
|    entropy_loss         | -0.182       |
|    explained_variance   | 0.0452       |
|    learning_rate        | 0.0003       |
|    loss                 | 342          |
|    n_updates            | 11050        |
|    policy_gradient_loss | -0.00181     |
|    value_loss           | 969          |
------------------------------------------
FruitCounts | {'Fruit': 0, 'DecayFruit': 2, 'EnemyFruit': 1} |
-----------------------------------------
| rollout/                |             |
|    ep_len_mean          | 201         |
|    ep_rew_mean          | 341         |
| time/                   |             |
|    fps                  | 155         |
|    iterations           | 375         |
|    time_elapsed         | 4952        |
|    total_timesteps      | 2268000     |
| train/                  |             |
|    approx_kl            | 0.004863005 |
|    clip_fraction        | 0.0591      |
|    clip_range           | 0.2         |
|    entropy_loss         | -0.194      |
|    explained_variance   | 0.256       |
|    learning_rate        | 0.0003      |
|    loss                 | 285         |
|    n_updates            | 11060       |
|    policy_gradient_loss | -0.0013     |
|    value_loss           | 1.07e+03    |
-----------------------------------------
FruitCounts | {'Fruit': 0, 'DecayFruit': 7, 'EnemyFruit': 0} |
------------------------------------------
| rollout/                |              |
|    ep_len_mean          | 209          |
|    ep_rew_mean          | 352          |
| time/                   |              |
|    fps                  | 155          |
|    iterations           | 376          |
|    time_elapsed         | 4965         |
|    total_timesteps      | 2270048      |
| train/                  |              |
|    approx_kl            | 0.0059762504 |
|    clip_fraction        | 0.0518       |
|    clip_range           | 0.2          |
|    entropy_loss         | -0.188       |
|    explained_variance   | 0.282        |
|    learning_rate        | 0.0003       |
|    loss                 | 524          |
|    n_updates            | 11070        |
|    policy_gradient_loss | -0.00371     |
|    value_loss           | 1.1e+03      |
------------------------------------------
FruitCounts | {'Fruit': 0, 'DecayFruit': 2, 'EnemyFruit': 2} |
------------------------------------------
| rollout/                |              |
|    ep_len_mean          | 200          |
|    ep_rew_mean          | 346          |
| time/                   |              |
|    fps                  | 155          |
|    iterations           | 377          |
|    time_elapsed         | 4978         |
|    total_timesteps      | 2272096      |
| train/                  |              |
|    approx_kl            | 0.0062997686 |
|    clip_fraction        | 0.059        |
|    clip_range           | 0.2          |
|    entropy_loss         | -0.193       |
|    explained_variance   | 0.351        |
|    learning_rate        | 0.0003       |
|    loss                 | 322          |
|    n_updates            | 11080        |
|    policy_gradient_loss | -0.00207     |
|    value_loss           | 727          |
------------------------------------------
FruitCounts | {'Fruit': 0, 'DecayFruit': 5, 'EnemyFruit': 1} |
------------------------------------------
| rollout/                |              |
|    ep_len_mean          | 196          |
|    ep_rew_mean          | 332          |
| time/                   |              |
|    fps                  | 155          |
|    iterations           | 378          |
|    time_elapsed         | 4992         |
|    total_timesteps      | 2274144      |
| train/                  |              |
|    approx_kl            | 0.0059306286 |
|    clip_fraction        | 0.0483       |
|    clip_range           | 0.2          |
|    entropy_loss         | -0.188       |
|    explained_variance   | 0.21         |
|    learning_rate        | 0.0003       |
|    loss                 | 387          |
|    n_updates            | 11090        |
|    policy_gradient_loss | -0.00281     |
|    value_loss           | 1.01e+03     |
------------------------------------------
FruitCounts | {'Fruit': 0, 'DecayFruit': 9, 'EnemyFruit': 2} |
------------------------------------------
| rollout/                |              |
|    ep_len_mean          | 195          |
|    ep_rew_mean          | 335          |
| time/                   |              |
|    fps                  | 155          |
|    iterations           | 379          |
|    time_elapsed         | 5006         |
|    total_timesteps      | 2276192      |
| train/                  |              |
|    approx_kl            | 0.0073946575 |
|    clip_fraction        | 0.0599       |
|    clip_range           | 0.2          |
|    entropy_loss         | -0.192       |
|    explained_variance   | 0.322        |
|    learning_rate        | 0.0003       |
|    loss                 | 256          |
|    n_updates            | 11100        |
|    policy_gradient_loss | -0.0025      |
|    value_loss           | 831          |
------------------------------------------
FruitCounts | {'Fruit': 0, 'DecayFruit': 9, 'EnemyFruit': 0} |
------------------------------------------
| rollout/                |              |
|    ep_len_mean          | 197          |
|    ep_rew_mean          | 345          |
| time/                   |              |
|    fps                  | 154          |
|    iterations           | 380          |
|    time_elapsed         | 5021         |
|    total_timesteps      | 2278240      |
| train/                  |              |
|    approx_kl            | 0.0052347966 |
|    clip_fraction        | 0.0426       |
|    clip_range           | 0.2          |
|    entropy_loss         | -0.176       |
|    explained_variance   | 0.412        |
|    learning_rate        | 0.0003       |
|    loss                 | 346          |
|    n_updates            | 11110        |
|    policy_gradient_loss | -0.000975    |
|    value_loss           | 960          |
------------------------------------------
FruitCounts | {'Fruit': 0, 'DecayFruit': 10, 'EnemyFruit': 3} |
-----------------------------------------
| rollout/                |             |
|    ep_len_mean          | 199         |
|    ep_rew_mean          | 360         |
| time/                   |             |
|    fps                  | 154         |
|    iterations           | 381         |
|    time_elapsed         | 5034        |
|    total_timesteps      | 2280288     |
| train/                  |             |
|    approx_kl            | 0.006944296 |
|    clip_fraction        | 0.0509      |
|    clip_range           | 0.2         |
|    entropy_loss         | -0.186      |
|    explained_variance   | 0.236       |
|    learning_rate        | 0.0003      |
|    loss                 | 521         |
|    n_updates            | 11120       |
|    policy_gradient_loss | -0.00132    |
|    value_loss           | 1.08e+03    |
-----------------------------------------
FruitCounts | {'Fruit': 0, 'DecayFruit': 6, 'EnemyFruit': 3} |
------------------------------------------
| rollout/                |              |
|    ep_len_mean          | 207          |
|    ep_rew_mean          | 378          |
| time/                   |              |
|    fps                  | 154          |
|    iterations           | 382          |
|    time_elapsed         | 5047         |
|    total_timesteps      | 2282336      |
| train/                  |              |
|    approx_kl            | 0.0060839886 |
|    clip_fraction        | 0.0485       |
|    clip_range           | 0.2          |
|    entropy_loss         | -0.169       |
|    explained_variance   | 0.296        |
|    learning_rate        | 0.0003       |
|    loss                 | 355          |
|    n_updates            | 11130        |
|    policy_gradient_loss | -0.00268     |
|    value_loss           | 1.07e+03     |
------------------------------------------
FruitCounts | {'Fruit': 0, 'DecayFruit': 0, 'EnemyFruit': 0} |
-----------------------------------------
| rollout/                |             |
|    ep_len_mean          | 217         |
|    ep_rew_mean          | 395         |
| time/                   |             |
|    fps                  | 154         |
|    iterations           | 383         |
|    time_elapsed         | 5060        |
|    total_timesteps      | 2284384     |
| train/                  |             |
|    approx_kl            | 0.010413281 |
|    clip_fraction        | 0.0608      |
|    clip_range           | 0.2         |
|    entropy_loss         | -0.195      |
|    explained_variance   | 0.286       |
|    learning_rate        | 0.0003      |
|    loss                 | 235         |
|    n_updates            | 11140       |
|    policy_gradient_loss | -0.0029     |
|    value_loss           | 880         |
-----------------------------------------
FruitCounts | {'Fruit': 0, 'DecayFruit': 1, 'EnemyFruit': 0} |
------------------------------------------
| rollout/                |              |
|    ep_len_mean          | 215          |
|    ep_rew_mean          | 389          |
| time/                   |              |
|    fps                  | 154          |
|    iterations           | 384          |
|    time_elapsed         | 5074         |
|    total_timesteps      | 2286432      |
| train/                  |              |
|    approx_kl            | 0.0034204186 |
|    clip_fraction        | 0.047        |
|    clip_range           | 0.2          |
|    entropy_loss         | -0.157       |
|    explained_variance   | 0.295        |
|    learning_rate        | 0.0003       |
|    loss                 | 268          |
|    n_updates            | 11150        |
|    policy_gradient_loss | -0.00176     |
|    value_loss           | 743          |
------------------------------------------
FruitCounts | {'Fruit': 1, 'DecayFruit': 13, 'EnemyFruit': 3} |
------------------------------------------
| rollout/                |              |
|    ep_len_mean          | 211          |
|    ep_rew_mean          | 378          |
| time/                   |              |
|    fps                  | 154          |
|    iterations           | 385          |
|    time_elapsed         | 5087         |
|    total_timesteps      | 2288480      |
| train/                  |              |
|    approx_kl            | 0.0071158498 |
|    clip_fraction        | 0.0482       |
|    clip_range           | 0.2          |
|    entropy_loss         | -0.178       |
|    explained_variance   | 0.247        |
|    learning_rate        | 0.0003       |
|    loss                 | 358          |
|    n_updates            | 11160        |
|    policy_gradient_loss | -0.000154    |
|    value_loss           | 1.02e+03     |
------------------------------------------
FruitCounts | {'Fruit': 0, 'DecayFruit': 8, 'EnemyFruit': 3} |
------------------------------------------
| rollout/                |              |
|    ep_len_mean          | 211          |
|    ep_rew_mean          | 384          |
| time/                   |              |
|    fps                  | 154          |
|    iterations           | 386          |
|    time_elapsed         | 5102         |
|    total_timesteps      | 2290528      |
| train/                  |              |
|    approx_kl            | 0.0072674123 |
|    clip_fraction        | 0.0519       |
|    clip_range           | 0.2          |
|    entropy_loss         | -0.201       |
|    explained_variance   | 0.214        |
|    learning_rate        | 0.0003       |
|    loss                 | 399          |
|    n_updates            | 11170        |
|    policy_gradient_loss | -0.002       |
|    value_loss           | 866          |
------------------------------------------
FruitCounts | {'Fruit': 1, 'DecayFruit': 11, 'EnemyFruit': 6} |
------------------------------------------
| rollout/                |              |
|    ep_len_mean          | 215          |
|    ep_rew_mean          | 392          |
| time/                   |              |
|    fps                  | 154          |
|    iterations           | 387          |
|    time_elapsed         | 5114         |
|    total_timesteps      | 2292576      |
| train/                  |              |
|    approx_kl            | 0.0053370483 |
|    clip_fraction        | 0.0395       |
|    clip_range           | 0.2          |
|    entropy_loss         | -0.18        |
|    explained_variance   | 0.373        |
|    learning_rate        | 0.0003       |
|    loss                 | 606          |
|    n_updates            | 11180        |
|    policy_gradient_loss | -0.00161     |
|    value_loss           | 1.06e+03     |
------------------------------------------
FruitCounts | {'Fruit': 2, 'DecayFruit': 5, 'EnemyFruit': 0} |
-----------------------------------------
| rollout/                |             |
|    ep_len_mean          | 206         |
|    ep_rew_mean          | 372         |
| time/                   |             |
|    fps                  | 154         |
|    iterations           | 388         |
|    time_elapsed         | 5130        |
|    total_timesteps      | 2294624     |
| train/                  |             |
|    approx_kl            | 0.007165157 |
|    clip_fraction        | 0.0523      |
|    clip_range           | 0.2         |
|    entropy_loss         | -0.179      |
|    explained_variance   | 0.361       |
|    learning_rate        | 0.0003      |
|    loss                 | 341         |
|    n_updates            | 11190       |
|    policy_gradient_loss | -0.00446    |
|    value_loss           | 964         |
-----------------------------------------
FruitCounts | {'Fruit': 0, 'DecayFruit': 1, 'EnemyFruit': 1} |
----------------------------------------
| rollout/                |            |
|    ep_len_mean          | 204        |
|    ep_rew_mean          | 370        |
| time/                   |            |
|    fps                  | 154        |
|    iterations           | 389        |
|    time_elapsed         | 5144       |
|    total_timesteps      | 2296672    |
| train/                  |            |
|    approx_kl            | 0.01006682 |
|    clip_fraction        | 0.0372     |
|    clip_range           | 0.2        |
|    entropy_loss         | -0.158     |
|    explained_variance   | 0.145      |
|    learning_rate        | 0.0003     |
|    loss                 | 1.03e+03   |
|    n_updates            | 11200      |
|    policy_gradient_loss | -0.000358  |
|    value_loss           | 1.27e+03   |
----------------------------------------
FruitCounts | {'Fruit': 0, 'DecayFruit': 1, 'EnemyFruit': 1} |
------------------------------------------
| rollout/                |              |
|    ep_len_mean          | 207          |
|    ep_rew_mean          | 371          |
| time/                   |              |
|    fps                  | 154          |
|    iterations           | 390          |
|    time_elapsed         | 5157         |
|    total_timesteps      | 2298720      |
| train/                  |              |
|    approx_kl            | 0.0070356512 |
|    clip_fraction        | 0.0429       |
|    clip_range           | 0.2          |
|    entropy_loss         | -0.194       |
|    explained_variance   | 0.284        |
|    learning_rate        | 0.0003       |
|    loss                 | 598          |
|    n_updates            | 11210        |
|    policy_gradient_loss | -0.00243     |
|    value_loss           | 1.47e+03     |
------------------------------------------
FruitCounts | {'Fruit': 0, 'DecayFruit': 0, 'EnemyFruit': 0} |
-----------------------------------------
| rollout/                |             |
|    ep_len_mean          | 208         |
|    ep_rew_mean          | 359         |
| time/                   |             |
|    fps                  | 154         |
|    iterations           | 391         |
|    time_elapsed         | 5170        |
|    total_timesteps      | 2300768     |
| train/                  |             |
|    approx_kl            | 0.012752522 |
|    clip_fraction        | 0.0666      |
|    clip_range           | 0.2         |
|    entropy_loss         | -0.165      |
|    explained_variance   | 0.0574      |
|    learning_rate        | 0.0003      |
|    loss                 | 214         |
|    n_updates            | 11220       |
|    policy_gradient_loss | -0.0027     |
|    value_loss           | 957         |
-----------------------------------------
FruitCounts | {'Fruit': 0, 'DecayFruit': 3, 'EnemyFruit': 2} |
-----------------------------------------
| rollout/                |             |
|    ep_len_mean          | 202         |
|    ep_rew_mean          | 361         |
| time/                   |             |
|    fps                  | 154         |
|    iterations           | 392         |
|    time_elapsed         | 5185        |
|    total_timesteps      | 2302816     |
| train/                  |             |
|    approx_kl            | 0.005952504 |
|    clip_fraction        | 0.0582      |
|    clip_range           | 0.2         |
|    entropy_loss         | -0.195      |
|    explained_variance   | 0.3         |
|    learning_rate        | 0.0003      |
|    loss                 | 359         |
|    n_updates            | 11230       |
|    policy_gradient_loss | -0.00107    |
|    value_loss           | 838         |
-----------------------------------------
FruitCounts | {'Fruit': 0, 'DecayFruit': 5, 'EnemyFruit': 1} |
------------------------------------------
| rollout/                |              |
|    ep_len_mean          | 195          |
|    ep_rew_mean          | 359          |
| time/                   |              |
|    fps                  | 154          |
|    iterations           | 393          |
|    time_elapsed         | 5199         |
|    total_timesteps      | 2304864      |
| train/                  |              |
|    approx_kl            | 0.0076589994 |
|    clip_fraction        | 0.0502       |
|    clip_range           | 0.2          |
|    entropy_loss         | -0.185       |
|    explained_variance   | 0.346        |
|    learning_rate        | 0.0003       |
|    loss                 | 379          |
|    n_updates            | 11240        |
|    policy_gradient_loss | -0.000438    |
|    value_loss           | 1.05e+03     |
------------------------------------------
FruitCounts | {'Fruit': 0, 'DecayFruit': 0, 'EnemyFruit': 0} |
-----------------------------------------
| rollout/                |             |
|    ep_len_mean          | 191         |
|    ep_rew_mean          | 362         |
| time/                   |             |
|    fps                  | 154         |
|    iterations           | 394         |
|    time_elapsed         | 5213        |
|    total_timesteps      | 2306912     |
| train/                  |             |
|    approx_kl            | 0.007843226 |
|    clip_fraction        | 0.0471      |
|    clip_range           | 0.2         |
|    entropy_loss         | -0.172      |
|    explained_variance   | 0.163       |
|    learning_rate        | 0.0003      |
|    loss                 | 455         |
|    n_updates            | 11250       |
|    policy_gradient_loss | -0.00153    |
|    value_loss           | 1.02e+03    |
-----------------------------------------
FruitCounts | {'Fruit': 1, 'DecayFruit': 9, 'EnemyFruit': 5} |
-----------------------------------------
| rollout/                |             |
|    ep_len_mean          | 201         |
|    ep_rew_mean          | 377         |
| time/                   |             |
|    fps                  | 154         |
|    iterations           | 395         |
|    time_elapsed         | 5225        |
|    total_timesteps      | 2308960     |
| train/                  |             |
|    approx_kl            | 0.009690743 |
|    clip_fraction        | 0.0488      |
|    clip_range           | 0.2         |
|    entropy_loss         | -0.177      |
|    explained_variance   | 0.246       |
|    learning_rate        | 0.0003      |
|    loss                 | 441         |
|    n_updates            | 11260       |
|    policy_gradient_loss | -0.000684   |
|    value_loss           | 997         |
-----------------------------------------
FruitCounts | {'Fruit': 0, 'DecayFruit': 15, 'EnemyFruit': 4} |
-----------------------------------------
| rollout/                |             |
|    ep_len_mean          | 203         |
|    ep_rew_mean          | 379         |
| time/                   |             |
|    fps                  | 154         |
|    iterations           | 396         |
|    time_elapsed         | 5238        |
|    total_timesteps      | 2311008     |
| train/                  |             |
|    approx_kl            | 0.006485896 |
|    clip_fraction        | 0.0549      |
|    clip_range           | 0.2         |
|    entropy_loss         | -0.194      |
|    explained_variance   | 0.356       |
|    learning_rate        | 0.0003      |
|    loss                 | 521         |
|    n_updates            | 11270       |
|    policy_gradient_loss | -1.21e-06   |
|    value_loss           | 934         |
-----------------------------------------
FruitCounts | {'Fruit': 0, 'DecayFruit': 4, 'EnemyFruit': 0} |
-----------------------------------------
| rollout/                |             |
|    ep_len_mean          | 202         |
|    ep_rew_mean          | 378         |
| time/                   |             |
|    fps                  | 154         |
|    iterations           | 397         |
|    time_elapsed         | 5253        |
|    total_timesteps      | 2313056     |
| train/                  |             |
|    approx_kl            | 0.007105723 |
|    clip_fraction        | 0.0472      |
|    clip_range           | 0.2         |
|    entropy_loss         | -0.177      |
|    explained_variance   | 0.228       |
|    learning_rate        | 0.0003      |
|    loss                 | 342         |
|    n_updates            | 11280       |
|    policy_gradient_loss | 0.000329    |
|    value_loss           | 1.03e+03    |
-----------------------------------------
FruitCounts | {'Fruit': 0, 'DecayFruit': 8, 'EnemyFruit': 0} |
------------------------------------------
| rollout/                |              |
|    ep_len_mean          | 208          |
|    ep_rew_mean          | 389          |
| time/                   |              |
|    fps                  | 154          |
|    iterations           | 398          |
|    time_elapsed         | 5265         |
|    total_timesteps      | 2315104      |
| train/                  |              |
|    approx_kl            | 0.0068526166 |
|    clip_fraction        | 0.0427       |
|    clip_range           | 0.2          |
|    entropy_loss         | -0.202       |
|    explained_variance   | 0.227        |
|    learning_rate        | 0.0003       |
|    loss                 | 371          |
|    n_updates            | 11290        |
|    policy_gradient_loss | -0.000525    |
|    value_loss           | 805          |
------------------------------------------
FruitCounts | {'Fruit': 0, 'DecayFruit': 9, 'EnemyFruit': 0} |
-----------------------------------------
| rollout/                |             |
|    ep_len_mean          | 207         |
|    ep_rew_mean          | 392         |
| time/                   |             |
|    fps                  | 154         |
|    iterations           | 399         |
|    time_elapsed         | 5279        |
|    total_timesteps      | 2317152     |
| train/                  |             |
|    approx_kl            | 0.011525892 |
|    clip_fraction        | 0.0755      |
|    clip_range           | 0.2         |
|    entropy_loss         | -0.194      |
|    explained_variance   | 0.333       |
|    learning_rate        | 0.0003      |
|    loss                 | 282         |
|    n_updates            | 11300       |
|    policy_gradient_loss | -0.000354   |
|    value_loss           | 1.05e+03    |
-----------------------------------------
FruitCounts | {'Fruit': 0, 'DecayFruit': 2, 'EnemyFruit': 0} |
------------------------------------------
| rollout/                |              |
|    ep_len_mean          | 200          |
|    ep_rew_mean          | 387          |
| time/                   |              |
|    fps                  | 154          |
|    iterations           | 400          |
|    time_elapsed         | 5294         |
|    total_timesteps      | 2319200      |
| train/                  |              |
|    approx_kl            | 0.0033101155 |
|    clip_fraction        | 0.0395       |
|    clip_range           | 0.2          |
|    entropy_loss         | -0.185       |
|    explained_variance   | 0.31         |
|    learning_rate        | 0.0003       |
|    loss                 | 259          |
|    n_updates            | 11310        |
|    policy_gradient_loss | -0.00103     |
|    value_loss           | 1.38e+03     |
------------------------------------------
FruitCounts | {'Fruit': 0, 'DecayFruit': 11, 'EnemyFruit': 1} |
-----------------------------------------
| rollout/                |             |
|    ep_len_mean          | 205         |
|    ep_rew_mean          | 400         |
| time/                   |             |
|    fps                  | 154         |
|    iterations           | 401         |
|    time_elapsed         | 5307        |
|    total_timesteps      | 2321248     |
| train/                  |             |
|    approx_kl            | 0.003830403 |
|    clip_fraction        | 0.0391      |
|    clip_range           | 0.2         |
|    entropy_loss         | -0.173      |
|    explained_variance   | 0.278       |
|    learning_rate        | 0.0003      |
|    loss                 | 353         |
|    n_updates            | 11320       |
|    policy_gradient_loss | -0.00329    |
|    value_loss           | 1.21e+03    |
-----------------------------------------
FruitCounts | {'Fruit': 0, 'DecayFruit': 12, 'EnemyFruit': 2} |
------------------------------------------
| rollout/                |              |
|    ep_len_mean          | 204          |
|    ep_rew_mean          | 394          |
| time/                   |              |
|    fps                  | 154          |
|    iterations           | 402          |
|    time_elapsed         | 5321         |
|    total_timesteps      | 2323296      |
| train/                  |              |
|    approx_kl            | 0.0063145543 |
|    clip_fraction        | 0.0511       |
|    clip_range           | 0.2          |
|    entropy_loss         | -0.17        |
|    explained_variance   | 0.222        |
|    learning_rate        | 0.0003       |
|    loss                 | 235          |
|    n_updates            | 11330        |
|    policy_gradient_loss | 0.000169     |
|    value_loss           | 1.03e+03     |
------------------------------------------
FruitCounts | {'Fruit': 0, 'DecayFruit': 15, 'EnemyFruit': 3} |
------------------------------------------
| rollout/                |              |
|    ep_len_mean          | 209          |
|    ep_rew_mean          | 404          |
| time/                   |              |
|    fps                  | 154          |
|    iterations           | 403          |
|    time_elapsed         | 5334         |
|    total_timesteps      | 2325344      |
| train/                  |              |
|    approx_kl            | 0.0086824335 |
|    clip_fraction        | 0.0497       |
|    clip_range           | 0.2          |
|    entropy_loss         | -0.191       |
|    explained_variance   | 0.329        |
|    learning_rate        | 0.0003       |
|    loss                 | 388          |
|    n_updates            | 11340        |
|    policy_gradient_loss | -0.00243     |
|    value_loss           | 1.09e+03     |
------------------------------------------
FruitCounts | {'Fruit': 0, 'DecayFruit': 1, 'EnemyFruit': 0} |
------------------------------------------
| rollout/                |              |
|    ep_len_mean          | 216          |
|    ep_rew_mean          | 408          |
| time/                   |              |
|    fps                  | 154          |
|    iterations           | 404          |
|    time_elapsed         | 5347         |
|    total_timesteps      | 2327392      |
| train/                  |              |
|    approx_kl            | 0.0060288245 |
|    clip_fraction        | 0.0571       |
|    clip_range           | 0.2          |
|    entropy_loss         | -0.176       |
|    explained_variance   | 0.311        |
|    learning_rate        | 0.0003       |
|    loss                 | 200          |
|    n_updates            | 11350        |
|    policy_gradient_loss | -0.000705    |
|    value_loss           | 873          |
------------------------------------------
FruitCounts | {'Fruit': 0, 'DecayFruit': 9, 'EnemyFruit': 3} |
-----------------------------------------
| rollout/                |             |
|    ep_len_mean          | 224         |
|    ep_rew_mean          | 420         |
| time/                   |             |
|    fps                  | 154         |
|    iterations           | 405         |
|    time_elapsed         | 5360        |
|    total_timesteps      | 2329440     |
| train/                  |             |
|    approx_kl            | 0.008068657 |
|    clip_fraction        | 0.0499      |
|    clip_range           | 0.2         |
|    entropy_loss         | -0.193      |
|    explained_variance   | 0.372       |
|    learning_rate        | 0.0003      |
|    loss                 | 453         |
|    n_updates            | 11360       |
|    policy_gradient_loss | -0.00268    |
|    value_loss           | 1.13e+03    |
-----------------------------------------
FruitCounts | {'Fruit': 0, 'DecayFruit': 8, 'EnemyFruit': 1} |
-----------------------------------------
| rollout/                |             |
|    ep_len_mean          | 214         |
|    ep_rew_mean          | 407         |
| time/                   |             |
|    fps                  | 154         |
|    iterations           | 406         |
|    time_elapsed         | 5374        |
|    total_timesteps      | 2331488     |
| train/                  |             |
|    approx_kl            | 0.008434434 |
|    clip_fraction        | 0.0417      |
|    clip_range           | 0.2         |
|    entropy_loss         | -0.173      |
|    explained_variance   | 0.35        |
|    learning_rate        | 0.0003      |
|    loss                 | 267         |
|    n_updates            | 11370       |
|    policy_gradient_loss | -0.00123    |
|    value_loss           | 952         |
-----------------------------------------
FruitCounts | {'Fruit': 0, 'DecayFruit': 5, 'EnemyFruit': 0} |
------------------------------------------
| rollout/                |              |
|    ep_len_mean          | 213          |
|    ep_rew_mean          | 407          |
| time/                   |              |
|    fps                  | 154          |
|    iterations           | 407          |
|    time_elapsed         | 5387         |
|    total_timesteps      | 2333536      |
| train/                  |              |
|    approx_kl            | 0.0053964593 |
|    clip_fraction        | 0.0427       |
|    clip_range           | 0.2          |
|    entropy_loss         | -0.165       |
|    explained_variance   | 0.23         |
|    learning_rate        | 0.0003       |
|    loss                 | 625          |
|    n_updates            | 11380        |
|    policy_gradient_loss | -0.00269     |
|    value_loss           | 1.19e+03     |
------------------------------------------
FruitCounts | {'Fruit': 1, 'DecayFruit': 9, 'EnemyFruit': 5} |
-----------------------------------------
| rollout/                |             |
|    ep_len_mean          | 215         |
|    ep_rew_mean          | 407         |
| time/                   |             |
|    fps                  | 154         |
|    iterations           | 408         |
|    time_elapsed         | 5400        |
|    total_timesteps      | 2335584     |
| train/                  |             |
|    approx_kl            | 0.012899057 |
|    clip_fraction        | 0.0589      |
|    clip_range           | 0.2         |
|    entropy_loss         | -0.193      |
|    explained_variance   | 0.292       |
|    learning_rate        | 0.0003      |
|    loss                 | 520         |
|    n_updates            | 11390       |
|    policy_gradient_loss | -0.00321    |
|    value_loss           | 961         |
-----------------------------------------
FruitCounts | {'Fruit': 0, 'DecayFruit': 3, 'EnemyFruit': 2} |
-----------------------------------------
| rollout/                |             |
|    ep_len_mean          | 215         |
|    ep_rew_mean          | 400         |
| time/                   |             |
|    fps                  | 154         |
|    iterations           | 409         |
|    time_elapsed         | 5414        |
|    total_timesteps      | 2337632     |
| train/                  |             |
|    approx_kl            | 0.009475553 |
|    clip_fraction        | 0.0513      |
|    clip_range           | 0.2         |
|    entropy_loss         | -0.162      |
|    explained_variance   | 0.293       |
|    learning_rate        | 0.0003      |
|    loss                 | 521         |
|    n_updates            | 11400       |
|    policy_gradient_loss | -3.87e-05   |
|    value_loss           | 1.03e+03    |
-----------------------------------------
FruitCounts | {'Fruit': 0, 'DecayFruit': 5, 'EnemyFruit': 1} |
------------------------------------------
| rollout/                |              |
|    ep_len_mean          | 221          |
|    ep_rew_mean          | 406          |
| time/                   |              |
|    fps                  | 154          |
|    iterations           | 410          |
|    time_elapsed         | 5428         |
|    total_timesteps      | 2339680      |
| train/                  |              |
|    approx_kl            | 0.0053782845 |
|    clip_fraction        | 0.045        |
|    clip_range           | 0.2          |
|    entropy_loss         | -0.163       |
|    explained_variance   | 0.31         |
|    learning_rate        | 0.0003       |
|    loss                 | 666          |
|    n_updates            | 11410        |
|    policy_gradient_loss | 0.000479     |
|    value_loss           | 806          |
------------------------------------------
FruitCounts | {'Fruit': 0, 'DecayFruit': 4, 'EnemyFruit': 1} |
------------------------------------------
| rollout/                |              |
|    ep_len_mean          | 226          |
|    ep_rew_mean          | 413          |
| time/                   |              |
|    fps                  | 154          |
|    iterations           | 411          |
|    time_elapsed         | 5441         |
|    total_timesteps      | 2341728      |
| train/                  |              |
|    approx_kl            | 0.0048476113 |
|    clip_fraction        | 0.0399       |
|    clip_range           | 0.2          |
|    entropy_loss         | -0.174       |
|    explained_variance   | 0.374        |
|    learning_rate        | 0.0003       |
|    loss                 | 515          |
|    n_updates            | 11420        |
|    policy_gradient_loss | -0.00349     |
|    value_loss           | 1.09e+03     |
------------------------------------------
FruitCounts | {'Fruit': 0, 'DecayFruit': 3, 'EnemyFruit': 3} |
-----------------------------------------
| rollout/                |             |
|    ep_len_mean          | 218         |
|    ep_rew_mean          | 401         |
| time/                   |             |
|    fps                  | 154         |
|    iterations           | 412         |
|    time_elapsed         | 5454        |
|    total_timesteps      | 2343776     |
| train/                  |             |
|    approx_kl            | 0.012583578 |
|    clip_fraction        | 0.0538      |
|    clip_range           | 0.2         |
|    entropy_loss         | -0.163      |
|    explained_variance   | 0.383       |
|    learning_rate        | 0.0003      |
|    loss                 | 267         |
|    n_updates            | 11430       |
|    policy_gradient_loss | -0.000529   |
|    value_loss           | 793         |
-----------------------------------------
FruitCounts | {'Fruit': 0, 'DecayFruit': 5, 'EnemyFruit': 1} |
-----------------------------------------
| rollout/                |             |
|    ep_len_mean          | 220         |
|    ep_rew_mean          | 403         |
| time/                   |             |
|    fps                  | 154         |
|    iterations           | 413         |
|    time_elapsed         | 5468        |
|    total_timesteps      | 2345824     |
| train/                  |             |
|    approx_kl            | 0.004735767 |
|    clip_fraction        | 0.0369      |
|    clip_range           | 0.2         |
|    entropy_loss         | -0.188      |
|    explained_variance   | 0.336       |
|    learning_rate        | 0.0003      |
|    loss                 | 504         |
|    n_updates            | 11440       |
|    policy_gradient_loss | -0.00164    |
|    value_loss           | 1.18e+03    |
-----------------------------------------
FruitCounts | {'Fruit': 1, 'DecayFruit': 3, 'EnemyFruit': 1} |
------------------------------------------
| rollout/                |              |
|    ep_len_mean          | 222          |
|    ep_rew_mean          | 404          |
| time/                   |              |
|    fps                  | 154          |
|    iterations           | 414          |
|    time_elapsed         | 5480         |
|    total_timesteps      | 2347872      |
| train/                  |              |
|    approx_kl            | 0.0043753698 |
|    clip_fraction        | 0.0434       |
|    clip_range           | 0.2          |
|    entropy_loss         | -0.171       |
|    explained_variance   | 0.45         |
|    learning_rate        | 0.0003       |
|    loss                 | 460          |
|    n_updates            | 11450        |
|    policy_gradient_loss | -0.00278     |
|    value_loss           | 1.1e+03      |
------------------------------------------
FruitCounts | {'Fruit': 0, 'DecayFruit': 2, 'EnemyFruit': 0} |
------------------------------------------
| rollout/                |              |
|    ep_len_mean          | 220          |
|    ep_rew_mean          | 405          |
| time/                   |              |
|    fps                  | 154          |
|    iterations           | 415          |
|    time_elapsed         | 5493         |
|    total_timesteps      | 2349920      |
| train/                  |              |
|    approx_kl            | 0.0056434153 |
|    clip_fraction        | 0.0512       |
|    clip_range           | 0.2          |
|    entropy_loss         | -0.183       |
|    explained_variance   | 0.513        |
|    learning_rate        | 0.0003       |
|    loss                 | 238          |
|    n_updates            | 11460        |
|    policy_gradient_loss | -0.00216     |
|    value_loss           | 869          |
------------------------------------------
FruitCounts | {'Fruit': 0, 'DecayFruit': 10, 'EnemyFruit': 3} |
-----------------------------------------
| rollout/                |             |
|    ep_len_mean          | 215         |
|    ep_rew_mean          | 392         |
| time/                   |             |
|    fps                  | 154         |
|    iterations           | 416         |
|    time_elapsed         | 5507        |
|    total_timesteps      | 2351968     |
| train/                  |             |
|    approx_kl            | 0.007280961 |
|    clip_fraction        | 0.0484      |
|    clip_range           | 0.2         |
|    entropy_loss         | -0.169      |
|    explained_variance   | 0.38        |
|    learning_rate        | 0.0003      |
|    loss                 | 444         |
|    n_updates            | 11470       |
|    policy_gradient_loss | 0.000388    |
|    value_loss           | 782         |
-----------------------------------------
FruitCounts | {'Fruit': 1, 'DecayFruit': 5, 'EnemyFruit': 2} |
-----------------------------------------
| rollout/                |             |
|    ep_len_mean          | 218         |
|    ep_rew_mean          | 386         |
| time/                   |             |
|    fps                  | 154         |
|    iterations           | 417         |
|    time_elapsed         | 5520        |
|    total_timesteps      | 2354016     |
| train/                  |             |
|    approx_kl            | 0.007003163 |
|    clip_fraction        | 0.0486      |
|    clip_range           | 0.2         |
|    entropy_loss         | -0.175      |
|    explained_variance   | 0.164       |
|    learning_rate        | 0.0003      |
|    loss                 | 274         |
|    n_updates            | 11480       |
|    policy_gradient_loss | -0.0018     |
|    value_loss           | 872         |
-----------------------------------------
FruitCounts | {'Fruit': 0, 'DecayFruit': 8, 'EnemyFruit': 0} |
------------------------------------------
| rollout/                |              |
|    ep_len_mean          | 226          |
|    ep_rew_mean          | 395          |
| time/                   |              |
|    fps                  | 154          |
|    iterations           | 418          |
|    time_elapsed         | 5532         |
|    total_timesteps      | 2356064      |
| train/                  |              |
|    approx_kl            | 0.0077356533 |
|    clip_fraction        | 0.06         |
|    clip_range           | 0.2          |
|    entropy_loss         | -0.173       |
|    explained_variance   | 0.142        |
|    learning_rate        | 0.0003       |
|    loss                 | 190          |
|    n_updates            | 11490        |
|    policy_gradient_loss | -0.00328     |
|    value_loss           | 851          |
------------------------------------------
FruitCounts | {'Fruit': 0, 'DecayFruit': 3, 'EnemyFruit': 0} |
-----------------------------------------
| rollout/                |             |
|    ep_len_mean          | 221         |
|    ep_rew_mean          | 392         |
| time/                   |             |
|    fps                  | 154         |
|    iterations           | 419         |
|    time_elapsed         | 5546        |
|    total_timesteps      | 2358112     |
| train/                  |             |
|    approx_kl            | 0.007953198 |
|    clip_fraction        | 0.0535      |
|    clip_range           | 0.2         |
|    entropy_loss         | -0.201      |
|    explained_variance   | 0.334       |
|    learning_rate        | 0.0003      |
|    loss                 | 226         |
|    n_updates            | 11500       |
|    policy_gradient_loss | 0.000322    |
|    value_loss           | 669         |
-----------------------------------------
FruitCounts | {'Fruit': 1, 'DecayFruit': 11, 'EnemyFruit': 7} |
-----------------------------------------
| rollout/                |             |
|    ep_len_mean          | 218         |
|    ep_rew_mean          | 396         |
| time/                   |             |
|    fps                  | 154         |
|    iterations           | 420         |
|    time_elapsed         | 5558        |
|    total_timesteps      | 2360160     |
| train/                  |             |
|    approx_kl            | 0.008564213 |
|    clip_fraction        | 0.0503      |
|    clip_range           | 0.2         |
|    entropy_loss         | -0.179      |
|    explained_variance   | 0.378       |
|    learning_rate        | 0.0003      |
|    loss                 | 404         |
|    n_updates            | 11510       |
|    policy_gradient_loss | -0.00349    |
|    value_loss           | 1.01e+03    |
-----------------------------------------
FruitCounts | {'Fruit': 0, 'DecayFruit': 10, 'EnemyFruit': 5} |
-----------------------------------------
| rollout/                |             |
|    ep_len_mean          | 221         |
|    ep_rew_mean          | 402         |
| time/                   |             |
|    fps                  | 154         |
|    iterations           | 421         |
|    time_elapsed         | 5570        |
|    total_timesteps      | 2362208     |
| train/                  |             |
|    approx_kl            | 0.005968185 |
|    clip_fraction        | 0.0323      |
|    clip_range           | 0.2         |
|    entropy_loss         | -0.17       |
|    explained_variance   | 0.252       |
|    learning_rate        | 0.0003      |
|    loss                 | 651         |
|    n_updates            | 11520       |
|    policy_gradient_loss | -0.00179    |
|    value_loss           | 1.08e+03    |
-----------------------------------------
FruitCounts | {'Fruit': 0, 'DecayFruit': 13, 'EnemyFruit': 3} |
------------------------------------------
| rollout/                |              |
|    ep_len_mean          | 215          |
|    ep_rew_mean          | 387          |
| time/                   |              |
|    fps                  | 154          |
|    iterations           | 422          |
|    time_elapsed         | 5583         |
|    total_timesteps      | 2364256      |
| train/                  |              |
|    approx_kl            | 0.0047639385 |
|    clip_fraction        | 0.0433       |
|    clip_range           | 0.2          |
|    entropy_loss         | -0.184       |
|    explained_variance   | 0.323        |
|    learning_rate        | 0.0003       |
|    loss                 | 450          |
|    n_updates            | 11530        |
|    policy_gradient_loss | -0.00128     |
|    value_loss           | 1.16e+03     |
------------------------------------------
FruitCounts | {'Fruit': 0, 'DecayFruit': 4, 'EnemyFruit': 2} |
------------------------------------------
| rollout/                |              |
|    ep_len_mean          | 221          |
|    ep_rew_mean          | 399          |
| time/                   |              |
|    fps                  | 154          |
|    iterations           | 423          |
|    time_elapsed         | 5595         |
|    total_timesteps      | 2366304      |
| train/                  |              |
|    approx_kl            | 0.0075092055 |
|    clip_fraction        | 0.0605       |
|    clip_range           | 0.2          |
|    entropy_loss         | -0.194       |
|    explained_variance   | 0.328        |
|    learning_rate        | 0.0003       |
|    loss                 | 475          |
|    n_updates            | 11540        |
|    policy_gradient_loss | -0.00237     |
|    value_loss           | 856          |
------------------------------------------
FruitCounts | {'Fruit': 0, 'DecayFruit': 5, 'EnemyFruit': 2} |
----------------------------------------
| rollout/                |            |
|    ep_len_mean          | 221        |
|    ep_rew_mean          | 393        |
| time/                   |            |
|    fps                  | 154        |
|    iterations           | 424        |
|    time_elapsed         | 5608       |
|    total_timesteps      | 2368352    |
| train/                  |            |
|    approx_kl            | 0.00891434 |
|    clip_fraction        | 0.0533     |
|    clip_range           | 0.2        |
|    entropy_loss         | -0.19      |
|    explained_variance   | 0.31       |
|    learning_rate        | 0.0003     |
|    loss                 | 579        |
|    n_updates            | 11550      |
|    policy_gradient_loss | -0.00348   |
|    value_loss           | 925        |
----------------------------------------
FruitCounts | {'Fruit': 0, 'DecayFruit': 1, 'EnemyFruit': 0} |
-----------------------------------------
| rollout/                |             |
|    ep_len_mean          | 217         |
|    ep_rew_mean          | 385         |
| time/                   |             |
|    fps                  | 154         |
|    iterations           | 425         |
|    time_elapsed         | 5620        |
|    total_timesteps      | 2370400     |
| train/                  |             |
|    approx_kl            | 0.010392736 |
|    clip_fraction        | 0.0613      |
|    clip_range           | 0.2         |
|    entropy_loss         | -0.183      |
|    explained_variance   | 0.203       |
|    learning_rate        | 0.0003      |
|    loss                 | 419         |
|    n_updates            | 11560       |
|    policy_gradient_loss | -0.00209    |
|    value_loss           | 883         |
-----------------------------------------
FruitCounts | {'Fruit': 0, 'DecayFruit': 1, 'EnemyFruit': 0} |
-----------------------------------------
| rollout/                |             |
|    ep_len_mean          | 218         |
|    ep_rew_mean          | 389         |
| time/                   |             |
|    fps                  | 154         |
|    iterations           | 426         |
|    time_elapsed         | 5632        |
|    total_timesteps      | 2372448     |
| train/                  |             |
|    approx_kl            | 0.007992369 |
|    clip_fraction        | 0.0436      |
|    clip_range           | 0.2         |
|    entropy_loss         | -0.167      |
|    explained_variance   | 0.297       |
|    learning_rate        | 0.0003      |
|    loss                 | 385         |
|    n_updates            | 11570       |
|    policy_gradient_loss | -0.00278    |
|    value_loss           | 1.03e+03    |
-----------------------------------------
FruitCounts | {'Fruit': 0, 'DecayFruit': 7, 'EnemyFruit': 3} |
------------------------------------------
| rollout/                |              |
|    ep_len_mean          | 218          |
|    ep_rew_mean          | 403          |
| time/                   |              |
|    fps                  | 154          |
|    iterations           | 427          |
|    time_elapsed         | 5644         |
|    total_timesteps      | 2374496      |
| train/                  |              |
|    approx_kl            | 0.0070521994 |
|    clip_fraction        | 0.0632       |
|    clip_range           | 0.2          |
|    entropy_loss         | -0.185       |
|    explained_variance   | 0.205        |
|    learning_rate        | 0.0003       |
|    loss                 | 264          |
|    n_updates            | 11580        |
|    policy_gradient_loss | 0.0019       |
|    value_loss           | 1.17e+03     |
------------------------------------------
FruitCounts | {'Fruit': 0, 'DecayFruit': 0, 'EnemyFruit': 1} |
------------------------------------------
| rollout/                |              |
|    ep_len_mean          | 226          |
|    ep_rew_mean          | 415          |
| time/                   |              |
|    fps                  | 154          |
|    iterations           | 428          |
|    time_elapsed         | 5657         |
|    total_timesteps      | 2376544      |
| train/                  |              |
|    approx_kl            | 0.0053232834 |
|    clip_fraction        | 0.051        |
|    clip_range           | 0.2          |
|    entropy_loss         | -0.174       |
|    explained_variance   | 0.254        |
|    learning_rate        | 0.0003       |
|    loss                 | 395          |
|    n_updates            | 11590        |
|    policy_gradient_loss | -0.00175     |
|    value_loss           | 1.03e+03     |
------------------------------------------
FruitCounts | {'Fruit': 1, 'DecayFruit': 2, 'EnemyFruit': 0} |
-----------------------------------------
| rollout/                |             |
|    ep_len_mean          | 205         |
|    ep_rew_mean          | 376         |
| time/                   |             |
|    fps                  | 154         |
|    iterations           | 429         |
|    time_elapsed         | 5670        |
|    total_timesteps      | 2378592     |
| train/                  |             |
|    approx_kl            | 0.006524613 |
|    clip_fraction        | 0.0493      |
|    clip_range           | 0.2         |
|    entropy_loss         | -0.184      |
|    explained_variance   | 0.26        |
|    learning_rate        | 0.0003      |
|    loss                 | 431         |
|    n_updates            | 11600       |
|    policy_gradient_loss | -0.00301    |
|    value_loss           | 1.05e+03    |
-----------------------------------------
FruitCounts | {'Fruit': 0, 'DecayFruit': 5, 'EnemyFruit': 2} |
-----------------------------------------
| rollout/                |             |
|    ep_len_mean          | 201         |
|    ep_rew_mean          | 368         |
| time/                   |             |
|    fps                  | 154         |
|    iterations           | 430         |
|    time_elapsed         | 5684        |
|    total_timesteps      | 2380640     |
| train/                  |             |
|    approx_kl            | 0.010779564 |
|    clip_fraction        | 0.0551      |
|    clip_range           | 0.2         |
|    entropy_loss         | -0.195      |
|    explained_variance   | 0.101       |
|    learning_rate        | 0.0003      |
|    loss                 | 323         |
|    n_updates            | 11610       |
|    policy_gradient_loss | -0.00168    |
|    value_loss           | 1.3e+03     |
-----------------------------------------
FruitCounts | {'Fruit': 0, 'DecayFruit': 1, 'EnemyFruit': 1} |
---------------------------------------
| rollout/                |           |
|    ep_len_mean          | 207       |
|    ep_rew_mean          | 369       |
| time/                   |           |
|    fps                  | 154       |
|    iterations           | 431       |
|    time_elapsed         | 5696      |
|    total_timesteps      | 2382688   |
| train/                  |           |
|    approx_kl            | 0.0045876 |
|    clip_fraction        | 0.0492    |
|    clip_range           | 0.2       |
|    entropy_loss         | -0.182    |
|    explained_variance   | 0.151     |
|    learning_rate        | 0.0003    |
|    loss                 | 740       |
|    n_updates            | 11620     |
|    policy_gradient_loss | -0.00125  |
|    value_loss           | 1.35e+03  |
---------------------------------------
FruitCounts | {'Fruit': 0, 'DecayFruit': 13, 'EnemyFruit': 5} |
-----------------------------------------
| rollout/                |             |
|    ep_len_mean          | 206         |
|    ep_rew_mean          | 369         |
| time/                   |             |
|    fps                  | 154         |
|    iterations           | 432         |
|    time_elapsed         | 5708        |
|    total_timesteps      | 2384736     |
| train/                  |             |
|    approx_kl            | 0.006842498 |
|    clip_fraction        | 0.0547      |
|    clip_range           | 0.2         |
|    entropy_loss         | -0.174      |
|    explained_variance   | 0.303       |
|    learning_rate        | 0.0003      |
|    loss                 | 270         |
|    n_updates            | 11630       |
|    policy_gradient_loss | -0.000994   |
|    value_loss           | 800         |
-----------------------------------------
FruitCounts | {'Fruit': 1, 'DecayFruit': 2, 'EnemyFruit': 0} |
-----------------------------------------
| rollout/                |             |
|    ep_len_mean          | 198         |
|    ep_rew_mean          | 359         |
| time/                   |             |
|    fps                  | 154         |
|    iterations           | 433         |
|    time_elapsed         | 5721        |
|    total_timesteps      | 2386784     |
| train/                  |             |
|    approx_kl            | 0.008364614 |
|    clip_fraction        | 0.0588      |
|    clip_range           | 0.2         |
|    entropy_loss         | -0.174      |
|    explained_variance   | 0.321       |
|    learning_rate        | 0.0003      |
|    loss                 | 525         |
|    n_updates            | 11640       |
|    policy_gradient_loss | -0.00596    |
|    value_loss           | 739         |
-----------------------------------------
FruitCounts | {'Fruit': 0, 'DecayFruit': 6, 'EnemyFruit': 1} |
-----------------------------------------
| rollout/                |             |
|    ep_len_mean          | 196         |
|    ep_rew_mean          | 362         |
| time/                   |             |
|    fps                  | 155         |
|    iterations           | 434         |
|    time_elapsed         | 5734        |
|    total_timesteps      | 2388832     |
| train/                  |             |
|    approx_kl            | 0.005774376 |
|    clip_fraction        | 0.0529      |
|    clip_range           | 0.2         |
|    entropy_loss         | -0.173      |
|    explained_variance   | 0.369       |
|    learning_rate        | 0.0003      |
|    loss                 | 277         |
|    n_updates            | 11650       |
|    policy_gradient_loss | -0.00393    |
|    value_loss           | 987         |
-----------------------------------------
FruitCounts | {'Fruit': 0, 'DecayFruit': 6, 'EnemyFruit': 0} |
------------------------------------------
| rollout/                |              |
|    ep_len_mean          | 191          |
|    ep_rew_mean          | 356          |
| time/                   |              |
|    fps                  | 155          |
|    iterations           | 435          |
|    time_elapsed         | 5746         |
|    total_timesteps      | 2390880      |
| train/                  |              |
|    approx_kl            | 0.0062605366 |
|    clip_fraction        | 0.0405       |
|    clip_range           | 0.2          |
|    entropy_loss         | -0.175       |
|    explained_variance   | 0.173        |
|    learning_rate        | 0.0003       |
|    loss                 | 509          |
|    n_updates            | 11660        |
|    policy_gradient_loss | -0.0021      |
|    value_loss           | 1.09e+03     |
------------------------------------------
FruitCounts | {'Fruit': 0, 'DecayFruit': 0, 'EnemyFruit': 0} |
-----------------------------------------
| rollout/                |             |
|    ep_len_mean          | 189         |
|    ep_rew_mean          | 347         |
| time/                   |             |
|    fps                  | 155         |
|    iterations           | 436         |
|    time_elapsed         | 5758        |
|    total_timesteps      | 2392928     |
| train/                  |             |
|    approx_kl            | 0.005408055 |
|    clip_fraction        | 0.0488      |
|    clip_range           | 0.2         |
|    entropy_loss         | -0.172      |
|    explained_variance   | 0.292       |
|    learning_rate        | 0.0003      |
|    loss                 | 516         |
|    n_updates            | 11670       |
|    policy_gradient_loss | -0.000873   |
|    value_loss           | 1.26e+03    |
-----------------------------------------
FruitCounts | {'Fruit': 0, 'DecayFruit': 7, 'EnemyFruit': 1} |
-----------------------------------------
| rollout/                |             |
|    ep_len_mean          | 180         |
|    ep_rew_mean          | 339         |
| time/                   |             |
|    fps                  | 155         |
|    iterations           | 437         |
|    time_elapsed         | 5771        |
|    total_timesteps      | 2394976     |
| train/                  |             |
|    approx_kl            | 0.008257481 |
|    clip_fraction        | 0.049       |
|    clip_range           | 0.2         |
|    entropy_loss         | -0.18       |
|    explained_variance   | 0.456       |
|    learning_rate        | 0.0003      |
|    loss                 | 230         |
|    n_updates            | 11680       |
|    policy_gradient_loss | -0.00196    |
|    value_loss           | 822         |
-----------------------------------------
FruitCounts | {'Fruit': 1, 'DecayFruit': 9, 'EnemyFruit': 1} |
------------------------------------------
| rollout/                |              |
|    ep_len_mean          | 187          |
|    ep_rew_mean          | 351          |
| time/                   |              |
|    fps                  | 155          |
|    iterations           | 438          |
|    time_elapsed         | 5783         |
|    total_timesteps      | 2397024      |
| train/                  |              |
|    approx_kl            | 0.0072606048 |
|    clip_fraction        | 0.0458       |
|    clip_range           | 0.2          |
|    entropy_loss         | -0.171       |
|    explained_variance   | 0.341        |
|    learning_rate        | 0.0003       |
|    loss                 | 479          |
|    n_updates            | 11690        |
|    policy_gradient_loss | -0.00283     |
|    value_loss           | 922          |
------------------------------------------
FruitCounts | {'Fruit': 0, 'DecayFruit': 1, 'EnemyFruit': 0} |
------------------------------------------
| rollout/                |              |
|    ep_len_mean          | 190          |
|    ep_rew_mean          | 351          |
| time/                   |              |
|    fps                  | 155          |
|    iterations           | 439          |
|    time_elapsed         | 5797         |
|    total_timesteps      | 2399072      |
| train/                  |              |
|    approx_kl            | 0.0049342522 |
|    clip_fraction        | 0.043        |
|    clip_range           | 0.2          |
|    entropy_loss         | -0.168       |
|    explained_variance   | 0.313        |
|    learning_rate        | 0.0003       |
|    loss                 | 198          |
|    n_updates            | 11700        |
|    policy_gradient_loss | -0.000151    |
|    value_loss           | 866          |
------------------------------------------
FruitCounts | {'Fruit': 0, 'DecayFruit': 5, 'EnemyFruit': 1} |
------------------------------------------
| rollout/                |              |
|    ep_len_mean          | 183          |
|    ep_rew_mean          | 339          |
| time/                   |              |
|    fps                  | 155          |
|    iterations           | 440          |
|    time_elapsed         | 5809         |
|    total_timesteps      | 2401120      |
| train/                  |              |
|    approx_kl            | 0.0067944545 |
|    clip_fraction        | 0.048        |
|    clip_range           | 0.2          |
|    entropy_loss         | -0.187       |
|    explained_variance   | 0.29         |
|    learning_rate        | 0.0003       |
|    loss                 | 623          |
|    n_updates            | 11710        |
|    policy_gradient_loss | -0.00181     |
|    value_loss           | 1.07e+03     |
------------------------------------------
FruitCounts | {'Fruit': 0, 'DecayFruit': 0, 'EnemyFruit': 0} |
-----------------------------------------
| rollout/                |             |
|    ep_len_mean          | 188         |
|    ep_rew_mean          | 348         |
| time/                   |             |
|    fps                  | 155         |
|    iterations           | 441         |
|    time_elapsed         | 5822        |
|    total_timesteps      | 2403168     |
| train/                  |             |
|    approx_kl            | 0.013950505 |
|    clip_fraction        | 0.0524      |
|    clip_range           | 0.2         |
|    entropy_loss         | -0.175      |
|    explained_variance   | 0.268       |
|    learning_rate        | 0.0003      |
|    loss                 | 500         |
|    n_updates            | 11720       |
|    policy_gradient_loss | 0.00033     |
|    value_loss           | 902         |
-----------------------------------------
FruitCounts | {'Fruit': 0, 'DecayFruit': 5, 'EnemyFruit': 2} |
----------------------------------------
| rollout/                |            |
|    ep_len_mean          | 196        |
|    ep_rew_mean          | 357        |
| time/                   |            |
|    fps                  | 155        |
|    iterations           | 442        |
|    time_elapsed         | 5834       |
|    total_timesteps      | 2405216    |
| train/                  |            |
|    approx_kl            | 0.00795809 |
|    clip_fraction        | 0.0396     |
|    clip_range           | 0.2        |
|    entropy_loss         | -0.184     |
|    explained_variance   | 0.379      |
|    learning_rate        | 0.0003     |
|    loss                 | 298        |
|    n_updates            | 11730      |
|    policy_gradient_loss | -0.0016    |
|    value_loss           | 849        |
----------------------------------------
FruitCounts | {'Fruit': 0, 'DecayFruit': 2, 'EnemyFruit': 1} |
---------------------------------------
| rollout/                |           |
|    ep_len_mean          | 199       |
|    ep_rew_mean          | 358       |
| time/                   |           |
|    fps                  | 155       |
|    iterations           | 443       |
|    time_elapsed         | 5847      |
|    total_timesteps      | 2407264   |
| train/                  |           |
|    approx_kl            | 0.0186676 |
|    clip_fraction        | 0.063     |
|    clip_range           | 0.2       |
|    entropy_loss         | -0.18     |
|    explained_variance   | 0.479     |
|    learning_rate        | 0.0003    |
|    loss                 | 169       |
|    n_updates            | 11740     |
|    policy_gradient_loss | -0.00239  |
|    value_loss           | 641       |
---------------------------------------
FruitCounts | {'Fruit': 0, 'DecayFruit': 5, 'EnemyFruit': 3} |
------------------------------------------
| rollout/                |              |
|    ep_len_mean          | 197          |
|    ep_rew_mean          | 347          |
| time/                   |              |
|    fps                  | 155          |
|    iterations           | 444          |
|    time_elapsed         | 5859         |
|    total_timesteps      | 2409312      |
| train/                  |              |
|    approx_kl            | 0.0036448846 |
|    clip_fraction        | 0.0488       |
|    clip_range           | 0.2          |
|    entropy_loss         | -0.176       |
|    explained_variance   | 0.368        |
|    learning_rate        | 0.0003       |
|    loss                 | 419          |
|    n_updates            | 11750        |
|    policy_gradient_loss | 0.000886     |
|    value_loss           | 817          |
------------------------------------------
FruitCounts | {'Fruit': 1, 'DecayFruit': 14, 'EnemyFruit': 0} |
-----------------------------------------
| rollout/                |             |
|    ep_len_mean          | 202         |
|    ep_rew_mean          | 348         |
| time/                   |             |
|    fps                  | 155         |
|    iterations           | 445         |
|    time_elapsed         | 5871        |
|    total_timesteps      | 2411360     |
| train/                  |             |
|    approx_kl            | 0.004579546 |
|    clip_fraction        | 0.0505      |
|    clip_range           | 0.2         |
|    entropy_loss         | -0.185      |
|    explained_variance   | 0.253       |
|    learning_rate        | 0.0003      |
|    loss                 | 327         |
|    n_updates            | 11760       |
|    policy_gradient_loss | -0.00315    |
|    value_loss           | 873         |
-----------------------------------------
FruitCounts | {'Fruit': 0, 'DecayFruit': 4, 'EnemyFruit': 1} |
-----------------------------------------
| rollout/                |             |
|    ep_len_mean          | 204         |
|    ep_rew_mean          | 351         |
| time/                   |             |
|    fps                  | 155         |
|    iterations           | 446         |
|    time_elapsed         | 5883        |
|    total_timesteps      | 2413408     |
| train/                  |             |
|    approx_kl            | 0.007631569 |
|    clip_fraction        | 0.0473      |
|    clip_range           | 0.2         |
|    entropy_loss         | -0.179      |
|    explained_variance   | 0.231       |
|    learning_rate        | 0.0003      |
|    loss                 | 635         |
|    n_updates            | 11770       |
|    policy_gradient_loss | -0.00431    |
|    value_loss           | 1.02e+03    |
-----------------------------------------
FruitCounts | {'Fruit': 0, 'DecayFruit': 3, 'EnemyFruit': 1} |
-----------------------------------------
| rollout/                |             |
|    ep_len_mean          | 199         |
|    ep_rew_mean          | 343         |
| time/                   |             |
|    fps                  | 155         |
|    iterations           | 447         |
|    time_elapsed         | 5896        |
|    total_timesteps      | 2415456     |
| train/                  |             |
|    approx_kl            | 0.010888578 |
|    clip_fraction        | 0.0534      |
|    clip_range           | 0.2         |
|    entropy_loss         | -0.188      |
|    explained_variance   | 0.154       |
|    learning_rate        | 0.0003      |
|    loss                 | 243         |
|    n_updates            | 11780       |
|    policy_gradient_loss | -0.0018     |
|    value_loss           | 930         |
-----------------------------------------
FruitCounts | {'Fruit': 0, 'DecayFruit': 3, 'EnemyFruit': 0} |
------------------------------------------
| rollout/                |              |
|    ep_len_mean          | 196          |
|    ep_rew_mean          | 342          |
| time/                   |              |
|    fps                  | 155          |
|    iterations           | 448          |
|    time_elapsed         | 5909         |
|    total_timesteps      | 2417504      |
| train/                  |              |
|    approx_kl            | 0.0069345506 |
|    clip_fraction        | 0.0471       |
|    clip_range           | 0.2          |
|    entropy_loss         | -0.198       |
|    explained_variance   | 0.27         |
|    learning_rate        | 0.0003       |
|    loss                 | 502          |
|    n_updates            | 11790        |
|    policy_gradient_loss | -0.00218     |
|    value_loss           | 1.42e+03     |
------------------------------------------
FruitCounts | {'Fruit': 0, 'DecayFruit': 2, 'EnemyFruit': 0} |
------------------------------------------
| rollout/                |              |
|    ep_len_mean          | 200          |
|    ep_rew_mean          | 355          |
| time/                   |              |
|    fps                  | 155          |
|    iterations           | 449          |
|    time_elapsed         | 5922         |
|    total_timesteps      | 2419552      |
| train/                  |              |
|    approx_kl            | 0.0076268218 |
|    clip_fraction        | 0.0625       |
|    clip_range           | 0.2          |
|    entropy_loss         | -0.197       |
|    explained_variance   | 0.257        |
|    learning_rate        | 0.0003       |
|    loss                 | 337          |
|    n_updates            | 11800        |
|    policy_gradient_loss | -0.00419     |
|    value_loss           | 1.14e+03     |
------------------------------------------
FruitCounts | {'Fruit': 1, 'DecayFruit': 12, 'EnemyFruit': 2} |
------------------------------------------
| rollout/                |              |
|    ep_len_mean          | 204          |
|    ep_rew_mean          | 369          |
| time/                   |              |
|    fps                  | 155          |
|    iterations           | 450          |
|    time_elapsed         | 5934         |
|    total_timesteps      | 2421600      |
| train/                  |              |
|    approx_kl            | 0.0054951715 |
|    clip_fraction        | 0.0411       |
|    clip_range           | 0.2          |
|    entropy_loss         | -0.173       |
|    explained_variance   | 0.261        |
|    learning_rate        | 0.0003       |
|    loss                 | 446          |
|    n_updates            | 11810        |
|    policy_gradient_loss | -0.00188     |
|    value_loss           | 1.14e+03     |
------------------------------------------
FruitCounts | {'Fruit': 1, 'DecayFruit': 15, 'EnemyFruit': 3} |
-----------------------------------------
| rollout/                |             |
|    ep_len_mean          | 203         |
|    ep_rew_mean          | 366         |
| time/                   |             |
|    fps                  | 155         |
|    iterations           | 451         |
|    time_elapsed         | 5946        |
|    total_timesteps      | 2423648     |
| train/                  |             |
|    approx_kl            | 0.010127654 |
|    clip_fraction        | 0.0649      |
|    clip_range           | 0.2         |
|    entropy_loss         | -0.205      |
|    explained_variance   | 0.255       |
|    learning_rate        | 0.0003      |
|    loss                 | 465         |
|    n_updates            | 11820       |
|    policy_gradient_loss | 0.000439    |
|    value_loss           | 962         |
-----------------------------------------
FruitCounts | {'Fruit': 0, 'DecayFruit': 11, 'EnemyFruit': 3} |
------------------------------------------
| rollout/                |              |
|    ep_len_mean          | 201          |
|    ep_rew_mean          | 373          |
| time/                   |              |
|    fps                  | 155          |
|    iterations           | 452          |
|    time_elapsed         | 5958         |
|    total_timesteps      | 2425696      |
| train/                  |              |
|    approx_kl            | 0.0044787824 |
|    clip_fraction        | 0.048        |
|    clip_range           | 0.2          |
|    entropy_loss         | -0.204       |
|    explained_variance   | 0.397        |
|    learning_rate        | 0.0003       |
|    loss                 | 295          |
|    n_updates            | 11830        |
|    policy_gradient_loss | -0.00208     |
|    value_loss           | 759          |
------------------------------------------
FruitCounts | {'Fruit': 0, 'DecayFruit': 6, 'EnemyFruit': 1} |
-----------------------------------------
| rollout/                |             |
|    ep_len_mean          | 203         |
|    ep_rew_mean          | 387         |
| time/                   |             |
|    fps                  | 155         |
|    iterations           | 453         |
|    time_elapsed         | 5971        |
|    total_timesteps      | 2427744     |
| train/                  |             |
|    approx_kl            | 0.008986395 |
|    clip_fraction        | 0.0541      |
|    clip_range           | 0.2         |
|    entropy_loss         | -0.174      |
|    explained_variance   | 0.379       |
|    learning_rate        | 0.0003      |
|    loss                 | 154         |
|    n_updates            | 11840       |
|    policy_gradient_loss | -0.00208    |
|    value_loss           | 897         |
-----------------------------------------
FruitCounts | {'Fruit': 0, 'DecayFruit': 12, 'EnemyFruit': 7} |
------------------------------------------
| rollout/                |              |
|    ep_len_mean          | 213          |
|    ep_rew_mean          | 404          |
| time/                   |              |
|    fps                  | 155          |
|    iterations           | 454          |
|    time_elapsed         | 5982         |
|    total_timesteps      | 2429792      |
| train/                  |              |
|    approx_kl            | 0.0058014216 |
|    clip_fraction        | 0.047        |
|    clip_range           | 0.2          |
|    entropy_loss         | -0.189       |
|    explained_variance   | 0.367        |
|    learning_rate        | 0.0003       |
|    loss                 | 728          |
|    n_updates            | 11850        |
|    policy_gradient_loss | -0.00272     |
|    value_loss           | 1.21e+03     |
------------------------------------------
FruitCounts | {'Fruit': 0, 'DecayFruit': 2, 'EnemyFruit': 0} |
-----------------------------------------
| rollout/                |             |
|    ep_len_mean          | 210         |
|    ep_rew_mean          | 399         |
| time/                   |             |
|    fps                  | 155         |
|    iterations           | 455         |
|    time_elapsed         | 5995        |
|    total_timesteps      | 2431840     |
| train/                  |             |
|    approx_kl            | 0.011188842 |
|    clip_fraction        | 0.0523      |
|    clip_range           | 0.2         |
|    entropy_loss         | -0.182      |
|    explained_variance   | 0.396       |
|    learning_rate        | 0.0003      |
|    loss                 | 387         |
|    n_updates            | 11860       |
|    policy_gradient_loss | -0.0012     |
|    value_loss           | 865         |
-----------------------------------------
FruitCounts | {'Fruit': 0, 'DecayFruit': 3, 'EnemyFruit': 2} |
------------------------------------------
| rollout/                |              |
|    ep_len_mean          | 202          |
|    ep_rew_mean          | 383          |
| time/                   |              |
|    fps                  | 155          |
|    iterations           | 456          |
|    time_elapsed         | 6008         |
|    total_timesteps      | 2433888      |
| train/                  |              |
|    approx_kl            | 0.0073908144 |
|    clip_fraction        | 0.0407       |
|    clip_range           | 0.2          |
|    entropy_loss         | -0.166       |
|    explained_variance   | 0.183        |
|    learning_rate        | 0.0003       |
|    loss                 | 463          |
|    n_updates            | 11870        |
|    policy_gradient_loss | -0.00127     |
|    value_loss           | 1.1e+03      |
------------------------------------------
FruitCounts | {'Fruit': 1, 'DecayFruit': 8, 'EnemyFruit': 3} |
-----------------------------------------
| rollout/                |             |
|    ep_len_mean          | 214         |
|    ep_rew_mean          | 407         |
| time/                   |             |
|    fps                  | 155         |
|    iterations           | 457         |
|    time_elapsed         | 6019        |
|    total_timesteps      | 2435936     |
| train/                  |             |
|    approx_kl            | 0.011943497 |
|    clip_fraction        | 0.0462      |
|    clip_range           | 0.2         |
|    entropy_loss         | -0.184      |
|    explained_variance   | 0.122       |
|    learning_rate        | 0.0003      |
|    loss                 | 507         |
|    n_updates            | 11880       |
|    policy_gradient_loss | -0.00297    |
|    value_loss           | 1.05e+03    |
-----------------------------------------
FruitCounts | {'Fruit': 0, 'DecayFruit': 6, 'EnemyFruit': 0} |
------------------------------------------
| rollout/                |              |
|    ep_len_mean          | 209          |
|    ep_rew_mean          | 386          |
| time/                   |              |
|    fps                  | 155          |
|    iterations           | 458          |
|    time_elapsed         | 6032         |
|    total_timesteps      | 2437984      |
| train/                  |              |
|    approx_kl            | 0.0051683537 |
|    clip_fraction        | 0.0499       |
|    clip_range           | 0.2          |
|    entropy_loss         | -0.183       |
|    explained_variance   | 0.304        |
|    learning_rate        | 0.0003       |
|    loss                 | 421          |
|    n_updates            | 11890        |
|    policy_gradient_loss | -0.00281     |
|    value_loss           | 943          |
------------------------------------------
FruitCounts | {'Fruit': 0, 'DecayFruit': 2, 'EnemyFruit': 0} |
-----------------------------------------
| rollout/                |             |
|    ep_len_mean          | 222         |
|    ep_rew_mean          | 407         |
| time/                   |             |
|    fps                  | 155         |
|    iterations           | 459         |
|    time_elapsed         | 6045        |
|    total_timesteps      | 2440032     |
| train/                  |             |
|    approx_kl            | 0.004403865 |
|    clip_fraction        | 0.0571      |
|    clip_range           | 0.2         |
|    entropy_loss         | -0.203      |
|    explained_variance   | 0.257       |
|    learning_rate        | 0.0003      |
|    loss                 | 314         |
|    n_updates            | 11900       |
|    policy_gradient_loss | -0.00104    |
|    value_loss           | 1.07e+03    |
-----------------------------------------
FruitCounts | {'Fruit': 0, 'DecayFruit': 1, 'EnemyFruit': 0} |
----------------------------------------
| rollout/                |            |
|    ep_len_mean          | 224        |
|    ep_rew_mean          | 415        |
| time/                   |            |
|    fps                  | 155        |
|    iterations           | 460        |
|    time_elapsed         | 6057       |
|    total_timesteps      | 2442080    |
| train/                  |            |
|    approx_kl            | 0.00582565 |
|    clip_fraction        | 0.0479     |
|    clip_range           | 0.2        |
|    entropy_loss         | -0.175     |
|    explained_variance   | 0.313      |
|    learning_rate        | 0.0003     |
|    loss                 | 598        |
|    n_updates            | 11910      |
|    policy_gradient_loss | -0.00457   |
|    value_loss           | 1.13e+03   |
----------------------------------------
FruitCounts | {'Fruit': 0, 'DecayFruit': 3, 'EnemyFruit': 0} |
-----------------------------------------
| rollout/                |             |
|    ep_len_mean          | 215         |
|    ep_rew_mean          | 397         |
| time/                   |             |
|    fps                  | 155         |
|    iterations           | 461         |
|    time_elapsed         | 6069        |
|    total_timesteps      | 2444128     |
| train/                  |             |
|    approx_kl            | 0.005877497 |
|    clip_fraction        | 0.0518      |
|    clip_range           | 0.2         |
|    entropy_loss         | -0.208      |
|    explained_variance   | 0.305       |
|    learning_rate        | 0.0003      |
|    loss                 | 312         |
|    n_updates            | 11920       |
|    policy_gradient_loss | -0.00188    |
|    value_loss           | 1.04e+03    |
-----------------------------------------
FruitCounts | {'Fruit': 0, 'DecayFruit': 5, 'EnemyFruit': 0} |
-----------------------------------------
| rollout/                |             |
|    ep_len_mean          | 210         |
|    ep_rew_mean          | 388         |
| time/                   |             |
|    fps                  | 155         |
|    iterations           | 462         |
|    time_elapsed         | 6082        |
|    total_timesteps      | 2446176     |
| train/                  |             |
|    approx_kl            | 0.007215054 |
|    clip_fraction        | 0.0531      |
|    clip_range           | 0.2         |
|    entropy_loss         | -0.194      |
|    explained_variance   | 0.258       |
|    learning_rate        | 0.0003      |
|    loss                 | 538         |
|    n_updates            | 11930       |
|    policy_gradient_loss | -0.000695   |
|    value_loss           | 1.27e+03    |
-----------------------------------------
FruitCounts | {'Fruit': 0, 'DecayFruit': 8, 'EnemyFruit': 0} |
-----------------------------------------
| rollout/                |             |
|    ep_len_mean          | 208         |
|    ep_rew_mean          | 382         |
| time/                   |             |
|    fps                  | 155         |
|    iterations           | 463         |
|    time_elapsed         | 6094        |
|    total_timesteps      | 2448224     |
| train/                  |             |
|    approx_kl            | 0.005873534 |
|    clip_fraction        | 0.0436      |
|    clip_range           | 0.2         |
|    entropy_loss         | -0.184      |
|    explained_variance   | 0.271       |
|    learning_rate        | 0.0003      |
|    loss                 | 690         |
|    n_updates            | 11940       |
|    policy_gradient_loss | -0.00267    |
|    value_loss           | 1.22e+03    |
-----------------------------------------
FruitCounts | {'Fruit': 0, 'DecayFruit': 4, 'EnemyFruit': 3} |
-----------------------------------------
| rollout/                |             |
|    ep_len_mean          | 203         |
|    ep_rew_mean          | 375         |
| time/                   |             |
|    fps                  | 155         |
|    iterations           | 464         |
|    time_elapsed         | 6105        |
|    total_timesteps      | 2450272     |
| train/                  |             |
|    approx_kl            | 0.006536138 |
|    clip_fraction        | 0.0506      |
|    clip_range           | 0.2         |
|    entropy_loss         | -0.175      |
|    explained_variance   | 0.329       |
|    learning_rate        | 0.0003      |
|    loss                 | 368         |
|    n_updates            | 11950       |
|    policy_gradient_loss | -0.000934   |
|    value_loss           | 849         |
-----------------------------------------
FruitCounts | {'Fruit': 0, 'DecayFruit': 4, 'EnemyFruit': 0} |
------------------------------------------
| rollout/                |              |
|    ep_len_mean          | 209          |
|    ep_rew_mean          | 380          |
| time/                   |              |
|    fps                  | 155          |
|    iterations           | 465          |
|    time_elapsed         | 6116         |
|    total_timesteps      | 2452320      |
| train/                  |              |
|    approx_kl            | 0.0070848637 |
|    clip_fraction        | 0.0572       |
|    clip_range           | 0.2          |
|    entropy_loss         | -0.19        |
|    explained_variance   | 0.265        |
|    learning_rate        | 0.0003       |
|    loss                 | 343          |
|    n_updates            | 11960        |
|    policy_gradient_loss | -0.00297     |
|    value_loss           | 1.22e+03     |
------------------------------------------
FruitCounts | {'Fruit': 0, 'DecayFruit': 3, 'EnemyFruit': 0} |
------------------------------------------
| rollout/                |              |
|    ep_len_mean          | 205          |
|    ep_rew_mean          | 374          |
| time/                   |              |
|    fps                  | 155          |
|    iterations           | 466          |
|    time_elapsed         | 6130         |
|    total_timesteps      | 2454368      |
| train/                  |              |
|    approx_kl            | 0.0057881703 |
|    clip_fraction        | 0.0539       |
|    clip_range           | 0.2          |
|    entropy_loss         | -0.181       |
|    explained_variance   | 0.287        |
|    learning_rate        | 0.0003       |
|    loss                 | 402          |
|    n_updates            | 11970        |
|    policy_gradient_loss | 0.00172      |
|    value_loss           | 912          |
------------------------------------------
FruitCounts | {'Fruit': 0, 'DecayFruit': 1, 'EnemyFruit': 1} |
------------------------------------------
| rollout/                |              |
|    ep_len_mean          | 198          |
|    ep_rew_mean          | 357          |
| time/                   |              |
|    fps                  | 155          |
|    iterations           | 467          |
|    time_elapsed         | 6144         |
|    total_timesteps      | 2456416      |
| train/                  |              |
|    approx_kl            | 0.0031886217 |
|    clip_fraction        | 0.0398       |
|    clip_range           | 0.2          |
|    entropy_loss         | -0.185       |
|    explained_variance   | 0.393        |
|    learning_rate        | 0.0003       |
|    loss                 | 359          |
|    n_updates            | 11980        |
|    policy_gradient_loss | -0.00117     |
|    value_loss           | 1.1e+03      |
------------------------------------------
FruitCounts | {'Fruit': 0, 'DecayFruit': 2, 'EnemyFruit': 0} |
------------------------------------------
| rollout/                |              |
|    ep_len_mean          | 189          |
|    ep_rew_mean          | 352          |
| time/                   |              |
|    fps                  | 155          |
|    iterations           | 468          |
|    time_elapsed         | 6155         |
|    total_timesteps      | 2458464      |
| train/                  |              |
|    approx_kl            | 0.0084325485 |
|    clip_fraction        | 0.0609       |
|    clip_range           | 0.2          |
|    entropy_loss         | -0.195       |
|    explained_variance   | 0.198        |
|    learning_rate        | 0.0003       |
|    loss                 | 560          |
|    n_updates            | 11990        |
|    policy_gradient_loss | -0.00448     |
|    value_loss           | 1.22e+03     |
------------------------------------------
FruitCounts | {'Fruit': 0, 'DecayFruit': 1, 'EnemyFruit': 0} |
-----------------------------------------
| rollout/                |             |
|    ep_len_mean          | 185         |
|    ep_rew_mean          | 343         |
| time/                   |             |
|    fps                  | 155         |
|    iterations           | 469         |
|    time_elapsed         | 6168        |
|    total_timesteps      | 2460512     |
| train/                  |             |
|    approx_kl            | 0.007512456 |
|    clip_fraction        | 0.057       |
|    clip_range           | 0.2         |
|    entropy_loss         | -0.186      |
|    explained_variance   | 0.379       |
|    learning_rate        | 0.0003      |
|    loss                 | 319         |
|    n_updates            | 12000       |
|    policy_gradient_loss | -0.00156    |
|    value_loss           | 966         |
-----------------------------------------
FruitCounts | {'Fruit': 0, 'DecayFruit': 5, 'EnemyFruit': 0} |
------------------------------------------
| rollout/                |              |
|    ep_len_mean          | 183          |
|    ep_rew_mean          | 345          |
| time/                   |              |
|    fps                  | 155          |
|    iterations           | 470          |
|    time_elapsed         | 6181         |
|    total_timesteps      | 2462560      |
| train/                  |              |
|    approx_kl            | 0.0054213563 |
|    clip_fraction        | 0.0434       |
|    clip_range           | 0.2          |
|    entropy_loss         | -0.185       |
|    explained_variance   | 0.317        |
|    learning_rate        | 0.0003       |
|    loss                 | 276          |
|    n_updates            | 12010        |
|    policy_gradient_loss | -0.000739    |
|    value_loss           | 960          |
------------------------------------------
FruitCounts | {'Fruit': 0, 'DecayFruit': 1, 'EnemyFruit': 0} |
------------------------------------------
| rollout/                |              |
|    ep_len_mean          | 181          |
|    ep_rew_mean          | 356          |
| time/                   |              |
|    fps                  | 155          |
|    iterations           | 471          |
|    time_elapsed         | 6194         |
|    total_timesteps      | 2464608      |
| train/                  |              |
|    approx_kl            | 0.0069752308 |
|    clip_fraction        | 0.0481       |
|    clip_range           | 0.2          |
|    entropy_loss         | -0.183       |
|    explained_variance   | 0.383        |
|    learning_rate        | 0.0003       |
|    loss                 | 625          |
|    n_updates            | 12020        |
|    policy_gradient_loss | -0.000646    |
|    value_loss           | 1.37e+03     |
------------------------------------------
FruitCounts | {'Fruit': 0, 'DecayFruit': 5, 'EnemyFruit': 0} |
------------------------------------------
| rollout/                |              |
|    ep_len_mean          | 182          |
|    ep_rew_mean          | 359          |
| time/                   |              |
|    fps                  | 155          |
|    iterations           | 472          |
|    time_elapsed         | 6206         |
|    total_timesteps      | 2466656      |
| train/                  |              |
|    approx_kl            | 0.0054836236 |
|    clip_fraction        | 0.0515       |
|    clip_range           | 0.2          |
|    entropy_loss         | -0.189       |
|    explained_variance   | 0.376        |
|    learning_rate        | 0.0003       |
|    loss                 | 395          |
|    n_updates            | 12030        |
|    policy_gradient_loss | -0.00267     |
|    value_loss           | 1.31e+03     |
------------------------------------------
FruitCounts | {'Fruit': 0, 'DecayFruit': 6, 'EnemyFruit': 3} |
----------------------------------------
| rollout/                |            |
|    ep_len_mean          | 177        |
|    ep_rew_mean          | 352        |
| time/                   |            |
|    fps                  | 155        |
|    iterations           | 473        |
|    time_elapsed         | 6217       |
|    total_timesteps      | 2468704    |
| train/                  |            |
|    approx_kl            | 0.01357783 |
|    clip_fraction        | 0.0677     |
|    clip_range           | 0.2        |
|    entropy_loss         | -0.189     |
|    explained_variance   | 0.402      |
|    learning_rate        | 0.0003     |
|    loss                 | 560        |
|    n_updates            | 12040      |
|    policy_gradient_loss | -0.00239   |
|    value_loss           | 1.15e+03   |
----------------------------------------
FruitCounts | {'Fruit': 0, 'DecayFruit': 3, 'EnemyFruit': 1} |
-----------------------------------------
| rollout/                |             |
|    ep_len_mean          | 174         |
|    ep_rew_mean          | 354         |
| time/                   |             |
|    fps                  | 155         |
|    iterations           | 474         |
|    time_elapsed         | 6230        |
|    total_timesteps      | 2470752     |
| train/                  |             |
|    approx_kl            | 0.008786169 |
|    clip_fraction        | 0.0577      |
|    clip_range           | 0.2         |
|    entropy_loss         | -0.191      |
|    explained_variance   | 0.342       |
|    learning_rate        | 0.0003      |
|    loss                 | 355         |
|    n_updates            | 12050       |
|    policy_gradient_loss | -0.000844   |
|    value_loss           | 832         |
-----------------------------------------
FruitCounts | {'Fruit': 0, 'DecayFruit': 0, 'EnemyFruit': 0} |
-----------------------------------------
| rollout/                |             |
|    ep_len_mean          | 188         |
|    ep_rew_mean          | 384         |
| time/                   |             |
|    fps                  | 155         |
|    iterations           | 475         |
|    time_elapsed         | 6242        |
|    total_timesteps      | 2472800     |
| train/                  |             |
|    approx_kl            | 0.004970488 |
|    clip_fraction        | 0.048       |
|    clip_range           | 0.2         |
|    entropy_loss         | -0.185      |
|    explained_variance   | 0.259       |
|    learning_rate        | 0.0003      |
|    loss                 | 576         |
|    n_updates            | 12060       |
|    policy_gradient_loss | -0.000614   |
|    value_loss           | 1.47e+03    |
-----------------------------------------
FruitCounts | {'Fruit': 0, 'DecayFruit': 10, 'EnemyFruit': 4} |
-----------------------------------------
| rollout/                |             |
|    ep_len_mean          | 196         |
|    ep_rew_mean          | 398         |
| time/                   |             |
|    fps                  | 155         |
|    iterations           | 476         |
|    time_elapsed         | 6252        |
|    total_timesteps      | 2474848     |
| train/                  |             |
|    approx_kl            | 0.007311525 |
|    clip_fraction        | 0.0502      |
|    clip_range           | 0.2         |
|    entropy_loss         | -0.201      |
|    explained_variance   | 0.365       |
|    learning_rate        | 0.0003      |
|    loss                 | 453         |
|    n_updates            | 12070       |
|    policy_gradient_loss | -0.00295    |
|    value_loss           | 1.1e+03     |
-----------------------------------------
FruitCounts | {'Fruit': 1, 'DecayFruit': 1, 'EnemyFruit': 1} |
-----------------------------------------
| rollout/                |             |
|    ep_len_mean          | 205         |
|    ep_rew_mean          | 423         |
| time/                   |             |
|    fps                  | 155         |
|    iterations           | 477         |
|    time_elapsed         | 6264        |
|    total_timesteps      | 2476896     |
| train/                  |             |
|    approx_kl            | 0.009573795 |
|    clip_fraction        | 0.0745      |
|    clip_range           | 0.2         |
|    entropy_loss         | -0.177      |
|    explained_variance   | 0.301       |
|    learning_rate        | 0.0003      |
|    loss                 | 921         |
|    n_updates            | 12080       |
|    policy_gradient_loss | 0.00288     |
|    value_loss           | 1.09e+03    |
-----------------------------------------
FruitCounts | {'Fruit': 0, 'DecayFruit': 5, 'EnemyFruit': 0} |
-----------------------------------------
| rollout/                |             |
|    ep_len_mean          | 204         |
|    ep_rew_mean          | 419         |
| time/                   |             |
|    fps                  | 155         |
|    iterations           | 478         |
|    time_elapsed         | 6277        |
|    total_timesteps      | 2478944     |
| train/                  |             |
|    approx_kl            | 0.006584179 |
|    clip_fraction        | 0.0547      |
|    clip_range           | 0.2         |
|    entropy_loss         | -0.189      |
|    explained_variance   | 0.279       |
|    learning_rate        | 0.0003      |
|    loss                 | 728         |
|    n_updates            | 12090       |
|    policy_gradient_loss | -0.00305    |
|    value_loss           | 1.33e+03    |
-----------------------------------------
FruitCounts | {'Fruit': 0, 'DecayFruit': 4, 'EnemyFruit': 0} |
-----------------------------------------
| rollout/                |             |
|    ep_len_mean          | 204         |
|    ep_rew_mean          | 426         |
| time/                   |             |
|    fps                  | 155         |
|    iterations           | 479         |
|    time_elapsed         | 6289        |
|    total_timesteps      | 2480992     |
| train/                  |             |
|    approx_kl            | 0.004340472 |
|    clip_fraction        | 0.0454      |
|    clip_range           | 0.2         |
|    entropy_loss         | -0.169      |
|    explained_variance   | 0.282       |
|    learning_rate        | 0.0003      |
|    loss                 | 608         |
|    n_updates            | 12100       |
|    policy_gradient_loss | -0.000644   |
|    value_loss           | 1.05e+03    |
-----------------------------------------
FruitCounts | {'Fruit': 0, 'DecayFruit': 5, 'EnemyFruit': 1} |
-----------------------------------------
| rollout/                |             |
|    ep_len_mean          | 207         |
|    ep_rew_mean          | 431         |
| time/                   |             |
|    fps                  | 155         |
|    iterations           | 480         |
|    time_elapsed         | 6302        |
|    total_timesteps      | 2483040     |
| train/                  |             |
|    approx_kl            | 0.005263918 |
|    clip_fraction        | 0.0458      |
|    clip_range           | 0.2         |
|    entropy_loss         | -0.172      |
|    explained_variance   | 0.166       |
|    learning_rate        | 0.0003      |
|    loss                 | 683         |
|    n_updates            | 12110       |
|    policy_gradient_loss | -0.00477    |
|    value_loss           | 1.43e+03    |
-----------------------------------------
FruitCounts | {'Fruit': 0, 'DecayFruit': 3, 'EnemyFruit': 0} |
------------------------------------------
| rollout/                |              |
|    ep_len_mean          | 207          |
|    ep_rew_mean          | 415          |
| time/                   |              |
|    fps                  | 155          |
|    iterations           | 481          |
|    time_elapsed         | 6314         |
|    total_timesteps      | 2485088      |
| train/                  |              |
|    approx_kl            | 0.0051175645 |
|    clip_fraction        | 0.0436       |
|    clip_range           | 0.2          |
|    entropy_loss         | -0.192       |
|    explained_variance   | 0.237        |
|    learning_rate        | 0.0003       |
|    loss                 | 449          |
|    n_updates            | 12120        |
|    policy_gradient_loss | -0.000776    |
|    value_loss           | 1.09e+03     |
------------------------------------------
FruitCounts | {'Fruit': 0, 'DecayFruit': 3, 'EnemyFruit': 0} |
-----------------------------------------
| rollout/                |             |
|    ep_len_mean          | 200         |
|    ep_rew_mean          | 407         |
| time/                   |             |
|    fps                  | 155         |
|    iterations           | 482         |
|    time_elapsed         | 6327        |
|    total_timesteps      | 2487136     |
| train/                  |             |
|    approx_kl            | 0.012555723 |
|    clip_fraction        | 0.0615      |
|    clip_range           | 0.2         |
|    entropy_loss         | -0.181      |
|    explained_variance   | 0.298       |
|    learning_rate        | 0.0003      |
|    loss                 | 355         |
|    n_updates            | 12130       |
|    policy_gradient_loss | -0.00373    |
|    value_loss           | 1.25e+03    |
-----------------------------------------
FruitCounts | {'Fruit': 1, 'DecayFruit': 4, 'EnemyFruit': 1} |
------------------------------------------
| rollout/                |              |
|    ep_len_mean          | 197          |
|    ep_rew_mean          | 405          |
| time/                   |              |
|    fps                  | 156          |
|    iterations           | 483          |
|    time_elapsed         | 6339         |
|    total_timesteps      | 2489184      |
| train/                  |              |
|    approx_kl            | 0.0042808494 |
|    clip_fraction        | 0.0489       |
|    clip_range           | 0.2          |
|    entropy_loss         | -0.202       |
|    explained_variance   | 0.271        |
|    learning_rate        | 0.0003       |
|    loss                 | 688          |
|    n_updates            | 12140        |
|    policy_gradient_loss | -0.00354     |
|    value_loss           | 1.48e+03     |
------------------------------------------
FruitCounts | {'Fruit': 0, 'DecayFruit': 4, 'EnemyFruit': 1} |
-----------------------------------------
| rollout/                |             |
|    ep_len_mean          | 204         |
|    ep_rew_mean          | 409         |
| time/                   |             |
|    fps                  | 156         |
|    iterations           | 484         |
|    time_elapsed         | 6351        |
|    total_timesteps      | 2491232     |
| train/                  |             |
|    approx_kl            | 0.008161367 |
|    clip_fraction        | 0.0518      |
|    clip_range           | 0.2         |
|    entropy_loss         | -0.179      |
|    explained_variance   | 0.0886      |
|    learning_rate        | 0.0003      |
|    loss                 | 436         |
|    n_updates            | 12150       |
|    policy_gradient_loss | -0.00536    |
|    value_loss           | 1.15e+03    |
-----------------------------------------
FruitCounts | {'Fruit': 0, 'DecayFruit': 2, 'EnemyFruit': 0} |
-----------------------------------------
| rollout/                |             |
|    ep_len_mean          | 196         |
|    ep_rew_mean          | 391         |
| time/                   |             |
|    fps                  | 156         |
|    iterations           | 485         |
|    time_elapsed         | 6363        |
|    total_timesteps      | 2493280     |
| train/                  |             |
|    approx_kl            | 0.009236228 |
|    clip_fraction        | 0.0598      |
|    clip_range           | 0.2         |
|    entropy_loss         | -0.209      |
|    explained_variance   | 0.221       |
|    learning_rate        | 0.0003      |
|    loss                 | 306         |
|    n_updates            | 12160       |
|    policy_gradient_loss | -0.000868   |
|    value_loss           | 852         |
-----------------------------------------
FruitCounts | {'Fruit': 0, 'DecayFruit': 1, 'EnemyFruit': 0} |
------------------------------------------
| rollout/                |              |
|    ep_len_mean          | 191          |
|    ep_rew_mean          | 379          |
| time/                   |              |
|    fps                  | 156          |
|    iterations           | 486          |
|    time_elapsed         | 6376         |
|    total_timesteps      | 2495328      |
| train/                  |              |
|    approx_kl            | 0.0078116767 |
|    clip_fraction        | 0.0507       |
|    clip_range           | 0.2          |
|    entropy_loss         | -0.191       |
|    explained_variance   | 0.3          |
|    learning_rate        | 0.0003       |
|    loss                 | 704          |
|    n_updates            | 12170        |
|    policy_gradient_loss | 1.74e-05     |
|    value_loss           | 1.22e+03     |
------------------------------------------
FruitCounts | {'Fruit': 0, 'DecayFruit': 16, 'EnemyFruit': 7} |
------------------------------------------
| rollout/                |              |
|    ep_len_mean          | 191          |
|    ep_rew_mean          | 376          |
| time/                   |              |
|    fps                  | 156          |
|    iterations           | 487          |
|    time_elapsed         | 6387         |
|    total_timesteps      | 2497376      |
| train/                  |              |
|    approx_kl            | 0.0048966305 |
|    clip_fraction        | 0.0619       |
|    clip_range           | 0.2          |
|    entropy_loss         | -0.214       |
|    explained_variance   | 0.141        |
|    learning_rate        | 0.0003       |
|    loss                 | 884          |
|    n_updates            | 12180        |
|    policy_gradient_loss | 0.00172      |
|    value_loss           | 1.12e+03     |
------------------------------------------
FruitCounts | {'Fruit': 0, 'DecayFruit': 10, 'EnemyFruit': 0} |
------------------------------------------
| rollout/                |              |
|    ep_len_mean          | 187          |
|    ep_rew_mean          | 366          |
| time/                   |              |
|    fps                  | 156          |
|    iterations           | 488          |
|    time_elapsed         | 6400         |
|    total_timesteps      | 2499424      |
| train/                  |              |
|    approx_kl            | 0.0055740494 |
|    clip_fraction        | 0.0476       |
|    clip_range           | 0.2          |
|    entropy_loss         | -0.203       |
|    explained_variance   | 0.15         |
|    learning_rate        | 0.0003       |
|    loss                 | 597          |
|    n_updates            | 12190        |
|    policy_gradient_loss | -0.00142     |
|    value_loss           | 1.25e+03     |
------------------------------------------
FruitCounts | {'Fruit': 0, 'DecayFruit': 6, 'EnemyFruit': 5} |
-----------------------------------------
| rollout/                |             |
|    ep_len_mean          | 199         |
|    ep_rew_mean          | 381         |
| time/                   |             |
|    fps                  | 156         |
|    iterations           | 489         |
|    time_elapsed         | 6412        |
|    total_timesteps      | 2501472     |
| train/                  |             |
|    approx_kl            | 0.007573013 |
|    clip_fraction        | 0.0494      |
|    clip_range           | 0.2         |
|    entropy_loss         | -0.203      |
|    explained_variance   | 0.347       |
|    learning_rate        | 0.0003      |
|    loss                 | 477         |
|    n_updates            | 12200       |
|    policy_gradient_loss | -0.00133    |
|    value_loss           | 1.24e+03    |
-----------------------------------------
Average Reward: 374.30
Average Episode Length: 202.5
