/data/class/cs175/liangc30/.conda/envs/rl/lib/python3.11/site-packages/pygame/pkgdata.py:25: UserWarning: pkg_resources is deprecated as an API. See https://setuptools.pypa.io/en/latest/pkg_resources.html. The pkg_resources package is slated for removal as early as 2025-11-30. Refrain from using this package or pin to Setuptools<81.
  from pkg_resources import resource_stream, resource_exists
2026-03-10 20:46:57.871206: I tensorflow/core/platform/cpu_feature_guard.cc:210] This TensorFlow binary is optimized to use available CPU instructions in performance-critical operations.
To enable the following instructions: AVX2 AVX512F FMA, in other operations, rebuild TensorFlow with the appropriate compiler flags.
Resuming training from checkpoint: ./data/model_checkpoints/dqn_snake_DQN2_1000000_steps.zip
Wrapping the env with a `Monitor` wrapper
Wrapping the env in a DummyVecEnv.
Failed to create secure directory (/run/user/2507020/pulse): No such file or directory
----------------------------------
| rollout/            |          |
|    ep_len_mean      | 190      |
|    ep_rew_mean      | -4.66    |
|    exploration_rate | 0.1      |
| time/               |          |
|    episodes         | 14800    |
|    fps              | 111      |
|    time_elapsed     | 3        |
|    total_timesteps  | 1000345  |
| train/              |          |
|    learning_rate    | 0.0001   |
|    loss             | 0.476    |
|    n_updates        | 247585   |
----------------------------------
----------------------------------
| rollout/            |          |
|    ep_len_mean      | 190      |
|    ep_rew_mean      | -4.57    |
|    exploration_rate | 0.1      |
| time/               |          |
|    episodes         | 14804    |
|    fps              | 122      |
|    time_elapsed     | 5        |
|    total_timesteps  | 1000648  |
| train/              |          |
|    learning_rate    | 0.0001   |
|    loss             | 0.00868  |
|    n_updates        | 247660   |
----------------------------------
----------------------------------
| rollout/            |          |
|    ep_len_mean      | 194      |
|    ep_rew_mean      | -4.49    |
|    exploration_rate | 0.1      |
| time/               |          |
|    episodes         | 14808    |
|    fps              | 164      |
|    time_elapsed     | 9        |
|    total_timesteps  | 1001633  |
| train/              |          |
|    learning_rate    | 0.0001   |
|    loss             | 0.00476  |
|    n_updates        | 247907   |
----------------------------------
----------------------------------
| rollout/            |          |
|    ep_len_mean      | 189      |
|    ep_rew_mean      | -7.25    |
|    exploration_rate | 0.1      |
| time/               |          |
|    episodes         | 14812    |
|    fps              | 157      |
|    time_elapsed     | 11       |
|    total_timesteps  | 1001860  |
| train/              |          |
|    learning_rate    | 0.0001   |
|    loss             | 0.00644  |
|    n_updates        | 247963   |
----------------------------------
----------------------------------
| rollout/            |          |
|    ep_len_mean      | 189      |
|    ep_rew_mean      | -7.02    |
|    exploration_rate | 0.1      |
| time/               |          |
|    episodes         | 14816    |
|    fps              | 152      |
|    time_elapsed     | 13       |
|    total_timesteps  | 1002108  |
| train/              |          |
|    learning_rate    | 0.0001   |
|    loss             | 0.00721  |
|    n_updates        | 248025   |
----------------------------------
----------------------------------
| rollout/            |          |
|    ep_len_mean      | 186      |
|    ep_rew_mean      | -6.28    |
|    exploration_rate | 0.1      |
| time/               |          |
|    episodes         | 14820    |
|    fps              | 152      |
|    time_elapsed     | 16       |
|    total_timesteps  | 1002537  |
| train/              |          |
|    learning_rate    | 0.0001   |
|    loss             | 0.00487  |
|    n_updates        | 248133   |
----------------------------------
----------------------------------
| rollout/            |          |
|    ep_len_mean      | 178      |
|    ep_rew_mean      | -6.04    |
|    exploration_rate | 0.1      |
| time/               |          |
|    episodes         | 14824    |
|    fps              | 147      |
|    time_elapsed     | 18       |
|    total_timesteps  | 1002718  |
| train/              |          |
|    learning_rate    | 0.0001   |
|    loss             | 0.00641  |
|    n_updates        | 248178   |
----------------------------------
----------------------------------
| rollout/            |          |
|    ep_len_mean      | 177      |
|    ep_rew_mean      | -5.71    |
|    exploration_rate | 0.1      |
| time/               |          |
|    episodes         | 14828    |
|    fps              | 162      |
|    time_elapsed     | 23       |
|    total_timesteps  | 1003878  |
| train/              |          |
|    learning_rate    | 0.0001   |
|    loss             | 0.457    |
|    n_updates        | 248468   |
----------------------------------
----------------------------------
| rollout/            |          |
|    ep_len_mean      | 179      |
|    ep_rew_mean      | -6.37    |
|    exploration_rate | 0.1      |
| time/               |          |
|    episodes         | 14832    |
|    fps              | 165      |
|    time_elapsed     | 27       |
|    total_timesteps  | 1004546  |
| train/              |          |
|    learning_rate    | 0.0001   |
|    loss             | 0.00614  |
|    n_updates        | 248635   |
----------------------------------
----------------------------------
| rollout/            |          |
|    ep_len_mean      | 170      |
|    ep_rew_mean      | -6.21    |
|    exploration_rate | 0.1      |
| time/               |          |
|    episodes         | 14836    |
|    fps              | 163      |
|    time_elapsed     | 29       |
|    total_timesteps  | 1004882  |
| train/              |          |
|    learning_rate    | 0.0001   |
|    loss             | 0.453    |
|    n_updates        | 248719   |
----------------------------------
----------------------------------
| rollout/            |          |
|    ep_len_mean      | 171      |
|    ep_rew_mean      | -5.4     |
|    exploration_rate | 0.1      |
| time/               |          |
|    episodes         | 14840    |
|    fps              | 166      |
|    time_elapsed     | 33       |
|    total_timesteps  | 1005534  |
| train/              |          |
|    learning_rate    | 0.0001   |
|    loss             | 0.596    |
|    n_updates        | 248882   |
----------------------------------
----------------------------------
| rollout/            |          |
|    ep_len_mean      | 170      |
|    ep_rew_mean      | -6.56    |
|    exploration_rate | 0.1      |
| time/               |          |
|    episodes         | 14844    |
|    fps              | 168      |
|    time_elapsed     | 36       |
|    total_timesteps  | 1006143  |
| train/              |          |
|    learning_rate    | 0.0001   |
|    loss             | 0.0174   |
|    n_updates        | 249034   |
----------------------------------
----------------------------------
| rollout/            |          |
|    ep_len_mean      | 163      |
|    ep_rew_mean      | -6.64    |
|    exploration_rate | 0.1      |
| time/               |          |
|    episodes         | 14848    |
|    fps              | 171      |
|    time_elapsed     | 41       |
|    total_timesteps  | 1007053  |
| train/              |          |
|    learning_rate    | 0.0001   |
|    loss             | 0.594    |
|    n_updates        | 249262   |
----------------------------------
----------------------------------
| rollout/            |          |
|    ep_len_mean      | 168      |
|    ep_rew_mean      | -6.17    |
|    exploration_rate | 0.1      |
| time/               |          |
|    episodes         | 14852    |
|    fps              | 175      |
|    time_elapsed     | 45       |
|    total_timesteps  | 1008066  |
| train/              |          |
|    learning_rate    | 0.0001   |
|    loss             | 0.452    |
|    n_updates        | 249515   |
----------------------------------
----------------------------------
| rollout/            |          |
|    ep_len_mean      | 166      |
|    ep_rew_mean      | -7.08    |
|    exploration_rate | 0.1      |
| time/               |          |
|    episodes         | 14856    |
|    fps              | 177      |
|    time_elapsed     | 50       |
|    total_timesteps  | 1008872  |
| train/              |          |
|    learning_rate    | 0.0001   |
|    loss             | 0.0056   |
|    n_updates        | 249716   |
----------------------------------
FruitCounts | {'Fruit': 0, 'DecayFruit': 0, 'EnemyFruit': 1} |
----------------------------------
| rollout/            |          |
|    ep_len_mean      | 175      |
|    ep_rew_mean      | -7.64    |
|    exploration_rate | 0.1      |
| time/               |          |
|    episodes         | 14860    |
|    fps              | 184      |
|    time_elapsed     | 57       |
|    total_timesteps  | 1010631  |
| train/              |          |
|    learning_rate    | 0.0001   |
|    loss             | 0.00572  |
|    n_updates        | 250156   |
----------------------------------
----------------------------------
| rollout/            |          |
|    ep_len_mean      | 174      |
|    ep_rew_mean      | -7.05    |
|    exploration_rate | 0.1      |
| time/               |          |
|    episodes         | 14864    |
|    fps              | 184      |
|    time_elapsed     | 60       |
|    total_timesteps  | 1011149  |
| train/              |          |
|    learning_rate    | 0.0001   |
|    loss             | 0.239    |
|    n_updates        | 250286   |
----------------------------------
----------------------------------
| rollout/            |          |
|    ep_len_mean      | 175      |
|    ep_rew_mean      | -6.21    |
|    exploration_rate | 0.1      |
| time/               |          |
|    episodes         | 14868    |
|    fps              | 187      |
|    time_elapsed     | 67       |
|    total_timesteps  | 1012593  |
| train/              |          |
|    learning_rate    | 0.0001   |
|    loss             | 0.367    |
|    n_updates        | 250647   |
----------------------------------
----------------------------------
| rollout/            |          |
|    ep_len_mean      | 179      |
|    ep_rew_mean      | -5.91    |
|    exploration_rate | 0.1      |
| time/               |          |
|    episodes         | 14872    |
|    fps              | 188      |
|    time_elapsed     | 71       |
|    total_timesteps  | 1013529  |
| train/              |          |
|    learning_rate    | 0.0001   |
|    loss             | 0.321    |
|    n_updates        | 250881   |
----------------------------------
----------------------------------
| rollout/            |          |
|    ep_len_mean      | 179      |
|    ep_rew_mean      | -5.49    |
|    exploration_rate | 0.1      |
| time/               |          |
|    episodes         | 14876    |
|    fps              | 188      |
|    time_elapsed     | 74       |
|    total_timesteps  | 1014039  |
| train/              |          |
|    learning_rate    | 0.0001   |
|    loss             | 0.309    |
|    n_updates        | 251008   |
----------------------------------
----------------------------------
| rollout/            |          |
|    ep_len_mean      | 172      |
|    ep_rew_mean      | -4.7     |
|    exploration_rate | 0.1      |
| time/               |          |
|    episodes         | 14880    |
|    fps              | 186      |
|    time_elapsed     | 77       |
|    total_timesteps  | 1014418  |
| train/              |          |
|    learning_rate    | 0.0001   |
|    loss             | 0.289    |
|    n_updates        | 251103   |
----------------------------------
----------------------------------
| rollout/            |          |
|    ep_len_mean      | 181      |
|    ep_rew_mean      | -4.7     |
|    exploration_rate | 0.1      |
| time/               |          |
|    episodes         | 14884    |
|    fps              | 189      |
|    time_elapsed     | 83       |
|    total_timesteps  | 1015800  |
| train/              |          |
|    learning_rate    | 0.0001   |
|    loss             | 0.142    |
|    n_updates        | 251448   |
----------------------------------
----------------------------------
| rollout/            |          |
|    ep_len_mean      | 185      |
|    ep_rew_mean      | -5.65    |
|    exploration_rate | 0.1      |
| time/               |          |
|    episodes         | 14888    |
|    fps              | 191      |
|    time_elapsed     | 89       |
|    total_timesteps  | 1017227  |
| train/              |          |
|    learning_rate    | 0.0001   |
|    loss             | 0.00397  |
|    n_updates        | 251805   |
----------------------------------
----------------------------------
| rollout/            |          |
|    ep_len_mean      | 190      |
|    ep_rew_mean      | -5.84    |
|    exploration_rate | 0.1      |
| time/               |          |
|    episodes         | 14892    |
|    fps              | 191      |
|    time_elapsed     | 94       |
|    total_timesteps  | 1018103  |
| train/              |          |
|    learning_rate    | 0.0001   |
|    loss             | 0.00614  |
|    n_updates        | 252024   |
----------------------------------
----------------------------------
| rollout/            |          |
|    ep_len_mean      | 196      |
|    ep_rew_mean      | -4.45    |
|    exploration_rate | 0.1      |
| time/               |          |
|    episodes         | 14896    |
|    fps              | 194      |
|    time_elapsed     | 100      |
|    total_timesteps  | 1019566  |
| train/              |          |
|    learning_rate    | 0.0001   |
|    loss             | 0.165    |
|    n_updates        | 252390   |
----------------------------------
----------------------------------
| rollout/            |          |
|    ep_len_mean      | 196      |
|    ep_rew_mean      | -3.93    |
|    exploration_rate | 0.1      |
| time/               |          |
|    episodes         | 14900    |
|    fps              | 193      |
|    time_elapsed     | 103      |
|    total_timesteps  | 1019912  |
| train/              |          |
|    learning_rate    | 0.0001   |
|    loss             | 0.244    |
|    n_updates        | 252476   |
----------------------------------
FruitCounts | {'Fruit': 0, 'DecayFruit': 0, 'EnemyFruit': 0} |
----------------------------------
| rollout/            |          |
|    ep_len_mean      | 200      |
|    ep_rew_mean      | -3.82    |
|    exploration_rate | 0.1      |
| time/               |          |
|    episodes         | 14904    |
|    fps              | 193      |
|    time_elapsed     | 106      |
|    total_timesteps  | 1020606  |
| train/              |          |
|    learning_rate    | 0.0001   |
|    loss             | 0.00329  |
|    n_updates        | 252650   |
----------------------------------
----------------------------------
| rollout/            |          |
|    ep_len_mean      | 195      |
|    ep_rew_mean      | -3.75    |
|    exploration_rate | 0.1      |
| time/               |          |
|    episodes         | 14908    |
|    fps              | 192      |
|    time_elapsed     | 109      |
|    total_timesteps  | 1021096  |
| train/              |          |
|    learning_rate    | 0.0001   |
|    loss             | 0.146    |
|    n_updates        | 252772   |
----------------------------------
----------------------------------
| rollout/            |          |
|    ep_len_mean      | 201      |
|    ep_rew_mean      | -3.8     |
|    exploration_rate | 0.1      |
| time/               |          |
|    episodes         | 14912    |
|    fps              | 191      |
|    time_elapsed     | 114      |
|    total_timesteps  | 1021928  |
| train/              |          |
|    learning_rate    | 0.0001   |
|    loss             | 0.00505  |
|    n_updates        | 252980   |
----------------------------------
----------------------------------
| rollout/            |          |
|    ep_len_mean      | 203      |
|    ep_rew_mean      | -3.79    |
|    exploration_rate | 0.1      |
| time/               |          |
|    episodes         | 14916    |
|    fps              | 191      |
|    time_elapsed     | 116      |
|    total_timesteps  | 1022382  |
| train/              |          |
|    learning_rate    | 0.0001   |
|    loss             | 0.0135   |
|    n_updates        | 253094   |
----------------------------------
----------------------------------
| rollout/            |          |
|    ep_len_mean      | 203      |
|    ep_rew_mean      | -3.61    |
|    exploration_rate | 0.1      |
| time/               |          |
|    episodes         | 14920    |
|    fps              | 190      |
|    time_elapsed     | 119      |
|    total_timesteps  | 1022828  |
| train/              |          |
|    learning_rate    | 0.0001   |
|    loss             | 0.459    |
|    n_updates        | 253205   |
----------------------------------
----------------------------------
| rollout/            |          |
|    ep_len_mean      | 205      |
|    ep_rew_mean      | -3.61    |
|    exploration_rate | 0.1      |
| time/               |          |
|    episodes         | 14924    |
|    fps              | 190      |
|    time_elapsed     | 122      |
|    total_timesteps  | 1023240  |
| train/              |          |
|    learning_rate    | 0.0001   |
|    loss             | 0.00752  |
|    n_updates        | 253308   |
----------------------------------
----------------------------------
| rollout/            |          |
|    ep_len_mean      | 200      |
|    ep_rew_mean      | -3.3     |
|    exploration_rate | 0.1      |
| time/               |          |
|    episodes         | 14928    |
|    fps              | 190      |
|    time_elapsed     | 125      |
|    total_timesteps  | 1023917  |
| train/              |          |
|    learning_rate    | 0.0001   |
|    loss             | 0.235    |
|    n_updates        | 253478   |
----------------------------------
----------------------------------
| rollout/            |          |
|    ep_len_mean      | 200      |
|    ep_rew_mean      | -3.79    |
|    exploration_rate | 0.1      |
| time/               |          |
|    episodes         | 14932    |
|    fps              | 190      |
|    time_elapsed     | 129      |
|    total_timesteps  | 1024557  |
| train/              |          |
|    learning_rate    | 0.0001   |
|    loss             | 0.0258   |
|    n_updates        | 253638   |
----------------------------------
----------------------------------
| rollout/            |          |
|    ep_len_mean      | 208      |
|    ep_rew_mean      | -4.33    |
|    exploration_rate | 0.1      |
| time/               |          |
|    episodes         | 14936    |
|    fps              | 191      |
|    time_elapsed     | 134      |
|    total_timesteps  | 1025701  |
| train/              |          |
|    learning_rate    | 0.0001   |
|    loss             | 0.464    |
|    n_updates        | 253924   |
----------------------------------
----------------------------------
| rollout/            |          |
|    ep_len_mean      | 207      |
|    ep_rew_mean      | -5.17    |
|    exploration_rate | 0.1      |
| time/               |          |
|    episodes         | 14940    |
|    fps              | 190      |
|    time_elapsed     | 137      |
|    total_timesteps  | 1026224  |
| train/              |          |
|    learning_rate    | 0.0001   |
|    loss             | 0.00673  |
|    n_updates        | 254054   |
----------------------------------
----------------------------------
| rollout/            |          |
|    ep_len_mean      | 213      |
|    ep_rew_mean      | -5.5     |
|    exploration_rate | 0.1      |
| time/               |          |
|    episodes         | 14944    |
|    fps              | 191      |
|    time_elapsed     | 143      |
|    total_timesteps  | 1027476  |
| train/              |          |
|    learning_rate    | 0.0001   |
|    loss             | 0.00567  |
|    n_updates        | 254367   |
----------------------------------
----------------------------------
| rollout/            |          |
|    ep_len_mean      | 213      |
|    ep_rew_mean      | -5.62    |
|    exploration_rate | 0.1      |
| time/               |          |
|    episodes         | 14948    |
|    fps              | 192      |
|    time_elapsed     | 147      |
|    total_timesteps  | 1028399  |
| train/              |          |
|    learning_rate    | 0.0001   |
|    loss             | 0.311    |
|    n_updates        | 254598   |
----------------------------------
----------------------------------
| rollout/            |          |
|    ep_len_mean      | 205      |
|    ep_rew_mean      | -6.04    |
|    exploration_rate | 0.1      |
| time/               |          |
|    episodes         | 14952    |
|    fps              | 190      |
|    time_elapsed     | 149      |
|    total_timesteps  | 1028545  |
| train/              |          |
|    learning_rate    | 0.0001   |
|    loss             | 0.0171   |
|    n_updates        | 254635   |
----------------------------------
----------------------------------
| rollout/            |          |
|    ep_len_mean      | 205      |
|    ep_rew_mean      | -6.74    |
|    exploration_rate | 0.1      |
| time/               |          |
|    episodes         | 14956    |
|    fps              | 191      |
|    time_elapsed     | 153      |
|    total_timesteps  | 1029392  |
| train/              |          |
|    learning_rate    | 0.0001   |
|    loss             | 0.00551  |
|    n_updates        | 254846   |
----------------------------------
----------------------------------
| rollout/            |          |
|    ep_len_mean      | 191      |
|    ep_rew_mean      | -6.53    |
|    exploration_rate | 0.1      |
| time/               |          |
|    episodes         | 14960    |
|    fps              | 190      |
|    time_elapsed     | 156      |
|    total_timesteps  | 1029765  |
| train/              |          |
|    learning_rate    | 0.0001   |
|    loss             | 0.157    |
|    n_updates        | 254940   |
----------------------------------
FruitCounts | {'Fruit': 0, 'DecayFruit': 0, 'EnemyFruit': 2} |
----------------------------------
| rollout/            |          |
|    ep_len_mean      | 213      |
|    ep_rew_mean      | -7.19    |
|    exploration_rate | 0.1      |
| time/               |          |
|    episodes         | 14964    |
|    fps              | 193      |
|    time_elapsed     | 167      |
|    total_timesteps  | 1032458  |
| train/              |          |
|    learning_rate    | 0.0001   |
|    loss             | 0.006    |
|    n_updates        | 255613   |
----------------------------------
----------------------------------
| rollout/            |          |
|    ep_len_mean      | 205      |
|    ep_rew_mean      | -8.19    |
|    exploration_rate | 0.1      |
| time/               |          |
|    episodes         | 14968    |
|    fps              | 193      |
|    time_elapsed     | 170      |
|    total_timesteps  | 1033046  |
| train/              |          |
|    learning_rate    | 0.0001   |
|    loss             | 1.07     |
|    n_updates        | 255760   |
----------------------------------
----------------------------------
| rollout/            |          |
|    ep_len_mean      | 199      |
|    ep_rew_mean      | -8.56    |
|    exploration_rate | 0.1      |
| time/               |          |
|    episodes         | 14972    |
|    fps              | 192      |
|    time_elapsed     | 173      |
|    total_timesteps  | 1033407  |
| train/              |          |
|    learning_rate    | 0.0001   |
|    loss             | 0.31     |
|    n_updates        | 255850   |
----------------------------------
----------------------------------
| rollout/            |          |
|    ep_len_mean      | 204      |
|    ep_rew_mean      | -8.96    |
|    exploration_rate | 0.1      |
| time/               |          |
|    episodes         | 14976    |
|    fps              | 192      |
|    time_elapsed     | 178      |
|    total_timesteps  | 1034428  |
| train/              |          |
|    learning_rate    | 0.0001   |
|    loss             | 0.151    |
|    n_updates        | 256105   |
----------------------------------
----------------------------------
| rollout/            |          |
|    ep_len_mean      | 205      |
|    ep_rew_mean      | -8.88    |
|    exploration_rate | 0.1      |
| time/               |          |
|    episodes         | 14980    |
|    fps              | 192      |
|    time_elapsed     | 181      |
|    total_timesteps  | 1034930  |
| train/              |          |
|    learning_rate    | 0.0001   |
|    loss             | 0.00941  |
|    n_updates        | 256231   |
----------------------------------
----------------------------------
| rollout/            |          |
|    ep_len_mean      | 199      |
|    ep_rew_mean      | -8.55    |
|    exploration_rate | 0.1      |
| time/               |          |
|    episodes         | 14984    |
|    fps              | 192      |
|    time_elapsed     | 185      |
|    total_timesteps  | 1035686  |
| train/              |          |
|    learning_rate    | 0.0001   |
|    loss             | 0.00467  |
|    n_updates        | 256420   |
----------------------------------
----------------------------------
| rollout/            |          |
|    ep_len_mean      | 197      |
|    ep_rew_mean      | -8.35    |
|    exploration_rate | 0.1      |
| time/               |          |
|    episodes         | 14988    |
|    fps              | 193      |
|    time_elapsed     | 191      |
|    total_timesteps  | 1036895  |
| train/              |          |
|    learning_rate    | 0.0001   |
|    loss             | 0.00741  |
|    n_updates        | 256722   |
----------------------------------
----------------------------------
| rollout/            |          |
|    ep_len_mean      | 197      |
|    ep_rew_mean      | -8.89    |
|    exploration_rate | 0.1      |
| time/               |          |
|    episodes         | 14992    |
|    fps              | 193      |
|    time_elapsed     | 195      |
|    total_timesteps  | 1037817  |
| train/              |          |
|    learning_rate    | 0.0001   |
|    loss             | 0.304    |
|    n_updates        | 256953   |
----------------------------------
----------------------------------
| rollout/            |          |
|    ep_len_mean      | 189      |
|    ep_rew_mean      | -9.15    |
|    exploration_rate | 0.1      |
| time/               |          |
|    episodes         | 14996    |
|    fps              | 192      |
|    time_elapsed     | 199      |
|    total_timesteps  | 1038467  |
| train/              |          |
|    learning_rate    | 0.0001   |
|    loss             | 0.233    |
|    n_updates        | 257115   |
----------------------------------
----------------------------------
| rollout/            |          |
|    ep_len_mean      | 191      |
|    ep_rew_mean      | -9.15    |
|    exploration_rate | 0.1      |
| time/               |          |
|    episodes         | 15000    |
|    fps              | 192      |
|    time_elapsed     | 202      |
|    total_timesteps  | 1039023  |
| train/              |          |
|    learning_rate    | 0.0001   |
|    loss             | 0.0297   |
|    n_updates        | 257254   |
----------------------------------
FruitCounts | {'Fruit': 1, 'DecayFruit': 0, 'EnemyFruit': 0} |
----------------------------------
| rollout/            |          |
|    ep_len_mean      | 195      |
|    ep_rew_mean      | -9.26    |
|    exploration_rate | 0.1      |
| time/               |          |
|    episodes         | 15004    |
|    fps              | 193      |
|    time_elapsed     | 207      |
|    total_timesteps  | 1040125  |
| train/              |          |
|    learning_rate    | 0.0001   |
|    loss             | 0.00517  |
|    n_updates        | 257530   |
----------------------------------
----------------------------------
| rollout/            |          |
|    ep_len_mean      | 194      |
|    ep_rew_mean      | -8.29    |
|    exploration_rate | 0.1      |
| time/               |          |
|    episodes         | 15008    |
|    fps              | 192      |
|    time_elapsed     | 210      |
|    total_timesteps  | 1040451  |
| train/              |          |
|    learning_rate    | 0.0001   |
|    loss             | 0.462    |
|    n_updates        | 257611   |
----------------------------------
----------------------------------
| rollout/            |          |
|    ep_len_mean      | 195      |
|    ep_rew_mean      | -8.33    |
|    exploration_rate | 0.1      |
| time/               |          |
|    episodes         | 15012    |
|    fps              | 192      |
|    time_elapsed     | 214      |
|    total_timesteps  | 1041437  |
| train/              |          |
|    learning_rate    | 0.0001   |
|    loss             | 0.477    |
|    n_updates        | 257858   |
----------------------------------
----------------------------------
| rollout/            |          |
|    ep_len_mean      | 193      |
|    ep_rew_mean      | -8.33    |
|    exploration_rate | 0.1      |
| time/               |          |
|    episodes         | 15016    |
|    fps              | 192      |
|    time_elapsed     | 216      |
|    total_timesteps  | 1041675  |
| train/              |          |
|    learning_rate    | 0.0001   |
|    loss             | 0.00768  |
|    n_updates        | 257917   |
----------------------------------
----------------------------------
| rollout/            |          |
|    ep_len_mean      | 205      |
|    ep_rew_mean      | -8.5     |
|    exploration_rate | 0.1      |
| time/               |          |
|    episodes         | 15020    |
|    fps              | 193      |
|    time_elapsed     | 223      |
|    total_timesteps  | 1043347  |
| train/              |          |
|    learning_rate    | 0.0001   |
|    loss             | 0.00453  |
|    n_updates        | 258335   |
----------------------------------
----------------------------------
| rollout/            |          |
|    ep_len_mean      | 207      |
|    ep_rew_mean      | -8.63    |
|    exploration_rate | 0.1      |
| time/               |          |
|    episodes         | 15024    |
|    fps              | 193      |
|    time_elapsed     | 227      |
|    total_timesteps  | 1043986  |
| train/              |          |
|    learning_rate    | 0.0001   |
|    loss             | 0.416    |
|    n_updates        | 258495   |
----------------------------------
----------------------------------
| rollout/            |          |
|    ep_len_mean      | 207      |
|    ep_rew_mean      | -9.25    |
|    exploration_rate | 0.1      |
| time/               |          |
|    episodes         | 15028    |
|    fps              | 193      |
|    time_elapsed     | 230      |
|    total_timesteps  | 1044628  |
| train/              |          |
|    learning_rate    | 0.0001   |
|    loss             | 0.159    |
|    n_updates        | 258655   |
----------------------------------
----------------------------------
| rollout/            |          |
|    ep_len_mean      | 207      |
|    ep_rew_mean      | -9.23    |
|    exploration_rate | 0.1      |
| time/               |          |
|    episodes         | 15032    |
|    fps              | 193      |
|    time_elapsed     | 234      |
|    total_timesteps  | 1045228  |
| train/              |          |
|    learning_rate    | 0.0001   |
|    loss             | 0.271    |
|    n_updates        | 258805   |
----------------------------------
----------------------------------
| rollout/            |          |
|    ep_len_mean      | 198      |
|    ep_rew_mean      | -8.92    |
|    exploration_rate | 0.1      |
| time/               |          |
|    episodes         | 15036    |
|    fps              | 192      |
|    time_elapsed     | 236      |
|    total_timesteps  | 1045506  |
| train/              |          |
|    learning_rate    | 0.0001   |
|    loss             | 0.00944  |
|    n_updates        | 258875   |
----------------------------------
----------------------------------
| rollout/            |          |
|    ep_len_mean      | 203      |
|    ep_rew_mean      | -7.55    |
|    exploration_rate | 0.1      |
| time/               |          |
|    episodes         | 15040    |
|    fps              | 192      |
|    time_elapsed     | 241      |
|    total_timesteps  | 1046498  |
| train/              |          |
|    learning_rate    | 0.0001   |
|    loss             | 0.244    |
|    n_updates        | 259123   |
----------------------------------
----------------------------------
| rollout/            |          |
|    ep_len_mean      | 202      |
|    ep_rew_mean      | -7.62    |
|    exploration_rate | 0.1      |
| time/               |          |
|    episodes         | 15044    |
|    fps              | 193      |
|    time_elapsed     | 246      |
|    total_timesteps  | 1047714  |
| train/              |          |
|    learning_rate    | 0.0001   |
|    loss             | 0.011    |
|    n_updates        | 259427   |
----------------------------------
----------------------------------
| rollout/            |          |
|    ep_len_mean      | 197      |
|    ep_rew_mean      | -7.05    |
|    exploration_rate | 0.1      |
| time/               |          |
|    episodes         | 15048    |
|    fps              | 193      |
|    time_elapsed     | 249      |
|    total_timesteps  | 1048116  |
| train/              |          |
|    learning_rate    | 0.0001   |
|    loss             | 0.00762  |
|    n_updates        | 259527   |
----------------------------------
----------------------------------
| rollout/            |          |
|    ep_len_mean      | 203      |
|    ep_rew_mean      | -7.28    |
|    exploration_rate | 0.1      |
| time/               |          |
|    episodes         | 15052    |
|    fps              | 193      |
|    time_elapsed     | 252      |
|    total_timesteps  | 1048831  |
| train/              |          |
|    learning_rate    | 0.0001   |
|    loss             | 0.317    |
|    n_updates        | 259706   |
----------------------------------
----------------------------------
| rollout/            |          |
|    ep_len_mean      | 201      |
|    ep_rew_mean      | -6.76    |
|    exploration_rate | 0.1      |
| time/               |          |
|    episodes         | 15056    |
|    fps              | 193      |
|    time_elapsed     | 255      |
|    total_timesteps  | 1049449  |
| train/              |          |
|    learning_rate    | 0.0001   |
|    loss             | 0.00693  |
|    n_updates        | 259861   |
----------------------------------
FruitCounts | {'Fruit': 0, 'DecayFruit': 0, 'EnemyFruit': 2} |
----------------------------------
| rollout/            |          |
|    ep_len_mean      | 216      |
|    ep_rew_mean      | -7.14    |
|    exploration_rate | 0.1      |
| time/               |          |
|    episodes         | 15060    |
|    fps              | 194      |
|    time_elapsed     | 263      |
|    total_timesteps  | 1051397  |
| train/              |          |
|    learning_rate    | 0.0001   |
|    loss             | 0.399    |
|    n_updates        | 260348   |
----------------------------------
----------------------------------
| rollout/            |          |
|    ep_len_mean      | 195      |
|    ep_rew_mean      | -6.59    |
|    exploration_rate | 0.1      |
| time/               |          |
|    episodes         | 15064    |
|    fps              | 194      |
|    time_elapsed     | 266      |
|    total_timesteps  | 1051949  |
| train/              |          |
|    learning_rate    | 0.0001   |
|    loss             | 0.0297   |
|    n_updates        | 260486   |
----------------------------------
----------------------------------
| rollout/            |          |
|    ep_len_mean      | 193      |
|    ep_rew_mean      | -6.19    |
|    exploration_rate | 0.1      |
| time/               |          |
|    episodes         | 15068    |
|    fps              | 194      |
|    time_elapsed     | 269      |
|    total_timesteps  | 1052309  |
| train/              |          |
|    learning_rate    | 0.0001   |
|    loss             | 0.699    |
|    n_updates        | 260576   |
----------------------------------
----------------------------------
| rollout/            |          |
|    ep_len_mean      | 201      |
|    ep_rew_mean      | -6.67    |
|    exploration_rate | 0.1      |
| time/               |          |
|    episodes         | 15072    |
|    fps              | 194      |
|    time_elapsed     | 274      |
|    total_timesteps  | 1053472  |
| train/              |          |
|    learning_rate    | 0.0001   |
|    loss             | 0.0045   |
|    n_updates        | 260866   |
----------------------------------
----------------------------------
| rollout/            |          |
|    ep_len_mean      | 193      |
|    ep_rew_mean      | -5.79    |
|    exploration_rate | 0.1      |
| time/               |          |
|    episodes         | 15076    |
|    fps              | 194      |
|    time_elapsed     | 276      |
|    total_timesteps  | 1053773  |
| train/              |          |
|    learning_rate    | 0.0001   |
|    loss             | 0.23     |
|    n_updates        | 260942   |
----------------------------------
----------------------------------
| rollout/            |          |
|    ep_len_mean      | 195      |
|    ep_rew_mean      | -6.55    |
|    exploration_rate | 0.1      |
| time/               |          |
|    episodes         | 15080    |
|    fps              | 194      |
|    time_elapsed     | 280      |
|    total_timesteps  | 1054455  |
| train/              |          |
|    learning_rate    | 0.0001   |
|    loss             | 0.0187   |
|    n_updates        | 261112   |
----------------------------------
----------------------------------
| rollout/            |          |
|    ep_len_mean      | 192      |
|    ep_rew_mean      | -6.97    |
|    exploration_rate | 0.1      |
| time/               |          |
|    episodes         | 15084    |
|    fps              | 193      |
|    time_elapsed     | 283      |
|    total_timesteps  | 1054900  |
| train/              |          |
|    learning_rate    | 0.0001   |
|    loss             | 0.387    |
|    n_updates        | 261223   |
----------------------------------
----------------------------------
| rollout/            |          |
|    ep_len_mean      | 188      |
|    ep_rew_mean      | -6.93    |
|    exploration_rate | 0.1      |
| time/               |          |
|    episodes         | 15088    |
|    fps              | 193      |
|    time_elapsed     | 287      |
|    total_timesteps  | 1055726  |
| train/              |          |
|    learning_rate    | 0.0001   |
|    loss             | 0.682    |
|    n_updates        | 261430   |
----------------------------------
----------------------------------
| rollout/            |          |
|    ep_len_mean      | 190      |
|    ep_rew_mean      | -7.07    |
|    exploration_rate | 0.1      |
| time/               |          |
|    episodes         | 15092    |
|    fps              | 194      |
|    time_elapsed     | 292      |
|    total_timesteps  | 1056790  |
| train/              |          |
|    learning_rate    | 0.0001   |
|    loss             | 0.316    |
|    n_updates        | 261696   |
----------------------------------
----------------------------------
| rollout/            |          |
|    ep_len_mean      | 188      |
|    ep_rew_mean      | -7.09    |
|    exploration_rate | 0.1      |
| time/               |          |
|    episodes         | 15096    |
|    fps              | 194      |
|    time_elapsed     | 295      |
|    total_timesteps  | 1057308  |
| train/              |          |
|    learning_rate    | 0.0001   |
|    loss             | 0.308    |
|    n_updates        | 261825   |
----------------------------------
----------------------------------
| rollout/            |          |
|    ep_len_mean      | 192      |
|    ep_rew_mean      | -7.45    |
|    exploration_rate | 0.1      |
| time/               |          |
|    episodes         | 15100    |
|    fps              | 194      |
|    time_elapsed     | 299      |
|    total_timesteps  | 1058204  |
| train/              |          |
|    learning_rate    | 0.0001   |
|    loss             | 0.166    |
|    n_updates        | 262049   |
----------------------------------
----------------------------------
| rollout/            |          |
|    ep_len_mean      | 193      |
|    ep_rew_mean      | -7.1     |
|    exploration_rate | 0.1      |
| time/               |          |
|    episodes         | 15104    |
|    fps              | 194      |
|    time_elapsed     | 305      |
|    total_timesteps  | 1059388  |
| train/              |          |
|    learning_rate    | 0.0001   |
|    loss             | 0.00458  |
|    n_updates        | 262345   |
----------------------------------
----------------------------------
| rollout/            |          |
|    ep_len_mean      | 195      |
|    ep_rew_mean      | -8.31    |
|    exploration_rate | 0.1      |
| time/               |          |
|    episodes         | 15108    |
|    fps              | 194      |
|    time_elapsed     | 308      |
|    total_timesteps  | 1059976  |
| train/              |          |
|    learning_rate    | 0.0001   |
|    loss             | 0.231    |
|    n_updates        | 262492   |
----------------------------------
FruitCounts | {'Fruit': 0, 'DecayFruit': 0, 'EnemyFruit': 0} |
----------------------------------
| rollout/            |          |
|    ep_len_mean      | 189      |
|    ep_rew_mean      | -7.95    |
|    exploration_rate | 0.1      |
| time/               |          |
|    episodes         | 15112    |
|    fps              | 193      |
|    time_elapsed     | 311      |
|    total_timesteps  | 1060355  |
| train/              |          |
|    learning_rate    | 0.0001   |
|    loss             | 0.00531  |
|    n_updates        | 262587   |
----------------------------------
----------------------------------
| rollout/            |          |
|    ep_len_mean      | 192      |
|    ep_rew_mean      | -8.29    |
|    exploration_rate | 0.1      |
| time/               |          |
|    episodes         | 15116    |
|    fps              | 193      |
|    time_elapsed     | 314      |
|    total_timesteps  | 1060861  |
| train/              |          |
|    learning_rate    | 0.0001   |
|    loss             | 0.398    |
|    n_updates        | 262714   |
----------------------------------
----------------------------------
| rollout/            |          |
|    ep_len_mean      | 186      |
|    ep_rew_mean      | -8.93    |
|    exploration_rate | 0.1      |
| time/               |          |
|    episodes         | 15120    |
|    fps              | 193      |
|    time_elapsed     | 319      |
|    total_timesteps  | 1061942  |
| train/              |          |
|    learning_rate    | 0.0001   |
|    loss             | 0.103    |
|    n_updates        | 262984   |
----------------------------------
----------------------------------
| rollout/            |          |
|    ep_len_mean      | 184      |
|    ep_rew_mean      | -8.91    |
|    exploration_rate | 0.1      |
| time/               |          |
|    episodes         | 15124    |
|    fps              | 193      |
|    time_elapsed     | 322      |
|    total_timesteps  | 1062356  |
| train/              |          |
|    learning_rate    | 0.0001   |
|    loss             | 0.175    |
|    n_updates        | 263087   |
----------------------------------
----------------------------------
| rollout/            |          |
|    ep_len_mean      | 180      |
|    ep_rew_mean      | -8.56    |
|    exploration_rate | 0.1      |
| time/               |          |
|    episodes         | 15128    |
|    fps              | 193      |
|    time_elapsed     | 324      |
|    total_timesteps  | 1062678  |
| train/              |          |
|    learning_rate    | 0.0001   |
|    loss             | 0.473    |
|    n_updates        | 263168   |
----------------------------------
----------------------------------
| rollout/            |          |
|    ep_len_mean      | 186      |
|    ep_rew_mean      | -8.69    |
|    exploration_rate | 0.1      |
| time/               |          |
|    episodes         | 15132    |
|    fps              | 193      |
|    time_elapsed     | 329      |
|    total_timesteps  | 1063786  |
| train/              |          |
|    learning_rate    | 0.0001   |
|    loss             | 0.309    |
|    n_updates        | 263445   |
----------------------------------
----------------------------------
| rollout/            |          |
|    ep_len_mean      | 191      |
|    ep_rew_mean      | -9.56    |
|    exploration_rate | 0.1      |
| time/               |          |
|    episodes         | 15136    |
|    fps              | 193      |
|    time_elapsed     | 333      |
|    total_timesteps  | 1064599  |
| train/              |          |
|    learning_rate    | 0.0001   |
|    loss             | 0.0053   |
|    n_updates        | 263648   |
----------------------------------
----------------------------------
| rollout/            |          |
|    ep_len_mean      | 186      |
|    ep_rew_mean      | -9.53    |
|    exploration_rate | 0.1      |
| time/               |          |
|    episodes         | 15140    |
|    fps              | 193      |
|    time_elapsed     | 337      |
|    total_timesteps  | 1065140  |
| train/              |          |
|    learning_rate    | 0.0001   |
|    loss             | 0.156    |
|    n_updates        | 263783   |
----------------------------------
----------------------------------
| rollout/            |          |
|    ep_len_mean      | 189      |
|    ep_rew_mean      | -9.31    |
|    exploration_rate | 0.1      |
| time/               |          |
|    episodes         | 15144    |
|    fps              | 193      |
|    time_elapsed     | 343      |
|    total_timesteps  | 1066646  |
| train/              |          |
|    learning_rate    | 0.0001   |
|    loss             | 0.00909  |
|    n_updates        | 264160   |
----------------------------------
----------------------------------
| rollout/            |          |
|    ep_len_mean      | 201      |
|    ep_rew_mean      | -10.2    |
|    exploration_rate | 0.1      |
| time/               |          |
|    episodes         | 15148    |
|    fps              | 194      |
|    time_elapsed     | 350      |
|    total_timesteps  | 1068214  |
| train/              |          |
|    learning_rate    | 0.0001   |
|    loss             | 0.00616  |
|    n_updates        | 264552   |
----------------------------------
FruitCounts | {'Fruit': 2, 'DecayFruit': 1, 'EnemyFruit': 1} |
----------------------------------
| rollout/            |          |
|    ep_len_mean      | 213      |
|    ep_rew_mean      | -9.62    |
|    exploration_rate | 0.1      |
| time/               |          |
|    episodes         | 15152    |
|    fps              | 195      |
|    time_elapsed     | 359      |
|    total_timesteps  | 1070109  |
| train/              |          |
|    learning_rate    | 0.0001   |
|    loss             | 0.0221   |
|    n_updates        | 265026   |
----------------------------------
----------------------------------
| rollout/            |          |
|    ep_len_mean      | 212      |
|    ep_rew_mean      | -9.4     |
|    exploration_rate | 0.1      |
| time/               |          |
|    episodes         | 15156    |
|    fps              | 194      |
|    time_elapsed     | 362      |
|    total_timesteps  | 1070649  |
| train/              |          |
|    learning_rate    | 0.0001   |
|    loss             | 0.489    |
|    n_updates        | 265161   |
----------------------------------
----------------------------------
| rollout/            |          |
|    ep_len_mean      | 207      |
|    ep_rew_mean      | -8.16    |
|    exploration_rate | 0.1      |
| time/               |          |
|    episodes         | 15160    |
|    fps              | 195      |
|    time_elapsed     | 368      |
|    total_timesteps  | 1072049  |
| train/              |          |
|    learning_rate    | 0.0001   |
|    loss             | 0.231    |
|    n_updates        | 265511   |
----------------------------------
----------------------------------
| rollout/            |          |
|    ep_len_mean      | 213      |
|    ep_rew_mean      | -9.49    |
|    exploration_rate | 0.1      |
| time/               |          |
|    episodes         | 15164    |
|    fps              | 195      |
|    time_elapsed     | 374      |
|    total_timesteps  | 1073298  |
| train/              |          |
|    learning_rate    | 0.0001   |
|    loss             | 0.0049   |
|    n_updates        | 265823   |
----------------------------------
----------------------------------
| rollout/            |          |
|    ep_len_mean      | 215      |
|    ep_rew_mean      | -8.67    |
|    exploration_rate | 0.1      |
| time/               |          |
|    episodes         | 15168    |
|    fps              | 195      |
|    time_elapsed     | 377      |
|    total_timesteps  | 1073838  |
| train/              |          |
|    learning_rate    | 0.0001   |
|    loss             | 0.0157   |
|    n_updates        | 265958   |
----------------------------------
----------------------------------
| rollout/            |          |
|    ep_len_mean      | 205      |
|    ep_rew_mean      | -8.8     |
|    exploration_rate | 0.1      |
| time/               |          |
|    episodes         | 15172    |
|    fps              | 195      |
|    time_elapsed     | 379      |
|    total_timesteps  | 1073976  |
| train/              |          |
|    learning_rate    | 0.0001   |
|    loss             | 0.318    |
|    n_updates        | 265992   |
----------------------------------
----------------------------------
| rollout/            |          |
|    ep_len_mean      | 208      |
|    ep_rew_mean      | -9.44    |
|    exploration_rate | 0.1      |
| time/               |          |
|    episodes         | 15176    |
|    fps              | 194      |
|    time_elapsed     | 382      |
|    total_timesteps  | 1074558  |
| train/              |          |
|    learning_rate    | 0.0001   |
|    loss             | 0.146    |
|    n_updates        | 266138   |
----------------------------------
----------------------------------
| rollout/            |          |
|    ep_len_mean      | 207      |
|    ep_rew_mean      | -8.58    |
|    exploration_rate | 0.1      |
| time/               |          |
|    episodes         | 15180    |
|    fps              | 194      |
|    time_elapsed     | 385      |
|    total_timesteps  | 1075168  |
| train/              |          |
|    learning_rate    | 0.0001   |
|    loss             | 0.172    |
|    n_updates        | 266290   |
----------------------------------
----------------------------------
| rollout/            |          |
|    ep_len_mean      | 217      |
|    ep_rew_mean      | -8.52    |
|    exploration_rate | 0.1      |
| time/               |          |
|    episodes         | 15184    |
|    fps              | 195      |
|    time_elapsed     | 392      |
|    total_timesteps  | 1076617  |
| train/              |          |
|    learning_rate    | 0.0001   |
|    loss             | 0.00406  |
|    n_updates        | 266653   |
----------------------------------
----------------------------------
| rollout/            |          |
|    ep_len_mean      | 223      |
|    ep_rew_mean      | -8.94    |
|    exploration_rate | 0.1      |
| time/               |          |
|    episodes         | 15188    |
|    fps              | 195      |
|    time_elapsed     | 398      |
|    total_timesteps  | 1078055  |
| train/              |          |
|    learning_rate    | 0.0001   |
|    loss             | 0.166    |
|    n_updates        | 267012   |
----------------------------------
FruitCounts | {'Fruit': 0, 'DecayFruit': 0, 'EnemyFruit': 2} |
----------------------------------
| rollout/            |          |
|    ep_len_mean      | 241      |
|    ep_rew_mean      | -9.1     |
|    exploration_rate | 0.1      |
| time/               |          |
|    episodes         | 15192    |
|    fps              | 197      |
|    time_elapsed     | 410      |
|    total_timesteps  | 1080884  |
| train/              |          |
|    learning_rate    | 0.0001   |
|    loss             | 0.00826  |
|    n_updates        | 267719   |
----------------------------------
----------------------------------
| rollout/            |          |
|    ep_len_mean      | 237      |
|    ep_rew_mean      | -9.36    |
|    exploration_rate | 0.1      |
| time/               |          |
|    episodes         | 15196    |
|    fps              | 196      |
|    time_elapsed     | 411      |
|    total_timesteps  | 1081020  |
| train/              |          |
|    learning_rate    | 0.0001   |
|    loss             | 0.0246   |
|    n_updates        | 267753   |
----------------------------------
----------------------------------
| rollout/            |          |
|    ep_len_mean      | 230      |
|    ep_rew_mean      | -9.67    |
|    exploration_rate | 0.1      |
| time/               |          |
|    episodes         | 15200    |
|    fps              | 196      |
|    time_elapsed     | 413      |
|    total_timesteps  | 1081216  |
| train/              |          |
|    learning_rate    | 0.0001   |
|    loss             | 0.234    |
|    n_updates        | 267802   |
----------------------------------
----------------------------------
| rollout/            |          |
|    ep_len_mean      | 225      |
|    ep_rew_mean      | -10.1    |
|    exploration_rate | 0.1      |
| time/               |          |
|    episodes         | 15204    |
|    fps              | 196      |
|    time_elapsed     | 417      |
|    total_timesteps  | 1081887  |
| train/              |          |
|    learning_rate    | 0.0001   |
|    loss             | 0.24     |
|    n_updates        | 267970   |
----------------------------------
----------------------------------
| rollout/            |          |
|    ep_len_mean      | 229      |
|    ep_rew_mean      | -10.3    |
|    exploration_rate | 0.1      |
| time/               |          |
|    episodes         | 15208    |
|    fps              | 196      |
|    time_elapsed     | 422      |
|    total_timesteps  | 1082907  |
| train/              |          |
|    learning_rate    | 0.0001   |
|    loss             | 0.175    |
|    n_updates        | 268225   |
----------------------------------
----------------------------------
| rollout/            |          |
|    ep_len_mean      | 227      |
|    ep_rew_mean      | -10.8    |
|    exploration_rate | 0.1      |
| time/               |          |
|    episodes         | 15212    |
|    fps              | 196      |
|    time_elapsed     | 423      |
|    total_timesteps  | 1083103  |
| train/              |          |
|    learning_rate    | 0.0001   |
|    loss             | 0.00421  |
|    n_updates        | 268274   |
----------------------------------
----------------------------------
| rollout/            |          |
|    ep_len_mean      | 226      |
|    ep_rew_mean      | -10.6    |
|    exploration_rate | 0.1      |
| time/               |          |
|    episodes         | 15216    |
|    fps              | 195      |
|    time_elapsed     | 426      |
|    total_timesteps  | 1083460  |
| train/              |          |
|    learning_rate    | 0.0001   |
|    loss             | 0.181    |
|    n_updates        | 268363   |
----------------------------------
----------------------------------
| rollout/            |          |
|    ep_len_mean      | 232      |
|    ep_rew_mean      | -10      |
|    exploration_rate | 0.1      |
| time/               |          |
|    episodes         | 15220    |
|    fps              | 196      |
|    time_elapsed     | 433      |
|    total_timesteps  | 1085126  |
| train/              |          |
|    learning_rate    | 0.0001   |
|    loss             | 0.575    |
|    n_updates        | 268780   |
----------------------------------
----------------------------------
| rollout/            |          |
|    ep_len_mean      | 238      |
|    ep_rew_mean      | -9.65    |
|    exploration_rate | 0.1      |
| time/               |          |
|    episodes         | 15224    |
|    fps              | 196      |
|    time_elapsed     | 438      |
|    total_timesteps  | 1086142  |
| train/              |          |
|    learning_rate    | 0.0001   |
|    loss             | 0.483    |
|    n_updates        | 269034   |
----------------------------------
----------------------------------
| rollout/            |          |
|    ep_len_mean      | 249      |
|    ep_rew_mean      | -9.99    |
|    exploration_rate | 0.1      |
| time/               |          |
|    episodes         | 15228    |
|    fps              | 196      |
|    time_elapsed     | 445      |
|    total_timesteps  | 1087548  |
| train/              |          |
|    learning_rate    | 0.0001   |
|    loss             | 0.228    |
|    n_updates        | 269385   |
----------------------------------
----------------------------------
| rollout/            |          |
|    ep_len_mean      | 243      |
|    ep_rew_mean      | -9.08    |
|    exploration_rate | 0.1      |
| time/               |          |
|    episodes         | 15232    |
|    fps              | 196      |
|    time_elapsed     | 448      |
|    total_timesteps  | 1088119  |
| train/              |          |
|    learning_rate    | 0.0001   |
|    loss             | 0.78     |
|    n_updates        | 269528   |
----------------------------------
----------------------------------
| rollout/            |          |
|    ep_len_mean      | 237      |
|    ep_rew_mean      | -8.01    |
|    exploration_rate | 0.1      |
| time/               |          |
|    episodes         | 15236    |
|    fps              | 196      |
|    time_elapsed     | 450      |
|    total_timesteps  | 1088339  |
| train/              |          |
|    learning_rate    | 0.0001   |
|    loss             | 0.00784  |
|    n_updates        | 269583   |
----------------------------------
----------------------------------
| rollout/            |          |
|    ep_len_mean      | 236      |
|    ep_rew_mean      | -8.07    |
|    exploration_rate | 0.1      |
| time/               |          |
|    episodes         | 15240    |
|    fps              | 195      |
|    time_elapsed     | 453      |
|    total_timesteps  | 1088745  |
| train/              |          |
|    learning_rate    | 0.0001   |
|    loss             | 0.00679  |
|    n_updates        | 269685   |
----------------------------------
----------------------------------
| rollout/            |          |
|    ep_len_mean      | 227      |
|    ep_rew_mean      | -8.92    |
|    exploration_rate | 0.1      |
| time/               |          |
|    episodes         | 15244    |
|    fps              | 195      |
|    time_elapsed     | 456      |
|    total_timesteps  | 1089390  |
| train/              |          |
|    learning_rate    | 0.0001   |
|    loss             | 0.244    |
|    n_updates        | 269846   |
----------------------------------
FruitCounts | {'Fruit': 2, 'DecayFruit': 0, 'EnemyFruit': 1} |
----------------------------------
| rollout/            |          |
|    ep_len_mean      | 219      |
|    ep_rew_mean      | -9       |
|    exploration_rate | 0.1      |
| time/               |          |
|    episodes         | 15248    |
|    fps              | 195      |
|    time_elapsed     | 460      |
|    total_timesteps  | 1090115  |
| train/              |          |
|    learning_rate    | 0.0001   |
|    loss             | 0.423    |
|    n_updates        | 270027   |
----------------------------------
----------------------------------
| rollout/            |          |
|    ep_len_mean      | 211      |
|    ep_rew_mean      | -9.55    |
|    exploration_rate | 0.1      |
| time/               |          |
|    episodes         | 15252    |
|    fps              | 195      |
|    time_elapsed     | 465      |
|    total_timesteps  | 1091177  |
| train/              |          |
|    learning_rate    | 0.0001   |
|    loss             | 0.00466  |
|    n_updates        | 270293   |
----------------------------------
----------------------------------
| rollout/            |          |
|    ep_len_mean      | 213      |
|    ep_rew_mean      | -9.3     |
|    exploration_rate | 0.1      |
| time/               |          |
|    episodes         | 15256    |
|    fps              | 195      |
|    time_elapsed     | 469      |
|    total_timesteps  | 1091941  |
| train/              |          |
|    learning_rate    | 0.0001   |
|    loss             | 0.00414  |
|    n_updates        | 270484   |
----------------------------------
----------------------------------
| rollout/            |          |
|    ep_len_mean      | 209      |
|    ep_rew_mean      | -9.92    |
|    exploration_rate | 0.1      |
| time/               |          |
|    episodes         | 15260    |
|    fps              | 196      |
|    time_elapsed     | 474      |
|    total_timesteps  | 1092952  |
| train/              |          |
|    learning_rate    | 0.0001   |
|    loss             | 0.313    |
|    n_updates        | 270736   |
----------------------------------
----------------------------------
| rollout/            |          |
|    ep_len_mean      | 202      |
|    ep_rew_mean      | -8.79    |
|    exploration_rate | 0.1      |
| time/               |          |
|    episodes         | 15264    |
|    fps              | 195      |
|    time_elapsed     | 477      |
|    total_timesteps  | 1093533  |
| train/              |          |
|    learning_rate    | 0.0001   |
|    loss             | 0.328    |
|    n_updates        | 270882   |
----------------------------------
----------------------------------
| rollout/            |          |
|    ep_len_mean      | 200      |
|    ep_rew_mean      | -9.49    |
|    exploration_rate | 0.1      |
| time/               |          |
|    episodes         | 15268    |
|    fps              | 195      |
|    time_elapsed     | 479      |
|    total_timesteps  | 1093861  |
| train/              |          |
|    learning_rate    | 0.0001   |
|    loss             | 0.186    |
|    n_updates        | 270964   |
----------------------------------
----------------------------------
| rollout/            |          |
|    ep_len_mean      | 206      |
|    ep_rew_mean      | -9.15    |
|    exploration_rate | 0.1      |
| time/               |          |
|    episodes         | 15272    |
|    fps              | 195      |
|    time_elapsed     | 483      |
|    total_timesteps  | 1094585  |
| train/              |          |
|    learning_rate    | 0.0001   |
|    loss             | 0.232    |
|    n_updates        | 271145   |
----------------------------------
----------------------------------
| rollout/            |          |
|    ep_len_mean      | 209      |
|    ep_rew_mean      | -8.86    |
|    exploration_rate | 0.1      |
| time/               |          |
|    episodes         | 15276    |
|    fps              | 195      |
|    time_elapsed     | 487      |
|    total_timesteps  | 1095450  |
| train/              |          |
|    learning_rate    | 0.0001   |
|    loss             | 0.00511  |
|    n_updates        | 271361   |
----------------------------------
----------------------------------
| rollout/            |          |
|    ep_len_mean      | 210      |
|    ep_rew_mean      | -9.05    |
|    exploration_rate | 0.1      |
| time/               |          |
|    episodes         | 15280    |
|    fps              | 195      |
|    time_elapsed     | 491      |
|    total_timesteps  | 1096193  |
| train/              |          |
|    learning_rate    | 0.0001   |
|    loss             | 0.00612  |
|    n_updates        | 271547   |
----------------------------------
----------------------------------
| rollout/            |          |
|    ep_len_mean      | 200      |
|    ep_rew_mean      | -9.27    |
|    exploration_rate | 0.1      |
| time/               |          |
|    episodes         | 15284    |
|    fps              | 195      |
|    time_elapsed     | 494      |
|    total_timesteps  | 1096571  |
| train/              |          |
|    learning_rate    | 0.0001   |
|    loss             | 0.613    |
|    n_updates        | 271641   |
----------------------------------
----------------------------------
| rollout/            |          |
|    ep_len_mean      | 203      |
|    ep_rew_mean      | -9.46    |
|    exploration_rate | 0.1      |
| time/               |          |
|    episodes         | 15288    |
|    fps              | 195      |
|    time_elapsed     | 501      |
|    total_timesteps  | 1098364  |
| train/              |          |
|    learning_rate    | 0.0001   |
|    loss             | 0.181    |
|    n_updates        | 272089   |
----------------------------------
----------------------------------
| rollout/            |          |
|    ep_len_mean      | 183      |
|    ep_rew_mean      | -9.63    |
|    exploration_rate | 0.1      |
| time/               |          |
|    episodes         | 15292    |
|    fps              | 195      |
|    time_elapsed     | 506      |
|    total_timesteps  | 1099220  |
| train/              |          |
|    learning_rate    | 0.0001   |
|    loss             | 0.59     |
|    n_updates        | 272303   |
----------------------------------
FruitCounts | {'Fruit': 0, 'DecayFruit': 0, 'EnemyFruit': 3} |
----------------------------------
| rollout/            |          |
|    ep_len_mean      | 195      |
|    ep_rew_mean      | -9.92    |
|    exploration_rate | 0.1      |
| time/               |          |
|    episodes         | 15296    |
|    fps              | 196      |
|    time_elapsed     | 512      |
|    total_timesteps  | 1100539  |
| train/              |          |
|    learning_rate    | 0.0001   |
|    loss             | 0.228    |
|    n_updates        | 272633   |
----------------------------------
----------------------------------
| rollout/            |          |
|    ep_len_mean      | 200      |
|    ep_rew_mean      | -9.67    |
|    exploration_rate | 0.1      |
| time/               |          |
|    episodes         | 15300    |
|    fps              | 196      |
|    time_elapsed     | 515      |
|    total_timesteps  | 1101219  |
| train/              |          |
|    learning_rate    | 0.0001   |
|    loss             | 0.643    |
|    n_updates        | 272803   |
----------------------------------
----------------------------------
| rollout/            |          |
|    ep_len_mean      | 198      |
|    ep_rew_mean      | -8.92    |
|    exploration_rate | 0.1      |
| time/               |          |
|    episodes         | 15304    |
|    fps              | 196      |
|    time_elapsed     | 518      |
|    total_timesteps  | 1101670  |
| train/              |          |
|    learning_rate    | 0.0001   |
|    loss             | 0.312    |
|    n_updates        | 272916   |
----------------------------------
----------------------------------
| rollout/            |          |
|    ep_len_mean      | 196      |
|    ep_rew_mean      | -8.83    |
|    exploration_rate | 0.1      |
| time/               |          |
|    episodes         | 15308    |
|    fps              | 196      |
|    time_elapsed     | 522      |
|    total_timesteps  | 1102496  |
| train/              |          |
|    learning_rate    | 0.0001   |
|    loss             | 0.2      |
|    n_updates        | 273122   |
----------------------------------
----------------------------------
| rollout/            |          |
|    ep_len_mean      | 199      |
|    ep_rew_mean      | -8.35    |
|    exploration_rate | 0.1      |
| time/               |          |
|    episodes         | 15312    |
|    fps              | 195      |
|    time_elapsed     | 525      |
|    total_timesteps  | 1102988  |
| train/              |          |
|    learning_rate    | 0.0001   |
|    loss             | 0.186    |
|    n_updates        | 273245   |
----------------------------------
----------------------------------
| rollout/            |          |
|    ep_len_mean      | 201      |
|    ep_rew_mean      | -8.89    |
|    exploration_rate | 0.1      |
| time/               |          |
|    episodes         | 15316    |
|    fps              | 195      |
|    time_elapsed     | 528      |
|    total_timesteps  | 1103527  |
| train/              |          |
|    learning_rate    | 0.0001   |
|    loss             | 0.0299   |
|    n_updates        | 273380   |
----------------------------------
----------------------------------
| rollout/            |          |
|    ep_len_mean      | 192      |
|    ep_rew_mean      | -9.29    |
|    exploration_rate | 0.1      |
| time/               |          |
|    episodes         | 15320    |
|    fps              | 195      |
|    time_elapsed     | 532      |
|    total_timesteps  | 1104344  |
| train/              |          |
|    learning_rate    | 0.0001   |
|    loss             | 0.0103   |
|    n_updates        | 273584   |
----------------------------------
----------------------------------
| rollout/            |          |
|    ep_len_mean      | 187      |
|    ep_rew_mean      | -9.99    |
|    exploration_rate | 0.1      |
| time/               |          |
|    episodes         | 15324    |
|    fps              | 195      |
|    time_elapsed     | 535      |
|    total_timesteps  | 1104807  |
| train/              |          |
|    learning_rate    | 0.0001   |
|    loss             | 0.0153   |
|    n_updates        | 273700   |
----------------------------------
----------------------------------
| rollout/            |          |
|    ep_len_mean      | 181      |
|    ep_rew_mean      | -10.2    |
|    exploration_rate | 0.1      |
| time/               |          |
|    episodes         | 15328    |
|    fps              | 195      |
|    time_elapsed     | 540      |
|    total_timesteps  | 1105625  |
| train/              |          |
|    learning_rate    | 0.0001   |
|    loss             | 0.00471  |
|    n_updates        | 273905   |
----------------------------------
----------------------------------
| rollout/            |          |
|    ep_len_mean      | 178      |
|    ep_rew_mean      | -11      |
|    exploration_rate | 0.1      |
| time/               |          |
|    episodes         | 15332    |
|    fps              | 195      |
|    time_elapsed     | 542      |
|    total_timesteps  | 1105903  |
| train/              |          |
|    learning_rate    | 0.0001   |
|    loss             | 0.328    |
|    n_updates        | 273974   |
----------------------------------
----------------------------------
| rollout/            |          |
|    ep_len_mean      | 182      |
|    ep_rew_mean      | -11.4    |
|    exploration_rate | 0.1      |
| time/               |          |
|    episodes         | 15336    |
|    fps              | 195      |
|    time_elapsed     | 545      |
|    total_timesteps  | 1106515  |
| train/              |          |
|    learning_rate    | 0.0001   |
|    loss             | 0.557    |
|    n_updates        | 274127   |
----------------------------------
----------------------------------
| rollout/            |          |
|    ep_len_mean      | 184      |
|    ep_rew_mean      | -11.4    |
|    exploration_rate | 0.1      |
| time/               |          |
|    episodes         | 15340    |
|    fps              | 195      |
|    time_elapsed     | 549      |
|    total_timesteps  | 1107133  |
| train/              |          |
|    learning_rate    | 0.0001   |
|    loss             | 0.397    |
|    n_updates        | 274282   |
----------------------------------
----------------------------------
| rollout/            |          |
|    ep_len_mean      | 190      |
|    ep_rew_mean      | -10.9    |
|    exploration_rate | 0.1      |
| time/               |          |
|    episodes         | 15344    |
|    fps              | 195      |
|    time_elapsed     | 555      |
|    total_timesteps  | 1108388  |
| train/              |          |
|    learning_rate    | 0.0001   |
|    loss             | 0.0326   |
|    n_updates        | 274595   |
----------------------------------
----------------------------------
| rollout/            |          |
|    ep_len_mean      | 191      |
|    ep_rew_mean      | -10.9    |
|    exploration_rate | 0.1      |
| time/               |          |
|    episodes         | 15348    |
|    fps              | 195      |
|    time_elapsed     | 559      |
|    total_timesteps  | 1109244  |
| train/              |          |
|    learning_rate    | 0.0001   |
|    loss             | 0.007    |
|    n_updates        | 274809   |
----------------------------------
----------------------------------
| rollout/            |          |
|    ep_len_mean      | 187      |
|    ep_rew_mean      | -10.6    |
|    exploration_rate | 0.1      |
| time/               |          |
|    episodes         | 15352    |
|    fps              | 195      |
|    time_elapsed     | 563      |
|    total_timesteps  | 1109923  |
| train/              |          |
|    learning_rate    | 0.0001   |
|    loss             | 0.00746  |
|    n_updates        | 274979   |
----------------------------------
FruitCounts | {'Fruit': 0, 'DecayFruit': 0, 'EnemyFruit': 0} |
----------------------------------
| rollout/            |          |
|    ep_len_mean      | 187      |
|    ep_rew_mean      | -10.4    |
|    exploration_rate | 0.1      |
| time/               |          |
|    episodes         | 15356    |
|    fps              | 195      |
|    time_elapsed     | 567      |
|    total_timesteps  | 1110689  |
| train/              |          |
|    learning_rate    | 0.0001   |
|    loss             | 0.00441  |
|    n_updates        | 275171   |
----------------------------------
----------------------------------
| rollout/            |          |
|    ep_len_mean      | 182      |
|    ep_rew_mean      | -9.97    |
|    exploration_rate | 0.1      |
| time/               |          |
|    episodes         | 15360    |
|    fps              | 194      |
|    time_elapsed     | 569      |
|    total_timesteps  | 1111133  |
| train/              |          |
|    learning_rate    | 0.0001   |
|    loss             | 0.235    |
|    n_updates        | 275282   |
----------------------------------
----------------------------------
| rollout/            |          |
|    ep_len_mean      | 192      |
|    ep_rew_mean      | -11.1    |
|    exploration_rate | 0.1      |
| time/               |          |
|    episodes         | 15364    |
|    fps              | 195      |
|    time_elapsed     | 577      |
|    total_timesteps  | 1112744  |
| train/              |          |
|    learning_rate    | 0.0001   |
|    loss             | 0.00453  |
|    n_updates        | 275684   |
----------------------------------
----------------------------------
| rollout/            |          |
|    ep_len_mean      | 203      |
|    ep_rew_mean      | -11.1    |
|    exploration_rate | 0.1      |
| time/               |          |
|    episodes         | 15368    |
|    fps              | 195      |
|    time_elapsed     | 584      |
|    total_timesteps  | 1114199  |
| train/              |          |
|    learning_rate    | 0.0001   |
|    loss             | 0.333    |
|    n_updates        | 276048   |
----------------------------------
----------------------------------
| rollout/            |          |
|    ep_len_mean      | 201      |
|    ep_rew_mean      | -11.7    |
|    exploration_rate | 0.1      |
| time/               |          |
|    episodes         | 15372    |
|    fps              | 195      |
|    time_elapsed     | 587      |
|    total_timesteps  | 1114709  |
| train/              |          |
|    learning_rate    | 0.0001   |
|    loss             | 0.00432  |
|    n_updates        | 276176   |
----------------------------------
----------------------------------
| rollout/            |          |
|    ep_len_mean      | 204      |
|    ep_rew_mean      | -12.4    |
|    exploration_rate | 0.1      |
| time/               |          |
|    episodes         | 15376    |
|    fps              | 195      |
|    time_elapsed     | 593      |
|    total_timesteps  | 1115861  |
| train/              |          |
|    learning_rate    | 0.0001   |
|    loss             | 0.613    |
|    n_updates        | 276464   |
----------------------------------
----------------------------------
| rollout/            |          |
|    ep_len_mean      | 200      |
|    ep_rew_mean      | -12.1    |
|    exploration_rate | 0.1      |
| time/               |          |
|    episodes         | 15380    |
|    fps              | 195      |
|    time_elapsed     | 595      |
|    total_timesteps  | 1116229  |
| train/              |          |
|    learning_rate    | 0.0001   |
|    loss             | 0.00409  |
|    n_updates        | 276556   |
----------------------------------
----------------------------------
| rollout/            |          |
|    ep_len_mean      | 211      |
|    ep_rew_mean      | -11.9    |
|    exploration_rate | 0.1      |
| time/               |          |
|    episodes         | 15384    |
|    fps              | 195      |
|    time_elapsed     | 601      |
|    total_timesteps  | 1117645  |
| train/              |          |
|    learning_rate    | 0.0001   |
|    loss             | 0.00765  |
|    n_updates        | 276910   |
----------------------------------
----------------------------------
| rollout/            |          |
|    ep_len_mean      | 199      |
|    ep_rew_mean      | -11.9    |
|    exploration_rate | 0.1      |
| time/               |          |
|    episodes         | 15388    |
|    fps              | 195      |
|    time_elapsed     | 605      |
|    total_timesteps  | 1118292  |
| train/              |          |
|    learning_rate    | 0.0001   |
|    loss             | 0.31     |
|    n_updates        | 277071   |
----------------------------------
FruitCounts | {'Fruit': 0, 'DecayFruit': 0, 'EnemyFruit': 3} |
----------------------------------
| rollout/            |          |
|    ep_len_mean      | 209      |
|    ep_rew_mean      | -11.9    |
|    exploration_rate | 0.1      |
| time/               |          |
|    episodes         | 15392    |
|    fps              | 195      |
|    time_elapsed     | 613      |
|    total_timesteps  | 1120092  |
| train/              |          |
|    learning_rate    | 0.0001   |
|    loss             | 0.317    |
|    n_updates        | 277521   |
----------------------------------
----------------------------------
| rollout/            |          |
|    ep_len_mean      | 200      |
|    ep_rew_mean      | -11.5    |
|    exploration_rate | 0.1      |
| time/               |          |
|    episodes         | 15396    |
|    fps              | 195      |
|    time_elapsed     | 616      |
|    total_timesteps  | 1120524  |
| train/              |          |
|    learning_rate    | 0.0001   |
|    loss             | 0.00684  |
|    n_updates        | 277629   |
----------------------------------
----------------------------------
| rollout/            |          |
|    ep_len_mean      | 214      |
|    ep_rew_mean      | -10.9    |
|    exploration_rate | 0.1      |
| time/               |          |
|    episodes         | 15400    |
|    fps              | 196      |
|    time_elapsed     | 625      |
|    total_timesteps  | 1122596  |
| train/              |          |
|    learning_rate    | 0.0001   |
|    loss             | 0.232    |
|    n_updates        | 278147   |
----------------------------------
----------------------------------
| rollout/            |          |
|    ep_len_mean      | 215      |
|    ep_rew_mean      | -11.1    |
|    exploration_rate | 0.1      |
| time/               |          |
|    episodes         | 15404    |
|    fps              | 195      |
|    time_elapsed     | 629      |
|    total_timesteps  | 1123214  |
| train/              |          |
|    learning_rate    | 0.0001   |
|    loss             | 0.566    |
|    n_updates        | 278302   |
----------------------------------
----------------------------------
| rollout/            |          |
|    ep_len_mean      | 212      |
|    ep_rew_mean      | -11.2    |
|    exploration_rate | 0.1      |
| time/               |          |
|    episodes         | 15408    |
|    fps              | 195      |
|    time_elapsed     | 632      |
|    total_timesteps  | 1123745  |
| train/              |          |
|    learning_rate    | 0.0001   |
|    loss             | 0.0205   |
|    n_updates        | 278435   |
----------------------------------
----------------------------------
| rollout/            |          |
|    ep_len_mean      | 219      |
|    ep_rew_mean      | -11.2    |
|    exploration_rate | 0.1      |
| time/               |          |
|    episodes         | 15412    |
|    fps              | 195      |
|    time_elapsed     | 637      |
|    total_timesteps  | 1124855  |
| train/              |          |
|    learning_rate    | 0.0001   |
|    loss             | 0.00485  |
|    n_updates        | 278712   |
----------------------------------
----------------------------------
| rollout/            |          |
|    ep_len_mean      | 228      |
|    ep_rew_mean      | -10.9    |
|    exploration_rate | 0.1      |
| time/               |          |
|    episodes         | 15416    |
|    fps              | 196      |
|    time_elapsed     | 644      |
|    total_timesteps  | 1126319  |
| train/              |          |
|    learning_rate    | 0.0001   |
|    loss             | 0.00679  |
|    n_updates        | 279078   |
----------------------------------
----------------------------------
| rollout/            |          |
|    ep_len_mean      | 225      |
|    ep_rew_mean      | -11.5    |
|    exploration_rate | 0.1      |
| time/               |          |
|    episodes         | 15420    |
|    fps              | 195      |
|    time_elapsed     | 647      |
|    total_timesteps  | 1126813  |
| train/              |          |
|    learning_rate    | 0.0001   |
|    loss             | 0.535    |
|    n_updates        | 279202   |
----------------------------------
----------------------------------
| rollout/            |          |
|    ep_len_mean      | 227      |
|    ep_rew_mean      | -11.4    |
|    exploration_rate | 0.1      |
| time/               |          |
|    episodes         | 15424    |
|    fps              | 195      |
|    time_elapsed     | 650      |
|    total_timesteps  | 1127460  |
| train/              |          |
|    learning_rate    | 0.0001   |
|    loss             | 0.231    |
|    n_updates        | 279363   |
----------------------------------
----------------------------------
| rollout/            |          |
|    ep_len_mean      | 227      |
|    ep_rew_mean      | -11.3    |
|    exploration_rate | 0.1      |
| time/               |          |
|    episodes         | 15428    |
|    fps              | 195      |
|    time_elapsed     | 655      |
|    total_timesteps  | 1128347  |
| train/              |          |
|    learning_rate    | 0.0001   |
|    loss             | 0.677    |
|    n_updates        | 279585   |
----------------------------------
----------------------------------
| rollout/            |          |
|    ep_len_mean      | 238      |
|    ep_rew_mean      | -12.8    |
|    exploration_rate | 0.1      |
| time/               |          |
|    episodes         | 15432    |
|    fps              | 196      |
|    time_elapsed     | 661      |
|    total_timesteps  | 1129748  |
| train/              |          |
|    learning_rate    | 0.0001   |
|    loss             | 0.00737  |
|    n_updates        | 279935   |
----------------------------------
FruitCounts | {'Fruit': 0, 'DecayFruit': 0, 'EnemyFruit': 1} |
----------------------------------
| rollout/            |          |
|    ep_len_mean      | 243      |
|    ep_rew_mean      | -13.3    |
|    exploration_rate | 0.1      |
| time/               |          |
|    episodes         | 15436    |
|    fps              | 196      |
|    time_elapsed     | 666      |
|    total_timesteps  | 1130856  |
| train/              |          |
|    learning_rate    | 0.0001   |
|    loss             | 0.00438  |
|    n_updates        | 280212   |
----------------------------------
----------------------------------
| rollout/            |          |
|    ep_len_mean      | 247      |
|    ep_rew_mean      | -13.9    |
|    exploration_rate | 0.1      |
| time/               |          |
|    episodes         | 15440    |
|    fps              | 196      |
|    time_elapsed     | 671      |
|    total_timesteps  | 1131850  |
| train/              |          |
|    learning_rate    | 0.0001   |
|    loss             | 0.00886  |
|    n_updates        | 280461   |
----------------------------------
----------------------------------
| rollout/            |          |
|    ep_len_mean      | 242      |
|    ep_rew_mean      | -13.5    |
|    exploration_rate | 0.1      |
| time/               |          |
|    episodes         | 15444    |
|    fps              | 196      |
|    time_elapsed     | 675      |
|    total_timesteps  | 1132548  |
| train/              |          |
|    learning_rate    | 0.0001   |
|    loss             | 0.308    |
|    n_updates        | 280635   |
----------------------------------
----------------------------------
| rollout/            |          |
|    ep_len_mean      | 238      |
|    ep_rew_mean      | -13.4    |
|    exploration_rate | 0.1      |
| time/               |          |
|    episodes         | 15448    |
|    fps              | 196      |
|    time_elapsed     | 678      |
|    total_timesteps  | 1133042  |
| train/              |          |
|    learning_rate    | 0.0001   |
|    loss             | 0.496    |
|    n_updates        | 280759   |
----------------------------------
----------------------------------
| rollout/            |          |
|    ep_len_mean      | 240      |
|    ep_rew_mean      | -13.9    |
|    exploration_rate | 0.1      |
| time/               |          |
|    episodes         | 15452    |
|    fps              | 196      |
|    time_elapsed     | 683      |
|    total_timesteps  | 1133920  |
| train/              |          |
|    learning_rate    | 0.0001   |
|    loss             | 0.00362  |
|    n_updates        | 280978   |
----------------------------------
----------------------------------
| rollout/            |          |
|    ep_len_mean      | 239      |
|    ep_rew_mean      | -14.7    |
|    exploration_rate | 0.1      |
| time/               |          |
|    episodes         | 15456    |
|    fps              | 196      |
|    time_elapsed     | 686      |
|    total_timesteps  | 1134591  |
| train/              |          |
|    learning_rate    | 0.0001   |
|    loss             | 0.00383  |
|    n_updates        | 281146   |
----------------------------------
----------------------------------
| rollout/            |          |
|    ep_len_mean      | 243      |
|    ep_rew_mean      | -15      |
|    exploration_rate | 0.1      |
| time/               |          |
|    episodes         | 15460    |
|    fps              | 196      |
|    time_elapsed     | 690      |
|    total_timesteps  | 1135424  |
| train/              |          |
|    learning_rate    | 0.0001   |
|    loss             | 0.192    |
|    n_updates        | 281354   |
----------------------------------
----------------------------------
| rollout/            |          |
|    ep_len_mean      | 231      |
|    ep_rew_mean      | -13.6    |
|    exploration_rate | 0.1      |
| time/               |          |
|    episodes         | 15464    |
|    fps              | 195      |
|    time_elapsed     | 693      |
|    total_timesteps  | 1135886  |
| train/              |          |
|    learning_rate    | 0.0001   |
|    loss             | 0.186    |
|    n_updates        | 281470   |
----------------------------------
----------------------------------
| rollout/            |          |
|    ep_len_mean      | 225      |
|    ep_rew_mean      | -13.3    |
|    exploration_rate | 0.1      |
| time/               |          |
|    episodes         | 15468    |
|    fps              | 195      |
|    time_elapsed     | 697      |
|    total_timesteps  | 1136724  |
| train/              |          |
|    learning_rate    | 0.0001   |
|    loss             | 0.00538  |
|    n_updates        | 281679   |
----------------------------------
----------------------------------
| rollout/            |          |
|    ep_len_mean      | 229      |
|    ep_rew_mean      | -13      |
|    exploration_rate | 0.1      |
| time/               |          |
|    episodes         | 15472    |
|    fps              | 195      |
|    time_elapsed     | 702      |
|    total_timesteps  | 1137625  |
| train/              |          |
|    learning_rate    | 0.0001   |
|    loss             | 0.239    |
|    n_updates        | 281905   |
----------------------------------
----------------------------------
| rollout/            |          |
|    ep_len_mean      | 223      |
|    ep_rew_mean      | -12.2    |
|    exploration_rate | 0.1      |
| time/               |          |
|    episodes         | 15476    |
|    fps              | 195      |
|    time_elapsed     | 705      |
|    total_timesteps  | 1138186  |
| train/              |          |
|    learning_rate    | 0.0001   |
|    loss             | 0.0221   |
|    n_updates        | 282045   |
----------------------------------
----------------------------------
| rollout/            |          |
|    ep_len_mean      | 228      |
|    ep_rew_mean      | -12.9    |
|    exploration_rate | 0.1      |
| time/               |          |
|    episodes         | 15480    |
|    fps              | 195      |
|    time_elapsed     | 709      |
|    total_timesteps  | 1138991  |
| train/              |          |
|    learning_rate    | 0.0001   |
|    loss             | 0.00688  |
|    n_updates        | 282246   |
----------------------------------
----------------------------------
| rollout/            |          |
|    ep_len_mean      | 216      |
|    ep_rew_mean      | -13      |
|    exploration_rate | 0.1      |
| time/               |          |
|    episodes         | 15484    |
|    fps              | 195      |
|    time_elapsed     | 711      |
|    total_timesteps  | 1139279  |
| train/              |          |
|    learning_rate    | 0.0001   |
|    loss             | 0.492    |
|    n_updates        | 282318   |
----------------------------------
FruitCounts | {'Fruit': 2, 'DecayFruit': 0, 'EnemyFruit': 5} |
----------------------------------
| rollout/            |          |
|    ep_len_mean      | 221      |
|    ep_rew_mean      | -12.4    |
|    exploration_rate | 0.1      |
| time/               |          |
|    episodes         | 15488    |
|    fps              | 195      |
|    time_elapsed     | 717      |
|    total_timesteps  | 1140378  |
| train/              |          |
|    learning_rate    | 0.0001   |
|    loss             | 0.00593  |
|    n_updates        | 282593   |
----------------------------------
----------------------------------
| rollout/            |          |
|    ep_len_mean      | 205      |
|    ep_rew_mean      | -11.8    |
|    exploration_rate | 0.1      |
| time/               |          |
|    episodes         | 15492    |
|    fps              | 195      |
|    time_elapsed     | 718      |
|    total_timesteps  | 1140578  |
| train/              |          |
|    learning_rate    | 0.0001   |
|    loss             | 0.23     |
|    n_updates        | 282643   |
----------------------------------
----------------------------------
| rollout/            |          |
|    ep_len_mean      | 221      |
|    ep_rew_mean      | -11.6    |
|    exploration_rate | 0.1      |
| time/               |          |
|    episodes         | 15496    |
|    fps              | 196      |
|    time_elapsed     | 727      |
|    total_timesteps  | 1142592  |
| train/              |          |
|    learning_rate    | 0.0001   |
|    loss             | 0.00412  |
|    n_updates        | 283146   |
----------------------------------
----------------------------------
| rollout/            |          |
|    ep_len_mean      | 219      |
|    ep_rew_mean      | -12.9    |
|    exploration_rate | 0.1      |
| time/               |          |
|    episodes         | 15500    |
|    fps              | 196      |
|    time_elapsed     | 735      |
|    total_timesteps  | 1144482  |
| train/              |          |
|    learning_rate    | 0.0001   |
|    loss             | 0.373    |
|    n_updates        | 283619   |
----------------------------------
----------------------------------
| rollout/            |          |
|    ep_len_mean      | 230      |
|    ep_rew_mean      | -14.3    |
|    exploration_rate | 0.1      |
| time/               |          |
|    episodes         | 15504    |
|    fps              | 196      |
|    time_elapsed     | 743      |
|    total_timesteps  | 1146254  |
| train/              |          |
|    learning_rate    | 0.0001   |
|    loss             | 0.0816   |
|    n_updates        | 284062   |
----------------------------------
----------------------------------
| rollout/            |          |
|    ep_len_mean      | 237      |
|    ep_rew_mean      | -14.7    |
|    exploration_rate | 0.1      |
| time/               |          |
|    episodes         | 15508    |
|    fps              | 196      |
|    time_elapsed     | 748      |
|    total_timesteps  | 1147478  |
| train/              |          |
|    learning_rate    | 0.0001   |
|    loss             | 0.198    |
|    n_updates        | 284368   |
----------------------------------
----------------------------------
| rollout/            |          |
|    ep_len_mean      | 243      |
|    ep_rew_mean      | -15.1    |
|    exploration_rate | 0.1      |
| time/               |          |
|    episodes         | 15512    |
|    fps              | 197      |
|    time_elapsed     | 756      |
|    total_timesteps  | 1149170  |
| train/              |          |
|    learning_rate    | 0.0001   |
|    loss             | 0.00469  |
|    n_updates        | 284791   |
----------------------------------
----------------------------------
| rollout/            |          |
|    ep_len_mean      | 235      |
|    ep_rew_mean      | -15.5    |
|    exploration_rate | 0.1      |
| time/               |          |
|    episodes         | 15516    |
|    fps              | 197      |
|    time_elapsed     | 759      |
|    total_timesteps  | 1149802  |
| train/              |          |
|    learning_rate    | 0.0001   |
|    loss             | 0.588    |
|    n_updates        | 284949   |
----------------------------------
FruitCounts | {'Fruit': 1, 'DecayFruit': 0, 'EnemyFruit': 1} |
----------------------------------
| rollout/            |          |
|    ep_len_mean      | 237      |
|    ep_rew_mean      | -14.7    |
|    exploration_rate | 0.1      |
| time/               |          |
|    episodes         | 15520    |
|    fps              | 197      |
|    time_elapsed     | 762      |
|    total_timesteps  | 1150502  |
| train/              |          |
|    learning_rate    | 0.0001   |
|    loss             | 0.00666  |
|    n_updates        | 285124   |
----------------------------------
----------------------------------
| rollout/            |          |
|    ep_len_mean      | 239      |
|    ep_rew_mean      | -13.8    |
|    exploration_rate | 0.1      |
| time/               |          |
|    episodes         | 15524    |
|    fps              | 197      |
|    time_elapsed     | 767      |
|    total_timesteps  | 1151387  |
| train/              |          |
|    learning_rate    | 0.0001   |
|    loss             | 0.00351  |
|    n_updates        | 285345   |
----------------------------------
----------------------------------
| rollout/            |          |
|    ep_len_mean      | 239      |
|    ep_rew_mean      | -13.6    |
|    exploration_rate | 0.1      |
| time/               |          |
|    episodes         | 15528    |
|    fps              | 197      |
|    time_elapsed     | 771      |
|    total_timesteps  | 1152264  |
| train/              |          |
|    learning_rate    | 0.0001   |
|    loss             | 0.194    |
|    n_updates        | 285564   |
----------------------------------
----------------------------------
| rollout/            |          |
|    ep_len_mean      | 257      |
|    ep_rew_mean      | -13.4    |
|    exploration_rate | 0.1      |
| time/               |          |
|    episodes         | 15532    |
|    fps              | 198      |
|    time_elapsed     | 784      |
|    total_timesteps  | 1155402  |
| train/              |          |
|    learning_rate    | 0.0001   |
|    loss             | 0.24     |
|    n_updates        | 286349   |
----------------------------------
----------------------------------
| rollout/            |          |
|    ep_len_mean      | 257      |
|    ep_rew_mean      | -13.5    |
|    exploration_rate | 0.1      |
| time/               |          |
|    episodes         | 15536    |
|    fps              | 198      |
|    time_elapsed     | 789      |
|    total_timesteps  | 1156532  |
| train/              |          |
|    learning_rate    | 0.0001   |
|    loss             | 0.185    |
|    n_updates        | 286631   |
----------------------------------
----------------------------------
| rollout/            |          |
|    ep_len_mean      | 253      |
|    ep_rew_mean      | -13.9    |
|    exploration_rate | 0.1      |
| time/               |          |
|    episodes         | 15540    |
|    fps              | 198      |
|    time_elapsed     | 792      |
|    total_timesteps  | 1157129  |
| train/              |          |
|    learning_rate    | 0.0001   |
|    loss             | 0.183    |
|    n_updates        | 286781   |
----------------------------------
----------------------------------
| rollout/            |          |
|    ep_len_mean      | 254      |
|    ep_rew_mean      | -14.4    |
|    exploration_rate | 0.1      |
| time/               |          |
|    episodes         | 15544    |
|    fps              | 198      |
|    time_elapsed     | 796      |
|    total_timesteps  | 1157906  |
| train/              |          |
|    learning_rate    | 0.0001   |
|    loss             | 0.00337  |
|    n_updates        | 286975   |
----------------------------------
----------------------------------
| rollout/            |          |
|    ep_len_mean      | 253      |
|    ep_rew_mean      | -14.4    |
|    exploration_rate | 0.1      |
| time/               |          |
|    episodes         | 15548    |
|    fps              | 198      |
|    time_elapsed     | 799      |
|    total_timesteps  | 1158325  |
| train/              |          |
|    learning_rate    | 0.0001   |
|    loss             | 0.846    |
|    n_updates        | 287080   |
----------------------------------
FruitCounts | {'Fruit': 0, 'DecayFruit': 0, 'EnemyFruit': 3} |
----------------------------------
| rollout/            |          |
|    ep_len_mean      | 262      |
|    ep_rew_mean      | -14.9    |
|    exploration_rate | 0.1      |
| time/               |          |
|    episodes         | 15552    |
|    fps              | 198      |
|    time_elapsed     | 807      |
|    total_timesteps  | 1160124  |
| train/              |          |
|    learning_rate    | 0.0001   |
|    loss             | 0.198    |
|    n_updates        | 287529   |
----------------------------------
----------------------------------
| rollout/            |          |
|    ep_len_mean      | 258      |
|    ep_rew_mean      | -14.8    |
|    exploration_rate | 0.1      |
| time/               |          |
|    episodes         | 15556    |
|    fps              | 198      |
|    time_elapsed     | 809      |
|    total_timesteps  | 1160422  |
| train/              |          |
|    learning_rate    | 0.0001   |
|    loss             | 0.2      |
|    n_updates        | 287604   |
----------------------------------
----------------------------------
| rollout/            |          |
|    ep_len_mean      | 254      |
|    ep_rew_mean      | -15      |
|    exploration_rate | 0.1      |
| time/               |          |
|    episodes         | 15560    |
|    fps              | 198      |
|    time_elapsed     | 812      |
|    total_timesteps  | 1160858  |
| train/              |          |
|    learning_rate    | 0.0001   |
|    loss             | 0.00497  |
|    n_updates        | 287713   |
----------------------------------
----------------------------------
| rollout/            |          |
|    ep_len_mean      | 254      |
|    ep_rew_mean      | -14.9    |
|    exploration_rate | 0.1      |
| time/               |          |
|    episodes         | 15564    |
|    fps              | 197      |
|    time_elapsed     | 814      |
|    total_timesteps  | 1161244  |
| train/              |          |
|    learning_rate    | 0.0001   |
|    loss             | 0.00829  |
|    n_updates        | 287809   |
----------------------------------
----------------------------------
| rollout/            |          |
|    ep_len_mean      | 274      |
|    ep_rew_mean      | -14.3    |
|    exploration_rate | 0.1      |
| time/               |          |
|    episodes         | 15568    |
|    fps              | 198      |
|    time_elapsed     | 826      |
|    total_timesteps  | 1164150  |
| train/              |          |
|    learning_rate    | 0.0001   |
|    loss             | 0.233    |
|    n_updates        | 288536   |
----------------------------------
----------------------------------
| rollout/            |          |
|    ep_len_mean      | 280      |
|    ep_rew_mean      | -14.2    |
|    exploration_rate | 0.1      |
| time/               |          |
|    episodes         | 15572    |
|    fps              | 198      |
|    time_elapsed     | 833      |
|    total_timesteps  | 1165586  |
| train/              |          |
|    learning_rate    | 0.0001   |
|    loss             | 0.0128   |
|    n_updates        | 288895   |
----------------------------------
----------------------------------
| rollout/            |          |
|    ep_len_mean      | 280      |
|    ep_rew_mean      | -14.5    |
|    exploration_rate | 0.1      |
| time/               |          |
|    episodes         | 15576    |
|    fps              | 198      |
|    time_elapsed     | 836      |
|    total_timesteps  | 1166159  |
| train/              |          |
|    learning_rate    | 0.0001   |
|    loss             | 0.00575  |
|    n_updates        | 289038   |
----------------------------------
----------------------------------
| rollout/            |          |
|    ep_len_mean      | 291      |
|    ep_rew_mean      | -14.5    |
|    exploration_rate | 0.1      |
| time/               |          |
|    episodes         | 15580    |
|    fps              | 198      |
|    time_elapsed     | 844      |
|    total_timesteps  | 1168127  |
| train/              |          |
|    learning_rate    | 0.0001   |
|    loss             | 0.00592  |
|    n_updates        | 289530   |
----------------------------------
----------------------------------
| rollout/            |          |
|    ep_len_mean      | 299      |
|    ep_rew_mean      | -14.9    |
|    exploration_rate | 0.1      |
| time/               |          |
|    episodes         | 15584    |
|    fps              | 199      |
|    time_elapsed     | 850      |
|    total_timesteps  | 1169226  |
| train/              |          |
|    learning_rate    | 0.0001   |
|    loss             | 0.195    |
|    n_updates        | 289805   |
----------------------------------
----------------------------------
| rollout/            |          |
|    ep_len_mean      | 293      |
|    ep_rew_mean      | -14.8    |
|    exploration_rate | 0.1      |
| time/               |          |
|    episodes         | 15588    |
|    fps              | 198      |
|    time_elapsed     | 852      |
|    total_timesteps  | 1169632  |
| train/              |          |
|    learning_rate    | 0.0001   |
|    loss             | 0.612    |
|    n_updates        | 289906   |
----------------------------------
FruitCounts | {'Fruit': 1, 'DecayFruit': 1, 'EnemyFruit': 1} |
----------------------------------
| rollout/            |          |
|    ep_len_mean      | 295      |
|    ep_rew_mean      | -14.4    |
|    exploration_rate | 0.1      |
| time/               |          |
|    episodes         | 15592    |
|    fps              | 198      |
|    time_elapsed     | 855      |
|    total_timesteps  | 1170054  |
| train/              |          |
|    learning_rate    | 0.0001   |
|    loss             | 0.495    |
|    n_updates        | 290012   |
----------------------------------
----------------------------------
| rollout/            |          |
|    ep_len_mean      | 279      |
|    ep_rew_mean      | -15      |
|    exploration_rate | 0.1      |
| time/               |          |
|    episodes         | 15596    |
|    fps              | 198      |
|    time_elapsed     | 858      |
|    total_timesteps  | 1170462  |
| train/              |          |
|    learning_rate    | 0.0001   |
|    loss             | 0.311    |
|    n_updates        | 290114   |
----------------------------------
----------------------------------
| rollout/            |          |
|    ep_len_mean      | 268      |
|    ep_rew_mean      | -13.9    |
|    exploration_rate | 0.1      |
| time/               |          |
|    episodes         | 15600    |
|    fps              | 198      |
|    time_elapsed     | 862      |
|    total_timesteps  | 1171328  |
| train/              |          |
|    learning_rate    | 0.0001   |
|    loss             | 0.308    |
|    n_updates        | 290330   |
----------------------------------
----------------------------------
| rollout/            |          |
|    ep_len_mean      | 266      |
|    ep_rew_mean      | -13.6    |
|    exploration_rate | 0.1      |
| time/               |          |
|    episodes         | 15604    |
|    fps              | 198      |
|    time_elapsed     | 869      |
|    total_timesteps  | 1172877  |
| train/              |          |
|    learning_rate    | 0.0001   |
|    loss             | 0.0109   |
|    n_updates        | 290718   |
----------------------------------
----------------------------------
| rollout/            |          |
|    ep_len_mean      | 269      |
|    ep_rew_mean      | -13.4    |
|    exploration_rate | 0.1      |
| time/               |          |
|    episodes         | 15608    |
|    fps              | 198      |
|    time_elapsed     | 876      |
|    total_timesteps  | 1174350  |
| train/              |          |
|    learning_rate    | 0.0001   |
|    loss             | 0.025    |
|    n_updates        | 291086   |
----------------------------------
----------------------------------
| rollout/            |          |
|    ep_len_mean      | 260      |
|    ep_rew_mean      | -13.8    |
|    exploration_rate | 0.1      |
| time/               |          |
|    episodes         | 15612    |
|    fps              | 198      |
|    time_elapsed     | 880      |
|    total_timesteps  | 1175212  |
| train/              |          |
|    learning_rate    | 0.0001   |
|    loss             | 0.303    |
|    n_updates        | 291301   |
----------------------------------
----------------------------------
| rollout/            |          |
|    ep_len_mean      | 268      |
|    ep_rew_mean      | -12.8    |
|    exploration_rate | 0.1      |
| time/               |          |
|    episodes         | 15616    |
|    fps              | 199      |
|    time_elapsed     | 886      |
|    total_timesteps  | 1176589  |
| train/              |          |
|    learning_rate    | 0.0001   |
|    loss             | 0.457    |
|    n_updates        | 291646   |
----------------------------------
----------------------------------
| rollout/            |          |
|    ep_len_mean      | 273      |
|    ep_rew_mean      | -12.5    |
|    exploration_rate | 0.1      |
| time/               |          |
|    episodes         | 15620    |
|    fps              | 199      |
|    time_elapsed     | 892      |
|    total_timesteps  | 1177803  |
| train/              |          |
|    learning_rate    | 0.0001   |
|    loss             | 0.416    |
|    n_updates        | 291949   |
----------------------------------
----------------------------------
| rollout/            |          |
|    ep_len_mean      | 267      |
|    ep_rew_mean      | -13      |
|    exploration_rate | 0.1      |
| time/               |          |
|    episodes         | 15624    |
|    fps              | 199      |
|    time_elapsed     | 894      |
|    total_timesteps  | 1178097  |
| train/              |          |
|    learning_rate    | 0.0001   |
|    loss             | 0.00589  |
|    n_updates        | 292023   |
----------------------------------
----------------------------------
| rollout/            |          |
|    ep_len_mean      | 268      |
|    ep_rew_mean      | -13.5    |
|    exploration_rate | 0.1      |
| time/               |          |
|    episodes         | 15628    |
|    fps              | 199      |
|    time_elapsed     | 899      |
|    total_timesteps  | 1179029  |
| train/              |          |
|    learning_rate    | 0.0001   |
|    loss             | 0.23     |
|    n_updates        | 292256   |
----------------------------------
FruitCounts | {'Fruit': 2, 'DecayFruit': 1, 'EnemyFruit': 4} |
----------------------------------
| rollout/            |          |
|    ep_len_mean      | 256      |
|    ep_rew_mean      | -12.7    |
|    exploration_rate | 0.1      |
| time/               |          |
|    episodes         | 15632    |
|    fps              | 199      |
|    time_elapsed     | 907      |
|    total_timesteps  | 1180998  |
| train/              |          |
|    learning_rate    | 0.0001   |
|    loss             | 0.196    |
|    n_updates        | 292748   |
----------------------------------
----------------------------------
| rollout/            |          |
|    ep_len_mean      | 258      |
|    ep_rew_mean      | -12.2    |
|    exploration_rate | 0.1      |
| time/               |          |
|    episodes         | 15636    |
|    fps              | 199      |
|    time_elapsed     | 913      |
|    total_timesteps  | 1182352  |
| train/              |          |
|    learning_rate    | 0.0001   |
|    loss             | 0.0052   |
|    n_updates        | 293086   |
----------------------------------
----------------------------------
| rollout/            |          |
|    ep_len_mean      | 259      |
|    ep_rew_mean      | -11.2    |
|    exploration_rate | 0.1      |
| time/               |          |
|    episodes         | 15640    |
|    fps              | 199      |
|    time_elapsed     | 917      |
|    total_timesteps  | 1182994  |
| train/              |          |
|    learning_rate    | 0.0001   |
|    loss             | 0.233    |
|    n_updates        | 293247   |
----------------------------------
----------------------------------
| rollout/            |          |
|    ep_len_mean      | 253      |
|    ep_rew_mean      | -10.6    |
|    exploration_rate | 0.1      |
| time/               |          |
|    episodes         | 15644    |
|    fps              | 199      |
|    time_elapsed     | 919      |
|    total_timesteps  | 1183229  |
| train/              |          |
|    learning_rate    | 0.0001   |
|    loss             | 0.0048   |
|    n_updates        | 293306   |
----------------------------------
----------------------------------
| rollout/            |          |
|    ep_len_mean      | 265      |
|    ep_rew_mean      | -9.87    |
|    exploration_rate | 0.1      |
| time/               |          |
|    episodes         | 15648    |
|    fps              | 199      |
|    time_elapsed     | 926      |
|    total_timesteps  | 1184789  |
| train/              |          |
|    learning_rate    | 0.0001   |
|    loss             | 0.0561   |
|    n_updates        | 293696   |
----------------------------------
----------------------------------
| rollout/            |          |
|    ep_len_mean      | 249      |
|    ep_rew_mean      | -8.94    |
|    exploration_rate | 0.1      |
| time/               |          |
|    episodes         | 15652    |
|    fps              | 199      |
|    time_elapsed     | 928      |
|    total_timesteps  | 1185053  |
| train/              |          |
|    learning_rate    | 0.0001   |
|    loss             | 0.236    |
|    n_updates        | 293762   |
----------------------------------
----------------------------------
| rollout/            |          |
|    ep_len_mean      | 256      |
|    ep_rew_mean      | -9.67    |
|    exploration_rate | 0.1      |
| time/               |          |
|    episodes         | 15656    |
|    fps              | 199      |
|    time_elapsed     | 933      |
|    total_timesteps  | 1186023  |
| train/              |          |
|    learning_rate    | 0.0001   |
|    loss             | 0.00593  |
|    n_updates        | 294004   |
----------------------------------
----------------------------------
| rollout/            |          |
|    ep_len_mean      | 261      |
|    ep_rew_mean      | -9.85    |
|    exploration_rate | 0.1      |
| time/               |          |
|    episodes         | 15660    |
|    fps              | 199      |
|    time_elapsed     | 937      |
|    total_timesteps  | 1186959  |
| train/              |          |
|    learning_rate    | 0.0001   |
|    loss             | 0.204    |
|    n_updates        | 294238   |
----------------------------------
----------------------------------
| rollout/            |          |
|    ep_len_mean      | 285      |
|    ep_rew_mean      | -10.6    |
|    exploration_rate | 0.1      |
| time/               |          |
|    episodes         | 15664    |
|    fps              | 199      |
|    time_elapsed     | 949      |
|    total_timesteps  | 1189740  |
| train/              |          |
|    learning_rate    | 0.0001   |
|    loss             | 0.371    |
|    n_updates        | 294933   |
----------------------------------
FruitCounts | {'Fruit': 0, 'DecayFruit': 1, 'EnemyFruit': 0} |
----------------------------------
| rollout/            |          |
|    ep_len_mean      | 263      |
|    ep_rew_mean      | -11.2    |
|    exploration_rate | 0.1      |
| time/               |          |
|    episodes         | 15668    |
|    fps              | 199      |
|    time_elapsed     | 953      |
|    total_timesteps  | 1190486  |
| train/              |          |
|    learning_rate    | 0.0001   |
|    loss             | 0.229    |
|    n_updates        | 295120   |
----------------------------------
----------------------------------
| rollout/            |          |
|    ep_len_mean      | 254      |
|    ep_rew_mean      | -11.4    |
|    exploration_rate | 0.1      |
| time/               |          |
|    episodes         | 15672    |
|    fps              | 199      |
|    time_elapsed     | 956      |
|    total_timesteps  | 1190970  |
| train/              |          |
|    learning_rate    | 0.0001   |
|    loss             | 0.00936  |
|    n_updates        | 295241   |
----------------------------------
----------------------------------
| rollout/            |          |
|    ep_len_mean      | 261      |
|    ep_rew_mean      | -11.9    |
|    exploration_rate | 0.1      |
| time/               |          |
|    episodes         | 15676    |
|    fps              | 199      |
|    time_elapsed     | 962      |
|    total_timesteps  | 1192305  |
| train/              |          |
|    learning_rate    | 0.0001   |
|    loss             | 0.599    |
|    n_updates        | 295575   |
----------------------------------
----------------------------------
| rollout/            |          |
|    ep_len_mean      | 248      |
|    ep_rew_mean      | -11.7    |
|    exploration_rate | 0.1      |
| time/               |          |
|    episodes         | 15680    |
|    fps              | 199      |
|    time_elapsed     | 966      |
|    total_timesteps  | 1192965  |
| train/              |          |
|    learning_rate    | 0.0001   |
|    loss             | 0.00408  |
|    n_updates        | 295740   |
----------------------------------
----------------------------------
| rollout/            |          |
|    ep_len_mean      | 247      |
|    ep_rew_mean      | -11.3    |
|    exploration_rate | 0.1      |
| time/               |          |
|    episodes         | 15684    |
|    fps              | 199      |
|    time_elapsed     | 970      |
|    total_timesteps  | 1193905  |
| train/              |          |
|    learning_rate    | 0.0001   |
|    loss             | 0.00431  |
|    n_updates        | 295975   |
----------------------------------
----------------------------------
| rollout/            |          |
|    ep_len_mean      | 246      |
|    ep_rew_mean      | -11.3    |
|    exploration_rate | 0.1      |
| time/               |          |
|    episodes         | 15688    |
|    fps              | 199      |
|    time_elapsed     | 973      |
|    total_timesteps  | 1194252  |
| train/              |          |
|    learning_rate    | 0.0001   |
|    loss             | 0.00412  |
|    n_updates        | 296061   |
----------------------------------
----------------------------------
| rollout/            |          |
|    ep_len_mean      | 270      |
|    ep_rew_mean      | -11.6    |
|    exploration_rate | 0.1      |
| time/               |          |
|    episodes         | 15692    |
|    fps              | 200      |
|    time_elapsed     | 984      |
|    total_timesteps  | 1197086  |
| train/              |          |
|    learning_rate    | 0.0001   |
|    loss             | 0.053    |
|    n_updates        | 296770   |
----------------------------------
----------------------------------
| rollout/            |          |
|    ep_len_mean      | 269      |
|    ep_rew_mean      | -11.3    |
|    exploration_rate | 0.1      |
| time/               |          |
|    episodes         | 15696    |
|    fps              | 199      |
|    time_elapsed     | 986      |
|    total_timesteps  | 1197344  |
| train/              |          |
|    learning_rate    | 0.0001   |
|    loss             | 0.00442  |
|    n_updates        | 296834   |
----------------------------------
----------------------------------
| rollout/            |          |
|    ep_len_mean      | 269      |
|    ep_rew_mean      | -12      |
|    exploration_rate | 0.1      |
| time/               |          |
|    episodes         | 15700    |
|    fps              | 199      |
|    time_elapsed     | 991      |
|    total_timesteps  | 1198241  |
| train/              |          |
|    learning_rate    | 0.0001   |
|    loss             | 0.00419  |
|    n_updates        | 297059   |
----------------------------------
----------------------------------
| rollout/            |          |
|    ep_len_mean      | 271      |
|    ep_rew_mean      | -11.7    |
|    exploration_rate | 0.1      |
| time/               |          |
|    episodes         | 15704    |
|    fps              | 200      |
|    time_elapsed     | 998      |
|    total_timesteps  | 1199931  |
| train/              |          |
|    learning_rate    | 0.0001   |
|    loss             | 0.00512  |
|    n_updates        | 297481   |
----------------------------------
FruitCounts | {'Fruit': 0, 'DecayFruit': 0, 'EnemyFruit': 0} |
----------------------------------
| rollout/            |          |
|    ep_len_mean      | 259      |
|    ep_rew_mean      | -11.3    |
|    exploration_rate | 0.1      |
| time/               |          |
|    episodes         | 15708    |
|    fps              | 200      |
|    time_elapsed     | 1001     |
|    total_timesteps  | 1200247  |
| train/              |          |
|    learning_rate    | 0.0001   |
|    loss             | 0.00498  |
|    n_updates        | 297560   |
----------------------------------
----------------------------------
| rollout/            |          |
|    ep_len_mean      | 257      |
|    ep_rew_mean      | -10.7    |
|    exploration_rate | 0.1      |
| time/               |          |
|    episodes         | 15712    |
|    fps              | 199      |
|    time_elapsed     | 1004     |
|    total_timesteps  | 1200907  |
| train/              |          |
|    learning_rate    | 0.0001   |
|    loss             | 0.00392  |
|    n_updates        | 297725   |
----------------------------------
----------------------------------
| rollout/            |          |
|    ep_len_mean      | 248      |
|    ep_rew_mean      | -11      |
|    exploration_rate | 0.1      |
| time/               |          |
|    episodes         | 15716    |
|    fps              | 199      |
|    time_elapsed     | 1007     |
|    total_timesteps  | 1201343  |
| train/              |          |
|    learning_rate    | 0.0001   |
|    loss             | 0.156    |
|    n_updates        | 297834   |
----------------------------------
----------------------------------
| rollout/            |          |
|    ep_len_mean      | 244      |
|    ep_rew_mean      | -10.7    |
|    exploration_rate | 0.1      |
| time/               |          |
|    episodes         | 15720    |
|    fps              | 199      |
|    time_elapsed     | 1012     |
|    total_timesteps  | 1202233  |
| train/              |          |
|    learning_rate    | 0.0001   |
|    loss             | 0.00422  |
|    n_updates        | 298057   |
----------------------------------
----------------------------------
| rollout/            |          |
|    ep_len_mean      | 259      |
|    ep_rew_mean      | -10.3    |
|    exploration_rate | 0.1      |
| time/               |          |
|    episodes         | 15724    |
|    fps              | 200      |
|    time_elapsed     | 1019     |
|    total_timesteps  | 1203955  |
| train/              |          |
|    learning_rate    | 0.0001   |
|    loss             | 0.00435  |
|    n_updates        | 298487   |
----------------------------------
----------------------------------
| rollout/            |          |
|    ep_len_mean      | 256      |
|    ep_rew_mean      | -9.24    |
|    exploration_rate | 0.1      |
| time/               |          |
|    episodes         | 15728    |
|    fps              | 199      |
|    time_elapsed     | 1023     |
|    total_timesteps  | 1204644  |
| train/              |          |
|    learning_rate    | 0.0001   |
|    loss             | 0.466    |
|    n_updates        | 298659   |
----------------------------------
----------------------------------
| rollout/            |          |
|    ep_len_mean      | 245      |
|    ep_rew_mean      | -8.55    |
|    exploration_rate | 0.1      |
| time/               |          |
|    episodes         | 15732    |
|    fps              | 199      |
|    time_elapsed     | 1027     |
|    total_timesteps  | 1205547  |
| train/              |          |
|    learning_rate    | 0.0001   |
|    loss             | 0.00377  |
|    n_updates        | 298885   |
----------------------------------
----------------------------------
| rollout/            |          |
|    ep_len_mean      | 247      |
|    ep_rew_mean      | -8.85    |
|    exploration_rate | 0.1      |
| time/               |          |
|    episodes         | 15736    |
|    fps              | 200      |
|    time_elapsed     | 1034     |
|    total_timesteps  | 1207053  |
| train/              |          |
|    learning_rate    | 0.0001   |
|    loss             | 0.0245   |
|    n_updates        | 299262   |
----------------------------------
----------------------------------
| rollout/            |          |
|    ep_len_mean      | 245      |
|    ep_rew_mean      | -8.97    |
|    exploration_rate | 0.1      |
| time/               |          |
|    episodes         | 15740    |
|    fps              | 200      |
|    time_elapsed     | 1037     |
|    total_timesteps  | 1207533  |
| train/              |          |
|    learning_rate    | 0.0001   |
|    loss             | 0.00423  |
|    n_updates        | 299382   |
----------------------------------
----------------------------------
| rollout/            |          |
|    ep_len_mean      | 253      |
|    ep_rew_mean      | -9.16    |
|    exploration_rate | 0.1      |
| time/               |          |
|    episodes         | 15744    |
|    fps              | 200      |
|    time_elapsed     | 1042     |
|    total_timesteps  | 1208559  |
| train/              |          |
|    learning_rate    | 0.0001   |
|    loss             | 0.00313  |
|    n_updates        | 299638   |
----------------------------------
----------------------------------
| rollout/            |          |
|    ep_len_mean      | 241      |
|    ep_rew_mean      | -9.75    |
|    exploration_rate | 0.1      |
| time/               |          |
|    episodes         | 15748    |
|    fps              | 199      |
|    time_elapsed     | 1044     |
|    total_timesteps  | 1208882  |
| train/              |          |
|    learning_rate    | 0.0001   |
|    loss             | 0.00574  |
|    n_updates        | 299719   |
----------------------------------
----------------------------------
| rollout/            |          |
|    ep_len_mean      | 244      |
|    ep_rew_mean      | -9.6     |
|    exploration_rate | 0.1      |
| time/               |          |
|    episodes         | 15752    |
|    fps              | 199      |
|    time_elapsed     | 1047     |
|    total_timesteps  | 1209422  |
| train/              |          |
|    learning_rate    | 0.0001   |
|    loss             | 0.00394  |
|    n_updates        | 299854   |
----------------------------------
FruitCounts | {'Fruit': 1, 'DecayFruit': 1, 'EnemyFruit': 6} |
----------------------------------
| rollout/            |          |
|    ep_len_mean      | 254      |
|    ep_rew_mean      | -9.43    |
|    exploration_rate | 0.1      |
| time/               |          |
|    episodes         | 15756    |
|    fps              | 200      |
|    time_elapsed     | 1056     |
|    total_timesteps  | 1211446  |
| train/              |          |
|    learning_rate    | 0.0001   |
|    loss             | 0.00411  |
|    n_updates        | 300360   |
----------------------------------
----------------------------------
| rollout/            |          |
|    ep_len_mean      | 251      |
|    ep_rew_mean      | -9.47    |
|    exploration_rate | 0.1      |
| time/               |          |
|    episodes         | 15760    |
|    fps              | 200      |
|    time_elapsed     | 1059     |
|    total_timesteps  | 1212055  |
| train/              |          |
|    learning_rate    | 0.0001   |
|    loss             | 0.309    |
|    n_updates        | 300512   |
----------------------------------
----------------------------------
| rollout/            |          |
|    ep_len_mean      | 228      |
|    ep_rew_mean      | -9.36    |
|    exploration_rate | 0.1      |
| time/               |          |
|    episodes         | 15764    |
|    fps              | 200      |
|    time_elapsed     | 1062     |
|    total_timesteps  | 1212551  |
| train/              |          |
|    learning_rate    | 0.0001   |
|    loss             | 0.535    |
|    n_updates        | 300636   |
----------------------------------
----------------------------------
| rollout/            |          |
|    ep_len_mean      | 226      |
|    ep_rew_mean      | -9.31    |
|    exploration_rate | 0.1      |
| time/               |          |
|    episodes         | 15768    |
|    fps              | 199      |
|    time_elapsed     | 1065     |
|    total_timesteps  | 1213116  |
| train/              |          |
|    learning_rate    | 0.0001   |
|    loss             | 0.207    |
|    n_updates        | 300777   |
----------------------------------
----------------------------------
| rollout/            |          |
|    ep_len_mean      | 229      |
|    ep_rew_mean      | -9.86    |
|    exploration_rate | 0.1      |
| time/               |          |
|    episodes         | 15772    |
|    fps              | 199      |
|    time_elapsed     | 1069     |
|    total_timesteps  | 1213905  |
| train/              |          |
|    learning_rate    | 0.0001   |
|    loss             | 0.00522  |
|    n_updates        | 300975   |
----------------------------------
----------------------------------
| rollout/            |          |
|    ep_len_mean      | 228      |
|    ep_rew_mean      | -9.71    |
|    exploration_rate | 0.1      |
| time/               |          |
|    episodes         | 15776    |
|    fps              | 200      |
|    time_elapsed     | 1075     |
|    total_timesteps  | 1215105  |
| train/              |          |
|    learning_rate    | 0.0001   |
|    loss             | 0.00689  |
|    n_updates        | 301275   |
----------------------------------
----------------------------------
| rollout/            |          |
|    ep_len_mean      | 227      |
|    ep_rew_mean      | -9.06    |
|    exploration_rate | 0.1      |
| time/               |          |
|    episodes         | 15780    |
|    fps              | 200      |
|    time_elapsed     | 1078     |
|    total_timesteps  | 1215693  |
| train/              |          |
|    learning_rate    | 0.0001   |
|    loss             | 0.24     |
|    n_updates        | 301422   |
----------------------------------
----------------------------------
| rollout/            |          |
|    ep_len_mean      | 224      |
|    ep_rew_mean      | -9.38    |
|    exploration_rate | 0.1      |
| time/               |          |
|    episodes         | 15784    |
|    fps              | 199      |
|    time_elapsed     | 1081     |
|    total_timesteps  | 1216271  |
| train/              |          |
|    learning_rate    | 0.0001   |
|    loss             | 0.00364  |
|    n_updates        | 301566   |
----------------------------------
----------------------------------
| rollout/            |          |
|    ep_len_mean      | 224      |
|    ep_rew_mean      | -9.88    |
|    exploration_rate | 0.1      |
| time/               |          |
|    episodes         | 15788    |
|    fps              | 199      |
|    time_elapsed     | 1084     |
|    total_timesteps  | 1216639  |
| train/              |          |
|    learning_rate    | 0.0001   |
|    loss             | 0.265    |
|    n_updates        | 301658   |
----------------------------------
----------------------------------
| rollout/            |          |
|    ep_len_mean      | 204      |
|    ep_rew_mean      | -10.4    |
|    exploration_rate | 0.1      |
| time/               |          |
|    episodes         | 15792    |
|    fps              | 199      |
|    time_elapsed     | 1088     |
|    total_timesteps  | 1217509  |
| train/              |          |
|    learning_rate    | 0.0001   |
|    loss             | 0.537    |
|    n_updates        | 301876   |
----------------------------------
----------------------------------
| rollout/            |          |
|    ep_len_mean      | 206      |
|    ep_rew_mean      | -10.5    |
|    exploration_rate | 0.1      |
| time/               |          |
|    episodes         | 15796    |
|    fps              | 199      |
|    time_elapsed     | 1091     |
|    total_timesteps  | 1217907  |
| train/              |          |
|    learning_rate    | 0.0001   |
|    loss             | 0.205    |
|    n_updates        | 301975   |
----------------------------------
----------------------------------
| rollout/            |          |
|    ep_len_mean      | 208      |
|    ep_rew_mean      | -10.6    |
|    exploration_rate | 0.1      |
| time/               |          |
|    episodes         | 15800    |
|    fps              | 199      |
|    time_elapsed     | 1096     |
|    total_timesteps  | 1219002  |
| train/              |          |
|    learning_rate    | 0.0001   |
|    loss             | 0.0043   |
|    n_updates        | 302249   |
----------------------------------
----------------------------------
| rollout/            |          |
|    ep_len_mean      | 197      |
|    ep_rew_mean      | -9.03    |
|    exploration_rate | 0.1      |
| time/               |          |
|    episodes         | 15804    |
|    fps              | 199      |
|    time_elapsed     | 1099     |
|    total_timesteps  | 1219586  |
| train/              |          |
|    learning_rate    | 0.0001   |
|    loss             | 0.184    |
|    n_updates        | 302395   |
----------------------------------
FruitCounts | {'Fruit': 0, 'DecayFruit': 0, 'EnemyFruit': 0} |
----------------------------------
| rollout/            |          |
|    ep_len_mean      | 198      |
|    ep_rew_mean      | -8.42    |
|    exploration_rate | 0.1      |
| time/               |          |
|    episodes         | 15808    |
|    fps              | 199      |
|    time_elapsed     | 1102     |
|    total_timesteps  | 1220090  |
| train/              |          |
|    learning_rate    | 0.0001   |
|    loss             | 0.307    |
|    n_updates        | 302521   |
----------------------------------
----------------------------------
| rollout/            |          |
|    ep_len_mean      | 207      |
|    ep_rew_mean      | -8.78    |
|    exploration_rate | 0.1      |
| time/               |          |
|    episodes         | 15812    |
|    fps              | 199      |
|    time_elapsed     | 1109     |
|    total_timesteps  | 1221626  |
| train/              |          |
|    learning_rate    | 0.0001   |
|    loss             | 0.231    |
|    n_updates        | 302905   |
----------------------------------
----------------------------------
| rollout/            |          |
|    ep_len_mean      | 212      |
|    ep_rew_mean      | -9.09    |
|    exploration_rate | 0.1      |
| time/               |          |
|    episodes         | 15816    |
|    fps              | 199      |
|    time_elapsed     | 1114     |
|    total_timesteps  | 1222520  |
| train/              |          |
|    learning_rate    | 0.0001   |
|    loss             | 0.661    |
|    n_updates        | 303128   |
----------------------------------
----------------------------------
| rollout/            |          |
|    ep_len_mean      | 205      |
|    ep_rew_mean      | -9.54    |
|    exploration_rate | 0.1      |
| time/               |          |
|    episodes         | 15820    |
|    fps              | 199      |
|    time_elapsed     | 1115     |
|    total_timesteps  | 1222720  |
| train/              |          |
|    learning_rate    | 0.0001   |
|    loss             | 0.00571  |
|    n_updates        | 303178   |
----------------------------------
----------------------------------
| rollout/            |          |
|    ep_len_mean      | 194      |
|    ep_rew_mean      | -9.66    |
|    exploration_rate | 0.1      |
| time/               |          |
|    episodes         | 15824    |
|    fps              | 199      |
|    time_elapsed     | 1119     |
|    total_timesteps  | 1223375  |
| train/              |          |
|    learning_rate    | 0.0001   |
|    loss             | 0.00346  |
|    n_updates        | 303342   |
----------------------------------
----------------------------------
| rollout/            |          |
|    ep_len_mean      | 198      |
|    ep_rew_mean      | -10.4    |
|    exploration_rate | 0.1      |
| time/               |          |
|    episodes         | 15828    |
|    fps              | 199      |
|    time_elapsed     | 1124     |
|    total_timesteps  | 1224435  |
| train/              |          |
|    learning_rate    | 0.0001   |
|    loss             | 0.733    |
|    n_updates        | 303607   |
----------------------------------
----------------------------------
| rollout/            |          |
|    ep_len_mean      | 201      |
|    ep_rew_mean      | -10.6    |
|    exploration_rate | 0.1      |
| time/               |          |
|    episodes         | 15832    |
|    fps              | 199      |
|    time_elapsed     | 1130     |
|    total_timesteps  | 1225621  |
| train/              |          |
|    learning_rate    | 0.0001   |
|    loss             | 0.00483  |
|    n_updates        | 303904   |
----------------------------------
----------------------------------
| rollout/            |          |
|    ep_len_mean      | 195      |
|    ep_rew_mean      | -11.3    |
|    exploration_rate | 0.1      |
| time/               |          |
|    episodes         | 15836    |
|    fps              | 199      |
|    time_elapsed     | 1134     |
|    total_timesteps  | 1226542  |
| train/              |          |
|    learning_rate    | 0.0001   |
|    loss             | 0.205    |
|    n_updates        | 304134   |
----------------------------------
----------------------------------
| rollout/            |          |
|    ep_len_mean      | 203      |
|    ep_rew_mean      | -12.3    |
|    exploration_rate | 0.1      |
| time/               |          |
|    episodes         | 15840    |
|    fps              | 199      |
|    time_elapsed     | 1140     |
|    total_timesteps  | 1227794  |
| train/              |          |
|    learning_rate    | 0.0001   |
|    loss             | 0.0107   |
|    n_updates        | 304447   |
----------------------------------
----------------------------------
| rollout/            |          |
|    ep_len_mean      | 208      |
|    ep_rew_mean      | -12.3    |
|    exploration_rate | 0.1      |
| time/               |          |
|    episodes         | 15844    |
|    fps              | 199      |
|    time_elapsed     | 1147     |
|    total_timesteps  | 1229365  |
| train/              |          |
|    learning_rate    | 0.0001   |
|    loss             | 0.235    |
|    n_updates        | 304840   |
----------------------------------
FruitCounts | {'Fruit': 1, 'DecayFruit': 0, 'EnemyFruit': 4} |
----------------------------------
| rollout/            |          |
|    ep_len_mean      | 217      |
|    ep_rew_mean      | -12.5    |
|    exploration_rate | 0.1      |
| time/               |          |
|    episodes         | 15848    |
|    fps              | 199      |
|    time_elapsed     | 1153     |
|    total_timesteps  | 1230625  |
| train/              |          |
|    learning_rate    | 0.0001   |
|    loss             | 0.438    |
|    n_updates        | 305155   |
----------------------------------
----------------------------------
| rollout/            |          |
|    ep_len_mean      | 215      |
|    ep_rew_mean      | -12.6    |
|    exploration_rate | 0.1      |
| time/               |          |
|    episodes         | 15852    |
|    fps              | 199      |
|    time_elapsed     | 1155     |
|    total_timesteps  | 1230897  |
| train/              |          |
|    learning_rate    | 0.0001   |
|    loss             | 0.382    |
|    n_updates        | 305223   |
----------------------------------
----------------------------------
| rollout/            |          |
|    ep_len_mean      | 205      |
|    ep_rew_mean      | -11.7    |
|    exploration_rate | 0.1      |
| time/               |          |
|    episodes         | 15856    |
|    fps              | 199      |
|    time_elapsed     | 1160     |
|    total_timesteps  | 1231929  |
| train/              |          |
|    learning_rate    | 0.0001   |
|    loss             | 0.00418  |
|    n_updates        | 305481   |
----------------------------------
----------------------------------
| rollout/            |          |
|    ep_len_mean      | 206      |
|    ep_rew_mean      | -10.9    |
|    exploration_rate | 0.1      |
| time/               |          |
|    episodes         | 15860    |
|    fps              | 199      |
|    time_elapsed     | 1164     |
|    total_timesteps  | 1232617  |
| train/              |          |
|    learning_rate    | 0.0001   |
|    loss             | 0.0124   |
|    n_updates        | 305653   |
----------------------------------
----------------------------------
| rollout/            |          |
|    ep_len_mean      | 211      |
|    ep_rew_mean      | -10.8    |
|    exploration_rate | 0.1      |
| time/               |          |
|    episodes         | 15864    |
|    fps              | 199      |
|    time_elapsed     | 1168     |
|    total_timesteps  | 1233606  |
| train/              |          |
|    learning_rate    | 0.0001   |
|    loss             | 0.00413  |
|    n_updates        | 305900   |
----------------------------------
----------------------------------
| rollout/            |          |
|    ep_len_mean      | 216      |
|    ep_rew_mean      | -11      |
|    exploration_rate | 0.1      |
| time/               |          |
|    episodes         | 15868    |
|    fps              | 199      |
|    time_elapsed     | 1173     |
|    total_timesteps  | 1234713  |
| train/              |          |
|    learning_rate    | 0.0001   |
|    loss             | 0.23     |
|    n_updates        | 306177   |
----------------------------------
----------------------------------
| rollout/            |          |
|    ep_len_mean      | 215      |
|    ep_rew_mean      | -10.2    |
|    exploration_rate | 0.1      |
| time/               |          |
|    episodes         | 15872    |
|    fps              | 199      |
|    time_elapsed     | 1177     |
|    total_timesteps  | 1235453  |
| train/              |          |
|    learning_rate    | 0.0001   |
|    loss             | 0.476    |
|    n_updates        | 306362   |
----------------------------------
----------------------------------
| rollout/            |          |
|    ep_len_mean      | 213      |
|    ep_rew_mean      | -10.2    |
|    exploration_rate | 0.1      |
| time/               |          |
|    episodes         | 15876    |
|    fps              | 199      |
|    time_elapsed     | 1182     |
|    total_timesteps  | 1236441  |
| train/              |          |
|    learning_rate    | 0.0001   |
|    loss             | 1.15     |
|    n_updates        | 306609   |
----------------------------------
----------------------------------
| rollout/            |          |
|    ep_len_mean      | 213      |
|    ep_rew_mean      | -10.1    |
|    exploration_rate | 0.1      |
| time/               |          |
|    episodes         | 15880    |
|    fps              | 199      |
|    time_elapsed     | 1185     |
|    total_timesteps  | 1236956  |
| train/              |          |
|    learning_rate    | 0.0001   |
|    loss             | 0.205    |
|    n_updates        | 306737   |
----------------------------------
----------------------------------
| rollout/            |          |
|    ep_len_mean      | 210      |
|    ep_rew_mean      | -9.6     |
|    exploration_rate | 0.1      |
| time/               |          |
|    episodes         | 15884    |
|    fps              | 199      |
|    time_elapsed     | 1187     |
|    total_timesteps  | 1237275  |
| train/              |          |
|    learning_rate    | 0.0001   |
|    loss             | 0.004    |
|    n_updates        | 306817   |
----------------------------------
----------------------------------
| rollout/            |          |
|    ep_len_mean      | 214      |
|    ep_rew_mean      | -8.99    |
|    exploration_rate | 0.1      |
| time/               |          |
|    episodes         | 15888    |
|    fps              | 199      |
|    time_elapsed     | 1191     |
|    total_timesteps  | 1238050  |
| train/              |          |
|    learning_rate    | 0.0001   |
|    loss             | 0.537    |
|    n_updates        | 307011   |
----------------------------------
----------------------------------
| rollout/            |          |
|    ep_len_mean      | 218      |
|    ep_rew_mean      | -8.53    |
|    exploration_rate | 0.1      |
| time/               |          |
|    episodes         | 15892    |
|    fps              | 199      |
|    time_elapsed     | 1197     |
|    total_timesteps  | 1239310  |
| train/              |          |
|    learning_rate    | 0.0001   |
|    loss             | 0.231    |
|    n_updates        | 307326   |
----------------------------------
FruitCounts | {'Fruit': 1, 'DecayFruit': 1, 'EnemyFruit': 3} |
----------------------------------
| rollout/            |          |
|    ep_len_mean      | 228      |
|    ep_rew_mean      | -7.84    |
|    exploration_rate | 0.1      |
| time/               |          |
|    episodes         | 15896    |
|    fps              | 199      |
|    time_elapsed     | 1203     |
|    total_timesteps  | 1240686  |
| train/              |          |
|    learning_rate    | 0.0001   |
|    loss             | 0.312    |
|    n_updates        | 307670   |
----------------------------------
----------------------------------
| rollout/            |          |
|    ep_len_mean      | 222      |
|    ep_rew_mean      | -8.05    |
|    exploration_rate | 0.1      |
| time/               |          |
|    episodes         | 15900    |
|    fps              | 199      |
|    time_elapsed     | 1206     |
|    total_timesteps  | 1241158  |
| train/              |          |
|    learning_rate    | 0.0001   |
|    loss             | 0.841    |
|    n_updates        | 307788   |
----------------------------------
----------------------------------
| rollout/            |          |
|    ep_len_mean      | 225      |
|    ep_rew_mean      | -8.77    |
|    exploration_rate | 0.1      |
| time/               |          |
|    episodes         | 15904    |
|    fps              | 199      |
|    time_elapsed     | 1211     |
|    total_timesteps  | 1242084  |
| train/              |          |
|    learning_rate    | 0.0001   |
|    loss             | 0.436    |
|    n_updates        | 308019   |
----------------------------------
----------------------------------
| rollout/            |          |
|    ep_len_mean      | 226      |
|    ep_rew_mean      | -8.5     |
|    exploration_rate | 0.1      |
| time/               |          |
|    episodes         | 15908    |
|    fps              | 199      |
|    time_elapsed     | 1215     |
|    total_timesteps  | 1242732  |
| train/              |          |
|    learning_rate    | 0.0001   |
|    loss             | 0.487    |
|    n_updates        | 308181   |
----------------------------------
----------------------------------
| rollout/            |          |
|    ep_len_mean      | 215      |
|    ep_rew_mean      | -7.54    |
|    exploration_rate | 0.1      |
| time/               |          |
|    episodes         | 15912    |
|    fps              | 199      |
|    time_elapsed     | 1217     |
|    total_timesteps  | 1243150  |
| train/              |          |
|    learning_rate    | 0.0001   |
|    loss             | 0.00393  |
|    n_updates        | 308286   |
----------------------------------
----------------------------------
| rollout/            |          |
|    ep_len_mean      | 218      |
|    ep_rew_mean      | -6.32    |
|    exploration_rate | 0.1      |
| time/               |          |
|    episodes         | 15916    |
|    fps              | 199      |
|    time_elapsed     | 1223     |
|    total_timesteps  | 1244283  |
| train/              |          |
|    learning_rate    | 0.0001   |
|    loss             | 0.661    |
|    n_updates        | 308569   |
----------------------------------
----------------------------------
| rollout/            |          |
|    ep_len_mean      | 229      |
|    ep_rew_mean      | -6.86    |
|    exploration_rate | 0.1      |
| time/               |          |
|    episodes         | 15920    |
|    fps              | 199      |
|    time_elapsed     | 1229     |
|    total_timesteps  | 1245664  |
| train/              |          |
|    learning_rate    | 0.0001   |
|    loss             | 0.313    |
|    n_updates        | 308914   |
----------------------------------
----------------------------------
| rollout/            |          |
|    ep_len_mean      | 235      |
|    ep_rew_mean      | -7.02    |
|    exploration_rate | 0.1      |
| time/               |          |
|    episodes         | 15924    |
|    fps              | 199      |
|    time_elapsed     | 1235     |
|    total_timesteps  | 1246922  |
| train/              |          |
|    learning_rate    | 0.0001   |
|    loss             | 0.539    |
|    n_updates        | 309229   |
----------------------------------
----------------------------------
| rollout/            |          |
|    ep_len_mean      | 229      |
|    ep_rew_mean      | -6.83    |
|    exploration_rate | 0.1      |
| time/               |          |
|    episodes         | 15928    |
|    fps              | 199      |
|    time_elapsed     | 1237     |
|    total_timesteps  | 1247298  |
| train/              |          |
|    learning_rate    | 0.0001   |
|    loss             | 0.0112   |
|    n_updates        | 309323   |
----------------------------------
----------------------------------
| rollout/            |          |
|    ep_len_mean      | 232      |
|    ep_rew_mean      | -6.49    |
|    exploration_rate | 0.1      |
| time/               |          |
|    episodes         | 15932    |
|    fps              | 199      |
|    time_elapsed     | 1244     |
|    total_timesteps  | 1248790  |
| train/              |          |
|    learning_rate    | 0.0001   |
|    loss             | 0.208    |
|    n_updates        | 309696   |
----------------------------------
FruitCounts | {'Fruit': 0, 'DecayFruit': 1, 'EnemyFruit': 1} |
----------------------------------
| rollout/            |          |
|    ep_len_mean      | 235      |
|    ep_rew_mean      | -6       |
|    exploration_rate | 0.1      |
| time/               |          |
|    episodes         | 15936    |
|    fps              | 200      |
|    time_elapsed     | 1249     |
|    total_timesteps  | 1250006  |
| train/              |          |
|    learning_rate    | 0.0001   |
|    loss             | 0.762    |
|    n_updates        | 310000   |
----------------------------------
----------------------------------
| rollout/            |          |
|    ep_len_mean      | 227      |
|    ep_rew_mean      | -5.38    |
|    exploration_rate | 0.1      |
| time/               |          |
|    episodes         | 15940    |
|    fps              | 199      |
|    time_elapsed     | 1252     |
|    total_timesteps  | 1250504  |
| train/              |          |
|    learning_rate    | 0.0001   |
|    loss             | 0.533    |
|    n_updates        | 310124   |
----------------------------------
----------------------------------
| rollout/            |          |
|    ep_len_mean      | 221      |
|    ep_rew_mean      | -5.65    |
|    exploration_rate | 0.1      |
| time/               |          |
|    episodes         | 15944    |
|    fps              | 200      |
|    time_elapsed     | 1257     |
|    total_timesteps  | 1251478  |
| train/              |          |
|    learning_rate    | 0.0001   |
|    loss             | 0.00801  |
|    n_updates        | 310368   |
----------------------------------
----------------------------------
| rollout/            |          |
|    ep_len_mean      | 214      |
|    ep_rew_mean      | -4.91    |
|    exploration_rate | 0.1      |
| time/               |          |
|    episodes         | 15948    |
|    fps              | 199      |
|    time_elapsed     | 1260     |
|    total_timesteps  | 1251981  |
| train/              |          |
|    learning_rate    | 0.0001   |
|    loss             | 0.246    |
|    n_updates        | 310494   |
----------------------------------
----------------------------------
| rollout/            |          |
|    ep_len_mean      | 215      |
|    ep_rew_mean      | -4.97    |
|    exploration_rate | 0.1      |
| time/               |          |
|    episodes         | 15952    |
|    fps              | 199      |
|    time_elapsed     | 1263     |
|    total_timesteps  | 1252373  |
| train/              |          |
|    learning_rate    | 0.0001   |
|    loss             | 0.193    |
|    n_updates        | 310592   |
----------------------------------
----------------------------------
| rollout/            |          |
|    ep_len_mean      | 214      |
|    ep_rew_mean      | -5.31    |
|    exploration_rate | 0.1      |
| time/               |          |
|    episodes         | 15956    |
|    fps              | 199      |
|    time_elapsed     | 1267     |
|    total_timesteps  | 1253349  |
| train/              |          |
|    learning_rate    | 0.0001   |
|    loss             | 0.507    |
|    n_updates        | 310836   |
----------------------------------
----------------------------------
| rollout/            |          |
|    ep_len_mean      | 214      |
|    ep_rew_mean      | -5.3     |
|    exploration_rate | 0.1      |
| time/               |          |
|    episodes         | 15960    |
|    fps              | 199      |
|    time_elapsed     | 1271     |
|    total_timesteps  | 1254015  |
| train/              |          |
|    learning_rate    | 0.0001   |
|    loss             | 0.00535  |
|    n_updates        | 311002   |
----------------------------------
----------------------------------
| rollout/            |          |
|    ep_len_mean      | 216      |
|    ep_rew_mean      | -5.04    |
|    exploration_rate | 0.1      |
| time/               |          |
|    episodes         | 15964    |
|    fps              | 199      |
|    time_elapsed     | 1277     |
|    total_timesteps  | 1255167  |
| train/              |          |
|    learning_rate    | 0.0001   |
|    loss             | 0.034    |
|    n_updates        | 311290   |
----------------------------------
----------------------------------
| rollout/            |          |
|    ep_len_mean      | 224      |
|    ep_rew_mean      | -6.08    |
|    exploration_rate | 0.1      |
| time/               |          |
|    episodes         | 15968    |
|    fps              | 200      |
|    time_elapsed     | 1285     |
|    total_timesteps  | 1257137  |
| train/              |          |
|    learning_rate    | 0.0001   |
|    loss             | 0.232    |
|    n_updates        | 311783   |
----------------------------------
----------------------------------
| rollout/            |          |
|    ep_len_mean      | 227      |
|    ep_rew_mean      | -5.98    |
|    exploration_rate | 0.1      |
| time/               |          |
|    episodes         | 15972    |
|    fps              | 200      |
|    time_elapsed     | 1290     |
|    total_timesteps  | 1258149  |
| train/              |          |
|    learning_rate    | 0.0001   |
|    loss             | 0.234    |
|    n_updates        | 312036   |
----------------------------------
FruitCounts | {'Fruit': 0, 'DecayFruit': 1, 'EnemyFruit': 4} |
----------------------------------
| rollout/            |          |
|    ep_len_mean      | 236      |
|    ep_rew_mean      | -6.42    |
|    exploration_rate | 0.1      |
| time/               |          |
|    episodes         | 15976    |
|    fps              | 200      |
|    time_elapsed     | 1298     |
|    total_timesteps  | 1260065  |
| train/              |          |
|    learning_rate    | 0.0001   |
|    loss             | 0.23     |
|    n_updates        | 312515   |
----------------------------------
----------------------------------
| rollout/            |          |
|    ep_len_mean      | 238      |
|    ep_rew_mean      | -7.13    |
|    exploration_rate | 0.1      |
| time/               |          |
|    episodes         | 15980    |
|    fps              | 200      |
|    time_elapsed     | 1302     |
|    total_timesteps  | 1260767  |
| train/              |          |
|    learning_rate    | 0.0001   |
|    loss             | 0.00422  |
|    n_updates        | 312690   |
----------------------------------
----------------------------------
| rollout/            |          |
|    ep_len_mean      | 238      |
|    ep_rew_mean      | -7.33    |
|    exploration_rate | 0.1      |
| time/               |          |
|    episodes         | 15984    |
|    fps              | 200      |
|    time_elapsed     | 1304     |
|    total_timesteps  | 1261066  |
| train/              |          |
|    learning_rate    | 0.0001   |
|    loss             | 0.306    |
|    n_updates        | 312765   |
----------------------------------
----------------------------------
| rollout/            |          |
|    ep_len_mean      | 238      |
|    ep_rew_mean      | -7.28    |
|    exploration_rate | 0.1      |
| time/               |          |
|    episodes         | 15988    |
|    fps              | 200      |
|    time_elapsed     | 1308     |
|    total_timesteps  | 1261826  |
| train/              |          |
|    learning_rate    | 0.0001   |
|    loss             | 0.00335  |
|    n_updates        | 312955   |
----------------------------------
----------------------------------
| rollout/            |          |
|    ep_len_mean      | 243      |
|    ep_rew_mean      | -7.27    |
|    exploration_rate | 0.1      |
| time/               |          |
|    episodes         | 15992    |
|    fps              | 200      |
|    time_elapsed     | 1316     |
|    total_timesteps  | 1263648  |
| train/              |          |
|    learning_rate    | 0.0001   |
|    loss             | 0.309    |
|    n_updates        | 313410   |
----------------------------------
----------------------------------
| rollout/            |          |
|    ep_len_mean      | 238      |
|    ep_rew_mean      | -7.98    |
|    exploration_rate | 0.1      |
| time/               |          |
|    episodes         | 15996    |
|    fps              | 200      |
|    time_elapsed     | 1320     |
|    total_timesteps  | 1264534  |
| train/              |          |
|    learning_rate    | 0.0001   |
|    loss             | 0.424    |
|    n_updates        | 313632   |
----------------------------------
----------------------------------
| rollout/            |          |
|    ep_len_mean      | 237      |
|    ep_rew_mean      | -7.41    |
|    exploration_rate | 0.1      |
| time/               |          |
|    episodes         | 16000    |
|    fps              | 200      |
|    time_elapsed     | 1323     |
|    total_timesteps  | 1264890  |
| train/              |          |
|    learning_rate    | 0.0001   |
|    loss             | 0.0188   |
|    n_updates        | 313721   |
----------------------------------
----------------------------------
| rollout/            |          |
|    ep_len_mean      | 234      |
|    ep_rew_mean      | -8.16    |
|    exploration_rate | 0.1      |
| time/               |          |
|    episodes         | 16004    |
|    fps              | 200      |
|    time_elapsed     | 1326     |
|    total_timesteps  | 1265469  |
| train/              |          |
|    learning_rate    | 0.0001   |
|    loss             | 0.00336  |
|    n_updates        | 313866   |
----------------------------------
----------------------------------
| rollout/            |          |
|    ep_len_mean      | 237      |
|    ep_rew_mean      | -8.64    |
|    exploration_rate | 0.1      |
| time/               |          |
|    episodes         | 16008    |
|    fps              | 200      |
|    time_elapsed     | 1331     |
|    total_timesteps  | 1266396  |
| train/              |          |
|    learning_rate    | 0.0001   |
|    loss             | 0.455    |
|    n_updates        | 314097   |
----------------------------------
----------------------------------
| rollout/            |          |
|    ep_len_mean      | 239      |
|    ep_rew_mean      | -9.25    |
|    exploration_rate | 0.1      |
| time/               |          |
|    episodes         | 16012    |
|    fps              | 200      |
|    time_elapsed     | 1334     |
|    total_timesteps  | 1267059  |
| train/              |          |
|    learning_rate    | 0.0001   |
|    loss             | 0.231    |
|    n_updates        | 314263   |
----------------------------------
----------------------------------
| rollout/            |          |
|    ep_len_mean      | 236      |
|    ep_rew_mean      | -9.06    |
|    exploration_rate | 0.1      |
| time/               |          |
|    episodes         | 16016    |
|    fps              | 200      |
|    time_elapsed     | 1339     |
|    total_timesteps  | 1267841  |
| train/              |          |
|    learning_rate    | 0.0001   |
|    loss             | 0.651    |
|    n_updates        | 314459   |
----------------------------------
----------------------------------
| rollout/            |          |
|    ep_len_mean      | 229      |
|    ep_rew_mean      | -8.62    |
|    exploration_rate | 0.1      |
| time/               |          |
|    episodes         | 16020    |
|    fps              | 199      |
|    time_elapsed     | 1343     |
|    total_timesteps  | 1268596  |
| train/              |          |
|    learning_rate    | 0.0001   |
|    loss             | 0.00601  |
|    n_updates        | 314647   |
----------------------------------
----------------------------------
| rollout/            |          |
|    ep_len_mean      | 223      |
|    ep_rew_mean      | -8.37    |
|    exploration_rate | 0.1      |
| time/               |          |
|    episodes         | 16024    |
|    fps              | 199      |
|    time_elapsed     | 1346     |
|    total_timesteps  | 1269220  |
| train/              |          |
|    learning_rate    | 0.0001   |
|    loss             | 0.31     |
|    n_updates        | 314803   |
----------------------------------
----------------------------------
| rollout/            |          |
|    ep_len_mean      | 224      |
|    ep_rew_mean      | -8.37    |
|    exploration_rate | 0.1      |
| time/               |          |
|    episodes         | 16028    |
|    fps              | 199      |
|    time_elapsed     | 1349     |
|    total_timesteps  | 1269704  |
| train/              |          |
|    learning_rate    | 0.0001   |
|    loss             | 0.00503  |
|    n_updates        | 314924   |
----------------------------------
FruitCounts | {'Fruit': 0, 'DecayFruit': 0, 'EnemyFruit': 1} |
----------------------------------
| rollout/            |          |
|    ep_len_mean      | 214      |
|    ep_rew_mean      | -8.12    |
|    exploration_rate | 0.1      |
| time/               |          |
|    episodes         | 16032    |
|    fps              | 199      |
|    time_elapsed     | 1352     |
|    total_timesteps  | 1270196  |
| train/              |          |
|    learning_rate    | 0.0001   |
|    loss             | 0.206    |
|    n_updates        | 315047   |
----------------------------------
----------------------------------
| rollout/            |          |
|    ep_len_mean      | 208      |
|    ep_rew_mean      | -7.03    |
|    exploration_rate | 0.1      |
| time/               |          |
|    episodes         | 16036    |
|    fps              | 199      |
|    time_elapsed     | 1356     |
|    total_timesteps  | 1270829  |
| train/              |          |
|    learning_rate    | 0.0001   |
|    loss             | 0.459    |
|    n_updates        | 315206   |
----------------------------------
----------------------------------
| rollout/            |          |
|    ep_len_mean      | 215      |
|    ep_rew_mean      | -7.31    |
|    exploration_rate | 0.1      |
| time/               |          |
|    episodes         | 16040    |
|    fps              | 199      |
|    time_elapsed     | 1361     |
|    total_timesteps  | 1271959  |
| train/              |          |
|    learning_rate    | 0.0001   |
|    loss             | 0.00651  |
|    n_updates        | 315488   |
----------------------------------
----------------------------------
| rollout/            |          |
|    ep_len_mean      | 211      |
|    ep_rew_mean      | -7.07    |
|    exploration_rate | 0.1      |
| time/               |          |
|    episodes         | 16044    |
|    fps              | 199      |
|    time_elapsed     | 1364     |
|    total_timesteps  | 1272562  |
| train/              |          |
|    learning_rate    | 0.0001   |
|    loss             | 0.622    |
|    n_updates        | 315639   |
----------------------------------
----------------------------------
| rollout/            |          |
|    ep_len_mean      | 209      |
|    ep_rew_mean      | -7.39    |
|    exploration_rate | 0.1      |
| time/               |          |
|    episodes         | 16048    |
|    fps              | 199      |
|    time_elapsed     | 1367     |
|    total_timesteps  | 1272925  |
| train/              |          |
|    learning_rate    | 0.0001   |
|    loss             | 0.188    |
|    n_updates        | 315730   |
----------------------------------
----------------------------------
| rollout/            |          |
|    ep_len_mean      | 214      |
|    ep_rew_mean      | -6.89    |
|    exploration_rate | 0.1      |
| time/               |          |
|    episodes         | 16052    |
|    fps              | 199      |
|    time_elapsed     | 1371     |
|    total_timesteps  | 1273749  |
| train/              |          |
|    learning_rate    | 0.0001   |
|    loss             | 0.307    |
|    n_updates        | 315936   |
----------------------------------
----------------------------------
| rollout/            |          |
|    ep_len_mean      | 218      |
|    ep_rew_mean      | -6.96    |
|    exploration_rate | 0.1      |
| time/               |          |
|    episodes         | 16056    |
|    fps              | 199      |
|    time_elapsed     | 1377     |
|    total_timesteps  | 1275156  |
| train/              |          |
|    learning_rate    | 0.0001   |
|    loss             | 0.00374  |
|    n_updates        | 316287   |
----------------------------------
----------------------------------
| rollout/            |          |
|    ep_len_mean      | 214      |
|    ep_rew_mean      | -7.87    |
|    exploration_rate | 0.1      |
| time/               |          |
|    episodes         | 16060    |
|    fps              | 199      |
|    time_elapsed     | 1379     |
|    total_timesteps  | 1275389  |
| train/              |          |
|    learning_rate    | 0.0001   |
|    loss             | 0.238    |
|    n_updates        | 316346   |
----------------------------------
----------------------------------
| rollout/            |          |
|    ep_len_mean      | 207      |
|    ep_rew_mean      | -8.46    |
|    exploration_rate | 0.1      |
| time/               |          |
|    episodes         | 16064    |
|    fps              | 199      |
|    time_elapsed     | 1382     |
|    total_timesteps  | 1275858  |
| train/              |          |
|    learning_rate    | 0.0001   |
|    loss             | 0.0168   |
|    n_updates        | 316463   |
----------------------------------
----------------------------------
| rollout/            |          |
|    ep_len_mean      | 196      |
|    ep_rew_mean      | -7.74    |
|    exploration_rate | 0.1      |
| time/               |          |
|    episodes         | 16068    |
|    fps              | 199      |
|    time_elapsed     | 1386     |
|    total_timesteps  | 1276742  |
| train/              |          |
|    learning_rate    | 0.0001   |
|    loss             | 0.00419  |
|    n_updates        | 316684   |
----------------------------------
----------------------------------
| rollout/            |          |
|    ep_len_mean      | 201      |
|    ep_rew_mean      | -8.1     |
|    exploration_rate | 0.1      |
| time/               |          |
|    episodes         | 16072    |
|    fps              | 199      |
|    time_elapsed     | 1393     |
|    total_timesteps  | 1278216  |
| train/              |          |
|    learning_rate    | 0.0001   |
|    loss             | 0.229    |
|    n_updates        | 317052   |
----------------------------------
----------------------------------
| rollout/            |          |
|    ep_len_mean      | 190      |
|    ep_rew_mean      | -7.48    |
|    exploration_rate | 0.1      |
| time/               |          |
|    episodes         | 16076    |
|    fps              | 199      |
|    time_elapsed     | 1397     |
|    total_timesteps  | 1279072  |
| train/              |          |
|    learning_rate    | 0.0001   |
|    loss             | 0.307    |
|    n_updates        | 317266   |
----------------------------------
FruitCounts | {'Fruit': 0, 'DecayFruit': 1, 'EnemyFruit': 5} |
----------------------------------
| rollout/            |          |
|    ep_len_mean      | 203      |
|    ep_rew_mean      | -6.5     |
|    exploration_rate | 0.1      |
| time/               |          |
|    episodes         | 16080    |
|    fps              | 199      |
|    time_elapsed     | 1406     |
|    total_timesteps  | 1281060  |
| train/              |          |
|    learning_rate    | 0.0001   |
|    loss             | 0.459    |
|    n_updates        | 317763   |
----------------------------------
----------------------------------
| rollout/            |          |
|    ep_len_mean      | 205      |
|    ep_rew_mean      | -6.7     |
|    exploration_rate | 0.1      |
| time/               |          |
|    episodes         | 16084    |
|    fps              | 199      |
|    time_elapsed     | 1409     |
|    total_timesteps  | 1281588  |
| train/              |          |
|    learning_rate    | 0.0001   |
|    loss             | 0.00496  |
|    n_updates        | 317895   |
----------------------------------
----------------------------------
| rollout/            |          |
|    ep_len_mean      | 206      |
|    ep_rew_mean      | -7.28    |
|    exploration_rate | 0.1      |
| time/               |          |
|    episodes         | 16088    |
|    fps              | 199      |
|    time_elapsed     | 1413     |
|    total_timesteps  | 1282476  |
| train/              |          |
|    learning_rate    | 0.0001   |
|    loss             | 0.325    |
|    n_updates        | 318117   |
----------------------------------
----------------------------------
| rollout/            |          |
|    ep_len_mean      | 202      |
|    ep_rew_mean      | -6.68    |
|    exploration_rate | 0.1      |
| time/               |          |
|    episodes         | 16092    |
|    fps              | 199      |
|    time_elapsed     | 1420     |
|    total_timesteps  | 1283838  |
| train/              |          |
|    learning_rate    | 0.0001   |
|    loss             | 0.316    |
|    n_updates        | 318458   |
----------------------------------
----------------------------------
| rollout/            |          |
|    ep_len_mean      | 198      |
|    ep_rew_mean      | -6.61    |
|    exploration_rate | 0.1      |
| time/               |          |
|    episodes         | 16096    |
|    fps              | 199      |
|    time_elapsed     | 1423     |
|    total_timesteps  | 1284355  |
| train/              |          |
|    learning_rate    | 0.0001   |
|    loss             | 0.0831   |
|    n_updates        | 318587   |
----------------------------------
----------------------------------
| rollout/            |          |
|    ep_len_mean      | 216      |
|    ep_rew_mean      | -6.31    |
|    exploration_rate | 0.1      |
| time/               |          |
|    episodes         | 16100    |
|    fps              | 200      |
|    time_elapsed     | 1432     |
|    total_timesteps  | 1286517  |
| train/              |          |
|    learning_rate    | 0.0001   |
|    loss             | 0.764    |
|    n_updates        | 319128   |
----------------------------------
----------------------------------
| rollout/            |          |
|    ep_len_mean      | 221      |
|    ep_rew_mean      | -5.96    |
|    exploration_rate | 0.1      |
| time/               |          |
|    episodes         | 16104    |
|    fps              | 200      |
|    time_elapsed     | 1437     |
|    total_timesteps  | 1287552  |
| train/              |          |
|    learning_rate    | 0.0001   |
|    loss             | 0.00421  |
|    n_updates        | 319386   |
----------------------------------
----------------------------------
| rollout/            |          |
|    ep_len_mean      | 225      |
|    ep_rew_mean      | -7.2     |
|    exploration_rate | 0.1      |
| time/               |          |
|    episodes         | 16108    |
|    fps              | 200      |
|    time_elapsed     | 1443     |
|    total_timesteps  | 1288894  |
| train/              |          |
|    learning_rate    | 0.0001   |
|    loss             | 0.232    |
|    n_updates        | 319722   |
----------------------------------
FruitCounts | {'Fruit': 0, 'DecayFruit': 0, 'EnemyFruit': 3} |
----------------------------------
| rollout/            |          |
|    ep_len_mean      | 231      |
|    ep_rew_mean      | -7.69    |
|    exploration_rate | 0.1      |
| time/               |          |
|    episodes         | 16112    |
|    fps              | 200      |
|    time_elapsed     | 1449     |
|    total_timesteps  | 1290164  |
| train/              |          |
|    learning_rate    | 0.0001   |
|    loss             | 0.00435  |
|    n_updates        | 320039   |
----------------------------------
----------------------------------
| rollout/            |          |
|    ep_len_mean      | 230      |
|    ep_rew_mean      | -8.74    |
|    exploration_rate | 0.1      |
| time/               |          |
|    episodes         | 16116    |
|    fps              | 200      |
|    time_elapsed     | 1452     |
|    total_timesteps  | 1290831  |
| train/              |          |
|    learning_rate    | 0.0001   |
|    loss             | 0.633    |
|    n_updates        | 320206   |
----------------------------------
----------------------------------
| rollout/            |          |
|    ep_len_mean      | 226      |
|    ep_rew_mean      | -9.02    |
|    exploration_rate | 0.1      |
| time/               |          |
|    episodes         | 16120    |
|    fps              | 200      |
|    time_elapsed     | 1455     |
|    total_timesteps  | 1291244  |
| train/              |          |
|    learning_rate    | 0.0001   |
|    loss             | 0.506    |
|    n_updates        | 320309   |
----------------------------------
----------------------------------
| rollout/            |          |
|    ep_len_mean      | 223      |
|    ep_rew_mean      | -9.7     |
|    exploration_rate | 0.1      |
| time/               |          |
|    episodes         | 16124    |
|    fps              | 200      |
|    time_elapsed     | 1457     |
|    total_timesteps  | 1291538  |
| train/              |          |
|    learning_rate    | 0.0001   |
|    loss             | 0.00419  |
|    n_updates        | 320383   |
----------------------------------
----------------------------------
| rollout/            |          |
|    ep_len_mean      | 226      |
|    ep_rew_mean      | -9.57    |
|    exploration_rate | 0.1      |
| time/               |          |
|    episodes         | 16128    |
|    fps              | 199      |
|    time_elapsed     | 1461     |
|    total_timesteps  | 1292284  |
| train/              |          |
|    learning_rate    | 0.0001   |
|    loss             | 0.0299   |
|    n_updates        | 320569   |
----------------------------------
----------------------------------
| rollout/            |          |
|    ep_len_mean      | 227      |
|    ep_rew_mean      | -9.79    |
|    exploration_rate | 0.1      |
| time/               |          |
|    episodes         | 16132    |
|    fps              | 199      |
|    time_elapsed     | 1464     |
|    total_timesteps  | 1292848  |
| train/              |          |
|    learning_rate    | 0.0001   |
|    loss             | 0.00717  |
|    n_updates        | 320710   |
----------------------------------
----------------------------------
| rollout/            |          |
|    ep_len_mean      | 232      |
|    ep_rew_mean      | -10.8    |
|    exploration_rate | 0.1      |
| time/               |          |
|    episodes         | 16136    |
|    fps              | 199      |
|    time_elapsed     | 1470     |
|    total_timesteps  | 1294044  |
| train/              |          |
|    learning_rate    | 0.0001   |
|    loss             | 0.00481  |
|    n_updates        | 321009   |
----------------------------------
----------------------------------
| rollout/            |          |
|    ep_len_mean      | 230      |
|    ep_rew_mean      | -10.3    |
|    exploration_rate | 0.1      |
| time/               |          |
|    episodes         | 16140    |
|    fps              | 199      |
|    time_elapsed     | 1475     |
|    total_timesteps  | 1294965  |
| train/              |          |
|    learning_rate    | 0.0001   |
|    loss             | 0.436    |
|    n_updates        | 321240   |
----------------------------------
----------------------------------
| rollout/            |          |
|    ep_len_mean      | 227      |
|    ep_rew_mean      | -10.2    |
|    exploration_rate | 0.1      |
| time/               |          |
|    episodes         | 16144    |
|    fps              | 199      |
|    time_elapsed     | 1477     |
|    total_timesteps  | 1295241  |
| train/              |          |
|    learning_rate    | 0.0001   |
|    loss             | 0.322    |
|    n_updates        | 321309   |
----------------------------------
----------------------------------
| rollout/            |          |
|    ep_len_mean      | 241      |
|    ep_rew_mean      | -10.4    |
|    exploration_rate | 0.1      |
| time/               |          |
|    episodes         | 16148    |
|    fps              | 200      |
|    time_elapsed     | 1484     |
|    total_timesteps  | 1297031  |
| train/              |          |
|    learning_rate    | 0.0001   |
|    loss             | 0.00389  |
|    n_updates        | 321756   |
----------------------------------
----------------------------------
| rollout/            |          |
|    ep_len_mean      | 241      |
|    ep_rew_mean      | -11      |
|    exploration_rate | 0.1      |
| time/               |          |
|    episodes         | 16152    |
|    fps              | 200      |
|    time_elapsed     | 1489     |
|    total_timesteps  | 1297896  |
| train/              |          |
|    learning_rate    | 0.0001   |
|    loss             | 0.00383  |
|    n_updates        | 321972   |
----------------------------------
FruitCounts | {'Fruit': 0, 'DecayFruit': 0, 'EnemyFruit': 0} |
----------------------------------
| rollout/            |          |
|    ep_len_mean      | 251      |
|    ep_rew_mean      | -11.3    |
|    exploration_rate | 0.1      |
| time/               |          |
|    episodes         | 16156    |
|    fps              | 200      |
|    time_elapsed     | 1499     |
|    total_timesteps  | 1300240  |
| train/              |          |
|    learning_rate    | 0.0001   |
|    loss             | 0.236    |
|    n_updates        | 322558   |
----------------------------------
----------------------------------
| rollout/            |          |
|    ep_len_mean      | 254      |
|    ep_rew_mean      | -11.1    |
|    exploration_rate | 0.1      |
| time/               |          |
|    episodes         | 16160    |
|    fps              | 200      |
|    time_elapsed     | 1502     |
|    total_timesteps  | 1300764  |
| train/              |          |
|    learning_rate    | 0.0001   |
|    loss             | 0.205    |
|    n_updates        | 322689   |
----------------------------------
----------------------------------
| rollout/            |          |
|    ep_len_mean      | 257      |
|    ep_rew_mean      | -10.1    |
|    exploration_rate | 0.1      |
| time/               |          |
|    episodes         | 16164    |
|    fps              | 200      |
|    time_elapsed     | 1506     |
|    total_timesteps  | 1301585  |
| train/              |          |
|    learning_rate    | 0.0001   |
|    loss             | 0.232    |
|    n_updates        | 322895   |
----------------------------------
----------------------------------
| rollout/            |          |
|    ep_len_mean      | 252      |
|    ep_rew_mean      | -9.9     |
|    exploration_rate | 0.1      |
| time/               |          |
|    episodes         | 16168    |
|    fps              | 200      |
|    time_elapsed     | 1509     |
|    total_timesteps  | 1301992  |
| train/              |          |
|    learning_rate    | 0.0001   |
|    loss             | 0.213    |
|    n_updates        | 322996   |
----------------------------------
----------------------------------
| rollout/            |          |
|    ep_len_mean      | 241      |
|    ep_rew_mean      | -9.43    |
|    exploration_rate | 0.1      |
| time/               |          |
|    episodes         | 16172    |
|    fps              | 200      |
|    time_elapsed     | 1511     |
|    total_timesteps  | 1302334  |
| train/              |          |
|    learning_rate    | 0.0001   |
|    loss             | 0.00493  |
|    n_updates        | 323082   |
----------------------------------
----------------------------------
| rollout/            |          |
|    ep_len_mean      | 256      |
|    ep_rew_mean      | -9.16    |
|    exploration_rate | 0.1      |
| time/               |          |
|    episodes         | 16176    |
|    fps              | 200      |
|    time_elapsed     | 1520     |
|    total_timesteps  | 1304656  |
| train/              |          |
|    learning_rate    | 0.0001   |
|    loss             | 0.00443  |
|    n_updates        | 323662   |
----------------------------------
----------------------------------
| rollout/            |          |
|    ep_len_mean      | 243      |
|    ep_rew_mean      | -9.7     |
|    exploration_rate | 0.1      |
| time/               |          |
|    episodes         | 16180    |
|    fps              | 200      |
|    time_elapsed     | 1524     |
|    total_timesteps  | 1305352  |
| train/              |          |
|    learning_rate    | 0.0001   |
|    loss             | 0.00565  |
|    n_updates        | 323836   |
----------------------------------
----------------------------------
| rollout/            |          |
|    ep_len_mean      | 243      |
|    ep_rew_mean      | -9.33    |
|    exploration_rate | 0.1      |
| time/               |          |
|    episodes         | 16184    |
|    fps              | 200      |
|    time_elapsed     | 1527     |
|    total_timesteps  | 1305844  |
| train/              |          |
|    learning_rate    | 0.0001   |
|    loss             | 0.844    |
|    n_updates        | 323959   |
----------------------------------
----------------------------------
| rollout/            |          |
|    ep_len_mean      | 239      |
|    ep_rew_mean      | -8.98    |
|    exploration_rate | 0.1      |
| time/               |          |
|    episodes         | 16188    |
|    fps              | 200      |
|    time_elapsed     | 1530     |
|    total_timesteps  | 1306419  |
| train/              |          |
|    learning_rate    | 0.0001   |
|    loss             | 0.737    |
|    n_updates        | 324103   |
----------------------------------
----------------------------------
| rollout/            |          |
|    ep_len_mean      | 237      |
|    ep_rew_mean      | -10      |
|    exploration_rate | 0.1      |
| time/               |          |
|    episodes         | 16192    |
|    fps              | 200      |
|    time_elapsed     | 1536     |
|    total_timesteps  | 1307507  |
| train/              |          |
|    learning_rate    | 0.0001   |
|    loss             | 0.00408  |
|    n_updates        | 324375   |
----------------------------------
----------------------------------
| rollout/            |          |
|    ep_len_mean      | 239      |
|    ep_rew_mean      | -10      |
|    exploration_rate | 0.1      |
| time/               |          |
|    episodes         | 16196    |
|    fps              | 200      |
|    time_elapsed     | 1539     |
|    total_timesteps  | 1308243  |
| train/              |          |
|    learning_rate    | 0.0001   |
|    loss             | 0.0148   |
|    n_updates        | 324559   |
----------------------------------
FruitCounts | {'Fruit': 0, 'DecayFruit': 0, 'EnemyFruit': 0} |
----------------------------------
| rollout/            |          |
|    ep_len_mean      | 236      |
|    ep_rew_mean      | -10.3    |
|    exploration_rate | 0.1      |
| time/               |          |
|    episodes         | 16200    |
|    fps              | 200      |
|    time_elapsed     | 1548     |
|    total_timesteps  | 1310118  |
| train/              |          |
|    learning_rate    | 0.0001   |
|    loss             | 0.00409  |
|    n_updates        | 325028   |
----------------------------------
----------------------------------
| rollout/            |          |
|    ep_len_mean      | 248      |
|    ep_rew_mean      | -10.7    |
|    exploration_rate | 0.1      |
| time/               |          |
|    episodes         | 16204    |
|    fps              | 200      |
|    time_elapsed     | 1557     |
|    total_timesteps  | 1312387  |
| train/              |          |
|    learning_rate    | 0.0001   |
|    loss             | 0.489    |
|    n_updates        | 325595   |
----------------------------------
----------------------------------
| rollout/            |          |
|    ep_len_mean      | 237      |
|    ep_rew_mean      | -9.61    |
|    exploration_rate | 0.1      |
| time/               |          |
|    episodes         | 16208    |
|    fps              | 200      |
|    time_elapsed     | 1559     |
|    total_timesteps  | 1312616  |
| train/              |          |
|    learning_rate    | 0.0001   |
|    loss             | 0.13     |
|    n_updates        | 325652   |
----------------------------------
----------------------------------
| rollout/            |          |
|    ep_len_mean      | 233      |
|    ep_rew_mean      | -9.57    |
|    exploration_rate | 0.1      |
| time/               |          |
|    episodes         | 16212    |
|    fps              | 200      |
|    time_elapsed     | 1563     |
|    total_timesteps  | 1313487  |
| train/              |          |
|    learning_rate    | 0.0001   |
|    loss             | 0.308    |
|    n_updates        | 325870   |
----------------------------------
----------------------------------
| rollout/            |          |
|    ep_len_mean      | 233      |
|    ep_rew_mean      | -9.8     |
|    exploration_rate | 0.1      |
| time/               |          |
|    episodes         | 16216    |
|    fps              | 200      |
|    time_elapsed     | 1567     |
|    total_timesteps  | 1314149  |
| train/              |          |
|    learning_rate    | 0.0001   |
|    loss             | 0.234    |
|    n_updates        | 326036   |
----------------------------------
----------------------------------
| rollout/            |          |
|    ep_len_mean      | 234      |
|    ep_rew_mean      | -10.1    |
|    exploration_rate | 0.1      |
| time/               |          |
|    episodes         | 16220    |
|    fps              | 200      |
|    time_elapsed     | 1570     |
|    total_timesteps  | 1314655  |
| train/              |          |
|    learning_rate    | 0.0001   |
|    loss             | 0.307    |
|    n_updates        | 326162   |
----------------------------------
----------------------------------
| rollout/            |          |
|    ep_len_mean      | 239      |
|    ep_rew_mean      | -10.5    |
|    exploration_rate | 0.1      |
| time/               |          |
|    episodes         | 16224    |
|    fps              | 200      |
|    time_elapsed     | 1574     |
|    total_timesteps  | 1315410  |
| train/              |          |
|    learning_rate    | 0.0001   |
|    loss             | 0.231    |
|    n_updates        | 326351   |
----------------------------------
----------------------------------
| rollout/            |          |
|    ep_len_mean      | 238      |
|    ep_rew_mean      | -10.3    |
|    exploration_rate | 0.1      |
| time/               |          |
|    episodes         | 16228    |
|    fps              | 200      |
|    time_elapsed     | 1578     |
|    total_timesteps  | 1316077  |
| train/              |          |
|    learning_rate    | 0.0001   |
|    loss             | 0.48     |
|    n_updates        | 326518   |
----------------------------------
----------------------------------
| rollout/            |          |
|    ep_len_mean      | 241      |
|    ep_rew_mean      | -10.8    |
|    exploration_rate | 0.1      |
| time/               |          |
|    episodes         | 16232    |
|    fps              | 200      |
|    time_elapsed     | 1582     |
|    total_timesteps  | 1316923  |
| train/              |          |
|    learning_rate    | 0.0001   |
|    loss             | 0.532    |
|    n_updates        | 326729   |
----------------------------------
----------------------------------
| rollout/            |          |
|    ep_len_mean      | 241      |
|    ep_rew_mean      | -9.86    |
|    exploration_rate | 0.1      |
| time/               |          |
|    episodes         | 16236    |
|    fps              | 200      |
|    time_elapsed     | 1588     |
|    total_timesteps  | 1318145  |
| train/              |          |
|    learning_rate    | 0.0001   |
|    loss             | 0.409    |
|    n_updates        | 327035   |
----------------------------------
----------------------------------
| rollout/            |          |
|    ep_len_mean      | 236      |
|    ep_rew_mean      | -10.4    |
|    exploration_rate | 0.1      |
| time/               |          |
|    episodes         | 16240    |
|    fps              | 200      |
|    time_elapsed     | 1590     |
|    total_timesteps  | 1318515  |
| train/              |          |
|    learning_rate    | 0.0001   |
|    loss             | 0.308    |
|    n_updates        | 327127   |
----------------------------------
----------------------------------
| rollout/            |          |
|    ep_len_mean      | 236      |
|    ep_rew_mean      | -9.95    |
|    exploration_rate | 0.1      |
| time/               |          |
|    episodes         | 16244    |
|    fps              | 200      |
|    time_elapsed     | 1593     |
|    total_timesteps  | 1318816  |
| train/              |          |
|    learning_rate    | 0.0001   |
|    loss             | 0.00681  |
|    n_updates        | 327202   |
----------------------------------
FruitCounts | {'Fruit': 0, 'DecayFruit': 0, 'EnemyFruit': 2} |
----------------------------------
| rollout/            |          |
|    ep_len_mean      | 234      |
|    ep_rew_mean      | -10.1    |
|    exploration_rate | 0.1      |
| time/               |          |
|    episodes         | 16248    |
|    fps              | 200      |
|    time_elapsed     | 1600     |
|    total_timesteps  | 1320390  |
| train/              |          |
|    learning_rate    | 0.0001   |
|    loss             | 0.00429  |
|    n_updates        | 327596   |
----------------------------------
----------------------------------
| rollout/            |          |
|    ep_len_mean      | 239      |
|    ep_rew_mean      | -9.87    |
|    exploration_rate | 0.1      |
| time/               |          |
|    episodes         | 16252    |
|    fps              | 200      |
|    time_elapsed     | 1606     |
|    total_timesteps  | 1321770  |
| train/              |          |
|    learning_rate    | 0.0001   |
|    loss             | 0.536    |
|    n_updates        | 327941   |
----------------------------------
----------------------------------
| rollout/            |          |
|    ep_len_mean      | 219      |
|    ep_rew_mean      | -9.64    |
|    exploration_rate | 0.1      |
| time/               |          |
|    episodes         | 16256    |
|    fps              | 200      |
|    time_elapsed     | 1609     |
|    total_timesteps  | 1322150  |
| train/              |          |
|    learning_rate    | 0.0001   |
|    loss             | 0.841    |
|    n_updates        | 328036   |
----------------------------------
----------------------------------
| rollout/            |          |
|    ep_len_mean      | 221      |
|    ep_rew_mean      | -10.1    |
|    exploration_rate | 0.1      |
| time/               |          |
|    episodes         | 16260    |
|    fps              | 200      |
|    time_elapsed     | 1612     |
|    total_timesteps  | 1322876  |
| train/              |          |
|    learning_rate    | 0.0001   |
|    loss             | 0.00951  |
|    n_updates        | 328217   |
----------------------------------
----------------------------------
| rollout/            |          |
|    ep_len_mean      | 221      |
|    ep_rew_mean      | -10.7    |
|    exploration_rate | 0.1      |
| time/               |          |
|    episodes         | 16264    |
|    fps              | 200      |
|    time_elapsed     | 1616     |
|    total_timesteps  | 1323639  |
| train/              |          |
|    learning_rate    | 0.0001   |
|    loss             | 0.461    |
|    n_updates        | 328408   |
----------------------------------
----------------------------------
| rollout/            |          |
|    ep_len_mean      | 220      |
|    ep_rew_mean      | -11.2    |
|    exploration_rate | 0.1      |
| time/               |          |
|    episodes         | 16268    |
|    fps              | 200      |
|    time_elapsed     | 1619     |
|    total_timesteps  | 1324001  |
| train/              |          |
|    learning_rate    | 0.0001   |
|    loss             | 0.312    |
|    n_updates        | 328499   |
----------------------------------
----------------------------------
| rollout/            |          |
|    ep_len_mean      | 228      |
|    ep_rew_mean      | -11.8    |
|    exploration_rate | 0.1      |
| time/               |          |
|    episodes         | 16272    |
|    fps              | 200      |
|    time_elapsed     | 1624     |
|    total_timesteps  | 1325118  |
| train/              |          |
|    learning_rate    | 0.0001   |
|    loss             | 0.233    |
|    n_updates        | 328778   |
----------------------------------
----------------------------------
| rollout/            |          |
|    ep_len_mean      | 216      |
|    ep_rew_mean      | -12.5    |
|    exploration_rate | 0.1      |
| time/               |          |
|    episodes         | 16276    |
|    fps              | 200      |
|    time_elapsed     | 1630     |
|    total_timesteps  | 1326305  |
| train/              |          |
|    learning_rate    | 0.0001   |
|    loss             | 0.308    |
|    n_updates        | 329075   |
----------------------------------
----------------------------------
| rollout/            |          |
|    ep_len_mean      | 219      |
|    ep_rew_mean      | -12.9    |
|    exploration_rate | 0.1      |
| time/               |          |
|    episodes         | 16280    |
|    fps              | 200      |
|    time_elapsed     | 1634     |
|    total_timesteps  | 1327246  |
| train/              |          |
|    learning_rate    | 0.0001   |
|    loss             | 0.533    |
|    n_updates        | 329310   |
----------------------------------
----------------------------------
| rollout/            |          |
|    ep_len_mean      | 219      |
|    ep_rew_mean      | -13      |
|    exploration_rate | 0.1      |
| time/               |          |
|    episodes         | 16284    |
|    fps              | 200      |
|    time_elapsed     | 1638     |
|    total_timesteps  | 1327774  |
| train/              |          |
|    learning_rate    | 0.0001   |
|    loss             | 0.231    |
|    n_updates        | 329442   |
----------------------------------
----------------------------------
| rollout/            |          |
|    ep_len_mean      | 218      |
|    ep_rew_mean      | -13.4    |
|    exploration_rate | 0.1      |
| time/               |          |
|    episodes         | 16288    |
|    fps              | 199      |
|    time_elapsed     | 1640     |
|    total_timesteps  | 1328182  |
| train/              |          |
|    learning_rate    | 0.0001   |
|    loss             | 0.458    |
|    n_updates        | 329544   |
----------------------------------
----------------------------------
| rollout/            |          |
|    ep_len_mean      | 214      |
|    ep_rew_mean      | -14      |
|    exploration_rate | 0.1      |
| time/               |          |
|    episodes         | 16292    |
|    fps              | 199      |
|    time_elapsed     | 1644     |
|    total_timesteps  | 1328931  |
| train/              |          |
|    learning_rate    | 0.0001   |
|    loss             | 0.482    |
|    n_updates        | 329731   |
----------------------------------
----------------------------------
| rollout/            |          |
|    ep_len_mean      | 213      |
|    ep_rew_mean      | -14.2    |
|    exploration_rate | 0.1      |
| time/               |          |
|    episodes         | 16296    |
|    fps              | 199      |
|    time_elapsed     | 1648     |
|    total_timesteps  | 1329585  |
| train/              |          |
|    learning_rate    | 0.0001   |
|    loss             | 0.307    |
|    n_updates        | 329895   |
----------------------------------
FruitCounts | {'Fruit': 2, 'DecayFruit': 0, 'EnemyFruit': 1} |
----------------------------------
| rollout/            |          |
|    ep_len_mean      | 207      |
|    ep_rew_mean      | -14.1    |
|    exploration_rate | 0.1      |
| time/               |          |
|    episodes         | 16300    |
|    fps              | 199      |
|    time_elapsed     | 1654     |
|    total_timesteps  | 1330830  |
| train/              |          |
|    learning_rate    | 0.0001   |
|    loss             | 0.309    |
|    n_updates        | 330206   |
----------------------------------
----------------------------------
| rollout/            |          |
|    ep_len_mean      | 190      |
|    ep_rew_mean      | -13.4    |
|    exploration_rate | 0.1      |
| time/               |          |
|    episodes         | 16304    |
|    fps              | 199      |
|    time_elapsed     | 1657     |
|    total_timesteps  | 1331388  |
| train/              |          |
|    learning_rate    | 0.0001   |
|    loss             | 0.00469  |
|    n_updates        | 330345   |
----------------------------------
----------------------------------
| rollout/            |          |
|    ep_len_mean      | 194      |
|    ep_rew_mean      | -13.4    |
|    exploration_rate | 0.1      |
| time/               |          |
|    episodes         | 16308    |
|    fps              | 199      |
|    time_elapsed     | 1661     |
|    total_timesteps  | 1332045  |
| train/              |          |
|    learning_rate    | 0.0001   |
|    loss             | 0.237    |
|    n_updates        | 330510   |
----------------------------------
----------------------------------
| rollout/            |          |
|    ep_len_mean      | 193      |
|    ep_rew_mean      | -12.3    |
|    exploration_rate | 0.1      |
| time/               |          |
|    episodes         | 16312    |
|    fps              | 199      |
|    time_elapsed     | 1665     |
|    total_timesteps  | 1332809  |
| train/              |          |
|    learning_rate    | 0.0001   |
|    loss             | 0.312    |
|    n_updates        | 330701   |
----------------------------------
----------------------------------
| rollout/            |          |
|    ep_len_mean      | 199      |
|    ep_rew_mean      | -12      |
|    exploration_rate | 0.1      |
| time/               |          |
|    episodes         | 16316    |
|    fps              | 199      |
|    time_elapsed     | 1671     |
|    total_timesteps  | 1334077  |
| train/              |          |
|    learning_rate    | 0.0001   |
|    loss             | 0.225    |
|    n_updates        | 331018   |
----------------------------------
----------------------------------
| rollout/            |          |
|    ep_len_mean      | 201      |
|    ep_rew_mean      | -12.2    |
|    exploration_rate | 0.1      |
| time/               |          |
|    episodes         | 16320    |
|    fps              | 199      |
|    time_elapsed     | 1674     |
|    total_timesteps  | 1334706  |
| train/              |          |
|    learning_rate    | 0.0001   |
|    loss             | 0.311    |
|    n_updates        | 331175   |
----------------------------------
----------------------------------
| rollout/            |          |
|    ep_len_mean      | 208      |
|    ep_rew_mean      | -11.8    |
|    exploration_rate | 0.1      |
| time/               |          |
|    episodes         | 16324    |
|    fps              | 199      |
|    time_elapsed     | 1681     |
|    total_timesteps  | 1336174  |
| train/              |          |
|    learning_rate    | 0.0001   |
|    loss             | 0.0151   |
|    n_updates        | 331542   |
----------------------------------
----------------------------------
| rollout/            |          |
|    ep_len_mean      | 214      |
|    ep_rew_mean      | -12.2    |
|    exploration_rate | 0.1      |
| time/               |          |
|    episodes         | 16328    |
|    fps              | 200      |
|    time_elapsed     | 1687     |
|    total_timesteps  | 1337433  |
| train/              |          |
|    learning_rate    | 0.0001   |
|    loss             | 0.439    |
|    n_updates        | 331857   |
----------------------------------
----------------------------------
| rollout/            |          |
|    ep_len_mean      | 212      |
|    ep_rew_mean      | -12.3    |
|    exploration_rate | 0.1      |
| time/               |          |
|    episodes         | 16332    |
|    fps              | 199      |
|    time_elapsed     | 1690     |
|    total_timesteps  | 1338084  |
| train/              |          |
|    learning_rate    | 0.0001   |
|    loss             | 0.231    |
|    n_updates        | 332019   |
----------------------------------
----------------------------------
| rollout/            |          |
|    ep_len_mean      | 208      |
|    ep_rew_mean      | -12.3    |
|    exploration_rate | 0.1      |
| time/               |          |
|    episodes         | 16336    |
|    fps              | 199      |
|    time_elapsed     | 1694     |
|    total_timesteps  | 1338900  |
| train/              |          |
|    learning_rate    | 0.0001   |
|    loss             | 0.00838  |
|    n_updates        | 332223   |
----------------------------------
----------------------------------
| rollout/            |          |
|    ep_len_mean      | 209      |
|    ep_rew_mean      | -12      |
|    exploration_rate | 0.1      |
| time/               |          |
|    episodes         | 16340    |
|    fps              | 199      |
|    time_elapsed     | 1697     |
|    total_timesteps  | 1339406  |
| train/              |          |
|    learning_rate    | 0.0001   |
|    loss             | 0.429    |
|    n_updates        | 332350   |
----------------------------------
FruitCounts | {'Fruit': 1, 'DecayFruit': 0, 'EnemyFruit': 1} |
----------------------------------
| rollout/            |          |
|    ep_len_mean      | 214      |
|    ep_rew_mean      | -11.9    |
|    exploration_rate | 0.1      |
| time/               |          |
|    episodes         | 16344    |
|    fps              | 199      |
|    time_elapsed     | 1702     |
|    total_timesteps  | 1340237  |
| train/              |          |
|    learning_rate    | 0.0001   |
|    loss             | 0.00584  |
|    n_updates        | 332558   |
----------------------------------
----------------------------------
| rollout/            |          |
|    ep_len_mean      | 208      |
|    ep_rew_mean      | -11.1    |
|    exploration_rate | 0.1      |
| time/               |          |
|    episodes         | 16348    |
|    fps              | 199      |
|    time_elapsed     | 1707     |
|    total_timesteps  | 1341205  |
| train/              |          |
|    learning_rate    | 0.0001   |
|    loss             | 0.754    |
|    n_updates        | 332800   |
----------------------------------
----------------------------------
| rollout/            |          |
|    ep_len_mean      | 210      |
|    ep_rew_mean      | -10.7    |
|    exploration_rate | 0.1      |
| time/               |          |
|    episodes         | 16352    |
|    fps              | 199      |
|    time_elapsed     | 1714     |
|    total_timesteps  | 1342769  |
| train/              |          |
|    learning_rate    | 0.0001   |
|    loss             | 0.982    |
|    n_updates        | 333191   |
----------------------------------
----------------------------------
| rollout/            |          |
|    ep_len_mean      | 218      |
|    ep_rew_mean      | -11      |
|    exploration_rate | 0.1      |
| time/               |          |
|    episodes         | 16356    |
|    fps              | 200      |
|    time_elapsed     | 1719     |
|    total_timesteps  | 1343907  |
| train/              |          |
|    learning_rate    | 0.0001   |
|    loss             | 0.549    |
|    n_updates        | 333475   |
----------------------------------
----------------------------------
| rollout/            |          |
|    ep_len_mean      | 217      |
|    ep_rew_mean      | -10.7    |
|    exploration_rate | 0.1      |
| time/               |          |
|    episodes         | 16360    |
|    fps              | 199      |
|    time_elapsed     | 1723     |
|    total_timesteps  | 1344602  |
| train/              |          |
|    learning_rate    | 0.0001   |
|    loss             | 0.31     |
|    n_updates        | 333649   |
----------------------------------
----------------------------------
| rollout/            |          |
|    ep_len_mean      | 230      |
|    ep_rew_mean      | -11.5    |
|    exploration_rate | 0.1      |
| time/               |          |
|    episodes         | 16364    |
|    fps              | 200      |
|    time_elapsed     | 1731     |
|    total_timesteps  | 1346678  |
| train/              |          |
|    learning_rate    | 0.0001   |
|    loss             | 0.00426  |
|    n_updates        | 334168   |
----------------------------------
----------------------------------
| rollout/            |          |
|    ep_len_mean      | 236      |
|    ep_rew_mean      | -11.5    |
|    exploration_rate | 0.1      |
| time/               |          |
|    episodes         | 16368    |
|    fps              | 200      |
|    time_elapsed     | 1736     |
|    total_timesteps  | 1347641  |
| train/              |          |
|    learning_rate    | 0.0001   |
|    loss             | 0.232    |
|    n_updates        | 334409   |
----------------------------------
----------------------------------
| rollout/            |          |
|    ep_len_mean      | 228      |
|    ep_rew_mean      | -11      |
|    exploration_rate | 0.1      |
| time/               |          |
|    episodes         | 16372    |
|    fps              | 200      |
|    time_elapsed     | 1738     |
|    total_timesteps  | 1347913  |
| train/              |          |
|    learning_rate    | 0.0001   |
|    loss             | 0.265    |
|    n_updates        | 334477   |
----------------------------------
----------------------------------
| rollout/            |          |
|    ep_len_mean      | 224      |
|    ep_rew_mean      | -10.7    |
|    exploration_rate | 0.1      |
| time/               |          |
|    episodes         | 16376    |
|    fps              | 200      |
|    time_elapsed     | 1742     |
|    total_timesteps  | 1348656  |
| train/              |          |
|    learning_rate    | 0.0001   |
|    loss             | 0.537    |
|    n_updates        | 334662   |
----------------------------------
----------------------------------
| rollout/            |          |
|    ep_len_mean      | 219      |
|    ep_rew_mean      | -10.8    |
|    exploration_rate | 0.1      |
| time/               |          |
|    episodes         | 16380    |
|    fps              | 200      |
|    time_elapsed     | 1745     |
|    total_timesteps  | 1349166  |
| train/              |          |
|    learning_rate    | 0.0001   |
|    loss             | 0.23     |
|    n_updates        | 334790   |
----------------------------------
----------------------------------
| rollout/            |          |
|    ep_len_mean      | 220      |
|    ep_rew_mean      | -10.7    |
|    exploration_rate | 0.1      |
| time/               |          |
|    episodes         | 16384    |
|    fps              | 199      |
|    time_elapsed     | 1748     |
|    total_timesteps  | 1349762  |
| train/              |          |
|    learning_rate    | 0.0001   |
|    loss             | 0.231    |
|    n_updates        | 334939   |
----------------------------------
FruitCounts | {'Fruit': 0, 'DecayFruit': 0, 'EnemyFruit': 1} |
----------------------------------
| rollout/            |          |
|    ep_len_mean      | 228      |
|    ep_rew_mean      | -11.2    |
|    exploration_rate | 0.1      |
| time/               |          |
|    episodes         | 16388    |
|    fps              | 200      |
|    time_elapsed     | 1754     |
|    total_timesteps  | 1351025  |
| train/              |          |
|    learning_rate    | 0.0001   |
|    loss             | 0.00416  |
|    n_updates        | 335255   |
----------------------------------
----------------------------------
| rollout/            |          |
|    ep_len_mean      | 226      |
|    ep_rew_mean      | -9.99    |
|    exploration_rate | 0.1      |
| time/               |          |
|    episodes         | 16392    |
|    fps              | 200      |
|    time_elapsed     | 1757     |
|    total_timesteps  | 1351487  |
| train/              |          |
|    learning_rate    | 0.0001   |
|    loss             | 0.00652  |
|    n_updates        | 335370   |
----------------------------------
----------------------------------
| rollout/            |          |
|    ep_len_mean      | 227      |
|    ep_rew_mean      | -10.1    |
|    exploration_rate | 0.1      |
| time/               |          |
|    episodes         | 16396    |
|    fps              | 199      |
|    time_elapsed     | 1761     |
|    total_timesteps  | 1352262  |
| train/              |          |
|    learning_rate    | 0.0001   |
|    loss             | 0.236    |
|    n_updates        | 335564   |
----------------------------------
----------------------------------
| rollout/            |          |
|    ep_len_mean      | 219      |
|    ep_rew_mean      | -9.69    |
|    exploration_rate | 0.1      |
| time/               |          |
|    episodes         | 16400    |
|    fps              | 199      |
|    time_elapsed     | 1764     |
|    total_timesteps  | 1352722  |
| train/              |          |
|    learning_rate    | 0.0001   |
|    loss             | 0.0105   |
|    n_updates        | 335679   |
----------------------------------
----------------------------------
| rollout/            |          |
|    ep_len_mean      | 220      |
|    ep_rew_mean      | -10.3    |
|    exploration_rate | 0.1      |
| time/               |          |
|    episodes         | 16404    |
|    fps              | 199      |
|    time_elapsed     | 1768     |
|    total_timesteps  | 1353413  |
| train/              |          |
|    learning_rate    | 0.0001   |
|    loss             | 0.312    |
|    n_updates        | 335852   |
----------------------------------
----------------------------------
| rollout/            |          |
|    ep_len_mean      | 219      |
|    ep_rew_mean      | -10.1    |
|    exploration_rate | 0.1      |
| time/               |          |
|    episodes         | 16408    |
|    fps              | 199      |
|    time_elapsed     | 1771     |
|    total_timesteps  | 1353972  |
| train/              |          |
|    learning_rate    | 0.0001   |
|    loss             | 0.46     |
|    n_updates        | 335991   |
----------------------------------
----------------------------------
| rollout/            |          |
|    ep_len_mean      | 214      |
|    ep_rew_mean      | -10.5    |
|    exploration_rate | 0.1      |
| time/               |          |
|    episodes         | 16412    |
|    fps              | 199      |
|    time_elapsed     | 1773     |
|    total_timesteps  | 1354259  |
| train/              |          |
|    learning_rate    | 0.0001   |
|    loss             | 0.23     |
|    n_updates        | 336063   |
----------------------------------
----------------------------------
| rollout/            |          |
|    ep_len_mean      | 211      |
|    ep_rew_mean      | -10.6    |
|    exploration_rate | 0.1      |
| time/               |          |
|    episodes         | 16416    |
|    fps              | 199      |
|    time_elapsed     | 1777     |
|    total_timesteps  | 1355150  |
| train/              |          |
|    learning_rate    | 0.0001   |
|    loss             | 0.836    |
|    n_updates        | 336286   |
----------------------------------
----------------------------------
| rollout/            |          |
|    ep_len_mean      | 218      |
|    ep_rew_mean      | -11.2    |
|    exploration_rate | 0.1      |
| time/               |          |
|    episodes         | 16420    |
|    fps              | 199      |
|    time_elapsed     | 1784     |
|    total_timesteps  | 1356482  |
| train/              |          |
|    learning_rate    | 0.0001   |
|    loss             | 0.31     |
|    n_updates        | 336619   |
----------------------------------
----------------------------------
| rollout/            |          |
|    ep_len_mean      | 210      |
|    ep_rew_mean      | -11.4    |
|    exploration_rate | 0.1      |
| time/               |          |
|    episodes         | 16424    |
|    fps              | 199      |
|    time_elapsed     | 1788     |
|    total_timesteps  | 1357215  |
| train/              |          |
|    learning_rate    | 0.0001   |
|    loss             | 0.00313  |
|    n_updates        | 336802   |
----------------------------------
----------------------------------
| rollout/            |          |
|    ep_len_mean      | 209      |
|    ep_rew_mean      | -11.6    |
|    exploration_rate | 0.1      |
| time/               |          |
|    episodes         | 16428    |
|    fps              | 199      |
|    time_elapsed     | 1793     |
|    total_timesteps  | 1358361  |
| train/              |          |
|    learning_rate    | 0.0001   |
|    loss             | 0.231    |
|    n_updates        | 337089   |
----------------------------------
----------------------------------
| rollout/            |          |
|    ep_len_mean      | 212      |
|    ep_rew_mean      | -11.6    |
|    exploration_rate | 0.1      |
| time/               |          |
|    episodes         | 16432    |
|    fps              | 199      |
|    time_elapsed     | 1797     |
|    total_timesteps  | 1359242  |
| train/              |          |
|    learning_rate    | 0.0001   |
|    loss             | 0.00425  |
|    n_updates        | 337309   |
----------------------------------
FruitCounts | {'Fruit': 1, 'DecayFruit': 0, 'EnemyFruit': 3} |
----------------------------------
| rollout/            |          |
|    ep_len_mean      | 214      |
|    ep_rew_mean      | -12.5    |
|    exploration_rate | 0.1      |
| time/               |          |
|    episodes         | 16436    |
|    fps              | 199      |
|    time_elapsed     | 1802     |
|    total_timesteps  | 1360277  |
| train/              |          |
|    learning_rate    | 0.0001   |
|    loss             | 0.23     |
|    n_updates        | 337568   |
----------------------------------
----------------------------------
| rollout/            |          |
|    ep_len_mean      | 217      |
|    ep_rew_mean      | -13.1    |
|    exploration_rate | 0.1      |
| time/               |          |
|    episodes         | 16440    |
|    fps              | 199      |
|    time_elapsed     | 1806     |
|    total_timesteps  | 1361138  |
| train/              |          |
|    learning_rate    | 0.0001   |
|    loss             | 0.0111   |
|    n_updates        | 337783   |
----------------------------------
----------------------------------
| rollout/            |          |
|    ep_len_mean      | 217      |
|    ep_rew_mean      | -14.4    |
|    exploration_rate | 0.1      |
| time/               |          |
|    episodes         | 16444    |
|    fps              | 199      |
|    time_elapsed     | 1811     |
|    total_timesteps  | 1361963  |
| train/              |          |
|    learning_rate    | 0.0001   |
|    loss             | 0.247    |
|    n_updates        | 337989   |
----------------------------------
----------------------------------
| rollout/            |          |
|    ep_len_mean      | 215      |
|    ep_rew_mean      | -14.9    |
|    exploration_rate | 0.1      |
| time/               |          |
|    episodes         | 16448    |
|    fps              | 199      |
|    time_elapsed     | 1815     |
|    total_timesteps  | 1362747  |
| train/              |          |
|    learning_rate    | 0.0001   |
|    loss             | 0.0108   |
|    n_updates        | 338185   |
----------------------------------
----------------------------------
| rollout/            |          |
|    ep_len_mean      | 214      |
|    ep_rew_mean      | -15      |
|    exploration_rate | 0.1      |
| time/               |          |
|    episodes         | 16452    |
|    fps              | 199      |
|    time_elapsed     | 1821     |
|    total_timesteps  | 1364187  |
| train/              |          |
|    learning_rate    | 0.0001   |
|    loss             | 0.00439  |
|    n_updates        | 338545   |
----------------------------------
----------------------------------
| rollout/            |          |
|    ep_len_mean      | 206      |
|    ep_rew_mean      | -14.6    |
|    exploration_rate | 0.1      |
| time/               |          |
|    episodes         | 16456    |
|    fps              | 199      |
|    time_elapsed     | 1824     |
|    total_timesteps  | 1364553  |
| train/              |          |
|    learning_rate    | 0.0001   |
|    loss             | 0.312    |
|    n_updates        | 338637   |
----------------------------------
----------------------------------
| rollout/            |          |
|    ep_len_mean      | 220      |
|    ep_rew_mean      | -14.6    |
|    exploration_rate | 0.1      |
| time/               |          |
|    episodes         | 16460    |
|    fps              | 200      |
|    time_elapsed     | 1832     |
|    total_timesteps  | 1366601  |
| train/              |          |
|    learning_rate    | 0.0001   |
|    loss             | 0.516    |
|    n_updates        | 339149   |
----------------------------------
----------------------------------
| rollout/            |          |
|    ep_len_mean      | 217      |
|    ep_rew_mean      | -13.2    |
|    exploration_rate | 0.1      |
| time/               |          |
|    episodes         | 16464    |
|    fps              | 200      |
|    time_elapsed     | 1840     |
|    total_timesteps  | 1368385  |
| train/              |          |
|    learning_rate    | 0.0001   |
|    loss             | 0.434    |
|    n_updates        | 339595   |
----------------------------------
----------------------------------
| rollout/            |          |
|    ep_len_mean      | 213      |
|    ep_rew_mean      | -12.5    |
|    exploration_rate | 0.1      |
| time/               |          |
|    episodes         | 16468    |
|    fps              | 200      |
|    time_elapsed     | 1843     |
|    total_timesteps  | 1368941  |
| train/              |          |
|    learning_rate    | 0.0001   |
|    loss             | 1.04     |
|    n_updates        | 339734   |
----------------------------------
----------------------------------
| rollout/            |          |
|    ep_len_mean      | 218      |
|    ep_rew_mean      | -13.7    |
|    exploration_rate | 0.1      |
| time/               |          |
|    episodes         | 16472    |
|    fps              | 200      |
|    time_elapsed     | 1847     |
|    total_timesteps  | 1369738  |
| train/              |          |
|    learning_rate    | 0.0001   |
|    loss             | 0.0198   |
|    n_updates        | 339933   |
----------------------------------
FruitCounts | {'Fruit': 0, 'DecayFruit': 0, 'EnemyFruit': 1} |
----------------------------------
| rollout/            |          |
|    ep_len_mean      | 218      |
|    ep_rew_mean      | -13.3    |
|    exploration_rate | 0.1      |
| time/               |          |
|    episodes         | 16476    |
|    fps              | 200      |
|    time_elapsed     | 1851     |
|    total_timesteps  | 1370472  |
| train/              |          |
|    learning_rate    | 0.0001   |
|    loss             | 0.467    |
|    n_updates        | 340116   |
----------------------------------
----------------------------------
| rollout/            |          |
|    ep_len_mean      | 225      |
|    ep_rew_mean      | -12.5    |
|    exploration_rate | 0.1      |
| time/               |          |
|    episodes         | 16480    |
|    fps              | 200      |
|    time_elapsed     | 1857     |
|    total_timesteps  | 1371638  |
| train/              |          |
|    learning_rate    | 0.0001   |
|    loss             | 0.153    |
|    n_updates        | 340408   |
----------------------------------
----------------------------------
| rollout/            |          |
|    ep_len_mean      | 226      |
|    ep_rew_mean      | -13.3    |
|    exploration_rate | 0.1      |
| time/               |          |
|    episodes         | 16484    |
|    fps              | 200      |
|    time_elapsed     | 1861     |
|    total_timesteps  | 1372355  |
| train/              |          |
|    learning_rate    | 0.0001   |
|    loss             | 0.0315   |
|    n_updates        | 340587   |
----------------------------------
----------------------------------
| rollout/            |          |
|    ep_len_mean      | 222      |
|    ep_rew_mean      | -13      |
|    exploration_rate | 0.1      |
| time/               |          |
|    episodes         | 16488    |
|    fps              | 200      |
|    time_elapsed     | 1865     |
|    total_timesteps  | 1373187  |
| train/              |          |
|    learning_rate    | 0.0001   |
|    loss             | 0.0126   |
|    n_updates        | 340795   |
----------------------------------
----------------------------------
| rollout/            |          |
|    ep_len_mean      | 221      |
|    ep_rew_mean      | -13.3    |
|    exploration_rate | 0.1      |
| time/               |          |
|    episodes         | 16492    |
|    fps              | 200      |
|    time_elapsed     | 1867     |
|    total_timesteps  | 1373636  |
| train/              |          |
|    learning_rate    | 0.0001   |
|    loss             | 0.00618  |
|    n_updates        | 340907   |
----------------------------------
----------------------------------
| rollout/            |          |
|    ep_len_mean      | 224      |
|    ep_rew_mean      | -13.7    |
|    exploration_rate | 0.1      |
| time/               |          |
|    episodes         | 16496    |
|    fps              | 200      |
|    time_elapsed     | 1872     |
|    total_timesteps  | 1374658  |
| train/              |          |
|    learning_rate    | 0.0001   |
|    loss             | 0.0109   |
|    n_updates        | 341163   |
----------------------------------
----------------------------------
| rollout/            |          |
|    ep_len_mean      | 228      |
|    ep_rew_mean      | -13.9    |
|    exploration_rate | 0.1      |
| time/               |          |
|    episodes         | 16500    |
|    fps              | 200      |
|    time_elapsed     | 1877     |
|    total_timesteps  | 1375534  |
| train/              |          |
|    learning_rate    | 0.0001   |
|    loss             | 0.231    |
|    n_updates        | 341382   |
----------------------------------
----------------------------------
| rollout/            |          |
|    ep_len_mean      | 232      |
|    ep_rew_mean      | -14.1    |
|    exploration_rate | 0.1      |
| time/               |          |
|    episodes         | 16504    |
|    fps              | 200      |
|    time_elapsed     | 1882     |
|    total_timesteps  | 1376660  |
| train/              |          |
|    learning_rate    | 0.0001   |
|    loss             | 0.538    |
|    n_updates        | 341663   |
----------------------------------
----------------------------------
| rollout/            |          |
|    ep_len_mean      | 239      |
|    ep_rew_mean      | -14.3    |
|    exploration_rate | 0.1      |
| time/               |          |
|    episodes         | 16508    |
|    fps              | 200      |
|    time_elapsed     | 1888     |
|    total_timesteps  | 1377834  |
| train/              |          |
|    learning_rate    | 0.0001   |
|    loss             | 0.241    |
|    n_updates        | 341957   |
----------------------------------
----------------------------------
| rollout/            |          |
|    ep_len_mean      | 248      |
|    ep_rew_mean      | -13.8    |
|    exploration_rate | 0.1      |
| time/               |          |
|    episodes         | 16512    |
|    fps              | 200      |
|    time_elapsed     | 1893     |
|    total_timesteps  | 1379078  |
| train/              |          |
|    learning_rate    | 0.0001   |
|    loss             | 0.00811  |
|    n_updates        | 342268   |
----------------------------------
----------------------------------
| rollout/            |          |
|    ep_len_mean      | 246      |
|    ep_rew_mean      | -14.3    |
|    exploration_rate | 0.1      |
| time/               |          |
|    episodes         | 16516    |
|    fps              | 200      |
|    time_elapsed     | 1897     |
|    total_timesteps  | 1379725  |
| train/              |          |
|    learning_rate    | 0.0001   |
|    loss             | 0.195    |
|    n_updates        | 342430   |
----------------------------------
FruitCounts | {'Fruit': 0, 'DecayFruit': 0, 'EnemyFruit': 0} |
----------------------------------
| rollout/            |          |
|    ep_len_mean      | 242      |
|    ep_rew_mean      | -13.5    |
|    exploration_rate | 0.1      |
| time/               |          |
|    episodes         | 16520    |
|    fps              | 200      |
|    time_elapsed     | 1902     |
|    total_timesteps  | 1380713  |
| train/              |          |
|    learning_rate    | 0.0001   |
|    loss             | 0.231    |
|    n_updates        | 342677   |
----------------------------------
----------------------------------
| rollout/            |          |
|    ep_len_mean      | 241      |
|    ep_rew_mean      | -13      |
|    exploration_rate | 0.1      |
| time/               |          |
|    episodes         | 16524    |
|    fps              | 200      |
|    time_elapsed     | 1905     |
|    total_timesteps  | 1381299  |
| train/              |          |
|    learning_rate    | 0.0001   |
|    loss             | 0.454    |
|    n_updates        | 342823   |
----------------------------------
----------------------------------
| rollout/            |          |
|    ep_len_mean      | 236      |
|    ep_rew_mean      | -11.9    |
|    exploration_rate | 0.1      |
| time/               |          |
|    episodes         | 16528    |
|    fps              | 200      |
|    time_elapsed     | 1909     |
|    total_timesteps  | 1381992  |
| train/              |          |
|    learning_rate    | 0.0001   |
|    loss             | 0.232    |
|    n_updates        | 342996   |
----------------------------------
----------------------------------
| rollout/            |          |
|    ep_len_mean      | 234      |
|    ep_rew_mean      | -11.8    |
|    exploration_rate | 0.1      |
| time/               |          |
|    episodes         | 16532    |
|    fps              | 200      |
|    time_elapsed     | 1912     |
|    total_timesteps  | 1382691  |
| train/              |          |
|    learning_rate    | 0.0001   |
|    loss             | 0.323    |
|    n_updates        | 343171   |
----------------------------------
----------------------------------
| rollout/            |          |
|    ep_len_mean      | 233      |
|    ep_rew_mean      | -11.9    |
|    exploration_rate | 0.1      |
| time/               |          |
|    episodes         | 16536    |
|    fps              | 200      |
|    time_elapsed     | 1917     |
|    total_timesteps  | 1383621  |
| train/              |          |
|    learning_rate    | 0.0001   |
|    loss             | 0.00807  |
|    n_updates        | 343404   |
----------------------------------
----------------------------------
| rollout/            |          |
|    ep_len_mean      | 231      |
|    ep_rew_mean      | -11.2    |
|    exploration_rate | 0.1      |
| time/               |          |
|    episodes         | 16540    |
|    fps              | 199      |
|    time_elapsed     | 1921     |
|    total_timesteps  | 1384224  |
| train/              |          |
|    learning_rate    | 0.0001   |
|    loss             | 0.457    |
|    n_updates        | 343554   |
----------------------------------
----------------------------------
| rollout/            |          |
|    ep_len_mean      | 227      |
|    ep_rew_mean      | -11      |
|    exploration_rate | 0.1      |
| time/               |          |
|    episodes         | 16544    |
|    fps              | 199      |
|    time_elapsed     | 1923     |
|    total_timesteps  | 1384668  |
| train/              |          |
|    learning_rate    | 0.0001   |
|    loss             | 0.00673  |
|    n_updates        | 343665   |
----------------------------------
----------------------------------
| rollout/            |          |
|    ep_len_mean      | 222      |
|    ep_rew_mean      | -10.3    |
|    exploration_rate | 0.1      |
| time/               |          |
|    episodes         | 16548    |
|    fps              | 199      |
|    time_elapsed     | 1926     |
|    total_timesteps  | 1384953  |
| train/              |          |
|    learning_rate    | 0.0001   |
|    loss             | 1.27     |
|    n_updates        | 343737   |
----------------------------------
----------------------------------
| rollout/            |          |
|    ep_len_mean      | 214      |
|    ep_rew_mean      | -9.93    |
|    exploration_rate | 0.1      |
| time/               |          |
|    episodes         | 16552    |
|    fps              | 199      |
|    time_elapsed     | 1929     |
|    total_timesteps  | 1385621  |
| train/              |          |
|    learning_rate    | 0.0001   |
|    loss             | 0.312    |
|    n_updates        | 343904   |
----------------------------------
----------------------------------
| rollout/            |          |
|    ep_len_mean      | 218      |
|    ep_rew_mean      | -9.4     |
|    exploration_rate | 0.1      |
| time/               |          |
|    episodes         | 16556    |
|    fps              | 199      |
|    time_elapsed     | 1933     |
|    total_timesteps  | 1386329  |
| train/              |          |
|    learning_rate    | 0.0001   |
|    loss             | 0.0197   |
|    n_updates        | 344081   |
----------------------------------
----------------------------------
| rollout/            |          |
|    ep_len_mean      | 206      |
|    ep_rew_mean      | -9.97    |
|    exploration_rate | 0.1      |
| time/               |          |
|    episodes         | 16560    |
|    fps              | 199      |
|    time_elapsed     | 1937     |
|    total_timesteps  | 1387171  |
| train/              |          |
|    learning_rate    | 0.0001   |
|    loss             | 0.236    |
|    n_updates        | 344291   |
----------------------------------
----------------------------------
| rollout/            |          |
|    ep_len_mean      | 195      |
|    ep_rew_mean      | -10.4    |
|    exploration_rate | 0.1      |
| time/               |          |
|    episodes         | 16564    |
|    fps              | 199      |
|    time_elapsed     | 1941     |
|    total_timesteps  | 1387929  |
| train/              |          |
|    learning_rate    | 0.0001   |
|    loss             | 1.07     |
|    n_updates        | 344481   |
----------------------------------
----------------------------------
| rollout/            |          |
|    ep_len_mean      | 198      |
|    ep_rew_mean      | -11.7    |
|    exploration_rate | 0.1      |
| time/               |          |
|    episodes         | 16568    |
|    fps              | 199      |
|    time_elapsed     | 1945     |
|    total_timesteps  | 1388765  |
| train/              |          |
|    learning_rate    | 0.0001   |
|    loss             | 0.241    |
|    n_updates        | 344690   |
----------------------------------
----------------------------------
| rollout/            |          |
|    ep_len_mean      | 193      |
|    ep_rew_mean      | -10.6    |
|    exploration_rate | 0.1      |
| time/               |          |
|    episodes         | 16572    |
|    fps              | 199      |
|    time_elapsed     | 1948     |
|    total_timesteps  | 1389064  |
| train/              |          |
|    learning_rate    | 0.0001   |
|    loss             | 0.232    |
|    n_updates        | 344764   |
----------------------------------
FruitCounts | {'Fruit': 1, 'DecayFruit': 1, 'EnemyFruit': 7} |
----------------------------------
| rollout/            |          |
|    ep_len_mean      | 202      |
|    ep_rew_mean      | -11.8    |
|    exploration_rate | 0.1      |
| time/               |          |
|    episodes         | 16576    |
|    fps              | 199      |
|    time_elapsed     | 1955     |
|    total_timesteps  | 1390635  |
| train/              |          |
|    learning_rate    | 0.0001   |
|    loss             | 0.215    |
|    n_updates        | 345157   |
----------------------------------
----------------------------------
| rollout/            |          |
|    ep_len_mean      | 197      |
|    ep_rew_mean      | -12.3    |
|    exploration_rate | 0.1      |
| time/               |          |
|    episodes         | 16580    |
|    fps              | 199      |
|    time_elapsed     | 1958     |
|    total_timesteps  | 1391311  |
| train/              |          |
|    learning_rate    | 0.0001   |
|    loss             | 0.0247   |
|    n_updates        | 345326   |
----------------------------------
----------------------------------
| rollout/            |          |
|    ep_len_mean      | 204      |
|    ep_rew_mean      | -12.8    |
|    exploration_rate | 0.1      |
| time/               |          |
|    episodes         | 16584    |
|    fps              | 199      |
|    time_elapsed     | 1965     |
|    total_timesteps  | 1392789  |
| train/              |          |
|    learning_rate    | 0.0001   |
|    loss             | 0.00659  |
|    n_updates        | 345696   |
----------------------------------
----------------------------------
| rollout/            |          |
|    ep_len_mean      | 204      |
|    ep_rew_mean      | -12.3    |
|    exploration_rate | 0.1      |
| time/               |          |
|    episodes         | 16588    |
|    fps              | 199      |
|    time_elapsed     | 1969     |
|    total_timesteps  | 1393623  |
| train/              |          |
|    learning_rate    | 0.0001   |
|    loss             | 0.03     |
|    n_updates        | 345904   |
----------------------------------
----------------------------------
| rollout/            |          |
|    ep_len_mean      | 206      |
|    ep_rew_mean      | -12.3    |
|    exploration_rate | 0.1      |
| time/               |          |
|    episodes         | 16592    |
|    fps              | 199      |
|    time_elapsed     | 1972     |
|    total_timesteps  | 1394201  |
| train/              |          |
|    learning_rate    | 0.0001   |
|    loss             | 0.616    |
|    n_updates        | 346049   |
----------------------------------
----------------------------------
| rollout/            |          |
|    ep_len_mean      | 200      |
|    ep_rew_mean      | -11.6    |
|    exploration_rate | 0.1      |
| time/               |          |
|    episodes         | 16596    |
|    fps              | 199      |
|    time_elapsed     | 1975     |
|    total_timesteps  | 1394642  |
| train/              |          |
|    learning_rate    | 0.0001   |
|    loss             | 0.0155   |
|    n_updates        | 346159   |
----------------------------------
----------------------------------
| rollout/            |          |
|    ep_len_mean      | 198      |
|    ep_rew_mean      | -12.4    |
|    exploration_rate | 0.1      |
| time/               |          |
|    episodes         | 16600    |
|    fps              | 199      |
|    time_elapsed     | 1978     |
|    total_timesteps  | 1395315  |
| train/              |          |
|    learning_rate    | 0.0001   |
|    loss             | 0.407    |
|    n_updates        | 346327   |
----------------------------------
----------------------------------
| rollout/            |          |
|    ep_len_mean      | 206      |
|    ep_rew_mean      | -12.2    |
|    exploration_rate | 0.1      |
| time/               |          |
|    episodes         | 16604    |
|    fps              | 199      |
|    time_elapsed     | 1986     |
|    total_timesteps  | 1397233  |
| train/              |          |
|    learning_rate    | 0.0001   |
|    loss             | 0.00481  |
|    n_updates        | 346807   |
----------------------------------
----------------------------------
| rollout/            |          |
|    ep_len_mean      | 205      |
|    ep_rew_mean      | -13.2    |
|    exploration_rate | 0.1      |
| time/               |          |
|    episodes         | 16608    |
|    fps              | 199      |
|    time_elapsed     | 1992     |
|    total_timesteps  | 1398354  |
| train/              |          |
|    learning_rate    | 0.0001   |
|    loss             | 0.536    |
|    n_updates        | 347087   |
----------------------------------
----------------------------------
| rollout/            |          |
|    ep_len_mean      | 209      |
|    ep_rew_mean      | -13.9    |
|    exploration_rate | 0.1      |
| time/               |          |
|    episodes         | 16612    |
|    fps              | 200      |
|    time_elapsed     | 1999     |
|    total_timesteps  | 1399992  |
| train/              |          |
|    learning_rate    | 0.0001   |
|    loss             | 0.00324  |
|    n_updates        | 347496   |
----------------------------------
FruitCounts | {'Fruit': 0, 'DecayFruit': 0, 'EnemyFruit': 0} |
----------------------------------
| rollout/            |          |
|    ep_len_mean      | 207      |
|    ep_rew_mean      | -13.6    |
|    exploration_rate | 0.1      |
| time/               |          |
|    episodes         | 16616    |
|    fps              | 200      |
|    time_elapsed     | 2002     |
|    total_timesteps  | 1400471  |
| train/              |          |
|    learning_rate    | 0.0001   |
|    loss             | 0.842    |
|    n_updates        | 347616   |
----------------------------------
----------------------------------
| rollout/            |          |
|    ep_len_mean      | 205      |
|    ep_rew_mean      | -13.7    |
|    exploration_rate | 0.1      |
| time/               |          |
|    episodes         | 16620    |
|    fps              | 200      |
|    time_elapsed     | 2006     |
|    total_timesteps  | 1401237  |
| train/              |          |
|    learning_rate    | 0.0001   |
|    loss             | 0.625    |
|    n_updates        | 347808   |
----------------------------------
----------------------------------
| rollout/            |          |
|    ep_len_mean      | 208      |
|    ep_rew_mean      | -13.7    |
|    exploration_rate | 0.1      |
| time/               |          |
|    episodes         | 16624    |
|    fps              | 200      |
|    time_elapsed     | 2010     |
|    total_timesteps  | 1402147  |
| train/              |          |
|    learning_rate    | 0.0001   |
|    loss             | 0.0045   |
|    n_updates        | 348035   |
----------------------------------
----------------------------------
| rollout/            |          |
|    ep_len_mean      | 214      |
|    ep_rew_mean      | -13.6    |
|    exploration_rate | 0.1      |
| time/               |          |
|    episodes         | 16628    |
|    fps              | 200      |
|    time_elapsed     | 2016     |
|    total_timesteps  | 1403373  |
| train/              |          |
|    learning_rate    | 0.0001   |
|    loss             | 0.00381  |
|    n_updates        | 348342   |
----------------------------------
----------------------------------
| rollout/            |          |
|    ep_len_mean      | 220      |
|    ep_rew_mean      | -13.7    |
|    exploration_rate | 0.1      |
| time/               |          |
|    episodes         | 16632    |
|    fps              | 200      |
|    time_elapsed     | 2022     |
|    total_timesteps  | 1404698  |
| train/              |          |
|    learning_rate    | 0.0001   |
|    loss             | 0.0113   |
|    n_updates        | 348673   |
----------------------------------
----------------------------------
| rollout/            |          |
|    ep_len_mean      | 214      |
|    ep_rew_mean      | -13      |
|    exploration_rate | 0.1      |
| time/               |          |
|    episodes         | 16636    |
|    fps              | 200      |
|    time_elapsed     | 2024     |
|    total_timesteps  | 1405023  |
| train/              |          |
|    learning_rate    | 0.0001   |
|    loss             | 0.00295  |
|    n_updates        | 348754   |
----------------------------------
----------------------------------
| rollout/            |          |
|    ep_len_mean      | 221      |
|    ep_rew_mean      | -13.8    |
|    exploration_rate | 0.1      |
| time/               |          |
|    episodes         | 16640    |
|    fps              | 200      |
|    time_elapsed     | 2030     |
|    total_timesteps  | 1406276  |
| train/              |          |
|    learning_rate    | 0.0001   |
|    loss             | 0.0143   |
|    n_updates        | 349067   |
----------------------------------
----------------------------------
| rollout/            |          |
|    ep_len_mean      | 219      |
|    ep_rew_mean      | -12.9    |
|    exploration_rate | 0.1      |
| time/               |          |
|    episodes         | 16644    |
|    fps              | 199      |
|    time_elapsed     | 2032     |
|    total_timesteps  | 1406520  |
| train/              |          |
|    learning_rate    | 0.0001   |
|    loss             | 0.00338  |
|    n_updates        | 349128   |
----------------------------------
----------------------------------
| rollout/            |          |
|    ep_len_mean      | 223      |
|    ep_rew_mean      | -14.3    |
|    exploration_rate | 0.1      |
| time/               |          |
|    episodes         | 16648    |
|    fps              | 199      |
|    time_elapsed     | 2036     |
|    total_timesteps  | 1407288  |
| train/              |          |
|    learning_rate    | 0.0001   |
|    loss             | 0.447    |
|    n_updates        | 349320   |
----------------------------------
----------------------------------
| rollout/            |          |
|    ep_len_mean      | 223      |
|    ep_rew_mean      | -15.4    |
|    exploration_rate | 0.1      |
| time/               |          |
|    episodes         | 16652    |
|    fps              | 199      |
|    time_elapsed     | 2040     |
|    total_timesteps  | 1407958  |
| train/              |          |
|    learning_rate    | 0.0001   |
|    loss             | 0.458    |
|    n_updates        | 349488   |
----------------------------------
----------------------------------
| rollout/            |          |
|    ep_len_mean      | 231      |
|    ep_rew_mean      | -16      |
|    exploration_rate | 0.1      |
| time/               |          |
|    episodes         | 16656    |
|    fps              | 200      |
|    time_elapsed     | 2046     |
|    total_timesteps  | 1409467  |
| train/              |          |
|    learning_rate    | 0.0001   |
|    loss             | 0.23     |
|    n_updates        | 349865   |
----------------------------------
FruitCounts | {'Fruit': 0, 'DecayFruit': 0, 'EnemyFruit': 0} |
----------------------------------
| rollout/            |          |
|    ep_len_mean      | 229      |
|    ep_rew_mean      | -14.7    |
|    exploration_rate | 0.1      |
| time/               |          |
|    episodes         | 16660    |
|    fps              | 199      |
|    time_elapsed     | 2050     |
|    total_timesteps  | 1410096  |
| train/              |          |
|    learning_rate    | 0.0001   |
|    loss             | 0.234    |
|    n_updates        | 350022   |
----------------------------------
----------------------------------
| rollout/            |          |
|    ep_len_mean      | 229      |
|    ep_rew_mean      | -15.3    |
|    exploration_rate | 0.1      |
| time/               |          |
|    episodes         | 16664    |
|    fps              | 199      |
|    time_elapsed     | 2054     |
|    total_timesteps  | 1410855  |
| train/              |          |
|    learning_rate    | 0.0001   |
|    loss             | 0.00443  |
|    n_updates        | 350212   |
----------------------------------
----------------------------------
| rollout/            |          |
|    ep_len_mean      | 237      |
|    ep_rew_mean      | -14      |
|    exploration_rate | 0.1      |
| time/               |          |
|    episodes         | 16668    |
|    fps              | 200      |
|    time_elapsed     | 2061     |
|    total_timesteps  | 1412506  |
| train/              |          |
|    learning_rate    | 0.0001   |
|    loss             | 0.466    |
|    n_updates        | 350625   |
----------------------------------
----------------------------------
| rollout/            |          |
|    ep_len_mean      | 246      |
|    ep_rew_mean      | -14.8    |
|    exploration_rate | 0.1      |
| time/               |          |
|    episodes         | 16672    |
|    fps              | 200      |
|    time_elapsed     | 2067     |
|    total_timesteps  | 1413670  |
| train/              |          |
|    learning_rate    | 0.0001   |
|    loss             | 0.0423   |
|    n_updates        | 350916   |
----------------------------------
----------------------------------
| rollout/            |          |
|    ep_len_mean      | 238      |
|    ep_rew_mean      | -14.1    |
|    exploration_rate | 0.1      |
| time/               |          |
|    episodes         | 16676    |
|    fps              | 200      |
|    time_elapsed     | 2071     |
|    total_timesteps  | 1414446  |
| train/              |          |
|    learning_rate    | 0.0001   |
|    loss             | 0.31     |
|    n_updates        | 351110   |
----------------------------------
----------------------------------
| rollout/            |          |
|    ep_len_mean      | 248      |
|    ep_rew_mean      | -14.7    |
|    exploration_rate | 0.1      |
| time/               |          |
|    episodes         | 16680    |
|    fps              | 200      |
|    time_elapsed     | 2078     |
|    total_timesteps  | 1416110  |
| train/              |          |
|    learning_rate    | 0.0001   |
|    loss             | 0.00339  |
|    n_updates        | 351526   |
----------------------------------
----------------------------------
| rollout/            |          |
|    ep_len_mean      | 237      |
|    ep_rew_mean      | -13.6    |
|    exploration_rate | 0.1      |
| time/               |          |
|    episodes         | 16684    |
|    fps              | 200      |
|    time_elapsed     | 2080     |
|    total_timesteps  | 1416511  |
| train/              |          |
|    learning_rate    | 0.0001   |
|    loss             | 0.233    |
|    n_updates        | 351626   |
----------------------------------
----------------------------------
| rollout/            |          |
|    ep_len_mean      | 235      |
|    ep_rew_mean      | -14.3    |
|    exploration_rate | 0.1      |
| time/               |          |
|    episodes         | 16688    |
|    fps              | 200      |
|    time_elapsed     | 2084     |
|    total_timesteps  | 1417127  |
| train/              |          |
|    learning_rate    | 0.0001   |
|    loss             | 0.762    |
|    n_updates        | 351780   |
----------------------------------
----------------------------------
| rollout/            |          |
|    ep_len_mean      | 240      |
|    ep_rew_mean      | -14.1    |
|    exploration_rate | 0.1      |
| time/               |          |
|    episodes         | 16692    |
|    fps              | 200      |
|    time_elapsed     | 2089     |
|    total_timesteps  | 1418159  |
| train/              |          |
|    learning_rate    | 0.0001   |
|    loss             | 0.00388  |
|    n_updates        | 352038   |
----------------------------------
----------------------------------
| rollout/            |          |
|    ep_len_mean      | 240      |
|    ep_rew_mean      | -14.7    |
|    exploration_rate | 0.1      |
| time/               |          |
|    episodes         | 16696    |
|    fps              | 200      |
|    time_elapsed     | 2091     |
|    total_timesteps  | 1418598  |
| train/              |          |
|    learning_rate    | 0.0001   |
|    loss             | 0.655    |
|    n_updates        | 352148   |
----------------------------------
----------------------------------
| rollout/            |          |
|    ep_len_mean      | 241      |
|    ep_rew_mean      | -14.6    |
|    exploration_rate | 0.1      |
| time/               |          |
|    episodes         | 16700    |
|    fps              | 200      |
|    time_elapsed     | 2095     |
|    total_timesteps  | 1419375  |
| train/              |          |
|    learning_rate    | 0.0001   |
|    loss             | 0.00505  |
|    n_updates        | 352342   |
----------------------------------
FruitCounts | {'Fruit': 0, 'DecayFruit': 0, 'EnemyFruit': 0} |
----------------------------------
| rollout/            |          |
|    ep_len_mean      | 241      |
|    ep_rew_mean      | -15.2    |
|    exploration_rate | 0.1      |
| time/               |          |
|    episodes         | 16704    |
|    fps              | 200      |
|    time_elapsed     | 2104     |
|    total_timesteps  | 1421289  |
| train/              |          |
|    learning_rate    | 0.0001   |
|    loss             | 0.00379  |
|    n_updates        | 352821   |
----------------------------------
----------------------------------
| rollout/            |          |
|    ep_len_mean      | 247      |
|    ep_rew_mean      | -14      |
|    exploration_rate | 0.1      |
| time/               |          |
|    episodes         | 16708    |
|    fps              | 200      |
|    time_elapsed     | 2111     |
|    total_timesteps  | 1423008  |
| train/              |          |
|    learning_rate    | 0.0001   |
|    loss             | 0.308    |
|    n_updates        | 353250   |
----------------------------------
----------------------------------
| rollout/            |          |
|    ep_len_mean      | 234      |
|    ep_rew_mean      | -14      |
|    exploration_rate | 0.1      |
| time/               |          |
|    episodes         | 16712    |
|    fps              | 200      |
|    time_elapsed     | 2114     |
|    total_timesteps  | 1423416  |
| train/              |          |
|    learning_rate    | 0.0001   |
|    loss             | 0.21     |
|    n_updates        | 353352   |
----------------------------------
----------------------------------
| rollout/            |          |
|    ep_len_mean      | 239      |
|    ep_rew_mean      | -14      |
|    exploration_rate | 0.1      |
| time/               |          |
|    episodes         | 16716    |
|    fps              | 200      |
|    time_elapsed     | 2118     |
|    total_timesteps  | 1424341  |
| train/              |          |
|    learning_rate    | 0.0001   |
|    loss             | 0.00415  |
|    n_updates        | 353584   |
----------------------------------
----------------------------------
| rollout/            |          |
|    ep_len_mean      | 237      |
|    ep_rew_mean      | -14.2    |
|    exploration_rate | 0.1      |
| time/               |          |
|    episodes         | 16720    |
|    fps              | 200      |
|    time_elapsed     | 2121     |
|    total_timesteps  | 1424928  |
| train/              |          |
|    learning_rate    | 0.0001   |
|    loss             | 0.0116   |
|    n_updates        | 353730   |
----------------------------------
----------------------------------
| rollout/            |          |
|    ep_len_mean      | 244      |
|    ep_rew_mean      | -13.5    |
|    exploration_rate | 0.1      |
| time/               |          |
|    episodes         | 16724    |
|    fps              | 200      |
|    time_elapsed     | 2128     |
|    total_timesteps  | 1426514  |
| train/              |          |
|    learning_rate    | 0.0001   |
|    loss             | 0.00389  |
|    n_updates        | 354127   |
----------------------------------
----------------------------------
| rollout/            |          |
|    ep_len_mean      | 238      |
|    ep_rew_mean      | -14.1    |
|    exploration_rate | 0.1      |
| time/               |          |
|    episodes         | 16728    |
|    fps              | 200      |
|    time_elapsed     | 2131     |
|    total_timesteps  | 1427131  |
| train/              |          |
|    learning_rate    | 0.0001   |
|    loss             | 0.308    |
|    n_updates        | 354281   |
----------------------------------
----------------------------------
| rollout/            |          |
|    ep_len_mean      | 231      |
|    ep_rew_mean      | -13.5    |
|    exploration_rate | 0.1      |
| time/               |          |
|    episodes         | 16732    |
|    fps              | 200      |
|    time_elapsed     | 2135     |
|    total_timesteps  | 1427773  |
| train/              |          |
|    learning_rate    | 0.0001   |
|    loss             | 0.232    |
|    n_updates        | 354442   |
----------------------------------
----------------------------------
| rollout/            |          |
|    ep_len_mean      | 235      |
|    ep_rew_mean      | -13.3    |
|    exploration_rate | 0.1      |
| time/               |          |
|    episodes         | 16736    |
|    fps              | 200      |
|    time_elapsed     | 2139     |
|    total_timesteps  | 1428549  |
| train/              |          |
|    learning_rate    | 0.0001   |
|    loss             | 0.00341  |
|    n_updates        | 354636   |
----------------------------------
----------------------------------
| rollout/            |          |
|    ep_len_mean      | 228      |
|    ep_rew_mean      | -13      |
|    exploration_rate | 0.1      |
| time/               |          |
|    episodes         | 16740    |
|    fps              | 200      |
|    time_elapsed     | 2142     |
|    total_timesteps  | 1429093  |
| train/              |          |
|    learning_rate    | 0.0001   |
|    loss             | 0.228    |
|    n_updates        | 354772   |
----------------------------------
----------------------------------
| rollout/            |          |
|    ep_len_mean      | 230      |
|    ep_rew_mean      | -13.7    |
|    exploration_rate | 0.1      |
| time/               |          |
|    episodes         | 16744    |
|    fps              | 200      |
|    time_elapsed     | 2145     |
|    total_timesteps  | 1429482  |
| train/              |          |
|    learning_rate    | 0.0001   |
|    loss             | 0.00567  |
|    n_updates        | 354869   |
----------------------------------
----------------------------------
| rollout/            |          |
|    ep_len_mean      | 226      |
|    ep_rew_mean      | -12.9    |
|    exploration_rate | 0.1      |
| time/               |          |
|    episodes         | 16748    |
|    fps              | 200      |
|    time_elapsed     | 2148     |
|    total_timesteps  | 1429907  |
| train/              |          |
|    learning_rate    | 0.0001   |
|    loss             | 0.0161   |
|    n_updates        | 354975   |
----------------------------------
FruitCounts | {'Fruit': 1, 'DecayFruit': 0, 'EnemyFruit': 0} |
----------------------------------
| rollout/            |          |
|    ep_len_mean      | 224      |
|    ep_rew_mean      | -11.6    |
|    exploration_rate | 0.1      |
| time/               |          |
|    episodes         | 16752    |
|    fps              | 200      |
|    time_elapsed     | 2151     |
|    total_timesteps  | 1430391  |
| train/              |          |
|    learning_rate    | 0.0001   |
|    loss             | 0.00465  |
|    n_updates        | 355096   |
----------------------------------
----------------------------------
| rollout/            |          |
|    ep_len_mean      | 221      |
|    ep_rew_mean      | -12      |
|    exploration_rate | 0.1      |
| time/               |          |
|    episodes         | 16756    |
|    fps              | 200      |
|    time_elapsed     | 2156     |
|    total_timesteps  | 1431526  |
| train/              |          |
|    learning_rate    | 0.0001   |
|    loss             | 0.316    |
|    n_updates        | 355380   |
----------------------------------
----------------------------------
| rollout/            |          |
|    ep_len_mean      | 227      |
|    ep_rew_mean      | -12.1    |
|    exploration_rate | 0.1      |
| time/               |          |
|    episodes         | 16760    |
|    fps              | 200      |
|    time_elapsed     | 2162     |
|    total_timesteps  | 1432835  |
| train/              |          |
|    learning_rate    | 0.0001   |
|    loss             | 0.673    |
|    n_updates        | 355707   |
----------------------------------
----------------------------------
| rollout/            |          |
|    ep_len_mean      | 235      |
|    ep_rew_mean      | -11.8    |
|    exploration_rate | 0.1      |
| time/               |          |
|    episodes         | 16764    |
|    fps              | 200      |
|    time_elapsed     | 2169     |
|    total_timesteps  | 1434348  |
| train/              |          |
|    learning_rate    | 0.0001   |
|    loss             | 0.213    |
|    n_updates        | 356085   |
----------------------------------
----------------------------------
| rollout/            |          |
|    ep_len_mean      | 220      |
|    ep_rew_mean      | -12.2    |
|    exploration_rate | 0.1      |
| time/               |          |
|    episodes         | 16768    |
|    fps              | 200      |
|    time_elapsed     | 2170     |
|    total_timesteps  | 1434539  |
| train/              |          |
|    learning_rate    | 0.0001   |
|    loss             | 0.31     |
|    n_updates        | 356133   |
----------------------------------
----------------------------------
| rollout/            |          |
|    ep_len_mean      | 218      |
|    ep_rew_mean      | -11.3    |
|    exploration_rate | 0.1      |
| time/               |          |
|    episodes         | 16772    |
|    fps              | 200      |
|    time_elapsed     | 2175     |
|    total_timesteps  | 1435440  |
| train/              |          |
|    learning_rate    | 0.0001   |
|    loss             | 0.00522  |
|    n_updates        | 356358   |
----------------------------------
----------------------------------
| rollout/            |          |
|    ep_len_mean      | 220      |
|    ep_rew_mean      | -11.4    |
|    exploration_rate | 0.1      |
| time/               |          |
|    episodes         | 16776    |
|    fps              | 200      |
|    time_elapsed     | 2180     |
|    total_timesteps  | 1436449  |
| train/              |          |
|    learning_rate    | 0.0001   |
|    loss             | 0.611    |
|    n_updates        | 356611   |
----------------------------------
----------------------------------
| rollout/            |          |
|    ep_len_mean      | 216      |
|    ep_rew_mean      | -11.3    |
|    exploration_rate | 0.1      |
| time/               |          |
|    episodes         | 16780    |
|    fps              | 200      |
|    time_elapsed     | 2186     |
|    total_timesteps  | 1437751  |
| train/              |          |
|    learning_rate    | 0.0001   |
|    loss             | 0.323    |
|    n_updates        | 356936   |
----------------------------------
----------------------------------
| rollout/            |          |
|    ep_len_mean      | 215      |
|    ep_rew_mean      | -11.3    |
|    exploration_rate | 0.1      |
| time/               |          |
|    episodes         | 16784    |
|    fps              | 200      |
|    time_elapsed     | 2188     |
|    total_timesteps  | 1437965  |
| train/              |          |
|    learning_rate    | 0.0001   |
|    loss             | 0.533    |
|    n_updates        | 356990   |
----------------------------------
----------------------------------
| rollout/            |          |
|    ep_len_mean      | 215      |
|    ep_rew_mean      | -11.4    |
|    exploration_rate | 0.1      |
| time/               |          |
|    episodes         | 16788    |
|    fps              | 200      |
|    time_elapsed     | 2191     |
|    total_timesteps  | 1438676  |
| train/              |          |
|    learning_rate    | 0.0001   |
|    loss             | 0.231    |
|    n_updates        | 357167   |
----------------------------------
----------------------------------
| rollout/            |          |
|    ep_len_mean      | 212      |
|    ep_rew_mean      | -11.6    |
|    exploration_rate | 0.1      |
| time/               |          |
|    episodes         | 16792    |
|    fps              | 200      |
|    time_elapsed     | 2195     |
|    total_timesteps  | 1439406  |
| train/              |          |
|    learning_rate    | 0.0001   |
|    loss             | 0.375    |
|    n_updates        | 357350   |
----------------------------------
FruitCounts | {'Fruit': 0, 'DecayFruit': 1, 'EnemyFruit': 2} |
----------------------------------
| rollout/            |          |
|    ep_len_mean      | 218      |
|    ep_rew_mean      | -11.1    |
|    exploration_rate | 0.1      |
| time/               |          |
|    episodes         | 16796    |
|    fps              | 200      |
|    time_elapsed     | 2200     |
|    total_timesteps  | 1440376  |
| train/              |          |
|    learning_rate    | 0.0001   |
|    loss             | 0.0188   |
|    n_updates        | 357592   |
----------------------------------
----------------------------------
| rollout/            |          |
|    ep_len_mean      | 216      |
|    ep_rew_mean      | -11.2    |
|    exploration_rate | 0.1      |
| time/               |          |
|    episodes         | 16800    |
|    fps              | 200      |
|    time_elapsed     | 2203     |
|    total_timesteps  | 1440933  |
| train/              |          |
|    learning_rate    | 0.0001   |
|    loss             | 0.00495  |
|    n_updates        | 357732   |
----------------------------------
----------------------------------
| rollout/            |          |
|    ep_len_mean      | 199      |
|    ep_rew_mean      | -10.1    |
|    exploration_rate | 0.1      |
| time/               |          |
|    episodes         | 16804    |
|    fps              | 200      |
|    time_elapsed     | 2205     |
|    total_timesteps  | 1441215  |
| train/              |          |
|    learning_rate    | 0.0001   |
|    loss             | 0.457    |
|    n_updates        | 357802   |
----------------------------------
----------------------------------
| rollout/            |          |
|    ep_len_mean      | 184      |
|    ep_rew_mean      | -10.7    |
|    exploration_rate | 0.1      |
| time/               |          |
|    episodes         | 16808    |
|    fps              | 199      |
|    time_elapsed     | 2207     |
|    total_timesteps  | 1441425  |
| train/              |          |
|    learning_rate    | 0.0001   |
|    loss             | 0.231    |
|    n_updates        | 357855   |
----------------------------------
----------------------------------
| rollout/            |          |
|    ep_len_mean      | 187      |
|    ep_rew_mean      | -10.9    |
|    exploration_rate | 0.1      |
| time/               |          |
|    episodes         | 16812    |
|    fps              | 199      |
|    time_elapsed     | 2210     |
|    total_timesteps  | 1442068  |
| train/              |          |
|    learning_rate    | 0.0001   |
|    loss             | 0.0188   |
|    n_updates        | 358015   |
----------------------------------
----------------------------------
| rollout/            |          |
|    ep_len_mean      | 199      |
|    ep_rew_mean      | -11.4    |
|    exploration_rate | 0.1      |
| time/               |          |
|    episodes         | 16816    |
|    fps              | 200      |
|    time_elapsed     | 2220     |
|    total_timesteps  | 1444218  |
| train/              |          |
|    learning_rate    | 0.0001   |
|    loss             | 0.0159   |
|    n_updates        | 358553   |
----------------------------------
----------------------------------
| rollout/            |          |
|    ep_len_mean      | 199      |
|    ep_rew_mean      | -11.7    |
|    exploration_rate | 0.1      |
| time/               |          |
|    episodes         | 16820    |
|    fps              | 200      |
|    time_elapsed     | 2223     |
|    total_timesteps  | 1444833  |
| train/              |          |
|    learning_rate    | 0.0001   |
|    loss             | 0.243    |
|    n_updates        | 358707   |
----------------------------------
----------------------------------
| rollout/            |          |
|    ep_len_mean      | 193      |
|    ep_rew_mean      | -12.3    |
|    exploration_rate | 0.1      |
| time/               |          |
|    episodes         | 16824    |
|    fps              | 200      |
|    time_elapsed     | 2228     |
|    total_timesteps  | 1445775  |
| train/              |          |
|    learning_rate    | 0.0001   |
|    loss             | 0.00584  |
|    n_updates        | 358942   |
----------------------------------
----------------------------------
| rollout/            |          |
|    ep_len_mean      | 191      |
|    ep_rew_mean      | -12.7    |
|    exploration_rate | 0.1      |
| time/               |          |
|    episodes         | 16828    |
|    fps              | 199      |
|    time_elapsed     | 2231     |
|    total_timesteps  | 1446241  |
| train/              |          |
|    learning_rate    | 0.0001   |
|    loss             | 0.00369  |
|    n_updates        | 359059   |
----------------------------------
----------------------------------
| rollout/            |          |
|    ep_len_mean      | 195      |
|    ep_rew_mean      | -13.1    |
|    exploration_rate | 0.1      |
| time/               |          |
|    episodes         | 16832    |
|    fps              | 199      |
|    time_elapsed     | 2236     |
|    total_timesteps  | 1447301  |
| train/              |          |
|    learning_rate    | 0.0001   |
|    loss             | 0.00664  |
|    n_updates        | 359324   |
----------------------------------
----------------------------------
| rollout/            |          |
|    ep_len_mean      | 196      |
|    ep_rew_mean      | -13.1    |
|    exploration_rate | 0.1      |
| time/               |          |
|    episodes         | 16836    |
|    fps              | 199      |
|    time_elapsed     | 2241     |
|    total_timesteps  | 1448179  |
| train/              |          |
|    learning_rate    | 0.0001   |
|    loss             | 0.684    |
|    n_updates        | 359543   |
----------------------------------
----------------------------------
| rollout/            |          |
|    ep_len_mean      | 205      |
|    ep_rew_mean      | -12.2    |
|    exploration_rate | 0.1      |
| time/               |          |
|    episodes         | 16840    |
|    fps              | 200      |
|    time_elapsed     | 2247     |
|    total_timesteps  | 1449569  |
| train/              |          |
|    learning_rate    | 0.0001   |
|    loss             | 0.00705  |
|    n_updates        | 359891   |
----------------------------------
FruitCounts | {'Fruit': 0, 'DecayFruit': 0, 'EnemyFruit': 1} |
----------------------------------
| rollout/            |          |
|    ep_len_mean      | 211      |
|    ep_rew_mean      | -12      |
|    exploration_rate | 0.1      |
| time/               |          |
|    episodes         | 16844    |
|    fps              | 200      |
|    time_elapsed     | 2252     |
|    total_timesteps  | 1450617  |
| train/              |          |
|    learning_rate    | 0.0001   |
|    loss             | 0.2      |
|    n_updates        | 360153   |
----------------------------------
----------------------------------
| rollout/            |          |
|    ep_len_mean      | 213      |
|    ep_rew_mean      | -11.8    |
|    exploration_rate | 0.1      |
| time/               |          |
|    episodes         | 16848    |
|    fps              | 200      |
|    time_elapsed     | 2255     |
|    total_timesteps  | 1451161  |
| train/              |          |
|    learning_rate    | 0.0001   |
|    loss             | 0.00426  |
|    n_updates        | 360289   |
----------------------------------
----------------------------------
| rollout/            |          |
|    ep_len_mean      | 217      |
|    ep_rew_mean      | -13.2    |
|    exploration_rate | 0.1      |
| time/               |          |
|    episodes         | 16852    |
|    fps              | 200      |
|    time_elapsed     | 2259     |
|    total_timesteps  | 1452049  |
| train/              |          |
|    learning_rate    | 0.0001   |
|    loss             | 0.211    |
|    n_updates        | 360511   |
----------------------------------
----------------------------------
| rollout/            |          |
|    ep_len_mean      | 209      |
|    ep_rew_mean      | -12.2    |
|    exploration_rate | 0.1      |
| time/               |          |
|    episodes         | 16856    |
|    fps              | 200      |
|    time_elapsed     | 2261     |
|    total_timesteps  | 1452387  |
| train/              |          |
|    learning_rate    | 0.0001   |
|    loss             | 0.759    |
|    n_updates        | 360595   |
----------------------------------
----------------------------------
| rollout/            |          |
|    ep_len_mean      | 206      |
|    ep_rew_mean      | -12.4    |
|    exploration_rate | 0.1      |
| time/               |          |
|    episodes         | 16860    |
|    fps              | 199      |
|    time_elapsed     | 2267     |
|    total_timesteps  | 1453398  |
| train/              |          |
|    learning_rate    | 0.0001   |
|    loss             | 0.00433  |
|    n_updates        | 360848   |
----------------------------------
----------------------------------
| rollout/            |          |
|    ep_len_mean      | 214      |
|    ep_rew_mean      | -12.6    |
|    exploration_rate | 0.1      |
| time/               |          |
|    episodes         | 16864    |
|    fps              | 200      |
|    time_elapsed     | 2277     |
|    total_timesteps  | 1455760  |
| train/              |          |
|    learning_rate    | 0.0001   |
|    loss             | 0.217    |
|    n_updates        | 361438   |
----------------------------------
----------------------------------
| rollout/            |          |
|    ep_len_mean      | 234      |
|    ep_rew_mean      | -12.8    |
|    exploration_rate | 0.1      |
| time/               |          |
|    episodes         | 16868    |
|    fps              | 200      |
|    time_elapsed     | 2286     |
|    total_timesteps  | 1457985  |
| train/              |          |
|    learning_rate    | 0.0001   |
|    loss             | 0.00344  |
|    n_updates        | 361995   |
----------------------------------
----------------------------------
| rollout/            |          |
|    ep_len_mean      | 228      |
|    ep_rew_mean      | -12.7    |
|    exploration_rate | 0.1      |
| time/               |          |
|    episodes         | 16872    |
|    fps              | 200      |
|    time_elapsed     | 2288     |
|    total_timesteps  | 1458255  |
| train/              |          |
|    learning_rate    | 0.0001   |
|    loss             | 0.211    |
|    n_updates        | 362062   |
----------------------------------
----------------------------------
| rollout/            |          |
|    ep_len_mean      | 225      |
|    ep_rew_mean      | -12.3    |
|    exploration_rate | 0.1      |
| time/               |          |
|    episodes         | 16876    |
|    fps              | 200      |
|    time_elapsed     | 2291     |
|    total_timesteps  | 1458907  |
| train/              |          |
|    learning_rate    | 0.0001   |
|    loss             | 0.00326  |
|    n_updates        | 362225   |
----------------------------------
----------------------------------
| rollout/            |          |
|    ep_len_mean      | 220      |
|    ep_rew_mean      | -11.5    |
|    exploration_rate | 0.1      |
| time/               |          |
|    episodes         | 16880    |
|    fps              | 200      |
|    time_elapsed     | 2296     |
|    total_timesteps  | 1459733  |
| train/              |          |
|    learning_rate    | 0.0001   |
|    loss             | 0.0126   |
|    n_updates        | 362432   |
----------------------------------
FruitCounts | {'Fruit': 0, 'DecayFruit': 0, 'EnemyFruit': 3} |
----------------------------------
| rollout/            |          |
|    ep_len_mean      | 231      |
|    ep_rew_mean      | -11.6    |
|    exploration_rate | 0.1      |
| time/               |          |
|    episodes         | 16884    |
|    fps              | 200      |
|    time_elapsed     | 2302     |
|    total_timesteps  | 1461096  |
| train/              |          |
|    learning_rate    | 0.0001   |
|    loss             | 0.00403  |
|    n_updates        | 362772   |
----------------------------------
----------------------------------
| rollout/            |          |
|    ep_len_mean      | 233      |
|    ep_rew_mean      | -10.3    |
|    exploration_rate | 0.1      |
| time/               |          |
|    episodes         | 16888    |
|    fps              | 200      |
|    time_elapsed     | 2306     |
|    total_timesteps  | 1461951  |
| train/              |          |
|    learning_rate    | 0.0001   |
|    loss             | 0.00362  |
|    n_updates        | 362986   |
----------------------------------
----------------------------------
| rollout/            |          |
|    ep_len_mean      | 233      |
|    ep_rew_mean      | -10.4    |
|    exploration_rate | 0.1      |
| time/               |          |
|    episodes         | 16892    |
|    fps              | 200      |
|    time_elapsed     | 2310     |
|    total_timesteps  | 1462687  |
| train/              |          |
|    learning_rate    | 0.0001   |
|    loss             | 0.00733  |
|    n_updates        | 363170   |
----------------------------------
----------------------------------
| rollout/            |          |
|    ep_len_mean      | 238      |
|    ep_rew_mean      | -10.6    |
|    exploration_rate | 0.1      |
| time/               |          |
|    episodes         | 16896    |
|    fps              | 200      |
|    time_elapsed     | 2317     |
|    total_timesteps  | 1464127  |
| train/              |          |
|    learning_rate    | 0.0001   |
|    loss             | 0.00672  |
|    n_updates        | 363530   |
----------------------------------
----------------------------------
| rollout/            |          |
|    ep_len_mean      | 234      |
|    ep_rew_mean      | -10.2    |
|    exploration_rate | 0.1      |
| time/               |          |
|    episodes         | 16900    |
|    fps              | 200      |
|    time_elapsed     | 2318     |
|    total_timesteps  | 1464337  |
| train/              |          |
|    learning_rate    | 0.0001   |
|    loss             | 0.00369  |
|    n_updates        | 363583   |
----------------------------------
----------------------------------
| rollout/            |          |
|    ep_len_mean      | 235      |
|    ep_rew_mean      | -9.87    |
|    exploration_rate | 0.1      |
| time/               |          |
|    episodes         | 16904    |
|    fps              | 200      |
|    time_elapsed     | 2321     |
|    total_timesteps  | 1464687  |
| train/              |          |
|    learning_rate    | 0.0001   |
|    loss             | 0.31     |
|    n_updates        | 363670   |
----------------------------------
----------------------------------
| rollout/            |          |
|    ep_len_mean      | 249      |
|    ep_rew_mean      | -9.94    |
|    exploration_rate | 0.1      |
| time/               |          |
|    episodes         | 16908    |
|    fps              | 200      |
|    time_elapsed     | 2328     |
|    total_timesteps  | 1466373  |
| train/              |          |
|    learning_rate    | 0.0001   |
|    loss             | 0.524    |
|    n_updates        | 364092   |
----------------------------------
----------------------------------
| rollout/            |          |
|    ep_len_mean      | 255      |
|    ep_rew_mean      | -9.53    |
|    exploration_rate | 0.1      |
| time/               |          |
|    episodes         | 16912    |
|    fps              | 200      |
|    time_elapsed     | 2334     |
|    total_timesteps  | 1467585  |
| train/              |          |
|    learning_rate    | 0.0001   |
|    loss             | 0.00678  |
|    n_updates        | 364395   |
----------------------------------
----------------------------------
| rollout/            |          |
|    ep_len_mean      | 241      |
|    ep_rew_mean      | -9.12    |
|    exploration_rate | 0.1      |
| time/               |          |
|    episodes         | 16916    |
|    fps              | 200      |
|    time_elapsed     | 2338     |
|    total_timesteps  | 1468339  |
| train/              |          |
|    learning_rate    | 0.0001   |
|    loss             | 0.439    |
|    n_updates        | 364583   |
----------------------------------
----------------------------------
| rollout/            |          |
|    ep_len_mean      | 244      |
|    ep_rew_mean      | -8.96    |
|    exploration_rate | 0.1      |
| time/               |          |
|    episodes         | 16920    |
|    fps              | 200      |
|    time_elapsed     | 2342     |
|    total_timesteps  | 1469245  |
| train/              |          |
|    learning_rate    | 0.0001   |
|    loss             | 0.00527  |
|    n_updates        | 364810   |
----------------------------------
FruitCounts | {'Fruit': 0, 'DecayFruit': 0, 'EnemyFruit': 2} |
----------------------------------
| rollout/            |          |
|    ep_len_mean      | 249      |
|    ep_rew_mean      | -9.63    |
|    exploration_rate | 0.1      |
| time/               |          |
|    episodes         | 16924    |
|    fps              | 200      |
|    time_elapsed     | 2349     |
|    total_timesteps  | 1470653  |
| train/              |          |
|    learning_rate    | 0.0001   |
|    loss             | 0.231    |
|    n_updates        | 365162   |
----------------------------------
----------------------------------
| rollout/            |          |
|    ep_len_mean      | 268      |
|    ep_rew_mean      | -9.7     |
|    exploration_rate | 0.1      |
| time/               |          |
|    episodes         | 16928    |
|    fps              | 200      |
|    time_elapsed     | 2359     |
|    total_timesteps  | 1473065  |
| train/              |          |
|    learning_rate    | 0.0001   |
|    loss             | 0.538    |
|    n_updates        | 365765   |
----------------------------------
----------------------------------
| rollout/            |          |
|    ep_len_mean      | 268      |
|    ep_rew_mean      | -10      |
|    exploration_rate | 0.1      |
| time/               |          |
|    episodes         | 16932    |
|    fps              | 200      |
|    time_elapsed     | 2363     |
|    total_timesteps  | 1474081  |
| train/              |          |
|    learning_rate    | 0.0001   |
|    loss             | 0.459    |
|    n_updates        | 366019   |
----------------------------------
----------------------------------
| rollout/            |          |
|    ep_len_mean      | 284      |
|    ep_rew_mean      | -10.1    |
|    exploration_rate | 0.1      |
| time/               |          |
|    episodes         | 16936    |
|    fps              | 200      |
|    time_elapsed     | 2374     |
|    total_timesteps  | 1476545  |
| train/              |          |
|    learning_rate    | 0.0001   |
|    loss             | 0.0715   |
|    n_updates        | 366635   |
----------------------------------
----------------------------------
| rollout/            |          |
|    ep_len_mean      | 277      |
|    ep_rew_mean      | -10.3    |
|    exploration_rate | 0.1      |
| time/               |          |
|    episodes         | 16940    |
|    fps              | 200      |
|    time_elapsed     | 2378     |
|    total_timesteps  | 1477294  |
| train/              |          |
|    learning_rate    | 0.0001   |
|    loss             | 0.309    |
|    n_updates        | 366822   |
----------------------------------
----------------------------------
| rollout/            |          |
|    ep_len_mean      | 273      |
|    ep_rew_mean      | -10.1    |
|    exploration_rate | 0.1      |
| time/               |          |
|    episodes         | 16944    |
|    fps              | 200      |
|    time_elapsed     | 2381     |
|    total_timesteps  | 1477891  |
| train/              |          |
|    learning_rate    | 0.0001   |
|    loss             | 0.00388  |
|    n_updates        | 366971   |
----------------------------------
----------------------------------
| rollout/            |          |
|    ep_len_mean      | 273      |
|    ep_rew_mean      | -10.6    |
|    exploration_rate | 0.1      |
| time/               |          |
|    episodes         | 16948    |
|    fps              | 200      |
|    time_elapsed     | 2384     |
|    total_timesteps  | 1478418  |
| train/              |          |
|    learning_rate    | 0.0001   |
|    loss             | 0.231    |
|    n_updates        | 367103   |
----------------------------------
----------------------------------
| rollout/            |          |
|    ep_len_mean      | 270      |
|    ep_rew_mean      | -9.76    |
|    exploration_rate | 0.1      |
| time/               |          |
|    episodes         | 16952    |
|    fps              | 200      |
|    time_elapsed     | 2388     |
|    total_timesteps  | 1479064  |
| train/              |          |
|    learning_rate    | 0.0001   |
|    loss             | 0.00419  |
|    n_updates        | 367264   |
----------------------------------
FruitCounts | {'Fruit': 1, 'DecayFruit': 1, 'EnemyFruit': 3} |
----------------------------------
| rollout/            |          |
|    ep_len_mean      | 277      |
|    ep_rew_mean      | -9.98    |
|    exploration_rate | 0.1      |
| time/               |          |
|    episodes         | 16956    |
|    fps              | 200      |
|    time_elapsed     | 2393     |
|    total_timesteps  | 1480108  |
| train/              |          |
|    learning_rate    | 0.0001   |
|    loss             | 0.235    |
|    n_updates        | 367525   |
----------------------------------
----------------------------------
| rollout/            |          |
|    ep_len_mean      | 268      |
|    ep_rew_mean      | -10.1    |
|    exploration_rate | 0.1      |
| time/               |          |
|    episodes         | 16960    |
|    fps              | 200      |
|    time_elapsed     | 2394     |
|    total_timesteps  | 1480209  |
| train/              |          |
|    learning_rate    | 0.0001   |
|    loss             | 0.231    |
|    n_updates        | 367551   |
----------------------------------
----------------------------------
| rollout/            |          |
|    ep_len_mean      | 260      |
|    ep_rew_mean      | -9.93    |
|    exploration_rate | 0.1      |
| time/               |          |
|    episodes         | 16964    |
|    fps              | 200      |
|    time_elapsed     | 2401     |
|    total_timesteps  | 1481735  |
| train/              |          |
|    learning_rate    | 0.0001   |
|    loss             | 0.655    |
|    n_updates        | 367932   |
----------------------------------
----------------------------------
| rollout/            |          |
|    ep_len_mean      | 246      |
|    ep_rew_mean      | -8.71    |
|    exploration_rate | 0.1      |
| time/               |          |
|    episodes         | 16968    |
|    fps              | 200      |
|    time_elapsed     | 2405     |
|    total_timesteps  | 1482544  |
| train/              |          |
|    learning_rate    | 0.0001   |
|    loss             | 0.502    |
|    n_updates        | 368134   |
----------------------------------
----------------------------------
| rollout/            |          |
|    ep_len_mean      | 249      |
|    ep_rew_mean      | -9.57    |
|    exploration_rate | 0.1      |
| time/               |          |
|    episodes         | 16972    |
|    fps              | 200      |
|    time_elapsed     | 2408     |
|    total_timesteps  | 1483145  |
| train/              |          |
|    learning_rate    | 0.0001   |
|    loss             | 0.31     |
|    n_updates        | 368285   |
----------------------------------
----------------------------------
| rollout/            |          |
|    ep_len_mean      | 251      |
|    ep_rew_mean      | -9.5     |
|    exploration_rate | 0.1      |
| time/               |          |
|    episodes         | 16976    |
|    fps              | 200      |
|    time_elapsed     | 2413     |
|    total_timesteps  | 1484050  |
| train/              |          |
|    learning_rate    | 0.0001   |
|    loss             | 0.00403  |
|    n_updates        | 368511   |
----------------------------------
----------------------------------
| rollout/            |          |
|    ep_len_mean      | 256      |
|    ep_rew_mean      | -10.3    |
|    exploration_rate | 0.1      |
| time/               |          |
|    episodes         | 16980    |
|    fps              | 200      |
|    time_elapsed     | 2419     |
|    total_timesteps  | 1485310  |
| train/              |          |
|    learning_rate    | 0.0001   |
|    loss             | 0.00344  |
|    n_updates        | 368826   |
----------------------------------
----------------------------------
| rollout/            |          |
|    ep_len_mean      | 248      |
|    ep_rew_mean      | -10      |
|    exploration_rate | 0.1      |
| time/               |          |
|    episodes         | 16984    |
|    fps              | 200      |
|    time_elapsed     | 2422     |
|    total_timesteps  | 1485883  |
| train/              |          |
|    learning_rate    | 0.0001   |
|    loss             | 0.461    |
|    n_updates        | 368969   |
----------------------------------
----------------------------------
| rollout/            |          |
|    ep_len_mean      | 249      |
|    ep_rew_mean      | -9.97    |
|    exploration_rate | 0.1      |
| time/               |          |
|    episodes         | 16988    |
|    fps              | 200      |
|    time_elapsed     | 2426     |
|    total_timesteps  | 1486825  |
| train/              |          |
|    learning_rate    | 0.0001   |
|    loss             | 0.00412  |
|    n_updates        | 369205   |
----------------------------------
----------------------------------
| rollout/            |          |
|    ep_len_mean      | 248      |
|    ep_rew_mean      | -9.97    |
|    exploration_rate | 0.1      |
| time/               |          |
|    episodes         | 16992    |
|    fps              | 200      |
|    time_elapsed     | 2430     |
|    total_timesteps  | 1487523  |
| train/              |          |
|    learning_rate    | 0.0001   |
|    loss             | 0.209    |
|    n_updates        | 369379   |
----------------------------------
----------------------------------
| rollout/            |          |
|    ep_len_mean      | 242      |
|    ep_rew_mean      | -9.64    |
|    exploration_rate | 0.1      |
| time/               |          |
|    episodes         | 16996    |
|    fps              | 200      |
|    time_elapsed     | 2434     |
|    total_timesteps  | 1488341  |
| train/              |          |
|    learning_rate    | 0.0001   |
|    loss             | 0.0149   |
|    n_updates        | 369584   |
----------------------------------
----------------------------------
| rollout/            |          |
|    ep_len_mean      | 243      |
|    ep_rew_mean      | -9.76    |
|    exploration_rate | 0.1      |
| time/               |          |
|    episodes         | 17000    |
|    fps              | 200      |
|    time_elapsed     | 2437     |
|    total_timesteps  | 1488681  |
| train/              |          |
|    learning_rate    | 0.0001   |
|    loss             | 0.312    |
|    n_updates        | 369669   |
----------------------------------
----------------------------------
| rollout/            |          |
|    ep_len_mean      | 252      |
|    ep_rew_mean      | -10.4    |
|    exploration_rate | 0.1      |
| time/               |          |
|    episodes         | 17004    |
|    fps              | 200      |
|    time_elapsed     | 2442     |
|    total_timesteps  | 1489870  |
| train/              |          |
|    learning_rate    | 0.0001   |
|    loss             | 0.0184   |
|    n_updates        | 369966   |
----------------------------------
FruitCounts | {'Fruit': 1, 'DecayFruit': 0, 'EnemyFruit': 0} |
----------------------------------
| rollout/            |          |
|    ep_len_mean      | 252      |
|    ep_rew_mean      | -9.68    |
|    exploration_rate | 0.1      |
| time/               |          |
|    episodes         | 17008    |
|    fps              | 200      |
|    time_elapsed     | 2449     |
|    total_timesteps  | 1491524  |
| train/              |          |
|    learning_rate    | 0.0001   |
|    loss             | 0.00576  |
|    n_updates        | 370379   |
----------------------------------
----------------------------------
| rollout/            |          |
|    ep_len_mean      | 245      |
|    ep_rew_mean      | -9.73    |
|    exploration_rate | 0.1      |
| time/               |          |
|    episodes         | 17012    |
|    fps              | 200      |
|    time_elapsed     | 2452     |
|    total_timesteps  | 1492075  |
| train/              |          |
|    learning_rate    | 0.0001   |
|    loss             | 0.437    |
|    n_updates        | 370517   |
----------------------------------
----------------------------------
| rollout/            |          |
|    ep_len_mean      | 254      |
|    ep_rew_mean      | -10.4    |
|    exploration_rate | 0.1      |
| time/               |          |
|    episodes         | 17016    |
|    fps              | 200      |
|    time_elapsed     | 2459     |
|    total_timesteps  | 1493691  |
| train/              |          |
|    learning_rate    | 0.0001   |
|    loss             | 0.00536  |
|    n_updates        | 370921   |
----------------------------------
----------------------------------
| rollout/            |          |
|    ep_len_mean      | 253      |
|    ep_rew_mean      | -10.1    |
|    exploration_rate | 0.1      |
| time/               |          |
|    episodes         | 17020    |
|    fps              | 200      |
|    time_elapsed     | 2463     |
|    total_timesteps  | 1494498  |
| train/              |          |
|    learning_rate    | 0.0001   |
|    loss             | 0.00372  |
|    n_updates        | 371123   |
----------------------------------
----------------------------------
| rollout/            |          |
|    ep_len_mean      | 243      |
|    ep_rew_mean      | -9.54    |
|    exploration_rate | 0.1      |
| time/               |          |
|    episodes         | 17024    |
|    fps              | 200      |
|    time_elapsed     | 2466     |
|    total_timesteps  | 1494996  |
| train/              |          |
|    learning_rate    | 0.0001   |
|    loss             | 0.0117   |
|    n_updates        | 371247   |
----------------------------------
----------------------------------
| rollout/            |          |
|    ep_len_mean      | 232      |
|    ep_rew_mean      | -10.2    |
|    exploration_rate | 0.1      |
| time/               |          |
|    episodes         | 17028    |
|    fps              | 200      |
|    time_elapsed     | 2472     |
|    total_timesteps  | 1496240  |
| train/              |          |
|    learning_rate    | 0.0001   |
|    loss             | 0.0068   |
|    n_updates        | 371558   |
----------------------------------
----------------------------------
| rollout/            |          |
|    ep_len_mean      | 224      |
|    ep_rew_mean      | -9.77    |
|    exploration_rate | 0.1      |
| time/               |          |
|    episodes         | 17032    |
|    fps              | 200      |
|    time_elapsed     | 2474     |
|    total_timesteps  | 1496436  |
| train/              |          |
|    learning_rate    | 0.0001   |
|    loss             | 0.00482  |
|    n_updates        | 371607   |
----------------------------------
----------------------------------
| rollout/            |          |
|    ep_len_mean      | 212      |
|    ep_rew_mean      | -9.83    |
|    exploration_rate | 0.1      |
| time/               |          |
|    episodes         | 17036    |
|    fps              | 200      |
|    time_elapsed     | 2480     |
|    total_timesteps  | 1497795  |
| train/              |          |
|    learning_rate    | 0.0001   |
|    loss             | 0.229    |
|    n_updates        | 371947   |
----------------------------------
----------------------------------
| rollout/            |          |
|    ep_len_mean      | 208      |
|    ep_rew_mean      | -10.2    |
|    exploration_rate | 0.1      |
| time/               |          |
|    episodes         | 17040    |
|    fps              | 200      |
|    time_elapsed     | 2482     |
|    total_timesteps  | 1498119  |
| train/              |          |
|    learning_rate    | 0.0001   |
|    loss             | 0.0772   |
|    n_updates        | 372028   |
----------------------------------
----------------------------------
| rollout/            |          |
|    ep_len_mean      | 207      |
|    ep_rew_mean      | -10.4    |
|    exploration_rate | 0.1      |
| time/               |          |
|    episodes         | 17044    |
|    fps              | 200      |
|    time_elapsed     | 2485     |
|    total_timesteps  | 1498590  |
| train/              |          |
|    learning_rate    | 0.0001   |
|    loss             | 0.00821  |
|    n_updates        | 372146   |
----------------------------------
----------------------------------
| rollout/            |          |
|    ep_len_mean      | 205      |
|    ep_rew_mean      | -9.46    |
|    exploration_rate | 0.1      |
| time/               |          |
|    episodes         | 17048    |
|    fps              | 200      |
|    time_elapsed     | 2487     |
|    total_timesteps  | 1498960  |
| train/              |          |
|    learning_rate    | 0.0001   |
|    loss             | 0.236    |
|    n_updates        | 372238   |
----------------------------------
----------------------------------
| rollout/            |          |
|    ep_len_mean      | 209      |
|    ep_rew_mean      | -10.3    |
|    exploration_rate | 0.1      |
| time/               |          |
|    episodes         | 17052    |
|    fps              | 200      |
|    time_elapsed     | 2492     |
|    total_timesteps  | 1499928  |
| train/              |          |
|    learning_rate    | 0.0001   |
|    loss             | 0.232    |
|    n_updates        | 372480   |
----------------------------------
FruitCounts | {'Fruit': 0, 'DecayFruit': 0, 'EnemyFruit': 0} |
----------------------------------
| rollout/            |          |
|    ep_len_mean      | 210      |
|    ep_rew_mean      | -10.8    |
|    exploration_rate | 0.1      |
| time/               |          |
|    episodes         | 17056    |
|    fps              | 200      |
|    time_elapsed     | 2497     |
|    total_timesteps  | 1501077  |
| train/              |          |
|    learning_rate    | 0.0001   |
|    loss             | 0.215    |
|    n_updates        | 372768   |
----------------------------------
----------------------------------
| rollout/            |          |
|    ep_len_mean      | 222      |
|    ep_rew_mean      | -11      |
|    exploration_rate | 0.1      |
| time/               |          |
|    episodes         | 17060    |
|    fps              | 200      |
|    time_elapsed     | 2504     |
|    total_timesteps  | 1502452  |
| train/              |          |
|    learning_rate    | 0.0001   |
|    loss             | 0.535    |
|    n_updates        | 373111   |
----------------------------------
----------------------------------
| rollout/            |          |
|    ep_len_mean      | 219      |
|    ep_rew_mean      | -11.2    |
|    exploration_rate | 0.1      |
| time/               |          |
|    episodes         | 17064    |
|    fps              | 200      |
|    time_elapsed     | 2509     |
|    total_timesteps  | 1503592  |
| train/              |          |
|    learning_rate    | 0.0001   |
|    loss             | 0.0243   |
|    n_updates        | 373396   |
----------------------------------
----------------------------------
| rollout/            |          |
|    ep_len_mean      | 216      |
|    ep_rew_mean      | -12.2    |
|    exploration_rate | 0.1      |
| time/               |          |
|    episodes         | 17068    |
|    fps              | 200      |
|    time_elapsed     | 2512     |
|    total_timesteps  | 1504151  |
| train/              |          |
|    learning_rate    | 0.0001   |
|    loss             | 0.00692  |
|    n_updates        | 373536   |
----------------------------------
----------------------------------
| rollout/            |          |
|    ep_len_mean      | 219      |
|    ep_rew_mean      | -11.4    |
|    exploration_rate | 0.1      |
| time/               |          |
|    episodes         | 17072    |
|    fps              | 200      |
|    time_elapsed     | 2517     |
|    total_timesteps  | 1505007  |
| train/              |          |
|    learning_rate    | 0.0001   |
|    loss             | 0.273    |
|    n_updates        | 373750   |
----------------------------------
----------------------------------
| rollout/            |          |
|    ep_len_mean      | 222      |
|    ep_rew_mean      | -11.6    |
|    exploration_rate | 0.1      |
| time/               |          |
|    episodes         | 17076    |
|    fps              | 200      |
|    time_elapsed     | 2522     |
|    total_timesteps  | 1506244  |
| train/              |          |
|    learning_rate    | 0.0001   |
|    loss             | 0.336    |
|    n_updates        | 374059   |
----------------------------------
----------------------------------
| rollout/            |          |
|    ep_len_mean      | 212      |
|    ep_rew_mean      | -11.4    |
|    exploration_rate | 0.1      |
| time/               |          |
|    episodes         | 17080    |
|    fps              | 200      |
|    time_elapsed     | 2525     |
|    total_timesteps  | 1506545  |
| train/              |          |
|    learning_rate    | 0.0001   |
|    loss             | 0.243    |
|    n_updates        | 374135   |
----------------------------------
----------------------------------
| rollout/            |          |
|    ep_len_mean      | 215      |
|    ep_rew_mean      | -11.3    |
|    exploration_rate | 0.1      |
| time/               |          |
|    episodes         | 17084    |
|    fps              | 200      |
|    time_elapsed     | 2529     |
|    total_timesteps  | 1507343  |
| train/              |          |
|    learning_rate    | 0.0001   |
|    loss             | 0.00643  |
|    n_updates        | 374334   |
----------------------------------
----------------------------------
| rollout/            |          |
|    ep_len_mean      | 227      |
|    ep_rew_mean      | -11.9    |
|    exploration_rate | 0.1      |
| time/               |          |
|    episodes         | 17088    |
|    fps              | 200      |
|    time_elapsed     | 2538     |
|    total_timesteps  | 1509507  |
| train/              |          |
|    learning_rate    | 0.0001   |
|    loss             | 0.0149   |
|    n_updates        | 374875   |
----------------------------------
FruitCounts | {'Fruit': 0, 'DecayFruit': 0, 'EnemyFruit': 0} |
----------------------------------
| rollout/            |          |
|    ep_len_mean      | 227      |
|    ep_rew_mean      | -10.7    |
|    exploration_rate | 0.1      |
| time/               |          |
|    episodes         | 17092    |
|    fps              | 200      |
|    time_elapsed     | 2542     |
|    total_timesteps  | 1510185  |
| train/              |          |
|    learning_rate    | 0.0001   |
|    loss             | 0.438    |
|    n_updates        | 375045   |
----------------------------------
----------------------------------
| rollout/            |          |
|    ep_len_mean      | 227      |
|    ep_rew_mean      | -10.7    |
|    exploration_rate | 0.1      |
| time/               |          |
|    episodes         | 17096    |
|    fps              | 200      |
|    time_elapsed     | 2546     |
|    total_timesteps  | 1510998  |
| train/              |          |
|    learning_rate    | 0.0001   |
|    loss             | 0.00311  |
|    n_updates        | 375248   |
----------------------------------
----------------------------------
| rollout/            |          |
|    ep_len_mean      | 230      |
|    ep_rew_mean      | -10.6    |
|    exploration_rate | 0.1      |
| time/               |          |
|    episodes         | 17100    |
|    fps              | 200      |
|    time_elapsed     | 2549     |
|    total_timesteps  | 1511666  |
| train/              |          |
|    learning_rate    | 0.0001   |
|    loss             | 0.236    |
|    n_updates        | 375415   |
----------------------------------
----------------------------------
| rollout/            |          |
|    ep_len_mean      | 234      |
|    ep_rew_mean      | -9.67    |
|    exploration_rate | 0.1      |
| time/               |          |
|    episodes         | 17104    |
|    fps              | 200      |
|    time_elapsed     | 2556     |
|    total_timesteps  | 1513292  |
| train/              |          |
|    learning_rate    | 0.0001   |
|    loss             | 0.00403  |
|    n_updates        | 375821   |
----------------------------------
----------------------------------
| rollout/            |          |
|    ep_len_mean      | 222      |
|    ep_rew_mean      | -10.5    |
|    exploration_rate | 0.1      |
| time/               |          |
|    episodes         | 17108    |
|    fps              | 200      |
|    time_elapsed     | 2559     |
|    total_timesteps  | 1513755  |
| train/              |          |
|    learning_rate    | 0.0001   |
|    loss             | 0.00462  |
|    n_updates        | 375937   |
----------------------------------
----------------------------------
| rollout/            |          |
|    ep_len_mean      | 223      |
|    ep_rew_mean      | -11      |
|    exploration_rate | 0.1      |
| time/               |          |
|    episodes         | 17112    |
|    fps              | 200      |
|    time_elapsed     | 2562     |
|    total_timesteps  | 1514391  |
| train/              |          |
|    learning_rate    | 0.0001   |
|    loss             | 0.309    |
|    n_updates        | 376096   |
----------------------------------
----------------------------------
| rollout/            |          |
|    ep_len_mean      | 216      |
|    ep_rew_mean      | -10.2    |
|    exploration_rate | 0.1      |
| time/               |          |
|    episodes         | 17116    |
|    fps              | 200      |
|    time_elapsed     | 2567     |
|    total_timesteps  | 1515300  |
| train/              |          |
|    learning_rate    | 0.0001   |
|    loss             | 0.00395  |
|    n_updates        | 376323   |
----------------------------------
----------------------------------
| rollout/            |          |
|    ep_len_mean      | 215      |
|    ep_rew_mean      | -10      |
|    exploration_rate | 0.1      |
| time/               |          |
|    episodes         | 17120    |
|    fps              | 200      |
|    time_elapsed     | 2570     |
|    total_timesteps  | 1515981  |
| train/              |          |
|    learning_rate    | 0.0001   |
|    loss             | 0.0413   |
|    n_updates        | 376494   |
----------------------------------
----------------------------------
| rollout/            |          |
|    ep_len_mean      | 216      |
|    ep_rew_mean      | -10.2    |
|    exploration_rate | 0.1      |
| time/               |          |
|    episodes         | 17124    |
|    fps              | 200      |
|    time_elapsed     | 2574     |
|    total_timesteps  | 1516622  |
| train/              |          |
|    learning_rate    | 0.0001   |
|    loss             | 0.00571  |
|    n_updates        | 376654   |
----------------------------------
----------------------------------
| rollout/            |          |
|    ep_len_mean      | 205      |
|    ep_rew_mean      | -9.57    |
|    exploration_rate | 0.1      |
| time/               |          |
|    episodes         | 17128    |
|    fps              | 200      |
|    time_elapsed     | 2575     |
|    total_timesteps  | 1516777  |
| train/              |          |
|    learning_rate    | 0.0001   |
|    loss             | 0.231    |
|    n_updates        | 376693   |
----------------------------------
----------------------------------
| rollout/            |          |
|    ep_len_mean      | 221      |
|    ep_rew_mean      | -10.9    |
|    exploration_rate | 0.1      |
| time/               |          |
|    episodes         | 17132    |
|    fps              | 200      |
|    time_elapsed     | 2583     |
|    total_timesteps  | 1518577  |
| train/              |          |
|    learning_rate    | 0.0001   |
|    loss             | 0.907    |
|    n_updates        | 377143   |
----------------------------------
----------------------------------
| rollout/            |          |
|    ep_len_mean      | 216      |
|    ep_rew_mean      | -11.2    |
|    exploration_rate | 0.1      |
| time/               |          |
|    episodes         | 17136    |
|    fps              | 200      |
|    time_elapsed     | 2587     |
|    total_timesteps  | 1519416  |
| train/              |          |
|    learning_rate    | 0.0001   |
|    loss             | 0.458    |
|    n_updates        | 377352   |
----------------------------------
FruitCounts | {'Fruit': 2, 'DecayFruit': 0, 'EnemyFruit': 3} |
----------------------------------
| rollout/            |          |
|    ep_len_mean      | 222      |
|    ep_rew_mean      | -11.1    |
|    exploration_rate | 0.1      |
| time/               |          |
|    episodes         | 17140    |
|    fps              | 200      |
|    time_elapsed     | 2592     |
|    total_timesteps  | 1520348  |
| train/              |          |
|    learning_rate    | 0.0001   |
|    loss             | 0.191    |
|    n_updates        | 377585   |
----------------------------------
----------------------------------
| rollout/            |          |
|    ep_len_mean      | 225      |
|    ep_rew_mean      | -10.9    |
|    exploration_rate | 0.1      |
| time/               |          |
|    episodes         | 17144    |
|    fps              | 200      |
|    time_elapsed     | 2596     |
|    total_timesteps  | 1521079  |
| train/              |          |
|    learning_rate    | 0.0001   |
|    loss             | 0.23     |
|    n_updates        | 377768   |
----------------------------------
----------------------------------
| rollout/            |          |
|    ep_len_mean      | 228      |
|    ep_rew_mean      | -12.2    |
|    exploration_rate | 0.1      |
| time/               |          |
|    episodes         | 17148    |
|    fps              | 200      |
|    time_elapsed     | 2599     |
|    total_timesteps  | 1521777  |
| train/              |          |
|    learning_rate    | 0.0001   |
|    loss             | 0.00785  |
|    n_updates        | 377943   |
----------------------------------
----------------------------------
| rollout/            |          |
|    ep_len_mean      | 231      |
|    ep_rew_mean      | -12.6    |
|    exploration_rate | 0.1      |
| time/               |          |
|    episodes         | 17152    |
|    fps              | 200      |
|    time_elapsed     | 2605     |
|    total_timesteps  | 1523051  |
| train/              |          |
|    learning_rate    | 0.0001   |
|    loss             | 0.231    |
|    n_updates        | 378261   |
----------------------------------
----------------------------------
| rollout/            |          |
|    ep_len_mean      | 242      |
|    ep_rew_mean      | -13.2    |
|    exploration_rate | 0.1      |
| time/               |          |
|    episodes         | 17156    |
|    fps              | 200      |
|    time_elapsed     | 2614     |
|    total_timesteps  | 1525252  |
| train/              |          |
|    learning_rate    | 0.0001   |
|    loss             | 0.0087   |
|    n_updates        | 378811   |
----------------------------------
----------------------------------
| rollout/            |          |
|    ep_len_mean      | 239      |
|    ep_rew_mean      | -13.3    |
|    exploration_rate | 0.1      |
| time/               |          |
|    episodes         | 17160    |
|    fps              | 200      |
|    time_elapsed     | 2620     |
|    total_timesteps  | 1526369  |
| train/              |          |
|    learning_rate    | 0.0001   |
|    loss             | 0.00533  |
|    n_updates        | 379091   |
----------------------------------
----------------------------------
| rollout/            |          |
|    ep_len_mean      | 234      |
|    ep_rew_mean      | -12      |
|    exploration_rate | 0.1      |
| time/               |          |
|    episodes         | 17164    |
|    fps              | 200      |
|    time_elapsed     | 2623     |
|    total_timesteps  | 1526973  |
| train/              |          |
|    learning_rate    | 0.0001   |
|    loss             | 0.481    |
|    n_updates        | 379242   |
----------------------------------
----------------------------------
| rollout/            |          |
|    ep_len_mean      | 230      |
|    ep_rew_mean      | -12.3    |
|    exploration_rate | 0.1      |
| time/               |          |
|    episodes         | 17168    |
|    fps              | 200      |
|    time_elapsed     | 2625     |
|    total_timesteps  | 1527199  |
| train/              |          |
|    learning_rate    | 0.0001   |
|    loss             | 0.163    |
|    n_updates        | 379298   |
----------------------------------
----------------------------------
| rollout/            |          |
|    ep_len_mean      | 227      |
|    ep_rew_mean      | -12.2    |
|    exploration_rate | 0.1      |
| time/               |          |
|    episodes         | 17172    |
|    fps              | 200      |
|    time_elapsed     | 2628     |
|    total_timesteps  | 1527702  |
| train/              |          |
|    learning_rate    | 0.0001   |
|    loss             | 0.518    |
|    n_updates        | 379424   |
----------------------------------
----------------------------------
| rollout/            |          |
|    ep_len_mean      | 222      |
|    ep_rew_mean      | -11.9    |
|    exploration_rate | 0.1      |
| time/               |          |
|    episodes         | 17176    |
|    fps              | 200      |
|    time_elapsed     | 2632     |
|    total_timesteps  | 1528446  |
| train/              |          |
|    learning_rate    | 0.0001   |
|    loss             | 0.00323  |
|    n_updates        | 379610   |
----------------------------------
FruitCounts | {'Fruit': 1, 'DecayFruit': 1, 'EnemyFruit': 5} |
----------------------------------
| rollout/            |          |
|    ep_len_mean      | 236      |
|    ep_rew_mean      | -11.6    |
|    exploration_rate | 0.1      |
| time/               |          |
|    episodes         | 17180    |
|    fps              | 200      |
|    time_elapsed     | 2639     |
|    total_timesteps  | 1530123  |
| train/              |          |
|    learning_rate    | 0.0001   |
|    loss             | 0.312    |
|    n_updates        | 380029   |
----------------------------------
----------------------------------
| rollout/            |          |
|    ep_len_mean      | 233      |
|    ep_rew_mean      | -11.1    |
|    exploration_rate | 0.1      |
| time/               |          |
|    episodes         | 17184    |
|    fps              | 200      |
|    time_elapsed     | 2643     |
|    total_timesteps  | 1530651  |
| train/              |          |
|    learning_rate    | 0.0001   |
|    loss             | 0.0048   |
|    n_updates        | 380161   |
----------------------------------
----------------------------------
| rollout/            |          |
|    ep_len_mean      | 225      |
|    ep_rew_mean      | -11.8    |
|    exploration_rate | 0.1      |
| time/               |          |
|    episodes         | 17188    |
|    fps              | 200      |
|    time_elapsed     | 2648     |
|    total_timesteps  | 1531977  |
| train/              |          |
|    learning_rate    | 0.0001   |
|    loss             | 0.44     |
|    n_updates        | 380493   |
----------------------------------
----------------------------------
| rollout/            |          |
|    ep_len_mean      | 224      |
|    ep_rew_mean      | -13.3    |
|    exploration_rate | 0.1      |
| time/               |          |
|    episodes         | 17192    |
|    fps              | 200      |
|    time_elapsed     | 2652     |
|    total_timesteps  | 1532577  |
| train/              |          |
|    learning_rate    | 0.0001   |
|    loss             | 0.0265   |
|    n_updates        | 380643   |
----------------------------------
----------------------------------
| rollout/            |          |
|    ep_len_mean      | 233      |
|    ep_rew_mean      | -13.7    |
|    exploration_rate | 0.1      |
| time/               |          |
|    episodes         | 17196    |
|    fps              | 200      |
|    time_elapsed     | 2659     |
|    total_timesteps  | 1534332  |
| train/              |          |
|    learning_rate    | 0.0001   |
|    loss             | 0.0063   |
|    n_updates        | 381081   |
----------------------------------
----------------------------------
| rollout/            |          |
|    ep_len_mean      | 238      |
|    ep_rew_mean      | -13.8    |
|    exploration_rate | 0.1      |
| time/               |          |
|    episodes         | 17200    |
|    fps              | 200      |
|    time_elapsed     | 2665     |
|    total_timesteps  | 1535467  |
| train/              |          |
|    learning_rate    | 0.0001   |
|    loss             | 0.00408  |
|    n_updates        | 381365   |
----------------------------------
----------------------------------
| rollout/            |          |
|    ep_len_mean      | 230      |
|    ep_rew_mean      | -14      |
|    exploration_rate | 0.1      |
| time/               |          |
|    episodes         | 17204    |
|    fps              | 200      |
|    time_elapsed     | 2669     |
|    total_timesteps  | 1536252  |
| train/              |          |
|    learning_rate    | 0.0001   |
|    loss             | 0.614    |
|    n_updates        | 381561   |
----------------------------------
----------------------------------
| rollout/            |          |
|    ep_len_mean      | 230      |
|    ep_rew_mean      | -13.7    |
|    exploration_rate | 0.1      |
| time/               |          |
|    episodes         | 17208    |
|    fps              | 200      |
|    time_elapsed     | 2671     |
|    total_timesteps  | 1536728  |
| train/              |          |
|    learning_rate    | 0.0001   |
|    loss             | 0.23     |
|    n_updates        | 381680   |
----------------------------------
----------------------------------
| rollout/            |          |
|    ep_len_mean      | 230      |
|    ep_rew_mean      | -13.5    |
|    exploration_rate | 0.1      |
| time/               |          |
|    episodes         | 17212    |
|    fps              | 200      |
|    time_elapsed     | 2675     |
|    total_timesteps  | 1537352  |
| train/              |          |
|    learning_rate    | 0.0001   |
|    loss             | 0.032    |
|    n_updates        | 381836   |
----------------------------------
----------------------------------
| rollout/            |          |
|    ep_len_mean      | 234      |
|    ep_rew_mean      | -13.2    |
|    exploration_rate | 0.1      |
| time/               |          |
|    episodes         | 17216    |
|    fps              | 200      |
|    time_elapsed     | 2681     |
|    total_timesteps  | 1538722  |
| train/              |          |
|    learning_rate    | 0.0001   |
|    loss             | 0.231    |
|    n_updates        | 382179   |
----------------------------------
FruitCounts | {'Fruit': 0, 'DecayFruit': 2, 'EnemyFruit': 3} |
----------------------------------
| rollout/            |          |
|    ep_len_mean      | 243      |
|    ep_rew_mean      | -13.3    |
|    exploration_rate | 0.1      |
| time/               |          |
|    episodes         | 17220    |
|    fps              | 200      |
|    time_elapsed     | 2688     |
|    total_timesteps  | 1540260  |
| train/              |          |
|    learning_rate    | 0.0001   |
|    loss             | 0.308    |
|    n_updates        | 382563   |
----------------------------------
----------------------------------
| rollout/            |          |
|    ep_len_mean      | 255      |
|    ep_rew_mean      | -13.4    |
|    exploration_rate | 0.1      |
| time/               |          |
|    episodes         | 17224    |
|    fps              | 201      |
|    time_elapsed     | 2695     |
|    total_timesteps  | 1542092  |
| train/              |          |
|    learning_rate    | 0.0001   |
|    loss             | 0.00394  |
|    n_updates        | 383021   |
----------------------------------
----------------------------------
| rollout/            |          |
|    ep_len_mean      | 261      |
|    ep_rew_mean      | -13.1    |
|    exploration_rate | 0.1      |
| time/               |          |
|    episodes         | 17228    |
|    fps              | 201      |
|    time_elapsed     | 2700     |
|    total_timesteps  | 1542892  |
| train/              |          |
|    learning_rate    | 0.0001   |
|    loss             | 0.23     |
|    n_updates        | 383221   |
----------------------------------
----------------------------------
| rollout/            |          |
|    ep_len_mean      | 252      |
|    ep_rew_mean      | -11.8    |
|    exploration_rate | 0.1      |
| time/               |          |
|    episodes         | 17232    |
|    fps              | 201      |
|    time_elapsed     | 2704     |
|    total_timesteps  | 1543738  |
| train/              |          |
|    learning_rate    | 0.0001   |
|    loss             | 0.23     |
|    n_updates        | 383433   |
----------------------------------
----------------------------------
| rollout/            |          |
|    ep_len_mean      | 253      |
|    ep_rew_mean      | -12.6    |
|    exploration_rate | 0.1      |
| time/               |          |
|    episodes         | 17236    |
|    fps              | 201      |
|    time_elapsed     | 2709     |
|    total_timesteps  | 1544728  |
| train/              |          |
|    learning_rate    | 0.0001   |
|    loss             | 0.76     |
|    n_updates        | 383680   |
----------------------------------
----------------------------------
| rollout/            |          |
|    ep_len_mean      | 252      |
|    ep_rew_mean      | -12.6    |
|    exploration_rate | 0.1      |
| time/               |          |
|    episodes         | 17240    |
|    fps              | 201      |
|    time_elapsed     | 2713     |
|    total_timesteps  | 1545517  |
| train/              |          |
|    learning_rate    | 0.0001   |
|    loss             | 0.00355  |
|    n_updates        | 383878   |
----------------------------------
----------------------------------
| rollout/            |          |
|    ep_len_mean      | 255      |
|    ep_rew_mean      | -13.6    |
|    exploration_rate | 0.1      |
| time/               |          |
|    episodes         | 17244    |
|    fps              | 201      |
|    time_elapsed     | 2718     |
|    total_timesteps  | 1546588  |
| train/              |          |
|    learning_rate    | 0.0001   |
|    loss             | 0.807    |
|    n_updates        | 384145   |
----------------------------------
----------------------------------
| rollout/            |          |
|    ep_len_mean      | 271      |
|    ep_rew_mean      | -13.1    |
|    exploration_rate | 0.1      |
| time/               |          |
|    episodes         | 17248    |
|    fps              | 201      |
|    time_elapsed     | 2728     |
|    total_timesteps  | 1548873  |
| train/              |          |
|    learning_rate    | 0.0001   |
|    loss             | 0.765    |
|    n_updates        | 384717   |
----------------------------------
----------------------------------
| rollout/            |          |
|    ep_len_mean      | 266      |
|    ep_rew_mean      | -12.2    |
|    exploration_rate | 0.1      |
| time/               |          |
|    episodes         | 17252    |
|    fps              | 201      |
|    time_elapsed     | 2732     |
|    total_timesteps  | 1549668  |
| train/              |          |
|    learning_rate    | 0.0001   |
|    loss             | 0.00558  |
|    n_updates        | 384915   |
----------------------------------
FruitCounts | {'Fruit': 0, 'DecayFruit': 0, 'EnemyFruit': 1} |
----------------------------------
| rollout/            |          |
|    ep_len_mean      | 252      |
|    ep_rew_mean      | -11.6    |
|    exploration_rate | 0.1      |
| time/               |          |
|    episodes         | 17256    |
|    fps              | 201      |
|    time_elapsed     | 2736     |
|    total_timesteps  | 1550493  |
| train/              |          |
|    learning_rate    | 0.0001   |
|    loss             | 0.00866  |
|    n_updates        | 385122   |
----------------------------------
----------------------------------
| rollout/            |          |
|    ep_len_mean      | 252      |
|    ep_rew_mean      | -11.5    |
|    exploration_rate | 0.1      |
| time/               |          |
|    episodes         | 17260    |
|    fps              | 201      |
|    time_elapsed     | 2741     |
|    total_timesteps  | 1551588  |
| train/              |          |
|    learning_rate    | 0.0001   |
|    loss             | 0.215    |
|    n_updates        | 385395   |
----------------------------------
----------------------------------
| rollout/            |          |
|    ep_len_mean      | 253      |
|    ep_rew_mean      | -12      |
|    exploration_rate | 0.1      |
| time/               |          |
|    episodes         | 17264    |
|    fps              | 201      |
|    time_elapsed     | 2745     |
|    total_timesteps  | 1552266  |
| train/              |          |
|    learning_rate    | 0.0001   |
|    loss             | 0.308    |
|    n_updates        | 385565   |
----------------------------------
----------------------------------
| rollout/            |          |
|    ep_len_mean      | 264      |
|    ep_rew_mean      | -12.5    |
|    exploration_rate | 0.1      |
| time/               |          |
|    episodes         | 17268    |
|    fps              | 201      |
|    time_elapsed     | 2751     |
|    total_timesteps  | 1553608  |
| train/              |          |
|    learning_rate    | 0.0001   |
|    loss             | 0.229    |
|    n_updates        | 385900   |
----------------------------------
----------------------------------
| rollout/            |          |
|    ep_len_mean      | 273      |
|    ep_rew_mean      | -13.9    |
|    exploration_rate | 0.1      |
| time/               |          |
|    episodes         | 17272    |
|    fps              | 201      |
|    time_elapsed     | 2757     |
|    total_timesteps  | 1554956  |
| train/              |          |
|    learning_rate    | 0.0001   |
|    loss             | 0.00402  |
|    n_updates        | 386237   |
----------------------------------
----------------------------------
| rollout/            |          |
|    ep_len_mean      | 275      |
|    ep_rew_mean      | -14.2    |
|    exploration_rate | 0.1      |
| time/               |          |
|    episodes         | 17276    |
|    fps              | 201      |
|    time_elapsed     | 2761     |
|    total_timesteps  | 1555913  |
| train/              |          |
|    learning_rate    | 0.0001   |
|    loss             | 0.23     |
|    n_updates        | 386477   |
----------------------------------
----------------------------------
| rollout/            |          |
|    ep_len_mean      | 275      |
|    ep_rew_mean      | -13.9    |
|    exploration_rate | 0.1      |
| time/               |          |
|    episodes         | 17280    |
|    fps              | 201      |
|    time_elapsed     | 2769     |
|    total_timesteps  | 1557663  |
| train/              |          |
|    learning_rate    | 0.0001   |
|    loss             | 0.235    |
|    n_updates        | 386914   |
----------------------------------
----------------------------------
| rollout/            |          |
|    ep_len_mean      | 281      |
|    ep_rew_mean      | -14.2    |
|    exploration_rate | 0.1      |
| time/               |          |
|    episodes         | 17284    |
|    fps              | 201      |
|    time_elapsed     | 2774     |
|    total_timesteps  | 1558787  |
| train/              |          |
|    learning_rate    | 0.0001   |
|    loss             | 0.242    |
|    n_updates        | 387195   |
----------------------------------
----------------------------------
| rollout/            |          |
|    ep_len_mean      | 277      |
|    ep_rew_mean      | -14      |
|    exploration_rate | 0.1      |
| time/               |          |
|    episodes         | 17288    |
|    fps              | 201      |
|    time_elapsed     | 2779     |
|    total_timesteps  | 1559726  |
| train/              |          |
|    learning_rate    | 0.0001   |
|    loss             | 0.31     |
|    n_updates        | 387430   |
----------------------------------
FruitCounts | {'Fruit': 0, 'DecayFruit': 0, 'EnemyFruit': 2} |
----------------------------------
| rollout/            |          |
|    ep_len_mean      | 277      |
|    ep_rew_mean      | -13.7    |
|    exploration_rate | 0.1      |
| time/               |          |
|    episodes         | 17292    |
|    fps              | 201      |
|    time_elapsed     | 2782     |
|    total_timesteps  | 1560260  |
| train/              |          |
|    learning_rate    | 0.0001   |
|    loss             | 0.00309  |
|    n_updates        | 387563   |
----------------------------------
----------------------------------
| rollout/            |          |
|    ep_len_mean      | 263      |
|    ep_rew_mean      | -12.5    |
|    exploration_rate | 0.1      |
| time/               |          |
|    episodes         | 17296    |
|    fps              | 201      |
|    time_elapsed     | 2785     |
|    total_timesteps  | 1560632  |
| train/              |          |
|    learning_rate    | 0.0001   |
|    loss             | 0.00424  |
|    n_updates        | 387656   |
----------------------------------
----------------------------------
| rollout/            |          |
|    ep_len_mean      | 258      |
|    ep_rew_mean      | -11.6    |
|    exploration_rate | 0.1      |
| time/               |          |
|    episodes         | 17300    |
|    fps              | 201      |
|    time_elapsed     | 2788     |
|    total_timesteps  | 1561245  |
| train/              |          |
|    learning_rate    | 0.0001   |
|    loss             | 0.217    |
|    n_updates        | 387810   |
----------------------------------
----------------------------------
| rollout/            |          |
|    ep_len_mean      | 254      |
|    ep_rew_mean      | -12      |
|    exploration_rate | 0.1      |
| time/               |          |
|    episodes         | 17304    |
|    fps              | 201      |
|    time_elapsed     | 2791     |
|    total_timesteps  | 1561667  |
| train/              |          |
|    learning_rate    | 0.0001   |
|    loss             | 0.00457  |
|    n_updates        | 387915   |
----------------------------------
----------------------------------
| rollout/            |          |
|    ep_len_mean      | 263      |
|    ep_rew_mean      | -12      |
|    exploration_rate | 0.1      |
| time/               |          |
|    episodes         | 17308    |
|    fps              | 201      |
|    time_elapsed     | 2797     |
|    total_timesteps  | 1562991  |
| train/              |          |
|    learning_rate    | 0.0001   |
|    loss             | 0.00489  |
|    n_updates        | 388246   |
----------------------------------
----------------------------------
| rollout/            |          |
|    ep_len_mean      | 266      |
|    ep_rew_mean      | -12.1    |
|    exploration_rate | 0.1      |
| time/               |          |
|    episodes         | 17312    |
|    fps              | 201      |
|    time_elapsed     | 2802     |
|    total_timesteps  | 1563977  |
| train/              |          |
|    learning_rate    | 0.0001   |
|    loss             | 0.308    |
|    n_updates        | 388493   |
----------------------------------
----------------------------------
| rollout/            |          |
|    ep_len_mean      | 258      |
|    ep_rew_mean      | -13.4    |
|    exploration_rate | 0.1      |
| time/               |          |
|    episodes         | 17316    |
|    fps              | 201      |
|    time_elapsed     | 2805     |
|    total_timesteps  | 1564552  |
| train/              |          |
|    learning_rate    | 0.0001   |
|    loss             | 0.00614  |
|    n_updates        | 388636   |
----------------------------------
----------------------------------
| rollout/            |          |
|    ep_len_mean      | 246      |
|    ep_rew_mean      | -13      |
|    exploration_rate | 0.1      |
| time/               |          |
|    episodes         | 17320    |
|    fps              | 201      |
|    time_elapsed     | 2807     |
|    total_timesteps  | 1564850  |
| train/              |          |
|    learning_rate    | 0.0001   |
|    loss             | 0.0233   |
|    n_updates        | 388711   |
----------------------------------
----------------------------------
| rollout/            |          |
|    ep_len_mean      | 239      |
|    ep_rew_mean      | -13.3    |
|    exploration_rate | 0.1      |
| time/               |          |
|    episodes         | 17324    |
|    fps              | 201      |
|    time_elapsed     | 2813     |
|    total_timesteps  | 1566027  |
| train/              |          |
|    learning_rate    | 0.0001   |
|    loss             | 0.937    |
|    n_updates        | 389005   |
----------------------------------
----------------------------------
| rollout/            |          |
|    ep_len_mean      | 242      |
|    ep_rew_mean      | -13.6    |
|    exploration_rate | 0.1      |
| time/               |          |
|    episodes         | 17328    |
|    fps              | 201      |
|    time_elapsed     | 2818     |
|    total_timesteps  | 1567109  |
| train/              |          |
|    learning_rate    | 0.0001   |
|    loss             | 0.173    |
|    n_updates        | 389276   |
----------------------------------
----------------------------------
| rollout/            |          |
|    ep_len_mean      | 243      |
|    ep_rew_mean      | -14.5    |
|    exploration_rate | 0.1      |
| time/               |          |
|    episodes         | 17332    |
|    fps              | 201      |
|    time_elapsed     | 2823     |
|    total_timesteps  | 1568049  |
| train/              |          |
|    learning_rate    | 0.0001   |
|    loss             | 0.00537  |
|    n_updates        | 389511   |
----------------------------------
----------------------------------
| rollout/            |          |
|    ep_len_mean      | 242      |
|    ep_rew_mean      | -13.3    |
|    exploration_rate | 0.1      |
| time/               |          |
|    episodes         | 17336    |
|    fps              | 201      |
|    time_elapsed     | 2827     |
|    total_timesteps  | 1568896  |
| train/              |          |
|    learning_rate    | 0.0001   |
|    loss             | 0.206    |
|    n_updates        | 389722   |
----------------------------------
FruitCounts | {'Fruit': 3, 'DecayFruit': 0, 'EnemyFruit': 6} |
----------------------------------
| rollout/            |          |
|    ep_len_mean      | 245      |
|    ep_rew_mean      | -13.9    |
|    exploration_rate | 0.1      |
| time/               |          |
|    episodes         | 17340    |
|    fps              | 201      |
|    time_elapsed     | 2832     |
|    total_timesteps  | 1570015  |
| train/              |          |
|    learning_rate    | 0.0001   |
|    loss             | 0.0048   |
|    n_updates        | 390002   |
----------------------------------
----------------------------------
| rollout/            |          |
|    ep_len_mean      | 243      |
|    ep_rew_mean      | -11.5    |
|    exploration_rate | 0.1      |
| time/               |          |
|    episodes         | 17344    |
|    fps              | 201      |
|    time_elapsed     | 2837     |
|    total_timesteps  | 1570901  |
| train/              |          |
|    learning_rate    | 0.0001   |
|    loss             | 0.215    |
|    n_updates        | 390224   |
----------------------------------
----------------------------------
| rollout/            |          |
|    ep_len_mean      | 234      |
|    ep_rew_mean      | -12      |
|    exploration_rate | 0.1      |
| time/               |          |
|    episodes         | 17348    |
|    fps              | 201      |
|    time_elapsed     | 2843     |
|    total_timesteps  | 1572265  |
| train/              |          |
|    learning_rate    | 0.0001   |
|    loss             | 0.307    |
|    n_updates        | 390565   |
----------------------------------
----------------------------------
| rollout/            |          |
|    ep_len_mean      | 236      |
|    ep_rew_mean      | -13.2    |
|    exploration_rate | 0.1      |
| time/               |          |
|    episodes         | 17352    |
|    fps              | 201      |
|    time_elapsed     | 2848     |
|    total_timesteps  | 1573306  |
| train/              |          |
|    learning_rate    | 0.0001   |
|    loss             | 0.00411  |
|    n_updates        | 390825   |
----------------------------------
----------------------------------
| rollout/            |          |
|    ep_len_mean      | 244      |
|    ep_rew_mean      | -13.4    |
|    exploration_rate | 0.1      |
| time/               |          |
|    episodes         | 17356    |
|    fps              | 201      |
|    time_elapsed     | 2855     |
|    total_timesteps  | 1574849  |
| train/              |          |
|    learning_rate    | 0.0001   |
|    loss             | 0.37     |
|    n_updates        | 391211   |
----------------------------------
----------------------------------
| rollout/            |          |
|    ep_len_mean      | 238      |
|    ep_rew_mean      | -13.1    |
|    exploration_rate | 0.1      |
| time/               |          |
|    episodes         | 17360    |
|    fps              | 201      |
|    time_elapsed     | 2858     |
|    total_timesteps  | 1575409  |
| train/              |          |
|    learning_rate    | 0.0001   |
|    loss             | 0.216    |
|    n_updates        | 391351   |
----------------------------------
----------------------------------
| rollout/            |          |
|    ep_len_mean      | 244      |
|    ep_rew_mean      | -14      |
|    exploration_rate | 0.1      |
| time/               |          |
|    episodes         | 17364    |
|    fps              | 201      |
|    time_elapsed     | 2863     |
|    total_timesteps  | 1576672  |
| train/              |          |
|    learning_rate    | 0.0001   |
|    loss             | 0.84     |
|    n_updates        | 391666   |
----------------------------------
----------------------------------
| rollout/            |          |
|    ep_len_mean      | 233      |
|    ep_rew_mean      | -13.2    |
|    exploration_rate | 0.1      |
| time/               |          |
|    episodes         | 17368    |
|    fps              | 201      |
|    time_elapsed     | 2865     |
|    total_timesteps  | 1576885  |
| train/              |          |
|    learning_rate    | 0.0001   |
|    loss             | 0.31     |
|    n_updates        | 391720   |
----------------------------------
----------------------------------
| rollout/            |          |
|    ep_len_mean      | 245      |
|    ep_rew_mean      | -11.9    |
|    exploration_rate | 0.1      |
| time/               |          |
|    episodes         | 17372    |
|    fps              | 201      |
|    time_elapsed     | 2876     |
|    total_timesteps  | 1579456  |
| train/              |          |
|    learning_rate    | 0.0001   |
|    loss             | 0.311    |
|    n_updates        | 392362   |
----------------------------------
----------------------------------
| rollout/            |          |
|    ep_len_mean      | 241      |
|    ep_rew_mean      | -11.8    |
|    exploration_rate | 0.1      |
| time/               |          |
|    episodes         | 17376    |
|    fps              | 201      |
|    time_elapsed     | 2879     |
|    total_timesteps  | 1579998  |
| train/              |          |
|    learning_rate    | 0.0001   |
|    loss             | 0.548    |
|    n_updates        | 392498   |
----------------------------------
FruitCounts | {'Fruit': 0, 'DecayFruit': 0, 'EnemyFruit': 0} |
----------------------------------
| rollout/            |          |
|    ep_len_mean      | 237      |
|    ep_rew_mean      | -12.7    |
|    exploration_rate | 0.1      |
| time/               |          |
|    episodes         | 17380    |
|    fps              | 201      |
|    time_elapsed     | 2885     |
|    total_timesteps  | 1581341  |
| train/              |          |
|    learning_rate    | 0.0001   |
|    loss             | 0.00913  |
|    n_updates        | 392834   |
----------------------------------
----------------------------------
| rollout/            |          |
|    ep_len_mean      | 233      |
|    ep_rew_mean      | -12.6    |
|    exploration_rate | 0.1      |
| time/               |          |
|    episodes         | 17384    |
|    fps              | 201      |
|    time_elapsed     | 2888     |
|    total_timesteps  | 1582092  |
| train/              |          |
|    learning_rate    | 0.0001   |
|    loss             | 0.382    |
|    n_updates        | 393021   |
----------------------------------
----------------------------------
| rollout/            |          |
|    ep_len_mean      | 232      |
|    ep_rew_mean      | -12.7    |
|    exploration_rate | 0.1      |
| time/               |          |
|    episodes         | 17388    |
|    fps              | 201      |
|    time_elapsed     | 2893     |
|    total_timesteps  | 1582968  |
| train/              |          |
|    learning_rate    | 0.0001   |
|    loss             | 0.836    |
|    n_updates        | 393240   |
----------------------------------
----------------------------------
| rollout/            |          |
|    ep_len_mean      | 244      |
|    ep_rew_mean      | -13.9    |
|    exploration_rate | 0.1      |
| time/               |          |
|    episodes         | 17392    |
|    fps              | 201      |
|    time_elapsed     | 2900     |
|    total_timesteps  | 1584659  |
| train/              |          |
|    learning_rate    | 0.0001   |
|    loss             | 0.455    |
|    n_updates        | 393663   |
----------------------------------
----------------------------------
| rollout/            |          |
|    ep_len_mean      | 246      |
|    ep_rew_mean      | -14.3    |
|    exploration_rate | 0.1      |
| time/               |          |
|    episodes         | 17396    |
|    fps              | 201      |
|    time_elapsed     | 2903     |
|    total_timesteps  | 1585278  |
| train/              |          |
|    learning_rate    | 0.0001   |
|    loss             | 0.00452  |
|    n_updates        | 393818   |
----------------------------------
----------------------------------
| rollout/            |          |
|    ep_len_mean      | 254      |
|    ep_rew_mean      | -15.7    |
|    exploration_rate | 0.1      |
| time/               |          |
|    episodes         | 17400    |
|    fps              | 201      |
|    time_elapsed     | 2909     |
|    total_timesteps  | 1586613  |
| train/              |          |
|    learning_rate    | 0.0001   |
|    loss             | 0.234    |
|    n_updates        | 394152   |
----------------------------------
----------------------------------
| rollout/            |          |
|    ep_len_mean      | 260      |
|    ep_rew_mean      | -16      |
|    exploration_rate | 0.1      |
| time/               |          |
|    episodes         | 17404    |
|    fps              | 201      |
|    time_elapsed     | 2914     |
|    total_timesteps  | 1587674  |
| train/              |          |
|    learning_rate    | 0.0001   |
|    loss             | 0.00459  |
|    n_updates        | 394417   |
----------------------------------
----------------------------------
| rollout/            |          |
|    ep_len_mean      | 258      |
|    ep_rew_mean      | -16.1    |
|    exploration_rate | 0.1      |
| time/               |          |
|    episodes         | 17408    |
|    fps              | 201      |
|    time_elapsed     | 2919     |
|    total_timesteps  | 1588813  |
| train/              |          |
|    learning_rate    | 0.0001   |
|    loss             | 0.0272   |
|    n_updates        | 394702   |
----------------------------------
----------------------------------
| rollout/            |          |
|    ep_len_mean      | 257      |
|    ep_rew_mean      | -15.8    |
|    exploration_rate | 0.1      |
| time/               |          |
|    episodes         | 17412    |
|    fps              | 201      |
|    time_elapsed     | 2923     |
|    total_timesteps  | 1589666  |
| train/              |          |
|    learning_rate    | 0.0001   |
|    loss             | 0.229    |
|    n_updates        | 394915   |
----------------------------------
FruitCounts | {'Fruit': 0, 'DecayFruit': 1, 'EnemyFruit': 1} |
----------------------------------
| rollout/            |          |
|    ep_len_mean      | 255      |
|    ep_rew_mean      | -15.2    |
|    exploration_rate | 0.1      |
| time/               |          |
|    episodes         | 17416    |
|    fps              | 201      |
|    time_elapsed     | 2926     |
|    total_timesteps  | 1590008  |
| train/              |          |
|    learning_rate    | 0.0001   |
|    loss             | 0.217    |
|    n_updates        | 395000   |
----------------------------------
----------------------------------
| rollout/            |          |
|    ep_len_mean      | 263      |
|    ep_rew_mean      | -15.5    |
|    exploration_rate | 0.1      |
| time/               |          |
|    episodes         | 17420    |
|    fps              | 201      |
|    time_elapsed     | 2931     |
|    total_timesteps  | 1591178  |
| train/              |          |
|    learning_rate    | 0.0001   |
|    loss             | 0.0035   |
|    n_updates        | 395293   |
----------------------------------
----------------------------------
| rollout/            |          |
|    ep_len_mean      | 259      |
|    ep_rew_mean      | -14.8    |
|    exploration_rate | 0.1      |
| time/               |          |
|    episodes         | 17424    |
|    fps              | 201      |
|    time_elapsed     | 2935     |
|    total_timesteps  | 1591912  |
| train/              |          |
|    learning_rate    | 0.0001   |
|    loss             | 0.317    |
|    n_updates        | 395476   |
----------------------------------
----------------------------------
| rollout/            |          |
|    ep_len_mean      | 257      |
|    ep_rew_mean      | -14.1    |
|    exploration_rate | 0.1      |
| time/               |          |
|    episodes         | 17428    |
|    fps              | 201      |
|    time_elapsed     | 2939     |
|    total_timesteps  | 1592775  |
| train/              |          |
|    learning_rate    | 0.0001   |
|    loss             | 0.311    |
|    n_updates        | 395692   |
----------------------------------
----------------------------------
| rollout/            |          |
|    ep_len_mean      | 267      |
|    ep_rew_mean      | -14.3    |
|    exploration_rate | 0.1      |
| time/               |          |
|    episodes         | 17432    |
|    fps              | 201      |
|    time_elapsed     | 2948     |
|    total_timesteps  | 1594728  |
| train/              |          |
|    learning_rate    | 0.0001   |
|    loss             | 0.312    |
|    n_updates        | 396180   |
----------------------------------
----------------------------------
| rollout/            |          |
|    ep_len_mean      | 269      |
|    ep_rew_mean      | -16.1    |
|    exploration_rate | 0.1      |
| time/               |          |
|    episodes         | 17436    |
|    fps              | 201      |
|    time_elapsed     | 2953     |
|    total_timesteps  | 1595770  |
| train/              |          |
|    learning_rate    | 0.0001   |
|    loss             | 0.229    |
|    n_updates        | 396441   |
----------------------------------
----------------------------------
| rollout/            |          |
|    ep_len_mean      | 265      |
|    ep_rew_mean      | -15.5    |
|    exploration_rate | 0.1      |
| time/               |          |
|    episodes         | 17440    |
|    fps              | 201      |
|    time_elapsed     | 2956     |
|    total_timesteps  | 1596483  |
| train/              |          |
|    learning_rate    | 0.0001   |
|    loss             | 0.443    |
|    n_updates        | 396619   |
----------------------------------
----------------------------------
| rollout/            |          |
|    ep_len_mean      | 277      |
|    ep_rew_mean      | -17.7    |
|    exploration_rate | 0.1      |
| time/               |          |
|    episodes         | 17444    |
|    fps              | 201      |
|    time_elapsed     | 2965     |
|    total_timesteps  | 1598641  |
| train/              |          |
|    learning_rate    | 0.0001   |
|    loss             | 0.231    |
|    n_updates        | 397159   |
----------------------------------
----------------------------------
| rollout/            |          |
|    ep_len_mean      | 269      |
|    ep_rew_mean      | -17.3    |
|    exploration_rate | 0.1      |
| time/               |          |
|    episodes         | 17448    |
|    fps              | 201      |
|    time_elapsed     | 2969     |
|    total_timesteps  | 1599193  |
| train/              |          |
|    learning_rate    | 0.0001   |
|    loss             | 0.457    |
|    n_updates        | 397297   |
----------------------------------
FruitCounts | {'Fruit': 0, 'DecayFruit': 0, 'EnemyFruit': 2} |
----------------------------------
| rollout/            |          |
|    ep_len_mean      | 271      |
|    ep_rew_mean      | -16.3    |
|    exploration_rate | 0.1      |
| time/               |          |
|    episodes         | 17452    |
|    fps              | 201      |
|    time_elapsed     | 2974     |
|    total_timesteps  | 1600446  |
| train/              |          |
|    learning_rate    | 0.0001   |
|    loss             | 0.324    |
|    n_updates        | 397610   |
----------------------------------
----------------------------------
| rollout/            |          |
|    ep_len_mean      | 285      |
|    ep_rew_mean      | -16.8    |
|    exploration_rate | 0.1      |
| time/               |          |
|    episodes         | 17456    |
|    fps              | 202      |
|    time_elapsed     | 2986     |
|    total_timesteps  | 1603304  |
| train/              |          |
|    learning_rate    | 0.0001   |
|    loss             | 0.795    |
|    n_updates        | 398324   |
----------------------------------
----------------------------------
| rollout/            |          |
|    ep_len_mean      | 290      |
|    ep_rew_mean      | -18      |
|    exploration_rate | 0.1      |
| time/               |          |
|    episodes         | 17460    |
|    fps              | 202      |
|    time_elapsed     | 2991     |
|    total_timesteps  | 1604359  |
| train/              |          |
|    learning_rate    | 0.0001   |
|    loss             | 0.00523  |
|    n_updates        | 398588   |
----------------------------------
----------------------------------
| rollout/            |          |
|    ep_len_mean      | 282      |
|    ep_rew_mean      | -16.7    |
|    exploration_rate | 0.1      |
| time/               |          |
|    episodes         | 17464    |
|    fps              | 202      |
|    time_elapsed     | 2994     |
|    total_timesteps  | 1604905  |
| train/              |          |
|    learning_rate    | 0.0001   |
|    loss             | 0.00379  |
|    n_updates        | 398725   |
----------------------------------
----------------------------------
| rollout/            |          |
|    ep_len_mean      | 313      |
|    ep_rew_mean      | -17.6    |
|    exploration_rate | 0.1      |
| time/               |          |
|    episodes         | 17468    |
|    fps              | 202      |
|    time_elapsed     | 3007     |
|    total_timesteps  | 1608196  |
| train/              |          |
|    learning_rate    | 0.0001   |
|    loss             | 0.845    |
|    n_updates        | 399547   |
----------------------------------
----------------------------------
| rollout/            |          |
|    ep_len_mean      | 294      |
|    ep_rew_mean      | -18.7    |
|    exploration_rate | 0.1      |
| time/               |          |
|    episodes         | 17472    |
|    fps              | 202      |
|    time_elapsed     | 3010     |
|    total_timesteps  | 1608879  |
| train/              |          |
|    learning_rate    | 0.0001   |
|    loss             | 0.00613  |
|    n_updates        | 399718   |
----------------------------------
FruitCounts | {'Fruit': 5, 'DecayFruit': 1, 'EnemyFruit': 5} |
----------------------------------
| rollout/            |          |
|    ep_len_mean      | 305      |
|    ep_rew_mean      | -18.5    |
|    exploration_rate | 0.1      |
| time/               |          |
|    episodes         | 17476    |
|    fps              | 202      |
|    time_elapsed     | 3017     |
|    total_timesteps  | 1610523  |
| train/              |          |
|    learning_rate    | 0.0001   |
|    loss             | 0.00538  |
|    n_updates        | 400129   |
----------------------------------
----------------------------------
| rollout/            |          |
|    ep_len_mean      | 301      |
|    ep_rew_mean      | -17      |
|    exploration_rate | 0.1      |
| time/               |          |
|    episodes         | 17480    |
|    fps              | 202      |
|    time_elapsed     | 3022     |
|    total_timesteps  | 1611426  |
| train/              |          |
|    learning_rate    | 0.0001   |
|    loss             | 0.0163   |
|    n_updates        | 400355   |
----------------------------------
----------------------------------
| rollout/            |          |
|    ep_len_mean      | 306      |
|    ep_rew_mean      | -16.8    |
|    exploration_rate | 0.1      |
| time/               |          |
|    episodes         | 17484    |
|    fps              | 202      |
|    time_elapsed     | 3027     |
|    total_timesteps  | 1612725  |
| train/              |          |
|    learning_rate    | 0.0001   |
|    loss             | 0.614    |
|    n_updates        | 400680   |
----------------------------------
----------------------------------
| rollout/            |          |
|    ep_len_mean      | 304      |
|    ep_rew_mean      | -16.2    |
|    exploration_rate | 0.1      |
| time/               |          |
|    episodes         | 17488    |
|    fps              | 202      |
|    time_elapsed     | 3031     |
|    total_timesteps  | 1613381  |
| train/              |          |
|    learning_rate    | 0.0001   |
|    loss             | 0.234    |
|    n_updates        | 400844   |
----------------------------------
----------------------------------
| rollout/            |          |
|    ep_len_mean      | 290      |
|    ep_rew_mean      | -13.9    |
|    exploration_rate | 0.1      |
| time/               |          |
|    episodes         | 17492    |
|    fps              | 202      |
|    time_elapsed     | 3033     |
|    total_timesteps  | 1613700  |
| train/              |          |
|    learning_rate    | 0.0001   |
|    loss             | 0.613    |
|    n_updates        | 400923   |
----------------------------------
----------------------------------
| rollout/            |          |
|    ep_len_mean      | 292      |
|    ep_rew_mean      | -14      |
|    exploration_rate | 0.1      |
| time/               |          |
|    episodes         | 17496    |
|    fps              | 202      |
|    time_elapsed     | 3037     |
|    total_timesteps  | 1614518  |
| train/              |          |
|    learning_rate    | 0.0001   |
|    loss             | 0.231    |
|    n_updates        | 401128   |
----------------------------------
----------------------------------
| rollout/            |          |
|    ep_len_mean      | 293      |
|    ep_rew_mean      | -13.7    |
|    exploration_rate | 0.1      |
| time/               |          |
|    episodes         | 17500    |
|    fps              | 202      |
|    time_elapsed     | 3043     |
|    total_timesteps  | 1615939  |
| train/              |          |
|    learning_rate    | 0.0001   |
|    loss             | 0.23     |
|    n_updates        | 401483   |
----------------------------------
----------------------------------
| rollout/            |          |
|    ep_len_mean      | 289      |
|    ep_rew_mean      | -13.7    |
|    exploration_rate | 0.1      |
| time/               |          |
|    episodes         | 17504    |
|    fps              | 202      |
|    time_elapsed     | 3047     |
|    total_timesteps  | 1616559  |
| train/              |          |
|    learning_rate    | 0.0001   |
|    loss             | 0.23     |
|    n_updates        | 401638   |
----------------------------------
----------------------------------
| rollout/            |          |
|    ep_len_mean      | 284      |
|    ep_rew_mean      | -14      |
|    exploration_rate | 0.1      |
| time/               |          |
|    episodes         | 17508    |
|    fps              | 202      |
|    time_elapsed     | 3050     |
|    total_timesteps  | 1617207  |
| train/              |          |
|    learning_rate    | 0.0001   |
|    loss             | 0.00584  |
|    n_updates        | 401800   |
----------------------------------
----------------------------------
| rollout/            |          |
|    ep_len_mean      | 279      |
|    ep_rew_mean      | -14.2    |
|    exploration_rate | 0.1      |
| time/               |          |
|    episodes         | 17512    |
|    fps              | 202      |
|    time_elapsed     | 3053     |
|    total_timesteps  | 1617521  |
| train/              |          |
|    learning_rate    | 0.0001   |
|    loss             | 0.536    |
|    n_updates        | 401879   |
----------------------------------
----------------------------------
| rollout/            |          |
|    ep_len_mean      | 287      |
|    ep_rew_mean      | -13.9    |
|    exploration_rate | 0.1      |
| time/               |          |
|    episodes         | 17516    |
|    fps              | 202      |
|    time_elapsed     | 3058     |
|    total_timesteps  | 1618713  |
| train/              |          |
|    learning_rate    | 0.0001   |
|    loss             | 0.888    |
|    n_updates        | 402177   |
----------------------------------
----------------------------------
| rollout/            |          |
|    ep_len_mean      | 283      |
|    ep_rew_mean      | -13      |
|    exploration_rate | 0.1      |
| time/               |          |
|    episodes         | 17520    |
|    fps              | 202      |
|    time_elapsed     | 3062     |
|    total_timesteps  | 1619481  |
| train/              |          |
|    learning_rate    | 0.0001   |
|    loss             | 0.00455  |
|    n_updates        | 402369   |
----------------------------------
FruitCounts | {'Fruit': 0, 'DecayFruit': 0, 'EnemyFruit': 0} |
----------------------------------
| rollout/            |          |
|    ep_len_mean      | 284      |
|    ep_rew_mean      | -13.5    |
|    exploration_rate | 0.1      |
| time/               |          |
|    episodes         | 17524    |
|    fps              | 202      |
|    time_elapsed     | 3066     |
|    total_timesteps  | 1620340  |
| train/              |          |
|    learning_rate    | 0.0001   |
|    loss             | 0.227    |
|    n_updates        | 402583   |
----------------------------------
----------------------------------
| rollout/            |          |
|    ep_len_mean      | 285      |
|    ep_rew_mean      | -14.2    |
|    exploration_rate | 0.1      |
| time/               |          |
|    episodes         | 17528    |
|    fps              | 202      |
|    time_elapsed     | 3071     |
|    total_timesteps  | 1621288  |
| train/              |          |
|    learning_rate    | 0.0001   |
|    loss             | 0.00369  |
|    n_updates        | 402820   |
----------------------------------
----------------------------------
| rollout/            |          |
|    ep_len_mean      | 272      |
|    ep_rew_mean      | -13      |
|    exploration_rate | 0.1      |
| time/               |          |
|    episodes         | 17532    |
|    fps              | 202      |
|    time_elapsed     | 3074     |
|    total_timesteps  | 1621938  |
| train/              |          |
|    learning_rate    | 0.0001   |
|    loss             | 0.471    |
|    n_updates        | 402983   |
----------------------------------
----------------------------------
| rollout/            |          |
|    ep_len_mean      | 269      |
|    ep_rew_mean      | -12      |
|    exploration_rate | 0.1      |
| time/               |          |
|    episodes         | 17536    |
|    fps              | 202      |
|    time_elapsed     | 3078     |
|    total_timesteps  | 1622640  |
| train/              |          |
|    learning_rate    | 0.0001   |
|    loss             | 0.00293  |
|    n_updates        | 403158   |
----------------------------------
----------------------------------
| rollout/            |          |
|    ep_len_mean      | 272      |
|    ep_rew_mean      | -12.7    |
|    exploration_rate | 0.1      |
| time/               |          |
|    episodes         | 17540    |
|    fps              | 202      |
|    time_elapsed     | 3083     |
|    total_timesteps  | 1623670  |
| train/              |          |
|    learning_rate    | 0.0001   |
|    loss             | 0.00439  |
|    n_updates        | 403416   |
----------------------------------
----------------------------------
| rollout/            |          |
|    ep_len_mean      | 255      |
|    ep_rew_mean      | -11.6    |
|    exploration_rate | 0.1      |
| time/               |          |
|    episodes         | 17544    |
|    fps              | 202      |
|    time_elapsed     | 3086     |
|    total_timesteps  | 1624106  |
| train/              |          |
|    learning_rate    | 0.0001   |
|    loss             | 0.00372  |
|    n_updates        | 403525   |
----------------------------------
----------------------------------
| rollout/            |          |
|    ep_len_mean      | 260      |
|    ep_rew_mean      | -12.1    |
|    exploration_rate | 0.1      |
| time/               |          |
|    episodes         | 17548    |
|    fps              | 202      |
|    time_elapsed     | 3091     |
|    total_timesteps  | 1625182  |
| train/              |          |
|    learning_rate    | 0.0001   |
|    loss             | 0.325    |
|    n_updates        | 403794   |
----------------------------------
----------------------------------
| rollout/            |          |
|    ep_len_mean      | 252      |
|    ep_rew_mean      | -12      |
|    exploration_rate | 0.1      |
| time/               |          |
|    episodes         | 17552    |
|    fps              | 202      |
|    time_elapsed     | 3094     |
|    total_timesteps  | 1625636  |
| train/              |          |
|    learning_rate    | 0.0001   |
|    loss             | 0.843    |
|    n_updates        | 403907   |
----------------------------------
----------------------------------
| rollout/            |          |
|    ep_len_mean      | 226      |
|    ep_rew_mean      | -10.8    |
|    exploration_rate | 0.1      |
| time/               |          |
|    episodes         | 17556    |
|    fps              | 202      |
|    time_elapsed     | 3096     |
|    total_timesteps  | 1625952  |
| train/              |          |
|    learning_rate    | 0.0001   |
|    loss             | 0.00385  |
|    n_updates        | 403986   |
----------------------------------
----------------------------------
| rollout/            |          |
|    ep_len_mean      | 222      |
|    ep_rew_mean      | -9.84    |
|    exploration_rate | 0.1      |
| time/               |          |
|    episodes         | 17560    |
|    fps              | 202      |
|    time_elapsed     | 3099     |
|    total_timesteps  | 1626525  |
| train/              |          |
|    learning_rate    | 0.0001   |
|    loss             | 0.436    |
|    n_updates        | 404130   |
----------------------------------
----------------------------------
| rollout/            |          |
|    ep_len_mean      | 222      |
|    ep_rew_mean      | -10.5    |
|    exploration_rate | 0.1      |
| time/               |          |
|    episodes         | 17564    |
|    fps              | 202      |
|    time_elapsed     | 3102     |
|    total_timesteps  | 1627091  |
| train/              |          |
|    learning_rate    | 0.0001   |
|    loss             | 0.00742  |
|    n_updates        | 404271   |
----------------------------------
----------------------------------
| rollout/            |          |
|    ep_len_mean      | 200      |
|    ep_rew_mean      | -8.98    |
|    exploration_rate | 0.1      |
| time/               |          |
|    episodes         | 17568    |
|    fps              | 202      |
|    time_elapsed     | 3107     |
|    total_timesteps  | 1628177  |
| train/              |          |
|    learning_rate    | 0.0001   |
|    loss             | 0.0044   |
|    n_updates        | 404543   |
----------------------------------
----------------------------------
| rollout/            |          |
|    ep_len_mean      | 208      |
|    ep_rew_mean      | -7.81    |
|    exploration_rate | 0.1      |
| time/               |          |
|    episodes         | 17572    |
|    fps              | 202      |
|    time_elapsed     | 3114     |
|    total_timesteps  | 1629677  |
| train/              |          |
|    learning_rate    | 0.0001   |
|    loss             | 0.0117   |
|    n_updates        | 404918   |
----------------------------------
FruitCounts | {'Fruit': 0, 'DecayFruit': 0, 'EnemyFruit': 1} |
----------------------------------
| rollout/            |          |
|    ep_len_mean      | 205      |
|    ep_rew_mean      | -7.39    |
|    exploration_rate | 0.1      |
| time/               |          |
|    episodes         | 17576    |
|    fps              | 202      |
|    time_elapsed     | 3120     |
|    total_timesteps  | 1630989  |
| train/              |          |
|    learning_rate    | 0.0001   |
|    loss             | 0.00498  |
|    n_updates        | 405246   |
----------------------------------
----------------------------------
| rollout/            |          |
|    ep_len_mean      | 200      |
|    ep_rew_mean      | -8.42    |
|    exploration_rate | 0.1      |
| time/               |          |
|    episodes         | 17580    |
|    fps              | 202      |
|    time_elapsed     | 3122     |
|    total_timesteps  | 1631442  |
| train/              |          |
|    learning_rate    | 0.0001   |
|    loss             | 0.31     |
|    n_updates        | 405359   |
----------------------------------
----------------------------------
| rollout/            |          |
|    ep_len_mean      | 196      |
|    ep_rew_mean      | -8.53    |
|    exploration_rate | 0.1      |
| time/               |          |
|    episodes         | 17584    |
|    fps              | 202      |
|    time_elapsed     | 3127     |
|    total_timesteps  | 1632361  |
| train/              |          |
|    learning_rate    | 0.0001   |
|    loss             | 0.311    |
|    n_updates        | 405589   |
----------------------------------
----------------------------------
| rollout/            |          |
|    ep_len_mean      | 197      |
|    ep_rew_mean      | -8.62    |
|    exploration_rate | 0.1      |
| time/               |          |
|    episodes         | 17588    |
|    fps              | 202      |
|    time_elapsed     | 3130     |
|    total_timesteps  | 1633037  |
| train/              |          |
|    learning_rate    | 0.0001   |
|    loss             | 0.00552  |
|    n_updates        | 405758   |
----------------------------------
----------------------------------
| rollout/            |          |
|    ep_len_mean      | 216      |
|    ep_rew_mean      | -9.54    |
|    exploration_rate | 0.1      |
| time/               |          |
|    episodes         | 17592    |
|    fps              | 202      |
|    time_elapsed     | 3139     |
|    total_timesteps  | 1635281  |
| train/              |          |
|    learning_rate    | 0.0001   |
|    loss             | 0.00354  |
|    n_updates        | 406319   |
----------------------------------
----------------------------------
| rollout/            |          |
|    ep_len_mean      | 214      |
|    ep_rew_mean      | -9.3     |
|    exploration_rate | 0.1      |
| time/               |          |
|    episodes         | 17596    |
|    fps              | 202      |
|    time_elapsed     | 3143     |
|    total_timesteps  | 1635937  |
| train/              |          |
|    learning_rate    | 0.0001   |
|    loss             | 0.00445  |
|    n_updates        | 406483   |
----------------------------------
----------------------------------
| rollout/            |          |
|    ep_len_mean      | 207      |
|    ep_rew_mean      | -8.95    |
|    exploration_rate | 0.1      |
| time/               |          |
|    episodes         | 17600    |
|    fps              | 202      |
|    time_elapsed     | 3146     |
|    total_timesteps  | 1636649  |
| train/              |          |
|    learning_rate    | 0.0001   |
|    loss             | 0.215    |
|    n_updates        | 406661   |
----------------------------------
----------------------------------
| rollout/            |          |
|    ep_len_mean      | 212      |
|    ep_rew_mean      | -8.49    |
|    exploration_rate | 0.1      |
| time/               |          |
|    episodes         | 17604    |
|    fps              | 202      |
|    time_elapsed     | 3151     |
|    total_timesteps  | 1637739  |
| train/              |          |
|    learning_rate    | 0.0001   |
|    loss             | 0.00613  |
|    n_updates        | 406933   |
----------------------------------
----------------------------------
| rollout/            |          |
|    ep_len_mean      | 226      |
|    ep_rew_mean      | -8.43    |
|    exploration_rate | 0.1      |
| time/               |          |
|    episodes         | 17608    |
|    fps              | 202      |
|    time_elapsed     | 3160     |
|    total_timesteps  | 1639806  |
| train/              |          |
|    learning_rate    | 0.0001   |
|    loss             | 0.203    |
|    n_updates        | 407450   |
----------------------------------
FruitCounts | {'Fruit': 0, 'DecayFruit': 0, 'EnemyFruit': 0} |
----------------------------------
| rollout/            |          |
|    ep_len_mean      | 235      |
|    ep_rew_mean      | -8.26    |
|    exploration_rate | 0.1      |
| time/               |          |
|    episodes         | 17612    |
|    fps              | 202      |
|    time_elapsed     | 3166     |
|    total_timesteps  | 1641046  |
| train/              |          |
|    learning_rate    | 0.0001   |
|    loss             | 0.307    |
|    n_updates        | 407760   |
----------------------------------
----------------------------------
| rollout/            |          |
|    ep_len_mean      | 229      |
|    ep_rew_mean      | -8.27    |
|    exploration_rate | 0.1      |
| time/               |          |
|    episodes         | 17616    |
|    fps              | 202      |
|    time_elapsed     | 3169     |
|    total_timesteps  | 1641564  |
| train/              |          |
|    learning_rate    | 0.0001   |
|    loss             | 0.00525  |
|    n_updates        | 407889   |
----------------------------------
----------------------------------
| rollout/            |          |
|    ep_len_mean      | 231      |
|    ep_rew_mean      | -9.54    |
|    exploration_rate | 0.1      |
| time/               |          |
|    episodes         | 17620    |
|    fps              | 202      |
|    time_elapsed     | 3173     |
|    total_timesteps  | 1642559  |
| train/              |          |
|    learning_rate    | 0.0001   |
|    loss             | 0.00644  |
|    n_updates        | 408138   |
----------------------------------
----------------------------------
| rollout/            |          |
|    ep_len_mean      | 245      |
|    ep_rew_mean      | -10.2    |
|    exploration_rate | 0.1      |
| time/               |          |
|    episodes         | 17624    |
|    fps              | 202      |
|    time_elapsed     | 3183     |
|    total_timesteps  | 1644833  |
| train/              |          |
|    learning_rate    | 0.0001   |
|    loss             | 0.00466  |
|    n_updates        | 408707   |
----------------------------------
----------------------------------
| rollout/            |          |
|    ep_len_mean      | 242      |
|    ep_rew_mean      | -10.7    |
|    exploration_rate | 0.1      |
| time/               |          |
|    episodes         | 17628    |
|    fps              | 202      |
|    time_elapsed     | 3186     |
|    total_timesteps  | 1645459  |
| train/              |          |
|    learning_rate    | 0.0001   |
|    loss             | 0.00734  |
|    n_updates        | 408863   |
----------------------------------
----------------------------------
| rollout/            |          |
|    ep_len_mean      | 245      |
|    ep_rew_mean      | -10.2    |
|    exploration_rate | 0.1      |
| time/               |          |
|    episodes         | 17632    |
|    fps              | 202      |
|    time_elapsed     | 3191     |
|    total_timesteps  | 1646392  |
| train/              |          |
|    learning_rate    | 0.0001   |
|    loss             | 0.00502  |
|    n_updates        | 409096   |
----------------------------------
----------------------------------
| rollout/            |          |
|    ep_len_mean      | 242      |
|    ep_rew_mean      | -10.6    |
|    exploration_rate | 0.1      |
| time/               |          |
|    episodes         | 17636    |
|    fps              | 202      |
|    time_elapsed     | 3194     |
|    total_timesteps  | 1646855  |
| train/              |          |
|    learning_rate    | 0.0001   |
|    loss             | 0.0418   |
|    n_updates        | 409212   |
----------------------------------
----------------------------------
| rollout/            |          |
|    ep_len_mean      | 236      |
|    ep_rew_mean      | -9.19    |
|    exploration_rate | 0.1      |
| time/               |          |
|    episodes         | 17640    |
|    fps              | 202      |
|    time_elapsed     | 3196     |
|    total_timesteps  | 1647239  |
| train/              |          |
|    learning_rate    | 0.0001   |
|    loss             | 0.23     |
|    n_updates        | 409308   |
----------------------------------
----------------------------------
| rollout/            |          |
|    ep_len_mean      | 240      |
|    ep_rew_mean      | -10.6    |
|    exploration_rate | 0.1      |
| time/               |          |
|    episodes         | 17644    |
|    fps              | 202      |
|    time_elapsed     | 3201     |
|    total_timesteps  | 1648078  |
| train/              |          |
|    learning_rate    | 0.0001   |
|    loss             | 0.167    |
|    n_updates        | 409518   |
----------------------------------
----------------------------------
| rollout/            |          |
|    ep_len_mean      | 238      |
|    ep_rew_mean      | -10.9    |
|    exploration_rate | 0.1      |
| time/               |          |
|    episodes         | 17648    |
|    fps              | 202      |
|    time_elapsed     | 3205     |
|    total_timesteps  | 1648970  |
| train/              |          |
|    learning_rate    | 0.0001   |
|    loss             | 0.00473  |
|    n_updates        | 409741   |
----------------------------------
FruitCounts | {'Fruit': 0, 'DecayFruit': 1, 'EnemyFruit': 4} |
----------------------------------
| rollout/            |          |
|    ep_len_mean      | 246      |
|    ep_rew_mean      | -11.6    |
|    exploration_rate | 0.1      |
| time/               |          |
|    episodes         | 17652    |
|    fps              | 202      |
|    time_elapsed     | 3211     |
|    total_timesteps  | 1650265  |
| train/              |          |
|    learning_rate    | 0.0001   |
|    loss             | 0.00248  |
|    n_updates        | 410065   |
----------------------------------
----------------------------------
| rollout/            |          |
|    ep_len_mean      | 251      |
|    ep_rew_mean      | -10.9    |
|    exploration_rate | 0.1      |
| time/               |          |
|    episodes         | 17656    |
|    fps              | 202      |
|    time_elapsed     | 3215     |
|    total_timesteps  | 1651043  |
| train/              |          |
|    learning_rate    | 0.0001   |
|    loss             | 0.31     |
|    n_updates        | 410259   |
----------------------------------
----------------------------------
| rollout/            |          |
|    ep_len_mean      | 249      |
|    ep_rew_mean      | -10.9    |
|    exploration_rate | 0.1      |
| time/               |          |
|    episodes         | 17660    |
|    fps              | 202      |
|    time_elapsed     | 3217     |
|    total_timesteps  | 1651415  |
| train/              |          |
|    learning_rate    | 0.0001   |
|    loss             | 0.00412  |
|    n_updates        | 410352   |
----------------------------------
----------------------------------
| rollout/            |          |
|    ep_len_mean      | 248      |
|    ep_rew_mean      | -10.8    |
|    exploration_rate | 0.1      |
| time/               |          |
|    episodes         | 17664    |
|    fps              | 202      |
|    time_elapsed     | 3220     |
|    total_timesteps  | 1651867  |
| train/              |          |
|    learning_rate    | 0.0001   |
|    loss             | 0.27     |
|    n_updates        | 410465   |
----------------------------------
----------------------------------
| rollout/            |          |
|    ep_len_mean      | 251      |
|    ep_rew_mean      | -11.8    |
|    exploration_rate | 0.1      |
| time/               |          |
|    episodes         | 17668    |
|    fps              | 202      |
|    time_elapsed     | 3226     |
|    total_timesteps  | 1653283  |
| train/              |          |
|    learning_rate    | 0.0001   |
|    loss             | 0.485    |
|    n_updates        | 410819   |
----------------------------------
----------------------------------
| rollout/            |          |
|    ep_len_mean      | 242      |
|    ep_rew_mean      | -12.1    |
|    exploration_rate | 0.1      |
| time/               |          |
|    episodes         | 17672    |
|    fps              | 202      |
|    time_elapsed     | 3230     |
|    total_timesteps  | 1653913  |
| train/              |          |
|    learning_rate    | 0.0001   |
|    loss             | 0.0111   |
|    n_updates        | 410977   |
----------------------------------
----------------------------------
| rollout/            |          |
|    ep_len_mean      | 232      |
|    ep_rew_mean      | -12.9    |
|    exploration_rate | 0.1      |
| time/               |          |
|    episodes         | 17676    |
|    fps              | 202      |
|    time_elapsed     | 3232     |
|    total_timesteps  | 1654186  |
| train/              |          |
|    learning_rate    | 0.0001   |
|    loss             | 0.844    |
|    n_updates        | 411045   |
----------------------------------
----------------------------------
| rollout/            |          |
|    ep_len_mean      | 240      |
|    ep_rew_mean      | -12.5    |
|    exploration_rate | 0.1      |
| time/               |          |
|    episodes         | 17680    |
|    fps              | 202      |
|    time_elapsed     | 3238     |
|    total_timesteps  | 1655420  |
| train/              |          |
|    learning_rate    | 0.0001   |
|    loss             | 0.0131   |
|    n_updates        | 411353   |
----------------------------------
----------------------------------
| rollout/            |          |
|    ep_len_mean      | 243      |
|    ep_rew_mean      | -13      |
|    exploration_rate | 0.1      |
| time/               |          |
|    episodes         | 17684    |
|    fps              | 202      |
|    time_elapsed     | 3243     |
|    total_timesteps  | 1656618  |
| train/              |          |
|    learning_rate    | 0.0001   |
|    loss             | 0.0585   |
|    n_updates        | 411653   |
----------------------------------
----------------------------------
| rollout/            |          |
|    ep_len_mean      | 240      |
|    ep_rew_mean      | -13.2    |
|    exploration_rate | 0.1      |
| time/               |          |
|    episodes         | 17688    |
|    fps              | 202      |
|    time_elapsed     | 3246     |
|    total_timesteps  | 1656990  |
| train/              |          |
|    learning_rate    | 0.0001   |
|    loss             | 0.308    |
|    n_updates        | 411746   |
----------------------------------
----------------------------------
| rollout/            |          |
|    ep_len_mean      | 225      |
|    ep_rew_mean      | -13.4    |
|    exploration_rate | 0.1      |
| time/               |          |
|    episodes         | 17692    |
|    fps              | 202      |
|    time_elapsed     | 3250     |
|    total_timesteps  | 1657753  |
| train/              |          |
|    learning_rate    | 0.0001   |
|    loss             | 0.01     |
|    n_updates        | 411937   |
----------------------------------
----------------------------------
| rollout/            |          |
|    ep_len_mean      | 230      |
|    ep_rew_mean      | -13.7    |
|    exploration_rate | 0.1      |
| time/               |          |
|    episodes         | 17696    |
|    fps              | 202      |
|    time_elapsed     | 3255     |
|    total_timesteps  | 1658908  |
| train/              |          |
|    learning_rate    | 0.0001   |
|    loss             | 0.00436  |
|    n_updates        | 412225   |
----------------------------------
FruitCounts | {'Fruit': 1, 'DecayFruit': 0, 'EnemyFruit': 2} |
----------------------------------
| rollout/            |          |
|    ep_len_mean      | 239      |
|    ep_rew_mean      | -13.6    |
|    exploration_rate | 0.1      |
| time/               |          |
|    episodes         | 17700    |
|    fps              | 202      |
|    time_elapsed     | 3262     |
|    total_timesteps  | 1660534  |
| train/              |          |
|    learning_rate    | 0.0001   |
|    loss             | 0.615    |
|    n_updates        | 412632   |
----------------------------------
----------------------------------
| rollout/            |          |
|    ep_len_mean      | 242      |
|    ep_rew_mean      | -14.6    |
|    exploration_rate | 0.1      |
| time/               |          |
|    episodes         | 17704    |
|    fps              | 202      |
|    time_elapsed     | 3268     |
|    total_timesteps  | 1661936  |
| train/              |          |
|    learning_rate    | 0.0001   |
|    loss             | 0.516    |
|    n_updates        | 412982   |
----------------------------------
----------------------------------
| rollout/            |          |
|    ep_len_mean      | 227      |
|    ep_rew_mean      | -13.8    |
|    exploration_rate | 0.1      |
| time/               |          |
|    episodes         | 17708    |
|    fps              | 202      |
|    time_elapsed     | 3271     |
|    total_timesteps  | 1662502  |
| train/              |          |
|    learning_rate    | 0.0001   |
|    loss             | 0.205    |
|    n_updates        | 413124   |
----------------------------------
----------------------------------
| rollout/            |          |
|    ep_len_mean      | 222      |
|    ep_rew_mean      | -13.9    |
|    exploration_rate | 0.1      |
| time/               |          |
|    episodes         | 17712    |
|    fps              | 202      |
|    time_elapsed     | 3275     |
|    total_timesteps  | 1663230  |
| train/              |          |
|    learning_rate    | 0.0001   |
|    loss             | 0.00869  |
|    n_updates        | 413306   |
----------------------------------
----------------------------------
| rollout/            |          |
|    ep_len_mean      | 228      |
|    ep_rew_mean      | -14.3    |
|    exploration_rate | 0.1      |
| time/               |          |
|    episodes         | 17716    |
|    fps              | 202      |
|    time_elapsed     | 3281     |
|    total_timesteps  | 1664402  |
| train/              |          |
|    learning_rate    | 0.0001   |
|    loss             | 0.203    |
|    n_updates        | 413599   |
----------------------------------
----------------------------------
| rollout/            |          |
|    ep_len_mean      | 231      |
|    ep_rew_mean      | -14      |
|    exploration_rate | 0.1      |
| time/               |          |
|    episodes         | 17720    |
|    fps              | 202      |
|    time_elapsed     | 3286     |
|    total_timesteps  | 1665622  |
| train/              |          |
|    learning_rate    | 0.0001   |
|    loss             | 0.31     |
|    n_updates        | 413904   |
----------------------------------
----------------------------------
| rollout/            |          |
|    ep_len_mean      | 210      |
|    ep_rew_mean      | -12.6    |
|    exploration_rate | 0.1      |
| time/               |          |
|    episodes         | 17724    |
|    fps              | 202      |
|    time_elapsed     | 3288     |
|    total_timesteps  | 1665882  |
| train/              |          |
|    learning_rate    | 0.0001   |
|    loss             | 0.0106   |
|    n_updates        | 413969   |
----------------------------------
----------------------------------
| rollout/            |          |
|    ep_len_mean      | 209      |
|    ep_rew_mean      | -11.6    |
|    exploration_rate | 0.1      |
| time/               |          |
|    episodes         | 17728    |
|    fps              | 202      |
|    time_elapsed     | 3291     |
|    total_timesteps  | 1666403  |
| train/              |          |
|    learning_rate    | 0.0001   |
|    loss             | 0.00463  |
|    n_updates        | 414099   |
----------------------------------
----------------------------------
| rollout/            |          |
|    ep_len_mean      | 209      |
|    ep_rew_mean      | -12.1    |
|    exploration_rate | 0.1      |
| time/               |          |
|    episodes         | 17732    |
|    fps              | 202      |
|    time_elapsed     | 3296     |
|    total_timesteps  | 1667273  |
| train/              |          |
|    learning_rate    | 0.0001   |
|    loss             | 0.438    |
|    n_updates        | 414317   |
----------------------------------
----------------------------------
| rollout/            |          |
|    ep_len_mean      | 214      |
|    ep_rew_mean      | -11.5    |
|    exploration_rate | 0.1      |
| time/               |          |
|    episodes         | 17736    |
|    fps              | 202      |
|    time_elapsed     | 3300     |
|    total_timesteps  | 1668273  |
| train/              |          |
|    learning_rate    | 0.0001   |
|    loss             | 0.00459  |
|    n_updates        | 414567   |
----------------------------------
----------------------------------
| rollout/            |          |
|    ep_len_mean      | 218      |
|    ep_rew_mean      | -11.8    |
|    exploration_rate | 0.1      |
| time/               |          |
|    episodes         | 17740    |
|    fps              | 202      |
|    time_elapsed     | 3304     |
|    total_timesteps  | 1669013  |
| train/              |          |
|    learning_rate    | 0.0001   |
|    loss             | 0.417    |
|    n_updates        | 414752   |
----------------------------------
----------------------------------
| rollout/            |          |
|    ep_len_mean      | 218      |
|    ep_rew_mean      | -10.7    |
|    exploration_rate | 0.1      |
| time/               |          |
|    episodes         | 17744    |
|    fps              | 202      |
|    time_elapsed     | 3308     |
|    total_timesteps  | 1669896  |
| train/              |          |
|    learning_rate    | 0.0001   |
|    loss             | 0.211    |
|    n_updates        | 414972   |
----------------------------------
FruitCounts | {'Fruit': 0, 'DecayFruit': 0, 'EnemyFruit': 0} |
----------------------------------
| rollout/            |          |
|    ep_len_mean      | 223      |
|    ep_rew_mean      | -10.3    |
|    exploration_rate | 0.1      |
| time/               |          |
|    episodes         | 17748    |
|    fps              | 202      |
|    time_elapsed     | 3314     |
|    total_timesteps  | 1671280  |
| train/              |          |
|    learning_rate    | 0.0001   |
|    loss             | 0.611    |
|    n_updates        | 415318   |
----------------------------------
----------------------------------
| rollout/            |          |
|    ep_len_mean      | 220      |
|    ep_rew_mean      | -10.1    |
|    exploration_rate | 0.1      |
| time/               |          |
|    episodes         | 17752    |
|    fps              | 202      |
|    time_elapsed     | 3319     |
|    total_timesteps  | 1672234  |
| train/              |          |
|    learning_rate    | 0.0001   |
|    loss             | 0.307    |
|    n_updates        | 415557   |
----------------------------------
----------------------------------
| rollout/            |          |
|    ep_len_mean      | 221      |
|    ep_rew_mean      | -11.2    |
|    exploration_rate | 0.1      |
| time/               |          |
|    episodes         | 17756    |
|    fps              | 202      |
|    time_elapsed     | 3323     |
|    total_timesteps  | 1673189  |
| train/              |          |
|    learning_rate    | 0.0001   |
|    loss             | 0.309    |
|    n_updates        | 415796   |
----------------------------------
----------------------------------
| rollout/            |          |
|    ep_len_mean      | 230      |
|    ep_rew_mean      | -11.4    |
|    exploration_rate | 0.1      |
| time/               |          |
|    episodes         | 17760    |
|    fps              | 202      |
|    time_elapsed     | 3329     |
|    total_timesteps  | 1674382  |
| train/              |          |
|    learning_rate    | 0.0001   |
|    loss             | 0.00494  |
|    n_updates        | 416094   |
----------------------------------
----------------------------------
| rollout/            |          |
|    ep_len_mean      | 239      |
|    ep_rew_mean      | -11.3    |
|    exploration_rate | 0.1      |
| time/               |          |
|    episodes         | 17764    |
|    fps              | 202      |
|    time_elapsed     | 3335     |
|    total_timesteps  | 1675720  |
| train/              |          |
|    learning_rate    | 0.0001   |
|    loss             | 0.514    |
|    n_updates        | 416428   |
----------------------------------
----------------------------------
| rollout/            |          |
|    ep_len_mean      | 239      |
|    ep_rew_mean      | -10.6    |
|    exploration_rate | 0.1      |
| time/               |          |
|    episodes         | 17768    |
|    fps              | 202      |
|    time_elapsed     | 3341     |
|    total_timesteps  | 1677135  |
| train/              |          |
|    learning_rate    | 0.0001   |
|    loss             | 0.388    |
|    n_updates        | 416782   |
----------------------------------
----------------------------------
| rollout/            |          |
|    ep_len_mean      | 239      |
|    ep_rew_mean      | -10.5    |
|    exploration_rate | 0.1      |
| time/               |          |
|    episodes         | 17772    |
|    fps              | 202      |
|    time_elapsed     | 3345     |
|    total_timesteps  | 1677795  |
| train/              |          |
|    learning_rate    | 0.0001   |
|    loss             | 0.21     |
|    n_updates        | 416947   |
----------------------------------
----------------------------------
| rollout/            |          |
|    ep_len_mean      | 252      |
|    ep_rew_mean      | -9.34    |
|    exploration_rate | 0.1      |
| time/               |          |
|    episodes         | 17776    |
|    fps              | 202      |
|    time_elapsed     | 3351     |
|    total_timesteps  | 1679339  |
| train/              |          |
|    learning_rate    | 0.0001   |
|    loss             | 0.00449  |
|    n_updates        | 417333   |
----------------------------------
FruitCounts | {'Fruit': 3, 'DecayFruit': 1, 'EnemyFruit': 6} |
----------------------------------
| rollout/            |          |
|    ep_len_mean      | 253      |
|    ep_rew_mean      | -10.3    |
|    exploration_rate | 0.1      |
| time/               |          |
|    episodes         | 17780    |
|    fps              | 202      |
|    time_elapsed     | 3357     |
|    total_timesteps  | 1680739  |
| train/              |          |
|    learning_rate    | 0.0001   |
|    loss             | 0.228    |
|    n_updates        | 417683   |
----------------------------------
----------------------------------
| rollout/            |          |
|    ep_len_mean      | 244      |
|    ep_rew_mean      | -10.1    |
|    exploration_rate | 0.1      |
| time/               |          |
|    episodes         | 17784    |
|    fps              | 202      |
|    time_elapsed     | 3360     |
|    total_timesteps  | 1680992  |
| train/              |          |
|    learning_rate    | 0.0001   |
|    loss             | 0.397    |
|    n_updates        | 417746   |
----------------------------------
----------------------------------
| rollout/            |          |
|    ep_len_mean      | 251      |
|    ep_rew_mean      | -9.96    |
|    exploration_rate | 0.1      |
| time/               |          |
|    episodes         | 17788    |
|    fps              | 202      |
|    time_elapsed     | 3365     |
|    total_timesteps  | 1682117  |
| train/              |          |
|    learning_rate    | 0.0001   |
|    loss             | 0.00363  |
|    n_updates        | 418028   |
----------------------------------
----------------------------------
| rollout/            |          |
|    ep_len_mean      | 253      |
|    ep_rew_mean      | -9.91    |
|    exploration_rate | 0.1      |
| time/               |          |
|    episodes         | 17792    |
|    fps              | 202      |
|    time_elapsed     | 3369     |
|    total_timesteps  | 1683032  |
| train/              |          |
|    learning_rate    | 0.0001   |
|    loss             | 0.308    |
|    n_updates        | 418256   |
----------------------------------
----------------------------------
| rollout/            |          |
|    ep_len_mean      | 244      |
|    ep_rew_mean      | -10.4    |
|    exploration_rate | 0.1      |
| time/               |          |
|    episodes         | 17796    |
|    fps              | 202      |
|    time_elapsed     | 3372     |
|    total_timesteps  | 1683334  |
| train/              |          |
|    learning_rate    | 0.0001   |
|    loss             | 0.00523  |
|    n_updates        | 418332   |
----------------------------------
----------------------------------
| rollout/            |          |
|    ep_len_mean      | 234      |
|    ep_rew_mean      | -11      |
|    exploration_rate | 0.1      |
| time/               |          |
|    episodes         | 17800    |
|    fps              | 202      |
|    time_elapsed     | 3375     |
|    total_timesteps  | 1683962  |
| train/              |          |
|    learning_rate    | 0.0001   |
|    loss             | 0.31     |
|    n_updates        | 418489   |
----------------------------------
----------------------------------
| rollout/            |          |
|    ep_len_mean      | 226      |
|    ep_rew_mean      | -9.47    |
|    exploration_rate | 0.1      |
| time/               |          |
|    episodes         | 17804    |
|    fps              | 202      |
|    time_elapsed     | 3379     |
|    total_timesteps  | 1684568  |
| train/              |          |
|    learning_rate    | 0.0001   |
|    loss             | 0.00355  |
|    n_updates        | 418640   |
----------------------------------
----------------------------------
| rollout/            |          |
|    ep_len_mean      | 228      |
|    ep_rew_mean      | -10.1    |
|    exploration_rate | 0.1      |
| time/               |          |
|    episodes         | 17808    |
|    fps              | 202      |
|    time_elapsed     | 3383     |
|    total_timesteps  | 1685332  |
| train/              |          |
|    learning_rate    | 0.0001   |
|    loss             | 0.457    |
|    n_updates        | 418831   |
----------------------------------
----------------------------------
| rollout/            |          |
|    ep_len_mean      | 234      |
|    ep_rew_mean      | -8.92    |
|    exploration_rate | 0.1      |
| time/               |          |
|    episodes         | 17812    |
|    fps              | 202      |
|    time_elapsed     | 3389     |
|    total_timesteps  | 1686595  |
| train/              |          |
|    learning_rate    | 0.0001   |
|    loss             | 0.21     |
|    n_updates        | 419147   |
----------------------------------
----------------------------------
| rollout/            |          |
|    ep_len_mean      | 227      |
|    ep_rew_mean      | -8.51    |
|    exploration_rate | 0.1      |
| time/               |          |
|    episodes         | 17816    |
|    fps              | 202      |
|    time_elapsed     | 3391     |
|    total_timesteps  | 1687081  |
| train/              |          |
|    learning_rate    | 0.0001   |
|    loss             | 0.31     |
|    n_updates        | 419269   |
----------------------------------
----------------------------------
| rollout/            |          |
|    ep_len_mean      | 218      |
|    ep_rew_mean      | -8.3     |
|    exploration_rate | 0.1      |
| time/               |          |
|    episodes         | 17820    |
|    fps              | 202      |
|    time_elapsed     | 3394     |
|    total_timesteps  | 1687417  |
| train/              |          |
|    learning_rate    | 0.0001   |
|    loss             | 0.535    |
|    n_updates        | 419353   |
----------------------------------
----------------------------------
| rollout/            |          |
|    ep_len_mean      | 225      |
|    ep_rew_mean      | -8.66    |
|    exploration_rate | 0.1      |
| time/               |          |
|    episodes         | 17824    |
|    fps              | 202      |
|    time_elapsed     | 3398     |
|    total_timesteps  | 1688362  |
| train/              |          |
|    learning_rate    | 0.0001   |
|    loss             | 0.00316  |
|    n_updates        | 419589   |
----------------------------------
----------------------------------
| rollout/            |          |
|    ep_len_mean      | 224      |
|    ep_rew_mean      | -8.88    |
|    exploration_rate | 0.1      |
| time/               |          |
|    episodes         | 17828    |
|    fps              | 202      |
|    time_elapsed     | 3401     |
|    total_timesteps  | 1688832  |
| train/              |          |
|    learning_rate    | 0.0001   |
|    loss             | 0.00976  |
|    n_updates        | 419706   |
----------------------------------
----------------------------------
| rollout/            |          |
|    ep_len_mean      | 224      |
|    ep_rew_mean      | -9.47    |
|    exploration_rate | 0.1      |
| time/               |          |
|    episodes         | 17832    |
|    fps              | 202      |
|    time_elapsed     | 3406     |
|    total_timesteps  | 1689676  |
| train/              |          |
|    learning_rate    | 0.0001   |
|    loss             | 0.209    |
|    n_updates        | 419917   |
----------------------------------
----------------------------------
| rollout/            |          |
|    ep_len_mean      | 217      |
|    ep_rew_mean      | -9.33    |
|    exploration_rate | 0.1      |
| time/               |          |
|    episodes         | 17836    |
|    fps              | 202      |
|    time_elapsed     | 3408     |
|    total_timesteps  | 1689966  |
| train/              |          |
|    learning_rate    | 0.0001   |
|    loss             | 0.00355  |
|    n_updates        | 419990   |
----------------------------------
FruitCounts | {'Fruit': 1, 'DecayFruit': 0, 'EnemyFruit': 0} |
----------------------------------
| rollout/            |          |
|    ep_len_mean      | 227      |
|    ep_rew_mean      | -9.74    |
|    exploration_rate | 0.1      |
| time/               |          |
|    episodes         | 17840    |
|    fps              | 202      |
|    time_elapsed     | 3415     |
|    total_timesteps  | 1691705  |
| train/              |          |
|    learning_rate    | 0.0001   |
|    loss             | 0.31     |
|    n_updates        | 420425   |
----------------------------------
----------------------------------
| rollout/            |          |
|    ep_len_mean      | 230      |
|    ep_rew_mean      | -10.4    |
|    exploration_rate | 0.1      |
| time/               |          |
|    episodes         | 17844    |
|    fps              | 202      |
|    time_elapsed     | 3421     |
|    total_timesteps  | 1692930  |
| train/              |          |
|    learning_rate    | 0.0001   |
|    loss             | 1.25     |
|    n_updates        | 420731   |
----------------------------------
----------------------------------
| rollout/            |          |
|    ep_len_mean      | 220      |
|    ep_rew_mean      | -10.3    |
|    exploration_rate | 0.1      |
| time/               |          |
|    episodes         | 17848    |
|    fps              | 202      |
|    time_elapsed     | 3423     |
|    total_timesteps  | 1693301  |
| train/              |          |
|    learning_rate    | 0.0001   |
|    loss             | 0.744    |
|    n_updates        | 420824   |
----------------------------------
----------------------------------
| rollout/            |          |
|    ep_len_mean      | 224      |
|    ep_rew_mean      | -9.51    |
|    exploration_rate | 0.1      |
| time/               |          |
|    episodes         | 17852    |
|    fps              | 202      |
|    time_elapsed     | 3429     |
|    total_timesteps  | 1694649  |
| train/              |          |
|    learning_rate    | 0.0001   |
|    loss             | 0.0525   |
|    n_updates        | 421161   |
----------------------------------
----------------------------------
| rollout/            |          |
|    ep_len_mean      | 246      |
|    ep_rew_mean      | -8.72    |
|    exploration_rate | 0.1      |
| time/               |          |
|    episodes         | 17856    |
|    fps              | 202      |
|    time_elapsed     | 3442     |
|    total_timesteps  | 1697761  |
| train/              |          |
|    learning_rate    | 0.0001   |
|    loss             | 0.189    |
|    n_updates        | 421939   |
----------------------------------
----------------------------------
| rollout/            |          |
|    ep_len_mean      | 241      |
|    ep_rew_mean      | -8.81    |
|    exploration_rate | 0.1      |
| time/               |          |
|    episodes         | 17860    |
|    fps              | 202      |
|    time_elapsed     | 3446     |
|    total_timesteps  | 1698466  |
| train/              |          |
|    learning_rate    | 0.0001   |
|    loss             | 0.24     |
|    n_updates        | 422115   |
----------------------------------
----------------------------------
| rollout/            |          |
|    ep_len_mean      | 235      |
|    ep_rew_mean      | -8.79    |
|    exploration_rate | 0.1      |
| time/               |          |
|    episodes         | 17864    |
|    fps              | 202      |
|    time_elapsed     | 3450     |
|    total_timesteps  | 1699196  |
| train/              |          |
|    learning_rate    | 0.0001   |
|    loss             | 0.00299  |
|    n_updates        | 422297   |
----------------------------------
FruitCounts | {'Fruit': 0, 'DecayFruit': 0, 'EnemyFruit': 0} |
----------------------------------
| rollout/            |          |
|    ep_len_mean      | 236      |
|    ep_rew_mean      | -9.62    |
|    exploration_rate | 0.1      |
| time/               |          |
|    episodes         | 17868    |
|    fps              | 202      |
|    time_elapsed     | 3457     |
|    total_timesteps  | 1700747  |
| train/              |          |
|    learning_rate    | 0.0001   |
|    loss             | 0.443    |
|    n_updates        | 422685   |
----------------------------------
----------------------------------
| rollout/            |          |
|    ep_len_mean      | 246      |
|    ep_rew_mean      | -10.4    |
|    exploration_rate | 0.1      |
| time/               |          |
|    episodes         | 17872    |
|    fps              | 202      |
|    time_elapsed     | 3464     |
|    total_timesteps  | 1702428  |
| train/              |          |
|    learning_rate    | 0.0001   |
|    loss             | 0.444    |
|    n_updates        | 423105   |
----------------------------------
----------------------------------
| rollout/            |          |
|    ep_len_mean      | 245      |
|    ep_rew_mean      | -10.5    |
|    exploration_rate | 0.1      |
| time/               |          |
|    episodes         | 17876    |
|    fps              | 202      |
|    time_elapsed     | 3470     |
|    total_timesteps  | 1703798  |
| train/              |          |
|    learning_rate    | 0.0001   |
|    loss             | 0.208    |
|    n_updates        | 423448   |
----------------------------------
----------------------------------
| rollout/            |          |
|    ep_len_mean      | 245      |
|    ep_rew_mean      | -10.2    |
|    exploration_rate | 0.1      |
| time/               |          |
|    episodes         | 17880    |
|    fps              | 202      |
|    time_elapsed     | 3476     |
|    total_timesteps  | 1705190  |
| train/              |          |
|    learning_rate    | 0.0001   |
|    loss             | 0.634    |
|    n_updates        | 423796   |
----------------------------------
----------------------------------
| rollout/            |          |
|    ep_len_mean      | 253      |
|    ep_rew_mean      | -10.3    |
|    exploration_rate | 0.1      |
| time/               |          |
|    episodes         | 17884    |
|    fps              | 202      |
|    time_elapsed     | 3482     |
|    total_timesteps  | 1706333  |
| train/              |          |
|    learning_rate    | 0.0001   |
|    loss             | 0.52     |
|    n_updates        | 424082   |
----------------------------------
----------------------------------
| rollout/            |          |
|    ep_len_mean      | 254      |
|    ep_rew_mean      | -11.3    |
|    exploration_rate | 0.1      |
| time/               |          |
|    episodes         | 17888    |
|    fps              | 202      |
|    time_elapsed     | 3488     |
|    total_timesteps  | 1707560  |
| train/              |          |
|    learning_rate    | 0.0001   |
|    loss             | 0.307    |
|    n_updates        | 424388   |
----------------------------------
----------------------------------
| rollout/            |          |
|    ep_len_mean      | 253      |
|    ep_rew_mean      | -11.3    |
|    exploration_rate | 0.1      |
| time/               |          |
|    episodes         | 17892    |
|    fps              | 202      |
|    time_elapsed     | 3491     |
|    total_timesteps  | 1708294  |
| train/              |          |
|    learning_rate    | 0.0001   |
|    loss             | 0.525    |
|    n_updates        | 424572   |
----------------------------------
----------------------------------
| rollout/            |          |
|    ep_len_mean      | 257      |
|    ep_rew_mean      | -11.3    |
|    exploration_rate | 0.1      |
| time/               |          |
|    episodes         | 17896    |
|    fps              | 202      |
|    time_elapsed     | 3495     |
|    total_timesteps  | 1709063  |
| train/              |          |
|    learning_rate    | 0.0001   |
|    loss             | 0.00653  |
|    n_updates        | 424764   |
----------------------------------
----------------------------------
| rollout/            |          |
|    ep_len_mean      | 256      |
|    ep_rew_mean      | -10.6    |
|    exploration_rate | 0.1      |
| time/               |          |
|    episodes         | 17900    |
|    fps              | 202      |
|    time_elapsed     | 3498     |
|    total_timesteps  | 1709557  |
| train/              |          |
|    learning_rate    | 0.0001   |
|    loss             | 0.308    |
|    n_updates        | 424888   |
----------------------------------
FruitCounts | {'Fruit': 0, 'DecayFruit': 0, 'EnemyFruit': 2} |
----------------------------------
| rollout/            |          |
|    ep_len_mean      | 258      |
|    ep_rew_mean      | -11.8    |
|    exploration_rate | 0.1      |
| time/               |          |
|    episodes         | 17904    |
|    fps              | 202      |
|    time_elapsed     | 3503     |
|    total_timesteps  | 1710397  |
| train/              |          |
|    learning_rate    | 0.0001   |
|    loss             | 0.766    |
|    n_updates        | 425098   |
----------------------------------
----------------------------------
| rollout/            |          |
|    ep_len_mean      | 260      |
|    ep_rew_mean      | -11      |
|    exploration_rate | 0.1      |
| time/               |          |
|    episodes         | 17908    |
|    fps              | 202      |
|    time_elapsed     | 3508     |
|    total_timesteps  | 1711319  |
| train/              |          |
|    learning_rate    | 0.0001   |
|    loss             | 0.233    |
|    n_updates        | 425328   |
----------------------------------
----------------------------------
| rollout/            |          |
|    ep_len_mean      | 252      |
|    ep_rew_mean      | -12.1    |
|    exploration_rate | 0.1      |
| time/               |          |
|    episodes         | 17912    |
|    fps              | 202      |
|    time_elapsed     | 3510     |
|    total_timesteps  | 1711815  |
| train/              |          |
|    learning_rate    | 0.0001   |
|    loss             | 0.533    |
|    n_updates        | 425452   |
----------------------------------
----------------------------------
| rollout/            |          |
|    ep_len_mean      | 260      |
|    ep_rew_mean      | -11.9    |
|    exploration_rate | 0.1      |
| time/               |          |
|    episodes         | 17916    |
|    fps              | 202      |
|    time_elapsed     | 3516     |
|    total_timesteps  | 1713077  |
| train/              |          |
|    learning_rate    | 0.0001   |
|    loss             | 0.13     |
|    n_updates        | 425768   |
----------------------------------
----------------------------------
| rollout/            |          |
|    ep_len_mean      | 273      |
|    ep_rew_mean      | -11.8    |
|    exploration_rate | 0.1      |
| time/               |          |
|    episodes         | 17920    |
|    fps              | 202      |
|    time_elapsed     | 3523     |
|    total_timesteps  | 1714759  |
| train/              |          |
|    learning_rate    | 0.0001   |
|    loss             | 0.544    |
|    n_updates        | 426188   |
----------------------------------
----------------------------------
| rollout/            |          |
|    ep_len_mean      | 272      |
|    ep_rew_mean      | -11.9    |
|    exploration_rate | 0.1      |
| time/               |          |
|    episodes         | 17924    |
|    fps              | 202      |
|    time_elapsed     | 3528     |
|    total_timesteps  | 1715605  |
| train/              |          |
|    learning_rate    | 0.0001   |
|    loss             | 0.449    |
|    n_updates        | 426400   |
----------------------------------
----------------------------------
| rollout/            |          |
|    ep_len_mean      | 283      |
|    ep_rew_mean      | -12.8    |
|    exploration_rate | 0.1      |
| time/               |          |
|    episodes         | 17928    |
|    fps              | 202      |
|    time_elapsed     | 3535     |
|    total_timesteps  | 1717156  |
| train/              |          |
|    learning_rate    | 0.0001   |
|    loss             | 0.307    |
|    n_updates        | 426787   |
----------------------------------
----------------------------------
| rollout/            |          |
|    ep_len_mean      | 281      |
|    ep_rew_mean      | -12.8    |
|    exploration_rate | 0.1      |
| time/               |          |
|    episodes         | 17932    |
|    fps              | 202      |
|    time_elapsed     | 3538     |
|    total_timesteps  | 1717728  |
| train/              |          |
|    learning_rate    | 0.0001   |
|    loss             | 0.44     |
|    n_updates        | 426930   |
----------------------------------
----------------------------------
| rollout/            |          |
|    ep_len_mean      | 283      |
|    ep_rew_mean      | -13.2    |
|    exploration_rate | 0.1      |
| time/               |          |
|    episodes         | 17936    |
|    fps              | 202      |
|    time_elapsed     | 3541     |
|    total_timesteps  | 1718248  |
| train/              |          |
|    learning_rate    | 0.0001   |
|    loss             | 0.638    |
|    n_updates        | 427060   |
----------------------------------
----------------------------------
| rollout/            |          |
|    ep_len_mean      | 280      |
|    ep_rew_mean      | -13.6    |
|    exploration_rate | 0.1      |
| time/               |          |
|    episodes         | 17940    |
|    fps              | 202      |
|    time_elapsed     | 3547     |
|    total_timesteps  | 1719699  |
| train/              |          |
|    learning_rate    | 0.0001   |
|    loss             | 0.0115   |
|    n_updates        | 427423   |
----------------------------------
FruitCounts | {'Fruit': 1, 'DecayFruit': 0, 'EnemyFruit': 3} |
----------------------------------
| rollout/            |          |
|    ep_len_mean      | 280      |
|    ep_rew_mean      | -13.8    |
|    exploration_rate | 0.1      |
| time/               |          |
|    episodes         | 17944    |
|    fps              | 202      |
|    time_elapsed     | 3553     |
|    total_timesteps  | 1720915  |
| train/              |          |
|    learning_rate    | 0.0001   |
|    loss             | 0.444    |
|    n_updates        | 427727   |
----------------------------------
----------------------------------
| rollout/            |          |
|    ep_len_mean      | 292      |
|    ep_rew_mean      | -14.5    |
|    exploration_rate | 0.1      |
| time/               |          |
|    episodes         | 17948    |
|    fps              | 202      |
|    time_elapsed     | 3560     |
|    total_timesteps  | 1722504  |
| train/              |          |
|    learning_rate    | 0.0001   |
|    loss             | 0.656    |
|    n_updates        | 428124   |
----------------------------------
----------------------------------
| rollout/            |          |
|    ep_len_mean      | 288      |
|    ep_rew_mean      | -13.7    |
|    exploration_rate | 0.1      |
| time/               |          |
|    episodes         | 17952    |
|    fps              | 202      |
|    time_elapsed     | 3565     |
|    total_timesteps  | 1723480  |
| train/              |          |
|    learning_rate    | 0.0001   |
|    loss             | 0.33     |
|    n_updates        | 428368   |
----------------------------------
----------------------------------
| rollout/            |          |
|    ep_len_mean      | 269      |
|    ep_rew_mean      | -14.1    |
|    exploration_rate | 0.1      |
| time/               |          |
|    episodes         | 17956    |
|    fps              | 202      |
|    time_elapsed     | 3571     |
|    total_timesteps  | 1724696  |
| train/              |          |
|    learning_rate    | 0.0001   |
|    loss             | 0.00505  |
|    n_updates        | 428672   |
----------------------------------
----------------------------------
| rollout/            |          |
|    ep_len_mean      | 271      |
|    ep_rew_mean      | -14      |
|    exploration_rate | 0.1      |
| time/               |          |
|    episodes         | 17960    |
|    fps              | 202      |
|    time_elapsed     | 3575     |
|    total_timesteps  | 1725574  |
| train/              |          |
|    learning_rate    | 0.0001   |
|    loss             | 0.00689  |
|    n_updates        | 428892   |
----------------------------------
----------------------------------
| rollout/            |          |
|    ep_len_mean      | 279      |
|    ep_rew_mean      | -14.9    |
|    exploration_rate | 0.1      |
| time/               |          |
|    episodes         | 17964    |
|    fps              | 202      |
|    time_elapsed     | 3582     |
|    total_timesteps  | 1727117  |
| train/              |          |
|    learning_rate    | 0.0001   |
|    loss             | 0.00354  |
|    n_updates        | 429278   |
----------------------------------
----------------------------------
| rollout/            |          |
|    ep_len_mean      | 275      |
|    ep_rew_mean      | -15.2    |
|    exploration_rate | 0.1      |
| time/               |          |
|    episodes         | 17968    |
|    fps              | 202      |
|    time_elapsed     | 3587     |
|    total_timesteps  | 1728236  |
| train/              |          |
|    learning_rate    | 0.0001   |
|    loss             | 0.228    |
|    n_updates        | 429557   |
----------------------------------
----------------------------------
| rollout/            |          |
|    ep_len_mean      | 261      |
|    ep_rew_mean      | -14.3    |
|    exploration_rate | 0.1      |
| time/               |          |
|    episodes         | 17972    |
|    fps              | 202      |
|    time_elapsed     | 3590     |
|    total_timesteps  | 1728566  |
| train/              |          |
|    learning_rate    | 0.0001   |
|    loss             | 0.466    |
|    n_updates        | 429640   |
----------------------------------
----------------------------------
| rollout/            |          |
|    ep_len_mean      | 253      |
|    ep_rew_mean      | -15      |
|    exploration_rate | 0.1      |
| time/               |          |
|    episodes         | 17976    |
|    fps              | 202      |
|    time_elapsed     | 3593     |
|    total_timesteps  | 1729130  |
| train/              |          |
|    learning_rate    | 0.0001   |
|    loss             | 0.251    |
|    n_updates        | 429781   |
----------------------------------
----------------------------------
| rollout/            |          |
|    ep_len_mean      | 244      |
|    ep_rew_mean      | -15.1    |
|    exploration_rate | 0.1      |
| time/               |          |
|    episodes         | 17980    |
|    fps              | 202      |
|    time_elapsed     | 3596     |
|    total_timesteps  | 1729595  |
| train/              |          |
|    learning_rate    | 0.0001   |
|    loss             | 0.00545  |
|    n_updates        | 429897   |
----------------------------------
----------------------------------
| rollout/            |          |
|    ep_len_mean      | 234      |
|    ep_rew_mean      | -15.2    |
|    exploration_rate | 0.1      |
| time/               |          |
|    episodes         | 17984    |
|    fps              | 202      |
|    time_elapsed     | 3598     |
|    total_timesteps  | 1729769  |
| train/              |          |
|    learning_rate    | 0.0001   |
|    loss             | 0.229    |
|    n_updates        | 429941   |
----------------------------------
FruitCounts | {'Fruit': 1, 'DecayFruit': 0, 'EnemyFruit': 1} |
----------------------------------
| rollout/            |          |
|    ep_len_mean      | 226      |
|    ep_rew_mean      | -13.5    |
|    exploration_rate | 0.1      |
| time/               |          |
|    episodes         | 17988    |
|    fps              | 202      |
|    time_elapsed     | 3600     |
|    total_timesteps  | 1730179  |
| train/              |          |
|    learning_rate    | 0.0001   |
|    loss             | 0.0051   |
|    n_updates        | 430043   |
----------------------------------
----------------------------------
| rollout/            |          |
|    ep_len_mean      | 232      |
|    ep_rew_mean      | -13.2    |
|    exploration_rate | 0.1      |
| time/               |          |
|    episodes         | 17992    |
|    fps              | 202      |
|    time_elapsed     | 3606     |
|    total_timesteps  | 1731481  |
| train/              |          |
|    learning_rate    | 0.0001   |
|    loss             | 0.00577  |
|    n_updates        | 430369   |
----------------------------------
----------------------------------
| rollout/            |          |
|    ep_len_mean      | 243      |
|    ep_rew_mean      | -13.1    |
|    exploration_rate | 0.1      |
| time/               |          |
|    episodes         | 17996    |
|    fps              | 202      |
|    time_elapsed     | 3614     |
|    total_timesteps  | 1733314  |
| train/              |          |
|    learning_rate    | 0.0001   |
|    loss             | 0.00389  |
|    n_updates        | 430827   |
----------------------------------
----------------------------------
| rollout/            |          |
|    ep_len_mean      | 245      |
|    ep_rew_mean      | -13.3    |
|    exploration_rate | 0.1      |
| time/               |          |
|    episodes         | 18000    |
|    fps              | 202      |
|    time_elapsed     | 3618     |
|    total_timesteps  | 1734066  |
| train/              |          |
|    learning_rate    | 0.0001   |
|    loss             | 0.437    |
|    n_updates        | 431015   |
----------------------------------
----------------------------------
| rollout/            |          |
|    ep_len_mean      | 246      |
|    ep_rew_mean      | -12.2    |
|    exploration_rate | 0.1      |
| time/               |          |
|    episodes         | 18004    |
|    fps              | 202      |
|    time_elapsed     | 3623     |
|    total_timesteps  | 1734982  |
| train/              |          |
|    learning_rate    | 0.0001   |
|    loss             | 0.0249   |
|    n_updates        | 431244   |
----------------------------------
----------------------------------
| rollout/            |          |
|    ep_len_mean      | 245      |
|    ep_rew_mean      | -13      |
|    exploration_rate | 0.1      |
| time/               |          |
|    episodes         | 18008    |
|    fps              | 202      |
|    time_elapsed     | 3627     |
|    total_timesteps  | 1735859  |
| train/              |          |
|    learning_rate    | 0.0001   |
|    loss             | 0.307    |
|    n_updates        | 431463   |
----------------------------------
----------------------------------
| rollout/            |          |
|    ep_len_mean      | 258      |
|    ep_rew_mean      | -13.8    |
|    exploration_rate | 0.1      |
| time/               |          |
|    episodes         | 18012    |
|    fps              | 202      |
|    time_elapsed     | 3635     |
|    total_timesteps  | 1737641  |
| train/              |          |
|    learning_rate    | 0.0001   |
|    loss             | 0.31     |
|    n_updates        | 431909   |
----------------------------------
----------------------------------
| rollout/            |          |
|    ep_len_mean      | 254      |
|    ep_rew_mean      | -13.9    |
|    exploration_rate | 0.1      |
| time/               |          |
|    episodes         | 18016    |
|    fps              | 202      |
|    time_elapsed     | 3639     |
|    total_timesteps  | 1738465  |
| train/              |          |
|    learning_rate    | 0.0001   |
|    loss             | 0.439    |
|    n_updates        | 432115   |
----------------------------------
----------------------------------
| rollout/            |          |
|    ep_len_mean      | 242      |
|    ep_rew_mean      | -14      |
|    exploration_rate | 0.1      |
| time/               |          |
|    episodes         | 18020    |
|    fps              | 202      |
|    time_elapsed     | 3642     |
|    total_timesteps  | 1738931  |
| train/              |          |
|    learning_rate    | 0.0001   |
|    loss             | 0.331    |
|    n_updates        | 432231   |
----------------------------------
FruitCounts | {'Fruit': 1, 'DecayFruit': 0, 'EnemyFruit': 1} |
----------------------------------
| rollout/            |          |
|    ep_len_mean      | 246      |
|    ep_rew_mean      | -13.9    |
|    exploration_rate | 0.1      |
| time/               |          |
|    episodes         | 18024    |
|    fps              | 202      |
|    time_elapsed     | 3648     |
|    total_timesteps  | 1740223  |
| train/              |          |
|    learning_rate    | 0.0001   |
|    loss             | 0.0136   |
|    n_updates        | 432554   |
----------------------------------
----------------------------------
| rollout/            |          |
|    ep_len_mean      | 247      |
|    ep_rew_mean      | -14      |
|    exploration_rate | 0.1      |
| time/               |          |
|    episodes         | 18028    |
|    fps              | 202      |
|    time_elapsed     | 3655     |
|    total_timesteps  | 1741847  |
| train/              |          |
|    learning_rate    | 0.0001   |
|    loss             | 0.229    |
|    n_updates        | 432960   |
----------------------------------
----------------------------------
| rollout/            |          |
|    ep_len_mean      | 261      |
|    ep_rew_mean      | -13.4    |
|    exploration_rate | 0.1      |
| time/               |          |
|    episodes         | 18032    |
|    fps              | 203      |
|    time_elapsed     | 3664     |
|    total_timesteps  | 1743837  |
| train/              |          |
|    learning_rate    | 0.0001   |
|    loss             | 0.238    |
|    n_updates        | 433458   |
----------------------------------
----------------------------------
| rollout/            |          |
|    ep_len_mean      | 266      |
|    ep_rew_mean      | -13.4    |
|    exploration_rate | 0.1      |
| time/               |          |
|    episodes         | 18036    |
|    fps              | 203      |
|    time_elapsed     | 3668     |
|    total_timesteps  | 1744823  |
| train/              |          |
|    learning_rate    | 0.0001   |
|    loss             | 0.00722  |
|    n_updates        | 433704   |
----------------------------------
----------------------------------
| rollout/            |          |
|    ep_len_mean      | 275      |
|    ep_rew_mean      | -12.7    |
|    exploration_rate | 0.1      |
| time/               |          |
|    episodes         | 18040    |
|    fps              | 203      |
|    time_elapsed     | 3678     |
|    total_timesteps  | 1747193  |
| train/              |          |
|    learning_rate    | 0.0001   |
|    loss             | 0.229    |
|    n_updates        | 434297   |
----------------------------------
----------------------------------
| rollout/            |          |
|    ep_len_mean      | 266      |
|    ep_rew_mean      | -12      |
|    exploration_rate | 0.1      |
| time/               |          |
|    episodes         | 18044    |
|    fps              | 203      |
|    time_elapsed     | 3680     |
|    total_timesteps  | 1747474  |
| train/              |          |
|    learning_rate    | 0.0001   |
|    loss             | 0.203    |
|    n_updates        | 434367   |
----------------------------------
----------------------------------
| rollout/            |          |
|    ep_len_mean      | 253      |
|    ep_rew_mean      | -10.9    |
|    exploration_rate | 0.1      |
| time/               |          |
|    episodes         | 18048    |
|    fps              | 203      |
|    time_elapsed     | 3683     |
|    total_timesteps  | 1747852  |
| train/              |          |
|    learning_rate    | 0.0001   |
|    loss             | 0.0132   |
|    n_updates        | 434461   |
----------------------------------
----------------------------------
| rollout/            |          |
|    ep_len_mean      | 248      |
|    ep_rew_mean      | -12      |
|    exploration_rate | 0.1      |
| time/               |          |
|    episodes         | 18052    |
|    fps              | 202      |
|    time_elapsed     | 3686     |
|    total_timesteps  | 1748298  |
| train/              |          |
|    learning_rate    | 0.0001   |
|    loss             | 0.223    |
|    n_updates        | 434573   |
----------------------------------
----------------------------------
| rollout/            |          |
|    ep_len_mean      | 241      |
|    ep_rew_mean      | -12.2    |
|    exploration_rate | 0.1      |
| time/               |          |
|    episodes         | 18056    |
|    fps              | 202      |
|    time_elapsed     | 3689     |
|    total_timesteps  | 1748828  |
| train/              |          |
|    learning_rate    | 0.0001   |
|    loss             | 0.00374  |
|    n_updates        | 434705   |
----------------------------------
----------------------------------
| rollout/            |          |
|    ep_len_mean      | 238      |
|    ep_rew_mean      | -11.9    |
|    exploration_rate | 0.1      |
| time/               |          |
|    episodes         | 18060    |
|    fps              | 202      |
|    time_elapsed     | 3692     |
|    total_timesteps  | 1749414  |
| train/              |          |
|    learning_rate    | 0.0001   |
|    loss             | 0.768    |
|    n_updates        | 434852   |
----------------------------------
FruitCounts | {'Fruit': 0, 'DecayFruit': 1, 'EnemyFruit': 3} |
----------------------------------
| rollout/            |          |
|    ep_len_mean      | 244      |
|    ep_rew_mean      | -11.1    |
|    exploration_rate | 0.1      |
| time/               |          |
|    episodes         | 18064    |
|    fps              | 203      |
|    time_elapsed     | 3701     |
|    total_timesteps  | 1751467  |
| train/              |          |
|    learning_rate    | 0.0001   |
|    loss             | 0.00433  |
|    n_updates        | 435365   |
----------------------------------
----------------------------------
| rollout/            |          |
|    ep_len_mean      | 237      |
|    ep_rew_mean      | -9.88    |
|    exploration_rate | 0.1      |
| time/               |          |
|    episodes         | 18068    |
|    fps              | 203      |
|    time_elapsed     | 3704     |
|    total_timesteps  | 1751949  |
| train/              |          |
|    learning_rate    | 0.0001   |
|    loss             | 0.754    |
|    n_updates        | 435486   |
----------------------------------
----------------------------------
| rollout/            |          |
|    ep_len_mean      | 242      |
|    ep_rew_mean      | -10.4    |
|    exploration_rate | 0.1      |
| time/               |          |
|    episodes         | 18072    |
|    fps              | 203      |
|    time_elapsed     | 3708     |
|    total_timesteps  | 1752814  |
| train/              |          |
|    learning_rate    | 0.0001   |
|    loss             | 0.317    |
|    n_updates        | 435702   |
----------------------------------
----------------------------------
| rollout/            |          |
|    ep_len_mean      | 248      |
|    ep_rew_mean      | -10.6    |
|    exploration_rate | 0.1      |
| time/               |          |
|    episodes         | 18076    |
|    fps              | 203      |
|    time_elapsed     | 3713     |
|    total_timesteps  | 1753886  |
| train/              |          |
|    learning_rate    | 0.0001   |
|    loss             | 0.203    |
|    n_updates        | 435970   |
----------------------------------
----------------------------------
| rollout/            |          |
|    ep_len_mean      | 251      |
|    ep_rew_mean      | -10.3    |
|    exploration_rate | 0.1      |
| time/               |          |
|    episodes         | 18080    |
|    fps              | 203      |
|    time_elapsed     | 3717     |
|    total_timesteps  | 1754741  |
| train/              |          |
|    learning_rate    | 0.0001   |
|    loss             | 0.311    |
|    n_updates        | 436184   |
----------------------------------
----------------------------------
| rollout/            |          |
|    ep_len_mean      | 260      |
|    ep_rew_mean      | -10.4    |
|    exploration_rate | 0.1      |
| time/               |          |
|    episodes         | 18084    |
|    fps              | 203      |
|    time_elapsed     | 3722     |
|    total_timesteps  | 1755783  |
| train/              |          |
|    learning_rate    | 0.0001   |
|    loss             | 0.0184   |
|    n_updates        | 436444   |
----------------------------------
----------------------------------
| rollout/            |          |
|    ep_len_mean      | 266      |
|    ep_rew_mean      | -11      |
|    exploration_rate | 0.1      |
| time/               |          |
|    episodes         | 18088    |
|    fps              | 203      |
|    time_elapsed     | 3727     |
|    total_timesteps  | 1756743  |
| train/              |          |
|    learning_rate    | 0.0001   |
|    loss             | 0.748    |
|    n_updates        | 436684   |
----------------------------------
----------------------------------
| rollout/            |          |
|    ep_len_mean      | 266      |
|    ep_rew_mean      | -11.1    |
|    exploration_rate | 0.1      |
| time/               |          |
|    episodes         | 18092    |
|    fps              | 203      |
|    time_elapsed     | 3733     |
|    total_timesteps  | 1758111  |
| train/              |          |
|    learning_rate    | 0.0001   |
|    loss             | 0.23     |
|    n_updates        | 437026   |
----------------------------------
----------------------------------
| rollout/            |          |
|    ep_len_mean      | 255      |
|    ep_rew_mean      | -11.4    |
|    exploration_rate | 0.1      |
| time/               |          |
|    episodes         | 18096    |
|    fps              | 203      |
|    time_elapsed     | 3736     |
|    total_timesteps  | 1758794  |
| train/              |          |
|    learning_rate    | 0.0001   |
|    loss             | 0.00375  |
|    n_updates        | 437197   |
----------------------------------
FruitCounts | {'Fruit': 2, 'DecayFruit': 0, 'EnemyFruit': 2} |
----------------------------------
| rollout/            |          |
|    ep_len_mean      | 262      |
|    ep_rew_mean      | -11      |
|    exploration_rate | 0.1      |
| time/               |          |
|    episodes         | 18100    |
|    fps              | 203      |
|    time_elapsed     | 3743     |
|    total_timesteps  | 1760302  |
| train/              |          |
|    learning_rate    | 0.0001   |
|    loss             | 0.00456  |
|    n_updates        | 437574   |
----------------------------------
----------------------------------
| rollout/            |          |
|    ep_len_mean      | 266      |
|    ep_rew_mean      | -11.8    |
|    exploration_rate | 0.1      |
| time/               |          |
|    episodes         | 18104    |
|    fps              | 203      |
|    time_elapsed     | 3749     |
|    total_timesteps  | 1761576  |
| train/              |          |
|    learning_rate    | 0.0001   |
|    loss             | 0.515    |
|    n_updates        | 437892   |
----------------------------------
----------------------------------
| rollout/            |          |
|    ep_len_mean      | 265      |
|    ep_rew_mean      | -11.1    |
|    exploration_rate | 0.1      |
| time/               |          |
|    episodes         | 18108    |
|    fps              | 203      |
|    time_elapsed     | 3753     |
|    total_timesteps  | 1762387  |
| train/              |          |
|    learning_rate    | 0.0001   |
|    loss             | 0.452    |
|    n_updates        | 438095   |
----------------------------------
----------------------------------
| rollout/            |          |
|    ep_len_mean      | 250      |
|    ep_rew_mean      | -10.1    |
|    exploration_rate | 0.1      |
| time/               |          |
|    episodes         | 18112    |
|    fps              | 203      |
|    time_elapsed     | 3755     |
|    total_timesteps  | 1762660  |
| train/              |          |
|    learning_rate    | 0.0001   |
|    loss             | 0.0191   |
|    n_updates        | 438163   |
----------------------------------
----------------------------------
| rollout/            |          |
|    ep_len_mean      | 248      |
|    ep_rew_mean      | -10.1    |
|    exploration_rate | 0.1      |
| time/               |          |
|    episodes         | 18116    |
|    fps              | 203      |
|    time_elapsed     | 3758     |
|    total_timesteps  | 1763254  |
| train/              |          |
|    learning_rate    | 0.0001   |
|    loss             | 0.202    |
|    n_updates        | 438312   |
----------------------------------
----------------------------------
| rollout/            |          |
|    ep_len_mean      | 256      |
|    ep_rew_mean      | -10.2    |
|    exploration_rate | 0.1      |
| time/               |          |
|    episodes         | 18120    |
|    fps              | 203      |
|    time_elapsed     | 3764     |
|    total_timesteps  | 1764572  |
| train/              |          |
|    learning_rate    | 0.0001   |
|    loss             | 0.511    |
|    n_updates        | 438641   |
----------------------------------
----------------------------------
| rollout/            |          |
|    ep_len_mean      | 258      |
|    ep_rew_mean      | -10.8    |
|    exploration_rate | 0.1      |
| time/               |          |
|    episodes         | 18124    |
|    fps              | 203      |
|    time_elapsed     | 3771     |
|    total_timesteps  | 1766013  |
| train/              |          |
|    learning_rate    | 0.0001   |
|    loss             | 0.891    |
|    n_updates        | 439002   |
----------------------------------
----------------------------------
| rollout/            |          |
|    ep_len_mean      | 248      |
|    ep_rew_mean      | -10.2    |
|    exploration_rate | 0.1      |
| time/               |          |
|    episodes         | 18128    |
|    fps              | 203      |
|    time_elapsed     | 3774     |
|    total_timesteps  | 1766661  |
| train/              |          |
|    learning_rate    | 0.0001   |
|    loss             | 0.205    |
|    n_updates        | 439164   |
----------------------------------
----------------------------------
| rollout/            |          |
|    ep_len_mean      | 241      |
|    ep_rew_mean      | -10.4    |
|    exploration_rate | 0.1      |
| time/               |          |
|    episodes         | 18132    |
|    fps              | 203      |
|    time_elapsed     | 3780     |
|    total_timesteps  | 1767983  |
| train/              |          |
|    learning_rate    | 0.0001   |
|    loss             | 0.203    |
|    n_updates        | 439494   |
----------------------------------
----------------------------------
| rollout/            |          |
|    ep_len_mean      | 241      |
|    ep_rew_mean      | -8.82    |
|    exploration_rate | 0.1      |
| time/               |          |
|    episodes         | 18136    |
|    fps              | 203      |
|    time_elapsed     | 3785     |
|    total_timesteps  | 1768883  |
| train/              |          |
|    learning_rate    | 0.0001   |
|    loss             | 0.00476  |
|    n_updates        | 439719   |
----------------------------------
----------------------------------
| rollout/            |          |
|    ep_len_mean      | 222      |
|    ep_rew_mean      | -8.44    |
|    exploration_rate | 0.1      |
| time/               |          |
|    episodes         | 18140    |
|    fps              | 203      |
|    time_elapsed     | 3788     |
|    total_timesteps  | 1769373  |
| train/              |          |
|    learning_rate    | 0.0001   |
|    loss             | 0.213    |
|    n_updates        | 439842   |
----------------------------------
----------------------------------
| rollout/            |          |
|    ep_len_mean      | 225      |
|    ep_rew_mean      | -8.27    |
|    exploration_rate | 0.1      |
| time/               |          |
|    episodes         | 18144    |
|    fps              | 203      |
|    time_elapsed     | 3791     |
|    total_timesteps  | 1769971  |
| train/              |          |
|    learning_rate    | 0.0001   |
|    loss             | 0.229    |
|    n_updates        | 439991   |
----------------------------------
FruitCounts | {'Fruit': 0, 'DecayFruit': 0, 'EnemyFruit': 0} |
----------------------------------
| rollout/            |          |
|    ep_len_mean      | 223      |
|    ep_rew_mean      | -8.51    |
|    exploration_rate | 0.1      |
| time/               |          |
|    episodes         | 18148    |
|    fps              | 203      |
|    time_elapsed     | 3793     |
|    total_timesteps  | 1770167  |
| train/              |          |
|    learning_rate    | 0.0001   |
|    loss             | 0.00353  |
|    n_updates        | 440040   |
----------------------------------
----------------------------------
| rollout/            |          |
|    ep_len_mean      | 223      |
|    ep_rew_mean      | -8.35    |
|    exploration_rate | 0.1      |
| time/               |          |
|    episodes         | 18152    |
|    fps              | 203      |
|    time_elapsed     | 3795     |
|    total_timesteps  | 1770556  |
| train/              |          |
|    learning_rate    | 0.0001   |
|    loss             | 0.31     |
|    n_updates        | 440137   |
----------------------------------
----------------------------------
| rollout/            |          |
|    ep_len_mean      | 221      |
|    ep_rew_mean      | -7.83    |
|    exploration_rate | 0.1      |
| time/               |          |
|    episodes         | 18156    |
|    fps              | 202      |
|    time_elapsed     | 3797     |
|    total_timesteps  | 1770882  |
| train/              |          |
|    learning_rate    | 0.0001   |
|    loss             | 0.00403  |
|    n_updates        | 440219   |
----------------------------------
----------------------------------
| rollout/            |          |
|    ep_len_mean      | 231      |
|    ep_rew_mean      | -9.19    |
|    exploration_rate | 0.1      |
| time/               |          |
|    episodes         | 18160    |
|    fps              | 203      |
|    time_elapsed     | 3804     |
|    total_timesteps  | 1772481  |
| train/              |          |
|    learning_rate    | 0.0001   |
|    loss             | 0.536    |
|    n_updates        | 440619   |
----------------------------------
----------------------------------
| rollout/            |          |
|    ep_len_mean      | 215      |
|    ep_rew_mean      | -8.63    |
|    exploration_rate | 0.1      |
| time/               |          |
|    episodes         | 18164    |
|    fps              | 202      |
|    time_elapsed     | 3807     |
|    total_timesteps  | 1772919  |
| train/              |          |
|    learning_rate    | 0.0001   |
|    loss             | 0.457    |
|    n_updates        | 440728   |
----------------------------------
----------------------------------
| rollout/            |          |
|    ep_len_mean      | 220      |
|    ep_rew_mean      | -8.97    |
|    exploration_rate | 0.1      |
| time/               |          |
|    episodes         | 18168    |
|    fps              | 203      |
|    time_elapsed     | 3812     |
|    total_timesteps  | 1773979  |
| train/              |          |
|    learning_rate    | 0.0001   |
|    loss             | 0.0085   |
|    n_updates        | 440993   |
----------------------------------
----------------------------------
| rollout/            |          |
|    ep_len_mean      | 220      |
|    ep_rew_mean      | -8.83    |
|    exploration_rate | 0.1      |
| time/               |          |
|    episodes         | 18172    |
|    fps              | 203      |
|    time_elapsed     | 3816     |
|    total_timesteps  | 1774823  |
| train/              |          |
|    learning_rate    | 0.0001   |
|    loss             | 0.444    |
|    n_updates        | 441204   |
----------------------------------
----------------------------------
| rollout/            |          |
|    ep_len_mean      | 218      |
|    ep_rew_mean      | -7.6     |
|    exploration_rate | 0.1      |
| time/               |          |
|    episodes         | 18176    |
|    fps              | 203      |
|    time_elapsed     | 3820     |
|    total_timesteps  | 1775725  |
| train/              |          |
|    learning_rate    | 0.0001   |
|    loss             | 0.23     |
|    n_updates        | 441430   |
----------------------------------
----------------------------------
| rollout/            |          |
|    ep_len_mean      | 212      |
|    ep_rew_mean      | -7.27    |
|    exploration_rate | 0.1      |
| time/               |          |
|    episodes         | 18180    |
|    fps              | 202      |
|    time_elapsed     | 3822     |
|    total_timesteps  | 1775925  |
| train/              |          |
|    learning_rate    | 0.0001   |
|    loss             | 0.00318  |
|    n_updates        | 441480   |
----------------------------------
----------------------------------
| rollout/            |          |
|    ep_len_mean      | 211      |
|    ep_rew_mean      | -6.51    |
|    exploration_rate | 0.1      |
| time/               |          |
|    episodes         | 18184    |
|    fps              | 203      |
|    time_elapsed     | 3826     |
|    total_timesteps  | 1776876  |
| train/              |          |
|    learning_rate    | 0.0001   |
|    loss             | 0.0089   |
|    n_updates        | 441717   |
----------------------------------
----------------------------------
| rollout/            |          |
|    ep_len_mean      | 206      |
|    ep_rew_mean      | -6.06    |
|    exploration_rate | 0.1      |
| time/               |          |
|    episodes         | 18188    |
|    fps              | 202      |
|    time_elapsed     | 3829     |
|    total_timesteps  | 1777310  |
| train/              |          |
|    learning_rate    | 0.0001   |
|    loss             | 0.213    |
|    n_updates        | 441826   |
----------------------------------
----------------------------------
| rollout/            |          |
|    ep_len_mean      | 201      |
|    ep_rew_mean      | -6.65    |
|    exploration_rate | 0.1      |
| time/               |          |
|    episodes         | 18192    |
|    fps              | 202      |
|    time_elapsed     | 3834     |
|    total_timesteps  | 1778241  |
| train/              |          |
|    learning_rate    | 0.0001   |
|    loss             | 0.309    |
|    n_updates        | 442059   |
----------------------------------
----------------------------------
| rollout/            |          |
|    ep_len_mean      | 200      |
|    ep_rew_mean      | -5.07    |
|    exploration_rate | 0.1      |
| time/               |          |
|    episodes         | 18196    |
|    fps              | 202      |
|    time_elapsed     | 3837     |
|    total_timesteps  | 1778783  |
| train/              |          |
|    learning_rate    | 0.0001   |
|    loss             | 0.206    |
|    n_updates        | 442194   |
----------------------------------
----------------------------------
| rollout/            |          |
|    ep_len_mean      | 190      |
|    ep_rew_mean      | -5.74    |
|    exploration_rate | 0.1      |
| time/               |          |
|    episodes         | 18200    |
|    fps              | 202      |
|    time_elapsed     | 3840     |
|    total_timesteps  | 1779327  |
| train/              |          |
|    learning_rate    | 0.0001   |
|    loss             | 0.00427  |
|    n_updates        | 442330   |
----------------------------------
FruitCounts | {'Fruit': 0, 'DecayFruit': 0, 'EnemyFruit': 2} |
----------------------------------
| rollout/            |          |
|    ep_len_mean      | 187      |
|    ep_rew_mean      | -6.48    |
|    exploration_rate | 0.1      |
| time/               |          |
|    episodes         | 18204    |
|    fps              | 202      |
|    time_elapsed     | 3844     |
|    total_timesteps  | 1780257  |
| train/              |          |
|    learning_rate    | 0.0001   |
|    loss             | 0.229    |
|    n_updates        | 442563   |
----------------------------------
----------------------------------
| rollout/            |          |
|    ep_len_mean      | 194      |
|    ep_rew_mean      | -7.98    |
|    exploration_rate | 0.1      |
| time/               |          |
|    episodes         | 18208    |
|    fps              | 202      |
|    time_elapsed     | 3851     |
|    total_timesteps  | 1781837  |
| train/              |          |
|    learning_rate    | 0.0001   |
|    loss             | 0.317    |
|    n_updates        | 442958   |
----------------------------------
----------------------------------
| rollout/            |          |
|    ep_len_mean      | 194      |
|    ep_rew_mean      | -7.98    |
|    exploration_rate | 0.1      |
| time/               |          |
|    episodes         | 18212    |
|    fps              | 202      |
|    time_elapsed     | 3853     |
|    total_timesteps  | 1782016  |
| train/              |          |
|    learning_rate    | 0.0001   |
|    loss             | 0.0912   |
|    n_updates        | 443002   |
----------------------------------
----------------------------------
| rollout/            |          |
|    ep_len_mean      | 198      |
|    ep_rew_mean      | -7.89    |
|    exploration_rate | 0.1      |
| time/               |          |
|    episodes         | 18216    |
|    fps              | 202      |
|    time_elapsed     | 3858     |
|    total_timesteps  | 1783046  |
| train/              |          |
|    learning_rate    | 0.0001   |
|    loss             | 0.005    |
|    n_updates        | 443260   |
----------------------------------
----------------------------------
| rollout/            |          |
|    ep_len_mean      | 193      |
|    ep_rew_mean      | -7.94    |
|    exploration_rate | 0.1      |
| time/               |          |
|    episodes         | 18220    |
|    fps              | 202      |
|    time_elapsed     | 3862     |
|    total_timesteps  | 1783892  |
| train/              |          |
|    learning_rate    | 0.0001   |
|    loss             | 1.09     |
|    n_updates        | 443471   |
----------------------------------
----------------------------------
| rollout/            |          |
|    ep_len_mean      | 181      |
|    ep_rew_mean      | -7.53    |
|    exploration_rate | 0.1      |
| time/               |          |
|    episodes         | 18224    |
|    fps              | 202      |
|    time_elapsed     | 3864     |
|    total_timesteps  | 1784150  |
| train/              |          |
|    learning_rate    | 0.0001   |
|    loss             | 0.0215   |
|    n_updates        | 443536   |
----------------------------------
----------------------------------
| rollout/            |          |
|    ep_len_mean      | 188      |
|    ep_rew_mean      | -7.99    |
|    exploration_rate | 0.1      |
| time/               |          |
|    episodes         | 18228    |
|    fps              | 202      |
|    time_elapsed     | 3870     |
|    total_timesteps  | 1785421  |
| train/              |          |
|    learning_rate    | 0.0001   |
|    loss             | 0.0434   |
|    n_updates        | 443854   |
----------------------------------
----------------------------------
| rollout/            |          |
|    ep_len_mean      | 183      |
|    ep_rew_mean      | -8.52    |
|    exploration_rate | 0.1      |
| time/               |          |
|    episodes         | 18232    |
|    fps              | 202      |
|    time_elapsed     | 3874     |
|    total_timesteps  | 1786294  |
| train/              |          |
|    learning_rate    | 0.0001   |
|    loss             | 0.23     |
|    n_updates        | 444072   |
----------------------------------
----------------------------------
| rollout/            |          |
|    ep_len_mean      | 192      |
|    ep_rew_mean      | -10.4    |
|    exploration_rate | 0.1      |
| time/               |          |
|    episodes         | 18236    |
|    fps              | 202      |
|    time_elapsed     | 3882     |
|    total_timesteps  | 1788054  |
| train/              |          |
|    learning_rate    | 0.0001   |
|    loss             | 0.761    |
|    n_updates        | 444512   |
----------------------------------
----------------------------------
| rollout/            |          |
|    ep_len_mean      | 200      |
|    ep_rew_mean      | -11      |
|    exploration_rate | 0.1      |
| time/               |          |
|    episodes         | 18240    |
|    fps              | 203      |
|    time_elapsed     | 3887     |
|    total_timesteps  | 1789382  |
| train/              |          |
|    learning_rate    | 0.0001   |
|    loss             | 0.00534  |
|    n_updates        | 444844   |
----------------------------------
FruitCounts | {'Fruit': 0, 'DecayFruit': 0, 'EnemyFruit': 0} |
----------------------------------
| rollout/            |          |
|    ep_len_mean      | 201      |
|    ep_rew_mean      | -11.3    |
|    exploration_rate | 0.1      |
| time/               |          |
|    episodes         | 18244    |
|    fps              | 203      |
|    time_elapsed     | 3891     |
|    total_timesteps  | 1790102  |
| train/              |          |
|    learning_rate    | 0.0001   |
|    loss             | 0.00418  |
|    n_updates        | 445024   |
----------------------------------
----------------------------------
| rollout/            |          |
|    ep_len_mean      | 215      |
|    ep_rew_mean      | -11.2    |
|    exploration_rate | 0.1      |
| time/               |          |
|    episodes         | 18248    |
|    fps              | 203      |
|    time_elapsed     | 3898     |
|    total_timesteps  | 1791636  |
| train/              |          |
|    learning_rate    | 0.0001   |
|    loss             | 0.762    |
|    n_updates        | 445407   |
----------------------------------
----------------------------------
| rollout/            |          |
|    ep_len_mean      | 220      |
|    ep_rew_mean      | -11.6    |
|    exploration_rate | 0.1      |
| time/               |          |
|    episodes         | 18252    |
|    fps              | 203      |
|    time_elapsed     | 3902     |
|    total_timesteps  | 1792510  |
| train/              |          |
|    learning_rate    | 0.0001   |
|    loss             | 0.0198   |
|    n_updates        | 445626   |
----------------------------------
----------------------------------
| rollout/            |          |
|    ep_len_mean      | 219      |
|    ep_rew_mean      | -11.7    |
|    exploration_rate | 0.1      |
| time/               |          |
|    episodes         | 18256    |
|    fps              | 203      |
|    time_elapsed     | 3904     |
|    total_timesteps  | 1792752  |
| train/              |          |
|    learning_rate    | 0.0001   |
|    loss             | 0.236    |
|    n_updates        | 445686   |
----------------------------------
----------------------------------
| rollout/            |          |
|    ep_len_mean      | 210      |
|    ep_rew_mean      | -10.5    |
|    exploration_rate | 0.1      |
| time/               |          |
|    episodes         | 18260    |
|    fps              | 203      |
|    time_elapsed     | 3908     |
|    total_timesteps  | 1793484  |
| train/              |          |
|    learning_rate    | 0.0001   |
|    loss             | 0.00421  |
|    n_updates        | 445869   |
----------------------------------
----------------------------------
| rollout/            |          |
|    ep_len_mean      | 211      |
|    ep_rew_mean      | -11.1    |
|    exploration_rate | 0.1      |
| time/               |          |
|    episodes         | 18264    |
|    fps              | 202      |
|    time_elapsed     | 3911     |
|    total_timesteps  | 1793973  |
| train/              |          |
|    learning_rate    | 0.0001   |
|    loss             | 0.75     |
|    n_updates        | 445992   |
----------------------------------
----------------------------------
| rollout/            |          |
|    ep_len_mean      | 206      |
|    ep_rew_mean      | -11.5    |
|    exploration_rate | 0.1      |
| time/               |          |
|    episodes         | 18268    |
|    fps              | 202      |
|    time_elapsed     | 3914     |
|    total_timesteps  | 1794586  |
| train/              |          |
|    learning_rate    | 0.0001   |
|    loss             | 0.00433  |
|    n_updates        | 446145   |
----------------------------------
----------------------------------
| rollout/            |          |
|    ep_len_mean      | 208      |
|    ep_rew_mean      | -11.9    |
|    exploration_rate | 0.1      |
| time/               |          |
|    episodes         | 18272    |
|    fps              | 202      |
|    time_elapsed     | 3919     |
|    total_timesteps  | 1795654  |
| train/              |          |
|    learning_rate    | 0.0001   |
|    loss             | 0.231    |
|    n_updates        | 446412   |
----------------------------------
----------------------------------
| rollout/            |          |
|    ep_len_mean      | 208      |
|    ep_rew_mean      | -13.6    |
|    exploration_rate | 0.1      |
| time/               |          |
|    episodes         | 18276    |
|    fps              | 202      |
|    time_elapsed     | 3923     |
|    total_timesteps  | 1796502  |
| train/              |          |
|    learning_rate    | 0.0001   |
|    loss             | 0.314    |
|    n_updates        | 446624   |
----------------------------------
----------------------------------
| rollout/            |          |
|    ep_len_mean      | 218      |
|    ep_rew_mean      | -14.2    |
|    exploration_rate | 0.1      |
| time/               |          |
|    episodes         | 18280    |
|    fps              | 203      |
|    time_elapsed     | 3929     |
|    total_timesteps  | 1797699  |
| train/              |          |
|    learning_rate    | 0.0001   |
|    loss             | 0.00474  |
|    n_updates        | 446923   |
----------------------------------
----------------------------------
| rollout/            |          |
|    ep_len_mean      | 222      |
|    ep_rew_mean      | -15.2    |
|    exploration_rate | 0.1      |
| time/               |          |
|    episodes         | 18284    |
|    fps              | 203      |
|    time_elapsed     | 3935     |
|    total_timesteps  | 1799087  |
| train/              |          |
|    learning_rate    | 0.0001   |
|    loss             | 0.539    |
|    n_updates        | 447270   |
----------------------------------
----------------------------------
| rollout/            |          |
|    ep_len_mean      | 225      |
|    ep_rew_mean      | -15.9    |
|    exploration_rate | 0.1      |
| time/               |          |
|    episodes         | 18288    |
|    fps              | 203      |
|    time_elapsed     | 3939     |
|    total_timesteps  | 1799853  |
| train/              |          |
|    learning_rate    | 0.0001   |
|    loss             | 0.00311  |
|    n_updates        | 447462   |
----------------------------------
FruitCounts | {'Fruit': 0, 'DecayFruit': 0, 'EnemyFruit': 1} |
----------------------------------
| rollout/            |          |
|    ep_len_mean      | 240      |
|    ep_rew_mean      | -16.4    |
|    exploration_rate | 0.1      |
| time/               |          |
|    episodes         | 18292    |
|    fps              | 203      |
|    time_elapsed     | 3949     |
|    total_timesteps  | 1802269  |
| train/              |          |
|    learning_rate    | 0.0001   |
|    loss             | 0.233    |
|    n_updates        | 448066   |
----------------------------------
----------------------------------
| rollout/            |          |
|    ep_len_mean      | 238      |
|    ep_rew_mean      | -17.6    |
|    exploration_rate | 0.1      |
| time/               |          |
|    episodes         | 18296    |
|    fps              | 203      |
|    time_elapsed     | 3951     |
|    total_timesteps  | 1802583  |
| train/              |          |
|    learning_rate    | 0.0001   |
|    loss             | 0.416    |
|    n_updates        | 448144   |
----------------------------------
----------------------------------
| rollout/            |          |
|    ep_len_mean      | 244      |
|    ep_rew_mean      | -17      |
|    exploration_rate | 0.1      |
| time/               |          |
|    episodes         | 18300    |
|    fps              | 203      |
|    time_elapsed     | 3957     |
|    total_timesteps  | 1803701  |
| train/              |          |
|    learning_rate    | 0.0001   |
|    loss             | 0.214    |
|    n_updates        | 448424   |
----------------------------------
----------------------------------
| rollout/            |          |
|    ep_len_mean      | 248      |
|    ep_rew_mean      | -16.2    |
|    exploration_rate | 0.1      |
| time/               |          |
|    episodes         | 18304    |
|    fps              | 203      |
|    time_elapsed     | 3963     |
|    total_timesteps  | 1805098  |
| train/              |          |
|    learning_rate    | 0.0001   |
|    loss             | 0.311    |
|    n_updates        | 448773   |
----------------------------------
----------------------------------
| rollout/            |          |
|    ep_len_mean      | 243      |
|    ep_rew_mean      | -15.7    |
|    exploration_rate | 0.1      |
| time/               |          |
|    episodes         | 18308    |
|    fps              | 203      |
|    time_elapsed     | 3968     |
|    total_timesteps  | 1806093  |
| train/              |          |
|    learning_rate    | 0.0001   |
|    loss             | 0.00862  |
|    n_updates        | 449022   |
----------------------------------
----------------------------------
| rollout/            |          |
|    ep_len_mean      | 253      |
|    ep_rew_mean      | -16.1    |
|    exploration_rate | 0.1      |
| time/               |          |
|    episodes         | 18312    |
|    fps              | 203      |
|    time_elapsed     | 3974     |
|    total_timesteps  | 1807357  |
| train/              |          |
|    learning_rate    | 0.0001   |
|    loss             | 0.00796  |
|    n_updates        | 449338   |
----------------------------------
----------------------------------
| rollout/            |          |
|    ep_len_mean      | 251      |
|    ep_rew_mean      | -15.6    |
|    exploration_rate | 0.1      |
| time/               |          |
|    episodes         | 18316    |
|    fps              | 203      |
|    time_elapsed     | 3978     |
|    total_timesteps  | 1808161  |
| train/              |          |
|    learning_rate    | 0.0001   |
|    loss             | 0.309    |
|    n_updates        | 449539   |
----------------------------------
----------------------------------
| rollout/            |          |
|    ep_len_mean      | 259      |
|    ep_rew_mean      | -15.7    |
|    exploration_rate | 0.1      |
| time/               |          |
|    episodes         | 18320    |
|    fps              | 203      |
|    time_elapsed     | 3986     |
|    total_timesteps  | 1809811  |
| train/              |          |
|    learning_rate    | 0.0001   |
|    loss             | 0.21     |
|    n_updates        | 449951   |
----------------------------------
FruitCounts | {'Fruit': 0, 'DecayFruit': 0, 'EnemyFruit': 1} |
----------------------------------
| rollout/            |          |
|    ep_len_mean      | 284      |
|    ep_rew_mean      | -16.6    |
|    exploration_rate | 0.1      |
| time/               |          |
|    episodes         | 18324    |
|    fps              | 203      |
|    time_elapsed     | 3997     |
|    total_timesteps  | 1812582  |
| train/              |          |
|    learning_rate    | 0.0001   |
|    loss             | 0.23     |
|    n_updates        | 450644   |
----------------------------------
----------------------------------
| rollout/            |          |
|    ep_len_mean      | 278      |
|    ep_rew_mean      | -15.2    |
|    exploration_rate | 0.1      |
| time/               |          |
|    episodes         | 18328    |
|    fps              | 203      |
|    time_elapsed     | 4000     |
|    total_timesteps  | 1813232  |
| train/              |          |
|    learning_rate    | 0.0001   |
|    loss             | 0.215    |
|    n_updates        | 450806   |
----------------------------------
----------------------------------
| rollout/            |          |
|    ep_len_mean      | 275      |
|    ep_rew_mean      | -14.5    |
|    exploration_rate | 0.1      |
| time/               |          |
|    episodes         | 18332    |
|    fps              | 203      |
|    time_elapsed     | 4004     |
|    total_timesteps  | 1813777  |
| train/              |          |
|    learning_rate    | 0.0001   |
|    loss             | 0.00451  |
|    n_updates        | 450943   |
----------------------------------
----------------------------------
| rollout/            |          |
|    ep_len_mean      | 262      |
|    ep_rew_mean      | -14.1    |
|    exploration_rate | 0.1      |
| time/               |          |
|    episodes         | 18336    |
|    fps              | 203      |
|    time_elapsed     | 4006     |
|    total_timesteps  | 1814255  |
| train/              |          |
|    learning_rate    | 0.0001   |
|    loss             | 0.00436  |
|    n_updates        | 451062   |
----------------------------------
----------------------------------
| rollout/            |          |
|    ep_len_mean      | 261      |
|    ep_rew_mean      | -13.5    |
|    exploration_rate | 0.1      |
| time/               |          |
|    episodes         | 18340    |
|    fps              | 203      |
|    time_elapsed     | 4012     |
|    total_timesteps  | 1815514  |
| train/              |          |
|    learning_rate    | 0.0001   |
|    loss             | 0.00542  |
|    n_updates        | 451377   |
----------------------------------
----------------------------------
| rollout/            |          |
|    ep_len_mean      | 265      |
|    ep_rew_mean      | -13.6    |
|    exploration_rate | 0.1      |
| time/               |          |
|    episodes         | 18344    |
|    fps              | 203      |
|    time_elapsed     | 4017     |
|    total_timesteps  | 1816642  |
| train/              |          |
|    learning_rate    | 0.0001   |
|    loss             | 0.0175   |
|    n_updates        | 451659   |
----------------------------------
----------------------------------
| rollout/            |          |
|    ep_len_mean      | 258      |
|    ep_rew_mean      | -14.1    |
|    exploration_rate | 0.1      |
| time/               |          |
|    episodes         | 18348    |
|    fps              | 203      |
|    time_elapsed     | 4021     |
|    total_timesteps  | 1817420  |
| train/              |          |
|    learning_rate    | 0.0001   |
|    loss             | 0.437    |
|    n_updates        | 451853   |
----------------------------------
----------------------------------
| rollout/            |          |
|    ep_len_mean      | 256      |
|    ep_rew_mean      | -14.1    |
|    exploration_rate | 0.1      |
| time/               |          |
|    episodes         | 18352    |
|    fps              | 203      |
|    time_elapsed     | 4025     |
|    total_timesteps  | 1818103  |
| train/              |          |
|    learning_rate    | 0.0001   |
|    loss             | 0.00696  |
|    n_updates        | 452024   |
----------------------------------
----------------------------------
| rollout/            |          |
|    ep_len_mean      | 272      |
|    ep_rew_mean      | -14.9    |
|    exploration_rate | 0.1      |
| time/               |          |
|    episodes         | 18356    |
|    fps              | 203      |
|    time_elapsed     | 4033     |
|    total_timesteps  | 1819963  |
| train/              |          |
|    learning_rate    | 0.0001   |
|    loss             | 0.00908  |
|    n_updates        | 452489   |
----------------------------------
FruitCounts | {'Fruit': 0, 'DecayFruit': 0, 'EnemyFruit': 0} |
----------------------------------
| rollout/            |          |
|    ep_len_mean      | 280      |
|    ep_rew_mean      | -14.3    |
|    exploration_rate | 0.1      |
| time/               |          |
|    episodes         | 18360    |
|    fps              | 203      |
|    time_elapsed     | 4040     |
|    total_timesteps  | 1821481  |
| train/              |          |
|    learning_rate    | 0.0001   |
|    loss             | 0.464    |
|    n_updates        | 452869   |
----------------------------------
----------------------------------
| rollout/            |          |
|    ep_len_mean      | 283      |
|    ep_rew_mean      | -14.9    |
|    exploration_rate | 0.1      |
| time/               |          |
|    episodes         | 18364    |
|    fps              | 203      |
|    time_elapsed     | 4044     |
|    total_timesteps  | 1822310  |
| train/              |          |
|    learning_rate    | 0.0001   |
|    loss             | 0.307    |
|    n_updates        | 453076   |
----------------------------------
----------------------------------
| rollout/            |          |
|    ep_len_mean      | 299      |
|    ep_rew_mean      | -15.7    |
|    exploration_rate | 0.1      |
| time/               |          |
|    episodes         | 18368    |
|    fps              | 203      |
|    time_elapsed     | 4053     |
|    total_timesteps  | 1824520  |
| train/              |          |
|    learning_rate    | 0.0001   |
|    loss             | 0.00359  |
|    n_updates        | 453628   |
----------------------------------
----------------------------------
| rollout/            |          |
|    ep_len_mean      | 297      |
|    ep_rew_mean      | -15.3    |
|    exploration_rate | 0.1      |
| time/               |          |
|    episodes         | 18372    |
|    fps              | 203      |
|    time_elapsed     | 4057     |
|    total_timesteps  | 1825342  |
| train/              |          |
|    learning_rate    | 0.0001   |
|    loss             | 0.21     |
|    n_updates        | 453834   |
----------------------------------
----------------------------------
| rollout/            |          |
|    ep_len_mean      | 301      |
|    ep_rew_mean      | -15      |
|    exploration_rate | 0.1      |
| time/               |          |
|    episodes         | 18376    |
|    fps              | 203      |
|    time_elapsed     | 4063     |
|    total_timesteps  | 1826606  |
| train/              |          |
|    learning_rate    | 0.0001   |
|    loss             | 0.21     |
|    n_updates        | 454150   |
----------------------------------
----------------------------------
| rollout/            |          |
|    ep_len_mean      | 306      |
|    ep_rew_mean      | -15.4    |
|    exploration_rate | 0.1      |
| time/               |          |
|    episodes         | 18380    |
|    fps              | 203      |
|    time_elapsed     | 4070     |
|    total_timesteps  | 1828267  |
| train/              |          |
|    learning_rate    | 0.0001   |
|    loss             | 0.00679  |
|    n_updates        | 454565   |
----------------------------------
FruitCounts | {'Fruit': 0, 'DecayFruit': 0, 'EnemyFruit': 0} |
----------------------------------
| rollout/            |          |
|    ep_len_mean      | 311      |
|    ep_rew_mean      | -15.1    |
|    exploration_rate | 0.1      |
| time/               |          |
|    episodes         | 18384    |
|    fps              | 203      |
|    time_elapsed     | 4078     |
|    total_timesteps  | 1830167  |
| train/              |          |
|    learning_rate    | 0.0001   |
|    loss             | 0.00474  |
|    n_updates        | 455040   |
----------------------------------
----------------------------------
| rollout/            |          |
|    ep_len_mean      | 305      |
|    ep_rew_mean      | -14.7    |
|    exploration_rate | 0.1      |
| time/               |          |
|    episodes         | 18388    |
|    fps              | 203      |
|    time_elapsed     | 4080     |
|    total_timesteps  | 1830305  |
| train/              |          |
|    learning_rate    | 0.0001   |
|    loss             | 0.664    |
|    n_updates        | 455075   |
----------------------------------
----------------------------------
| rollout/            |          |
|    ep_len_mean      | 282      |
|    ep_rew_mean      | -13.9    |
|    exploration_rate | 0.1      |
| time/               |          |
|    episodes         | 18392    |
|    fps              | 203      |
|    time_elapsed     | 4081     |
|    total_timesteps  | 1830449  |
| train/              |          |
|    learning_rate    | 0.0001   |
|    loss             | 0.227    |
|    n_updates        | 455111   |
----------------------------------
----------------------------------
| rollout/            |          |
|    ep_len_mean      | 285      |
|    ep_rew_mean      | -13.4    |
|    exploration_rate | 0.1      |
| time/               |          |
|    episodes         | 18396    |
|    fps              | 203      |
|    time_elapsed     | 4085     |
|    total_timesteps  | 1831087  |
| train/              |          |
|    learning_rate    | 0.0001   |
|    loss             | 0.00486  |
|    n_updates        | 455270   |
----------------------------------
----------------------------------
| rollout/            |          |
|    ep_len_mean      | 282      |
|    ep_rew_mean      | -13.7    |
|    exploration_rate | 0.1      |
| time/               |          |
|    episodes         | 18400    |
|    fps              | 203      |
|    time_elapsed     | 4089     |
|    total_timesteps  | 1831916  |
| train/              |          |
|    learning_rate    | 0.0001   |
|    loss             | 0.311    |
|    n_updates        | 455477   |
----------------------------------
----------------------------------
| rollout/            |          |
|    ep_len_mean      | 274      |
|    ep_rew_mean      | -12.5    |
|    exploration_rate | 0.1      |
| time/               |          |
|    episodes         | 18404    |
|    fps              | 203      |
|    time_elapsed     | 4092     |
|    total_timesteps  | 1832518  |
| train/              |          |
|    learning_rate    | 0.0001   |
|    loss             | 0.211    |
|    n_updates        | 455628   |
----------------------------------
----------------------------------
| rollout/            |          |
|    ep_len_mean      | 275      |
|    ep_rew_mean      | -11.9    |
|    exploration_rate | 0.1      |
| time/               |          |
|    episodes         | 18408    |
|    fps              | 203      |
|    time_elapsed     | 4097     |
|    total_timesteps  | 1833564  |
| train/              |          |
|    learning_rate    | 0.0001   |
|    loss             | 0.00451  |
|    n_updates        | 455889   |
----------------------------------
----------------------------------
| rollout/            |          |
|    ep_len_mean      | 268      |
|    ep_rew_mean      | -11.5    |
|    exploration_rate | 0.1      |
| time/               |          |
|    episodes         | 18412    |
|    fps              | 203      |
|    time_elapsed     | 4101     |
|    total_timesteps  | 1834142  |
| train/              |          |
|    learning_rate    | 0.0001   |
|    loss             | 0.308    |
|    n_updates        | 456034   |
----------------------------------
----------------------------------
| rollout/            |          |
|    ep_len_mean      | 266      |
|    ep_rew_mean      | -12      |
|    exploration_rate | 0.1      |
| time/               |          |
|    episodes         | 18416    |
|    fps              | 203      |
|    time_elapsed     | 4104     |
|    total_timesteps  | 1834769  |
| train/              |          |
|    learning_rate    | 0.0001   |
|    loss             | 0.187    |
|    n_updates        | 456191   |
----------------------------------
----------------------------------
| rollout/            |          |
|    ep_len_mean      | 261      |
|    ep_rew_mean      | -12.4    |
|    exploration_rate | 0.1      |
| time/               |          |
|    episodes         | 18420    |
|    fps              | 203      |
|    time_elapsed     | 4109     |
|    total_timesteps  | 1835862  |
| train/              |          |
|    learning_rate    | 0.0001   |
|    loss             | 0.757    |
|    n_updates        | 456464   |
----------------------------------
----------------------------------
| rollout/            |          |
|    ep_len_mean      | 241      |
|    ep_rew_mean      | -11.7    |
|    exploration_rate | 0.1      |
| time/               |          |
|    episodes         | 18424    |
|    fps              | 203      |
|    time_elapsed     | 4113     |
|    total_timesteps  | 1836700  |
| train/              |          |
|    learning_rate    | 0.0001   |
|    loss             | 0.00967  |
|    n_updates        | 456673   |
----------------------------------
----------------------------------
| rollout/            |          |
|    ep_len_mean      | 242      |
|    ep_rew_mean      | -12.1    |
|    exploration_rate | 0.1      |
| time/               |          |
|    episodes         | 18428    |
|    fps              | 203      |
|    time_elapsed     | 4117     |
|    total_timesteps  | 1837383  |
| train/              |          |
|    learning_rate    | 0.0001   |
|    loss             | 0.212    |
|    n_updates        | 456844   |
----------------------------------
----------------------------------
| rollout/            |          |
|    ep_len_mean      | 248      |
|    ep_rew_mean      | -12.6    |
|    exploration_rate | 0.1      |
| time/               |          |
|    episodes         | 18432    |
|    fps              | 203      |
|    time_elapsed     | 4122     |
|    total_timesteps  | 1838573  |
| train/              |          |
|    learning_rate    | 0.0001   |
|    loss             | 0.00539  |
|    n_updates        | 457142   |
----------------------------------
----------------------------------
| rollout/            |          |
|    ep_len_mean      | 248      |
|    ep_rew_mean      | -12.5    |
|    exploration_rate | 0.1      |
| time/               |          |
|    episodes         | 18436    |
|    fps              | 203      |
|    time_elapsed     | 4125     |
|    total_timesteps  | 1839025  |
| train/              |          |
|    learning_rate    | 0.0001   |
|    loss             | 0.23     |
|    n_updates        | 457255   |
----------------------------------
----------------------------------
| rollout/            |          |
|    ep_len_mean      | 243      |
|    ep_rew_mean      | -12.7    |
|    exploration_rate | 0.1      |
| time/               |          |
|    episodes         | 18440    |
|    fps              | 203      |
|    time_elapsed     | 4129     |
|    total_timesteps  | 1839856  |
| train/              |          |
|    learning_rate    | 0.0001   |
|    loss             | 0.726    |
|    n_updates        | 457462   |
----------------------------------
FruitCounts | {'Fruit': 0, 'DecayFruit': 0, 'EnemyFruit': 1} |
----------------------------------
| rollout/            |          |
|    ep_len_mean      | 236      |
|    ep_rew_mean      | -13.2    |
|    exploration_rate | 0.1      |
| time/               |          |
|    episodes         | 18444    |
|    fps              | 203      |
|    time_elapsed     | 4132     |
|    total_timesteps  | 1840192  |
| train/              |          |
|    learning_rate    | 0.0001   |
|    loss             | 0.23     |
|    n_updates        | 457546   |
----------------------------------
----------------------------------
| rollout/            |          |
|    ep_len_mean      | 240      |
|    ep_rew_mean      | -12.7    |
|    exploration_rate | 0.1      |
| time/               |          |
|    episodes         | 18448    |
|    fps              | 203      |
|    time_elapsed     | 4137     |
|    total_timesteps  | 1841442  |
| train/              |          |
|    learning_rate    | 0.0001   |
|    loss             | 0.838    |
|    n_updates        | 457859   |
----------------------------------
----------------------------------
| rollout/            |          |
|    ep_len_mean      | 238      |
|    ep_rew_mean      | -11.8    |
|    exploration_rate | 0.1      |
| time/               |          |
|    episodes         | 18452    |
|    fps              | 203      |
|    time_elapsed     | 4140     |
|    total_timesteps  | 1841927  |
| train/              |          |
|    learning_rate    | 0.0001   |
|    loss             | 0.0078   |
|    n_updates        | 457980   |
----------------------------------
----------------------------------
| rollout/            |          |
|    ep_len_mean      | 236      |
|    ep_rew_mean      | -12      |
|    exploration_rate | 0.1      |
| time/               |          |
|    episodes         | 18456    |
|    fps              | 203      |
|    time_elapsed     | 4148     |
|    total_timesteps  | 1843530  |
| train/              |          |
|    learning_rate    | 0.0001   |
|    loss             | 0.621    |
|    n_updates        | 458381   |
----------------------------------
----------------------------------
| rollout/            |          |
|    ep_len_mean      | 226      |
|    ep_rew_mean      | -12      |
|    exploration_rate | 0.1      |
| time/               |          |
|    episodes         | 18460    |
|    fps              | 203      |
|    time_elapsed     | 4151     |
|    total_timesteps  | 1844072  |
| train/              |          |
|    learning_rate    | 0.0001   |
|    loss             | 0.00523  |
|    n_updates        | 458516   |
----------------------------------
----------------------------------
| rollout/            |          |
|    ep_len_mean      | 234      |
|    ep_rew_mean      | -11.4    |
|    exploration_rate | 0.1      |
| time/               |          |
|    episodes         | 18464    |
|    fps              | 203      |
|    time_elapsed     | 4158     |
|    total_timesteps  | 1845746  |
| train/              |          |
|    learning_rate    | 0.0001   |
|    loss             | 0.00531  |
|    n_updates        | 458935   |
----------------------------------
----------------------------------
| rollout/            |          |
|    ep_len_mean      | 217      |
|    ep_rew_mean      | -10.3    |
|    exploration_rate | 0.1      |
| time/               |          |
|    episodes         | 18468    |
|    fps              | 203      |
|    time_elapsed     | 4161     |
|    total_timesteps  | 1846229  |
| train/              |          |
|    learning_rate    | 0.0001   |
|    loss             | 0.00258  |
|    n_updates        | 459056   |
----------------------------------
----------------------------------
| rollout/            |          |
|    ep_len_mean      | 218      |
|    ep_rew_mean      | -9.68    |
|    exploration_rate | 0.1      |
| time/               |          |
|    episodes         | 18472    |
|    fps              | 203      |
|    time_elapsed     | 4165     |
|    total_timesteps  | 1847151  |
| train/              |          |
|    learning_rate    | 0.0001   |
|    loss             | 0.00378  |
|    n_updates        | 459286   |
----------------------------------
----------------------------------
| rollout/            |          |
|    ep_len_mean      | 214      |
|    ep_rew_mean      | -9.46    |
|    exploration_rate | 0.1      |
| time/               |          |
|    episodes         | 18476    |
|    fps              | 203      |
|    time_elapsed     | 4169     |
|    total_timesteps  | 1847973  |
| train/              |          |
|    learning_rate    | 0.0001   |
|    loss             | 0.232    |
|    n_updates        | 459492   |
----------------------------------
----------------------------------
| rollout/            |          |
|    ep_len_mean      | 202      |
|    ep_rew_mean      | -8.54    |
|    exploration_rate | 0.1      |
| time/               |          |
|    episodes         | 18480    |
|    fps              | 203      |
|    time_elapsed     | 4173     |
|    total_timesteps  | 1848485  |
| train/              |          |
|    learning_rate    | 0.0001   |
|    loss             | 0.0188   |
|    n_updates        | 459620   |
----------------------------------
----------------------------------
| rollout/            |          |
|    ep_len_mean      | 189      |
|    ep_rew_mean      | -8.23    |
|    exploration_rate | 0.1      |
| time/               |          |
|    episodes         | 18484    |
|    fps              | 203      |
|    time_elapsed     | 4176     |
|    total_timesteps  | 1849030  |
| train/              |          |
|    learning_rate    | 0.0001   |
|    loss             | 0.00363  |
|    n_updates        | 459756   |
----------------------------------
----------------------------------
| rollout/            |          |
|    ep_len_mean      | 196      |
|    ep_rew_mean      | -7.99    |
|    exploration_rate | 0.1      |
| time/               |          |
|    episodes         | 18488    |
|    fps              | 203      |
|    time_elapsed     | 4180     |
|    total_timesteps  | 1849876  |
| train/              |          |
|    learning_rate    | 0.0001   |
|    loss             | 0.31     |
|    n_updates        | 459967   |
----------------------------------
FruitCounts | {'Fruit': 0, 'DecayFruit': 0, 'EnemyFruit': 1} |
----------------------------------
| rollout/            |          |
|    ep_len_mean      | 203      |
|    ep_rew_mean      | -7.84    |
|    exploration_rate | 0.1      |
| time/               |          |
|    episodes         | 18492    |
|    fps              | 203      |
|    time_elapsed     | 4184     |
|    total_timesteps  | 1850734  |
| train/              |          |
|    learning_rate    | 0.0001   |
|    loss             | 0.0212   |
|    n_updates        | 460182   |
----------------------------------
----------------------------------
| rollout/            |          |
|    ep_len_mean      | 201      |
|    ep_rew_mean      | -7.44    |
|    exploration_rate | 0.1      |
| time/               |          |
|    episodes         | 18496    |
|    fps              | 203      |
|    time_elapsed     | 4187     |
|    total_timesteps  | 1851166  |
| train/              |          |
|    learning_rate    | 0.0001   |
|    loss             | 0.00454  |
|    n_updates        | 460290   |
----------------------------------
----------------------------------
| rollout/            |          |
|    ep_len_mean      | 214      |
|    ep_rew_mean      | -7.64    |
|    exploration_rate | 0.1      |
| time/               |          |
|    episodes         | 18500    |
|    fps              | 203      |
|    time_elapsed     | 4196     |
|    total_timesteps  | 1853291  |
| train/              |          |
|    learning_rate    | 0.0001   |
|    loss             | 0.007    |
|    n_updates        | 460821   |
----------------------------------
----------------------------------
| rollout/            |          |
|    ep_len_mean      | 220      |
|    ep_rew_mean      | -9.14    |
|    exploration_rate | 0.1      |
| time/               |          |
|    episodes         | 18504    |
|    fps              | 203      |
|    time_elapsed     | 4201     |
|    total_timesteps  | 1854480  |
| train/              |          |
|    learning_rate    | 0.0001   |
|    loss             | 0.232    |
|    n_updates        | 461118   |
----------------------------------
----------------------------------
| rollout/            |          |
|    ep_len_mean      | 213      |
|    ep_rew_mean      | -9.16    |
|    exploration_rate | 0.1      |
| time/               |          |
|    episodes         | 18508    |
|    fps              | 203      |
|    time_elapsed     | 4204     |
|    total_timesteps  | 1854862  |
| train/              |          |
|    learning_rate    | 0.0001   |
|    loss             | 0.436    |
|    n_updates        | 461214   |
----------------------------------
----------------------------------
| rollout/            |          |
|    ep_len_mean      | 215      |
|    ep_rew_mean      | -10.2    |
|    exploration_rate | 0.1      |
| time/               |          |
|    episodes         | 18512    |
|    fps              | 203      |
|    time_elapsed     | 4208     |
|    total_timesteps  | 1855609  |
| train/              |          |
|    learning_rate    | 0.0001   |
|    loss             | 0.231    |
|    n_updates        | 461401   |
----------------------------------
----------------------------------
| rollout/            |          |
|    ep_len_mean      | 216      |
|    ep_rew_mean      | -10.4    |
|    exploration_rate | 0.1      |
| time/               |          |
|    episodes         | 18516    |
|    fps              | 203      |
|    time_elapsed     | 4212     |
|    total_timesteps  | 1856411  |
| train/              |          |
|    learning_rate    | 0.0001   |
|    loss             | 0.511    |
|    n_updates        | 461601   |
----------------------------------
----------------------------------
| rollout/            |          |
|    ep_len_mean      | 214      |
|    ep_rew_mean      | -10.4    |
|    exploration_rate | 0.1      |
| time/               |          |
|    episodes         | 18520    |
|    fps              | 203      |
|    time_elapsed     | 4216     |
|    total_timesteps  | 1857237  |
| train/              |          |
|    learning_rate    | 0.0001   |
|    loss             | 0.534    |
|    n_updates        | 461808   |
----------------------------------
----------------------------------
| rollout/            |          |
|    ep_len_mean      | 216      |
|    ep_rew_mean      | -10.2    |
|    exploration_rate | 0.1      |
| time/               |          |
|    episodes         | 18524    |
|    fps              | 203      |
|    time_elapsed     | 4221     |
|    total_timesteps  | 1858331  |
| train/              |          |
|    learning_rate    | 0.0001   |
|    loss             | 0.00406  |
|    n_updates        | 462081   |
----------------------------------
----------------------------------
| rollout/            |          |
|    ep_len_mean      | 214      |
|    ep_rew_mean      | -10.5    |
|    exploration_rate | 0.1      |
| time/               |          |
|    episodes         | 18528    |
|    fps              | 203      |
|    time_elapsed     | 4224     |
|    total_timesteps  | 1858751  |
| train/              |          |
|    learning_rate    | 0.0001   |
|    loss             | 0.538    |
|    n_updates        | 462186   |
----------------------------------
----------------------------------
| rollout/            |          |
|    ep_len_mean      | 211      |
|    ep_rew_mean      | -10.4    |
|    exploration_rate | 0.1      |
| time/               |          |
|    episodes         | 18532    |
|    fps              | 203      |
|    time_elapsed     | 4228     |
|    total_timesteps  | 1859714  |
| train/              |          |
|    learning_rate    | 0.0001   |
|    loss             | 0.455    |
|    n_updates        | 462427   |
----------------------------------
FruitCounts | {'Fruit': 0, 'DecayFruit': 0, 'EnemyFruit': 0} |
----------------------------------
| rollout/            |          |
|    ep_len_mean      | 212      |
|    ep_rew_mean      | -9.81    |
|    exploration_rate | 0.1      |
| time/               |          |
|    episodes         | 18536    |
|    fps              | 203      |
|    time_elapsed     | 4231     |
|    total_timesteps  | 1860191  |
| train/              |          |
|    learning_rate    | 0.0001   |
|    loss             | 0.236    |
|    n_updates        | 462546   |
----------------------------------
----------------------------------
| rollout/            |          |
|    ep_len_mean      | 209      |
|    ep_rew_mean      | -10.3    |
|    exploration_rate | 0.1      |
| time/               |          |
|    episodes         | 18540    |
|    fps              | 203      |
|    time_elapsed     | 4235     |
|    total_timesteps  | 1860744  |
| train/              |          |
|    learning_rate    | 0.0001   |
|    loss             | 0.758    |
|    n_updates        | 462684   |
----------------------------------
----------------------------------
| rollout/            |          |
|    ep_len_mean      | 219      |
|    ep_rew_mean      | -9.89    |
|    exploration_rate | 0.1      |
| time/               |          |
|    episodes         | 18544    |
|    fps              | 203      |
|    time_elapsed     | 4241     |
|    total_timesteps  | 1862073  |
| train/              |          |
|    learning_rate    | 0.0001   |
|    loss             | 0.0138   |
|    n_updates        | 463017   |
----------------------------------
----------------------------------
| rollout/            |          |
|    ep_len_mean      | 220      |
|    ep_rew_mean      | -10.6    |
|    exploration_rate | 0.1      |
| time/               |          |
|    episodes         | 18548    |
|    fps              | 203      |
|    time_elapsed     | 4247     |
|    total_timesteps  | 1863483  |
| train/              |          |
|    learning_rate    | 0.0001   |
|    loss             | 0.308    |
|    n_updates        | 463369   |
----------------------------------
----------------------------------
| rollout/            |          |
|    ep_len_mean      | 225      |
|    ep_rew_mean      | -10.9    |
|    exploration_rate | 0.1      |
| time/               |          |
|    episodes         | 18552    |
|    fps              | 203      |
|    time_elapsed     | 4252     |
|    total_timesteps  | 1864469  |
| train/              |          |
|    learning_rate    | 0.0001   |
|    loss             | 0.00425  |
|    n_updates        | 463616   |
----------------------------------
----------------------------------
| rollout/            |          |
|    ep_len_mean      | 217      |
|    ep_rew_mean      | -10.2    |
|    exploration_rate | 0.1      |
| time/               |          |
|    episodes         | 18556    |
|    fps              | 203      |
|    time_elapsed     | 4256     |
|    total_timesteps  | 1865257  |
| train/              |          |
|    learning_rate    | 0.0001   |
|    loss             | 0.0216   |
|    n_updates        | 463813   |
----------------------------------
----------------------------------
| rollout/            |          |
|    ep_len_mean      | 229      |
|    ep_rew_mean      | -10.6    |
|    exploration_rate | 0.1      |
| time/               |          |
|    episodes         | 18560    |
|    fps              | 203      |
|    time_elapsed     | 4263     |
|    total_timesteps  | 1866977  |
| train/              |          |
|    learning_rate    | 0.0001   |
|    loss             | 0.567    |
|    n_updates        | 464243   |
----------------------------------
----------------------------------
| rollout/            |          |
|    ep_len_mean      | 219      |
|    ep_rew_mean      | -11      |
|    exploration_rate | 0.1      |
| time/               |          |
|    episodes         | 18564    |
|    fps              | 203      |
|    time_elapsed     | 4267     |
|    total_timesteps  | 1867618  |
| train/              |          |
|    learning_rate    | 0.0001   |
|    loss             | 0.00362  |
|    n_updates        | 464403   |
----------------------------------
----------------------------------
| rollout/            |          |
|    ep_len_mean      | 220      |
|    ep_rew_mean      | -11.4    |
|    exploration_rate | 0.1      |
| time/               |          |
|    episodes         | 18568    |
|    fps              | 203      |
|    time_elapsed     | 4270     |
|    total_timesteps  | 1868186  |
| train/              |          |
|    learning_rate    | 0.0001   |
|    loss             | 0.0043   |
|    n_updates        | 464545   |
----------------------------------
----------------------------------
| rollout/            |          |
|    ep_len_mean      | 213      |
|    ep_rew_mean      | -12.2    |
|    exploration_rate | 0.1      |
| time/               |          |
|    episodes         | 18572    |
|    fps              | 203      |
|    time_elapsed     | 4272     |
|    total_timesteps  | 1868478  |
| train/              |          |
|    learning_rate    | 0.0001   |
|    loss             | 0.209    |
|    n_updates        | 464618   |
----------------------------------
----------------------------------
| rollout/            |          |
|    ep_len_mean      | 214      |
|    ep_rew_mean      | -12      |
|    exploration_rate | 0.1      |
| time/               |          |
|    episodes         | 18576    |
|    fps              | 203      |
|    time_elapsed     | 4276     |
|    total_timesteps  | 1869383  |
| train/              |          |
|    learning_rate    | 0.0001   |
|    loss             | 0.00463  |
|    n_updates        | 464844   |
----------------------------------
FruitCounts | {'Fruit': 0, 'DecayFruit': 1, 'EnemyFruit': 3} |
----------------------------------
| rollout/            |          |
|    ep_len_mean      | 223      |
|    ep_rew_mean      | -13.3    |
|    exploration_rate | 0.1      |
| time/               |          |
|    episodes         | 18580    |
|    fps              | 203      |
|    time_elapsed     | 4282     |
|    total_timesteps  | 1870777  |
| train/              |          |
|    learning_rate    | 0.0001   |
|    loss             | 0.508    |
|    n_updates        | 465193   |
----------------------------------
----------------------------------
| rollout/            |          |
|    ep_len_mean      | 227      |
|    ep_rew_mean      | -14.2    |
|    exploration_rate | 0.1      |
| time/               |          |
|    episodes         | 18584    |
|    fps              | 203      |
|    time_elapsed     | 4287     |
|    total_timesteps  | 1871775  |
| train/              |          |
|    learning_rate    | 0.0001   |
|    loss             | 0.456    |
|    n_updates        | 465442   |
----------------------------------
----------------------------------
| rollout/            |          |
|    ep_len_mean      | 232      |
|    ep_rew_mean      | -15.2    |
|    exploration_rate | 0.1      |
| time/               |          |
|    episodes         | 18588    |
|    fps              | 203      |
|    time_elapsed     | 4293     |
|    total_timesteps  | 1873056  |
| train/              |          |
|    learning_rate    | 0.0001   |
|    loss             | 0.00912  |
|    n_updates        | 465762   |
----------------------------------
----------------------------------
| rollout/            |          |
|    ep_len_mean      | 235      |
|    ep_rew_mean      | -15.9    |
|    exploration_rate | 0.1      |
| time/               |          |
|    episodes         | 18592    |
|    fps              | 203      |
|    time_elapsed     | 4299     |
|    total_timesteps  | 1874208  |
| train/              |          |
|    learning_rate    | 0.0001   |
|    loss             | 0.516    |
|    n_updates        | 466050   |
----------------------------------
----------------------------------
| rollout/            |          |
|    ep_len_mean      | 238      |
|    ep_rew_mean      | -17      |
|    exploration_rate | 0.1      |
| time/               |          |
|    episodes         | 18596    |
|    fps              | 203      |
|    time_elapsed     | 4303     |
|    total_timesteps  | 1875000  |
| train/              |          |
|    learning_rate    | 0.0001   |
|    loss             | 0.086    |
|    n_updates        | 466248   |
----------------------------------
----------------------------------
| rollout/            |          |
|    ep_len_mean      | 219      |
|    ep_rew_mean      | -17      |
|    exploration_rate | 0.1      |
| time/               |          |
|    episodes         | 18600    |
|    fps              | 203      |
|    time_elapsed     | 4305     |
|    total_timesteps  | 1875204  |
| train/              |          |
|    learning_rate    | 0.0001   |
|    loss             | 0.213    |
|    n_updates        | 466299   |
----------------------------------
----------------------------------
| rollout/            |          |
|    ep_len_mean      | 224      |
|    ep_rew_mean      | -16.9    |
|    exploration_rate | 0.1      |
| time/               |          |
|    episodes         | 18604    |
|    fps              | 203      |
|    time_elapsed     | 4312     |
|    total_timesteps  | 1876916  |
| train/              |          |
|    learning_rate    | 0.0001   |
|    loss             | 0.00421  |
|    n_updates        | 466727   |
----------------------------------
----------------------------------
| rollout/            |          |
|    ep_len_mean      | 227      |
|    ep_rew_mean      | -16.7    |
|    exploration_rate | 0.1      |
| time/               |          |
|    episodes         | 18608    |
|    fps              | 203      |
|    time_elapsed     | 4316     |
|    total_timesteps  | 1877557  |
| train/              |          |
|    learning_rate    | 0.0001   |
|    loss             | 0.00895  |
|    n_updates        | 466888   |
----------------------------------
----------------------------------
| rollout/            |          |
|    ep_len_mean      | 237      |
|    ep_rew_mean      | -16.2    |
|    exploration_rate | 0.1      |
| time/               |          |
|    episodes         | 18612    |
|    fps              | 203      |
|    time_elapsed     | 4323     |
|    total_timesteps  | 1879323  |
| train/              |          |
|    learning_rate    | 0.0001   |
|    loss             | 0.76     |
|    n_updates        | 467329   |
----------------------------------
FruitCounts | {'Fruit': 0, 'DecayFruit': 0, 'EnemyFruit': 2} |
----------------------------------
| rollout/            |          |
|    ep_len_mean      | 247      |
|    ep_rew_mean      | -16.2    |
|    exploration_rate | 0.1      |
| time/               |          |
|    episodes         | 18616    |
|    fps              | 203      |
|    time_elapsed     | 4331     |
|    total_timesteps  | 1881139  |
| train/              |          |
|    learning_rate    | 0.0001   |
|    loss             | 0.00434  |
|    n_updates        | 467783   |
----------------------------------
----------------------------------
| rollout/            |          |
|    ep_len_mean      | 246      |
|    ep_rew_mean      | -15.6    |
|    exploration_rate | 0.1      |
| time/               |          |
|    episodes         | 18620    |
|    fps              | 203      |
|    time_elapsed     | 4334     |
|    total_timesteps  | 1881803  |
| train/              |          |
|    learning_rate    | 0.0001   |
|    loss             | 0.229    |
|    n_updates        | 467949   |
----------------------------------
----------------------------------
| rollout/            |          |
|    ep_len_mean      | 240      |
|    ep_rew_mean      | -14.6    |
|    exploration_rate | 0.1      |
| time/               |          |
|    episodes         | 18624    |
|    fps              | 203      |
|    time_elapsed     | 4337     |
|    total_timesteps  | 1882371  |
| train/              |          |
|    learning_rate    | 0.0001   |
|    loss             | 0.748    |
|    n_updates        | 468091   |
----------------------------------
----------------------------------
| rollout/            |          |
|    ep_len_mean      | 249      |
|    ep_rew_mean      | -13.1    |
|    exploration_rate | 0.1      |
| time/               |          |
|    episodes         | 18628    |
|    fps              | 203      |
|    time_elapsed     | 4343     |
|    total_timesteps  | 1883685  |
| train/              |          |
|    learning_rate    | 0.0001   |
|    loss             | 0.612    |
|    n_updates        | 468420   |
----------------------------------
----------------------------------
| rollout/            |          |
|    ep_len_mean      | 247      |
|    ep_rew_mean      | -12.6    |
|    exploration_rate | 0.1      |
| time/               |          |
|    episodes         | 18632    |
|    fps              | 203      |
|    time_elapsed     | 4347     |
|    total_timesteps  | 1884414  |
| train/              |          |
|    learning_rate    | 0.0001   |
|    loss             | 0.232    |
|    n_updates        | 468602   |
----------------------------------
----------------------------------
| rollout/            |          |
|    ep_len_mean      | 247      |
|    ep_rew_mean      | -13.6    |
|    exploration_rate | 0.1      |
| time/               |          |
|    episodes         | 18636    |
|    fps              | 203      |
|    time_elapsed     | 4350     |
|    total_timesteps  | 1884887  |
| train/              |          |
|    learning_rate    | 0.0001   |
|    loss             | 0.31     |
|    n_updates        | 468720   |
----------------------------------
----------------------------------
| rollout/            |          |
|    ep_len_mean      | 252      |
|    ep_rew_mean      | -13.8    |
|    exploration_rate | 0.1      |
| time/               |          |
|    episodes         | 18640    |
|    fps              | 203      |
|    time_elapsed     | 4355     |
|    total_timesteps  | 1885907  |
| train/              |          |
|    learning_rate    | 0.0001   |
|    loss             | 0.231    |
|    n_updates        | 468975   |
----------------------------------
----------------------------------
| rollout/            |          |
|    ep_len_mean      | 246      |
|    ep_rew_mean      | -14.8    |
|    exploration_rate | 0.1      |
| time/               |          |
|    episodes         | 18644    |
|    fps              | 203      |
|    time_elapsed     | 4359     |
|    total_timesteps  | 1886686  |
| train/              |          |
|    learning_rate    | 0.0001   |
|    loss             | 0.0035   |
|    n_updates        | 469170   |
----------------------------------
----------------------------------
| rollout/            |          |
|    ep_len_mean      | 237      |
|    ep_rew_mean      | -14      |
|    exploration_rate | 0.1      |
| time/               |          |
|    episodes         | 18648    |
|    fps              | 203      |
|    time_elapsed     | 4362     |
|    total_timesteps  | 1887217  |
| train/              |          |
|    learning_rate    | 0.0001   |
|    loss             | 0.227    |
|    n_updates        | 469303   |
----------------------------------
----------------------------------
| rollout/            |          |
|    ep_len_mean      | 241      |
|    ep_rew_mean      | -15.3    |
|    exploration_rate | 0.1      |
| time/               |          |
|    episodes         | 18652    |
|    fps              | 203      |
|    time_elapsed     | 4368     |
|    total_timesteps  | 1888595  |
| train/              |          |
|    learning_rate    | 0.0001   |
|    loss             | 0.00499  |
|    n_updates        | 469647   |
----------------------------------
----------------------------------
| rollout/            |          |
|    ep_len_mean      | 239      |
|    ep_rew_mean      | -15.7    |
|    exploration_rate | 0.1      |
| time/               |          |
|    episodes         | 18656    |
|    fps              | 203      |
|    time_elapsed     | 4372     |
|    total_timesteps  | 1889191  |
| train/              |          |
|    learning_rate    | 0.0001   |
|    loss             | 0.00341  |
|    n_updates        | 469796   |
----------------------------------
FruitCounts | {'Fruit': 0, 'DecayFruit': 1, 'EnemyFruit': 0} |
----------------------------------
| rollout/            |          |
|    ep_len_mean      | 243      |
|    ep_rew_mean      | -15.4    |
|    exploration_rate | 0.1      |
| time/               |          |
|    episodes         | 18660    |
|    fps              | 203      |
|    time_elapsed     | 4380     |
|    total_timesteps  | 1891269  |
| train/              |          |
|    learning_rate    | 0.0001   |
|    loss             | 0.229    |
|    n_updates        | 470316   |
----------------------------------
----------------------------------
| rollout/            |          |
|    ep_len_mean      | 245      |
|    ep_rew_mean      | -15.3    |
|    exploration_rate | 0.1      |
| time/               |          |
|    episodes         | 18664    |
|    fps              | 203      |
|    time_elapsed     | 4385     |
|    total_timesteps  | 1892116  |
| train/              |          |
|    learning_rate    | 0.0001   |
|    loss             | 0.23     |
|    n_updates        | 470527   |
----------------------------------
----------------------------------
| rollout/            |          |
|    ep_len_mean      | 255      |
|    ep_rew_mean      | -14.8    |
|    exploration_rate | 0.1      |
| time/               |          |
|    episodes         | 18668    |
|    fps              | 203      |
|    time_elapsed     | 4391     |
|    total_timesteps  | 1893688  |
| train/              |          |
|    learning_rate    | 0.0001   |
|    loss             | 0.568    |
|    n_updates        | 470920   |
----------------------------------
----------------------------------
| rollout/            |          |
|    ep_len_mean      | 254      |
|    ep_rew_mean      | -14.7    |
|    exploration_rate | 0.1      |
| time/               |          |
|    episodes         | 18672    |
|    fps              | 203      |
|    time_elapsed     | 4393     |
|    total_timesteps  | 1893920  |
| train/              |          |
|    learning_rate    | 0.0001   |
|    loss             | 0.236    |
|    n_updates        | 470978   |
----------------------------------
----------------------------------
| rollout/            |          |
|    ep_len_mean      | 254      |
|    ep_rew_mean      | -14.3    |
|    exploration_rate | 0.1      |
| time/               |          |
|    episodes         | 18676    |
|    fps              | 203      |
|    time_elapsed     | 4397     |
|    total_timesteps  | 1894765  |
| train/              |          |
|    learning_rate    | 0.0001   |
|    loss             | 0.00301  |
|    n_updates        | 471190   |
----------------------------------
----------------------------------
| rollout/            |          |
|    ep_len_mean      | 255      |
|    ep_rew_mean      | -13.5    |
|    exploration_rate | 0.1      |
| time/               |          |
|    episodes         | 18680    |
|    fps              | 203      |
|    time_elapsed     | 4404     |
|    total_timesteps  | 1896302  |
| train/              |          |
|    learning_rate    | 0.0001   |
|    loss             | 0.537    |
|    n_updates        | 471574   |
----------------------------------
----------------------------------
| rollout/            |          |
|    ep_len_mean      | 251      |
|    ep_rew_mean      | -13.3    |
|    exploration_rate | 0.1      |
| time/               |          |
|    episodes         | 18684    |
|    fps              | 203      |
|    time_elapsed     | 4408     |
|    total_timesteps  | 1896892  |
| train/              |          |
|    learning_rate    | 0.0001   |
|    loss             | 0.00324  |
|    n_updates        | 471721   |
----------------------------------
----------------------------------
| rollout/            |          |
|    ep_len_mean      | 262      |
|    ep_rew_mean      | -13.5    |
|    exploration_rate | 0.1      |
| time/               |          |
|    episodes         | 18688    |
|    fps              | 203      |
|    time_elapsed     | 4418     |
|    total_timesteps  | 1899278  |
| train/              |          |
|    learning_rate    | 0.0001   |
|    loss             | 0.842    |
|    n_updates        | 472318   |
----------------------------------
FruitCounts | {'Fruit': 0, 'DecayFruit': 0, 'EnemyFruit': 1} |
----------------------------------
| rollout/            |          |
|    ep_len_mean      | 260      |
|    ep_rew_mean      | -13.7    |
|    exploration_rate | 0.1      |
| time/               |          |
|    episodes         | 18692    |
|    fps              | 203      |
|    time_elapsed     | 4422     |
|    total_timesteps  | 1900162  |
| train/              |          |
|    learning_rate    | 0.0001   |
|    loss             | 0.31     |
|    n_updates        | 472539   |
----------------------------------
----------------------------------
| rollout/            |          |
|    ep_len_mean      | 255      |
|    ep_rew_mean      | -13.1    |
|    exploration_rate | 0.1      |
| time/               |          |
|    episodes         | 18696    |
|    fps              | 203      |
|    time_elapsed     | 4424     |
|    total_timesteps  | 1900498  |
| train/              |          |
|    learning_rate    | 0.0001   |
|    loss             | 0.25     |
|    n_updates        | 472623   |
----------------------------------
----------------------------------
| rollout/            |          |
|    ep_len_mean      | 263      |
|    ep_rew_mean      | -13.4    |
|    exploration_rate | 0.1      |
| time/               |          |
|    episodes         | 18700    |
|    fps              | 203      |
|    time_elapsed     | 4429     |
|    total_timesteps  | 1901504  |
| train/              |          |
|    learning_rate    | 0.0001   |
|    loss             | 0.533    |
|    n_updates        | 472874   |
----------------------------------
----------------------------------
| rollout/            |          |
|    ep_len_mean      | 253      |
|    ep_rew_mean      | -12.8    |
|    exploration_rate | 0.1      |
| time/               |          |
|    episodes         | 18704    |
|    fps              | 203      |
|    time_elapsed     | 4433     |
|    total_timesteps  | 1902220  |
| train/              |          |
|    learning_rate    | 0.0001   |
|    loss             | 0.534    |
|    n_updates        | 473053   |
----------------------------------
----------------------------------
| rollout/            |          |
|    ep_len_mean      | 255      |
|    ep_rew_mean      | -13.7    |
|    exploration_rate | 0.1      |
| time/               |          |
|    episodes         | 18708    |
|    fps              | 203      |
|    time_elapsed     | 4437     |
|    total_timesteps  | 1903014  |
| train/              |          |
|    learning_rate    | 0.0001   |
|    loss             | 0.534    |
|    n_updates        | 473252   |
----------------------------------
----------------------------------
| rollout/            |          |
|    ep_len_mean      | 242      |
|    ep_rew_mean      | -13.1    |
|    exploration_rate | 0.1      |
| time/               |          |
|    episodes         | 18712    |
|    fps              | 203      |
|    time_elapsed     | 4440     |
|    total_timesteps  | 1903519  |
| train/              |          |
|    learning_rate    | 0.0001   |
|    loss             | 0.232    |
|    n_updates        | 473378   |
----------------------------------
----------------------------------
| rollout/            |          |
|    ep_len_mean      | 235      |
|    ep_rew_mean      | -14.1    |
|    exploration_rate | 0.1      |
| time/               |          |
|    episodes         | 18716    |
|    fps              | 203      |
|    time_elapsed     | 4445     |
|    total_timesteps  | 1904590  |
| train/              |          |
|    learning_rate    | 0.0001   |
|    loss             | 0.233    |
|    n_updates        | 473646   |
----------------------------------
----------------------------------
| rollout/            |          |
|    ep_len_mean      | 234      |
|    ep_rew_mean      | -13.6    |
|    exploration_rate | 0.1      |
| time/               |          |
|    episodes         | 18720    |
|    fps              | 203      |
|    time_elapsed     | 4449     |
|    total_timesteps  | 1905242  |
| train/              |          |
|    learning_rate    | 0.0001   |
|    loss             | 0.00346  |
|    n_updates        | 473809   |
----------------------------------
----------------------------------
| rollout/            |          |
|    ep_len_mean      | 234      |
|    ep_rew_mean      | -14.7    |
|    exploration_rate | 0.1      |
| time/               |          |
|    episodes         | 18724    |
|    fps              | 203      |
|    time_elapsed     | 4452     |
|    total_timesteps  | 1905785  |
| train/              |          |
|    learning_rate    | 0.0001   |
|    loss             | 0.0055   |
|    n_updates        | 473945   |
----------------------------------
----------------------------------
| rollout/            |          |
|    ep_len_mean      | 233      |
|    ep_rew_mean      | -16.1    |
|    exploration_rate | 0.1      |
| time/               |          |
|    episodes         | 18728    |
|    fps              | 203      |
|    time_elapsed     | 4457     |
|    total_timesteps  | 1906969  |
| train/              |          |
|    learning_rate    | 0.0001   |
|    loss             | 0.00708  |
|    n_updates        | 474241   |
----------------------------------
----------------------------------
| rollout/            |          |
|    ep_len_mean      | 232      |
|    ep_rew_mean      | -16.8    |
|    exploration_rate | 0.1      |
| time/               |          |
|    episodes         | 18732    |
|    fps              | 203      |
|    time_elapsed     | 4461     |
|    total_timesteps  | 1907649  |
| train/              |          |
|    learning_rate    | 0.0001   |
|    loss             | 0.236    |
|    n_updates        | 474411   |
----------------------------------
----------------------------------
| rollout/            |          |
|    ep_len_mean      | 231      |
|    ep_rew_mean      | -16.4    |
|    exploration_rate | 0.1      |
| time/               |          |
|    episodes         | 18736    |
|    fps              | 203      |
|    time_elapsed     | 4463     |
|    total_timesteps  | 1907961  |
| train/              |          |
|    learning_rate    | 0.0001   |
|    loss             | 0.00519  |
|    n_updates        | 474489   |
----------------------------------
----------------------------------
| rollout/            |          |
|    ep_len_mean      | 223      |
|    ep_rew_mean      | -16.1    |
|    exploration_rate | 0.1      |
| time/               |          |
|    episodes         | 18740    |
|    fps              | 203      |
|    time_elapsed     | 4465     |
|    total_timesteps  | 1908171  |
| train/              |          |
|    learning_rate    | 0.0001   |
|    loss             | 0.715    |
|    n_updates        | 474541   |
----------------------------------
----------------------------------
| rollout/            |          |
|    ep_len_mean      | 220      |
|    ep_rew_mean      | -14.6    |
|    exploration_rate | 0.1      |
| time/               |          |
|    episodes         | 18744    |
|    fps              | 203      |
|    time_elapsed     | 4467     |
|    total_timesteps  | 1908651  |
| train/              |          |
|    learning_rate    | 0.0001   |
|    loss             | 0.014    |
|    n_updates        | 474661   |
----------------------------------
----------------------------------
| rollout/            |          |
|    ep_len_mean      | 217      |
|    ep_rew_mean      | -14.7    |
|    exploration_rate | 0.1      |
| time/               |          |
|    episodes         | 18748    |
|    fps              | 203      |
|    time_elapsed     | 4470     |
|    total_timesteps  | 1908900  |
| train/              |          |
|    learning_rate    | 0.0001   |
|    loss             | 0.00841  |
|    n_updates        | 474723   |
----------------------------------
FruitCounts | {'Fruit': 1, 'DecayFruit': 0, 'EnemyFruit': 1} |
----------------------------------
| rollout/            |          |
|    ep_len_mean      | 217      |
|    ep_rew_mean      | -13.1    |
|    exploration_rate | 0.1      |
| time/               |          |
|    episodes         | 18752    |
|    fps              | 203      |
|    time_elapsed     | 4476     |
|    total_timesteps  | 1910314  |
| train/              |          |
|    learning_rate    | 0.0001   |
|    loss             | 0.229    |
|    n_updates        | 475077   |
----------------------------------
----------------------------------
| rollout/            |          |
|    ep_len_mean      | 224      |
|    ep_rew_mean      | -12.4    |
|    exploration_rate | 0.1      |
| time/               |          |
|    episodes         | 18756    |
|    fps              | 203      |
|    time_elapsed     | 4482     |
|    total_timesteps  | 1911576  |
| train/              |          |
|    learning_rate    | 0.0001   |
|    loss             | 0.0047   |
|    n_updates        | 475392   |
----------------------------------
----------------------------------
| rollout/            |          |
|    ep_len_mean      | 210      |
|    ep_rew_mean      | -12.5    |
|    exploration_rate | 0.1      |
| time/               |          |
|    episodes         | 18760    |
|    fps              | 203      |
|    time_elapsed     | 4485     |
|    total_timesteps  | 1912313  |
| train/              |          |
|    learning_rate    | 0.0001   |
|    loss             | 0.216    |
|    n_updates        | 475577   |
----------------------------------
----------------------------------
| rollout/            |          |
|    ep_len_mean      | 214      |
|    ep_rew_mean      | -12.9    |
|    exploration_rate | 0.1      |
| time/               |          |
|    episodes         | 18764    |
|    fps              | 203      |
|    time_elapsed     | 4491     |
|    total_timesteps  | 1913536  |
| train/              |          |
|    learning_rate    | 0.0001   |
|    loss             | 0.0177   |
|    n_updates        | 475882   |
----------------------------------
----------------------------------
| rollout/            |          |
|    ep_len_mean      | 212      |
|    ep_rew_mean      | -13.7    |
|    exploration_rate | 0.1      |
| time/               |          |
|    episodes         | 18768    |
|    fps              | 203      |
|    time_elapsed     | 4497     |
|    total_timesteps  | 1914850  |
| train/              |          |
|    learning_rate    | 0.0001   |
|    loss             | 0.627    |
|    n_updates        | 476211   |
----------------------------------
----------------------------------
| rollout/            |          |
|    ep_len_mean      | 233      |
|    ep_rew_mean      | -14.8    |
|    exploration_rate | 0.1      |
| time/               |          |
|    episodes         | 18772    |
|    fps              | 203      |
|    time_elapsed     | 4507     |
|    total_timesteps  | 1917259  |
| train/              |          |
|    learning_rate    | 0.0001   |
|    loss             | 0.00419  |
|    n_updates        | 476813   |
----------------------------------
----------------------------------
| rollout/            |          |
|    ep_len_mean      | 239      |
|    ep_rew_mean      | -14.4    |
|    exploration_rate | 0.1      |
| time/               |          |
|    episodes         | 18776    |
|    fps              | 203      |
|    time_elapsed     | 4513     |
|    total_timesteps  | 1918619  |
| train/              |          |
|    learning_rate    | 0.0001   |
|    loss             | 0.215    |
|    n_updates        | 477153   |
----------------------------------
----------------------------------
| rollout/            |          |
|    ep_len_mean      | 230      |
|    ep_rew_mean      | -14.4    |
|    exploration_rate | 0.1      |
| time/               |          |
|    episodes         | 18780    |
|    fps              | 203      |
|    time_elapsed     | 4516     |
|    total_timesteps  | 1919313  |
| train/              |          |
|    learning_rate    | 0.0001   |
|    loss             | 0.308    |
|    n_updates        | 477327   |
----------------------------------
FruitCounts | {'Fruit': 1, 'DecayFruit': 2, 'EnemyFruit': 3} |
----------------------------------
| rollout/            |          |
|    ep_len_mean      | 241      |
|    ep_rew_mean      | -14.3    |
|    exploration_rate | 0.1      |
| time/               |          |
|    episodes         | 18784    |
|    fps              | 203      |
|    time_elapsed     | 4524     |
|    total_timesteps  | 1921036  |
| train/              |          |
|    learning_rate    | 0.0001   |
|    loss             | 0.0068   |
|    n_updates        | 477757   |
----------------------------------
----------------------------------
| rollout/            |          |
|    ep_len_mean      | 225      |
|    ep_rew_mean      | -13.4    |
|    exploration_rate | 0.1      |
| time/               |          |
|    episodes         | 18788    |
|    fps              | 203      |
|    time_elapsed     | 4527     |
|    total_timesteps  | 1921765  |
| train/              |          |
|    learning_rate    | 0.0001   |
|    loss             | 0.31     |
|    n_updates        | 477940   |
----------------------------------
----------------------------------
| rollout/            |          |
|    ep_len_mean      | 221      |
|    ep_rew_mean      | -13.2    |
|    exploration_rate | 0.1      |
| time/               |          |
|    episodes         | 18792    |
|    fps              | 203      |
|    time_elapsed     | 4530     |
|    total_timesteps  | 1922305  |
| train/              |          |
|    learning_rate    | 0.0001   |
|    loss             | 0.209    |
|    n_updates        | 478075   |
----------------------------------
----------------------------------
| rollout/            |          |
|    ep_len_mean      | 222      |
|    ep_rew_mean      | -12.7    |
|    exploration_rate | 0.1      |
| time/               |          |
|    episodes         | 18796    |
|    fps              | 203      |
|    time_elapsed     | 4533     |
|    total_timesteps  | 1922713  |
| train/              |          |
|    learning_rate    | 0.0001   |
|    loss             | 0.461    |
|    n_updates        | 478177   |
----------------------------------
----------------------------------
| rollout/            |          |
|    ep_len_mean      | 222      |
|    ep_rew_mean      | -12.5    |
|    exploration_rate | 0.1      |
| time/               |          |
|    episodes         | 18800    |
|    fps              | 203      |
|    time_elapsed     | 4538     |
|    total_timesteps  | 1923732  |
| train/              |          |
|    learning_rate    | 0.0001   |
|    loss             | 0.00769  |
|    n_updates        | 478431   |
----------------------------------
----------------------------------
| rollout/            |          |
|    ep_len_mean      | 234      |
|    ep_rew_mean      | -13.1    |
|    exploration_rate | 0.1      |
| time/               |          |
|    episodes         | 18804    |
|    fps              | 203      |
|    time_elapsed     | 4545     |
|    total_timesteps  | 1925584  |
| train/              |          |
|    learning_rate    | 0.0001   |
|    loss             | 0.229    |
|    n_updates        | 478894   |
----------------------------------
----------------------------------
| rollout/            |          |
|    ep_len_mean      | 231      |
|    ep_rew_mean      | -13      |
|    exploration_rate | 0.1      |
| time/               |          |
|    episodes         | 18808    |
|    fps              | 203      |
|    time_elapsed     | 4548     |
|    total_timesteps  | 1926075  |
| train/              |          |
|    learning_rate    | 0.0001   |
|    loss             | 0.00676  |
|    n_updates        | 479017   |
----------------------------------
----------------------------------
| rollout/            |          |
|    ep_len_mean      | 240      |
|    ep_rew_mean      | -13.5    |
|    exploration_rate | 0.1      |
| time/               |          |
|    episodes         | 18812    |
|    fps              | 203      |
|    time_elapsed     | 4554     |
|    total_timesteps  | 1927510  |
| train/              |          |
|    learning_rate    | 0.0001   |
|    loss             | 0.225    |
|    n_updates        | 479376   |
----------------------------------
----------------------------------
| rollout/            |          |
|    ep_len_mean      | 241      |
|    ep_rew_mean      | -12.8    |
|    exploration_rate | 0.1      |
| time/               |          |
|    episodes         | 18816    |
|    fps              | 203      |
|    time_elapsed     | 4560     |
|    total_timesteps  | 1928704  |
| train/              |          |
|    learning_rate    | 0.0001   |
|    loss             | 0.475    |
|    n_updates        | 479674   |
----------------------------------
----------------------------------
| rollout/            |          |
|    ep_len_mean      | 239      |
|    ep_rew_mean      | -13.2    |
|    exploration_rate | 0.1      |
| time/               |          |
|    episodes         | 18820    |
|    fps              | 203      |
|    time_elapsed     | 4563     |
|    total_timesteps  | 1929149  |
| train/              |          |
|    learning_rate    | 0.0001   |
|    loss             | 0.542    |
|    n_updates        | 479786   |
----------------------------------
FruitCounts | {'Fruit': 1, 'DecayFruit': 0, 'EnemyFruit': 3} |
----------------------------------
| rollout/            |          |
|    ep_len_mean      | 247      |
|    ep_rew_mean      | -12.6    |
|    exploration_rate | 0.1      |
| time/               |          |
|    episodes         | 18824    |
|    fps              | 203      |
|    time_elapsed     | 4570     |
|    total_timesteps  | 1930525  |
| train/              |          |
|    learning_rate    | 0.0001   |
|    loss             | 0.0137   |
|    n_updates        | 480130   |
----------------------------------
----------------------------------
| rollout/            |          |
|    ep_len_mean      | 244      |
|    ep_rew_mean      | -13.2    |
|    exploration_rate | 0.1      |
| time/               |          |
|    episodes         | 18828    |
|    fps              | 203      |
|    time_elapsed     | 4574     |
|    total_timesteps  | 1931397  |
| train/              |          |
|    learning_rate    | 0.0001   |
|    loss             | 0.00433  |
|    n_updates        | 480348   |
----------------------------------
----------------------------------
| rollout/            |          |
|    ep_len_mean      | 249      |
|    ep_rew_mean      | -12.8    |
|    exploration_rate | 0.1      |
| time/               |          |
|    episodes         | 18832    |
|    fps              | 203      |
|    time_elapsed     | 4579     |
|    total_timesteps  | 1932557  |
| train/              |          |
|    learning_rate    | 0.0001   |
|    loss             | 0.0069   |
|    n_updates        | 480638   |
----------------------------------
----------------------------------
| rollout/            |          |
|    ep_len_mean      | 247      |
|    ep_rew_mean      | -12.3    |
|    exploration_rate | 0.1      |
| time/               |          |
|    episodes         | 18836    |
|    fps              | 203      |
|    time_elapsed     | 4581     |
|    total_timesteps  | 1932692  |
| train/              |          |
|    learning_rate    | 0.0001   |
|    loss             | 0.439    |
|    n_updates        | 480671   |
----------------------------------
----------------------------------
| rollout/            |          |
|    ep_len_mean      | 255      |
|    ep_rew_mean      | -12.8    |
|    exploration_rate | 0.1      |
| time/               |          |
|    episodes         | 18840    |
|    fps              | 203      |
|    time_elapsed     | 4585     |
|    total_timesteps  | 1933637  |
| train/              |          |
|    learning_rate    | 0.0001   |
|    loss             | 0.234    |
|    n_updates        | 480908   |
----------------------------------
----------------------------------
| rollout/            |          |
|    ep_len_mean      | 254      |
|    ep_rew_mean      | -13.2    |
|    exploration_rate | 0.1      |
| time/               |          |
|    episodes         | 18844    |
|    fps              | 203      |
|    time_elapsed     | 4588     |
|    total_timesteps  | 1934067  |
| train/              |          |
|    learning_rate    | 0.0001   |
|    loss             | 0.00754  |
|    n_updates        | 481015   |
----------------------------------
----------------------------------
| rollout/            |          |
|    ep_len_mean      | 257      |
|    ep_rew_mean      | -12.4    |
|    exploration_rate | 0.1      |
| time/               |          |
|    episodes         | 18848    |
|    fps              | 203      |
|    time_elapsed     | 4592     |
|    total_timesteps  | 1934633  |
| train/              |          |
|    learning_rate    | 0.0001   |
|    loss             | 0.659    |
|    n_updates        | 481157   |
----------------------------------
----------------------------------
| rollout/            |          |
|    ep_len_mean      | 248      |
|    ep_rew_mean      | -13.2    |
|    exploration_rate | 0.1      |
| time/               |          |
|    episodes         | 18852    |
|    fps              | 203      |
|    time_elapsed     | 4595     |
|    total_timesteps  | 1935138  |
| train/              |          |
|    learning_rate    | 0.0001   |
|    loss             | 0.922    |
|    n_updates        | 481283   |
----------------------------------
----------------------------------
| rollout/            |          |
|    ep_len_mean      | 241      |
|    ep_rew_mean      | -13.6    |
|    exploration_rate | 0.1      |
| time/               |          |
|    episodes         | 18856    |
|    fps              | 203      |
|    time_elapsed     | 4598     |
|    total_timesteps  | 1935708  |
| train/              |          |
|    learning_rate    | 0.0001   |
|    loss             | 0.00398  |
|    n_updates        | 481425   |
----------------------------------
----------------------------------
| rollout/            |          |
|    ep_len_mean      | 242      |
|    ep_rew_mean      | -14.1    |
|    exploration_rate | 0.1      |
| time/               |          |
|    episodes         | 18860    |
|    fps              | 203      |
|    time_elapsed     | 4602     |
|    total_timesteps  | 1936549  |
| train/              |          |
|    learning_rate    | 0.0001   |
|    loss             | 0.21     |
|    n_updates        | 481636   |
----------------------------------
----------------------------------
| rollout/            |          |
|    ep_len_mean      | 238      |
|    ep_rew_mean      | -13.4    |
|    exploration_rate | 0.1      |
| time/               |          |
|    episodes         | 18864    |
|    fps              | 203      |
|    time_elapsed     | 4606     |
|    total_timesteps  | 1937294  |
| train/              |          |
|    learning_rate    | 0.0001   |
|    loss             | 0.229    |
|    n_updates        | 481822   |
----------------------------------
----------------------------------
| rollout/            |          |
|    ep_len_mean      | 235      |
|    ep_rew_mean      | -12      |
|    exploration_rate | 0.1      |
| time/               |          |
|    episodes         | 18868    |
|    fps              | 203      |
|    time_elapsed     | 4611     |
|    total_timesteps  | 1938339  |
| train/              |          |
|    learning_rate    | 0.0001   |
|    loss             | 0.308    |
|    n_updates        | 482083   |
----------------------------------
----------------------------------
| rollout/            |          |
|    ep_len_mean      | 216      |
|    ep_rew_mean      | -11.1    |
|    exploration_rate | 0.1      |
| time/               |          |
|    episodes         | 18872    |
|    fps              | 203      |
|    time_elapsed     | 4614     |
|    total_timesteps  | 1938907  |
| train/              |          |
|    learning_rate    | 0.0001   |
|    loss             | 0.0216   |
|    n_updates        | 482225   |
----------------------------------
FruitCounts | {'Fruit': 0, 'DecayFruit': 0, 'EnemyFruit': 2} |
----------------------------------
| rollout/            |          |
|    ep_len_mean      | 217      |
|    ep_rew_mean      | -12.4    |
|    exploration_rate | 0.1      |
| time/               |          |
|    episodes         | 18876    |
|    fps              | 203      |
|    time_elapsed     | 4620     |
|    total_timesteps  | 1940305  |
| train/              |          |
|    learning_rate    | 0.0001   |
|    loss             | 0.00613  |
|    n_updates        | 482575   |
----------------------------------
----------------------------------
| rollout/            |          |
|    ep_len_mean      | 224      |
|    ep_rew_mean      | -11.4    |
|    exploration_rate | 0.1      |
| time/               |          |
|    episodes         | 18880    |
|    fps              | 203      |
|    time_elapsed     | 4627     |
|    total_timesteps  | 1941737  |
| train/              |          |
|    learning_rate    | 0.0001   |
|    loss             | 0.518    |
|    n_updates        | 482933   |
----------------------------------
----------------------------------
| rollout/            |          |
|    ep_len_mean      | 212      |
|    ep_rew_mean      | -11.3    |
|    exploration_rate | 0.1      |
| time/               |          |
|    episodes         | 18884    |
|    fps              | 203      |
|    time_elapsed     | 4630     |
|    total_timesteps  | 1942281  |
| train/              |          |
|    learning_rate    | 0.0001   |
|    loss             | 0.00711  |
|    n_updates        | 483069   |
----------------------------------
----------------------------------
| rollout/            |          |
|    ep_len_mean      | 214      |
|    ep_rew_mean      | -11.4    |
|    exploration_rate | 0.1      |
| time/               |          |
|    episodes         | 18888    |
|    fps              | 203      |
|    time_elapsed     | 4634     |
|    total_timesteps  | 1943154  |
| train/              |          |
|    learning_rate    | 0.0001   |
|    loss             | 0.231    |
|    n_updates        | 483287   |
----------------------------------
----------------------------------
| rollout/            |          |
|    ep_len_mean      | 217      |
|    ep_rew_mean      | -11.2    |
|    exploration_rate | 0.1      |
| time/               |          |
|    episodes         | 18892    |
|    fps              | 203      |
|    time_elapsed     | 4638     |
|    total_timesteps  | 1943996  |
| train/              |          |
|    learning_rate    | 0.0001   |
|    loss             | 0.31     |
|    n_updates        | 483497   |
----------------------------------
----------------------------------
| rollout/            |          |
|    ep_len_mean      | 219      |
|    ep_rew_mean      | -12.2    |
|    exploration_rate | 0.1      |
| time/               |          |
|    episodes         | 18896    |
|    fps              | 203      |
|    time_elapsed     | 4641     |
|    total_timesteps  | 1944606  |
| train/              |          |
|    learning_rate    | 0.0001   |
|    loss             | 0.00409  |
|    n_updates        | 483650   |
----------------------------------
----------------------------------
| rollout/            |          |
|    ep_len_mean      | 238      |
|    ep_rew_mean      | -12.5    |
|    exploration_rate | 0.1      |
| time/               |          |
|    episodes         | 18900    |
|    fps              | 203      |
|    time_elapsed     | 4653     |
|    total_timesteps  | 1947519  |
| train/              |          |
|    learning_rate    | 0.0001   |
|    loss             | 0.234    |
|    n_updates        | 484378   |
----------------------------------
----------------------------------
| rollout/            |          |
|    ep_len_mean      | 230      |
|    ep_rew_mean      | -12.8    |
|    exploration_rate | 0.1      |
| time/               |          |
|    episodes         | 18904    |
|    fps              | 203      |
|    time_elapsed     | 4658     |
|    total_timesteps  | 1948582  |
| train/              |          |
|    learning_rate    | 0.0001   |
|    loss             | 0.818    |
|    n_updates        | 484644   |
----------------------------------
----------------------------------
| rollout/            |          |
|    ep_len_mean      | 234      |
|    ep_rew_mean      | -12.4    |
|    exploration_rate | 0.1      |
| time/               |          |
|    episodes         | 18908    |
|    fps              | 203      |
|    time_elapsed     | 4663     |
|    total_timesteps  | 1949484  |
| train/              |          |
|    learning_rate    | 0.0001   |
|    loss             | 0.309    |
|    n_updates        | 484869   |
----------------------------------
FruitCounts | {'Fruit': 0, 'DecayFruit': 0, 'EnemyFruit': 0} |
----------------------------------
| rollout/            |          |
|    ep_len_mean      | 232      |
|    ep_rew_mean      | -12.1    |
|    exploration_rate | 0.1      |
| time/               |          |
|    episodes         | 18912    |
|    fps              | 203      |
|    time_elapsed     | 4669     |
|    total_timesteps  | 1950758  |
| train/              |          |
|    learning_rate    | 0.0001   |
|    loss             | 0.00376  |
|    n_updates        | 485188   |
----------------------------------
----------------------------------
| rollout/            |          |
|    ep_len_mean      | 232      |
|    ep_rew_mean      | -11.7    |
|    exploration_rate | 0.1      |
| time/               |          |
|    episodes         | 18916    |
|    fps              | 203      |
|    time_elapsed     | 4674     |
|    total_timesteps  | 1951862  |
| train/              |          |
|    learning_rate    | 0.0001   |
|    loss             | 0.00332  |
|    n_updates        | 485464   |
----------------------------------
----------------------------------
| rollout/            |          |
|    ep_len_mean      | 233      |
|    ep_rew_mean      | -11.1    |
|    exploration_rate | 0.1      |
| time/               |          |
|    episodes         | 18920    |
|    fps              | 203      |
|    time_elapsed     | 4677     |
|    total_timesteps  | 1952419  |
| train/              |          |
|    learning_rate    | 0.0001   |
|    loss             | 0.243    |
|    n_updates        | 485603   |
----------------------------------
----------------------------------
| rollout/            |          |
|    ep_len_mean      | 228      |
|    ep_rew_mean      | -11.1    |
|    exploration_rate | 0.1      |
| time/               |          |
|    episodes         | 18924    |
|    fps              | 203      |
|    time_elapsed     | 4682     |
|    total_timesteps  | 1953351  |
| train/              |          |
|    learning_rate    | 0.0001   |
|    loss             | 0.0226   |
|    n_updates        | 485836   |
----------------------------------
----------------------------------
| rollout/            |          |
|    ep_len_mean      | 229      |
|    ep_rew_mean      | -10.6    |
|    exploration_rate | 0.1      |
| time/               |          |
|    episodes         | 18928    |
|    fps              | 203      |
|    time_elapsed     | 4686     |
|    total_timesteps  | 1954344  |
| train/              |          |
|    learning_rate    | 0.0001   |
|    loss             | 0.768    |
|    n_updates        | 486084   |
----------------------------------
----------------------------------
| rollout/            |          |
|    ep_len_mean      | 231      |
|    ep_rew_mean      | -10.7    |
|    exploration_rate | 0.1      |
| time/               |          |
|    episodes         | 18932    |
|    fps              | 203      |
|    time_elapsed     | 4692     |
|    total_timesteps  | 1955634  |
| train/              |          |
|    learning_rate    | 0.0001   |
|    loss             | 0.207    |
|    n_updates        | 486407   |
----------------------------------
----------------------------------
| rollout/            |          |
|    ep_len_mean      | 235      |
|    ep_rew_mean      | -11.1    |
|    exploration_rate | 0.1      |
| time/               |          |
|    episodes         | 18936    |
|    fps              | 203      |
|    time_elapsed     | 4695     |
|    total_timesteps  | 1956191  |
| train/              |          |
|    learning_rate    | 0.0001   |
|    loss             | 0.00321  |
|    n_updates        | 486546   |
----------------------------------
----------------------------------
| rollout/            |          |
|    ep_len_mean      | 231      |
|    ep_rew_mean      | -10.2    |
|    exploration_rate | 0.1      |
| time/               |          |
|    episodes         | 18940    |
|    fps              | 203      |
|    time_elapsed     | 4698     |
|    total_timesteps  | 1956699  |
| train/              |          |
|    learning_rate    | 0.0001   |
|    loss             | 0.466    |
|    n_updates        | 486673   |
----------------------------------
----------------------------------
| rollout/            |          |
|    ep_len_mean      | 243      |
|    ep_rew_mean      | -10.1    |
|    exploration_rate | 0.1      |
| time/               |          |
|    episodes         | 18944    |
|    fps              | 203      |
|    time_elapsed     | 4706     |
|    total_timesteps  | 1958415  |
| train/              |          |
|    learning_rate    | 0.0001   |
|    loss             | 0.00447  |
|    n_updates        | 487102   |
----------------------------------
----------------------------------
| rollout/            |          |
|    ep_len_mean      | 244      |
|    ep_rew_mean      | -11.7    |
|    exploration_rate | 0.1      |
| time/               |          |
|    episodes         | 18948    |
|    fps              | 203      |
|    time_elapsed     | 4710     |
|    total_timesteps  | 1959025  |
| train/              |          |
|    learning_rate    | 0.0001   |
|    loss             | 0.00448  |
|    n_updates        | 487255   |
----------------------------------
----------------------------------
| rollout/            |          |
|    ep_len_mean      | 248      |
|    ep_rew_mean      | -12.2    |
|    exploration_rate | 0.1      |
| time/               |          |
|    episodes         | 18952    |
|    fps              | 203      |
|    time_elapsed     | 4714     |
|    total_timesteps  | 1959908  |
| train/              |          |
|    learning_rate    | 0.0001   |
|    loss             | 0.519    |
|    n_updates        | 487475   |
----------------------------------
FruitCounts | {'Fruit': 0, 'DecayFruit': 0, 'EnemyFruit': 0} |
----------------------------------
| rollout/            |          |
|    ep_len_mean      | 260      |
|    ep_rew_mean      | -12.1    |
|    exploration_rate | 0.1      |
| time/               |          |
|    episodes         | 18956    |
|    fps              | 203      |
|    time_elapsed     | 4722     |
|    total_timesteps  | 1961665  |
| train/              |          |
|    learning_rate    | 0.0001   |
|    loss             | 0.233    |
|    n_updates        | 487915   |
----------------------------------
----------------------------------
| rollout/            |          |
|    ep_len_mean      | 254      |
|    ep_rew_mean      | -11.8    |
|    exploration_rate | 0.1      |
| time/               |          |
|    episodes         | 18960    |
|    fps              | 203      |
|    time_elapsed     | 4724     |
|    total_timesteps  | 1961922  |
| train/              |          |
|    learning_rate    | 0.0001   |
|    loss             | 0.00482  |
|    n_updates        | 487979   |
----------------------------------
----------------------------------
| rollout/            |          |
|    ep_len_mean      | 248      |
|    ep_rew_mean      | -12      |
|    exploration_rate | 0.1      |
| time/               |          |
|    episodes         | 18964    |
|    fps              | 203      |
|    time_elapsed     | 4726     |
|    total_timesteps  | 1962104  |
| train/              |          |
|    learning_rate    | 0.0001   |
|    loss             | 0.231    |
|    n_updates        | 488024   |
----------------------------------
----------------------------------
| rollout/            |          |
|    ep_len_mean      | 253      |
|    ep_rew_mean      | -13.1    |
|    exploration_rate | 0.1      |
| time/               |          |
|    episodes         | 18968    |
|    fps              | 203      |
|    time_elapsed     | 4732     |
|    total_timesteps  | 1963623  |
| train/              |          |
|    learning_rate    | 0.0001   |
|    loss             | 0.521    |
|    n_updates        | 488404   |
----------------------------------
----------------------------------
| rollout/            |          |
|    ep_len_mean      | 254      |
|    ep_rew_mean      | -12.9    |
|    exploration_rate | 0.1      |
| time/               |          |
|    episodes         | 18972    |
|    fps              | 203      |
|    time_elapsed     | 4735     |
|    total_timesteps  | 1964259  |
| train/              |          |
|    learning_rate    | 0.0001   |
|    loss             | 0.313    |
|    n_updates        | 488563   |
----------------------------------
----------------------------------
| rollout/            |          |
|    ep_len_mean      | 251      |
|    ep_rew_mean      | -12.1    |
|    exploration_rate | 0.1      |
| time/               |          |
|    episodes         | 18976    |
|    fps              | 203      |
|    time_elapsed     | 4741     |
|    total_timesteps  | 1965367  |
| train/              |          |
|    learning_rate    | 0.0001   |
|    loss             | 0.00358  |
|    n_updates        | 488840   |
----------------------------------
----------------------------------
| rollout/            |          |
|    ep_len_mean      | 243      |
|    ep_rew_mean      | -12.9    |
|    exploration_rate | 0.1      |
| time/               |          |
|    episodes         | 18980    |
|    fps              | 203      |
|    time_elapsed     | 4744     |
|    total_timesteps  | 1966008  |
| train/              |          |
|    learning_rate    | 0.0001   |
|    loss             | 0.513    |
|    n_updates        | 489000   |
----------------------------------
----------------------------------
| rollout/            |          |
|    ep_len_mean      | 241      |
|    ep_rew_mean      | -12.5    |
|    exploration_rate | 0.1      |
| time/               |          |
|    episodes         | 18984    |
|    fps              | 203      |
|    time_elapsed     | 4747     |
|    total_timesteps  | 1966390  |
| train/              |          |
|    learning_rate    | 0.0001   |
|    loss             | 0.0252   |
|    n_updates        | 489096   |
----------------------------------
----------------------------------
| rollout/            |          |
|    ep_len_mean      | 249      |
|    ep_rew_mean      | -12.5    |
|    exploration_rate | 0.1      |
| time/               |          |
|    episodes         | 18988    |
|    fps              | 203      |
|    time_elapsed     | 4754     |
|    total_timesteps  | 1968088  |
| train/              |          |
|    learning_rate    | 0.0001   |
|    loss             | 0.00366  |
|    n_updates        | 489520   |
----------------------------------
----------------------------------
| rollout/            |          |
|    ep_len_mean      | 250      |
|    ep_rew_mean      | -12.1    |
|    exploration_rate | 0.1      |
| time/               |          |
|    episodes         | 18992    |
|    fps              | 203      |
|    time_elapsed     | 4758     |
|    total_timesteps  | 1968985  |
| train/              |          |
|    learning_rate    | 0.0001   |
|    loss             | 0.00772  |
|    n_updates        | 489745   |
----------------------------------
----------------------------------
| rollout/            |          |
|    ep_len_mean      | 250      |
|    ep_rew_mean      | -11.4    |
|    exploration_rate | 0.1      |
| time/               |          |
|    episodes         | 18996    |
|    fps              | 203      |
|    time_elapsed     | 4762     |
|    total_timesteps  | 1969611  |
| train/              |          |
|    learning_rate    | 0.0001   |
|    loss             | 0.0185   |
|    n_updates        | 489901   |
----------------------------------
FruitCounts | {'Fruit': 0, 'DecayFruit': 1, 'EnemyFruit': 3} |
----------------------------------
| rollout/            |          |
|    ep_len_mean      | 227      |
|    ep_rew_mean      | -11.1    |
|    exploration_rate | 0.1      |
| time/               |          |
|    episodes         | 19000    |
|    fps              | 203      |
|    time_elapsed     | 4765     |
|    total_timesteps  | 1970175  |
| train/              |          |
|    learning_rate    | 0.0001   |
|    loss             | 0.442    |
|    n_updates        | 490042   |
----------------------------------
----------------------------------
| rollout/            |          |
|    ep_len_mean      | 218      |
|    ep_rew_mean      | -10.8    |
|    exploration_rate | 0.1      |
| time/               |          |
|    episodes         | 19004    |
|    fps              | 203      |
|    time_elapsed     | 4766     |
|    total_timesteps  | 1970388  |
| train/              |          |
|    learning_rate    | 0.0001   |
|    loss             | 0.772    |
|    n_updates        | 490095   |
----------------------------------
----------------------------------
| rollout/            |          |
|    ep_len_mean      | 225      |
|    ep_rew_mean      | -11.8    |
|    exploration_rate | 0.1      |
| time/               |          |
|    episodes         | 19008    |
|    fps              | 203      |
|    time_elapsed     | 4774     |
|    total_timesteps  | 1971993  |
| train/              |          |
|    learning_rate    | 0.0001   |
|    loss             | 0.612    |
|    n_updates        | 490497   |
----------------------------------
----------------------------------
| rollout/            |          |
|    ep_len_mean      | 226      |
|    ep_rew_mean      | -10.7    |
|    exploration_rate | 0.1      |
| time/               |          |
|    episodes         | 19012    |
|    fps              | 203      |
|    time_elapsed     | 4780     |
|    total_timesteps  | 1973406  |
| train/              |          |
|    learning_rate    | 0.0001   |
|    loss             | 0.00909  |
|    n_updates        | 490850   |
----------------------------------
----------------------------------
| rollout/            |          |
|    ep_len_mean      | 221      |
|    ep_rew_mean      | -10.9    |
|    exploration_rate | 0.1      |
| time/               |          |
|    episodes         | 19016    |
|    fps              | 203      |
|    time_elapsed     | 4783     |
|    total_timesteps  | 1973933  |
| train/              |          |
|    learning_rate    | 0.0001   |
|    loss             | 0.00786  |
|    n_updates        | 490982   |
----------------------------------
----------------------------------
| rollout/            |          |
|    ep_len_mean      | 227      |
|    ep_rew_mean      | -11.9    |
|    exploration_rate | 0.1      |
| time/               |          |
|    episodes         | 19020    |
|    fps              | 203      |
|    time_elapsed     | 4789     |
|    total_timesteps  | 1975152  |
| train/              |          |
|    learning_rate    | 0.0001   |
|    loss             | 0.00464  |
|    n_updates        | 491286   |
----------------------------------
----------------------------------
| rollout/            |          |
|    ep_len_mean      | 231      |
|    ep_rew_mean      | -13.1    |
|    exploration_rate | 0.1      |
| time/               |          |
|    episodes         | 19024    |
|    fps              | 203      |
|    time_elapsed     | 4795     |
|    total_timesteps  | 1976458  |
| train/              |          |
|    learning_rate    | 0.0001   |
|    loss             | 0.0474   |
|    n_updates        | 491613   |
----------------------------------
----------------------------------
| rollout/            |          |
|    ep_len_mean      | 234      |
|    ep_rew_mean      | -13.3    |
|    exploration_rate | 0.1      |
| time/               |          |
|    episodes         | 19028    |
|    fps              | 203      |
|    time_elapsed     | 4801     |
|    total_timesteps  | 1977730  |
| train/              |          |
|    learning_rate    | 0.0001   |
|    loss             | 0.00389  |
|    n_updates        | 491931   |
----------------------------------
----------------------------------
| rollout/            |          |
|    ep_len_mean      | 232      |
|    ep_rew_mean      | -13.8    |
|    exploration_rate | 0.1      |
| time/               |          |
|    episodes         | 19032    |
|    fps              | 203      |
|    time_elapsed     | 4806     |
|    total_timesteps  | 1978872  |
| train/              |          |
|    learning_rate    | 0.0001   |
|    loss             | 0.062    |
|    n_updates        | 492216   |
----------------------------------
----------------------------------
| rollout/            |          |
|    ep_len_mean      | 233      |
|    ep_rew_mean      | -13.6    |
|    exploration_rate | 0.1      |
| time/               |          |
|    episodes         | 19036    |
|    fps              | 203      |
|    time_elapsed     | 4810     |
|    total_timesteps  | 1979528  |
| train/              |          |
|    learning_rate    | 0.0001   |
|    loss             | 0.00779  |
|    n_updates        | 492380   |
----------------------------------
FruitCounts | {'Fruit': 0, 'DecayFruit': 0, 'EnemyFruit': 0} |
----------------------------------
| rollout/            |          |
|    ep_len_mean      | 233      |
|    ep_rew_mean      | -13.9    |
|    exploration_rate | 0.1      |
| time/               |          |
|    episodes         | 19040    |
|    fps              | 203      |
|    time_elapsed     | 4813     |
|    total_timesteps  | 1980015  |
| train/              |          |
|    learning_rate    | 0.0001   |
|    loss             | 0.00571  |
|    n_updates        | 492502   |
----------------------------------
----------------------------------
| rollout/            |          |
|    ep_len_mean      | 223      |
|    ep_rew_mean      | -14.7    |
|    exploration_rate | 0.1      |
| time/               |          |
|    episodes         | 19044    |
|    fps              | 203      |
|    time_elapsed     | 4817     |
|    total_timesteps  | 1980751  |
| train/              |          |
|    learning_rate    | 0.0001   |
|    loss             | 0.00418  |
|    n_updates        | 492686   |
----------------------------------
----------------------------------
| rollout/            |          |
|    ep_len_mean      | 225      |
|    ep_rew_mean      | -14.4    |
|    exploration_rate | 0.1      |
| time/               |          |
|    episodes         | 19048    |
|    fps              | 203      |
|    time_elapsed     | 4820     |
|    total_timesteps  | 1981542  |
| train/              |          |
|    learning_rate    | 0.0001   |
|    loss             | 0.442    |
|    n_updates        | 492884   |
----------------------------------
----------------------------------
| rollout/            |          |
|    ep_len_mean      | 224      |
|    ep_rew_mean      | -13.6    |
|    exploration_rate | 0.1      |
| time/               |          |
|    episodes         | 19052    |
|    fps              | 203      |
|    time_elapsed     | 4824     |
|    total_timesteps  | 1982328  |
| train/              |          |
|    learning_rate    | 0.0001   |
|    loss             | 0.229    |
|    n_updates        | 493080   |
----------------------------------
----------------------------------
| rollout/            |          |
|    ep_len_mean      | 224      |
|    ep_rew_mean      | -13.9    |
|    exploration_rate | 0.1      |
| time/               |          |
|    episodes         | 19056    |
|    fps              | 203      |
|    time_elapsed     | 4831     |
|    total_timesteps  | 1984070  |
| train/              |          |
|    learning_rate    | 0.0001   |
|    loss             | 0.213    |
|    n_updates        | 493516   |
----------------------------------
----------------------------------
| rollout/            |          |
|    ep_len_mean      | 242      |
|    ep_rew_mean      | -13.5    |
|    exploration_rate | 0.1      |
| time/               |          |
|    episodes         | 19060    |
|    fps              | 203      |
|    time_elapsed     | 4839     |
|    total_timesteps  | 1986108  |
| train/              |          |
|    learning_rate    | 0.0001   |
|    loss             | 0.458    |
|    n_updates        | 494025   |
----------------------------------
----------------------------------
| rollout/            |          |
|    ep_len_mean      | 250      |
|    ep_rew_mean      | -13.7    |
|    exploration_rate | 0.1      |
| time/               |          |
|    episodes         | 19064    |
|    fps              | 203      |
|    time_elapsed     | 4844     |
|    total_timesteps  | 1987084  |
| train/              |          |
|    learning_rate    | 0.0001   |
|    loss             | 0.308    |
|    n_updates        | 494269   |
----------------------------------
----------------------------------
| rollout/            |          |
|    ep_len_mean      | 244      |
|    ep_rew_mean      | -13.9    |
|    exploration_rate | 0.1      |
| time/               |          |
|    episodes         | 19068    |
|    fps              | 203      |
|    time_elapsed     | 4848     |
|    total_timesteps  | 1987984  |
| train/              |          |
|    learning_rate    | 0.0001   |
|    loss             | 0.229    |
|    n_updates        | 494494   |
----------------------------------
----------------------------------
| rollout/            |          |
|    ep_len_mean      | 242      |
|    ep_rew_mean      | -13.8    |
|    exploration_rate | 0.1      |
| time/               |          |
|    episodes         | 19072    |
|    fps              | 203      |
|    time_elapsed     | 4851     |
|    total_timesteps  | 1988508  |
| train/              |          |
|    learning_rate    | 0.0001   |
|    loss             | 0.231    |
|    n_updates        | 494625   |
----------------------------------
----------------------------------
| rollout/            |          |
|    ep_len_mean      | 240      |
|    ep_rew_mean      | -14.7    |
|    exploration_rate | 0.1      |
| time/               |          |
|    episodes         | 19076    |
|    fps              | 203      |
|    time_elapsed     | 4856     |
|    total_timesteps  | 1989403  |
| train/              |          |
|    learning_rate    | 0.0001   |
|    loss             | 0.308    |
|    n_updates        | 494849   |
----------------------------------
FruitCounts | {'Fruit': 0, 'DecayFruit': 0, 'EnemyFruit': 0} |
----------------------------------
| rollout/            |          |
|    ep_len_mean      | 241      |
|    ep_rew_mean      | -14.2    |
|    exploration_rate | 0.1      |
| time/               |          |
|    episodes         | 19080    |
|    fps              | 203      |
|    time_elapsed     | 4859     |
|    total_timesteps  | 1990131  |
| train/              |          |
|    learning_rate    | 0.0001   |
|    loss             | 0.218    |
|    n_updates        | 495031   |
----------------------------------
----------------------------------
| rollout/            |          |
|    ep_len_mean      | 254      |
|    ep_rew_mean      | -14.4    |
|    exploration_rate | 0.1      |
| time/               |          |
|    episodes         | 19084    |
|    fps              | 203      |
|    time_elapsed     | 4867     |
|    total_timesteps  | 1991824  |
| train/              |          |
|    learning_rate    | 0.0001   |
|    loss             | 0.00345  |
|    n_updates        | 495454   |
----------------------------------
----------------------------------
| rollout/            |          |
|    ep_len_mean      | 252      |
|    ep_rew_mean      | -14.6    |
|    exploration_rate | 0.1      |
| time/               |          |
|    episodes         | 19088    |
|    fps              | 203      |
|    time_elapsed     | 4873     |
|    total_timesteps  | 1993323  |
| train/              |          |
|    learning_rate    | 0.0001   |
|    loss             | 0.307    |
|    n_updates        | 495829   |
----------------------------------
----------------------------------
| rollout/            |          |
|    ep_len_mean      | 251      |
|    ep_rew_mean      | -14.8    |
|    exploration_rate | 0.1      |
| time/               |          |
|    episodes         | 19092    |
|    fps              | 203      |
|    time_elapsed     | 4877     |
|    total_timesteps  | 1994089  |
| train/              |          |
|    learning_rate    | 0.0001   |
|    loss             | 0.00511  |
|    n_updates        | 496021   |
----------------------------------
----------------------------------
| rollout/            |          |
|    ep_len_mean      | 258      |
|    ep_rew_mean      | -14.7    |
|    exploration_rate | 0.1      |
| time/               |          |
|    episodes         | 19096    |
|    fps              | 203      |
|    time_elapsed     | 4883     |
|    total_timesteps  | 1995429  |
| train/              |          |
|    learning_rate    | 0.0001   |
|    loss             | 0.451    |
|    n_updates        | 496356   |
----------------------------------
----------------------------------
| rollout/            |          |
|    ep_len_mean      | 264      |
|    ep_rew_mean      | -15      |
|    exploration_rate | 0.1      |
| time/               |          |
|    episodes         | 19100    |
|    fps              | 203      |
|    time_elapsed     | 4889     |
|    total_timesteps  | 1996590  |
| train/              |          |
|    learning_rate    | 0.0001   |
|    loss             | 0.488    |
|    n_updates        | 496646   |
----------------------------------
----------------------------------
| rollout/            |          |
|    ep_len_mean      | 277      |
|    ep_rew_mean      | -15.3    |
|    exploration_rate | 0.1      |
| time/               |          |
|    episodes         | 19104    |
|    fps              | 203      |
|    time_elapsed     | 4895     |
|    total_timesteps  | 1998108  |
| train/              |          |
|    learning_rate    | 0.0001   |
|    loss             | 0.229    |
|    n_updates        | 497025   |
----------------------------------
----------------------------------
| rollout/            |          |
|    ep_len_mean      | 263      |
|    ep_rew_mean      | -14.5    |
|    exploration_rate | 0.1      |
| time/               |          |
|    episodes         | 19108    |
|    fps              | 203      |
|    time_elapsed     | 4897     |
|    total_timesteps  | 1998261  |
| train/              |          |
|    learning_rate    | 0.0001   |
|    loss             | 0.00343  |
|    n_updates        | 497064   |
----------------------------------
----------------------------------
| rollout/            |          |
|    ep_len_mean      | 254      |
|    ep_rew_mean      | -15.2    |
|    exploration_rate | 0.1      |
| time/               |          |
|    episodes         | 19112    |
|    fps              | 203      |
|    time_elapsed     | 4900     |
|    total_timesteps  | 1998828  |
| train/              |          |
|    learning_rate    | 0.0001   |
|    loss             | 0.00427  |
|    n_updates        | 497205   |
----------------------------------
FruitCounts | {'Fruit': 1, 'DecayFruit': 1, 'EnemyFruit': 6} |
Average Reward: -11.34
Average Episode Length: 231.4
