rm: cannot remove 'snake-agent': No such file or directory
/data/class/cs175/sdzhigne/.conda/envs/rl/lib/python3.11/site-packages/pygame/pkgdata.py:25: UserWarning: pkg_resources is deprecated as an API. See https://setuptools.pypa.io/en/latest/pkg_resources.html. The pkg_resources package is slated for removal as early as 2025-11-30. Refrain from using this package or pin to Setuptools<81.
  from pkg_resources import resource_stream, resource_exists
2026-03-07 21:40:42.149788: I tensorflow/core/platform/cpu_feature_guard.cc:210] This TensorFlow binary is optimized to use available CPU instructions in performance-critical operations.
To enable the following instructions: AVX2 AVX512F FMA, in other operations, rebuild TensorFlow with the appropriate compiler flags.
Failed to create secure directory (/run/user/2173138/pulse): No such file or directory
No checkpoints found. Starting fresh training.
Using cuda device
Wrapping the env with a `Monitor` wrapper
Wrapping the env in a DummyVecEnv.
FruitCounts | {'Fruit': 0, 'DecayFruit': 0, 'EnemyFruit': 0} |
---------------------------------
| rollout/           |          |
|    ep_len_mean     | 23.8     |
|    ep_rew_mean     | -10.3    |
| time/              |          |
|    fps             | 69       |
|    iterations      | 1        |
|    time_elapsed    | 29       |
|    total_timesteps | 2048     |
---------------------------------
FruitCounts | {'Fruit': 0, 'DecayFruit': 0, 'EnemyFruit': 0} |
-----------------------------------------
| rollout/                |             |
|    ep_len_mean          | 22.7        |
|    ep_rew_mean          | -10.8       |
| time/                   |             |
|    fps                  | 68          |
|    iterations           | 2           |
|    time_elapsed         | 59          |
|    total_timesteps      | 4096        |
| train/                  |             |
|    approx_kl            | 0.011581046 |
|    clip_fraction        | 0.0788      |
|    clip_range           | 0.2         |
|    entropy_loss         | -1.38       |
|    explained_variance   | 0.0143      |
|    learning_rate        | 0.0003      |
|    loss                 | 4.95        |
|    n_updates            | 10          |
|    policy_gradient_loss | -0.00908    |
|    value_loss           | 15.5        |
-----------------------------------------
FruitCounts | {'Fruit': 0, 'DecayFruit': 0, 'EnemyFruit': 0} |
-----------------------------------------
| rollout/                |             |
|    ep_len_mean          | 20.9        |
|    ep_rew_mean          | -10.1       |
| time/                   |             |
|    fps                  | 67          |
|    iterations           | 3           |
|    time_elapsed         | 90          |
|    total_timesteps      | 6144        |
| train/                  |             |
|    approx_kl            | 0.011366178 |
|    clip_fraction        | 0.0876      |
|    clip_range           | 0.2         |
|    entropy_loss         | -1.38       |
|    explained_variance   | -0.0102     |
|    learning_rate        | 0.0003      |
|    loss                 | 5.33        |
|    n_updates            | 20          |
|    policy_gradient_loss | -0.0104     |
|    value_loss           | 11          |
-----------------------------------------
FruitCounts | {'Fruit': 0, 'DecayFruit': 0, 'EnemyFruit': 0} |
-----------------------------------------
| rollout/                |             |
|    ep_len_mean          | 22.5        |
|    ep_rew_mean          | -11.3       |
| time/                   |             |
|    fps                  | 67          |
|    iterations           | 4           |
|    time_elapsed         | 120         |
|    total_timesteps      | 8192        |
| train/                  |             |
|    approx_kl            | 0.009387179 |
|    clip_fraction        | 0.0889      |
|    clip_range           | 0.2         |
|    entropy_loss         | -1.37       |
|    explained_variance   | -0.0163     |
|    learning_rate        | 0.0003      |
|    loss                 | 3.13        |
|    n_updates            | 30          |
|    policy_gradient_loss | -0.00935    |
|    value_loss           | 6.75        |
-----------------------------------------
FruitCounts | {'Fruit': 0, 'DecayFruit': 0, 'EnemyFruit': 0} |
-----------------------------------------
| rollout/                |             |
|    ep_len_mean          | 28.2        |
|    ep_rew_mean          | -10.6       |
| time/                   |             |
|    fps                  | 70          |
|    iterations           | 5           |
|    time_elapsed         | 144         |
|    total_timesteps      | 10240       |
| train/                  |             |
|    approx_kl            | 0.009987777 |
|    clip_fraction        | 0.0762      |
|    clip_range           | 0.2         |
|    entropy_loss         | -1.36       |
|    explained_variance   | -0.0261     |
|    learning_rate        | 0.0003      |
|    loss                 | 2.1         |
|    n_updates            | 40          |
|    policy_gradient_loss | -0.0132     |
|    value_loss           | 7.22        |
-----------------------------------------
FruitCounts | {'Fruit': 0, 'DecayFruit': 0, 'EnemyFruit': 0} |
-----------------------------------------
| rollout/                |             |
|    ep_len_mean          | 31.8        |
|    ep_rew_mean          | -10.4       |
| time/                   |             |
|    fps                  | 72          |
|    iterations           | 6           |
|    time_elapsed         | 170         |
|    total_timesteps      | 12288       |
| train/                  |             |
|    approx_kl            | 0.008137162 |
|    clip_fraction        | 0.0799      |
|    clip_range           | 0.2         |
|    entropy_loss         | -1.35       |
|    explained_variance   | -0.0676     |
|    learning_rate        | 0.0003      |
|    loss                 | 2.45        |
|    n_updates            | 50          |
|    policy_gradient_loss | -0.00886    |
|    value_loss           | 5.52        |
-----------------------------------------
FruitCounts | {'Fruit': 0, 'DecayFruit': 0, 'EnemyFruit': 0} |
-----------------------------------------
| rollout/                |             |
|    ep_len_mean          | 36.3        |
|    ep_rew_mean          | -9.61       |
| time/                   |             |
|    fps                  | 74          |
|    iterations           | 7           |
|    time_elapsed         | 192         |
|    total_timesteps      | 14336       |
| train/                  |             |
|    approx_kl            | 0.010710763 |
|    clip_fraction        | 0.109       |
|    clip_range           | 0.2         |
|    entropy_loss         | -1.32       |
|    explained_variance   | -0.00365    |
|    learning_rate        | 0.0003      |
|    loss                 | 1.88        |
|    n_updates            | 60          |
|    policy_gradient_loss | -0.0158     |
|    value_loss           | 3.54        |
-----------------------------------------
FruitCounts | {'Fruit': 0, 'DecayFruit': 0, 'EnemyFruit': 0} |
-----------------------------------------
| rollout/                |             |
|    ep_len_mean          | 44.6        |
|    ep_rew_mean          | -8.46       |
| time/                   |             |
|    fps                  | 77          |
|    iterations           | 8           |
|    time_elapsed         | 212         |
|    total_timesteps      | 16384       |
| train/                  |             |
|    approx_kl            | 0.012398372 |
|    clip_fraction        | 0.147       |
|    clip_range           | 0.2         |
|    entropy_loss         | -1.3        |
|    explained_variance   | 0.0189      |
|    learning_rate        | 0.0003      |
|    loss                 | 1.35        |
|    n_updates            | 70          |
|    policy_gradient_loss | -0.014      |
|    value_loss           | 4.55        |
-----------------------------------------
FruitCounts | {'Fruit': 0, 'DecayFruit': 0, 'EnemyFruit': 0} |
-----------------------------------------
| rollout/                |             |
|    ep_len_mean          | 49.2        |
|    ep_rew_mean          | -7.46       |
| time/                   |             |
|    fps                  | 79          |
|    iterations           | 9           |
|    time_elapsed         | 231         |
|    total_timesteps      | 18432       |
| train/                  |             |
|    approx_kl            | 0.009594459 |
|    clip_fraction        | 0.0841      |
|    clip_range           | 0.2         |
|    entropy_loss         | -1.29       |
|    explained_variance   | 0.0321      |
|    learning_rate        | 0.0003      |
|    loss                 | 4.72        |
|    n_updates            | 80          |
|    policy_gradient_loss | -0.00763    |
|    value_loss           | 8.13        |
-----------------------------------------
FruitCounts | {'Fruit': 0, 'DecayFruit': 0, 'EnemyFruit': 3} |
-----------------------------------------
| rollout/                |             |
|    ep_len_mean          | 48.5        |
|    ep_rew_mean          | -7.69       |
| time/                   |             |
|    fps                  | 83          |
|    iterations           | 10          |
|    time_elapsed         | 244         |
|    total_timesteps      | 20480       |
| train/                  |             |
|    approx_kl            | 0.006551915 |
|    clip_fraction        | 0.0308      |
|    clip_range           | 0.2         |
|    entropy_loss         | -1.29       |
|    explained_variance   | 0.00321     |
|    learning_rate        | 0.0003      |
|    loss                 | 7.73        |
|    n_updates            | 90          |
|    policy_gradient_loss | -0.00511    |
|    value_loss           | 9.9         |
-----------------------------------------
FruitCounts | {'Fruit': 1, 'DecayFruit': 0, 'EnemyFruit': 0} |
-----------------------------------------
| rollout/                |             |
|    ep_len_mean          | 68.2        |
|    ep_rew_mean          | -8.41       |
| time/                   |             |
|    fps                  | 85          |
|    iterations           | 11          |
|    time_elapsed         | 262         |
|    total_timesteps      | 22528       |
| train/                  |             |
|    approx_kl            | 0.009423073 |
|    clip_fraction        | 0.0901      |
|    clip_range           | 0.2         |
|    entropy_loss         | -1.28       |
|    explained_variance   | 0.0321      |
|    learning_rate        | 0.0003      |
|    loss                 | 0.243       |
|    n_updates            | 100         |
|    policy_gradient_loss | -0.00922    |
|    value_loss           | 0.776       |
-----------------------------------------
FruitCounts | {'Fruit': 2, 'DecayFruit': 0, 'EnemyFruit': 1} |
-----------------------------------------
| rollout/                |             |
|    ep_len_mean          | 76.5        |
|    ep_rew_mean          | -8.26       |
| time/                   |             |
|    fps                  | 88          |
|    iterations           | 12          |
|    time_elapsed         | 277         |
|    total_timesteps      | 24576       |
| train/                  |             |
|    approx_kl            | 0.008583383 |
|    clip_fraction        | 0.0655      |
|    clip_range           | 0.2         |
|    entropy_loss         | -1.25       |
|    explained_variance   | 0.0306      |
|    learning_rate        | 0.0003      |
|    loss                 | 1.63        |
|    n_updates            | 110         |
|    policy_gradient_loss | -0.00766    |
|    value_loss           | 3.88        |
-----------------------------------------
FruitCounts | {'Fruit': 0, 'DecayFruit': 0, 'EnemyFruit': 3} |
-----------------------------------------
| rollout/                |             |
|    ep_len_mean          | 78.7        |
|    ep_rew_mean          | -8.33       |
| time/                   |             |
|    fps                  | 92          |
|    iterations           | 13          |
|    time_elapsed         | 287         |
|    total_timesteps      | 26624       |
| train/                  |             |
|    approx_kl            | 0.009321222 |
|    clip_fraction        | 0.108       |
|    clip_range           | 0.2         |
|    entropy_loss         | -1.23       |
|    explained_variance   | 0.0685      |
|    learning_rate        | 0.0003      |
|    loss                 | 1.24        |
|    n_updates            | 120         |
|    policy_gradient_loss | -0.00883    |
|    value_loss           | 4           |
-----------------------------------------
FruitCounts | {'Fruit': 0, 'DecayFruit': 0, 'EnemyFruit': 0} |
-----------------------------------------
| rollout/                |             |
|    ep_len_mean          | 101         |
|    ep_rew_mean          | -9.67       |
| time/                   |             |
|    fps                  | 93          |
|    iterations           | 14          |
|    time_elapsed         | 305         |
|    total_timesteps      | 28672       |
| train/                  |             |
|    approx_kl            | 0.010065984 |
|    clip_fraction        | 0.157       |
|    clip_range           | 0.2         |
|    entropy_loss         | -1.22       |
|    explained_variance   | 0.652       |
|    learning_rate        | 0.0003      |
|    loss                 | 0.0643      |
|    n_updates            | 130         |
|    policy_gradient_loss | -0.0142     |
|    value_loss           | 0.129       |
-----------------------------------------
FruitCounts | {'Fruit': 0, 'DecayFruit': 0, 'EnemyFruit': 0} |
-----------------------------------------
| rollout/                |             |
|    ep_len_mean          | 95.3        |
|    ep_rew_mean          | -9.75       |
| time/                   |             |
|    fps                  | 95          |
|    iterations           | 15          |
|    time_elapsed         | 320         |
|    total_timesteps      | 30720       |
| train/                  |             |
|    approx_kl            | 0.008521775 |
|    clip_fraction        | 0.0859      |
|    clip_range           | 0.2         |
|    entropy_loss         | -1.2        |
|    explained_variance   | -0.0225     |
|    learning_rate        | 0.0003      |
|    loss                 | 1.64        |
|    n_updates            | 140         |
|    policy_gradient_loss | -0.0102     |
|    value_loss           | 4.28        |
-----------------------------------------
FruitCounts | {'Fruit': 0, 'DecayFruit': 0, 'EnemyFruit': 0} |
-----------------------------------------
| rollout/                |             |
|    ep_len_mean          | 100         |
|    ep_rew_mean          | -9.05       |
| time/                   |             |
|    fps                  | 97          |
|    iterations           | 16          |
|    time_elapsed         | 336         |
|    total_timesteps      | 32768       |
| train/                  |             |
|    approx_kl            | 0.008495435 |
|    clip_fraction        | 0.0806      |
|    clip_range           | 0.2         |
|    entropy_loss         | -1.15       |
|    explained_variance   | 0.0998      |
|    learning_rate        | 0.0003      |
|    loss                 | 1.48        |
|    n_updates            | 150         |
|    policy_gradient_loss | -0.0121     |
|    value_loss           | 1.98        |
-----------------------------------------
FruitCounts | {'Fruit': 0, 'DecayFruit': 0, 'EnemyFruit': 2} |
-----------------------------------------
| rollout/                |             |
|    ep_len_mean          | 98.3        |
|    ep_rew_mean          | -7.9        |
| time/                   |             |
|    fps                  | 98          |
|    iterations           | 17          |
|    time_elapsed         | 353         |
|    total_timesteps      | 34816       |
| train/                  |             |
|    approx_kl            | 0.006816825 |
|    clip_fraction        | 0.0639      |
|    clip_range           | 0.2         |
|    entropy_loss         | -1.14       |
|    explained_variance   | 0.00642     |
|    learning_rate        | 0.0003      |
|    loss                 | 7.69        |
|    n_updates            | 160         |
|    policy_gradient_loss | -0.00783    |
|    value_loss           | 8.33        |
-----------------------------------------
FruitCounts | {'Fruit': 0, 'DecayFruit': 0, 'EnemyFruit': 2} |
------------------------------------------
| rollout/                |              |
|    ep_len_mean          | 86.1         |
|    ep_rew_mean          | -7.47        |
| time/                   |              |
|    fps                  | 100          |
|    iterations           | 18           |
|    time_elapsed         | 366          |
|    total_timesteps      | 36864        |
| train/                  |              |
|    approx_kl            | 0.0064082546 |
|    clip_fraction        | 0.043        |
|    clip_range           | 0.2          |
|    entropy_loss         | -1.12        |
|    explained_variance   | -0.176       |
|    learning_rate        | 0.0003       |
|    loss                 | 11.2         |
|    n_updates            | 170          |
|    policy_gradient_loss | -0.00527     |
|    value_loss           | 12.8         |
------------------------------------------
FruitCounts | {'Fruit': 0, 'DecayFruit': 0, 'EnemyFruit': 2} |
-----------------------------------------
| rollout/                |             |
|    ep_len_mean          | 98.6        |
|    ep_rew_mean          | -7.28       |
| time/                   |             |
|    fps                  | 102         |
|    iterations           | 19          |
|    time_elapsed         | 380         |
|    total_timesteps      | 38912       |
| train/                  |             |
|    approx_kl            | 0.008762085 |
|    clip_fraction        | 0.0776      |
|    clip_range           | 0.2         |
|    entropy_loss         | -1.1        |
|    explained_variance   | 0.00661     |
|    learning_rate        | 0.0003      |
|    loss                 | 0.545       |
|    n_updates            | 180         |
|    policy_gradient_loss | -0.00863    |
|    value_loss           | 2.37        |
-----------------------------------------
FruitCounts | {'Fruit': 0, 'DecayFruit': 0, 'EnemyFruit': 1} |
-----------------------------------------
| rollout/                |             |
|    ep_len_mean          | 117         |
|    ep_rew_mean          | -7.05       |
| time/                   |             |
|    fps                  | 104         |
|    iterations           | 20          |
|    time_elapsed         | 390         |
|    total_timesteps      | 40960       |
| train/                  |             |
|    approx_kl            | 0.012593865 |
|    clip_fraction        | 0.102       |
|    clip_range           | 0.2         |
|    entropy_loss         | -1.07       |
|    explained_variance   | 0.016       |
|    learning_rate        | 0.0003      |
|    loss                 | 3.47        |
|    n_updates            | 190         |
|    policy_gradient_loss | -0.00976    |
|    value_loss           | 4.1         |
-----------------------------------------
FruitCounts | {'Fruit': 0, 'DecayFruit': 0, 'EnemyFruit': 2} |
---------------------------------------
| rollout/                |           |
|    ep_len_mean          | 122       |
|    ep_rew_mean          | -6.29     |
| time/                   |           |
|    fps                  | 106       |
|    iterations           | 21        |
|    time_elapsed         | 403       |
|    total_timesteps      | 43008     |
| train/                  |           |
|    approx_kl            | 0.0097772 |
|    clip_fraction        | 0.0993    |
|    clip_range           | 0.2       |
|    entropy_loss         | -1.04     |
|    explained_variance   | 0.0345    |
|    learning_rate        | 0.0003    |
|    loss                 | 0.307     |
|    n_updates            | 200       |
|    policy_gradient_loss | -0.00544  |
|    value_loss           | 2.45      |
---------------------------------------
FruitCounts | {'Fruit': 1, 'DecayFruit': 0, 'EnemyFruit': 3} |
------------------------------------------
| rollout/                |              |
|    ep_len_mean          | 130          |
|    ep_rew_mean          | -7.01        |
| time/                   |              |
|    fps                  | 109          |
|    iterations           | 22           |
|    time_elapsed         | 412          |
|    total_timesteps      | 45056        |
| train/                  |              |
|    approx_kl            | 0.0095782885 |
|    clip_fraction        | 0.121        |
|    clip_range           | 0.2          |
|    entropy_loss         | -0.994       |
|    explained_variance   | -0.0252      |
|    learning_rate        | 0.0003       |
|    loss                 | 2.33         |
|    n_updates            | 210          |
|    policy_gradient_loss | -0.00761     |
|    value_loss           | 5.97         |
------------------------------------------
FruitCounts | {'Fruit': 1, 'DecayFruit': 0, 'EnemyFruit': 4} |
-----------------------------------------
| rollout/                |             |
|    ep_len_mean          | 130         |
|    ep_rew_mean          | -7.01       |
| time/                   |             |
|    fps                  | 111         |
|    iterations           | 23          |
|    time_elapsed         | 421         |
|    total_timesteps      | 47104       |
| train/                  |             |
|    approx_kl            | 0.012681778 |
|    clip_fraction        | 0.132       |
|    clip_range           | 0.2         |
|    entropy_loss         | -1.03       |
|    explained_variance   | 0.14        |
|    learning_rate        | 0.0003      |
|    loss                 | 0.375       |
|    n_updates            | 220         |
|    policy_gradient_loss | -0.00973    |
|    value_loss           | 1.53        |
-----------------------------------------
FruitCounts | {'Fruit': 0, 'DecayFruit': 0, 'EnemyFruit': 0} |
-----------------------------------------
| rollout/                |             |
|    ep_len_mean          | 180         |
|    ep_rew_mean          | -7.59       |
| time/                   |             |
|    fps                  | 112         |
|    iterations           | 24          |
|    time_elapsed         | 435         |
|    total_timesteps      | 49152       |
| train/                  |             |
|    approx_kl            | 0.013124546 |
|    clip_fraction        | 0.17        |
|    clip_range           | 0.2         |
|    entropy_loss         | -1.03       |
|    explained_variance   | -1.59       |
|    learning_rate        | 0.0003      |
|    loss                 | -0.0148     |
|    n_updates            | 230         |
|    policy_gradient_loss | -0.00969    |
|    value_loss           | 0.0271      |
-----------------------------------------
FruitCounts | {'Fruit': 0, 'DecayFruit': 0, 'EnemyFruit': 1} |
-----------------------------------------
| rollout/                |             |
|    ep_len_mean          | 184         |
|    ep_rew_mean          | -8.02       |
| time/                   |             |
|    fps                  | 113         |
|    iterations           | 25          |
|    time_elapsed         | 449         |
|    total_timesteps      | 51200       |
| train/                  |             |
|    approx_kl            | 0.012152242 |
|    clip_fraction        | 0.104       |
|    clip_range           | 0.2         |
|    entropy_loss         | -1.02       |
|    explained_variance   | 0.156       |
|    learning_rate        | 0.0003      |
|    loss                 | 0.389       |
|    n_updates            | 240         |
|    policy_gradient_loss | -0.00607    |
|    value_loss           | 1.86        |
-----------------------------------------
FruitCounts | {'Fruit': 0, 'DecayFruit': 0, 'EnemyFruit': 2} |
------------------------------------------
| rollout/                |              |
|    ep_len_mean          | 191          |
|    ep_rew_mean          | -7.63        |
| time/                   |              |
|    fps                  | 115          |
|    iterations           | 26           |
|    time_elapsed         | 460          |
|    total_timesteps      | 53248        |
| train/                  |              |
|    approx_kl            | 0.0070182225 |
|    clip_fraction        | 0.0601       |
|    clip_range           | 0.2          |
|    entropy_loss         | -0.995       |
|    explained_variance   | -0.0115      |
|    learning_rate        | 0.0003       |
|    loss                 | 3.02         |
|    n_updates            | 250          |
|    policy_gradient_loss | -0.009       |
|    value_loss           | 5.82         |
------------------------------------------
FruitCounts | {'Fruit': 0, 'DecayFruit': 1, 'EnemyFruit': 0} |
------------------------------------------
| rollout/                |              |
|    ep_len_mean          | 215          |
|    ep_rew_mean          | -8.27        |
| time/                   |              |
|    fps                  | 117          |
|    iterations           | 27           |
|    time_elapsed         | 471          |
|    total_timesteps      | 55296        |
| train/                  |              |
|    approx_kl            | 0.0048077637 |
|    clip_fraction        | 0.0309       |
|    clip_range           | 0.2          |
|    entropy_loss         | -0.993       |
|    explained_variance   | 0.0122       |
|    learning_rate        | 0.0003       |
|    loss                 | 5.54         |
|    n_updates            | 260          |
|    policy_gradient_loss | -0.00343     |
|    value_loss           | 6.27         |
------------------------------------------
FruitCounts | {'Fruit': 0, 'DecayFruit': 2, 'EnemyFruit': 3} |
------------------------------------------
| rollout/                |              |
|    ep_len_mean          | 224          |
|    ep_rew_mean          | -8.81        |
| time/                   |              |
|    fps                  | 118          |
|    iterations           | 28           |
|    time_elapsed         | 482          |
|    total_timesteps      | 57344        |
| train/                  |              |
|    approx_kl            | 0.0073813964 |
|    clip_fraction        | 0.0892       |
|    clip_range           | 0.2          |
|    entropy_loss         | -0.983       |
|    explained_variance   | 0.18         |
|    learning_rate        | 0.0003       |
|    loss                 | 1.44         |
|    n_updates            | 270          |
|    policy_gradient_loss | -0.00783     |
|    value_loss           | 4.77         |
------------------------------------------
FruitCounts | {'Fruit': 0, 'DecayFruit': 0, 'EnemyFruit': 1} |
-----------------------------------------
| rollout/                |             |
|    ep_len_mean          | 232         |
|    ep_rew_mean          | -8.33       |
| time/                   |             |
|    fps                  | 120         |
|    iterations           | 29          |
|    time_elapsed         | 494         |
|    total_timesteps      | 59392       |
| train/                  |             |
|    approx_kl            | 0.010757873 |
|    clip_fraction        | 0.138       |
|    clip_range           | 0.2         |
|    entropy_loss         | -0.97       |
|    explained_variance   | 0.356       |
|    learning_rate        | 0.0003      |
|    loss                 | 1.87        |
|    n_updates            | 280         |
|    policy_gradient_loss | -0.0115     |
|    value_loss           | 4.96        |
-----------------------------------------
FruitCounts | {'Fruit': 0, 'DecayFruit': 0, 'EnemyFruit': 0} |
-----------------------------------------
| rollout/                |             |
|    ep_len_mean          | 251         |
|    ep_rew_mean          | -8.92       |
| time/                   |             |
|    fps                  | 121         |
|    iterations           | 30          |
|    time_elapsed         | 505         |
|    total_timesteps      | 61440       |
| train/                  |             |
|    approx_kl            | 0.009539308 |
|    clip_fraction        | 0.121       |
|    clip_range           | 0.2         |
|    entropy_loss         | -0.95       |
|    explained_variance   | 0.262       |
|    learning_rate        | 0.0003      |
|    loss                 | 1.88        |
|    n_updates            | 290         |
|    policy_gradient_loss | -0.00944    |
|    value_loss           | 3.35        |
-----------------------------------------
FruitCounts | {'Fruit': 0, 'DecayFruit': 1, 'EnemyFruit': 0} |
-----------------------------------------
| rollout/                |             |
|    ep_len_mean          | 259         |
|    ep_rew_mean          | -8.49       |
| time/                   |             |
|    fps                  | 122         |
|    iterations           | 31          |
|    time_elapsed         | 516         |
|    total_timesteps      | 63488       |
| train/                  |             |
|    approx_kl            | 0.008881036 |
|    clip_fraction        | 0.126       |
|    clip_range           | 0.2         |
|    entropy_loss         | -0.968      |
|    explained_variance   | 0.0934      |
|    learning_rate        | 0.0003      |
|    loss                 | 2.38        |
|    n_updates            | 300         |
|    policy_gradient_loss | -0.0106     |
|    value_loss           | 2.37        |
-----------------------------------------
FruitCounts | {'Fruit': 0, 'DecayFruit': 0, 'EnemyFruit': 2} |
-----------------------------------------
| rollout/                |             |
|    ep_len_mean          | 270         |
|    ep_rew_mean          | -8.25       |
| time/                   |             |
|    fps                  | 124         |
|    iterations           | 32          |
|    time_elapsed         | 526         |
|    total_timesteps      | 65536       |
| train/                  |             |
|    approx_kl            | 0.008793511 |
|    clip_fraction        | 0.0709      |
|    clip_range           | 0.2         |
|    entropy_loss         | -0.941      |
|    explained_variance   | 0.0637      |
|    learning_rate        | 0.0003      |
|    loss                 | 8.94        |
|    n_updates            | 310         |
|    policy_gradient_loss | -0.00597    |
|    value_loss           | 8.17        |
-----------------------------------------
FruitCounts | {'Fruit': 0, 'DecayFruit': 0, 'EnemyFruit': 0} |
-----------------------------------------
| rollout/                |             |
|    ep_len_mean          | 266         |
|    ep_rew_mean          | -8.55       |
| time/                   |             |
|    fps                  | 125         |
|    iterations           | 33          |
|    time_elapsed         | 538         |
|    total_timesteps      | 67584       |
| train/                  |             |
|    approx_kl            | 0.009836166 |
|    clip_fraction        | 0.108       |
|    clip_range           | 0.2         |
|    entropy_loss         | -0.955      |
|    explained_variance   | 0.0616      |
|    learning_rate        | 0.0003      |
|    loss                 | 2.94        |
|    n_updates            | 320         |
|    policy_gradient_loss | -0.00669    |
|    value_loss           | 1.86        |
-----------------------------------------
FruitCounts | {'Fruit': 0, 'DecayFruit': 0, 'EnemyFruit': 1} |
-----------------------------------------
| rollout/                |             |
|    ep_len_mean          | 274         |
|    ep_rew_mean          | -8.86       |
| time/                   |             |
|    fps                  | 126         |
|    iterations           | 34          |
|    time_elapsed         | 548         |
|    total_timesteps      | 69632       |
| train/                  |             |
|    approx_kl            | 0.010431249 |
|    clip_fraction        | 0.0839      |
|    clip_range           | 0.2         |
|    entropy_loss         | -0.92       |
|    explained_variance   | 0.051       |
|    learning_rate        | 0.0003      |
|    loss                 | 3.24        |
|    n_updates            | 330         |
|    policy_gradient_loss | -0.00752    |
|    value_loss           | 6.53        |
-----------------------------------------
FruitCounts | {'Fruit': 0, 'DecayFruit': 0, 'EnemyFruit': 0} |
------------------------------------------
| rollout/                |              |
|    ep_len_mean          | 290          |
|    ep_rew_mean          | -8.99        |
| time/                   |              |
|    fps                  | 128          |
|    iterations           | 35           |
|    time_elapsed         | 559          |
|    total_timesteps      | 71680        |
| train/                  |              |
|    approx_kl            | 0.0070267175 |
|    clip_fraction        | 0.0966       |
|    clip_range           | 0.2          |
|    entropy_loss         | -0.928       |
|    explained_variance   | 0.306        |
|    learning_rate        | 0.0003       |
|    loss                 | 1.1          |
|    n_updates            | 340          |
|    policy_gradient_loss | -0.00539     |
|    value_loss           | 2.19         |
------------------------------------------
FruitCounts | {'Fruit': 1, 'DecayFruit': 0, 'EnemyFruit': 1} |
-----------------------------------------
| rollout/                |             |
|    ep_len_mean          | 296         |
|    ep_rew_mean          | -9.08       |
| time/                   |             |
|    fps                  | 129         |
|    iterations           | 36          |
|    time_elapsed         | 569         |
|    total_timesteps      | 73728       |
| train/                  |             |
|    approx_kl            | 0.007571652 |
|    clip_fraction        | 0.0781      |
|    clip_range           | 0.2         |
|    entropy_loss         | -0.909      |
|    explained_variance   | 0.0708      |
|    learning_rate        | 0.0003      |
|    loss                 | 1.27        |
|    n_updates            | 350         |
|    policy_gradient_loss | -0.00211    |
|    value_loss           | 1.95        |
-----------------------------------------
FruitCounts | {'Fruit': 0, 'DecayFruit': 0, 'EnemyFruit': 0} |
------------------------------------------
| rollout/                |              |
|    ep_len_mean          | 263          |
|    ep_rew_mean          | -8.19        |
| time/                   |              |
|    fps                  | 130          |
|    iterations           | 37           |
|    time_elapsed         | 581          |
|    total_timesteps      | 75776        |
| train/                  |              |
|    approx_kl            | 0.0077563003 |
|    clip_fraction        | 0.0764       |
|    clip_range           | 0.2          |
|    entropy_loss         | -0.906       |
|    explained_variance   | 0.00146      |
|    learning_rate        | 0.0003       |
|    loss                 | 5.87         |
|    n_updates            | 360          |
|    policy_gradient_loss | -0.00499     |
|    value_loss           | 5.59         |
------------------------------------------
FruitCounts | {'Fruit': 0, 'DecayFruit': 0, 'EnemyFruit': 1} |
-----------------------------------------
| rollout/                |             |
|    ep_len_mean          | 275         |
|    ep_rew_mean          | -8.25       |
| time/                   |             |
|    fps                  | 131         |
|    iterations           | 38          |
|    time_elapsed         | 591         |
|    total_timesteps      | 77824       |
| train/                  |             |
|    approx_kl            | 0.008970052 |
|    clip_fraction        | 0.0808      |
|    clip_range           | 0.2         |
|    entropy_loss         | -0.894      |
|    explained_variance   | 0.244       |
|    learning_rate        | 0.0003      |
|    loss                 | 2.25        |
|    n_updates            | 370         |
|    policy_gradient_loss | -0.00558    |
|    value_loss           | 2.87        |
-----------------------------------------
FruitCounts | {'Fruit': 0, 'DecayFruit': 0, 'EnemyFruit': 1} |
-----------------------------------------
| rollout/                |             |
|    ep_len_mean          | 288         |
|    ep_rew_mean          | -8.22       |
| time/                   |             |
|    fps                  | 132         |
|    iterations           | 39          |
|    time_elapsed         | 601         |
|    total_timesteps      | 79872       |
| train/                  |             |
|    approx_kl            | 0.008704148 |
|    clip_fraction        | 0.0775      |
|    clip_range           | 0.2         |
|    entropy_loss         | -0.865      |
|    explained_variance   | 0.182       |
|    learning_rate        | 0.0003      |
|    loss                 | 0.913       |
|    n_updates            | 380         |
|    policy_gradient_loss | -0.0058     |
|    value_loss           | 3.31        |
-----------------------------------------
FruitCounts | {'Fruit': 0, 'DecayFruit': 0, 'EnemyFruit': 2} |
-----------------------------------------
| rollout/                |             |
|    ep_len_mean          | 301         |
|    ep_rew_mean          | -7.89       |
| time/                   |             |
|    fps                  | 133         |
|    iterations           | 40          |
|    time_elapsed         | 612         |
|    total_timesteps      | 81920       |
| train/                  |             |
|    approx_kl            | 0.009146374 |
|    clip_fraction        | 0.106       |
|    clip_range           | 0.2         |
|    entropy_loss         | -0.861      |
|    explained_variance   | 0.0318      |
|    learning_rate        | 0.0003      |
|    loss                 | 1.72        |
|    n_updates            | 390         |
|    policy_gradient_loss | -0.00527    |
|    value_loss           | 2.32        |
-----------------------------------------
FruitCounts | {'Fruit': 1, 'DecayFruit': 0, 'EnemyFruit': 1} |
----------------------------------------
| rollout/                |            |
|    ep_len_mean          | 321        |
|    ep_rew_mean          | -7.22      |
| time/                   |            |
|    fps                  | 134        |
|    iterations           | 41         |
|    time_elapsed         | 623        |
|    total_timesteps      | 83968      |
| train/                  |            |
|    approx_kl            | 0.00826709 |
|    clip_fraction        | 0.124      |
|    clip_range           | 0.2        |
|    entropy_loss         | -0.874     |
|    explained_variance   | 0.0501     |
|    learning_rate        | 0.0003     |
|    loss                 | 1.36       |
|    n_updates            | 400        |
|    policy_gradient_loss | -0.0042    |
|    value_loss           | 2.59       |
----------------------------------------
FruitCounts | {'Fruit': 1, 'DecayFruit': 1, 'EnemyFruit': 2} |
-----------------------------------------
| rollout/                |             |
|    ep_len_mean          | 336         |
|    ep_rew_mean          | -7.69       |
| time/                   |             |
|    fps                  | 135         |
|    iterations           | 42          |
|    time_elapsed         | 634         |
|    total_timesteps      | 86016       |
| train/                  |             |
|    approx_kl            | 0.006441009 |
|    clip_fraction        | 0.054       |
|    clip_range           | 0.2         |
|    entropy_loss         | -0.84       |
|    explained_variance   | 0.141       |
|    learning_rate        | 0.0003      |
|    loss                 | 2.11        |
|    n_updates            | 410         |
|    policy_gradient_loss | -0.00272    |
|    value_loss           | 7.74        |
-----------------------------------------
FruitCounts | {'Fruit': 0, 'DecayFruit': 1, 'EnemyFruit': 1} |
-----------------------------------------
| rollout/                |             |
|    ep_len_mean          | 328         |
|    ep_rew_mean          | -7.55       |
| time/                   |             |
|    fps                  | 136         |
|    iterations           | 43          |
|    time_elapsed         | 644         |
|    total_timesteps      | 88064       |
| train/                  |             |
|    approx_kl            | 0.009156396 |
|    clip_fraction        | 0.0994      |
|    clip_range           | 0.2         |
|    entropy_loss         | -0.83       |
|    explained_variance   | 0.106       |
|    learning_rate        | 0.0003      |
|    loss                 | 4.19        |
|    n_updates            | 420         |
|    policy_gradient_loss | -0.00453    |
|    value_loss           | 3.59        |
-----------------------------------------
FruitCounts | {'Fruit': 0, 'DecayFruit': 0, 'EnemyFruit': 1} |
------------------------------------------
| rollout/                |              |
|    ep_len_mean          | 346          |
|    ep_rew_mean          | -6.65        |
| time/                   |              |
|    fps                  | 137          |
|    iterations           | 44           |
|    time_elapsed         | 655          |
|    total_timesteps      | 90112        |
| train/                  |              |
|    approx_kl            | 0.0074665295 |
|    clip_fraction        | 0.103        |
|    clip_range           | 0.2          |
|    entropy_loss         | -0.853       |
|    explained_variance   | 0.0801       |
|    learning_rate        | 0.0003       |
|    loss                 | 3.07         |
|    n_updates            | 430          |
|    policy_gradient_loss | -0.00792     |
|    value_loss           | 5.05         |
------------------------------------------
FruitCounts | {'Fruit': 0, 'DecayFruit': 0, 'EnemyFruit': 0} |
-----------------------------------------
| rollout/                |             |
|    ep_len_mean          | 351         |
|    ep_rew_mean          | -6.34       |
| time/                   |             |
|    fps                  | 138         |
|    iterations           | 45          |
|    time_elapsed         | 666         |
|    total_timesteps      | 92160       |
| train/                  |             |
|    approx_kl            | 0.007881519 |
|    clip_fraction        | 0.0747      |
|    clip_range           | 0.2         |
|    entropy_loss         | -0.836      |
|    explained_variance   | -0.00118    |
|    learning_rate        | 0.0003      |
|    loss                 | 4.06        |
|    n_updates            | 440         |
|    policy_gradient_loss | -0.00503    |
|    value_loss           | 10.3        |
-----------------------------------------
FruitCounts | {'Fruit': 0, 'DecayFruit': 0, 'EnemyFruit': 2} |
-----------------------------------------
| rollout/                |             |
|    ep_len_mean          | 356         |
|    ep_rew_mean          | -6.53       |
| time/                   |             |
|    fps                  | 139         |
|    iterations           | 46          |
|    time_elapsed         | 677         |
|    total_timesteps      | 94208       |
| train/                  |             |
|    approx_kl            | 0.007486375 |
|    clip_fraction        | 0.0919      |
|    clip_range           | 0.2         |
|    entropy_loss         | -0.846      |
|    explained_variance   | -0.0991     |
|    learning_rate        | 0.0003      |
|    loss                 | 2.81        |
|    n_updates            | 450         |
|    policy_gradient_loss | -0.00522    |
|    value_loss           | 4.29        |
-----------------------------------------
FruitCounts | {'Fruit': 0, 'DecayFruit': 1, 'EnemyFruit': 2} |
-----------------------------------------
| rollout/                |             |
|    ep_len_mean          | 366         |
|    ep_rew_mean          | -5.58       |
| time/                   |             |
|    fps                  | 140         |
|    iterations           | 47          |
|    time_elapsed         | 687         |
|    total_timesteps      | 96256       |
| train/                  |             |
|    approx_kl            | 0.010976637 |
|    clip_fraction        | 0.118       |
|    clip_range           | 0.2         |
|    entropy_loss         | -0.867      |
|    explained_variance   | 0.00789     |
|    learning_rate        | 0.0003      |
|    loss                 | 0.53        |
|    n_updates            | 460         |
|    policy_gradient_loss | -0.00883    |
|    value_loss           | 2.47        |
-----------------------------------------
FruitCounts | {'Fruit': 1, 'DecayFruit': 0, 'EnemyFruit': 2} |
----------------------------------------
| rollout/                |            |
|    ep_len_mean          | 380        |
|    ep_rew_mean          | -5.22      |
| time/                   |            |
|    fps                  | 140        |
|    iterations           | 48         |
|    time_elapsed         | 698        |
|    total_timesteps      | 98304      |
| train/                  |            |
|    approx_kl            | 0.00784607 |
|    clip_fraction        | 0.0786     |
|    clip_range           | 0.2        |
|    entropy_loss         | -0.835     |
|    explained_variance   | 0.0122     |
|    learning_rate        | 0.0003     |
|    loss                 | 12.1       |
|    n_updates            | 470        |
|    policy_gradient_loss | -0.00408   |
|    value_loss           | 12.6       |
----------------------------------------
FruitCounts | {'Fruit': 1, 'DecayFruit': 0, 'EnemyFruit': 4} |
------------------------------------------
| rollout/                |              |
|    ep_len_mean          | 383          |
|    ep_rew_mean          | -4.95        |
| time/                   |              |
|    fps                  | 141          |
|    iterations           | 49           |
|    time_elapsed         | 709          |
|    total_timesteps      | 100352       |
| train/                  |              |
|    approx_kl            | 0.0066898093 |
|    clip_fraction        | 0.0504       |
|    clip_range           | 0.2          |
|    entropy_loss         | -0.83        |
|    explained_variance   | 0.0677       |
|    learning_rate        | 0.0003       |
|    loss                 | 1.63         |
|    n_updates            | 480          |
|    policy_gradient_loss | -0.00331     |
|    value_loss           | 4.69         |
------------------------------------------
FruitCounts | {'Fruit': 1, 'DecayFruit': 0, 'EnemyFruit': 1} |
-----------------------------------------
| rollout/                |             |
|    ep_len_mean          | 401         |
|    ep_rew_mean          | -4.63       |
| time/                   |             |
|    fps                  | 142         |
|    iterations           | 50          |
|    time_elapsed         | 719         |
|    total_timesteps      | 102400      |
| train/                  |             |
|    approx_kl            | 0.010685947 |
|    clip_fraction        | 0.107       |
|    clip_range           | 0.2         |
|    entropy_loss         | -0.839      |
|    explained_variance   | 0.121       |
|    learning_rate        | 0.0003      |
|    loss                 | 1.26        |
|    n_updates            | 490         |
|    policy_gradient_loss | -0.00839    |
|    value_loss           | 4.69        |
-----------------------------------------
FruitCounts | {'Fruit': 1, 'DecayFruit': 0, 'EnemyFruit': 2} |
-----------------------------------------
| rollout/                |             |
|    ep_len_mean          | 407         |
|    ep_rew_mean          | -5.11       |
| time/                   |             |
|    fps                  | 143         |
|    iterations           | 51          |
|    time_elapsed         | 729         |
|    total_timesteps      | 104448      |
| train/                  |             |
|    approx_kl            | 0.006463427 |
|    clip_fraction        | 0.0856      |
|    clip_range           | 0.2         |
|    entropy_loss         | -0.798      |
|    explained_variance   | 0.164       |
|    learning_rate        | 0.0003      |
|    loss                 | 1.34        |
|    n_updates            | 500         |
|    policy_gradient_loss | -0.00344    |
|    value_loss           | 4.45        |
-----------------------------------------
FruitCounts | {'Fruit': 1, 'DecayFruit': 0, 'EnemyFruit': 4} |
-----------------------------------------
| rollout/                |             |
|    ep_len_mean          | 414         |
|    ep_rew_mean          | -4.86       |
| time/                   |             |
|    fps                  | 143         |
|    iterations           | 52          |
|    time_elapsed         | 739         |
|    total_timesteps      | 106496      |
| train/                  |             |
|    approx_kl            | 0.009735761 |
|    clip_fraction        | 0.0976      |
|    clip_range           | 0.2         |
|    entropy_loss         | -0.766      |
|    explained_variance   | 0.451       |
|    learning_rate        | 0.0003      |
|    loss                 | 0.6         |
|    n_updates            | 510         |
|    policy_gradient_loss | -0.00358    |
|    value_loss           | 2.02        |
-----------------------------------------
FruitCounts | {'Fruit': 0, 'DecayFruit': 2, 'EnemyFruit': 1} |
------------------------------------------
| rollout/                |              |
|    ep_len_mean          | 432          |
|    ep_rew_mean          | -4.86        |
| time/                   |              |
|    fps                  | 144          |
|    iterations           | 53           |
|    time_elapsed         | 750          |
|    total_timesteps      | 108544       |
| train/                  |              |
|    approx_kl            | 0.0084313555 |
|    clip_fraction        | 0.0871       |
|    clip_range           | 0.2          |
|    entropy_loss         | -0.778       |
|    explained_variance   | 0.0414       |
|    learning_rate        | 0.0003       |
|    loss                 | 1.55         |
|    n_updates            | 520          |
|    policy_gradient_loss | -0.00388     |
|    value_loss           | 6.95         |
------------------------------------------
FruitCounts | {'Fruit': 0, 'DecayFruit': 0, 'EnemyFruit': 3} |
-----------------------------------------
| rollout/                |             |
|    ep_len_mean          | 447         |
|    ep_rew_mean          | -4.61       |
| time/                   |             |
|    fps                  | 145         |
|    iterations           | 54          |
|    time_elapsed         | 761         |
|    total_timesteps      | 110592      |
| train/                  |             |
|    approx_kl            | 0.009071591 |
|    clip_fraction        | 0.0992      |
|    clip_range           | 0.2         |
|    entropy_loss         | -0.747      |
|    explained_variance   | 0.00869     |
|    learning_rate        | 0.0003      |
|    loss                 | 3.37        |
|    n_updates            | 530         |
|    policy_gradient_loss | -0.00631    |
|    value_loss           | 8.61        |
-----------------------------------------
FruitCounts | {'Fruit': 0, 'DecayFruit': 0, 'EnemyFruit': 0} |
-----------------------------------------
| rollout/                |             |
|    ep_len_mean          | 460         |
|    ep_rew_mean          | -4.32       |
| time/                   |             |
|    fps                  | 145         |
|    iterations           | 55          |
|    time_elapsed         | 771         |
|    total_timesteps      | 112640      |
| train/                  |             |
|    approx_kl            | 0.007302806 |
|    clip_fraction        | 0.0913      |
|    clip_range           | 0.2         |
|    entropy_loss         | -0.72       |
|    explained_variance   | 0.144       |
|    learning_rate        | 0.0003      |
|    loss                 | 0.426       |
|    n_updates            | 540         |
|    policy_gradient_loss | -0.00489    |
|    value_loss           | 2.41        |
-----------------------------------------
FruitCounts | {'Fruit': 1, 'DecayFruit': 0, 'EnemyFruit': 1} |
-----------------------------------------
| rollout/                |             |
|    ep_len_mean          | 454         |
|    ep_rew_mean          | -4.61       |
| time/                   |             |
|    fps                  | 146         |
|    iterations           | 56          |
|    time_elapsed         | 782         |
|    total_timesteps      | 114688      |
| train/                  |             |
|    approx_kl            | 0.007254704 |
|    clip_fraction        | 0.0925      |
|    clip_range           | 0.2         |
|    entropy_loss         | -0.734      |
|    explained_variance   | 0.14        |
|    learning_rate        | 0.0003      |
|    loss                 | 1.08        |
|    n_updates            | 550         |
|    policy_gradient_loss | -0.00687    |
|    value_loss           | 6.56        |
-----------------------------------------
FruitCounts | {'Fruit': 0, 'DecayFruit': 2, 'EnemyFruit': 6} |
-----------------------------------------
| rollout/                |             |
|    ep_len_mean          | 463         |
|    ep_rew_mean          | -4.26       |
| time/                   |             |
|    fps                  | 147         |
|    iterations           | 57          |
|    time_elapsed         | 791         |
|    total_timesteps      | 116736      |
| train/                  |             |
|    approx_kl            | 0.009369025 |
|    clip_fraction        | 0.0993      |
|    clip_range           | 0.2         |
|    entropy_loss         | -0.714      |
|    explained_variance   | 0.192       |
|    learning_rate        | 0.0003      |
|    loss                 | 0.515       |
|    n_updates            | 560         |
|    policy_gradient_loss | -0.00848    |
|    value_loss           | 2.22        |
-----------------------------------------
FruitCounts | {'Fruit': 0, 'DecayFruit': 0, 'EnemyFruit': 0} |
-----------------------------------------
| rollout/                |             |
|    ep_len_mean          | 470         |
|    ep_rew_mean          | -3.69       |
| time/                   |             |
|    fps                  | 147         |
|    iterations           | 58          |
|    time_elapsed         | 803         |
|    total_timesteps      | 118784      |
| train/                  |             |
|    approx_kl            | 0.011284711 |
|    clip_fraction        | 0.101       |
|    clip_range           | 0.2         |
|    entropy_loss         | -0.724      |
|    explained_variance   | 0.17        |
|    learning_rate        | 0.0003      |
|    loss                 | 1.92        |
|    n_updates            | 570         |
|    policy_gradient_loss | -0.00426    |
|    value_loss           | 4.33        |
-----------------------------------------
FruitCounts | {'Fruit': 0, 'DecayFruit': 1, 'EnemyFruit': 3} |
-----------------------------------------
| rollout/                |             |
|    ep_len_mean          | 480         |
|    ep_rew_mean          | -3.61       |
| time/                   |             |
|    fps                  | 148         |
|    iterations           | 59          |
|    time_elapsed         | 814         |
|    total_timesteps      | 120832      |
| train/                  |             |
|    approx_kl            | 0.007939324 |
|    clip_fraction        | 0.0798      |
|    clip_range           | 0.2         |
|    entropy_loss         | -0.716      |
|    explained_variance   | -0.0602     |
|    learning_rate        | 0.0003      |
|    loss                 | 3.09        |
|    n_updates            | 580         |
|    policy_gradient_loss | -0.00819    |
|    value_loss           | 8.3         |
-----------------------------------------
FruitCounts | {'Fruit': 0, 'DecayFruit': 1, 'EnemyFruit': 0} |
------------------------------------------
| rollout/                |              |
|    ep_len_mean          | 487          |
|    ep_rew_mean          | -2.68        |
| time/                   |              |
|    fps                  | 148          |
|    iterations           | 60           |
|    time_elapsed         | 825          |
|    total_timesteps      | 122880       |
| train/                  |              |
|    approx_kl            | 0.0070790835 |
|    clip_fraction        | 0.0766       |
|    clip_range           | 0.2          |
|    entropy_loss         | -0.711       |
|    explained_variance   | 0.0734       |
|    learning_rate        | 0.0003       |
|    loss                 | 0.414        |
|    n_updates            | 590          |
|    policy_gradient_loss | -0.00264     |
|    value_loss           | 4.12         |
------------------------------------------
FruitCounts | {'Fruit': 0, 'DecayFruit': 5, 'EnemyFruit': 12} |
-----------------------------------------
| rollout/                |             |
|    ep_len_mean          | 487         |
|    ep_rew_mean          | -2.68       |
| time/                   |             |
|    fps                  | 149         |
|    iterations           | 61          |
|    time_elapsed         | 834         |
|    total_timesteps      | 124928      |
| train/                  |             |
|    approx_kl            | 0.010679871 |
|    clip_fraction        | 0.0833      |
|    clip_range           | 0.2         |
|    entropy_loss         | -0.719      |
|    explained_variance   | 0.061       |
|    learning_rate        | 0.0003      |
|    loss                 | 6.73        |
|    n_updates            | 600         |
|    policy_gradient_loss | -0.00756    |
|    value_loss           | 11.8        |
-----------------------------------------
FruitCounts | {'Fruit': 1, 'DecayFruit': 1, 'EnemyFruit': 2} |
-----------------------------------------
| rollout/                |             |
|    ep_len_mean          | 489         |
|    ep_rew_mean          | -2.23       |
| time/                   |             |
|    fps                  | 149         |
|    iterations           | 62          |
|    time_elapsed         | 847         |
|    total_timesteps      | 126976      |
| train/                  |             |
|    approx_kl            | 0.011998563 |
|    clip_fraction        | 0.124       |
|    clip_range           | 0.2         |
|    entropy_loss         | -0.761      |
|    explained_variance   | 0.0362      |
|    learning_rate        | 0.0003      |
|    loss                 | 0.361       |
|    n_updates            | 610         |
|    policy_gradient_loss | -0.00587    |
|    value_loss           | 2           |
-----------------------------------------
FruitCounts | {'Fruit': 0, 'DecayFruit': 2, 'EnemyFruit': 2} |
-----------------------------------------
| rollout/                |             |
|    ep_len_mean          | 475         |
|    ep_rew_mean          | -1.96       |
| time/                   |             |
|    fps                  | 150         |
|    iterations           | 63          |
|    time_elapsed         | 858         |
|    total_timesteps      | 129024      |
| train/                  |             |
|    approx_kl            | 0.010621622 |
|    clip_fraction        | 0.128       |
|    clip_range           | 0.2         |
|    entropy_loss         | -0.725      |
|    explained_variance   | 0.0642      |
|    learning_rate        | 0.0003      |
|    loss                 | 2.65        |
|    n_updates            | 620         |
|    policy_gradient_loss | -0.00928    |
|    value_loss           | 7.42        |
-----------------------------------------
FruitCounts | {'Fruit': 0, 'DecayFruit': 1, 'EnemyFruit': 1} |
-----------------------------------------
| rollout/                |             |
|    ep_len_mean          | 474         |
|    ep_rew_mean          | -2.44       |
| time/                   |             |
|    fps                  | 150         |
|    iterations           | 64          |
|    time_elapsed         | 869         |
|    total_timesteps      | 131072      |
| train/                  |             |
|    approx_kl            | 0.006560224 |
|    clip_fraction        | 0.0691      |
|    clip_range           | 0.2         |
|    entropy_loss         | -0.723      |
|    explained_variance   | -0.0455     |
|    learning_rate        | 0.0003      |
|    loss                 | 9.49        |
|    n_updates            | 630         |
|    policy_gradient_loss | -0.00455    |
|    value_loss           | 8.6         |
-----------------------------------------
FruitCounts | {'Fruit': 0, 'DecayFruit': 1, 'EnemyFruit': 1} |
-----------------------------------------
| rollout/                |             |
|    ep_len_mean          | 468         |
|    ep_rew_mean          | -2.98       |
| time/                   |             |
|    fps                  | 151         |
|    iterations           | 65          |
|    time_elapsed         | 878         |
|    total_timesteps      | 133120      |
| train/                  |             |
|    approx_kl            | 0.013435297 |
|    clip_fraction        | 0.155       |
|    clip_range           | 0.2         |
|    entropy_loss         | -0.732      |
|    explained_variance   | -0.0459     |
|    learning_rate        | 0.0003      |
|    loss                 | 0.599       |
|    n_updates            | 640         |
|    policy_gradient_loss | -0.00899    |
|    value_loss           | 4.32        |
-----------------------------------------
FruitCounts | {'Fruit': 0, 'DecayFruit': 2, 'EnemyFruit': 4} |
-----------------------------------------
| rollout/                |             |
|    ep_len_mean          | 485         |
|    ep_rew_mean          | -2.51       |
| time/                   |             |
|    fps                  | 151         |
|    iterations           | 66          |
|    time_elapsed         | 889         |
|    total_timesteps      | 135168      |
| train/                  |             |
|    approx_kl            | 0.010120342 |
|    clip_fraction        | 0.114       |
|    clip_range           | 0.2         |
|    entropy_loss         | -0.74       |
|    explained_variance   | 0.039       |
|    learning_rate        | 0.0003      |
|    loss                 | 0.577       |
|    n_updates            | 650         |
|    policy_gradient_loss | -0.00633    |
|    value_loss           | 3.3         |
-----------------------------------------
FruitCounts | {'Fruit': 0, 'DecayFruit': 0, 'EnemyFruit': 1} |
-----------------------------------------
| rollout/                |             |
|    ep_len_mean          | 502         |
|    ep_rew_mean          | -1.43       |
| time/                   |             |
|    fps                  | 152         |
|    iterations           | 67          |
|    time_elapsed         | 900         |
|    total_timesteps      | 137216      |
| train/                  |             |
|    approx_kl            | 0.008257683 |
|    clip_fraction        | 0.134       |
|    clip_range           | 0.2         |
|    entropy_loss         | -0.732      |
|    explained_variance   | 0.0296      |
|    learning_rate        | 0.0003      |
|    loss                 | 3.59        |
|    n_updates            | 660         |
|    policy_gradient_loss | -0.00605    |
|    value_loss           | 12.8        |
-----------------------------------------
FruitCounts | {'Fruit': 0, 'DecayFruit': 0, 'EnemyFruit': 0} |
------------------------------------------
| rollout/                |              |
|    ep_len_mean          | 506          |
|    ep_rew_mean          | -1.57        |
| time/                   |              |
|    fps                  | 152          |
|    iterations           | 68           |
|    time_elapsed         | 910          |
|    total_timesteps      | 139264       |
| train/                  |              |
|    approx_kl            | 0.0074058627 |
|    clip_fraction        | 0.0901       |
|    clip_range           | 0.2          |
|    entropy_loss         | -0.717       |
|    explained_variance   | -0.0576      |
|    learning_rate        | 0.0003       |
|    loss                 | 1.54         |
|    n_updates            | 670          |
|    policy_gradient_loss | -0.00115     |
|    value_loss           | 4.65         |
------------------------------------------
FruitCounts | {'Fruit': 0, 'DecayFruit': 0, 'EnemyFruit': 0} |
----------------------------------------
| rollout/                |            |
|    ep_len_mean          | 509        |
|    ep_rew_mean          | -1.82      |
| time/                   |            |
|    fps                  | 153        |
|    iterations           | 69         |
|    time_elapsed         | 920        |
|    total_timesteps      | 141312     |
| train/                  |            |
|    approx_kl            | 0.00971519 |
|    clip_fraction        | 0.104      |
|    clip_range           | 0.2        |
|    entropy_loss         | -0.671     |
|    explained_variance   | 0.124      |
|    learning_rate        | 0.0003     |
|    loss                 | 1.93       |
|    n_updates            | 680        |
|    policy_gradient_loss | -0.00202   |
|    value_loss           | 2.69       |
----------------------------------------
FruitCounts | {'Fruit': 0, 'DecayFruit': 2, 'EnemyFruit': 0} |
-----------------------------------------
| rollout/                |             |
|    ep_len_mean          | 511         |
|    ep_rew_mean          | -1.38       |
| time/                   |             |
|    fps                  | 154         |
|    iterations           | 70          |
|    time_elapsed         | 930         |
|    total_timesteps      | 143360      |
| train/                  |             |
|    approx_kl            | 0.007300835 |
|    clip_fraction        | 0.0967      |
|    clip_range           | 0.2         |
|    entropy_loss         | -0.666      |
|    explained_variance   | 0.0215      |
|    learning_rate        | 0.0003      |
|    loss                 | 6.75        |
|    n_updates            | 690         |
|    policy_gradient_loss | -0.00543    |
|    value_loss           | 10.5        |
-----------------------------------------
FruitCounts | {'Fruit': 1, 'DecayFruit': 1, 'EnemyFruit': 5} |
------------------------------------------
| rollout/                |              |
|    ep_len_mean          | 515          |
|    ep_rew_mean          | -0.751       |
| time/                   |              |
|    fps                  | 154          |
|    iterations           | 71           |
|    time_elapsed         | 940          |
|    total_timesteps      | 145408       |
| train/                  |              |
|    approx_kl            | 0.0058066826 |
|    clip_fraction        | 0.0619       |
|    clip_range           | 0.2          |
|    entropy_loss         | -0.662       |
|    explained_variance   | 0.0527       |
|    learning_rate        | 0.0003       |
|    loss                 | 6.5          |
|    n_updates            | 700          |
|    policy_gradient_loss | -0.0039      |
|    value_loss           | 8.61         |
------------------------------------------
FruitCounts | {'Fruit': 1, 'DecayFruit': 1, 'EnemyFruit': 4} |
------------------------------------------
| rollout/                |              |
|    ep_len_mean          | 528          |
|    ep_rew_mean          | -0.315       |
| time/                   |              |
|    fps                  | 155          |
|    iterations           | 72           |
|    time_elapsed         | 951          |
|    total_timesteps      | 147456       |
| train/                  |              |
|    approx_kl            | 0.0068942094 |
|    clip_fraction        | 0.0766       |
|    clip_range           | 0.2          |
|    entropy_loss         | -0.648       |
|    explained_variance   | 0.091        |
|    learning_rate        | 0.0003       |
|    loss                 | 1.19         |
|    n_updates            | 710          |
|    policy_gradient_loss | -0.00517     |
|    value_loss           | 8.68         |
------------------------------------------
FruitCounts | {'Fruit': 0, 'DecayFruit': 0, 'EnemyFruit': 0} |
-----------------------------------------
| rollout/                |             |
|    ep_len_mean          | 540         |
|    ep_rew_mean          | -0.842      |
| time/                   |             |
|    fps                  | 155         |
|    iterations           | 73          |
|    time_elapsed         | 962         |
|    total_timesteps      | 149504      |
| train/                  |             |
|    approx_kl            | 0.011551646 |
|    clip_fraction        | 0.111       |
|    clip_range           | 0.2         |
|    entropy_loss         | -0.669      |
|    explained_variance   | 0.0921      |
|    learning_rate        | 0.0003      |
|    loss                 | 2.35        |
|    n_updates            | 720         |
|    policy_gradient_loss | -0.00715    |
|    value_loss           | 4.58        |
-----------------------------------------
FruitCounts | {'Fruit': 1, 'DecayFruit': 0, 'EnemyFruit': 0} |
------------------------------------------
| rollout/                |              |
|    ep_len_mean          | 528          |
|    ep_rew_mean          | -0.553       |
| time/                   |              |
|    fps                  | 155          |
|    iterations           | 74           |
|    time_elapsed         | 974          |
|    total_timesteps      | 151552       |
| train/                  |              |
|    approx_kl            | 0.0105810845 |
|    clip_fraction        | 0.0912       |
|    clip_range           | 0.2          |
|    entropy_loss         | -0.658       |
|    explained_variance   | 0.126        |
|    learning_rate        | 0.0003       |
|    loss                 | 2.29         |
|    n_updates            | 730          |
|    policy_gradient_loss | -0.00794     |
|    value_loss           | 6.19         |
------------------------------------------
FruitCounts | {'Fruit': 0, 'DecayFruit': 0, 'EnemyFruit': 0} |
------------------------------------------
| rollout/                |              |
|    ep_len_mean          | 540          |
|    ep_rew_mean          | -0.124       |
| time/                   |              |
|    fps                  | 156          |
|    iterations           | 75           |
|    time_elapsed         | 984          |
|    total_timesteps      | 153600       |
| train/                  |              |
|    approx_kl            | 0.0051738876 |
|    clip_fraction        | 0.0611       |
|    clip_range           | 0.2          |
|    entropy_loss         | -0.623       |
|    explained_variance   | 0.124        |
|    learning_rate        | 0.0003       |
|    loss                 | 5.72         |
|    n_updates            | 740          |
|    policy_gradient_loss | -0.00485     |
|    value_loss           | 16.8         |
------------------------------------------
FruitCounts | {'Fruit': 1, 'DecayFruit': 0, 'EnemyFruit': 0} |
-----------------------------------------
| rollout/                |             |
|    ep_len_mean          | 540         |
|    ep_rew_mean          | 0.118       |
| time/                   |             |
|    fps                  | 156         |
|    iterations           | 76          |
|    time_elapsed         | 994         |
|    total_timesteps      | 155648      |
| train/                  |             |
|    approx_kl            | 0.008818532 |
|    clip_fraction        | 0.113       |
|    clip_range           | 0.2         |
|    entropy_loss         | -0.644      |
|    explained_variance   | 0.0701      |
|    learning_rate        | 0.0003      |
|    loss                 | 9.63        |
|    n_updates            | 750         |
|    policy_gradient_loss | -0.00378    |
|    value_loss           | 7.22        |
-----------------------------------------
FruitCounts | {'Fruit': 0, 'DecayFruit': 0, 'EnemyFruit': 1} |
-----------------------------------------
| rollout/                |             |
|    ep_len_mean          | 538         |
|    ep_rew_mean          | 0.0438      |
| time/                   |             |
|    fps                  | 156         |
|    iterations           | 77          |
|    time_elapsed         | 1004        |
|    total_timesteps      | 157696      |
| train/                  |             |
|    approx_kl            | 0.010144414 |
|    clip_fraction        | 0.113       |
|    clip_range           | 0.2         |
|    entropy_loss         | -0.644      |
|    explained_variance   | 0.151       |
|    learning_rate        | 0.0003      |
|    loss                 | 1.26        |
|    n_updates            | 760         |
|    policy_gradient_loss | -0.00642    |
|    value_loss           | 3.76        |
-----------------------------------------
FruitCounts | {'Fruit': 0, 'DecayFruit': 1, 'EnemyFruit': 0} |
-----------------------------------------
| rollout/                |             |
|    ep_len_mean          | 545         |
|    ep_rew_mean          | 0.522       |
| time/                   |             |
|    fps                  | 157         |
|    iterations           | 78          |
|    time_elapsed         | 1014        |
|    total_timesteps      | 159744      |
| train/                  |             |
|    approx_kl            | 0.012293457 |
|    clip_fraction        | 0.109       |
|    clip_range           | 0.2         |
|    entropy_loss         | -0.632      |
|    explained_variance   | 0.177       |
|    learning_rate        | 0.0003      |
|    loss                 | 0.182       |
|    n_updates            | 770         |
|    policy_gradient_loss | -0.00237    |
|    value_loss           | 0.977       |
-----------------------------------------
FruitCounts | {'Fruit': 1, 'DecayFruit': 0, 'EnemyFruit': 0} |
-----------------------------------------
| rollout/                |             |
|    ep_len_mean          | 558         |
|    ep_rew_mean          | -0.114      |
| time/                   |             |
|    fps                  | 157         |
|    iterations           | 79          |
|    time_elapsed         | 1025        |
|    total_timesteps      | 161792      |
| train/                  |             |
|    approx_kl            | 0.009555325 |
|    clip_fraction        | 0.114       |
|    clip_range           | 0.2         |
|    entropy_loss         | -0.621      |
|    explained_variance   | 0.18        |
|    learning_rate        | 0.0003      |
|    loss                 | 1.7         |
|    n_updates            | 780         |
|    policy_gradient_loss | -0.00345    |
|    value_loss           | 3.37        |
-----------------------------------------
FruitCounts | {'Fruit': 0, 'DecayFruit': 0, 'EnemyFruit': 0} |
------------------------------------------
| rollout/                |              |
|    ep_len_mean          | 531          |
|    ep_rew_mean          | 0.148        |
| time/                   |              |
|    fps                  | 158          |
|    iterations           | 80           |
|    time_elapsed         | 1035         |
|    total_timesteps      | 163840       |
| train/                  |              |
|    approx_kl            | 0.0052225925 |
|    clip_fraction        | 0.0657       |
|    clip_range           | 0.2          |
|    entropy_loss         | -0.645       |
|    explained_variance   | 0.525        |
|    learning_rate        | 0.0003       |
|    loss                 | 0.263        |
|    n_updates            | 790          |
|    policy_gradient_loss | -0.00115     |
|    value_loss           | 1.24         |
------------------------------------------
FruitCounts | {'Fruit': 0, 'DecayFruit': 1, 'EnemyFruit': 2} |
-----------------------------------------
| rollout/                |             |
|    ep_len_mean          | 536         |
|    ep_rew_mean          | 0.0714      |
| time/                   |             |
|    fps                  | 158         |
|    iterations           | 81          |
|    time_elapsed         | 1044        |
|    total_timesteps      | 165888      |
| train/                  |             |
|    approx_kl            | 0.005484606 |
|    clip_fraction        | 0.0664      |
|    clip_range           | 0.2         |
|    entropy_loss         | -0.596      |
|    explained_variance   | 0.0155      |
|    learning_rate        | 0.0003      |
|    loss                 | 1.09        |
|    n_updates            | 800         |
|    policy_gradient_loss | -0.00585    |
|    value_loss           | 4.65        |
-----------------------------------------
FruitCounts | {'Fruit': 1, 'DecayFruit': 1, 'EnemyFruit': 4} |
-----------------------------------------
| rollout/                |             |
|    ep_len_mean          | 550         |
|    ep_rew_mean          | -0.25       |
| time/                   |             |
|    fps                  | 159         |
|    iterations           | 82          |
|    time_elapsed         | 1055        |
|    total_timesteps      | 167936      |
| train/                  |             |
|    approx_kl            | 0.007073682 |
|    clip_fraction        | 0.0654      |
|    clip_range           | 0.2         |
|    entropy_loss         | -0.6        |
|    explained_variance   | 0.26        |
|    learning_rate        | 0.0003      |
|    loss                 | 0.428       |
|    n_updates            | 810         |
|    policy_gradient_loss | -0.00463    |
|    value_loss           | 0.79        |
-----------------------------------------
FruitCounts | {'Fruit': 1, 'DecayFruit': 0, 'EnemyFruit': 0} |
------------------------------------------
| rollout/                |              |
|    ep_len_mean          | 555          |
|    ep_rew_mean          | 0.384        |
| time/                   |              |
|    fps                  | 159          |
|    iterations           | 83           |
|    time_elapsed         | 1066         |
|    total_timesteps      | 169984       |
| train/                  |              |
|    approx_kl            | 0.0075374516 |
|    clip_fraction        | 0.102        |
|    clip_range           | 0.2          |
|    entropy_loss         | -0.608       |
|    explained_variance   | -0.00955     |
|    learning_rate        | 0.0003       |
|    loss                 | 0.185        |
|    n_updates            | 820          |
|    policy_gradient_loss | -0.00462     |
|    value_loss           | 1.62         |
------------------------------------------
FruitCounts | {'Fruit': 0, 'DecayFruit': 1, 'EnemyFruit': 2} |
------------------------------------------
| rollout/                |              |
|    ep_len_mean          | 564          |
|    ep_rew_mean          | 0.301        |
| time/                   |              |
|    fps                  | 159          |
|    iterations           | 84           |
|    time_elapsed         | 1075         |
|    total_timesteps      | 172032       |
| train/                  |              |
|    approx_kl            | 0.0069766887 |
|    clip_fraction        | 0.0922       |
|    clip_range           | 0.2          |
|    entropy_loss         | -0.588       |
|    explained_variance   | 0.142        |
|    learning_rate        | 0.0003       |
|    loss                 | 5.14         |
|    n_updates            | 830          |
|    policy_gradient_loss | -0.00503     |
|    value_loss           | 7.18         |
------------------------------------------
FruitCounts | {'Fruit': 0, 'DecayFruit': 0, 'EnemyFruit': 0} |
-----------------------------------------
| rollout/                |             |
|    ep_len_mean          | 560         |
|    ep_rew_mean          | 0.479       |
| time/                   |             |
|    fps                  | 160         |
|    iterations           | 85          |
|    time_elapsed         | 1086        |
|    total_timesteps      | 174080      |
| train/                  |             |
|    approx_kl            | 0.007753795 |
|    clip_fraction        | 0.0851      |
|    clip_range           | 0.2         |
|    entropy_loss         | -0.578      |
|    explained_variance   | 0.0522      |
|    learning_rate        | 0.0003      |
|    loss                 | 4.68        |
|    n_updates            | 840         |
|    policy_gradient_loss | -0.0047     |
|    value_loss           | 4.29        |
-----------------------------------------
FruitCounts | {'Fruit': 1, 'DecayFruit': 1, 'EnemyFruit': 1} |
-----------------------------------------
| rollout/                |             |
|    ep_len_mean          | 566         |
|    ep_rew_mean          | 1.18        |
| time/                   |             |
|    fps                  | 160         |
|    iterations           | 86          |
|    time_elapsed         | 1095        |
|    total_timesteps      | 176128      |
| train/                  |             |
|    approx_kl            | 0.008939922 |
|    clip_fraction        | 0.0648      |
|    clip_range           | 0.2         |
|    entropy_loss         | -0.584      |
|    explained_variance   | -0.0113     |
|    learning_rate        | 0.0003      |
|    loss                 | 3.92        |
|    n_updates            | 850         |
|    policy_gradient_loss | -0.00435    |
|    value_loss           | 6.32        |
-----------------------------------------
FruitCounts | {'Fruit': 0, 'DecayFruit': 1, 'EnemyFruit': 2} |
-----------------------------------------
| rollout/                |             |
|    ep_len_mean          | 589         |
|    ep_rew_mean          | 1.31        |
| time/                   |             |
|    fps                  | 161         |
|    iterations           | 87          |
|    time_elapsed         | 1106        |
|    total_timesteps      | 178176      |
| train/                  |             |
|    approx_kl            | 0.007905587 |
|    clip_fraction        | 0.0797      |
|    clip_range           | 0.2         |
|    entropy_loss         | -0.557      |
|    explained_variance   | 0.00151     |
|    learning_rate        | 0.0003      |
|    loss                 | 9.34        |
|    n_updates            | 860         |
|    policy_gradient_loss | -0.00552    |
|    value_loss           | 8.13        |
-----------------------------------------
FruitCounts | {'Fruit': 0, 'DecayFruit': 1, 'EnemyFruit': 1} |
------------------------------------------
| rollout/                |              |
|    ep_len_mean          | 586          |
|    ep_rew_mean          | 2.12         |
| time/                   |              |
|    fps                  | 161          |
|    iterations           | 88           |
|    time_elapsed         | 1116         |
|    total_timesteps      | 180224       |
| train/                  |              |
|    approx_kl            | 0.0044105123 |
|    clip_fraction        | 0.0771       |
|    clip_range           | 0.2          |
|    entropy_loss         | -0.537       |
|    explained_variance   | 0.0388       |
|    learning_rate        | 0.0003       |
|    loss                 | 1.29         |
|    n_updates            | 870          |
|    policy_gradient_loss | -0.00248     |
|    value_loss           | 6.86         |
------------------------------------------
FruitCounts | {'Fruit': 1, 'DecayFruit': 1, 'EnemyFruit': 2} |
-----------------------------------------
| rollout/                |             |
|    ep_len_mean          | 589         |
|    ep_rew_mean          | 1.45        |
| time/                   |             |
|    fps                  | 161         |
|    iterations           | 89          |
|    time_elapsed         | 1126        |
|    total_timesteps      | 182272      |
| train/                  |             |
|    approx_kl            | 0.005874149 |
|    clip_fraction        | 0.0579      |
|    clip_range           | 0.2         |
|    entropy_loss         | -0.525      |
|    explained_variance   | -0.0799     |
|    learning_rate        | 0.0003      |
|    loss                 | 2.55        |
|    n_updates            | 880         |
|    policy_gradient_loss | -0.00217    |
|    value_loss           | 10.5        |
-----------------------------------------
FruitCounts | {'Fruit': 0, 'DecayFruit': 0, 'EnemyFruit': 2} |
-----------------------------------------
| rollout/                |             |
|    ep_len_mean          | 610         |
|    ep_rew_mean          | 1.32        |
| time/                   |             |
|    fps                  | 162         |
|    iterations           | 90          |
|    time_elapsed         | 1137        |
|    total_timesteps      | 184320      |
| train/                  |             |
|    approx_kl            | 0.008284551 |
|    clip_fraction        | 0.0844      |
|    clip_range           | 0.2         |
|    entropy_loss         | -0.527      |
|    explained_variance   | 0.062       |
|    learning_rate        | 0.0003      |
|    loss                 | 0.488       |
|    n_updates            | 890         |
|    policy_gradient_loss | -0.00533    |
|    value_loss           | 2.94        |
-----------------------------------------
FruitCounts | {'Fruit': 0, 'DecayFruit': 1, 'EnemyFruit': 1} |
------------------------------------------
| rollout/                |              |
|    ep_len_mean          | 611          |
|    ep_rew_mean          | 0.886        |
| time/                   |              |
|    fps                  | 162          |
|    iterations           | 91           |
|    time_elapsed         | 1147         |
|    total_timesteps      | 186368       |
| train/                  |              |
|    approx_kl            | 0.0069780033 |
|    clip_fraction        | 0.0918       |
|    clip_range           | 0.2          |
|    entropy_loss         | -0.514       |
|    explained_variance   | -0.09        |
|    learning_rate        | 0.0003       |
|    loss                 | 0.261        |
|    n_updates            | 900          |
|    policy_gradient_loss | -0.00158     |
|    value_loss           | 0.486        |
------------------------------------------
FruitCounts | {'Fruit': 0, 'DecayFruit': 1, 'EnemyFruit': 0} |
------------------------------------------
| rollout/                |              |
|    ep_len_mean          | 622          |
|    ep_rew_mean          | 0.85         |
| time/                   |              |
|    fps                  | 162          |
|    iterations           | 92           |
|    time_elapsed         | 1156         |
|    total_timesteps      | 188416       |
| train/                  |              |
|    approx_kl            | 0.0062535345 |
|    clip_fraction        | 0.0821       |
|    clip_range           | 0.2          |
|    entropy_loss         | -0.544       |
|    explained_variance   | -0.0221      |
|    learning_rate        | 0.0003       |
|    loss                 | 0.268        |
|    n_updates            | 910          |
|    policy_gradient_loss | -0.00302     |
|    value_loss           | 4.09         |
------------------------------------------
FruitCounts | {'Fruit': 0, 'DecayFruit': 0, 'EnemyFruit': 0} |
-----------------------------------------
| rollout/                |             |
|    ep_len_mean          | 645         |
|    ep_rew_mean          | 0.735       |
| time/                   |             |
|    fps                  | 163         |
|    iterations           | 93          |
|    time_elapsed         | 1166        |
|    total_timesteps      | 190464      |
| train/                  |             |
|    approx_kl            | 0.005370551 |
|    clip_fraction        | 0.0624      |
|    clip_range           | 0.2         |
|    entropy_loss         | -0.518      |
|    explained_variance   | -0.0099     |
|    learning_rate        | 0.0003      |
|    loss                 | 0.56        |
|    n_updates            | 920         |
|    policy_gradient_loss | -0.0044     |
|    value_loss           | 3.98        |
-----------------------------------------
FruitCounts | {'Fruit': 0, 'DecayFruit': 0, 'EnemyFruit': 3} |
-----------------------------------------
| rollout/                |             |
|    ep_len_mean          | 649         |
|    ep_rew_mean          | 1.07        |
| time/                   |             |
|    fps                  | 163         |
|    iterations           | 94          |
|    time_elapsed         | 1176        |
|    total_timesteps      | 192512      |
| train/                  |             |
|    approx_kl            | 0.007471445 |
|    clip_fraction        | 0.0824      |
|    clip_range           | 0.2         |
|    entropy_loss         | -0.471      |
|    explained_variance   | -0.124      |
|    learning_rate        | 0.0003      |
|    loss                 | 0.493       |
|    n_updates            | 930         |
|    policy_gradient_loss | -0.00219    |
|    value_loss           | 0.478       |
-----------------------------------------
FruitCounts | {'Fruit': 0, 'DecayFruit': 1, 'EnemyFruit': 0} |
-----------------------------------------
| rollout/                |             |
|    ep_len_mean          | 659         |
|    ep_rew_mean          | 0.617       |
| time/                   |             |
|    fps                  | 163         |
|    iterations           | 95          |
|    time_elapsed         | 1187        |
|    total_timesteps      | 194560      |
| train/                  |             |
|    approx_kl            | 0.008060916 |
|    clip_fraction        | 0.1         |
|    clip_range           | 0.2         |
|    entropy_loss         | -0.509      |
|    explained_variance   | 0.00986     |
|    learning_rate        | 0.0003      |
|    loss                 | 2.03        |
|    n_updates            | 940         |
|    policy_gradient_loss | -0.00709    |
|    value_loss           | 4.26        |
-----------------------------------------
FruitCounts | {'Fruit': 0, 'DecayFruit': 0, 'EnemyFruit': 2} |
-----------------------------------------
| rollout/                |             |
|    ep_len_mean          | 664         |
|    ep_rew_mean          | 1.44        |
| time/                   |             |
|    fps                  | 164         |
|    iterations           | 96          |
|    time_elapsed         | 1197        |
|    total_timesteps      | 196608      |
| train/                  |             |
|    approx_kl            | 0.010861788 |
|    clip_fraction        | 0.111       |
|    clip_range           | 0.2         |
|    entropy_loss         | -0.538      |
|    explained_variance   | -0.09       |
|    learning_rate        | 0.0003      |
|    loss                 | 0.636       |
|    n_updates            | 950         |
|    policy_gradient_loss | -0.0111     |
|    value_loss           | 6.49        |
-----------------------------------------
FruitCounts | {'Fruit': 0, 'DecayFruit': 0, 'EnemyFruit': 0} |
-----------------------------------------
| rollout/                |             |
|    ep_len_mean          | 668         |
|    ep_rew_mean          | 2.72        |
| time/                   |             |
|    fps                  | 164         |
|    iterations           | 97          |
|    time_elapsed         | 1207        |
|    total_timesteps      | 198656      |
| train/                  |             |
|    approx_kl            | 0.006865659 |
|    clip_fraction        | 0.0614      |
|    clip_range           | 0.2         |
|    entropy_loss         | -0.501      |
|    explained_variance   | 0.0485      |
|    learning_rate        | 0.0003      |
|    loss                 | 6.69        |
|    n_updates            | 960         |
|    policy_gradient_loss | -0.00516    |
|    value_loss           | 9.22        |
-----------------------------------------
FruitCounts | {'Fruit': 1, 'DecayFruit': 1, 'EnemyFruit': 5} |
-----------------------------------------
| rollout/                |             |
|    ep_len_mean          | 664         |
|    ep_rew_mean          | 2.9         |
| time/                   |             |
|    fps                  | 164         |
|    iterations           | 98          |
|    time_elapsed         | 1217        |
|    total_timesteps      | 200704      |
| train/                  |             |
|    approx_kl            | 0.007416325 |
|    clip_fraction        | 0.0709      |
|    clip_range           | 0.2         |
|    entropy_loss         | -0.509      |
|    explained_variance   | -0.00535    |
|    learning_rate        | 0.0003      |
|    loss                 | 1.23        |
|    n_updates            | 970         |
|    policy_gradient_loss | -0.00351    |
|    value_loss           | 6.33        |
-----------------------------------------
FruitCounts | {'Fruit': 0, 'DecayFruit': 1, 'EnemyFruit': 2} |
------------------------------------------
| rollout/                |              |
|    ep_len_mean          | 679          |
|    ep_rew_mean          | 2.76         |
| time/                   |              |
|    fps                  | 165          |
|    iterations           | 99           |
|    time_elapsed         | 1226         |
|    total_timesteps      | 202752       |
| train/                  |              |
|    approx_kl            | 0.0068777716 |
|    clip_fraction        | 0.0657       |
|    clip_range           | 0.2          |
|    entropy_loss         | -0.497       |
|    explained_variance   | -0.00385     |
|    learning_rate        | 0.0003       |
|    loss                 | 3.51         |
|    n_updates            | 980          |
|    policy_gradient_loss | -0.00138     |
|    value_loss           | 3.16         |
------------------------------------------
FruitCounts | {'Fruit': 0, 'DecayFruit': 0, 'EnemyFruit': 0} |
-----------------------------------------
| rollout/                |             |
|    ep_len_mean          | 701         |
|    ep_rew_mean          | 2.59        |
| time/                   |             |
|    fps                  | 165         |
|    iterations           | 100         |
|    time_elapsed         | 1237        |
|    total_timesteps      | 204800      |
| train/                  |             |
|    approx_kl            | 0.011712897 |
|    clip_fraction        | 0.1         |
|    clip_range           | 0.2         |
|    entropy_loss         | -0.514      |
|    explained_variance   | 0.0616      |
|    learning_rate        | 0.0003      |
|    loss                 | 1.04        |
|    n_updates            | 990         |
|    policy_gradient_loss | -0.00289    |
|    value_loss           | 2.49        |
-----------------------------------------
FruitCounts | {'Fruit': 0, 'DecayFruit': 1, 'EnemyFruit': 0} |
------------------------------------------
| rollout/                |              |
|    ep_len_mean          | 705          |
|    ep_rew_mean          | 2.39         |
| time/                   |              |
|    fps                  | 165          |
|    iterations           | 101          |
|    time_elapsed         | 1247         |
|    total_timesteps      | 206848       |
| train/                  |              |
|    approx_kl            | 0.0078047775 |
|    clip_fraction        | 0.097        |
|    clip_range           | 0.2          |
|    entropy_loss         | -0.509       |
|    explained_variance   | 0.0131       |
|    learning_rate        | 0.0003       |
|    loss                 | 1.32         |
|    n_updates            | 1000         |
|    policy_gradient_loss | -0.000701    |
|    value_loss           | 3.85         |
------------------------------------------
FruitCounts | {'Fruit': 2, 'DecayFruit': 0, 'EnemyFruit': 4} |
------------------------------------------
| rollout/                |              |
|    ep_len_mean          | 697          |
|    ep_rew_mean          | 2.24         |
| time/                   |              |
|    fps                  | 166          |
|    iterations           | 102          |
|    time_elapsed         | 1256         |
|    total_timesteps      | 208896       |
| train/                  |              |
|    approx_kl            | 0.0035137516 |
|    clip_fraction        | 0.067        |
|    clip_range           | 0.2          |
|    entropy_loss         | -0.449       |
|    explained_variance   | 0.031        |
|    learning_rate        | 0.0003       |
|    loss                 | 0.914        |
|    n_updates            | 1010         |
|    policy_gradient_loss | -0.00273     |
|    value_loss           | 4.13         |
------------------------------------------
FruitCounts | {'Fruit': 0, 'DecayFruit': 0, 'EnemyFruit': 0} |
----------------------------------------
| rollout/                |            |
|    ep_len_mean          | 702        |
|    ep_rew_mean          | 2.73       |
| time/                   |            |
|    fps                  | 166        |
|    iterations           | 103        |
|    time_elapsed         | 1267       |
|    total_timesteps      | 210944     |
| train/                  |            |
|    approx_kl            | 0.00736251 |
|    clip_fraction        | 0.0746     |
|    clip_range           | 0.2        |
|    entropy_loss         | -0.449     |
|    explained_variance   | 0.0258     |
|    learning_rate        | 0.0003     |
|    loss                 | 2.42       |
|    n_updates            | 1020       |
|    policy_gradient_loss | -0.00144   |
|    value_loss           | 1.66       |
----------------------------------------
FruitCounts | {'Fruit': 0, 'DecayFruit': 0, 'EnemyFruit': 1} |
------------------------------------------
| rollout/                |              |
|    ep_len_mean          | 705          |
|    ep_rew_mean          | 2.46         |
| time/                   |              |
|    fps                  | 166          |
|    iterations           | 104          |
|    time_elapsed         | 1277         |
|    total_timesteps      | 212992       |
| train/                  |              |
|    approx_kl            | 0.0048210043 |
|    clip_fraction        | 0.0669       |
|    clip_range           | 0.2          |
|    entropy_loss         | -0.464       |
|    explained_variance   | 0.0687       |
|    learning_rate        | 0.0003       |
|    loss                 | 7.59         |
|    n_updates            | 1030         |
|    policy_gradient_loss | -0.00226     |
|    value_loss           | 8.71         |
------------------------------------------
FruitCounts | {'Fruit': 0, 'DecayFruit': 2, 'EnemyFruit': 2} |
-----------------------------------------
| rollout/                |             |
|    ep_len_mean          | 722         |
|    ep_rew_mean          | 1.66        |
| time/                   |             |
|    fps                  | 167         |
|    iterations           | 105         |
|    time_elapsed         | 1287        |
|    total_timesteps      | 215040      |
| train/                  |             |
|    approx_kl            | 0.006540181 |
|    clip_fraction        | 0.0598      |
|    clip_range           | 0.2         |
|    entropy_loss         | -0.468      |
|    explained_variance   | 0.177       |
|    learning_rate        | 0.0003      |
|    loss                 | 2.21        |
|    n_updates            | 1040        |
|    policy_gradient_loss | -0.00365    |
|    value_loss           | 4.71        |
-----------------------------------------
FruitCounts | {'Fruit': 0, 'DecayFruit': 0, 'EnemyFruit': 1} |
------------------------------------------
| rollout/                |              |
|    ep_len_mean          | 712          |
|    ep_rew_mean          | 1.5          |
| time/                   |              |
|    fps                  | 167          |
|    iterations           | 106          |
|    time_elapsed         | 1297         |
|    total_timesteps      | 217088       |
| train/                  |              |
|    approx_kl            | 0.0062399255 |
|    clip_fraction        | 0.0604       |
|    clip_range           | 0.2          |
|    entropy_loss         | -0.494       |
|    explained_variance   | -0.191       |
|    learning_rate        | 0.0003       |
|    loss                 | 2.26         |
|    n_updates            | 1050         |
|    policy_gradient_loss | -0.0015      |
|    value_loss           | 1.79         |
------------------------------------------
FruitCounts | {'Fruit': 0, 'DecayFruit': 0, 'EnemyFruit': 0} |
------------------------------------------
| rollout/                |              |
|    ep_len_mean          | 722          |
|    ep_rew_mean          | 1.46         |
| time/                   |              |
|    fps                  | 167          |
|    iterations           | 107          |
|    time_elapsed         | 1306         |
|    total_timesteps      | 219136       |
| train/                  |              |
|    approx_kl            | 0.0065817228 |
|    clip_fraction        | 0.0605       |
|    clip_range           | 0.2          |
|    entropy_loss         | -0.493       |
|    explained_variance   | 0.225        |
|    learning_rate        | 0.0003       |
|    loss                 | 2.65         |
|    n_updates            | 1060         |
|    policy_gradient_loss | -0.00241     |
|    value_loss           | 4.42         |
------------------------------------------
FruitCounts | {'Fruit': 1, 'DecayFruit': 0, 'EnemyFruit': 2} |
------------------------------------------
| rollout/                |              |
|    ep_len_mean          | 713          |
|    ep_rew_mean          | 1.04         |
| time/                   |              |
|    fps                  | 167          |
|    iterations           | 108          |
|    time_elapsed         | 1318         |
|    total_timesteps      | 221184       |
| train/                  |              |
|    approx_kl            | 0.0058094226 |
|    clip_fraction        | 0.0737       |
|    clip_range           | 0.2          |
|    entropy_loss         | -0.449       |
|    explained_variance   | 0.329        |
|    learning_rate        | 0.0003       |
|    loss                 | 0.236        |
|    n_updates            | 1070         |
|    policy_gradient_loss | -0.00329     |
|    value_loss           | 2.3          |
------------------------------------------
FruitCounts | {'Fruit': 0, 'DecayFruit': 0, 'EnemyFruit': 3} |
-----------------------------------------
| rollout/                |             |
|    ep_len_mean          | 716         |
|    ep_rew_mean          | 0.824       |
| time/                   |             |
|    fps                  | 168         |
|    iterations           | 109         |
|    time_elapsed         | 1327        |
|    total_timesteps      | 223232      |
| train/                  |             |
|    approx_kl            | 0.004987768 |
|    clip_fraction        | 0.0508      |
|    clip_range           | 0.2         |
|    entropy_loss         | -0.466      |
|    explained_variance   | 0.0698      |
|    learning_rate        | 0.0003      |
|    loss                 | 2.24        |
|    n_updates            | 1080        |
|    policy_gradient_loss | -0.0038     |
|    value_loss           | 5.96        |
-----------------------------------------
FruitCounts | {'Fruit': 0, 'DecayFruit': 0, 'EnemyFruit': 2} |
------------------------------------------
| rollout/                |              |
|    ep_len_mean          | 733          |
|    ep_rew_mean          | 0.0493       |
| time/                   |              |
|    fps                  | 168          |
|    iterations           | 110          |
|    time_elapsed         | 1338         |
|    total_timesteps      | 225280       |
| train/                  |              |
|    approx_kl            | 0.0064490484 |
|    clip_fraction        | 0.0687       |
|    clip_range           | 0.2          |
|    entropy_loss         | -0.456       |
|    explained_variance   | -0.0324      |
|    learning_rate        | 0.0003       |
|    loss                 | 1.18         |
|    n_updates            | 1090         |
|    policy_gradient_loss | -0.00423     |
|    value_loss           | 3.11         |
------------------------------------------
FruitCounts | {'Fruit': 0, 'DecayFruit': 0, 'EnemyFruit': 3} |
-----------------------------------------
| rollout/                |             |
|    ep_len_mean          | 719         |
|    ep_rew_mean          | -0.684      |
| time/                   |             |
|    fps                  | 168         |
|    iterations           | 111         |
|    time_elapsed         | 1347        |
|    total_timesteps      | 227328      |
| train/                  |             |
|    approx_kl            | 0.008088337 |
|    clip_fraction        | 0.0694      |
|    clip_range           | 0.2         |
|    entropy_loss         | -0.459      |
|    explained_variance   | 0.307       |
|    learning_rate        | 0.0003      |
|    loss                 | 3.08        |
|    n_updates            | 1100        |
|    policy_gradient_loss | -0.00411    |
|    value_loss           | 3.85        |
-----------------------------------------
FruitCounts | {'Fruit': 0, 'DecayFruit': 1, 'EnemyFruit': 5} |
-----------------------------------------
| rollout/                |             |
|    ep_len_mean          | 714         |
|    ep_rew_mean          | -0.633      |
| time/                   |             |
|    fps                  | 168         |
|    iterations           | 112         |
|    time_elapsed         | 1358        |
|    total_timesteps      | 229376      |
| train/                  |             |
|    approx_kl            | 0.010919401 |
|    clip_fraction        | 0.101       |
|    clip_range           | 0.2         |
|    entropy_loss         | -0.471      |
|    explained_variance   | -0.0104     |
|    learning_rate        | 0.0003      |
|    loss                 | 4.6         |
|    n_updates            | 1110        |
|    policy_gradient_loss | -0.00231    |
|    value_loss           | 2.55        |
-----------------------------------------
FruitCounts | {'Fruit': 1, 'DecayFruit': 1, 'EnemyFruit': 3} |
------------------------------------------
| rollout/                |              |
|    ep_len_mean          | 691          |
|    ep_rew_mean          | -0.339       |
| time/                   |              |
|    fps                  | 169          |
|    iterations           | 113          |
|    time_elapsed         | 1369         |
|    total_timesteps      | 231424       |
| train/                  |              |
|    approx_kl            | 0.0061393976 |
|    clip_fraction        | 0.0588       |
|    clip_range           | 0.2          |
|    entropy_loss         | -0.454       |
|    explained_variance   | 0.0866       |
|    learning_rate        | 0.0003       |
|    loss                 | 2.36         |
|    n_updates            | 1120         |
|    policy_gradient_loss | -0.0035      |
|    value_loss           | 5.88         |
------------------------------------------
FruitCounts | {'Fruit': 0, 'DecayFruit': 2, 'EnemyFruit': 5} |
------------------------------------------
| rollout/                |              |
|    ep_len_mean          | 695          |
|    ep_rew_mean          | -0.413       |
| time/                   |              |
|    fps                  | 169          |
|    iterations           | 114          |
|    time_elapsed         | 1379         |
|    total_timesteps      | 233472       |
| train/                  |              |
|    approx_kl            | 0.0057583842 |
|    clip_fraction        | 0.0572       |
|    clip_range           | 0.2          |
|    entropy_loss         | -0.476       |
|    explained_variance   | 0.0059       |
|    learning_rate        | 0.0003       |
|    loss                 | 2.69         |
|    n_updates            | 1130         |
|    policy_gradient_loss | -0.00326     |
|    value_loss           | 8.43         |
------------------------------------------
FruitCounts | {'Fruit': 0, 'DecayFruit': 1, 'EnemyFruit': 0} |
------------------------------------------
| rollout/                |              |
|    ep_len_mean          | 683          |
|    ep_rew_mean          | 0.997        |
| time/                   |              |
|    fps                  | 169          |
|    iterations           | 115          |
|    time_elapsed         | 1389         |
|    total_timesteps      | 235520       |
| train/                  |              |
|    approx_kl            | 0.0072680004 |
|    clip_fraction        | 0.0967       |
|    clip_range           | 0.2          |
|    entropy_loss         | -0.452       |
|    explained_variance   | 0.0367       |
|    learning_rate        | 0.0003       |
|    loss                 | 3            |
|    n_updates            | 1140         |
|    policy_gradient_loss | -0.00569     |
|    value_loss           | 7.5          |
------------------------------------------
FruitCounts | {'Fruit': 1, 'DecayFruit': 0, 'EnemyFruit': 1} |
------------------------------------------
| rollout/                |              |
|    ep_len_mean          | 677          |
|    ep_rew_mean          | 1.26         |
| time/                   |              |
|    fps                  | 169          |
|    iterations           | 116          |
|    time_elapsed         | 1398         |
|    total_timesteps      | 237568       |
| train/                  |              |
|    approx_kl            | 0.0069049946 |
|    clip_fraction        | 0.0648       |
|    clip_range           | 0.2          |
|    entropy_loss         | -0.47        |
|    explained_variance   | -0.0593      |
|    learning_rate        | 0.0003       |
|    loss                 | 3.09         |
|    n_updates            | 1150         |
|    policy_gradient_loss | -0.00475     |
|    value_loss           | 9.43         |
------------------------------------------
FruitCounts | {'Fruit': 0, 'DecayFruit': 2, 'EnemyFruit': 0} |
-----------------------------------------
| rollout/                |             |
|    ep_len_mean          | 700         |
|    ep_rew_mean          | 0.799       |
| time/                   |             |
|    fps                  | 169         |
|    iterations           | 117         |
|    time_elapsed         | 1410        |
|    total_timesteps      | 239616      |
| train/                  |             |
|    approx_kl            | 0.007822653 |
|    clip_fraction        | 0.107       |
|    clip_range           | 0.2         |
|    entropy_loss         | -0.483      |
|    explained_variance   | 0.117       |
|    learning_rate        | 0.0003      |
|    loss                 | 2.13        |
|    n_updates            | 1160        |
|    policy_gradient_loss | -0.00305    |
|    value_loss           | 2.01        |
-----------------------------------------
FruitCounts | {'Fruit': 2, 'DecayFruit': 0, 'EnemyFruit': 3} |
------------------------------------------
| rollout/                |              |
|    ep_len_mean          | 660          |
|    ep_rew_mean          | 0.228        |
| time/                   |              |
|    fps                  | 170          |
|    iterations           | 118          |
|    time_elapsed         | 1419         |
|    total_timesteps      | 241664       |
| train/                  |              |
|    approx_kl            | 0.0070452383 |
|    clip_fraction        | 0.075        |
|    clip_range           | 0.2          |
|    entropy_loss         | -0.482       |
|    explained_variance   | -0.136       |
|    learning_rate        | 0.0003       |
|    loss                 | 6.34         |
|    n_updates            | 1170         |
|    policy_gradient_loss | -0.00629     |
|    value_loss           | 11.1         |
------------------------------------------
FruitCounts | {'Fruit': 0, 'DecayFruit': 0, 'EnemyFruit': 0} |
-----------------------------------------
| rollout/                |             |
|    ep_len_mean          | 653         |
|    ep_rew_mean          | -1.12       |
| time/                   |             |
|    fps                  | 170         |
|    iterations           | 119         |
|    time_elapsed         | 1432        |
|    total_timesteps      | 243712      |
| train/                  |             |
|    approx_kl            | 0.009930093 |
|    clip_fraction        | 0.0854      |
|    clip_range           | 0.2         |
|    entropy_loss         | -0.468      |
|    explained_variance   | 0.188       |
|    learning_rate        | 0.0003      |
|    loss                 | 0.133       |
|    n_updates            | 1180        |
|    policy_gradient_loss | -0.00446    |
|    value_loss           | 2.08        |
-----------------------------------------
FruitCounts | {'Fruit': 0, 'DecayFruit': 0, 'EnemyFruit': 0} |
----------------------------------------
| rollout/                |            |
|    ep_len_mean          | 645        |
|    ep_rew_mean          | -0.737     |
| time/                   |            |
|    fps                  | 170        |
|    iterations           | 120        |
|    time_elapsed         | 1442       |
|    total_timesteps      | 245760     |
| train/                  |            |
|    approx_kl            | 0.00891391 |
|    clip_fraction        | 0.0771     |
|    clip_range           | 0.2        |
|    entropy_loss         | -0.459     |
|    explained_variance   | -0.0442    |
|    learning_rate        | 0.0003     |
|    loss                 | 3.92       |
|    n_updates            | 1190       |
|    policy_gradient_loss | -0.00361   |
|    value_loss           | 7.62       |
----------------------------------------
FruitCounts | {'Fruit': 0, 'DecayFruit': 3, 'EnemyFruit': 6} |
-----------------------------------------
| rollout/                |             |
|    ep_len_mean          | 653         |
|    ep_rew_mean          | -0.802      |
| time/                   |             |
|    fps                  | 170         |
|    iterations           | 121         |
|    time_elapsed         | 1451        |
|    total_timesteps      | 247808      |
| train/                  |             |
|    approx_kl            | 0.008077506 |
|    clip_fraction        | 0.0744      |
|    clip_range           | 0.2         |
|    entropy_loss         | -0.461      |
|    explained_variance   | 0.138       |
|    learning_rate        | 0.0003      |
|    loss                 | 3.02        |
|    n_updates            | 1200        |
|    policy_gradient_loss | -0.00683    |
|    value_loss           | 8.85        |
-----------------------------------------
FruitCounts | {'Fruit': 0, 'DecayFruit': 0, 'EnemyFruit': 1} |
------------------------------------------
| rollout/                |              |
|    ep_len_mean          | 643          |
|    ep_rew_mean          | -0.443       |
| time/                   |              |
|    fps                  | 170          |
|    iterations           | 122          |
|    time_elapsed         | 1461         |
|    total_timesteps      | 249856       |
| train/                  |              |
|    approx_kl            | 0.0067601954 |
|    clip_fraction        | 0.0727       |
|    clip_range           | 0.2          |
|    entropy_loss         | -0.477       |
|    explained_variance   | -0.0367      |
|    learning_rate        | 0.0003       |
|    loss                 | 0.416        |
|    n_updates            | 1210         |
|    policy_gradient_loss | -0.00314     |
|    value_loss           | 1.81         |
------------------------------------------
FruitCounts | {'Fruit': 0, 'DecayFruit': 0, 'EnemyFruit': 0} |
------------------------------------------
| rollout/                |              |
|    ep_len_mean          | 639          |
|    ep_rew_mean          | -0.499       |
| time/                   |              |
|    fps                  | 171          |
|    iterations           | 123          |
|    time_elapsed         | 1472         |
|    total_timesteps      | 251904       |
| train/                  |              |
|    approx_kl            | 0.0050602756 |
|    clip_fraction        | 0.0687       |
|    clip_range           | 0.2          |
|    entropy_loss         | -0.464       |
|    explained_variance   | 0.075        |
|    learning_rate        | 0.0003       |
|    loss                 | 0.459        |
|    n_updates            | 1220         |
|    policy_gradient_loss | -0.00107     |
|    value_loss           | 3            |
------------------------------------------
FruitCounts | {'Fruit': 0, 'DecayFruit': 1, 'EnemyFruit': 0} |
-----------------------------------------
| rollout/                |             |
|    ep_len_mean          | 622         |
|    ep_rew_mean          | -0.745      |
| time/                   |             |
|    fps                  | 171         |
|    iterations           | 124         |
|    time_elapsed         | 1481        |
|    total_timesteps      | 253952      |
| train/                  |             |
|    approx_kl            | 0.009968301 |
|    clip_fraction        | 0.0606      |
|    clip_range           | 0.2         |
|    entropy_loss         | -0.466      |
|    explained_variance   | 0.15        |
|    learning_rate        | 0.0003      |
|    loss                 | 4.26        |
|    n_updates            | 1230        |
|    policy_gradient_loss | -0.00276    |
|    value_loss           | 6.74        |
-----------------------------------------
FruitCounts | {'Fruit': 0, 'DecayFruit': 3, 'EnemyFruit': 4} |
-----------------------------------------
| rollout/                |             |
|    ep_len_mean          | 631         |
|    ep_rew_mean          | -1.11       |
| time/                   |             |
|    fps                  | 171         |
|    iterations           | 125         |
|    time_elapsed         | 1491        |
|    total_timesteps      | 256000      |
| train/                  |             |
|    approx_kl            | 0.009940874 |
|    clip_fraction        | 0.0808      |
|    clip_range           | 0.2         |
|    entropy_loss         | -0.466      |
|    explained_variance   | 0.151       |
|    learning_rate        | 0.0003      |
|    loss                 | 1.21        |
|    n_updates            | 1240        |
|    policy_gradient_loss | -0.00455    |
|    value_loss           | 4.23        |
-----------------------------------------
FruitCounts | {'Fruit': 0, 'DecayFruit': 2, 'EnemyFruit': 1} |
-----------------------------------------
| rollout/                |             |
|    ep_len_mean          | 636         |
|    ep_rew_mean          | -0.971      |
| time/                   |             |
|    fps                  | 171         |
|    iterations           | 126         |
|    time_elapsed         | 1502        |
|    total_timesteps      | 258048      |
| train/                  |             |
|    approx_kl            | 0.011002831 |
|    clip_fraction        | 0.101       |
|    clip_range           | 0.2         |
|    entropy_loss         | -0.489      |
|    explained_variance   | 0.0823      |
|    learning_rate        | 0.0003      |
|    loss                 | 0.544       |
|    n_updates            | 1250        |
|    policy_gradient_loss | -0.00701    |
|    value_loss           | 3.01        |
-----------------------------------------
FruitCounts | {'Fruit': 0, 'DecayFruit': 1, 'EnemyFruit': 3} |
------------------------------------------
| rollout/                |              |
|    ep_len_mean          | 639          |
|    ep_rew_mean          | -0.114       |
| time/                   |              |
|    fps                  | 171          |
|    iterations           | 127          |
|    time_elapsed         | 1513         |
|    total_timesteps      | 260096       |
| train/                  |              |
|    approx_kl            | 0.0070763594 |
|    clip_fraction        | 0.0595       |
|    clip_range           | 0.2          |
|    entropy_loss         | -0.474       |
|    explained_variance   | 0.0677       |
|    learning_rate        | 0.0003       |
|    loss                 | 1.58         |
|    n_updates            | 1260         |
|    policy_gradient_loss | -0.00394     |
|    value_loss           | 6.13         |
------------------------------------------
FruitCounts | {'Fruit': 0, 'DecayFruit': 0, 'EnemyFruit': 0} |
-----------------------------------------
| rollout/                |             |
|    ep_len_mean          | 649         |
|    ep_rew_mean          | -0.911      |
| time/                   |             |
|    fps                  | 172         |
|    iterations           | 128         |
|    time_elapsed         | 1523        |
|    total_timesteps      | 262144      |
| train/                  |             |
|    approx_kl            | 0.008569098 |
|    clip_fraction        | 0.0761      |
|    clip_range           | 0.2         |
|    entropy_loss         | -0.449      |
|    explained_variance   | 0.108       |
|    learning_rate        | 0.0003      |
|    loss                 | 2.86        |
|    n_updates            | 1270        |
|    policy_gradient_loss | -0.0035     |
|    value_loss           | 7.81        |
-----------------------------------------
FruitCounts | {'Fruit': 2, 'DecayFruit': 4, 'EnemyFruit': 7} |
-----------------------------------------
| rollout/                |             |
|    ep_len_mean          | 644         |
|    ep_rew_mean          | -1.44       |
| time/                   |             |
|    fps                  | 172         |
|    iterations           | 129         |
|    time_elapsed         | 1532        |
|    total_timesteps      | 264192      |
| train/                  |             |
|    approx_kl            | 0.011014037 |
|    clip_fraction        | 0.0896      |
|    clip_range           | 0.2         |
|    entropy_loss         | -0.489      |
|    explained_variance   | 0.000458    |
|    learning_rate        | 0.0003      |
|    loss                 | 1.03        |
|    n_updates            | 1280        |
|    policy_gradient_loss | -0.000575   |
|    value_loss           | 5.04        |
-----------------------------------------
FruitCounts | {'Fruit': 0, 'DecayFruit': 1, 'EnemyFruit': 3} |
------------------------------------------
| rollout/                |              |
|    ep_len_mean          | 661          |
|    ep_rew_mean          | -1           |
| time/                   |              |
|    fps                  | 172          |
|    iterations           | 130          |
|    time_elapsed         | 1542         |
|    total_timesteps      | 266240       |
| train/                  |              |
|    approx_kl            | 0.0059067686 |
|    clip_fraction        | 0.0644       |
|    clip_range           | 0.2          |
|    entropy_loss         | -0.459       |
|    explained_variance   | 0.0696       |
|    learning_rate        | 0.0003       |
|    loss                 | 1.1          |
|    n_updates            | 1290         |
|    policy_gradient_loss | -0.0024      |
|    value_loss           | 4.99         |
------------------------------------------
FruitCounts | {'Fruit': 0, 'DecayFruit': 0, 'EnemyFruit': 3} |
-----------------------------------------
| rollout/                |             |
|    ep_len_mean          | 667         |
|    ep_rew_mean          | -1.12       |
| time/                   |             |
|    fps                  | 172         |
|    iterations           | 131         |
|    time_elapsed         | 1551        |
|    total_timesteps      | 268288      |
| train/                  |             |
|    approx_kl            | 0.010654208 |
|    clip_fraction        | 0.0875      |
|    clip_range           | 0.2         |
|    entropy_loss         | -0.452      |
|    explained_variance   | -0.406      |
|    learning_rate        | 0.0003      |
|    loss                 | 0.258       |
|    n_updates            | 1300        |
|    policy_gradient_loss | -0.00453    |
|    value_loss           | 0.52        |
-----------------------------------------
FruitCounts | {'Fruit': 0, 'DecayFruit': 3, 'EnemyFruit': 7} |
-----------------------------------------
| rollout/                |             |
|    ep_len_mean          | 667         |
|    ep_rew_mean          | -1.12       |
| time/                   |             |
|    fps                  | 173         |
|    iterations           | 132         |
|    time_elapsed         | 1559        |
|    total_timesteps      | 270336      |
| train/                  |             |
|    approx_kl            | 0.007648899 |
|    clip_fraction        | 0.0654      |
|    clip_range           | 0.2         |
|    entropy_loss         | -0.466      |
|    explained_variance   | -0.285      |
|    learning_rate        | 0.0003      |
|    loss                 | 0.139       |
|    n_updates            | 1310        |
|    policy_gradient_loss | -0.000953   |
|    value_loss           | 2.04        |
-----------------------------------------
FruitCounts | {'Fruit': 0, 'DecayFruit': 0, 'EnemyFruit': 0} |
-----------------------------------------
| rollout/                |             |
|    ep_len_mean          | 676         |
|    ep_rew_mean          | -0.869      |
| time/                   |             |
|    fps                  | 173         |
|    iterations           | 133         |
|    time_elapsed         | 1573        |
|    total_timesteps      | 272384      |
| train/                  |             |
|    approx_kl            | 0.004783104 |
|    clip_fraction        | 0.0753      |
|    clip_range           | 0.2         |
|    entropy_loss         | -0.452      |
|    explained_variance   | 0.112       |
|    learning_rate        | 0.0003      |
|    loss                 | 3.08        |
|    n_updates            | 1320        |
|    policy_gradient_loss | -0.00306    |
|    value_loss           | 2.14        |
-----------------------------------------
FruitCounts | {'Fruit': 1, 'DecayFruit': 0, 'EnemyFruit': 4} |
------------------------------------------
| rollout/                |              |
|    ep_len_mean          | 664          |
|    ep_rew_mean          | -0.676       |
| time/                   |              |
|    fps                  | 173          |
|    iterations           | 134          |
|    time_elapsed         | 1582         |
|    total_timesteps      | 274432       |
| train/                  |              |
|    approx_kl            | 0.0055701574 |
|    clip_fraction        | 0.0574       |
|    clip_range           | 0.2          |
|    entropy_loss         | -0.442       |
|    explained_variance   | -0.0274      |
|    learning_rate        | 0.0003       |
|    loss                 | 0.618        |
|    n_updates            | 1330         |
|    policy_gradient_loss | -0.00428     |
|    value_loss           | 5.52         |
------------------------------------------
FruitCounts | {'Fruit': 1, 'DecayFruit': 0, 'EnemyFruit': 0} |
------------------------------------------
| rollout/                |              |
|    ep_len_mean          | 685          |
|    ep_rew_mean          | -0.74        |
| time/                   |              |
|    fps                  | 173          |
|    iterations           | 135          |
|    time_elapsed         | 1593         |
|    total_timesteps      | 276480       |
| train/                  |              |
|    approx_kl            | 0.0040139165 |
|    clip_fraction        | 0.0536       |
|    clip_range           | 0.2          |
|    entropy_loss         | -0.41        |
|    explained_variance   | 0.0289       |
|    learning_rate        | 0.0003       |
|    loss                 | 3.51         |
|    n_updates            | 1340         |
|    policy_gradient_loss | -0.00036     |
|    value_loss           | 9.51         |
------------------------------------------
FruitCounts | {'Fruit': 0, 'DecayFruit': 1, 'EnemyFruit': 1} |
-----------------------------------------
| rollout/                |             |
|    ep_len_mean          | 671         |
|    ep_rew_mean          | -1.07       |
| time/                   |             |
|    fps                  | 173         |
|    iterations           | 136         |
|    time_elapsed         | 1601        |
|    total_timesteps      | 278528      |
| train/                  |             |
|    approx_kl            | 0.012660762 |
|    clip_fraction        | 0.0974      |
|    clip_range           | 0.2         |
|    entropy_loss         | -0.435      |
|    explained_variance   | -0.0433     |
|    learning_rate        | 0.0003      |
|    loss                 | 2.19        |
|    n_updates            | 1350        |
|    policy_gradient_loss | -0.00383    |
|    value_loss           | 2.33        |
-----------------------------------------
FruitCounts | {'Fruit': 0, 'DecayFruit': 1, 'EnemyFruit': 1} |
------------------------------------------
| rollout/                |              |
|    ep_len_mean          | 681          |
|    ep_rew_mean          | -1.16        |
| time/                   |              |
|    fps                  | 173          |
|    iterations           | 137          |
|    time_elapsed         | 1613         |
|    total_timesteps      | 280576       |
| train/                  |              |
|    approx_kl            | 0.0058097616 |
|    clip_fraction        | 0.0674       |
|    clip_range           | 0.2          |
|    entropy_loss         | -0.403       |
|    explained_variance   | 0.0793       |
|    learning_rate        | 0.0003       |
|    loss                 | 0.91         |
|    n_updates            | 1360         |
|    policy_gradient_loss | -0.00307     |
|    value_loss           | 2.66         |
------------------------------------------
FruitCounts | {'Fruit': 0, 'DecayFruit': 1, 'EnemyFruit': 1} |
-----------------------------------------
| rollout/                |             |
|    ep_len_mean          | 676         |
|    ep_rew_mean          | -0.319      |
| time/                   |             |
|    fps                  | 174         |
|    iterations           | 138         |
|    time_elapsed         | 1622        |
|    total_timesteps      | 282624      |
| train/                  |             |
|    approx_kl            | 0.004295435 |
|    clip_fraction        | 0.0446      |
|    clip_range           | 0.2         |
|    entropy_loss         | -0.434      |
|    explained_variance   | -0.113      |
|    learning_rate        | 0.0003      |
|    loss                 | 1.87        |
|    n_updates            | 1370        |
|    policy_gradient_loss | -0.00248    |
|    value_loss           | 6.04        |
-----------------------------------------
FruitCounts | {'Fruit': 3, 'DecayFruit': 4, 'EnemyFruit': 9} |
-----------------------------------------
| rollout/                |             |
|    ep_len_mean          | 667         |
|    ep_rew_mean          | -1.44       |
| time/                   |             |
|    fps                  | 174         |
|    iterations           | 139         |
|    time_elapsed         | 1632        |
|    total_timesteps      | 284672      |
| train/                  |             |
|    approx_kl            | 0.008636914 |
|    clip_fraction        | 0.0781      |
|    clip_range           | 0.2         |
|    entropy_loss         | -0.44       |
|    explained_variance   | 0.277       |
|    learning_rate        | 0.0003      |
|    loss                 | 4.08        |
|    n_updates            | 1380        |
|    policy_gradient_loss | -0.00597    |
|    value_loss           | 5.52        |
-----------------------------------------
FruitCounts | {'Fruit': 2, 'DecayFruit': 2, 'EnemyFruit': 4} |
-----------------------------------------
| rollout/                |             |
|    ep_len_mean          | 660         |
|    ep_rew_mean          | -1.1        |
| time/                   |             |
|    fps                  | 174         |
|    iterations           | 140         |
|    time_elapsed         | 1643        |
|    total_timesteps      | 286720      |
| train/                  |             |
|    approx_kl            | 0.007617359 |
|    clip_fraction        | 0.0696      |
|    clip_range           | 0.2         |
|    entropy_loss         | -0.407      |
|    explained_variance   | 0.291       |
|    learning_rate        | 0.0003      |
|    loss                 | 4.28        |
|    n_updates            | 1390        |
|    policy_gradient_loss | -0.00395    |
|    value_loss           | 5.61        |
-----------------------------------------
FruitCounts | {'Fruit': 0, 'DecayFruit': 2, 'EnemyFruit': 3} |
------------------------------------------
| rollout/                |              |
|    ep_len_mean          | 662          |
|    ep_rew_mean          | -0.531       |
| time/                   |              |
|    fps                  | 174          |
|    iterations           | 141          |
|    time_elapsed         | 1653         |
|    total_timesteps      | 288768       |
| train/                  |              |
|    approx_kl            | 0.0063185226 |
|    clip_fraction        | 0.0778       |
|    clip_range           | 0.2          |
|    entropy_loss         | -0.411       |
|    explained_variance   | 0.194        |
|    learning_rate        | 0.0003       |
|    loss                 | 4.14         |
|    n_updates            | 1400         |
|    policy_gradient_loss | -0.00582     |
|    value_loss           | 6.55         |
------------------------------------------
FruitCounts | {'Fruit': 2, 'DecayFruit': 1, 'EnemyFruit': 2} |
----------------------------------------
| rollout/                |            |
|    ep_len_mean          | 658        |
|    ep_rew_mean          | -0.209     |
| time/                   |            |
|    fps                  | 174        |
|    iterations           | 142        |
|    time_elapsed         | 1663       |
|    total_timesteps      | 290816     |
| train/                  |            |
|    approx_kl            | 0.01282795 |
|    clip_fraction        | 0.0794     |
|    clip_range           | 0.2        |
|    entropy_loss         | -0.419     |
|    explained_variance   | 0.355      |
|    learning_rate        | 0.0003     |
|    loss                 | 5.08       |
|    n_updates            | 1410       |
|    policy_gradient_loss | -0.00357   |
|    value_loss           | 7.3        |
----------------------------------------
FruitCounts | {'Fruit': 0, 'DecayFruit': 0, 'EnemyFruit': 3} |
-----------------------------------------
| rollout/                |             |
|    ep_len_mean          | 647         |
|    ep_rew_mean          | 0.68        |
| time/                   |             |
|    fps                  | 174         |
|    iterations           | 143         |
|    time_elapsed         | 1674        |
|    total_timesteps      | 292864      |
| train/                  |             |
|    approx_kl            | 0.014235612 |
|    clip_fraction        | 0.0965      |
|    clip_range           | 0.2         |
|    entropy_loss         | -0.424      |
|    explained_variance   | 0.424       |
|    learning_rate        | 0.0003      |
|    loss                 | 1.65        |
|    n_updates            | 1420        |
|    policy_gradient_loss | -0.00913    |
|    value_loss           | 5.61        |
-----------------------------------------
FruitCounts | {'Fruit': 0, 'DecayFruit': 0, 'EnemyFruit': 0} |
------------------------------------------
| rollout/                |              |
|    ep_len_mean          | 650          |
|    ep_rew_mean          | -0.0406      |
| time/                   |              |
|    fps                  | 175          |
|    iterations           | 144          |
|    time_elapsed         | 1684         |
|    total_timesteps      | 294912       |
| train/                  |              |
|    approx_kl            | 0.0053650145 |
|    clip_fraction        | 0.0639       |
|    clip_range           | 0.2          |
|    entropy_loss         | -0.433       |
|    explained_variance   | 0.4          |
|    learning_rate        | 0.0003       |
|    loss                 | 4.91         |
|    n_updates            | 1430         |
|    policy_gradient_loss | -0.005       |
|    value_loss           | 5.71         |
------------------------------------------
FruitCounts | {'Fruit': 0, 'DecayFruit': 0, 'EnemyFruit': 1} |
---------------------------------------
| rollout/                |           |
|    ep_len_mean          | 664       |
|    ep_rew_mean          | -0.0798   |
| time/                   |           |
|    fps                  | 175       |
|    iterations           | 145       |
|    time_elapsed         | 1694      |
|    total_timesteps      | 296960    |
| train/                  |           |
|    approx_kl            | 0.0049614 |
|    clip_fraction        | 0.0649    |
|    clip_range           | 0.2       |
|    entropy_loss         | -0.439    |
|    explained_variance   | 0.0838    |
|    learning_rate        | 0.0003    |
|    loss                 | 3.23      |
|    n_updates            | 1440      |
|    policy_gradient_loss | -0.00136  |
|    value_loss           | 3.91      |
---------------------------------------
FruitCounts | {'Fruit': 0, 'DecayFruit': 0, 'EnemyFruit': 0} |
-----------------------------------------
| rollout/                |             |
|    ep_len_mean          | 668         |
|    ep_rew_mean          | -0.331      |
| time/                   |             |
|    fps                  | 175         |
|    iterations           | 146         |
|    time_elapsed         | 1704        |
|    total_timesteps      | 299008      |
| train/                  |             |
|    approx_kl            | 0.004755956 |
|    clip_fraction        | 0.0713      |
|    clip_range           | 0.2         |
|    entropy_loss         | -0.427      |
|    explained_variance   | 0.441       |
|    learning_rate        | 0.0003      |
|    loss                 | 0.592       |
|    n_updates            | 1450        |
|    policy_gradient_loss | 0.000308    |
|    value_loss           | 1.21        |
-----------------------------------------
FruitCounts | {'Fruit': 0, 'DecayFruit': 1, 'EnemyFruit': 2} |
------------------------------------------
| rollout/                |              |
|    ep_len_mean          | 660          |
|    ep_rew_mean          | -0.964       |
| time/                   |              |
|    fps                  | 175          |
|    iterations           | 147          |
|    time_elapsed         | 1715         |
|    total_timesteps      | 301056       |
| train/                  |              |
|    approx_kl            | 0.0064736595 |
|    clip_fraction        | 0.077        |
|    clip_range           | 0.2          |
|    entropy_loss         | -0.421       |
|    explained_variance   | 0.263        |
|    learning_rate        | 0.0003       |
|    loss                 | 0.526        |
|    n_updates            | 1460         |
|    policy_gradient_loss | -0.00685     |
|    value_loss           | 4.9          |
------------------------------------------
FruitCounts | {'Fruit': 0, 'DecayFruit': 0, 'EnemyFruit': 0} |
------------------------------------------
| rollout/                |              |
|    ep_len_mean          | 651          |
|    ep_rew_mean          | -1.74        |
| time/                   |              |
|    fps                  | 175          |
|    iterations           | 148          |
|    time_elapsed         | 1725         |
|    total_timesteps      | 303104       |
| train/                  |              |
|    approx_kl            | 0.0063456176 |
|    clip_fraction        | 0.0586       |
|    clip_range           | 0.2          |
|    entropy_loss         | -0.41        |
|    explained_variance   | -0.132       |
|    learning_rate        | 0.0003       |
|    loss                 | 4.05         |
|    n_updates            | 1470         |
|    policy_gradient_loss | -0.00579     |
|    value_loss           | 5.71         |
------------------------------------------
FruitCounts | {'Fruit': 0, 'DecayFruit': 0, 'EnemyFruit': 1} |
-----------------------------------------
| rollout/                |             |
|    ep_len_mean          | 648         |
|    ep_rew_mean          | -1.6        |
| time/                   |             |
|    fps                  | 175         |
|    iterations           | 149         |
|    time_elapsed         | 1734        |
|    total_timesteps      | 305152      |
| train/                  |             |
|    approx_kl            | 0.009234402 |
|    clip_fraction        | 0.078       |
|    clip_range           | 0.2         |
|    entropy_loss         | -0.407      |
|    explained_variance   | 0.317       |
|    learning_rate        | 0.0003      |
|    loss                 | 1.02        |
|    n_updates            | 1480        |
|    policy_gradient_loss | -0.00391    |
|    value_loss           | 2.41        |
-----------------------------------------
FruitCounts | {'Fruit': 0, 'DecayFruit': 2, 'EnemyFruit': 6} |
-----------------------------------------
| rollout/                |             |
|    ep_len_mean          | 648         |
|    ep_rew_mean          | -1.6        |
| time/                   |             |
|    fps                  | 176         |
|    iterations           | 150         |
|    time_elapsed         | 1742        |
|    total_timesteps      | 307200      |
| train/                  |             |
|    approx_kl            | 0.008406419 |
|    clip_fraction        | 0.0867      |
|    clip_range           | 0.2         |
|    entropy_loss         | -0.41       |
|    explained_variance   | 0.108       |
|    learning_rate        | 0.0003      |
|    loss                 | 1.81        |
|    n_updates            | 1490        |
|    policy_gradient_loss | -0.00224    |
|    value_loss           | 2.77        |
-----------------------------------------
FruitCounts | {'Fruit': 0, 'DecayFruit': 1, 'EnemyFruit': 1} |
------------------------------------------
| rollout/                |              |
|    ep_len_mean          | 685          |
|    ep_rew_mean          | -1.21        |
| time/                   |              |
|    fps                  | 176          |
|    iterations           | 151          |
|    time_elapsed         | 1754         |
|    total_timesteps      | 309248       |
| train/                  |              |
|    approx_kl            | 0.0054525295 |
|    clip_fraction        | 0.0783       |
|    clip_range           | 0.2          |
|    entropy_loss         | -0.411       |
|    explained_variance   | -0.0937      |
|    learning_rate        | 0.0003       |
|    loss                 | 0.718        |
|    n_updates            | 1500         |
|    policy_gradient_loss | -0.000682    |
|    value_loss           | 1.06         |
------------------------------------------
FruitCounts | {'Fruit': 0, 'DecayFruit': 2, 'EnemyFruit': 6} |
-----------------------------------------
| rollout/                |             |
|    ep_len_mean          | 677         |
|    ep_rew_mean          | -0.32       |
| time/                   |             |
|    fps                  | 176         |
|    iterations           | 152         |
|    time_elapsed         | 1764        |
|    total_timesteps      | 311296      |
| train/                  |             |
|    approx_kl            | 0.009562845 |
|    clip_fraction        | 0.0744      |
|    clip_range           | 0.2         |
|    entropy_loss         | -0.396      |
|    explained_variance   | 0.0173      |
|    learning_rate        | 0.0003      |
|    loss                 | 1           |
|    n_updates            | 1510        |
|    policy_gradient_loss | -0.00635    |
|    value_loss           | 6.58        |
-----------------------------------------
FruitCounts | {'Fruit': 0, 'DecayFruit': 0, 'EnemyFruit': 0} |
------------------------------------------
| rollout/                |              |
|    ep_len_mean          | 695          |
|    ep_rew_mean          | -0.0911      |
| time/                   |              |
|    fps                  | 176          |
|    iterations           | 153          |
|    time_elapsed         | 1774         |
|    total_timesteps      | 313344       |
| train/                  |              |
|    approx_kl            | 0.0058264583 |
|    clip_fraction        | 0.0542       |
|    clip_range           | 0.2          |
|    entropy_loss         | -0.412       |
|    explained_variance   | 0.125        |
|    learning_rate        | 0.0003       |
|    loss                 | 3.25         |
|    n_updates            | 1520         |
|    policy_gradient_loss | -0.00367     |
|    value_loss           | 7.66         |
------------------------------------------
FruitCounts | {'Fruit': 1, 'DecayFruit': 0, 'EnemyFruit': 3} |
-----------------------------------------
| rollout/                |             |
|    ep_len_mean          | 707         |
|    ep_rew_mean          | -1.39       |
| time/                   |             |
|    fps                  | 176         |
|    iterations           | 154         |
|    time_elapsed         | 1785        |
|    total_timesteps      | 315392      |
| train/                  |             |
|    approx_kl            | 0.007481223 |
|    clip_fraction        | 0.0873      |
|    clip_range           | 0.2         |
|    entropy_loss         | -0.412      |
|    explained_variance   | 0.0611      |
|    learning_rate        | 0.0003      |
|    loss                 | 0.727       |
|    n_updates            | 1530        |
|    policy_gradient_loss | -0.00233    |
|    value_loss           | 3.23        |
-----------------------------------------
FruitCounts | {'Fruit': 0, 'DecayFruit': 0, 'EnemyFruit': 1} |
------------------------------------------
| rollout/                |              |
|    ep_len_mean          | 714          |
|    ep_rew_mean          | -1.53        |
| time/                   |              |
|    fps                  | 176          |
|    iterations           | 155          |
|    time_elapsed         | 1795         |
|    total_timesteps      | 317440       |
| train/                  |              |
|    approx_kl            | 0.0072172172 |
|    clip_fraction        | 0.069        |
|    clip_range           | 0.2          |
|    entropy_loss         | -0.392       |
|    explained_variance   | 0.122        |
|    learning_rate        | 0.0003       |
|    loss                 | 0.668        |
|    n_updates            | 1540         |
|    policy_gradient_loss | -0.00413     |
|    value_loss           | 2.17         |
------------------------------------------
FruitCounts | {'Fruit': 1, 'DecayFruit': 3, 'EnemyFruit': 2} |
-----------------------------------------
| rollout/                |             |
|    ep_len_mean          | 718         |
|    ep_rew_mean          | -1.13       |
| time/                   |             |
|    fps                  | 177         |
|    iterations           | 156         |
|    time_elapsed         | 1804        |
|    total_timesteps      | 319488      |
| train/                  |             |
|    approx_kl            | 0.007573181 |
|    clip_fraction        | 0.0707      |
|    clip_range           | 0.2         |
|    entropy_loss         | -0.414      |
|    explained_variance   | 0.133       |
|    learning_rate        | 0.0003      |
|    loss                 | 0.391       |
|    n_updates            | 1550        |
|    policy_gradient_loss | -0.00212    |
|    value_loss           | 3.44        |
-----------------------------------------
FruitCounts | {'Fruit': 0, 'DecayFruit': 0, 'EnemyFruit': 0} |
-----------------------------------------
| rollout/                |             |
|    ep_len_mean          | 679         |
|    ep_rew_mean          | -1.26       |
| time/                   |             |
|    fps                  | 177         |
|    iterations           | 157         |
|    time_elapsed         | 1815        |
|    total_timesteps      | 321536      |
| train/                  |             |
|    approx_kl            | 0.005050725 |
|    clip_fraction        | 0.0464      |
|    clip_range           | 0.2         |
|    entropy_loss         | -0.377      |
|    explained_variance   | -0.029      |
|    learning_rate        | 0.0003      |
|    loss                 | 1.49        |
|    n_updates            | 1560        |
|    policy_gradient_loss | -0.000374   |
|    value_loss           | 4.96        |
-----------------------------------------
FruitCounts | {'Fruit': 0, 'DecayFruit': 2, 'EnemyFruit': 4} |
----------------------------------------
| rollout/                |            |
|    ep_len_mean          | 661        |
|    ep_rew_mean          | -1.22      |
| time/                   |            |
|    fps                  | 177        |
|    iterations           | 158        |
|    time_elapsed         | 1826       |
|    total_timesteps      | 323584     |
| train/                  |            |
|    approx_kl            | 0.00743568 |
|    clip_fraction        | 0.0649     |
|    clip_range           | 0.2        |
|    entropy_loss         | -0.38      |
|    explained_variance   | 0.099      |
|    learning_rate        | 0.0003     |
|    loss                 | 2.5        |
|    n_updates            | 1570       |
|    policy_gradient_loss | -0.00752   |
|    value_loss           | 9.85       |
----------------------------------------
FruitCounts | {'Fruit': 0, 'DecayFruit': 1, 'EnemyFruit': 4} |
-----------------------------------------
| rollout/                |             |
|    ep_len_mean          | 661         |
|    ep_rew_mean          | -0.682      |
| time/                   |             |
|    fps                  | 177         |
|    iterations           | 159         |
|    time_elapsed         | 1835        |
|    total_timesteps      | 325632      |
| train/                  |             |
|    approx_kl            | 0.011858262 |
|    clip_fraction        | 0.076       |
|    clip_range           | 0.2         |
|    entropy_loss         | -0.394      |
|    explained_variance   | 0.216       |
|    learning_rate        | 0.0003      |
|    loss                 | 0.728       |
|    n_updates            | 1580        |
|    policy_gradient_loss | -0.00301    |
|    value_loss           | 2.79        |
-----------------------------------------
FruitCounts | {'Fruit': 0, 'DecayFruit': 1, 'EnemyFruit': 0} |
-----------------------------------------
| rollout/                |             |
|    ep_len_mean          | 662         |
|    ep_rew_mean          | -0.5        |
| time/                   |             |
|    fps                  | 177         |
|    iterations           | 160         |
|    time_elapsed         | 1846        |
|    total_timesteps      | 327680      |
| train/                  |             |
|    approx_kl            | 0.006176675 |
|    clip_fraction        | 0.0746      |
|    clip_range           | 0.2         |
|    entropy_loss         | -0.4        |
|    explained_variance   | 0.165       |
|    learning_rate        | 0.0003      |
|    loss                 | 2.8         |
|    n_updates            | 1590        |
|    policy_gradient_loss | -0.00347    |
|    value_loss           | 6.03        |
-----------------------------------------
FruitCounts | {'Fruit': 0, 'DecayFruit': 3, 'EnemyFruit': 5} |
------------------------------------------
| rollout/                |              |
|    ep_len_mean          | 658          |
|    ep_rew_mean          | -0.0978      |
| time/                   |              |
|    fps                  | 177          |
|    iterations           | 161          |
|    time_elapsed         | 1856         |
|    total_timesteps      | 329728       |
| train/                  |              |
|    approx_kl            | 0.0035188901 |
|    clip_fraction        | 0.0453       |
|    clip_range           | 0.2          |
|    entropy_loss         | -0.418       |
|    explained_variance   | 0.00968      |
|    learning_rate        | 0.0003       |
|    loss                 | 3.81         |
|    n_updates            | 1600         |
|    policy_gradient_loss | -0.00227     |
|    value_loss           | 18.3         |
------------------------------------------
FruitCounts | {'Fruit': 0, 'DecayFruit': 0, 'EnemyFruit': 3} |
------------------------------------------
| rollout/                |              |
|    ep_len_mean          | 655          |
|    ep_rew_mean          | -0.321       |
| time/                   |              |
|    fps                  | 177          |
|    iterations           | 162          |
|    time_elapsed         | 1866         |
|    total_timesteps      | 331776       |
| train/                  |              |
|    approx_kl            | 0.0067967568 |
|    clip_fraction        | 0.0672       |
|    clip_range           | 0.2          |
|    entropy_loss         | -0.41        |
|    explained_variance   | 0.0567       |
|    learning_rate        | 0.0003       |
|    loss                 | 1.66         |
|    n_updates            | 1610         |
|    policy_gradient_loss | -0.00198     |
|    value_loss           | 4.42         |
------------------------------------------
FruitCounts | {'Fruit': 0, 'DecayFruit': 7, 'EnemyFruit': 10} |
------------------------------------------
| rollout/                |              |
|    ep_len_mean          | 618          |
|    ep_rew_mean          | -0.8         |
| time/                   |              |
|    fps                  | 177          |
|    iterations           | 163          |
|    time_elapsed         | 1876         |
|    total_timesteps      | 333824       |
| train/                  |              |
|    approx_kl            | 0.0066601504 |
|    clip_fraction        | 0.0834       |
|    clip_range           | 0.2          |
|    entropy_loss         | -0.387       |
|    explained_variance   | 0.288        |
|    learning_rate        | 0.0003       |
|    loss                 | 1.36         |
|    n_updates            | 1620         |
|    policy_gradient_loss | -0.00233     |
|    value_loss           | 1.15         |
------------------------------------------
FruitCounts | {'Fruit': 1, 'DecayFruit': 5, 'EnemyFruit': 2} |
------------------------------------------
| rollout/                |              |
|    ep_len_mean          | 626          |
|    ep_rew_mean          | -0.147       |
| time/                   |              |
|    fps                  | 178          |
|    iterations           | 164          |
|    time_elapsed         | 1886         |
|    total_timesteps      | 335872       |
| train/                  |              |
|    approx_kl            | 0.0056460323 |
|    clip_fraction        | 0.0712       |
|    clip_range           | 0.2          |
|    entropy_loss         | -0.397       |
|    explained_variance   | -0.0699      |
|    learning_rate        | 0.0003       |
|    loss                 | 4.74         |
|    n_updates            | 1630         |
|    policy_gradient_loss | -0.00393     |
|    value_loss           | 4.91         |
------------------------------------------
FruitCounts | {'Fruit': 0, 'DecayFruit': 3, 'EnemyFruit': 6} |
------------------------------------------
| rollout/                |              |
|    ep_len_mean          | 607          |
|    ep_rew_mean          | -0.127       |
| time/                   |              |
|    fps                  | 178          |
|    iterations           | 165          |
|    time_elapsed         | 1896         |
|    total_timesteps      | 337920       |
| train/                  |              |
|    approx_kl            | 0.0050754994 |
|    clip_fraction        | 0.0689       |
|    clip_range           | 0.2          |
|    entropy_loss         | -0.386       |
|    explained_variance   | -0.0178      |
|    learning_rate        | 0.0003       |
|    loss                 | 3.98         |
|    n_updates            | 1640         |
|    policy_gradient_loss | -0.00391     |
|    value_loss           | 8.3          |
------------------------------------------
FruitCounts | {'Fruit': 1, 'DecayFruit': 2, 'EnemyFruit': 0} |
-----------------------------------------
| rollout/                |             |
|    ep_len_mean          | 604         |
|    ep_rew_mean          | 1.03        |
| time/                   |             |
|    fps                  | 178         |
|    iterations           | 166         |
|    time_elapsed         | 1907        |
|    total_timesteps      | 339968      |
| train/                  |             |
|    approx_kl            | 0.007721956 |
|    clip_fraction        | 0.0578      |
|    clip_range           | 0.2         |
|    entropy_loss         | -0.398      |
|    explained_variance   | -0.103      |
|    learning_rate        | 0.0003      |
|    loss                 | 2.9         |
|    n_updates            | 1650        |
|    policy_gradient_loss | -0.00297    |
|    value_loss           | 6.18        |
-----------------------------------------
FruitCounts | {'Fruit': 0, 'DecayFruit': 0, 'EnemyFruit': 1} |
------------------------------------------
| rollout/                |              |
|    ep_len_mean          | 609          |
|    ep_rew_mean          | 1.04         |
| time/                   |              |
|    fps                  | 178          |
|    iterations           | 167          |
|    time_elapsed         | 1916         |
|    total_timesteps      | 342016       |
| train/                  |              |
|    approx_kl            | 0.0071005505 |
|    clip_fraction        | 0.0566       |
|    clip_range           | 0.2          |
|    entropy_loss         | -0.405       |
|    explained_variance   | 0.14         |
|    learning_rate        | 0.0003       |
|    loss                 | 3.43         |
|    n_updates            | 1660         |
|    policy_gradient_loss | -0.00421     |
|    value_loss           | 6.7          |
------------------------------------------
FruitCounts | {'Fruit': 0, 'DecayFruit': 0, 'EnemyFruit': 0} |
-----------------------------------------
| rollout/                |             |
|    ep_len_mean          | 611         |
|    ep_rew_mean          | 0.892       |
| time/                   |             |
|    fps                  | 178         |
|    iterations           | 168         |
|    time_elapsed         | 1927        |
|    total_timesteps      | 344064      |
| train/                  |             |
|    approx_kl            | 0.007235957 |
|    clip_fraction        | 0.0779      |
|    clip_range           | 0.2         |
|    entropy_loss         | -0.383      |
|    explained_variance   | 0.149       |
|    learning_rate        | 0.0003      |
|    loss                 | 2.26        |
|    n_updates            | 1670        |
|    policy_gradient_loss | -0.00483    |
|    value_loss           | 2.55        |
-----------------------------------------
FruitCounts | {'Fruit': 1, 'DecayFruit': 6, 'EnemyFruit': 3} |
-----------------------------------------
| rollout/                |             |
|    ep_len_mean          | 618         |
|    ep_rew_mean          | 0.886       |
| time/                   |             |
|    fps                  | 178         |
|    iterations           | 169         |
|    time_elapsed         | 1936        |
|    total_timesteps      | 346112      |
| train/                  |             |
|    approx_kl            | 0.012947275 |
|    clip_fraction        | 0.126       |
|    clip_range           | 0.2         |
|    entropy_loss         | -0.386      |
|    explained_variance   | -0.0304     |
|    learning_rate        | 0.0003      |
|    loss                 | 3.16        |
|    n_updates            | 1680        |
|    policy_gradient_loss | -0.011      |
|    value_loss           | 5.07        |
-----------------------------------------
FruitCounts | {'Fruit': 1, 'DecayFruit': 0, 'EnemyFruit': 2} |
------------------------------------------
| rollout/                |              |
|    ep_len_mean          | 624          |
|    ep_rew_mean          | 1.59         |
| time/                   |              |
|    fps                  | 178          |
|    iterations           | 170          |
|    time_elapsed         | 1946         |
|    total_timesteps      | 348160       |
| train/                  |              |
|    approx_kl            | 0.0056263288 |
|    clip_fraction        | 0.0602       |
|    clip_range           | 0.2          |
|    entropy_loss         | -0.367       |
|    explained_variance   | 0.0386       |
|    learning_rate        | 0.0003       |
|    loss                 | 0.728        |
|    n_updates            | 1690         |
|    policy_gradient_loss | -0.00137     |
|    value_loss           | 6.8          |
------------------------------------------
FruitCounts | {'Fruit': 1, 'DecayFruit': 4, 'EnemyFruit': 11} |
------------------------------------------
| rollout/                |              |
|    ep_len_mean          | 624          |
|    ep_rew_mean          | 1.59         |
| time/                   |              |
|    fps                  | 179          |
|    iterations           | 171          |
|    time_elapsed         | 1954         |
|    total_timesteps      | 350208       |
| train/                  |              |
|    approx_kl            | 0.0074953777 |
|    clip_fraction        | 0.0584       |
|    clip_range           | 0.2          |
|    entropy_loss         | -0.382       |
|    explained_variance   | 0.154        |
|    learning_rate        | 0.0003       |
|    loss                 | 0.44         |
|    n_updates            | 1700         |
|    policy_gradient_loss | -0.00186     |
|    value_loss           | 4.15         |
------------------------------------------
FruitCounts | {'Fruit': 0, 'DecayFruit': 1, 'EnemyFruit': 1} |
-----------------------------------------
| rollout/                |             |
|    ep_len_mean          | 665         |
|    ep_rew_mean          | 2.14        |
| time/                   |             |
|    fps                  | 179         |
|    iterations           | 172         |
|    time_elapsed         | 1967        |
|    total_timesteps      | 352256      |
| train/                  |             |
|    approx_kl            | 0.009662887 |
|    clip_fraction        | 0.0731      |
|    clip_range           | 0.2         |
|    entropy_loss         | -0.396      |
|    explained_variance   | 0.0448      |
|    learning_rate        | 0.0003      |
|    loss                 | 0.669       |
|    n_updates            | 1710        |
|    policy_gradient_loss | -0.00108    |
|    value_loss           | 2.26        |
-----------------------------------------
FruitCounts | {'Fruit': 0, 'DecayFruit': 0, 'EnemyFruit': 1} |
-----------------------------------------
| rollout/                |             |
|    ep_len_mean          | 674         |
|    ep_rew_mean          | 2.8         |
| time/                   |             |
|    fps                  | 179         |
|    iterations           | 173         |
|    time_elapsed         | 1977        |
|    total_timesteps      | 354304      |
| train/                  |             |
|    approx_kl            | 0.005587543 |
|    clip_fraction        | 0.0601      |
|    clip_range           | 0.2         |
|    entropy_loss         | -0.364      |
|    explained_variance   | 0.083       |
|    learning_rate        | 0.0003      |
|    loss                 | 4.05        |
|    n_updates            | 1720        |
|    policy_gradient_loss | -0.00103    |
|    value_loss           | 5.12        |
-----------------------------------------
FruitCounts | {'Fruit': 0, 'DecayFruit': 0, 'EnemyFruit': 2} |
------------------------------------------
| rollout/                |              |
|    ep_len_mean          | 681          |
|    ep_rew_mean          | 3.15         |
| time/                   |              |
|    fps                  | 179          |
|    iterations           | 174          |
|    time_elapsed         | 1986         |
|    total_timesteps      | 356352       |
| train/                  |              |
|    approx_kl            | 0.0077697597 |
|    clip_fraction        | 0.0659       |
|    clip_range           | 0.2          |
|    entropy_loss         | -0.372       |
|    explained_variance   | 0.213        |
|    learning_rate        | 0.0003       |
|    loss                 | 0.883        |
|    n_updates            | 1730         |
|    policy_gradient_loss | -0.00451     |
|    value_loss           | 4.84         |
------------------------------------------
FruitCounts | {'Fruit': 0, 'DecayFruit': 1, 'EnemyFruit': 2} |
------------------------------------------
| rollout/                |              |
|    ep_len_mean          | 689          |
|    ep_rew_mean          | 2.89         |
| time/                   |              |
|    fps                  | 179          |
|    iterations           | 175          |
|    time_elapsed         | 1995         |
|    total_timesteps      | 358400       |
| train/                  |              |
|    approx_kl            | 0.0060336087 |
|    clip_fraction        | 0.0943       |
|    clip_range           | 0.2          |
|    entropy_loss         | -0.403       |
|    explained_variance   | 0.137        |
|    learning_rate        | 0.0003       |
|    loss                 | 1.64         |
|    n_updates            | 1740         |
|    policy_gradient_loss | -0.00143     |
|    value_loss           | 2.13         |
------------------------------------------
FruitCounts | {'Fruit': 1, 'DecayFruit': 3, 'EnemyFruit': 6} |
-----------------------------------------
| rollout/                |             |
|    ep_len_mean          | 697         |
|    ep_rew_mean          | 2.29        |
| time/                   |             |
|    fps                  | 179         |
|    iterations           | 176         |
|    time_elapsed         | 2005        |
|    total_timesteps      | 360448      |
| train/                  |             |
|    approx_kl            | 0.011523061 |
|    clip_fraction        | 0.0701      |
|    clip_range           | 0.2         |
|    entropy_loss         | -0.367      |
|    explained_variance   | 0.00321     |
|    learning_rate        | 0.0003      |
|    loss                 | 1.07        |
|    n_updates            | 1750        |
|    policy_gradient_loss | -0.00508    |
|    value_loss           | 3.69        |
-----------------------------------------
FruitCounts | {'Fruit': 0, 'DecayFruit': 2, 'EnemyFruit': 3} |
-----------------------------------------
| rollout/                |             |
|    ep_len_mean          | 720         |
|    ep_rew_mean          | 2.49        |
| time/                   |             |
|    fps                  | 179         |
|    iterations           | 177         |
|    time_elapsed         | 2016        |
|    total_timesteps      | 362496      |
| train/                  |             |
|    approx_kl            | 0.007497683 |
|    clip_fraction        | 0.0691      |
|    clip_range           | 0.2         |
|    entropy_loss         | -0.385      |
|    explained_variance   | 0.209       |
|    learning_rate        | 0.0003      |
|    loss                 | 0.758       |
|    n_updates            | 1760        |
|    policy_gradient_loss | -0.00346    |
|    value_loss           | 3.86        |
-----------------------------------------
FruitCounts | {'Fruit': 0, 'DecayFruit': 0, 'EnemyFruit': 0} |
-----------------------------------------
| rollout/                |             |
|    ep_len_mean          | 735         |
|    ep_rew_mean          | 2.42        |
| time/                   |             |
|    fps                  | 179         |
|    iterations           | 178         |
|    time_elapsed         | 2026        |
|    total_timesteps      | 364544      |
| train/                  |             |
|    approx_kl            | 0.008622902 |
|    clip_fraction        | 0.0773      |
|    clip_range           | 0.2         |
|    entropy_loss         | -0.36       |
|    explained_variance   | 0.00184     |
|    learning_rate        | 0.0003      |
|    loss                 | 0.552       |
|    n_updates            | 1770        |
|    policy_gradient_loss | -0.0035     |
|    value_loss           | 2.47        |
-----------------------------------------
FruitCounts | {'Fruit': 1, 'DecayFruit': 3, 'EnemyFruit': 10} |
------------------------------------------
| rollout/                |              |
|    ep_len_mean          | 737          |
|    ep_rew_mean          | 2.77         |
| time/                   |              |
|    fps                  | 180          |
|    iterations           | 179          |
|    time_elapsed         | 2035         |
|    total_timesteps      | 366592       |
| train/                  |              |
|    approx_kl            | 0.0047566867 |
|    clip_fraction        | 0.0493       |
|    clip_range           | 0.2          |
|    entropy_loss         | -0.379       |
|    explained_variance   | -0.0354      |
|    learning_rate        | 0.0003       |
|    loss                 | 0.652        |
|    n_updates            | 1780         |
|    policy_gradient_loss | -0.000697    |
|    value_loss           | 2.44         |
------------------------------------------
FruitCounts | {'Fruit': 0, 'DecayFruit': 0, 'EnemyFruit': 0} |
----------------------------------------
| rollout/                |            |
|    ep_len_mean          | 738        |
|    ep_rew_mean          | 3.87       |
| time/                   |            |
|    fps                  | 180        |
|    iterations           | 180        |
|    time_elapsed         | 2046       |
|    total_timesteps      | 368640     |
| train/                  |            |
|    approx_kl            | 0.00785408 |
|    clip_fraction        | 0.0725     |
|    clip_range           | 0.2        |
|    entropy_loss         | -0.365     |
|    explained_variance   | 0.0315     |
|    learning_rate        | 0.0003     |
|    loss                 | 2.52       |
|    n_updates            | 1790       |
|    policy_gradient_loss | -0.00526   |
|    value_loss           | 7.09       |
----------------------------------------
FruitCounts | {'Fruit': 0, 'DecayFruit': 2, 'EnemyFruit': 4} |
------------------------------------------
| rollout/                |              |
|    ep_len_mean          | 730          |
|    ep_rew_mean          | 4.66         |
| time/                   |              |
|    fps                  | 180          |
|    iterations           | 181          |
|    time_elapsed         | 2055         |
|    total_timesteps      | 370688       |
| train/                  |              |
|    approx_kl            | 0.0059463866 |
|    clip_fraction        | 0.05         |
|    clip_range           | 0.2          |
|    entropy_loss         | -0.356       |
|    explained_variance   | 0.206        |
|    learning_rate        | 0.0003       |
|    loss                 | 1.14         |
|    n_updates            | 1800         |
|    policy_gradient_loss | -0.00324     |
|    value_loss           | 5.95         |
------------------------------------------
FruitCounts | {'Fruit': 3, 'DecayFruit': 0, 'EnemyFruit': 6} |
------------------------------------------
| rollout/                |              |
|    ep_len_mean          | 742          |
|    ep_rew_mean          | 5.12         |
| time/                   |              |
|    fps                  | 180          |
|    iterations           | 182          |
|    time_elapsed         | 2065         |
|    total_timesteps      | 372736       |
| train/                  |              |
|    approx_kl            | 0.0057504396 |
|    clip_fraction        | 0.0684       |
|    clip_range           | 0.2          |
|    entropy_loss         | -0.359       |
|    explained_variance   | 0.124        |
|    learning_rate        | 0.0003       |
|    loss                 | 6.26         |
|    n_updates            | 1810         |
|    policy_gradient_loss | -0.00454     |
|    value_loss           | 8.73         |
------------------------------------------
FruitCounts | {'Fruit': 1, 'DecayFruit': 2, 'EnemyFruit': 0} |
-----------------------------------------
| rollout/                |             |
|    ep_len_mean          | 743         |
|    ep_rew_mean          | 5.51        |
| time/                   |             |
|    fps                  | 180         |
|    iterations           | 183         |
|    time_elapsed         | 2075        |
|    total_timesteps      | 374784      |
| train/                  |             |
|    approx_kl            | 0.012613356 |
|    clip_fraction        | 0.0904      |
|    clip_range           | 0.2         |
|    entropy_loss         | -0.365      |
|    explained_variance   | 0.28        |
|    learning_rate        | 0.0003      |
|    loss                 | 1.96        |
|    n_updates            | 1820        |
|    policy_gradient_loss | -0.00488    |
|    value_loss           | 3.92        |
-----------------------------------------
FruitCounts | {'Fruit': 0, 'DecayFruit': 1, 'EnemyFruit': 3} |
-----------------------------------------
| rollout/                |             |
|    ep_len_mean          | 743         |
|    ep_rew_mean          | 6.63        |
| time/                   |             |
|    fps                  | 180         |
|    iterations           | 184         |
|    time_elapsed         | 2085        |
|    total_timesteps      | 376832      |
| train/                  |             |
|    approx_kl            | 0.009001613 |
|    clip_fraction        | 0.0785      |
|    clip_range           | 0.2         |
|    entropy_loss         | -0.38       |
|    explained_variance   | -0.0489     |
|    learning_rate        | 0.0003      |
|    loss                 | 1.97        |
|    n_updates            | 1830        |
|    policy_gradient_loss | -0.00209    |
|    value_loss           | 3.82        |
-----------------------------------------
FruitCounts | {'Fruit': 0, 'DecayFruit': 1, 'EnemyFruit': 1} |
------------------------------------------
| rollout/                |              |
|    ep_len_mean          | 752          |
|    ep_rew_mean          | 6.83         |
| time/                   |              |
|    fps                  | 180          |
|    iterations           | 185          |
|    time_elapsed         | 2095         |
|    total_timesteps      | 378880       |
| train/                  |              |
|    approx_kl            | 0.0076065925 |
|    clip_fraction        | 0.0638       |
|    clip_range           | 0.2          |
|    entropy_loss         | -0.356       |
|    explained_variance   | 0.033        |
|    learning_rate        | 0.0003       |
|    loss                 | 1.6          |
|    n_updates            | 1840         |
|    policy_gradient_loss | -0.00354     |
|    value_loss           | 6.86         |
------------------------------------------
FruitCounts | {'Fruit': 0, 'DecayFruit': 0, 'EnemyFruit': 1} |
----------------------------------------
| rollout/                |            |
|    ep_len_mean          | 726        |
|    ep_rew_mean          | 7.77       |
| time/                   |            |
|    fps                  | 180        |
|    iterations           | 186        |
|    time_elapsed         | 2105       |
|    total_timesteps      | 380928     |
| train/                  |            |
|    approx_kl            | 0.00724361 |
|    clip_fraction        | 0.0946     |
|    clip_range           | 0.2        |
|    entropy_loss         | -0.391     |
|    explained_variance   | 0.091      |
|    learning_rate        | 0.0003     |
|    loss                 | 4.68       |
|    n_updates            | 1850       |
|    policy_gradient_loss | -0.00498   |
|    value_loss           | 5.17       |
----------------------------------------
FruitCounts | {'Fruit': 0, 'DecayFruit': 0, 'EnemyFruit': 0} |
-----------------------------------------
| rollout/                |             |
|    ep_len_mean          | 732         |
|    ep_rew_mean          | 7.52        |
| time/                   |             |
|    fps                  | 181         |
|    iterations           | 187         |
|    time_elapsed         | 2115        |
|    total_timesteps      | 382976      |
| train/                  |             |
|    approx_kl            | 0.015324403 |
|    clip_fraction        | 0.0813      |
|    clip_range           | 0.2         |
|    entropy_loss         | -0.366      |
|    explained_variance   | 0.254       |
|    learning_rate        | 0.0003      |
|    loss                 | 2.52        |
|    n_updates            | 1860        |
|    policy_gradient_loss | -0.00311    |
|    value_loss           | 4.29        |
-----------------------------------------
FruitCounts | {'Fruit': 3, 'DecayFruit': 1, 'EnemyFruit': 2} |
-----------------------------------------
| rollout/                |             |
|    ep_len_mean          | 746         |
|    ep_rew_mean          | 8.49        |
| time/                   |             |
|    fps                  | 181         |
|    iterations           | 188         |
|    time_elapsed         | 2125        |
|    total_timesteps      | 385024      |
| train/                  |             |
|    approx_kl            | 0.006097307 |
|    clip_fraction        | 0.0376      |
|    clip_range           | 0.2         |
|    entropy_loss         | -0.371      |
|    explained_variance   | 0.248       |
|    learning_rate        | 0.0003      |
|    loss                 | 10.8        |
|    n_updates            | 1870        |
|    policy_gradient_loss | -0.00317    |
|    value_loss           | 10          |
-----------------------------------------
FruitCounts | {'Fruit': 1, 'DecayFruit': 1, 'EnemyFruit': 5} |
-----------------------------------------
| rollout/                |             |
|    ep_len_mean          | 727         |
|    ep_rew_mean          | 9.27        |
| time/                   |             |
|    fps                  | 181         |
|    iterations           | 189         |
|    time_elapsed         | 2134        |
|    total_timesteps      | 387072      |
| train/                  |             |
|    approx_kl            | 0.003922324 |
|    clip_fraction        | 0.0537      |
|    clip_range           | 0.2         |
|    entropy_loss         | -0.381      |
|    explained_variance   | 0.0961      |
|    learning_rate        | 0.0003      |
|    loss                 | 1.19        |
|    n_updates            | 1880        |
|    policy_gradient_loss | -0.00243    |
|    value_loss           | 8.07        |
-----------------------------------------
FruitCounts | {'Fruit': 4, 'DecayFruit': 5, 'EnemyFruit': 11} |
-----------------------------------------
| rollout/                |             |
|    ep_len_mean          | 741         |
|    ep_rew_mean          | 9.58        |
| time/                   |             |
|    fps                  | 181         |
|    iterations           | 190         |
|    time_elapsed         | 2143        |
|    total_timesteps      | 389120      |
| train/                  |             |
|    approx_kl            | 0.005957272 |
|    clip_fraction        | 0.0678      |
|    clip_range           | 0.2         |
|    entropy_loss         | -0.367      |
|    explained_variance   | 0.245       |
|    learning_rate        | 0.0003      |
|    loss                 | 0.889       |
|    n_updates            | 1890        |
|    policy_gradient_loss | -0.000937   |
|    value_loss           | 4.12        |
-----------------------------------------
FruitCounts | {'Fruit': 0, 'DecayFruit': 0, 'EnemyFruit': 0} |
----------------------------------------
| rollout/                |            |
|    ep_len_mean          | 715        |
|    ep_rew_mean          | 10.1       |
| time/                   |            |
|    fps                  | 181        |
|    iterations           | 191        |
|    time_elapsed         | 2155       |
|    total_timesteps      | 391168     |
| train/                  |            |
|    approx_kl            | 0.00653492 |
|    clip_fraction        | 0.0667     |
|    clip_range           | 0.2        |
|    entropy_loss         | -0.352     |
|    explained_variance   | 0.0203     |
|    learning_rate        | 0.0003     |
|    loss                 | 3.37       |
|    n_updates            | 1900       |
|    policy_gradient_loss | -0.00382   |
|    value_loss           | 5.73       |
----------------------------------------
FruitCounts | {'Fruit': 0, 'DecayFruit': 1, 'EnemyFruit': 2} |
------------------------------------------
| rollout/                |              |
|    ep_len_mean          | 724          |
|    ep_rew_mean          | 10           |
| time/                   |              |
|    fps                  | 181          |
|    iterations           | 192          |
|    time_elapsed         | 2165         |
|    total_timesteps      | 393216       |
| train/                  |              |
|    approx_kl            | 0.0068519097 |
|    clip_fraction        | 0.0609       |
|    clip_range           | 0.2          |
|    entropy_loss         | -0.36        |
|    explained_variance   | 0.368        |
|    learning_rate        | 0.0003       |
|    loss                 | 2.31         |
|    n_updates            | 1910         |
|    policy_gradient_loss | -0.00426     |
|    value_loss           | 7.89         |
------------------------------------------
FruitCounts | {'Fruit': 0, 'DecayFruit': 2, 'EnemyFruit': 4} |
-----------------------------------------
| rollout/                |             |
|    ep_len_mean          | 730         |
|    ep_rew_mean          | 9.98        |
| time/                   |             |
|    fps                  | 181         |
|    iterations           | 193         |
|    time_elapsed         | 2174        |
|    total_timesteps      | 395264      |
| train/                  |             |
|    approx_kl            | 0.012219989 |
|    clip_fraction        | 0.0892      |
|    clip_range           | 0.2         |
|    entropy_loss         | -0.339      |
|    explained_variance   | 0.0289      |
|    learning_rate        | 0.0003      |
|    loss                 | 2.17        |
|    n_updates            | 1920        |
|    policy_gradient_loss | -0.00414    |
|    value_loss           | 5.53        |
-----------------------------------------
FruitCounts | {'Fruit': 1, 'DecayFruit': 1, 'EnemyFruit': 2} |
-----------------------------------------
| rollout/                |             |
|    ep_len_mean          | 737         |
|    ep_rew_mean          | 10.2        |
| time/                   |             |
|    fps                  | 181         |
|    iterations           | 194         |
|    time_elapsed         | 2185        |
|    total_timesteps      | 397312      |
| train/                  |             |
|    approx_kl            | 0.006752142 |
|    clip_fraction        | 0.0796      |
|    clip_range           | 0.2         |
|    entropy_loss         | -0.336      |
|    explained_variance   | -0.0145     |
|    learning_rate        | 0.0003      |
|    loss                 | 0.517       |
|    n_updates            | 1930        |
|    policy_gradient_loss | -0.00015    |
|    value_loss           | 2.45        |
-----------------------------------------
FruitCounts | {'Fruit': 1, 'DecayFruit': 1, 'EnemyFruit': 1} |
----------------------------------------
| rollout/                |            |
|    ep_len_mean          | 743        |
|    ep_rew_mean          | 10.3       |
| time/                   |            |
|    fps                  | 181        |
|    iterations           | 195        |
|    time_elapsed         | 2194       |
|    total_timesteps      | 399360     |
| train/                  |            |
|    approx_kl            | 0.00795321 |
|    clip_fraction        | 0.0747     |
|    clip_range           | 0.2        |
|    entropy_loss         | -0.35      |
|    explained_variance   | 0.0744     |
|    learning_rate        | 0.0003     |
|    loss                 | 3.23       |
|    n_updates            | 1940       |
|    policy_gradient_loss | -0.00434   |
|    value_loss           | 7.2        |
----------------------------------------
FruitCounts | {'Fruit': 0, 'DecayFruit': 0, 'EnemyFruit': 3} |
------------------------------------------
| rollout/                |              |
|    ep_len_mean          | 762          |
|    ep_rew_mean          | 10.4         |
| time/                   |              |
|    fps                  | 182          |
|    iterations           | 196          |
|    time_elapsed         | 2204         |
|    total_timesteps      | 401408       |
| train/                  |              |
|    approx_kl            | 0.0076604523 |
|    clip_fraction        | 0.0774       |
|    clip_range           | 0.2          |
|    entropy_loss         | -0.365       |
|    explained_variance   | 0.211        |
|    learning_rate        | 0.0003       |
|    loss                 | 0.546        |
|    n_updates            | 1950         |
|    policy_gradient_loss | -0.00122     |
|    value_loss           | 2.06         |
------------------------------------------
FruitCounts | {'Fruit': 0, 'DecayFruit': 1, 'EnemyFruit': 1} |
-----------------------------------------
| rollout/                |             |
|    ep_len_mean          | 762         |
|    ep_rew_mean          | 9.72        |
| time/                   |             |
|    fps                  | 182         |
|    iterations           | 197         |
|    time_elapsed         | 2214        |
|    total_timesteps      | 403456      |
| train/                  |             |
|    approx_kl            | 0.006850049 |
|    clip_fraction        | 0.0904      |
|    clip_range           | 0.2         |
|    entropy_loss         | -0.358      |
|    explained_variance   | 0.128       |
|    learning_rate        | 0.0003      |
|    loss                 | 0.823       |
|    n_updates            | 1960        |
|    policy_gradient_loss | -0.00379    |
|    value_loss           | 5.24        |
-----------------------------------------
FruitCounts | {'Fruit': 1, 'DecayFruit': 1, 'EnemyFruit': 0} |
-----------------------------------------
| rollout/                |             |
|    ep_len_mean          | 762         |
|    ep_rew_mean          | 10.3        |
| time/                   |             |
|    fps                  | 182         |
|    iterations           | 198         |
|    time_elapsed         | 2223        |
|    total_timesteps      | 405504      |
| train/                  |             |
|    approx_kl            | 0.003847218 |
|    clip_fraction        | 0.0468      |
|    clip_range           | 0.2         |
|    entropy_loss         | -0.364      |
|    explained_variance   | -0.0699     |
|    learning_rate        | 0.0003      |
|    loss                 | 2.98        |
|    n_updates            | 1970        |
|    policy_gradient_loss | -0.00229    |
|    value_loss           | 8.86        |
-----------------------------------------
FruitCounts | {'Fruit': 0, 'DecayFruit': 0, 'EnemyFruit': 0} |
-----------------------------------------
| rollout/                |             |
|    ep_len_mean          | 767         |
|    ep_rew_mean          | 10.5        |
| time/                   |             |
|    fps                  | 182         |
|    iterations           | 199         |
|    time_elapsed         | 2233        |
|    total_timesteps      | 407552      |
| train/                  |             |
|    approx_kl            | 0.006571461 |
|    clip_fraction        | 0.0571      |
|    clip_range           | 0.2         |
|    entropy_loss         | -0.353      |
|    explained_variance   | 0.138       |
|    learning_rate        | 0.0003      |
|    loss                 | 2.4         |
|    n_updates            | 1980        |
|    policy_gradient_loss | -0.00251    |
|    value_loss           | 4.08        |
-----------------------------------------
FruitCounts | {'Fruit': 0, 'DecayFruit': 1, 'EnemyFruit': 2} |
-----------------------------------------
| rollout/                |             |
|    ep_len_mean          | 774         |
|    ep_rew_mean          | 10.9        |
| time/                   |             |
|    fps                  | 182         |
|    iterations           | 200         |
|    time_elapsed         | 2243        |
|    total_timesteps      | 409600      |
| train/                  |             |
|    approx_kl            | 0.009320945 |
|    clip_fraction        | 0.0662      |
|    clip_range           | 0.2         |
|    entropy_loss         | -0.352      |
|    explained_variance   | -0.0924     |
|    learning_rate        | 0.0003      |
|    loss                 | 0.982       |
|    n_updates            | 1990        |
|    policy_gradient_loss | -0.00162    |
|    value_loss           | 2.85        |
-----------------------------------------
FruitCounts | {'Fruit': 0, 'DecayFruit': 2, 'EnemyFruit': 1} |
------------------------------------------
| rollout/                |              |
|    ep_len_mean          | 762          |
|    ep_rew_mean          | 10.3         |
| time/                   |              |
|    fps                  | 182          |
|    iterations           | 201          |
|    time_elapsed         | 2252         |
|    total_timesteps      | 411648       |
| train/                  |              |
|    approx_kl            | 0.0076074875 |
|    clip_fraction        | 0.0775       |
|    clip_range           | 0.2          |
|    entropy_loss         | -0.343       |
|    explained_variance   | 0.0287       |
|    learning_rate        | 0.0003       |
|    loss                 | 2.96         |
|    n_updates            | 2000         |
|    policy_gradient_loss | -0.0036      |
|    value_loss           | 3.8          |
------------------------------------------
FruitCounts | {'Fruit': 1, 'DecayFruit': 2, 'EnemyFruit': 8} |
-----------------------------------------
| rollout/                |             |
|    ep_len_mean          | 762         |
|    ep_rew_mean          | 10          |
| time/                   |             |
|    fps                  | 182         |
|    iterations           | 202         |
|    time_elapsed         | 2262        |
|    total_timesteps      | 413696      |
| train/                  |             |
|    approx_kl            | 0.011955771 |
|    clip_fraction        | 0.09        |
|    clip_range           | 0.2         |
|    entropy_loss         | -0.328      |
|    explained_variance   | -0.132      |
|    learning_rate        | 0.0003      |
|    loss                 | 1.58        |
|    n_updates            | 2010        |
|    policy_gradient_loss | -0.00581    |
|    value_loss           | 2.66        |
-----------------------------------------
FruitCounts | {'Fruit': 1, 'DecayFruit': 2, 'EnemyFruit': 4} |
------------------------------------------
| rollout/                |              |
|    ep_len_mean          | 749          |
|    ep_rew_mean          | 9.5          |
| time/                   |              |
|    fps                  | 183          |
|    iterations           | 203          |
|    time_elapsed         | 2271         |
|    total_timesteps      | 415744       |
| train/                  |              |
|    approx_kl            | 0.0055905245 |
|    clip_fraction        | 0.0598       |
|    clip_range           | 0.2          |
|    entropy_loss         | -0.346       |
|    explained_variance   | 0.125        |
|    learning_rate        | 0.0003       |
|    loss                 | 2.04         |
|    n_updates            | 2020         |
|    policy_gradient_loss | -0.00458     |
|    value_loss           | 7.43         |
------------------------------------------
FruitCounts | {'Fruit': 0, 'DecayFruit': 0, 'EnemyFruit': 0} |
------------------------------------------
| rollout/                |              |
|    ep_len_mean          | 779          |
|    ep_rew_mean          | 9.11         |
| time/                   |              |
|    fps                  | 183          |
|    iterations           | 204          |
|    time_elapsed         | 2282         |
|    total_timesteps      | 417792       |
| train/                  |              |
|    approx_kl            | 0.0077478103 |
|    clip_fraction        | 0.0759       |
|    clip_range           | 0.2          |
|    entropy_loss         | -0.352       |
|    explained_variance   | 0.192        |
|    learning_rate        | 0.0003       |
|    loss                 | 0.633        |
|    n_updates            | 2030         |
|    policy_gradient_loss | -0.00541     |
|    value_loss           | 4.26         |
------------------------------------------
FruitCounts | {'Fruit': 1, 'DecayFruit': 1, 'EnemyFruit': 0} |
-----------------------------------------
| rollout/                |             |
|    ep_len_mean          | 789         |
|    ep_rew_mean          | 8.86        |
| time/                   |             |
|    fps                  | 183         |
|    iterations           | 205         |
|    time_elapsed         | 2291        |
|    total_timesteps      | 419840      |
| train/                  |             |
|    approx_kl            | 0.009639484 |
|    clip_fraction        | 0.0795      |
|    clip_range           | 0.2         |
|    entropy_loss         | -0.322      |
|    explained_variance   | 0.25        |
|    learning_rate        | 0.0003      |
|    loss                 | 0.445       |
|    n_updates            | 2040        |
|    policy_gradient_loss | -0.000708   |
|    value_loss           | 2.05        |
-----------------------------------------
FruitCounts | {'Fruit': 0, 'DecayFruit': 2, 'EnemyFruit': 2} |
------------------------------------------
| rollout/                |              |
|    ep_len_mean          | 807          |
|    ep_rew_mean          | 8.77         |
| time/                   |              |
|    fps                  | 183          |
|    iterations           | 206          |
|    time_elapsed         | 2302         |
|    total_timesteps      | 421888       |
| train/                  |              |
|    approx_kl            | 0.0069576474 |
|    clip_fraction        | 0.0718       |
|    clip_range           | 0.2          |
|    entropy_loss         | -0.359       |
|    explained_variance   | 0.0502       |
|    learning_rate        | 0.0003       |
|    loss                 | 0.918        |
|    n_updates            | 2050         |
|    policy_gradient_loss | -0.00331     |
|    value_loss           | 3.84         |
------------------------------------------
FruitCounts | {'Fruit': 1, 'DecayFruit': 3, 'EnemyFruit': 5} |
------------------------------------------
| rollout/                |              |
|    ep_len_mean          | 806          |
|    ep_rew_mean          | 9.16         |
| time/                   |              |
|    fps                  | 183          |
|    iterations           | 207          |
|    time_elapsed         | 2310         |
|    total_timesteps      | 423936       |
| train/                  |              |
|    approx_kl            | 0.0054650092 |
|    clip_fraction        | 0.0453       |
|    clip_range           | 0.2          |
|    entropy_loss         | -0.342       |
|    explained_variance   | 0.117        |
|    learning_rate        | 0.0003       |
|    loss                 | 1.39         |
|    n_updates            | 2060         |
|    policy_gradient_loss | -4.58e-05    |
|    value_loss           | 2.57         |
------------------------------------------
FruitCounts | {'Fruit': 0, 'DecayFruit': 2, 'EnemyFruit': 3} |
-----------------------------------------
| rollout/                |             |
|    ep_len_mean          | 822         |
|    ep_rew_mean          | 9.66        |
| time/                   |             |
|    fps                  | 183         |
|    iterations           | 208         |
|    time_elapsed         | 2320        |
|    total_timesteps      | 425984      |
| train/                  |             |
|    approx_kl            | 0.009370048 |
|    clip_fraction        | 0.061       |
|    clip_range           | 0.2         |
|    entropy_loss         | -0.314      |
|    explained_variance   | 0.277       |
|    learning_rate        | 0.0003      |
|    loss                 | 0.598       |
|    n_updates            | 2070        |
|    policy_gradient_loss | -0.00343    |
|    value_loss           | 3.61        |
-----------------------------------------
FruitCounts | {'Fruit': 0, 'DecayFruit': 0, 'EnemyFruit': 1} |
-----------------------------------------
| rollout/                |             |
|    ep_len_mean          | 819         |
|    ep_rew_mean          | 9.94        |
| time/                   |             |
|    fps                  | 183         |
|    iterations           | 209         |
|    time_elapsed         | 2331        |
|    total_timesteps      | 428032      |
| train/                  |             |
|    approx_kl            | 0.008627004 |
|    clip_fraction        | 0.0757      |
|    clip_range           | 0.2         |
|    entropy_loss         | -0.364      |
|    explained_variance   | 0.0794      |
|    learning_rate        | 0.0003      |
|    loss                 | 1.23        |
|    n_updates            | 2080        |
|    policy_gradient_loss | -0.00375    |
|    value_loss           | 2.9         |
-----------------------------------------
FruitCounts | {'Fruit': 1, 'DecayFruit': 7, 'EnemyFruit': 18} |
-----------------------------------------
| rollout/                |             |
|    ep_len_mean          | 819         |
|    ep_rew_mean          | 9.94        |
| time/                   |             |
|    fps                  | 183         |
|    iterations           | 210         |
|    time_elapsed         | 2339        |
|    total_timesteps      | 430080      |
| train/                  |             |
|    approx_kl            | 0.009132218 |
|    clip_fraction        | 0.0623      |
|    clip_range           | 0.2         |
|    entropy_loss         | -0.354      |
|    explained_variance   | 0.022       |
|    learning_rate        | 0.0003      |
|    loss                 | 2.15        |
|    n_updates            | 2090        |
|    policy_gradient_loss | -0.00591    |
|    value_loss           | 12          |
-----------------------------------------
FruitCounts | {'Fruit': 1, 'DecayFruit': 4, 'EnemyFruit': 10} |
------------------------------------------
| rollout/                |              |
|    ep_len_mean          | 840          |
|    ep_rew_mean          | 10.7         |
| time/                   |              |
|    fps                  | 183          |
|    iterations           | 211          |
|    time_elapsed         | 2349         |
|    total_timesteps      | 432128       |
| train/                  |              |
|    approx_kl            | 0.0053464184 |
|    clip_fraction        | 0.0565       |
|    clip_range           | 0.2          |
|    entropy_loss         | -0.325       |
|    explained_variance   | -0.0729      |
|    learning_rate        | 0.0003       |
|    loss                 | 1.28         |
|    n_updates            | 2100         |
|    policy_gradient_loss | -0.00166     |
|    value_loss           | 9.07         |
------------------------------------------
FruitCounts | {'Fruit': 0, 'DecayFruit': 0, 'EnemyFruit': 0} |
----------------------------------------
| rollout/                |            |
|    ep_len_mean          | 810        |
|    ep_rew_mean          | 10.6       |
| time/                   |            |
|    fps                  | 183        |
|    iterations           | 212        |
|    time_elapsed         | 2360       |
|    total_timesteps      | 434176     |
| train/                  |            |
|    approx_kl            | 0.00848094 |
|    clip_fraction        | 0.0822     |
|    clip_range           | 0.2        |
|    entropy_loss         | -0.356     |
|    explained_variance   | -0.0554    |
|    learning_rate        | 0.0003     |
|    loss                 | 0.712      |
|    n_updates            | 2110       |
|    policy_gradient_loss | -0.00285   |
|    value_loss           | 3.54       |
----------------------------------------
FruitCounts | {'Fruit': 1, 'DecayFruit': 3, 'EnemyFruit': 3} |
---------------------------------------
| rollout/                |           |
|    ep_len_mean          | 809       |
|    ep_rew_mean          | 10.2      |
| time/                   |           |
|    fps                  | 184       |
|    iterations           | 213       |
|    time_elapsed         | 2369      |
|    total_timesteps      | 436224    |
| train/                  |           |
|    approx_kl            | 0.0044215 |
|    clip_fraction        | 0.0526    |
|    clip_range           | 0.2       |
|    entropy_loss         | -0.326    |
|    explained_variance   | 0.0364    |
|    learning_rate        | 0.0003    |
|    loss                 | 2.26      |
|    n_updates            | 2120      |
|    policy_gradient_loss | -0.00114  |
|    value_loss           | 9.21      |
---------------------------------------
FruitCounts | {'Fruit': 0, 'DecayFruit': 2, 'EnemyFruit': 0} |
------------------------------------------
| rollout/                |              |
|    ep_len_mean          | 831          |
|    ep_rew_mean          | 10.8         |
| time/                   |              |
|    fps                  | 184          |
|    iterations           | 214          |
|    time_elapsed         | 2379         |
|    total_timesteps      | 438272       |
| train/                  |              |
|    approx_kl            | 0.0065443944 |
|    clip_fraction        | 0.0567       |
|    clip_range           | 0.2          |
|    entropy_loss         | -0.293       |
|    explained_variance   | 0.114        |
|    learning_rate        | 0.0003       |
|    loss                 | 1.28         |
|    n_updates            | 2130         |
|    policy_gradient_loss | -0.00308     |
|    value_loss           | 4.23         |
------------------------------------------
FruitCounts | {'Fruit': 3, 'DecayFruit': 3, 'EnemyFruit': 4} |
-----------------------------------------
| rollout/                |             |
|    ep_len_mean          | 801         |
|    ep_rew_mean          | 11.1        |
| time/                   |             |
|    fps                  | 184         |
|    iterations           | 215         |
|    time_elapsed         | 2388        |
|    total_timesteps      | 440320      |
| train/                  |             |
|    approx_kl            | 0.007355767 |
|    clip_fraction        | 0.0681      |
|    clip_range           | 0.2         |
|    entropy_loss         | -0.303      |
|    explained_variance   | -0.0357     |
|    learning_rate        | 0.0003      |
|    loss                 | 2.59        |
|    n_updates            | 2140        |
|    policy_gradient_loss | -0.00393    |
|    value_loss           | 5.61        |
-----------------------------------------
FruitCounts | {'Fruit': 0, 'DecayFruit': 1, 'EnemyFruit': 3} |
-----------------------------------------
| rollout/                |             |
|    ep_len_mean          | 772         |
|    ep_rew_mean          | 11.7        |
| time/                   |             |
|    fps                  | 184         |
|    iterations           | 216         |
|    time_elapsed         | 2399        |
|    total_timesteps      | 442368      |
| train/                  |             |
|    approx_kl            | 0.005288186 |
|    clip_fraction        | 0.0545      |
|    clip_range           | 0.2         |
|    entropy_loss         | -0.344      |
|    explained_variance   | 0.0538      |
|    learning_rate        | 0.0003      |
|    loss                 | 2.88        |
|    n_updates            | 2150        |
|    policy_gradient_loss | -0.00233    |
|    value_loss           | 7.45        |
-----------------------------------------
FruitCounts | {'Fruit': 0, 'DecayFruit': 0, 'EnemyFruit': 1} |
-----------------------------------------
| rollout/                |             |
|    ep_len_mean          | 769         |
|    ep_rew_mean          | 12.4        |
| time/                   |             |
|    fps                  | 184         |
|    iterations           | 217         |
|    time_elapsed         | 2408        |
|    total_timesteps      | 444416      |
| train/                  |             |
|    approx_kl            | 0.008135255 |
|    clip_fraction        | 0.064       |
|    clip_range           | 0.2         |
|    entropy_loss         | -0.311      |
|    explained_variance   | 0.0265      |
|    learning_rate        | 0.0003      |
|    loss                 | 4.46        |
|    n_updates            | 2160        |
|    policy_gradient_loss | -0.00328    |
|    value_loss           | 11          |
-----------------------------------------
FruitCounts | {'Fruit': 0, 'DecayFruit': 2, 'EnemyFruit': 3} |
-----------------------------------------
| rollout/                |             |
|    ep_len_mean          | 777         |
|    ep_rew_mean          | 12.4        |
| time/                   |             |
|    fps                  | 184         |
|    iterations           | 218         |
|    time_elapsed         | 2418        |
|    total_timesteps      | 446464      |
| train/                  |             |
|    approx_kl            | 0.006219141 |
|    clip_fraction        | 0.0441      |
|    clip_range           | 0.2         |
|    entropy_loss         | -0.29       |
|    explained_variance   | 0.139       |
|    learning_rate        | 0.0003      |
|    loss                 | 8.49        |
|    n_updates            | 2170        |
|    policy_gradient_loss | -0.00245    |
|    value_loss           | 8.25        |
-----------------------------------------
FruitCounts | {'Fruit': 0, 'DecayFruit': 4, 'EnemyFruit': 5} |
------------------------------------------
| rollout/                |              |
|    ep_len_mean          | 765          |
|    ep_rew_mean          | 11.1         |
| time/                   |              |
|    fps                  | 184          |
|    iterations           | 219          |
|    time_elapsed         | 2427         |
|    total_timesteps      | 448512       |
| train/                  |              |
|    approx_kl            | 0.0060168486 |
|    clip_fraction        | 0.0578       |
|    clip_range           | 0.2          |
|    entropy_loss         | -0.301       |
|    explained_variance   | 0.0157       |
|    learning_rate        | 0.0003       |
|    loss                 | 3.81         |
|    n_updates            | 2180         |
|    policy_gradient_loss | -0.00297     |
|    value_loss           | 6.71         |
------------------------------------------
FruitCounts | {'Fruit': 0, 'DecayFruit': 8, 'EnemyFruit': 8} |
------------------------------------------
| rollout/                |              |
|    ep_len_mean          | 771          |
|    ep_rew_mean          | 11.3         |
| time/                   |              |
|    fps                  | 184          |
|    iterations           | 220          |
|    time_elapsed         | 2436         |
|    total_timesteps      | 450560       |
| train/                  |              |
|    approx_kl            | 0.0074183913 |
|    clip_fraction        | 0.0672       |
|    clip_range           | 0.2          |
|    entropy_loss         | -0.316       |
|    explained_variance   | 0.0408       |
|    learning_rate        | 0.0003       |
|    loss                 | 4.7          |
|    n_updates            | 2190         |
|    policy_gradient_loss | -0.005       |
|    value_loss           | 7.43         |
------------------------------------------
FruitCounts | {'Fruit': 1, 'DecayFruit': 2, 'EnemyFruit': 4} |
-----------------------------------------
| rollout/                |             |
|    ep_len_mean          | 764         |
|    ep_rew_mean          | 11.5        |
| time/                   |             |
|    fps                  | 184         |
|    iterations           | 221         |
|    time_elapsed         | 2447        |
|    total_timesteps      | 452608      |
| train/                  |             |
|    approx_kl            | 0.006358942 |
|    clip_fraction        | 0.0563      |
|    clip_range           | 0.2         |
|    entropy_loss         | -0.292      |
|    explained_variance   | 0.111       |
|    learning_rate        | 0.0003      |
|    loss                 | 0.991       |
|    n_updates            | 2200        |
|    policy_gradient_loss | -0.00334    |
|    value_loss           | 4.5         |
-----------------------------------------
FruitCounts | {'Fruit': 0, 'DecayFruit': 2, 'EnemyFruit': 0} |
-----------------------------------------
| rollout/                |             |
|    ep_len_mean          | 763         |
|    ep_rew_mean          | 11.9        |
| time/                   |             |
|    fps                  | 184         |
|    iterations           | 222         |
|    time_elapsed         | 2458        |
|    total_timesteps      | 454656      |
| train/                  |             |
|    approx_kl            | 0.007817575 |
|    clip_fraction        | 0.046       |
|    clip_range           | 0.2         |
|    entropy_loss         | -0.274      |
|    explained_variance   | 0.175       |
|    learning_rate        | 0.0003      |
|    loss                 | 8.33        |
|    n_updates            | 2210        |
|    policy_gradient_loss | -0.00483    |
|    value_loss           | 8.65        |
-----------------------------------------
FruitCounts | {'Fruit': 0, 'DecayFruit': 0, 'EnemyFruit': 0} |
-----------------------------------------
| rollout/                |             |
|    ep_len_mean          | 738         |
|    ep_rew_mean          | 10.4        |
| time/                   |             |
|    fps                  | 184         |
|    iterations           | 223         |
|    time_elapsed         | 2469        |
|    total_timesteps      | 456704      |
| train/                  |             |
|    approx_kl            | 0.009229272 |
|    clip_fraction        | 0.0658      |
|    clip_range           | 0.2         |
|    entropy_loss         | -0.289      |
|    explained_variance   | 0.175       |
|    learning_rate        | 0.0003      |
|    loss                 | 14.2        |
|    n_updates            | 2220        |
|    policy_gradient_loss | -0.00449    |
|    value_loss           | 10.1        |
-----------------------------------------
FruitCounts | {'Fruit': 0, 'DecayFruit': 0, 'EnemyFruit': 0} |
-----------------------------------------
| rollout/                |             |
|    ep_len_mean          | 709         |
|    ep_rew_mean          | 8.56        |
| time/                   |             |
|    fps                  | 184         |
|    iterations           | 224         |
|    time_elapsed         | 2479        |
|    total_timesteps      | 458752      |
| train/                  |             |
|    approx_kl            | 0.004485341 |
|    clip_fraction        | 0.0422      |
|    clip_range           | 0.2         |
|    entropy_loss         | -0.292      |
|    explained_variance   | -0.0024     |
|    learning_rate        | 0.0003      |
|    loss                 | 0.951       |
|    n_updates            | 2230        |
|    policy_gradient_loss | -0.00275    |
|    value_loss           | 7.42        |
-----------------------------------------
FruitCounts | {'Fruit': 0, 'DecayFruit': 0, 'EnemyFruit': 0} |
-----------------------------------------
| rollout/                |             |
|    ep_len_mean          | 698         |
|    ep_rew_mean          | 7.67        |
| time/                   |             |
|    fps                  | 185         |
|    iterations           | 225         |
|    time_elapsed         | 2490        |
|    total_timesteps      | 460800      |
| train/                  |             |
|    approx_kl            | 0.007280239 |
|    clip_fraction        | 0.0509      |
|    clip_range           | 0.2         |
|    entropy_loss         | -0.281      |
|    explained_variance   | -0.221      |
|    learning_rate        | 0.0003      |
|    loss                 | 3.13        |
|    n_updates            | 2240        |
|    policy_gradient_loss | -0.0033     |
|    value_loss           | 7.18        |
-----------------------------------------
FruitCounts | {'Fruit': 1, 'DecayFruit': 5, 'EnemyFruit': 7} |
-----------------------------------------
| rollout/                |             |
|    ep_len_mean          | 695         |
|    ep_rew_mean          | 7.74        |
| time/                   |             |
|    fps                  | 185         |
|    iterations           | 226         |
|    time_elapsed         | 2499        |
|    total_timesteps      | 462848      |
| train/                  |             |
|    approx_kl            | 0.010341318 |
|    clip_fraction        | 0.0648      |
|    clip_range           | 0.2         |
|    entropy_loss         | -0.289      |
|    explained_variance   | -0.0376     |
|    learning_rate        | 0.0003      |
|    loss                 | 0.853       |
|    n_updates            | 2250        |
|    policy_gradient_loss | -0.00493    |
|    value_loss           | 6.91        |
-----------------------------------------
FruitCounts | {'Fruit': 0, 'DecayFruit': 0, 'EnemyFruit': 0} |
-----------------------------------------
| rollout/                |             |
|    ep_len_mean          | 707         |
|    ep_rew_mean          | 8.97        |
| time/                   |             |
|    fps                  | 185         |
|    iterations           | 227         |
|    time_elapsed         | 2510        |
|    total_timesteps      | 464896      |
| train/                  |             |
|    approx_kl            | 0.009653464 |
|    clip_fraction        | 0.0815      |
|    clip_range           | 0.2         |
|    entropy_loss         | -0.283      |
|    explained_variance   | 0.192       |
|    learning_rate        | 0.0003      |
|    loss                 | 2.02        |
|    n_updates            | 2260        |
|    policy_gradient_loss | -0.00468    |
|    value_loss           | 6.33        |
-----------------------------------------
FruitCounts | {'Fruit': 0, 'DecayFruit': 0, 'EnemyFruit': 1} |
-----------------------------------------
| rollout/                |             |
|    ep_len_mean          | 686         |
|    ep_rew_mean          | 9.02        |
| time/                   |             |
|    fps                  | 185         |
|    iterations           | 228         |
|    time_elapsed         | 2520        |
|    total_timesteps      | 466944      |
| train/                  |             |
|    approx_kl            | 0.009537036 |
|    clip_fraction        | 0.0568      |
|    clip_range           | 0.2         |
|    entropy_loss         | -0.284      |
|    explained_variance   | 0.0356      |
|    learning_rate        | 0.0003      |
|    loss                 | 6.04        |
|    n_updates            | 2270        |
|    policy_gradient_loss | 0.000161    |
|    value_loss           | 7.41        |
-----------------------------------------
FruitCounts | {'Fruit': 1, 'DecayFruit': 4, 'EnemyFruit': 7} |
-----------------------------------------
| rollout/                |             |
|    ep_len_mean          | 667         |
|    ep_rew_mean          | 8.56        |
| time/                   |             |
|    fps                  | 185         |
|    iterations           | 229         |
|    time_elapsed         | 2530        |
|    total_timesteps      | 468992      |
| train/                  |             |
|    approx_kl            | 0.006095717 |
|    clip_fraction        | 0.0599      |
|    clip_range           | 0.2         |
|    entropy_loss         | -0.278      |
|    explained_variance   | 0.0664      |
|    learning_rate        | 0.0003      |
|    loss                 | 3.01        |
|    n_updates            | 2280        |
|    policy_gradient_loss | -0.00403    |
|    value_loss           | 11.9        |
-----------------------------------------
FruitCounts | {'Fruit': 0, 'DecayFruit': 5, 'EnemyFruit': 4} |
------------------------------------------
| rollout/                |              |
|    ep_len_mean          | 662          |
|    ep_rew_mean          | 8.27         |
| time/                   |              |
|    fps                  | 185          |
|    iterations           | 230          |
|    time_elapsed         | 2540         |
|    total_timesteps      | 471040       |
| train/                  |              |
|    approx_kl            | 0.0064002643 |
|    clip_fraction        | 0.0668       |
|    clip_range           | 0.2          |
|    entropy_loss         | -0.295       |
|    explained_variance   | 0.0754       |
|    learning_rate        | 0.0003       |
|    loss                 | 1.83         |
|    n_updates            | 2290         |
|    policy_gradient_loss | -0.00221     |
|    value_loss           | 4.96         |
------------------------------------------
FruitCounts | {'Fruit': 0, 'DecayFruit': 0, 'EnemyFruit': 0} |
------------------------------------------
| rollout/                |              |
|    ep_len_mean          | 669          |
|    ep_rew_mean          | 8.85         |
| time/                   |              |
|    fps                  | 185          |
|    iterations           | 231          |
|    time_elapsed         | 2551         |
|    total_timesteps      | 473088       |
| train/                  |              |
|    approx_kl            | 0.0051728524 |
|    clip_fraction        | 0.0542       |
|    clip_range           | 0.2          |
|    entropy_loss         | -0.29        |
|    explained_variance   | 0.141        |
|    learning_rate        | 0.0003       |
|    loss                 | 3.9          |
|    n_updates            | 2300         |
|    policy_gradient_loss | -0.00266     |
|    value_loss           | 9.87         |
------------------------------------------
FruitCounts | {'Fruit': 0, 'DecayFruit': 2, 'EnemyFruit': 1} |
-----------------------------------------
| rollout/                |             |
|    ep_len_mean          | 675         |
|    ep_rew_mean          | 10.1        |
| time/                   |             |
|    fps                  | 185         |
|    iterations           | 232         |
|    time_elapsed         | 2560        |
|    total_timesteps      | 475136      |
| train/                  |             |
|    approx_kl            | 0.012451423 |
|    clip_fraction        | 0.0953      |
|    clip_range           | 0.2         |
|    entropy_loss         | -0.293      |
|    explained_variance   | -0.02       |
|    learning_rate        | 0.0003      |
|    loss                 | 1.62        |
|    n_updates            | 2310        |
|    policy_gradient_loss | -0.00412    |
|    value_loss           | 4.15        |
-----------------------------------------
FruitCounts | {'Fruit': 1, 'DecayFruit': 5, 'EnemyFruit': 3} |
------------------------------------------
| rollout/                |              |
|    ep_len_mean          | 664          |
|    ep_rew_mean          | 10.7         |
| time/                   |              |
|    fps                  | 185          |
|    iterations           | 233          |
|    time_elapsed         | 2569         |
|    total_timesteps      | 477184       |
| train/                  |              |
|    approx_kl            | 0.0029721204 |
|    clip_fraction        | 0.0507       |
|    clip_range           | 0.2          |
|    entropy_loss         | -0.274       |
|    explained_variance   | 0.075        |
|    learning_rate        | 0.0003       |
|    loss                 | 2.2          |
|    n_updates            | 2320         |
|    policy_gradient_loss | -0.000483    |
|    value_loss           | 8.41         |
------------------------------------------
FruitCounts | {'Fruit': 0, 'DecayFruit': 2, 'EnemyFruit': 1} |
------------------------------------------
| rollout/                |              |
|    ep_len_mean          | 647          |
|    ep_rew_mean          | 10.2         |
| time/                   |              |
|    fps                  | 185          |
|    iterations           | 234          |
|    time_elapsed         | 2579         |
|    total_timesteps      | 479232       |
| train/                  |              |
|    approx_kl            | 0.0053893216 |
|    clip_fraction        | 0.0542       |
|    clip_range           | 0.2          |
|    entropy_loss         | -0.257       |
|    explained_variance   | -0.000522    |
|    learning_rate        | 0.0003       |
|    loss                 | 6.4          |
|    n_updates            | 2330         |
|    policy_gradient_loss | -0.00414     |
|    value_loss           | 10.3         |
------------------------------------------
FruitCounts | {'Fruit': 0, 'DecayFruit': 1, 'EnemyFruit': 1} |
------------------------------------------
| rollout/                |              |
|    ep_len_mean          | 532          |
|    ep_rew_mean          | 8.53         |
| time/                   |              |
|    fps                  | 185          |
|    iterations           | 235          |
|    time_elapsed         | 2590         |
|    total_timesteps      | 481280       |
| train/                  |              |
|    approx_kl            | 0.0046289866 |
|    clip_fraction        | 0.0526       |
|    clip_range           | 0.2          |
|    entropy_loss         | -0.261       |
|    explained_variance   | 0.0454       |
|    learning_rate        | 0.0003       |
|    loss                 | 1.62         |
|    n_updates            | 2340         |
|    policy_gradient_loss | -0.00338     |
|    value_loss           | 5.84         |
------------------------------------------
FruitCounts | {'Fruit': 0, 'DecayFruit': 0, 'EnemyFruit': 1} |
------------------------------------------
| rollout/                |              |
|    ep_len_mean          | 453          |
|    ep_rew_mean          | 7.07         |
| time/                   |              |
|    fps                  | 185          |
|    iterations           | 236          |
|    time_elapsed         | 2601         |
|    total_timesteps      | 483328       |
| train/                  |              |
|    approx_kl            | 0.0043584076 |
|    clip_fraction        | 0.0571       |
|    clip_range           | 0.2          |
|    entropy_loss         | -0.293       |
|    explained_variance   | -0.028       |
|    learning_rate        | 0.0003       |
|    loss                 | 3.78         |
|    n_updates            | 2350         |
|    policy_gradient_loss | -0.00302     |
|    value_loss           | 9.84         |
------------------------------------------
FruitCounts | {'Fruit': 0, 'DecayFruit': 0, 'EnemyFruit': 1} |
------------------------------------------
| rollout/                |              |
|    ep_len_mean          | 448          |
|    ep_rew_mean          | 6.78         |
| time/                   |              |
|    fps                  | 185          |
|    iterations           | 237          |
|    time_elapsed         | 2611         |
|    total_timesteps      | 485376       |
| train/                  |              |
|    approx_kl            | 0.0048499466 |
|    clip_fraction        | 0.054        |
|    clip_range           | 0.2          |
|    entropy_loss         | -0.27        |
|    explained_variance   | 0.28         |
|    learning_rate        | 0.0003       |
|    loss                 | 4.72         |
|    n_updates            | 2360         |
|    policy_gradient_loss | -0.00447     |
|    value_loss           | 13.5         |
------------------------------------------
FruitCounts | {'Fruit': 1, 'DecayFruit': 4, 'EnemyFruit': 8} |
----------------------------------------
| rollout/                |            |
|    ep_len_mean          | 442        |
|    ep_rew_mean          | 6.58       |
| time/                   |            |
|    fps                  | 186        |
|    iterations           | 238        |
|    time_elapsed         | 2620       |
|    total_timesteps      | 487424     |
| train/                  |            |
|    approx_kl            | 0.00742091 |
|    clip_fraction        | 0.0726     |
|    clip_range           | 0.2        |
|    entropy_loss         | -0.268     |
|    explained_variance   | 0.118      |
|    learning_rate        | 0.0003     |
|    loss                 | 1.67       |
|    n_updates            | 2370       |
|    policy_gradient_loss | -0.00471   |
|    value_loss           | 6.8        |
----------------------------------------
FruitCounts | {'Fruit': 0, 'DecayFruit': 3, 'EnemyFruit': 2} |
------------------------------------------
| rollout/                |              |
|    ep_len_mean          | 461          |
|    ep_rew_mean          | 7.16         |
| time/                   |              |
|    fps                  | 186          |
|    iterations           | 239          |
|    time_elapsed         | 2630         |
|    total_timesteps      | 489472       |
| train/                  |              |
|    approx_kl            | 0.0067581744 |
|    clip_fraction        | 0.0535       |
|    clip_range           | 0.2          |
|    entropy_loss         | -0.255       |
|    explained_variance   | 0.111        |
|    learning_rate        | 0.0003       |
|    loss                 | 0.714        |
|    n_updates            | 2380         |
|    policy_gradient_loss | -0.00307     |
|    value_loss           | 5.05         |
------------------------------------------
FruitCounts | {'Fruit': 0, 'DecayFruit': 4, 'EnemyFruit': 2} |
------------------------------------------
| rollout/                |              |
|    ep_len_mean          | 443          |
|    ep_rew_mean          | 5.72         |
| time/                   |              |
|    fps                  | 186          |
|    iterations           | 240          |
|    time_elapsed         | 2640         |
|    total_timesteps      | 491520       |
| train/                  |              |
|    approx_kl            | 0.0065967306 |
|    clip_fraction        | 0.0555       |
|    clip_range           | 0.2          |
|    entropy_loss         | -0.249       |
|    explained_variance   | 0.238        |
|    learning_rate        | 0.0003       |
|    loss                 | 1.8          |
|    n_updates            | 2390         |
|    policy_gradient_loss | -0.00207     |
|    value_loss           | 5.55         |
------------------------------------------
FruitCounts | {'Fruit': 3, 'DecayFruit': 6, 'EnemyFruit': 9} |
------------------------------------------
| rollout/                |              |
|    ep_len_mean          | 451          |
|    ep_rew_mean          | 6.76         |
| time/                   |              |
|    fps                  | 186          |
|    iterations           | 241          |
|    time_elapsed         | 2649         |
|    total_timesteps      | 493568       |
| train/                  |              |
|    approx_kl            | 0.0065035988 |
|    clip_fraction        | 0.0736       |
|    clip_range           | 0.2          |
|    entropy_loss         | -0.266       |
|    explained_variance   | 0.232        |
|    learning_rate        | 0.0003       |
|    loss                 | 1.79         |
|    n_updates            | 2400         |
|    policy_gradient_loss | -0.00451     |
|    value_loss           | 11.1         |
------------------------------------------
FruitCounts | {'Fruit': 0, 'DecayFruit': 6, 'EnemyFruit': 5} |
-----------------------------------------
| rollout/                |             |
|    ep_len_mean          | 455         |
|    ep_rew_mean          | 7.34        |
| time/                   |             |
|    fps                  | 186         |
|    iterations           | 242         |
|    time_elapsed         | 2658        |
|    total_timesteps      | 495616      |
| train/                  |             |
|    approx_kl            | 0.006716623 |
|    clip_fraction        | 0.0596      |
|    clip_range           | 0.2         |
|    entropy_loss         | -0.241      |
|    explained_variance   | 0.152       |
|    learning_rate        | 0.0003      |
|    loss                 | 6.31        |
|    n_updates            | 2410        |
|    policy_gradient_loss | -0.00395    |
|    value_loss           | 12.2        |
-----------------------------------------
FruitCounts | {'Fruit': 1, 'DecayFruit': 3, 'EnemyFruit': 7} |
-----------------------------------------
| rollout/                |             |
|    ep_len_mean          | 449         |
|    ep_rew_mean          | 7.11        |
| time/                   |             |
|    fps                  | 186         |
|    iterations           | 243         |
|    time_elapsed         | 2669        |
|    total_timesteps      | 497664      |
| train/                  |             |
|    approx_kl            | 0.007415121 |
|    clip_fraction        | 0.0502      |
|    clip_range           | 0.2         |
|    entropy_loss         | -0.287      |
|    explained_variance   | 0.0252      |
|    learning_rate        | 0.0003      |
|    loss                 | 0.749       |
|    n_updates            | 2420        |
|    policy_gradient_loss | -0.00125    |
|    value_loss           | 5.37        |
-----------------------------------------
FruitCounts | {'Fruit': 2, 'DecayFruit': 7, 'EnemyFruit': 11} |
------------------------------------------
| rollout/                |              |
|    ep_len_mean          | 440          |
|    ep_rew_mean          | 7.28         |
| time/                   |              |
|    fps                  | 186          |
|    iterations           | 244          |
|    time_elapsed         | 2678         |
|    total_timesteps      | 499712       |
| train/                  |              |
|    approx_kl            | 0.0072841365 |
|    clip_fraction        | 0.0668       |
|    clip_range           | 0.2          |
|    entropy_loss         | -0.26        |
|    explained_variance   | 0.0527       |
|    learning_rate        | 0.0003       |
|    loss                 | 0.905        |
|    n_updates            | 2430         |
|    policy_gradient_loss | -0.00322     |
|    value_loss           | 9.66         |
------------------------------------------
FruitCounts | {'Fruit': 0, 'DecayFruit': 2, 'EnemyFruit': 4} |
------------------------------------------
| rollout/                |              |
|    ep_len_mean          | 459          |
|    ep_rew_mean          | 7.7          |
| time/                   |              |
|    fps                  | 186          |
|    iterations           | 245          |
|    time_elapsed         | 2688         |
|    total_timesteps      | 501760       |
| train/                  |              |
|    approx_kl            | 0.0056196433 |
|    clip_fraction        | 0.0603       |
|    clip_range           | 0.2          |
|    entropy_loss         | -0.276       |
|    explained_variance   | 0.25         |
|    learning_rate        | 0.0003       |
|    loss                 | 1.78         |
|    n_updates            | 2440         |
|    policy_gradient_loss | -0.0028      |
|    value_loss           | 8.56         |
------------------------------------------
FruitCounts | {'Fruit': 0, 'DecayFruit': 2, 'EnemyFruit': 2} |
------------------------------------------
| rollout/                |              |
|    ep_len_mean          | 474          |
|    ep_rew_mean          | 8.19         |
| time/                   |              |
|    fps                  | 186          |
|    iterations           | 246          |
|    time_elapsed         | 2699         |
|    total_timesteps      | 503808       |
| train/                  |              |
|    approx_kl            | 0.0068698605 |
|    clip_fraction        | 0.0636       |
|    clip_range           | 0.2          |
|    entropy_loss         | -0.278       |
|    explained_variance   | -0.152       |
|    learning_rate        | 0.0003       |
|    loss                 | 4.01         |
|    n_updates            | 2450         |
|    policy_gradient_loss | -0.00278     |
|    value_loss           | 3.83         |
------------------------------------------
FruitCounts | {'Fruit': 0, 'DecayFruit': 0, 'EnemyFruit': 0} |
------------------------------------------
| rollout/                |              |
|    ep_len_mean          | 492          |
|    ep_rew_mean          | 8.69         |
| time/                   |              |
|    fps                  | 186          |
|    iterations           | 247          |
|    time_elapsed         | 2709         |
|    total_timesteps      | 505856       |
| train/                  |              |
|    approx_kl            | 0.0057719056 |
|    clip_fraction        | 0.058        |
|    clip_range           | 0.2          |
|    entropy_loss         | -0.281       |
|    explained_variance   | 0.226        |
|    learning_rate        | 0.0003       |
|    loss                 | 2.19         |
|    n_updates            | 2460         |
|    policy_gradient_loss | -0.00369     |
|    value_loss           | 6.55         |
------------------------------------------
FruitCounts | {'Fruit': 0, 'DecayFruit': 0, 'EnemyFruit': 0} |
-----------------------------------------
| rollout/                |             |
|    ep_len_mean          | 500         |
|    ep_rew_mean          | 9.03        |
| time/                   |             |
|    fps                  | 186         |
|    iterations           | 248         |
|    time_elapsed         | 2719        |
|    total_timesteps      | 507904      |
| train/                  |             |
|    approx_kl            | 0.008547298 |
|    clip_fraction        | 0.0966      |
|    clip_range           | 0.2         |
|    entropy_loss         | -0.311      |
|    explained_variance   | -0.218      |
|    learning_rate        | 0.0003      |
|    loss                 | 2.85        |
|    n_updates            | 2470        |
|    policy_gradient_loss | -0.00103    |
|    value_loss           | 5.3         |
-----------------------------------------
FruitCounts | {'Fruit': 0, 'DecayFruit': 1, 'EnemyFruit': 4} |
-----------------------------------------
| rollout/                |             |
|    ep_len_mean          | 508         |
|    ep_rew_mean          | 9.12        |
| time/                   |             |
|    fps                  | 186         |
|    iterations           | 249         |
|    time_elapsed         | 2728        |
|    total_timesteps      | 509952      |
| train/                  |             |
|    approx_kl            | 0.008897474 |
|    clip_fraction        | 0.0701      |
|    clip_range           | 0.2         |
|    entropy_loss         | -0.281      |
|    explained_variance   | -0.113      |
|    learning_rate        | 0.0003      |
|    loss                 | 0.898       |
|    n_updates            | 2480        |
|    policy_gradient_loss | -0.00325    |
|    value_loss           | 5.62        |
-----------------------------------------
FruitCounts | {'Fruit': 0, 'DecayFruit': 0, 'EnemyFruit': 1} |
-----------------------------------------
| rollout/                |             |
|    ep_len_mean          | 514         |
|    ep_rew_mean          | 10          |
| time/                   |             |
|    fps                  | 186         |
|    iterations           | 250         |
|    time_elapsed         | 2738        |
|    total_timesteps      | 512000      |
| train/                  |             |
|    approx_kl            | 0.009214567 |
|    clip_fraction        | 0.0703      |
|    clip_range           | 0.2         |
|    entropy_loss         | -0.306      |
|    explained_variance   | 0.078       |
|    learning_rate        | 0.0003      |
|    loss                 | 7.14        |
|    n_updates            | 2490        |
|    policy_gradient_loss | -0.00441    |
|    value_loss           | 8.49        |
-----------------------------------------
FruitCounts | {'Fruit': 0, 'DecayFruit': 1, 'EnemyFruit': 1} |
--------------------------------------
| rollout/                |          |
|    ep_len_mean          | 530      |
|    ep_rew_mean          | 10.7     |
| time/                   |          |
|    fps                  | 187      |
|    iterations           | 251      |
|    time_elapsed         | 2748     |
|    total_timesteps      | 514048   |
| train/                  |          |
|    approx_kl            | 0.006858 |
|    clip_fraction        | 0.0576   |
|    clip_range           | 0.2      |
|    entropy_loss         | -0.272   |
|    explained_variance   | 0.191    |
|    learning_rate        | 0.0003   |
|    loss                 | 1.04     |
|    n_updates            | 2500     |
|    policy_gradient_loss | -0.00429 |
|    value_loss           | 6.31     |
--------------------------------------
FruitCounts | {'Fruit': 0, 'DecayFruit': 1, 'EnemyFruit': 3} |
------------------------------------------
| rollout/                |              |
|    ep_len_mean          | 527          |
|    ep_rew_mean          | 12           |
| time/                   |              |
|    fps                  | 187          |
|    iterations           | 252          |
|    time_elapsed         | 2758         |
|    total_timesteps      | 516096       |
| train/                  |              |
|    approx_kl            | 0.0034096104 |
|    clip_fraction        | 0.0393       |
|    clip_range           | 0.2          |
|    entropy_loss         | -0.281       |
|    explained_variance   | 0.174        |
|    learning_rate        | 0.0003       |
|    loss                 | 4.22         |
|    n_updates            | 2510         |
|    policy_gradient_loss | -0.00245     |
|    value_loss           | 8.25         |
------------------------------------------
FruitCounts | {'Fruit': 0, 'DecayFruit': 1, 'EnemyFruit': 0} |
------------------------------------------
| rollout/                |              |
|    ep_len_mean          | 525          |
|    ep_rew_mean          | 13.1         |
| time/                   |              |
|    fps                  | 187          |
|    iterations           | 253          |
|    time_elapsed         | 2769         |
|    total_timesteps      | 518144       |
| train/                  |              |
|    approx_kl            | 0.0042645354 |
|    clip_fraction        | 0.049        |
|    clip_range           | 0.2          |
|    entropy_loss         | -0.283       |
|    explained_variance   | 0.137        |
|    learning_rate        | 0.0003       |
|    loss                 | 5.19         |
|    n_updates            | 2520         |
|    policy_gradient_loss | -0.003       |
|    value_loss           | 16           |
------------------------------------------
FruitCounts | {'Fruit': 1, 'DecayFruit': 0, 'EnemyFruit': 1} |
-----------------------------------------
| rollout/                |             |
|    ep_len_mean          | 524         |
|    ep_rew_mean          | 13.9        |
| time/                   |             |
|    fps                  | 187         |
|    iterations           | 254         |
|    time_elapsed         | 2779        |
|    total_timesteps      | 520192      |
| train/                  |             |
|    approx_kl            | 0.005881316 |
|    clip_fraction        | 0.0515      |
|    clip_range           | 0.2         |
|    entropy_loss         | -0.297      |
|    explained_variance   | 0.0557      |
|    learning_rate        | 0.0003      |
|    loss                 | 13.6        |
|    n_updates            | 2530        |
|    policy_gradient_loss | -0.00292    |
|    value_loss           | 16.2        |
-----------------------------------------
FruitCounts | {'Fruit': 0, 'DecayFruit': 1, 'EnemyFruit': 0} |
-----------------------------------------
| rollout/                |             |
|    ep_len_mean          | 522         |
|    ep_rew_mean          | 14.3        |
| time/                   |             |
|    fps                  | 187         |
|    iterations           | 255         |
|    time_elapsed         | 2790        |
|    total_timesteps      | 522240      |
| train/                  |             |
|    approx_kl            | 0.003611832 |
|    clip_fraction        | 0.038       |
|    clip_range           | 0.2         |
|    entropy_loss         | -0.274      |
|    explained_variance   | 0.0622      |
|    learning_rate        | 0.0003      |
|    loss                 | 6.07        |
|    n_updates            | 2540        |
|    policy_gradient_loss | -0.0011     |
|    value_loss           | 12.3        |
-----------------------------------------
FruitCounts | {'Fruit': 1, 'DecayFruit': 1, 'EnemyFruit': 4} |
-----------------------------------------
| rollout/                |             |
|    ep_len_mean          | 489         |
|    ep_rew_mean          | 12.4        |
| time/                   |             |
|    fps                  | 187         |
|    iterations           | 256         |
|    time_elapsed         | 2800        |
|    total_timesteps      | 524288      |
| train/                  |             |
|    approx_kl            | 0.008225069 |
|    clip_fraction        | 0.0711      |
|    clip_range           | 0.2         |
|    entropy_loss         | -0.29       |
|    explained_variance   | 0.0601      |
|    learning_rate        | 0.0003      |
|    loss                 | 4.8         |
|    n_updates            | 2550        |
|    policy_gradient_loss | -0.00229    |
|    value_loss           | 12.5        |
-----------------------------------------
FruitCounts | {'Fruit': 3, 'DecayFruit': 4, 'EnemyFruit': 8} |
----------------------------------------
| rollout/                |            |
|    ep_len_mean          | 491        |
|    ep_rew_mean          | 12.3       |
| time/                   |            |
|    fps                  | 187        |
|    iterations           | 257        |
|    time_elapsed         | 2809       |
|    total_timesteps      | 526336     |
| train/                  |            |
|    approx_kl            | 0.00570744 |
|    clip_fraction        | 0.0677     |
|    clip_range           | 0.2        |
|    entropy_loss         | -0.285     |
|    explained_variance   | 0.132      |
|    learning_rate        | 0.0003     |
|    loss                 | 1.29       |
|    n_updates            | 2560       |
|    policy_gradient_loss | -0.00163   |
|    value_loss           | 7.17       |
----------------------------------------
FruitCounts | {'Fruit': 0, 'DecayFruit': 0, 'EnemyFruit': 0} |
-----------------------------------------
| rollout/                |             |
|    ep_len_mean          | 509         |
|    ep_rew_mean          | 12.6        |
| time/                   |             |
|    fps                  | 187         |
|    iterations           | 258         |
|    time_elapsed         | 2820        |
|    total_timesteps      | 528384      |
| train/                  |             |
|    approx_kl            | 0.004656096 |
|    clip_fraction        | 0.0576      |
|    clip_range           | 0.2         |
|    entropy_loss         | -0.292      |
|    explained_variance   | 0.0626      |
|    learning_rate        | 0.0003      |
|    loss                 | 1.62        |
|    n_updates            | 2570        |
|    policy_gradient_loss | -0.00332    |
|    value_loss           | 7.1         |
-----------------------------------------
FruitCounts | {'Fruit': 0, 'DecayFruit': 3, 'EnemyFruit': 2} |
-----------------------------------------
| rollout/                |             |
|    ep_len_mean          | 517         |
|    ep_rew_mean          | 13.5        |
| time/                   |             |
|    fps                  | 187         |
|    iterations           | 259         |
|    time_elapsed         | 2829        |
|    total_timesteps      | 530432      |
| train/                  |             |
|    approx_kl            | 0.010122044 |
|    clip_fraction        | 0.0747      |
|    clip_range           | 0.2         |
|    entropy_loss         | -0.332      |
|    explained_variance   | -0.169      |
|    learning_rate        | 0.0003      |
|    loss                 | 0.69        |
|    n_updates            | 2580        |
|    policy_gradient_loss | -0.00351    |
|    value_loss           | 5.21        |
-----------------------------------------
FruitCounts | {'Fruit': 1, 'DecayFruit': 6, 'EnemyFruit': 4} |
-----------------------------------------
| rollout/                |             |
|    ep_len_mean          | 525         |
|    ep_rew_mean          | 14.8        |
| time/                   |             |
|    fps                  | 187         |
|    iterations           | 260         |
|    time_elapsed         | 2839        |
|    total_timesteps      | 532480      |
| train/                  |             |
|    approx_kl            | 0.011671655 |
|    clip_fraction        | 0.0791      |
|    clip_range           | 0.2         |
|    entropy_loss         | -0.296      |
|    explained_variance   | 0.18        |
|    learning_rate        | 0.0003      |
|    loss                 | 1.83        |
|    n_updates            | 2590        |
|    policy_gradient_loss | -0.00254    |
|    value_loss           | 5.75        |
-----------------------------------------
FruitCounts | {'Fruit': 0, 'DecayFruit': 3, 'EnemyFruit': 2} |
------------------------------------------
| rollout/                |              |
|    ep_len_mean          | 535          |
|    ep_rew_mean          | 15.7         |
| time/                   |              |
|    fps                  | 187          |
|    iterations           | 261          |
|    time_elapsed         | 2850         |
|    total_timesteps      | 534528       |
| train/                  |              |
|    approx_kl            | 0.0055811163 |
|    clip_fraction        | 0.0437       |
|    clip_range           | 0.2          |
|    entropy_loss         | -0.301       |
|    explained_variance   | 0.158        |
|    learning_rate        | 0.0003       |
|    loss                 | 10.2         |
|    n_updates            | 2600         |
|    policy_gradient_loss | -0.00335     |
|    value_loss           | 16.3         |
------------------------------------------
FruitCounts | {'Fruit': 0, 'DecayFruit': 2, 'EnemyFruit': 1} |
------------------------------------------
| rollout/                |              |
|    ep_len_mean          | 542          |
|    ep_rew_mean          | 15.9         |
| time/                   |              |
|    fps                  | 187          |
|    iterations           | 262          |
|    time_elapsed         | 2860         |
|    total_timesteps      | 536576       |
| train/                  |              |
|    approx_kl            | 0.0064617707 |
|    clip_fraction        | 0.0408       |
|    clip_range           | 0.2          |
|    entropy_loss         | -0.287       |
|    explained_variance   | -0.0877      |
|    learning_rate        | 0.0003       |
|    loss                 | 3.11         |
|    n_updates            | 2610         |
|    policy_gradient_loss | -0.00368     |
|    value_loss           | 14.4         |
------------------------------------------
FruitCounts | {'Fruit': 0, 'DecayFruit': 2, 'EnemyFruit': 1} |
-----------------------------------------
| rollout/                |             |
|    ep_len_mean          | 552         |
|    ep_rew_mean          | 16.8        |
| time/                   |             |
|    fps                  | 187         |
|    iterations           | 263         |
|    time_elapsed         | 2870        |
|    total_timesteps      | 538624      |
| train/                  |             |
|    approx_kl            | 0.008995329 |
|    clip_fraction        | 0.0784      |
|    clip_range           | 0.2         |
|    entropy_loss         | -0.308      |
|    explained_variance   | 0.133       |
|    learning_rate        | 0.0003      |
|    loss                 | 1.91        |
|    n_updates            | 2620        |
|    policy_gradient_loss | -0.00649    |
|    value_loss           | 10.5        |
-----------------------------------------
FruitCounts | {'Fruit': 1, 'DecayFruit': 0, 'EnemyFruit': 1} |
-----------------------------------------
| rollout/                |             |
|    ep_len_mean          | 554         |
|    ep_rew_mean          | 17.5        |
| time/                   |             |
|    fps                  | 187         |
|    iterations           | 264         |
|    time_elapsed         | 2881        |
|    total_timesteps      | 540672      |
| train/                  |             |
|    approx_kl            | 0.009051098 |
|    clip_fraction        | 0.0741      |
|    clip_range           | 0.2         |
|    entropy_loss         | -0.284      |
|    explained_variance   | -0.0716     |
|    learning_rate        | 0.0003      |
|    loss                 | 2.58        |
|    n_updates            | 2630        |
|    policy_gradient_loss | -0.00269    |
|    value_loss           | 6.83        |
-----------------------------------------
FruitCounts | {'Fruit': 1, 'DecayFruit': 1, 'EnemyFruit': 2} |
------------------------------------------
| rollout/                |              |
|    ep_len_mean          | 566          |
|    ep_rew_mean          | 18.2         |
| time/                   |              |
|    fps                  | 187          |
|    iterations           | 265          |
|    time_elapsed         | 2890         |
|    total_timesteps      | 542720       |
| train/                  |              |
|    approx_kl            | 0.0043601543 |
|    clip_fraction        | 0.051        |
|    clip_range           | 0.2          |
|    entropy_loss         | -0.292       |
|    explained_variance   | 0.12         |
|    learning_rate        | 0.0003       |
|    loss                 | 1.09         |
|    n_updates            | 2640         |
|    policy_gradient_loss | -0.0025      |
|    value_loss           | 11.2         |
------------------------------------------
FruitCounts | {'Fruit': 3, 'DecayFruit': 3, 'EnemyFruit': 4} |
-----------------------------------------
| rollout/                |             |
|    ep_len_mean          | 571         |
|    ep_rew_mean          | 18.6        |
| time/                   |             |
|    fps                  | 187         |
|    iterations           | 266         |
|    time_elapsed         | 2899        |
|    total_timesteps      | 544768      |
| train/                  |             |
|    approx_kl            | 0.005540302 |
|    clip_fraction        | 0.0596      |
|    clip_range           | 0.2         |
|    entropy_loss         | -0.29       |
|    explained_variance   | 0.0512      |
|    learning_rate        | 0.0003      |
|    loss                 | 3.07        |
|    n_updates            | 2650        |
|    policy_gradient_loss | -0.00155    |
|    value_loss           | 5.69        |
-----------------------------------------
FruitCounts | {'Fruit': 0, 'DecayFruit': 0, 'EnemyFruit': 0} |
-----------------------------------------
| rollout/                |             |
|    ep_len_mean          | 570         |
|    ep_rew_mean          | 17.4        |
| time/                   |             |
|    fps                  | 187         |
|    iterations           | 267         |
|    time_elapsed         | 2909        |
|    total_timesteps      | 546816      |
| train/                  |             |
|    approx_kl            | 0.008539146 |
|    clip_fraction        | 0.0702      |
|    clip_range           | 0.2         |
|    entropy_loss         | -0.285      |
|    explained_variance   | -0.109      |
|    learning_rate        | 0.0003      |
|    loss                 | 0.793       |
|    n_updates            | 2660        |
|    policy_gradient_loss | -0.000505   |
|    value_loss           | 3.39        |
-----------------------------------------
FruitCounts | {'Fruit': 0, 'DecayFruit': 4, 'EnemyFruit': 2} |
-----------------------------------------
| rollout/                |             |
|    ep_len_mean          | 574         |
|    ep_rew_mean          | 17.9        |
| time/                   |             |
|    fps                  | 188         |
|    iterations           | 268         |
|    time_elapsed         | 2919        |
|    total_timesteps      | 548864      |
| train/                  |             |
|    approx_kl            | 0.007010833 |
|    clip_fraction        | 0.0672      |
|    clip_range           | 0.2         |
|    entropy_loss         | -0.292      |
|    explained_variance   | 0.0487      |
|    learning_rate        | 0.0003      |
|    loss                 | 2.24        |
|    n_updates            | 2670        |
|    policy_gradient_loss | -0.00632    |
|    value_loss           | 6.92        |
-----------------------------------------
FruitCounts | {'Fruit': 0, 'DecayFruit': 0, 'EnemyFruit': 0} |
-----------------------------------------
| rollout/                |             |
|    ep_len_mean          | 591         |
|    ep_rew_mean          | 18.7        |
| time/                   |             |
|    fps                  | 188         |
|    iterations           | 269         |
|    time_elapsed         | 2929        |
|    total_timesteps      | 550912      |
| train/                  |             |
|    approx_kl            | 0.006338758 |
|    clip_fraction        | 0.0622      |
|    clip_range           | 0.2         |
|    entropy_loss         | -0.308      |
|    explained_variance   | 0.0885      |
|    learning_rate        | 0.0003      |
|    loss                 | 1.42        |
|    n_updates            | 2680        |
|    policy_gradient_loss | -0.00063    |
|    value_loss           | 6.76        |
-----------------------------------------
FruitCounts | {'Fruit': 0, 'DecayFruit': 3, 'EnemyFruit': 3} |
-----------------------------------------
| rollout/                |             |
|    ep_len_mean          | 603         |
|    ep_rew_mean          | 18.8        |
| time/                   |             |
|    fps                  | 188         |
|    iterations           | 270         |
|    time_elapsed         | 2938        |
|    total_timesteps      | 552960      |
| train/                  |             |
|    approx_kl            | 0.005585947 |
|    clip_fraction        | 0.0747      |
|    clip_range           | 0.2         |
|    entropy_loss         | -0.32       |
|    explained_variance   | -0.128      |
|    learning_rate        | 0.0003      |
|    loss                 | 6.57        |
|    n_updates            | 2690        |
|    policy_gradient_loss | -0.0012     |
|    value_loss           | 8.89        |
-----------------------------------------
FruitCounts | {'Fruit': 1, 'DecayFruit': 0, 'EnemyFruit': 0} |
-----------------------------------------
| rollout/                |             |
|    ep_len_mean          | 583         |
|    ep_rew_mean          | 17.2        |
| time/                   |             |
|    fps                  | 188         |
|    iterations           | 271         |
|    time_elapsed         | 2948        |
|    total_timesteps      | 555008      |
| train/                  |             |
|    approx_kl            | 0.006359905 |
|    clip_fraction        | 0.0702      |
|    clip_range           | 0.2         |
|    entropy_loss         | -0.316      |
|    explained_variance   | -0.16       |
|    learning_rate        | 0.0003      |
|    loss                 | 1.71        |
|    n_updates            | 2700        |
|    policy_gradient_loss | -0.00445    |
|    value_loss           | 3.29        |
-----------------------------------------
FruitCounts | {'Fruit': 0, 'DecayFruit': 1, 'EnemyFruit': 0} |
-----------------------------------------
| rollout/                |             |
|    ep_len_mean          | 586         |
|    ep_rew_mean          | 18.4        |
| time/                   |             |
|    fps                  | 188         |
|    iterations           | 272         |
|    time_elapsed         | 2958        |
|    total_timesteps      | 557056      |
| train/                  |             |
|    approx_kl            | 0.006367362 |
|    clip_fraction        | 0.0694      |
|    clip_range           | 0.2         |
|    entropy_loss         | -0.299      |
|    explained_variance   | 0.174       |
|    learning_rate        | 0.0003      |
|    loss                 | 6.38        |
|    n_updates            | 2710        |
|    policy_gradient_loss | -0.00183    |
|    value_loss           | 6.58        |
-----------------------------------------
FruitCounts | {'Fruit': 0, 'DecayFruit': 0, 'EnemyFruit': 1} |
------------------------------------------
| rollout/                |              |
|    ep_len_mean          | 556          |
|    ep_rew_mean          | 17.9         |
| time/                   |              |
|    fps                  | 188          |
|    iterations           | 273          |
|    time_elapsed         | 2970         |
|    total_timesteps      | 559104       |
| train/                  |              |
|    approx_kl            | 0.0051715216 |
|    clip_fraction        | 0.0605       |
|    clip_range           | 0.2          |
|    entropy_loss         | -0.285       |
|    explained_variance   | 0.164        |
|    learning_rate        | 0.0003       |
|    loss                 | 3.16         |
|    n_updates            | 2720         |
|    policy_gradient_loss | -0.00437     |
|    value_loss           | 12.1         |
------------------------------------------
FruitCounts | {'Fruit': 0, 'DecayFruit': 1, 'EnemyFruit': 2} |
------------------------------------------
| rollout/                |              |
|    ep_len_mean          | 535          |
|    ep_rew_mean          | 18.3         |
| time/                   |              |
|    fps                  | 188          |
|    iterations           | 274          |
|    time_elapsed         | 2980         |
|    total_timesteps      | 561152       |
| train/                  |              |
|    approx_kl            | 0.0058448976 |
|    clip_fraction        | 0.055        |
|    clip_range           | 0.2          |
|    entropy_loss         | -0.281       |
|    explained_variance   | 0.0453       |
|    learning_rate        | 0.0003       |
|    loss                 | 2.86         |
|    n_updates            | 2730         |
|    policy_gradient_loss | -0.00404     |
|    value_loss           | 11.1         |
------------------------------------------
FruitCounts | {'Fruit': 0, 'DecayFruit': 1, 'EnemyFruit': 3} |
------------------------------------------
| rollout/                |              |
|    ep_len_mean          | 521          |
|    ep_rew_mean          | 18.4         |
| time/                   |              |
|    fps                  | 188          |
|    iterations           | 275          |
|    time_elapsed         | 2991         |
|    total_timesteps      | 563200       |
| train/                  |              |
|    approx_kl            | 0.0067207236 |
|    clip_fraction        | 0.0501       |
|    clip_range           | 0.2          |
|    entropy_loss         | -0.298       |
|    explained_variance   | 0.0241       |
|    learning_rate        | 0.0003       |
|    loss                 | 2.97         |
|    n_updates            | 2740         |
|    policy_gradient_loss | -0.00191     |
|    value_loss           | 8.92         |
------------------------------------------
FruitCounts | {'Fruit': 0, 'DecayFruit': 1, 'EnemyFruit': 2} |
------------------------------------------
| rollout/                |              |
|    ep_len_mean          | 500          |
|    ep_rew_mean          | 16.7         |
| time/                   |              |
|    fps                  | 188          |
|    iterations           | 276          |
|    time_elapsed         | 3001         |
|    total_timesteps      | 565248       |
| train/                  |              |
|    approx_kl            | 0.0066464916 |
|    clip_fraction        | 0.0609       |
|    clip_range           | 0.2          |
|    entropy_loss         | -0.277       |
|    explained_variance   | 0.157        |
|    learning_rate        | 0.0003       |
|    loss                 | 5.03         |
|    n_updates            | 2750         |
|    policy_gradient_loss | -0.00375     |
|    value_loss           | 9.82         |
------------------------------------------
FruitCounts | {'Fruit': 0, 'DecayFruit': 0, 'EnemyFruit': 1} |
-----------------------------------------
| rollout/                |             |
|    ep_len_mean          | 502         |
|    ep_rew_mean          | 16.8        |
| time/                   |             |
|    fps                  | 188         |
|    iterations           | 277         |
|    time_elapsed         | 3011        |
|    total_timesteps      | 567296      |
| train/                  |             |
|    approx_kl            | 0.009276304 |
|    clip_fraction        | 0.0675      |
|    clip_range           | 0.2         |
|    entropy_loss         | -0.293      |
|    explained_variance   | 0.152       |
|    learning_rate        | 0.0003      |
|    loss                 | 7.5         |
|    n_updates            | 2760        |
|    policy_gradient_loss | -0.00296    |
|    value_loss           | 10.1        |
-----------------------------------------
FruitCounts | {'Fruit': 2, 'DecayFruit': 2, 'EnemyFruit': 4} |
------------------------------------------
| rollout/                |              |
|    ep_len_mean          | 516          |
|    ep_rew_mean          | 17.6         |
| time/                   |              |
|    fps                  | 188          |
|    iterations           | 278          |
|    time_elapsed         | 3020         |
|    total_timesteps      | 569344       |
| train/                  |              |
|    approx_kl            | 0.0035588704 |
|    clip_fraction        | 0.0423       |
|    clip_range           | 0.2          |
|    entropy_loss         | -0.274       |
|    explained_variance   | 0.101        |
|    learning_rate        | 0.0003       |
|    loss                 | 7.43         |
|    n_updates            | 2770         |
|    policy_gradient_loss | -0.00118     |
|    value_loss           | 12.7         |
------------------------------------------
FruitCounts | {'Fruit': 0, 'DecayFruit': 0, 'EnemyFruit': 0} |
------------------------------------------
| rollout/                |              |
|    ep_len_mean          | 524          |
|    ep_rew_mean          | 16.1         |
| time/                   |              |
|    fps                  | 188          |
|    iterations           | 279          |
|    time_elapsed         | 3031         |
|    total_timesteps      | 571392       |
| train/                  |              |
|    approx_kl            | 0.0077113737 |
|    clip_fraction        | 0.0692       |
|    clip_range           | 0.2          |
|    entropy_loss         | -0.293       |
|    explained_variance   | -0.0926      |
|    learning_rate        | 0.0003       |
|    loss                 | 1.82         |
|    n_updates            | 2780         |
|    policy_gradient_loss | -0.00247     |
|    value_loss           | 6.67         |
------------------------------------------
FruitCounts | {'Fruit': 0, 'DecayFruit': 2, 'EnemyFruit': 3} |
-----------------------------------------
| rollout/                |             |
|    ep_len_mean          | 523         |
|    ep_rew_mean          | 16.8        |
| time/                   |             |
|    fps                  | 188         |
|    iterations           | 280         |
|    time_elapsed         | 3041        |
|    total_timesteps      | 573440      |
| train/                  |             |
|    approx_kl            | 0.012111357 |
|    clip_fraction        | 0.0691      |
|    clip_range           | 0.2         |
|    entropy_loss         | -0.288      |
|    explained_variance   | 0.0383      |
|    learning_rate        | 0.0003      |
|    loss                 | 3.89        |
|    n_updates            | 2790        |
|    policy_gradient_loss | -0.00553    |
|    value_loss           | 8.79        |
-----------------------------------------
FruitCounts | {'Fruit': 0, 'DecayFruit': 1, 'EnemyFruit': 1} |
------------------------------------------
| rollout/                |              |
|    ep_len_mean          | 530          |
|    ep_rew_mean          | 16.8         |
| time/                   |              |
|    fps                  | 188          |
|    iterations           | 281          |
|    time_elapsed         | 3051         |
|    total_timesteps      | 575488       |
| train/                  |              |
|    approx_kl            | 0.0060942736 |
|    clip_fraction        | 0.0549       |
|    clip_range           | 0.2          |
|    entropy_loss         | -0.303       |
|    explained_variance   | 0.0312       |
|    learning_rate        | 0.0003       |
|    loss                 | 1.66         |
|    n_updates            | 2800         |
|    policy_gradient_loss | 0.00056      |
|    value_loss           | 11.5         |
------------------------------------------
FruitCounts | {'Fruit': 1, 'DecayFruit': 1, 'EnemyFruit': 5} |
-----------------------------------------
| rollout/                |             |
|    ep_len_mean          | 543         |
|    ep_rew_mean          | 17.7        |
| time/                   |             |
|    fps                  | 188         |
|    iterations           | 282         |
|    time_elapsed         | 3061        |
|    total_timesteps      | 577536      |
| train/                  |             |
|    approx_kl            | 0.007684808 |
|    clip_fraction        | 0.0762      |
|    clip_range           | 0.2         |
|    entropy_loss         | -0.336      |
|    explained_variance   | 0.149       |
|    learning_rate        | 0.0003      |
|    loss                 | 4.11        |
|    n_updates            | 2810        |
|    policy_gradient_loss | -0.00269    |
|    value_loss           | 8.03        |
-----------------------------------------
FruitCounts | {'Fruit': 0, 'DecayFruit': 7, 'EnemyFruit': 6} |
-----------------------------------------
| rollout/                |             |
|    ep_len_mean          | 532         |
|    ep_rew_mean          | 17.2        |
| time/                   |             |
|    fps                  | 188         |
|    iterations           | 283         |
|    time_elapsed         | 3070        |
|    total_timesteps      | 579584      |
| train/                  |             |
|    approx_kl            | 0.006906346 |
|    clip_fraction        | 0.0721      |
|    clip_range           | 0.2         |
|    entropy_loss         | -0.295      |
|    explained_variance   | 0.0483      |
|    learning_rate        | 0.0003      |
|    loss                 | 1.83        |
|    n_updates            | 2820        |
|    policy_gradient_loss | -0.00116    |
|    value_loss           | 9.11        |
-----------------------------------------
FruitCounts | {'Fruit': 1, 'DecayFruit': 1, 'EnemyFruit': 0} |
-----------------------------------------
| rollout/                |             |
|    ep_len_mean          | 506         |
|    ep_rew_mean          | 16.6        |
| time/                   |             |
|    fps                  | 188         |
|    iterations           | 284         |
|    time_elapsed         | 3081        |
|    total_timesteps      | 581632      |
| train/                  |             |
|    approx_kl            | 0.007374701 |
|    clip_fraction        | 0.0712      |
|    clip_range           | 0.2         |
|    entropy_loss         | -0.295      |
|    explained_variance   | 0.0957      |
|    learning_rate        | 0.0003      |
|    loss                 | 5.8         |
|    n_updates            | 2830        |
|    policy_gradient_loss | -0.00311    |
|    value_loss           | 9.24        |
-----------------------------------------
FruitCounts | {'Fruit': 1, 'DecayFruit': 1, 'EnemyFruit': 1} |
------------------------------------------
| rollout/                |              |
|    ep_len_mean          | 495          |
|    ep_rew_mean          | 14.9         |
| time/                   |              |
|    fps                  | 188          |
|    iterations           | 285          |
|    time_elapsed         | 3092         |
|    total_timesteps      | 583680       |
| train/                  |              |
|    approx_kl            | 0.0066091446 |
|    clip_fraction        | 0.0774       |
|    clip_range           | 0.2          |
|    entropy_loss         | -0.293       |
|    explained_variance   | 0.214        |
|    learning_rate        | 0.0003       |
|    loss                 | 6.5          |
|    n_updates            | 2840         |
|    policy_gradient_loss | -0.00171     |
|    value_loss           | 11.7         |
------------------------------------------
FruitCounts | {'Fruit': 0, 'DecayFruit': 4, 'EnemyFruit': 5} |
-----------------------------------------
| rollout/                |             |
|    ep_len_mean          | 507         |
|    ep_rew_mean          | 14.7        |
| time/                   |             |
|    fps                  | 188         |
|    iterations           | 286         |
|    time_elapsed         | 3101        |
|    total_timesteps      | 585728      |
| train/                  |             |
|    approx_kl            | 0.010268178 |
|    clip_fraction        | 0.073       |
|    clip_range           | 0.2         |
|    entropy_loss         | -0.303      |
|    explained_variance   | 0.231       |
|    learning_rate        | 0.0003      |
|    loss                 | 4.07        |
|    n_updates            | 2850        |
|    policy_gradient_loss | -0.00498    |
|    value_loss           | 6.2         |
-----------------------------------------
FruitCounts | {'Fruit': 0, 'DecayFruit': 0, 'EnemyFruit': 0} |
------------------------------------------
| rollout/                |              |
|    ep_len_mean          | 516          |
|    ep_rew_mean          | 15.4         |
| time/                   |              |
|    fps                  | 188          |
|    iterations           | 287          |
|    time_elapsed         | 3112         |
|    total_timesteps      | 587776       |
| train/                  |              |
|    approx_kl            | 0.0074107815 |
|    clip_fraction        | 0.0745       |
|    clip_range           | 0.2          |
|    entropy_loss         | -0.317       |
|    explained_variance   | -0.0228      |
|    learning_rate        | 0.0003       |
|    loss                 | 3.52         |
|    n_updates            | 2860         |
|    policy_gradient_loss | -0.00235     |
|    value_loss           | 8.19         |
------------------------------------------
FruitCounts | {'Fruit': 0, 'DecayFruit': 0, 'EnemyFruit': 0} |
-----------------------------------------
| rollout/                |             |
|    ep_len_mean          | 503         |
|    ep_rew_mean          | 15.3        |
| time/                   |             |
|    fps                  | 188         |
|    iterations           | 288         |
|    time_elapsed         | 3121        |
|    total_timesteps      | 589824      |
| train/                  |             |
|    approx_kl            | 0.013095971 |
|    clip_fraction        | 0.0945      |
|    clip_range           | 0.2         |
|    entropy_loss         | -0.315      |
|    explained_variance   | 0.0686      |
|    learning_rate        | 0.0003      |
|    loss                 | 1.9         |
|    n_updates            | 2870        |
|    policy_gradient_loss | -0.0043     |
|    value_loss           | 7.83        |
-----------------------------------------
FruitCounts | {'Fruit': 2, 'DecayFruit': 7, 'EnemyFruit': 9} |
------------------------------------------
| rollout/                |              |
|    ep_len_mean          | 512          |
|    ep_rew_mean          | 15.9         |
| time/                   |              |
|    fps                  | 189          |
|    iterations           | 289          |
|    time_elapsed         | 3130         |
|    total_timesteps      | 591872       |
| train/                  |              |
|    approx_kl            | 0.0060485536 |
|    clip_fraction        | 0.0648       |
|    clip_range           | 0.2          |
|    entropy_loss         | -0.3         |
|    explained_variance   | 0.112        |
|    learning_rate        | 0.0003       |
|    loss                 | 4.44         |
|    n_updates            | 2880         |
|    policy_gradient_loss | -0.00102     |
|    value_loss           | 11.2         |
------------------------------------------
FruitCounts | {'Fruit': 0, 'DecayFruit': 1, 'EnemyFruit': 2} |
-----------------------------------------
| rollout/                |             |
|    ep_len_mean          | 531         |
|    ep_rew_mean          | 16.9        |
| time/                   |             |
|    fps                  | 189         |
|    iterations           | 290         |
|    time_elapsed         | 3140        |
|    total_timesteps      | 593920      |
| train/                  |             |
|    approx_kl            | 0.005858831 |
|    clip_fraction        | 0.0721      |
|    clip_range           | 0.2         |
|    entropy_loss         | -0.31       |
|    explained_variance   | 0.0869      |
|    learning_rate        | 0.0003      |
|    loss                 | 2.79        |
|    n_updates            | 2890        |
|    policy_gradient_loss | -0.00222    |
|    value_loss           | 8.49        |
-----------------------------------------
FruitCounts | {'Fruit': 2, 'DecayFruit': 2, 'EnemyFruit': 0} |
-----------------------------------------
| rollout/                |             |
|    ep_len_mean          | 551         |
|    ep_rew_mean          | 17.3        |
| time/                   |             |
|    fps                  | 189         |
|    iterations           | 291         |
|    time_elapsed         | 3150        |
|    total_timesteps      | 595968      |
| train/                  |             |
|    approx_kl            | 0.009813262 |
|    clip_fraction        | 0.0757      |
|    clip_range           | 0.2         |
|    entropy_loss         | -0.293      |
|    explained_variance   | -0.0597     |
|    learning_rate        | 0.0003      |
|    loss                 | 1.96        |
|    n_updates            | 2900        |
|    policy_gradient_loss | -0.00244    |
|    value_loss           | 8.52        |
-----------------------------------------
FruitCounts | {'Fruit': 0, 'DecayFruit': 1, 'EnemyFruit': 1} |
------------------------------------------
| rollout/                |              |
|    ep_len_mean          | 548          |
|    ep_rew_mean          | 17.1         |
| time/                   |              |
|    fps                  | 189          |
|    iterations           | 292          |
|    time_elapsed         | 3160         |
|    total_timesteps      | 598016       |
| train/                  |              |
|    approx_kl            | 0.0078056706 |
|    clip_fraction        | 0.0693       |
|    clip_range           | 0.2          |
|    entropy_loss         | -0.289       |
|    explained_variance   | 0.125        |
|    learning_rate        | 0.0003       |
|    loss                 | 0.977        |
|    n_updates            | 2910         |
|    policy_gradient_loss | -0.00172     |
|    value_loss           | 4.78         |
------------------------------------------
FruitCounts | {'Fruit': 0, 'DecayFruit': 3, 'EnemyFruit': 7} |
-----------------------------------------
| rollout/                |             |
|    ep_len_mean          | 530         |
|    ep_rew_mean          | 17.6        |
| time/                   |             |
|    fps                  | 189         |
|    iterations           | 293         |
|    time_elapsed         | 3169        |
|    total_timesteps      | 600064      |
| train/                  |             |
|    approx_kl            | 0.009548798 |
|    clip_fraction        | 0.0701      |
|    clip_range           | 0.2         |
|    entropy_loss         | -0.289      |
|    explained_variance   | 0.0633      |
|    learning_rate        | 0.0003      |
|    loss                 | 1.99        |
|    n_updates            | 2920        |
|    policy_gradient_loss | -0.00141    |
|    value_loss           | 6.81        |
-----------------------------------------
FruitCounts | {'Fruit': 1, 'DecayFruit': 1, 'EnemyFruit': 1} |
-----------------------------------------
| rollout/                |             |
|    ep_len_mean          | 533         |
|    ep_rew_mean          | 17.9        |
| time/                   |             |
|    fps                  | 189         |
|    iterations           | 294         |
|    time_elapsed         | 3178        |
|    total_timesteps      | 602112      |
| train/                  |             |
|    approx_kl            | 0.008804042 |
|    clip_fraction        | 0.0758      |
|    clip_range           | 0.2         |
|    entropy_loss         | -0.265      |
|    explained_variance   | 0.0407      |
|    learning_rate        | 0.0003      |
|    loss                 | 1.2         |
|    n_updates            | 2930        |
|    policy_gradient_loss | -0.00278    |
|    value_loss           | 5.63        |
-----------------------------------------
FruitCounts | {'Fruit': 1, 'DecayFruit': 0, 'EnemyFruit': 1} |
-----------------------------------------
| rollout/                |             |
|    ep_len_mean          | 509         |
|    ep_rew_mean          | 16.6        |
| time/                   |             |
|    fps                  | 189         |
|    iterations           | 295         |
|    time_elapsed         | 3189        |
|    total_timesteps      | 604160      |
| train/                  |             |
|    approx_kl            | 0.007593479 |
|    clip_fraction        | 0.0565      |
|    clip_range           | 0.2         |
|    entropy_loss         | -0.27       |
|    explained_variance   | 0.135       |
|    learning_rate        | 0.0003      |
|    loss                 | 0.912       |
|    n_updates            | 2940        |
|    policy_gradient_loss | -0.00196    |
|    value_loss           | 5.89        |
-----------------------------------------
FruitCounts | {'Fruit': 0, 'DecayFruit': 1, 'EnemyFruit': 1} |
------------------------------------------
| rollout/                |              |
|    ep_len_mean          | 502          |
|    ep_rew_mean          | 17.2         |
| time/                   |              |
|    fps                  | 189          |
|    iterations           | 296          |
|    time_elapsed         | 3199         |
|    total_timesteps      | 606208       |
| train/                  |              |
|    approx_kl            | 0.0052456697 |
|    clip_fraction        | 0.0523       |
|    clip_range           | 0.2          |
|    entropy_loss         | -0.259       |
|    explained_variance   | 0.109        |
|    learning_rate        | 0.0003       |
|    loss                 | 1.96         |
|    n_updates            | 2950         |
|    policy_gradient_loss | -0.00175     |
|    value_loss           | 9.94         |
------------------------------------------
FruitCounts | {'Fruit': 1, 'DecayFruit': 0, 'EnemyFruit': 1} |
-----------------------------------------
| rollout/                |             |
|    ep_len_mean          | 501         |
|    ep_rew_mean          | 16.7        |
| time/                   |             |
|    fps                  | 189         |
|    iterations           | 297         |
|    time_elapsed         | 3210        |
|    total_timesteps      | 608256      |
| train/                  |             |
|    approx_kl            | 0.007985748 |
|    clip_fraction        | 0.0598      |
|    clip_range           | 0.2         |
|    entropy_loss         | -0.272      |
|    explained_variance   | 0.111       |
|    learning_rate        | 0.0003      |
|    loss                 | 5.99        |
|    n_updates            | 2960        |
|    policy_gradient_loss | -0.00311    |
|    value_loss           | 13.3        |
-----------------------------------------
FruitCounts | {'Fruit': 0, 'DecayFruit': 0, 'EnemyFruit': 0} |
------------------------------------------
| rollout/                |              |
|    ep_len_mean          | 498          |
|    ep_rew_mean          | 16.8         |
| time/                   |              |
|    fps                  | 189          |
|    iterations           | 298          |
|    time_elapsed         | 3220         |
|    total_timesteps      | 610304       |
| train/                  |              |
|    approx_kl            | 0.0043280027 |
|    clip_fraction        | 0.0398       |
|    clip_range           | 0.2          |
|    entropy_loss         | -0.252       |
|    explained_variance   | 0.176        |
|    learning_rate        | 0.0003       |
|    loss                 | 11.7         |
|    n_updates            | 2970         |
|    policy_gradient_loss | -0.00097     |
|    value_loss           | 21.8         |
------------------------------------------
FruitCounts | {'Fruit': 0, 'DecayFruit': 2, 'EnemyFruit': 0} |
------------------------------------------
| rollout/                |              |
|    ep_len_mean          | 508          |
|    ep_rew_mean          | 16.8         |
| time/                   |              |
|    fps                  | 189          |
|    iterations           | 299          |
|    time_elapsed         | 3230         |
|    total_timesteps      | 612352       |
| train/                  |              |
|    approx_kl            | 0.0072460636 |
|    clip_fraction        | 0.0579       |
|    clip_range           | 0.2          |
|    entropy_loss         | -0.281       |
|    explained_variance   | 0.0488       |
|    learning_rate        | 0.0003       |
|    loss                 | 6.41         |
|    n_updates            | 2980         |
|    policy_gradient_loss | -0.00507     |
|    value_loss           | 15.1         |
------------------------------------------
FruitCounts | {'Fruit': 1, 'DecayFruit': 1, 'EnemyFruit': 0} |
-----------------------------------------
| rollout/                |             |
|    ep_len_mean          | 522         |
|    ep_rew_mean          | 17.8        |
| time/                   |             |
|    fps                  | 189         |
|    iterations           | 300         |
|    time_elapsed         | 3240        |
|    total_timesteps      | 614400      |
| train/                  |             |
|    approx_kl            | 0.005848652 |
|    clip_fraction        | 0.0639      |
|    clip_range           | 0.2         |
|    entropy_loss         | -0.262      |
|    explained_variance   | -0.0621     |
|    learning_rate        | 0.0003      |
|    loss                 | 3.69        |
|    n_updates            | 2990        |
|    policy_gradient_loss | -0.000787   |
|    value_loss           | 8.45        |
-----------------------------------------
FruitCounts | {'Fruit': 1, 'DecayFruit': 3, 'EnemyFruit': 4} |
------------------------------------------
| rollout/                |              |
|    ep_len_mean          | 530          |
|    ep_rew_mean          | 18.4         |
| time/                   |              |
|    fps                  | 189          |
|    iterations           | 301          |
|    time_elapsed         | 3249         |
|    total_timesteps      | 616448       |
| train/                  |              |
|    approx_kl            | 0.0065088277 |
|    clip_fraction        | 0.064        |
|    clip_range           | 0.2          |
|    entropy_loss         | -0.256       |
|    explained_variance   | 0.134        |
|    learning_rate        | 0.0003       |
|    loss                 | 1.16         |
|    n_updates            | 3000         |
|    policy_gradient_loss | -0.0016      |
|    value_loss           | 5.72         |
------------------------------------------
FruitCounts | {'Fruit': 1, 'DecayFruit': 4, 'EnemyFruit': 4} |
-----------------------------------------
| rollout/                |             |
|    ep_len_mean          | 538         |
|    ep_rew_mean          | 18          |
| time/                   |             |
|    fps                  | 189         |
|    iterations           | 302         |
|    time_elapsed         | 3259        |
|    total_timesteps      | 618496      |
| train/                  |             |
|    approx_kl            | 0.009161651 |
|    clip_fraction        | 0.0802      |
|    clip_range           | 0.2         |
|    entropy_loss         | -0.248      |
|    explained_variance   | 0.14        |
|    learning_rate        | 0.0003      |
|    loss                 | 3.92        |
|    n_updates            | 3010        |
|    policy_gradient_loss | -0.00284    |
|    value_loss           | 7.32        |
-----------------------------------------
FruitCounts | {'Fruit': 0, 'DecayFruit': 0, 'EnemyFruit': 3} |
----------------------------------------
| rollout/                |            |
|    ep_len_mean          | 552        |
|    ep_rew_mean          | 19.7       |
| time/                   |            |
|    fps                  | 189        |
|    iterations           | 303        |
|    time_elapsed         | 3269       |
|    total_timesteps      | 620544     |
| train/                  |            |
|    approx_kl            | 0.00557594 |
|    clip_fraction        | 0.0489     |
|    clip_range           | 0.2        |
|    entropy_loss         | -0.256     |
|    explained_variance   | 0.123      |
|    learning_rate        | 0.0003     |
|    loss                 | 10.5       |
|    n_updates            | 3020       |
|    policy_gradient_loss | -0.00105   |
|    value_loss           | 11.7       |
----------------------------------------
FruitCounts | {'Fruit': 1, 'DecayFruit': 0, 'EnemyFruit': 1} |
------------------------------------------
| rollout/                |              |
|    ep_len_mean          | 543          |
|    ep_rew_mean          | 18.7         |
| time/                   |              |
|    fps                  | 189          |
|    iterations           | 304          |
|    time_elapsed         | 3279         |
|    total_timesteps      | 622592       |
| train/                  |              |
|    approx_kl            | 0.0060757054 |
|    clip_fraction        | 0.0529       |
|    clip_range           | 0.2          |
|    entropy_loss         | -0.258       |
|    explained_variance   | 0.213        |
|    learning_rate        | 0.0003       |
|    loss                 | 4.31         |
|    n_updates            | 3030         |
|    policy_gradient_loss | -0.00308     |
|    value_loss           | 9.8          |
------------------------------------------
FruitCounts | {'Fruit': 0, 'DecayFruit': 1, 'EnemyFruit': 0} |
-----------------------------------------
| rollout/                |             |
|    ep_len_mean          | 541         |
|    ep_rew_mean          | 18          |
| time/                   |             |
|    fps                  | 189         |
|    iterations           | 305         |
|    time_elapsed         | 3289        |
|    total_timesteps      | 624640      |
| train/                  |             |
|    approx_kl            | 0.008680151 |
|    clip_fraction        | 0.0637      |
|    clip_range           | 0.2         |
|    entropy_loss         | -0.265      |
|    explained_variance   | 0.227       |
|    learning_rate        | 0.0003      |
|    loss                 | 4.4         |
|    n_updates            | 3040        |
|    policy_gradient_loss | -0.00371    |
|    value_loss           | 12.3        |
-----------------------------------------
FruitCounts | {'Fruit': 1, 'DecayFruit': 2, 'EnemyFruit': 2} |
-----------------------------------------
| rollout/                |             |
|    ep_len_mean          | 545         |
|    ep_rew_mean          | 18.7        |
| time/                   |             |
|    fps                  | 189         |
|    iterations           | 306         |
|    time_elapsed         | 3298        |
|    total_timesteps      | 626688      |
| train/                  |             |
|    approx_kl            | 0.007319738 |
|    clip_fraction        | 0.0679      |
|    clip_range           | 0.2         |
|    entropy_loss         | -0.258      |
|    explained_variance   | 0.116       |
|    learning_rate        | 0.0003      |
|    loss                 | 1.64        |
|    n_updates            | 3050        |
|    policy_gradient_loss | -0.00169    |
|    value_loss           | 7.17        |
-----------------------------------------
FruitCounts | {'Fruit': 2, 'DecayFruit': 3, 'EnemyFruit': 7} |
-----------------------------------------
| rollout/                |             |
|    ep_len_mean          | 551         |
|    ep_rew_mean          | 18.8        |
| time/                   |             |
|    fps                  | 190         |
|    iterations           | 307         |
|    time_elapsed         | 3307        |
|    total_timesteps      | 628736      |
| train/                  |             |
|    approx_kl            | 0.010011723 |
|    clip_fraction        | 0.0638      |
|    clip_range           | 0.2         |
|    entropy_loss         | -0.246      |
|    explained_variance   | 0.165       |
|    learning_rate        | 0.0003      |
|    loss                 | 0.84        |
|    n_updates            | 3060        |
|    policy_gradient_loss | -0.00422    |
|    value_loss           | 4.92        |
-----------------------------------------
FruitCounts | {'Fruit': 0, 'DecayFruit': 6, 'EnemyFruit': 7} |
------------------------------------------
| rollout/                |              |
|    ep_len_mean          | 563          |
|    ep_rew_mean          | 18.7         |
| time/                   |              |
|    fps                  | 190          |
|    iterations           | 308          |
|    time_elapsed         | 3317         |
|    total_timesteps      | 630784       |
| train/                  |              |
|    approx_kl            | 0.0064935917 |
|    clip_fraction        | 0.0693       |
|    clip_range           | 0.2          |
|    entropy_loss         | -0.269       |
|    explained_variance   | 0.0554       |
|    learning_rate        | 0.0003       |
|    loss                 | 2.04         |
|    n_updates            | 3070         |
|    policy_gradient_loss | -0.00207     |
|    value_loss           | 5.2          |
------------------------------------------
FruitCounts | {'Fruit': 0, 'DecayFruit': 0, 'EnemyFruit': 0} |
-----------------------------------------
| rollout/                |             |
|    ep_len_mean          | 587         |
|    ep_rew_mean          | 20.4        |
| time/                   |             |
|    fps                  | 190         |
|    iterations           | 309         |
|    time_elapsed         | 3328        |
|    total_timesteps      | 632832      |
| train/                  |             |
|    approx_kl            | 0.007389582 |
|    clip_fraction        | 0.0697      |
|    clip_range           | 0.2         |
|    entropy_loss         | -0.24       |
|    explained_variance   | 0.0654      |
|    learning_rate        | 0.0003      |
|    loss                 | 2.03        |
|    n_updates            | 3080        |
|    policy_gradient_loss | -0.00241    |
|    value_loss           | 8.04        |
-----------------------------------------
FruitCounts | {'Fruit': 0, 'DecayFruit': 0, 'EnemyFruit': 0} |
------------------------------------------
| rollout/                |              |
|    ep_len_mean          | 585          |
|    ep_rew_mean          | 20.3         |
| time/                   |              |
|    fps                  | 190          |
|    iterations           | 310          |
|    time_elapsed         | 3337         |
|    total_timesteps      | 634880       |
| train/                  |              |
|    approx_kl            | 0.0057857977 |
|    clip_fraction        | 0.0585       |
|    clip_range           | 0.2          |
|    entropy_loss         | -0.252       |
|    explained_variance   | 0.0435       |
|    learning_rate        | 0.0003       |
|    loss                 | 2.77         |
|    n_updates            | 3090         |
|    policy_gradient_loss | -0.00295     |
|    value_loss           | 10.9         |
------------------------------------------
FruitCounts | {'Fruit': 0, 'DecayFruit': 1, 'EnemyFruit': 0} |
------------------------------------------
| rollout/                |              |
|    ep_len_mean          | 582          |
|    ep_rew_mean          | 19.2         |
| time/                   |              |
|    fps                  | 190          |
|    iterations           | 311          |
|    time_elapsed         | 3347         |
|    total_timesteps      | 636928       |
| train/                  |              |
|    approx_kl            | 0.0054133967 |
|    clip_fraction        | 0.0517       |
|    clip_range           | 0.2          |
|    entropy_loss         | -0.238       |
|    explained_variance   | -0.172       |
|    learning_rate        | 0.0003       |
|    loss                 | 2.39         |
|    n_updates            | 3100         |
|    policy_gradient_loss | -0.00239     |
|    value_loss           | 7.59         |
------------------------------------------
FruitCounts | {'Fruit': 0, 'DecayFruit': 2, 'EnemyFruit': 1} |
-----------------------------------------
| rollout/                |             |
|    ep_len_mean          | 584         |
|    ep_rew_mean          | 19.2        |
| time/                   |             |
|    fps                  | 190         |
|    iterations           | 312         |
|    time_elapsed         | 3356        |
|    total_timesteps      | 638976      |
| train/                  |             |
|    approx_kl            | 0.013480341 |
|    clip_fraction        | 0.0717      |
|    clip_range           | 0.2         |
|    entropy_loss         | -0.267      |
|    explained_variance   | -0.028      |
|    learning_rate        | 0.0003      |
|    loss                 | 4.07        |
|    n_updates            | 3110        |
|    policy_gradient_loss | -0.00371    |
|    value_loss           | 8.16        |
-----------------------------------------
FruitCounts | {'Fruit': 0, 'DecayFruit': 0, 'EnemyFruit': 0} |
-----------------------------------------
| rollout/                |             |
|    ep_len_mean          | 601         |
|    ep_rew_mean          | 19.3        |
| time/                   |             |
|    fps                  | 190         |
|    iterations           | 313         |
|    time_elapsed         | 3367        |
|    total_timesteps      | 641024      |
| train/                  |             |
|    approx_kl            | 0.008964522 |
|    clip_fraction        | 0.0702      |
|    clip_range           | 0.2         |
|    entropy_loss         | -0.238      |
|    explained_variance   | 0.0916      |
|    learning_rate        | 0.0003      |
|    loss                 | 3.76        |
|    n_updates            | 3120        |
|    policy_gradient_loss | -0.00445    |
|    value_loss           | 6.14        |
-----------------------------------------
FruitCounts | {'Fruit': 1, 'DecayFruit': 4, 'EnemyFruit': 6} |
-----------------------------------------
| rollout/                |             |
|    ep_len_mean          | 601         |
|    ep_rew_mean          | 20.3        |
| time/                   |             |
|    fps                  | 190         |
|    iterations           | 314         |
|    time_elapsed         | 3376        |
|    total_timesteps      | 643072      |
| train/                  |             |
|    approx_kl            | 0.009027835 |
|    clip_fraction        | 0.0682      |
|    clip_range           | 0.2         |
|    entropy_loss         | -0.252      |
|    explained_variance   | 0.066       |
|    learning_rate        | 0.0003      |
|    loss                 | 1.08        |
|    n_updates            | 3130        |
|    policy_gradient_loss | -0.00467    |
|    value_loss           | 6.16        |
-----------------------------------------
FruitCounts | {'Fruit': 1, 'DecayFruit': 1, 'EnemyFruit': 0} |
-----------------------------------------
| rollout/                |             |
|    ep_len_mean          | 616         |
|    ep_rew_mean          | 21.1        |
| time/                   |             |
|    fps                  | 190         |
|    iterations           | 315         |
|    time_elapsed         | 3386        |
|    total_timesteps      | 645120      |
| train/                  |             |
|    approx_kl            | 0.003935499 |
|    clip_fraction        | 0.0428      |
|    clip_range           | 0.2         |
|    entropy_loss         | -0.254      |
|    explained_variance   | 0.0449      |
|    learning_rate        | 0.0003      |
|    loss                 | 5.02        |
|    n_updates            | 3140        |
|    policy_gradient_loss | -0.00346    |
|    value_loss           | 15.7        |
-----------------------------------------
FruitCounts | {'Fruit': 0, 'DecayFruit': 1, 'EnemyFruit': 2} |
------------------------------------------
| rollout/                |              |
|    ep_len_mean          | 624          |
|    ep_rew_mean          | 21.7         |
| time/                   |              |
|    fps                  | 190          |
|    iterations           | 316          |
|    time_elapsed         | 3396         |
|    total_timesteps      | 647168       |
| train/                  |              |
|    approx_kl            | 0.0042006923 |
|    clip_fraction        | 0.0488       |
|    clip_range           | 0.2          |
|    entropy_loss         | -0.231       |
|    explained_variance   | -0.0344      |
|    learning_rate        | 0.0003       |
|    loss                 | 3.46         |
|    n_updates            | 3150         |
|    policy_gradient_loss | -0.00296     |
|    value_loss           | 8.34         |
------------------------------------------
FruitCounts | {'Fruit': 0, 'DecayFruit': 1, 'EnemyFruit': 1} |
-----------------------------------------
| rollout/                |             |
|    ep_len_mean          | 622         |
|    ep_rew_mean          | 22.1        |
| time/                   |             |
|    fps                  | 190         |
|    iterations           | 317         |
|    time_elapsed         | 3405        |
|    total_timesteps      | 649216      |
| train/                  |             |
|    approx_kl            | 0.005417119 |
|    clip_fraction        | 0.0493      |
|    clip_range           | 0.2         |
|    entropy_loss         | -0.253      |
|    explained_variance   | 0.164       |
|    learning_rate        | 0.0003      |
|    loss                 | 3.84        |
|    n_updates            | 3160        |
|    policy_gradient_loss | -0.00181    |
|    value_loss           | 10.3        |
-----------------------------------------
FruitCounts | {'Fruit': 0, 'DecayFruit': 3, 'EnemyFruit': 3} |
-----------------------------------------
| rollout/                |             |
|    ep_len_mean          | 625         |
|    ep_rew_mean          | 22.6        |
| time/                   |             |
|    fps                  | 190         |
|    iterations           | 318         |
|    time_elapsed         | 3416        |
|    total_timesteps      | 651264      |
| train/                  |             |
|    approx_kl            | 0.005803848 |
|    clip_fraction        | 0.0582      |
|    clip_range           | 0.2         |
|    entropy_loss         | -0.233      |
|    explained_variance   | 0.0613      |
|    learning_rate        | 0.0003      |
|    loss                 | 4           |
|    n_updates            | 3170        |
|    policy_gradient_loss | -0.00223    |
|    value_loss           | 13.2        |
-----------------------------------------
FruitCounts | {'Fruit': 2, 'DecayFruit': 4, 'EnemyFruit': 10} |
------------------------------------------
| rollout/                |              |
|    ep_len_mean          | 627          |
|    ep_rew_mean          | 22.3         |
| time/                   |              |
|    fps                  | 190          |
|    iterations           | 319          |
|    time_elapsed         | 3425         |
|    total_timesteps      | 653312       |
| train/                  |              |
|    approx_kl            | 0.0075369254 |
|    clip_fraction        | 0.0525       |
|    clip_range           | 0.2          |
|    entropy_loss         | -0.236       |
|    explained_variance   | 0.101        |
|    learning_rate        | 0.0003       |
|    loss                 | 5.1          |
|    n_updates            | 3180         |
|    policy_gradient_loss | -0.00173     |
|    value_loss           | 9.03         |
------------------------------------------
FruitCounts | {'Fruit': 1, 'DecayFruit': 4, 'EnemyFruit': 7} |
-----------------------------------------
| rollout/                |             |
|    ep_len_mean          | 622         |
|    ep_rew_mean          | 21.7        |
| time/                   |             |
|    fps                  | 190         |
|    iterations           | 320         |
|    time_elapsed         | 3434        |
|    total_timesteps      | 655360      |
| train/                  |             |
|    approx_kl            | 0.010781275 |
|    clip_fraction        | 0.0695      |
|    clip_range           | 0.2         |
|    entropy_loss         | -0.244      |
|    explained_variance   | -0.0421     |
|    learning_rate        | 0.0003      |
|    loss                 | 10.1        |
|    n_updates            | 3190        |
|    policy_gradient_loss | -0.00264    |
|    value_loss           | 6.16        |
-----------------------------------------
FruitCounts | {'Fruit': 1, 'DecayFruit': 13, 'EnemyFruit': 18} |
------------------------------------------
| rollout/                |              |
|    ep_len_mean          | 622          |
|    ep_rew_mean          | 21.7         |
| time/                   |              |
|    fps                  | 190          |
|    iterations           | 321          |
|    time_elapsed         | 3442         |
|    total_timesteps      | 657408       |
| train/                  |              |
|    approx_kl            | 0.0074869124 |
|    clip_fraction        | 0.0646       |
|    clip_range           | 0.2          |
|    entropy_loss         | -0.245       |
|    explained_variance   | -0.156       |
|    learning_rate        | 0.0003       |
|    loss                 | 7.09         |
|    n_updates            | 3200         |
|    policy_gradient_loss | -0.00293     |
|    value_loss           | 6.72         |
------------------------------------------
FruitCounts | {'Fruit': 1, 'DecayFruit': 1, 'EnemyFruit': 1} |
-----------------------------------------
| rollout/                |             |
|    ep_len_mean          | 633         |
|    ep_rew_mean          | 22          |
| time/                   |             |
|    fps                  | 190         |
|    iterations           | 322         |
|    time_elapsed         | 3455        |
|    total_timesteps      | 659456      |
| train/                  |             |
|    approx_kl            | 0.008293473 |
|    clip_fraction        | 0.0582      |
|    clip_range           | 0.2         |
|    entropy_loss         | -0.238      |
|    explained_variance   | -0.206      |
|    learning_rate        | 0.0003      |
|    loss                 | 0.588       |
|    n_updates            | 3210        |
|    policy_gradient_loss | -0.000682   |
|    value_loss           | 3.41        |
-----------------------------------------
FruitCounts | {'Fruit': 3, 'DecayFruit': 4, 'EnemyFruit': 10} |
------------------------------------------
| rollout/                |              |
|    ep_len_mean          | 631          |
|    ep_rew_mean          | 22.6         |
| time/                   |              |
|    fps                  | 190          |
|    iterations           | 323          |
|    time_elapsed         | 3464         |
|    total_timesteps      | 661504       |
| train/                  |              |
|    approx_kl            | 0.0074970378 |
|    clip_fraction        | 0.0527       |
|    clip_range           | 0.2          |
|    entropy_loss         | -0.247       |
|    explained_variance   | 0.00619      |
|    learning_rate        | 0.0003       |
|    loss                 | 3.81         |
|    n_updates            | 3220         |
|    policy_gradient_loss | -0.00185     |
|    value_loss           | 6.84         |
------------------------------------------
FruitCounts | {'Fruit': 0, 'DecayFruit': 0, 'EnemyFruit': 0} |
------------------------------------------
| rollout/                |              |
|    ep_len_mean          | 651          |
|    ep_rew_mean          | 23.1         |
| time/                   |              |
|    fps                  | 190          |
|    iterations           | 324          |
|    time_elapsed         | 3474         |
|    total_timesteps      | 663552       |
| train/                  |              |
|    approx_kl            | 0.0066354563 |
|    clip_fraction        | 0.0578       |
|    clip_range           | 0.2          |
|    entropy_loss         | -0.266       |
|    explained_variance   | 0.0283       |
|    learning_rate        | 0.0003       |
|    loss                 | 5.5          |
|    n_updates            | 3230         |
|    policy_gradient_loss | -0.00333     |
|    value_loss           | 6.88         |
------------------------------------------
FruitCounts | {'Fruit': 3, 'DecayFruit': 5, 'EnemyFruit': 11} |
------------------------------------------
| rollout/                |              |
|    ep_len_mean          | 641          |
|    ep_rew_mean          | 22.3         |
| time/                   |              |
|    fps                  | 191          |
|    iterations           | 325          |
|    time_elapsed         | 3483         |
|    total_timesteps      | 665600       |
| train/                  |              |
|    approx_kl            | 0.0087837195 |
|    clip_fraction        | 0.0584       |
|    clip_range           | 0.2          |
|    entropy_loss         | -0.25        |
|    explained_variance   | 0.0688       |
|    learning_rate        | 0.0003       |
|    loss                 | 1.97         |
|    n_updates            | 3240         |
|    policy_gradient_loss | 0.0013       |
|    value_loss           | 6.76         |
------------------------------------------
FruitCounts | {'Fruit': 0, 'DecayFruit': 0, 'EnemyFruit': 1} |
-----------------------------------------
| rollout/                |             |
|    ep_len_mean          | 639         |
|    ep_rew_mean          | 22.6        |
| time/                   |             |
|    fps                  | 191         |
|    iterations           | 326         |
|    time_elapsed         | 3494        |
|    total_timesteps      | 667648      |
| train/                  |             |
|    approx_kl            | 0.011674132 |
|    clip_fraction        | 0.0875      |
|    clip_range           | 0.2         |
|    entropy_loss         | -0.257      |
|    explained_variance   | -0.039      |
|    learning_rate        | 0.0003      |
|    loss                 | 2.11        |
|    n_updates            | 3250        |
|    policy_gradient_loss | -0.00376    |
|    value_loss           | 5.74        |
-----------------------------------------
FruitCounts | {'Fruit': 1, 'DecayFruit': 4, 'EnemyFruit': 7} |
-----------------------------------------
| rollout/                |             |
|    ep_len_mean          | 642         |
|    ep_rew_mean          | 23.1        |
| time/                   |             |
|    fps                  | 191         |
|    iterations           | 327         |
|    time_elapsed         | 3503        |
|    total_timesteps      | 669696      |
| train/                  |             |
|    approx_kl            | 0.007058557 |
|    clip_fraction        | 0.053       |
|    clip_range           | 0.2         |
|    entropy_loss         | -0.261      |
|    explained_variance   | -0.134      |
|    learning_rate        | 0.0003      |
|    loss                 | 4.42        |
|    n_updates            | 3260        |
|    policy_gradient_loss | -0.00336    |
|    value_loss           | 13.1        |
-----------------------------------------
FruitCounts | {'Fruit': 0, 'DecayFruit': 1, 'EnemyFruit': 0} |
-----------------------------------------
| rollout/                |             |
|    ep_len_mean          | 665         |
|    ep_rew_mean          | 23.9        |
| time/                   |             |
|    fps                  | 191         |
|    iterations           | 328         |
|    time_elapsed         | 3513        |
|    total_timesteps      | 671744      |
| train/                  |             |
|    approx_kl            | 0.007428917 |
|    clip_fraction        | 0.0529      |
|    clip_range           | 0.2         |
|    entropy_loss         | -0.254      |
|    explained_variance   | 0.0182      |
|    learning_rate        | 0.0003      |
|    loss                 | 2.69        |
|    n_updates            | 3270        |
|    policy_gradient_loss | -0.00235    |
|    value_loss           | 8.48        |
-----------------------------------------
FruitCounts | {'Fruit': 1, 'DecayFruit': 3, 'EnemyFruit': 2} |
-----------------------------------------
| rollout/                |             |
|    ep_len_mean          | 673         |
|    ep_rew_mean          | 24.8        |
| time/                   |             |
|    fps                  | 191         |
|    iterations           | 329         |
|    time_elapsed         | 3523        |
|    total_timesteps      | 673792      |
| train/                  |             |
|    approx_kl            | 0.006364366 |
|    clip_fraction        | 0.0594      |
|    clip_range           | 0.2         |
|    entropy_loss         | -0.251      |
|    explained_variance   | 0.0025      |
|    learning_rate        | 0.0003      |
|    loss                 | 5.66        |
|    n_updates            | 3280        |
|    policy_gradient_loss | -0.0018     |
|    value_loss           | 7.18        |
-----------------------------------------
FruitCounts | {'Fruit': 0, 'DecayFruit': 1, 'EnemyFruit': 0} |
-----------------------------------------
| rollout/                |             |
|    ep_len_mean          | 680         |
|    ep_rew_mean          | 25.4        |
| time/                   |             |
|    fps                  | 191         |
|    iterations           | 330         |
|    time_elapsed         | 3533        |
|    total_timesteps      | 675840      |
| train/                  |             |
|    approx_kl            | 0.006077264 |
|    clip_fraction        | 0.0597      |
|    clip_range           | 0.2         |
|    entropy_loss         | -0.254      |
|    explained_variance   | 0.0103      |
|    learning_rate        | 0.0003      |
|    loss                 | 5.35        |
|    n_updates            | 3290        |
|    policy_gradient_loss | -0.00367    |
|    value_loss           | 12.9        |
-----------------------------------------
FruitCounts | {'Fruit': 0, 'DecayFruit': 0, 'EnemyFruit': 0} |
------------------------------------------
| rollout/                |              |
|    ep_len_mean          | 680          |
|    ep_rew_mean          | 24.7         |
| time/                   |              |
|    fps                  | 191          |
|    iterations           | 331          |
|    time_elapsed         | 3543         |
|    total_timesteps      | 677888       |
| train/                  |              |
|    approx_kl            | 0.0062541603 |
|    clip_fraction        | 0.0627       |
|    clip_range           | 0.2          |
|    entropy_loss         | -0.228       |
|    explained_variance   | 0.0397       |
|    learning_rate        | 0.0003       |
|    loss                 | 4.07         |
|    n_updates            | 3300         |
|    policy_gradient_loss | -0.00343     |
|    value_loss           | 12.5         |
------------------------------------------
FruitCounts | {'Fruit': 0, 'DecayFruit': 4, 'EnemyFruit': 7} |
-----------------------------------------
| rollout/                |             |
|    ep_len_mean          | 672         |
|    ep_rew_mean          | 24.9        |
| time/                   |             |
|    fps                  | 191         |
|    iterations           | 332         |
|    time_elapsed         | 3553        |
|    total_timesteps      | 679936      |
| train/                  |             |
|    approx_kl            | 0.012108745 |
|    clip_fraction        | 0.0661      |
|    clip_range           | 0.2         |
|    entropy_loss         | -0.25       |
|    explained_variance   | 0.0136      |
|    learning_rate        | 0.0003      |
|    loss                 | 2.74        |
|    n_updates            | 3310        |
|    policy_gradient_loss | -0.000662   |
|    value_loss           | 9.24        |
-----------------------------------------
FruitCounts | {'Fruit': 1, 'DecayFruit': 2, 'EnemyFruit': 0} |
-----------------------------------------
| rollout/                |             |
|    ep_len_mean          | 652         |
|    ep_rew_mean          | 24.6        |
| time/                   |             |
|    fps                  | 191         |
|    iterations           | 333         |
|    time_elapsed         | 3563        |
|    total_timesteps      | 681984      |
| train/                  |             |
|    approx_kl            | 0.007410384 |
|    clip_fraction        | 0.0548      |
|    clip_range           | 0.2         |
|    entropy_loss         | -0.245      |
|    explained_variance   | 0.0355      |
|    learning_rate        | 0.0003      |
|    loss                 | 15.4        |
|    n_updates            | 3320        |
|    policy_gradient_loss | -0.00372    |
|    value_loss           | 19.3        |
-----------------------------------------
FruitCounts | {'Fruit': 0, 'DecayFruit': 4, 'EnemyFruit': 3} |
-----------------------------------------
| rollout/                |             |
|    ep_len_mean          | 665         |
|    ep_rew_mean          | 25.4        |
| time/                   |             |
|    fps                  | 191         |
|    iterations           | 334         |
|    time_elapsed         | 3572        |
|    total_timesteps      | 684032      |
| train/                  |             |
|    approx_kl            | 0.009320564 |
|    clip_fraction        | 0.0547      |
|    clip_range           | 0.2         |
|    entropy_loss         | -0.241      |
|    explained_variance   | 0.135       |
|    learning_rate        | 0.0003      |
|    loss                 | 5.13        |
|    n_updates            | 3330        |
|    policy_gradient_loss | -0.00117    |
|    value_loss           | 11.8        |
-----------------------------------------
FruitCounts | {'Fruit': 0, 'DecayFruit': 2, 'EnemyFruit': 2} |
-----------------------------------------
| rollout/                |             |
|    ep_len_mean          | 679         |
|    ep_rew_mean          | 26          |
| time/                   |             |
|    fps                  | 191         |
|    iterations           | 335         |
|    time_elapsed         | 3582        |
|    total_timesteps      | 686080      |
| train/                  |             |
|    approx_kl            | 0.008922451 |
|    clip_fraction        | 0.0658      |
|    clip_range           | 0.2         |
|    entropy_loss         | -0.223      |
|    explained_variance   | -0.179      |
|    learning_rate        | 0.0003      |
|    loss                 | 5.42        |
|    n_updates            | 3340        |
|    policy_gradient_loss | -0.00384    |
|    value_loss           | 6.67        |
-----------------------------------------
FruitCounts | {'Fruit': 0, 'DecayFruit': 1, 'EnemyFruit': 0} |
-----------------------------------------
| rollout/                |             |
|    ep_len_mean          | 668         |
|    ep_rew_mean          | 25.6        |
| time/                   |             |
|    fps                  | 191         |
|    iterations           | 336         |
|    time_elapsed         | 3592        |
|    total_timesteps      | 688128      |
| train/                  |             |
|    approx_kl            | 0.005065767 |
|    clip_fraction        | 0.0551      |
|    clip_range           | 0.2         |
|    entropy_loss         | -0.231      |
|    explained_variance   | -0.256      |
|    learning_rate        | 0.0003      |
|    loss                 | 3.92        |
|    n_updates            | 3350        |
|    policy_gradient_loss | -0.00103    |
|    value_loss           | 8.55        |
-----------------------------------------
FruitCounts | {'Fruit': 1, 'DecayFruit': 6, 'EnemyFruit': 7} |
------------------------------------------
| rollout/                |              |
|    ep_len_mean          | 671          |
|    ep_rew_mean          | 26.5         |
| time/                   |              |
|    fps                  | 191          |
|    iterations           | 337          |
|    time_elapsed         | 3602         |
|    total_timesteps      | 690176       |
| train/                  |              |
|    approx_kl            | 0.0057599675 |
|    clip_fraction        | 0.046        |
|    clip_range           | 0.2          |
|    entropy_loss         | -0.233       |
|    explained_variance   | 0.0883       |
|    learning_rate        | 0.0003       |
|    loss                 | 9.41         |
|    n_updates            | 3360         |
|    policy_gradient_loss | -0.00198     |
|    value_loss           | 13.4         |
------------------------------------------
FruitCounts | {'Fruit': 2, 'DecayFruit': 2, 'EnemyFruit': 2} |
------------------------------------------
| rollout/                |              |
|    ep_len_mean          | 660          |
|    ep_rew_mean          | 27.7         |
| time/                   |              |
|    fps                  | 191          |
|    iterations           | 338          |
|    time_elapsed         | 3612         |
|    total_timesteps      | 692224       |
| train/                  |              |
|    approx_kl            | 0.0063803038 |
|    clip_fraction        | 0.0497       |
|    clip_range           | 0.2          |
|    entropy_loss         | -0.218       |
|    explained_variance   | 0.0358       |
|    learning_rate        | 0.0003       |
|    loss                 | 7.5          |
|    n_updates            | 3370         |
|    policy_gradient_loss | -0.0022      |
|    value_loss           | 15.4         |
------------------------------------------
FruitCounts | {'Fruit': 0, 'DecayFruit': 1, 'EnemyFruit': 0} |
----------------------------------------
| rollout/                |            |
|    ep_len_mean          | 646        |
|    ep_rew_mean          | 27.8       |
| time/                   |            |
|    fps                  | 191        |
|    iterations           | 339        |
|    time_elapsed         | 3622       |
|    total_timesteps      | 694272     |
| train/                  |            |
|    approx_kl            | 0.01327838 |
|    clip_fraction        | 0.0592     |
|    clip_range           | 0.2        |
|    entropy_loss         | -0.223     |
|    explained_variance   | 0.0965     |
|    learning_rate        | 0.0003     |
|    loss                 | 5.51       |
|    n_updates            | 3380       |
|    policy_gradient_loss | -0.00307   |
|    value_loss           | 14.9       |
----------------------------------------
FruitCounts | {'Fruit': 0, 'DecayFruit': 0, 'EnemyFruit': 0} |
----------------------------------------
| rollout/                |            |
|    ep_len_mean          | 636        |
|    ep_rew_mean          | 27.9       |
| time/                   |            |
|    fps                  | 191        |
|    iterations           | 340        |
|    time_elapsed         | 3633       |
|    total_timesteps      | 696320     |
| train/                  |            |
|    approx_kl            | 0.00423418 |
|    clip_fraction        | 0.0543     |
|    clip_range           | 0.2        |
|    entropy_loss         | -0.204     |
|    explained_variance   | 0.0705     |
|    learning_rate        | 0.0003     |
|    loss                 | 6.77       |
|    n_updates            | 3390       |
|    policy_gradient_loss | -0.000913  |
|    value_loss           | 12         |
----------------------------------------
FruitCounts | {'Fruit': 1, 'DecayFruit': 4, 'EnemyFruit': 9} |
-----------------------------------------
| rollout/                |             |
|    ep_len_mean          | 627         |
|    ep_rew_mean          | 28          |
| time/                   |             |
|    fps                  | 191         |
|    iterations           | 341         |
|    time_elapsed         | 3642        |
|    total_timesteps      | 698368      |
| train/                  |             |
|    approx_kl            | 0.006475875 |
|    clip_fraction        | 0.0684      |
|    clip_range           | 0.2         |
|    entropy_loss         | -0.238      |
|    explained_variance   | 0.149       |
|    learning_rate        | 0.0003      |
|    loss                 | 8.77        |
|    n_updates            | 3400        |
|    policy_gradient_loss | -0.00272    |
|    value_loss           | 11.9        |
-----------------------------------------
FruitCounts | {'Fruit': 0, 'DecayFruit': 1, 'EnemyFruit': 0} |
-----------------------------------------
| rollout/                |             |
|    ep_len_mean          | 635         |
|    ep_rew_mean          | 29.1        |
| time/                   |             |
|    fps                  | 191         |
|    iterations           | 342         |
|    time_elapsed         | 3652        |
|    total_timesteps      | 700416      |
| train/                  |             |
|    approx_kl            | 0.007122616 |
|    clip_fraction        | 0.0512      |
|    clip_range           | 0.2         |
|    entropy_loss         | -0.216      |
|    explained_variance   | 0.202       |
|    learning_rate        | 0.0003      |
|    loss                 | 2.03        |
|    n_updates            | 3410        |
|    policy_gradient_loss | -0.00269    |
|    value_loss           | 7.13        |
-----------------------------------------
FruitCounts | {'Fruit': 0, 'DecayFruit': 4, 'EnemyFruit': 0} |
------------------------------------------
| rollout/                |              |
|    ep_len_mean          | 611          |
|    ep_rew_mean          | 29.2         |
| time/                   |              |
|    fps                  | 191          |
|    iterations           | 343          |
|    time_elapsed         | 3663         |
|    total_timesteps      | 702464       |
| train/                  |              |
|    approx_kl            | 0.0069468007 |
|    clip_fraction        | 0.0631       |
|    clip_range           | 0.2          |
|    entropy_loss         | -0.241       |
|    explained_variance   | 0.0337       |
|    learning_rate        | 0.0003       |
|    loss                 | 4.17         |
|    n_updates            | 3420         |
|    policy_gradient_loss | -0.00244     |
|    value_loss           | 12.6         |
------------------------------------------
FruitCounts | {'Fruit': 0, 'DecayFruit': 3, 'EnemyFruit': 5} |
-----------------------------------------
| rollout/                |             |
|    ep_len_mean          | 612         |
|    ep_rew_mean          | 29.7        |
| time/                   |             |
|    fps                  | 191         |
|    iterations           | 344         |
|    time_elapsed         | 3672        |
|    total_timesteps      | 704512      |
| train/                  |             |
|    approx_kl            | 0.010076538 |
|    clip_fraction        | 0.0654      |
|    clip_range           | 0.2         |
|    entropy_loss         | -0.243      |
|    explained_variance   | -0.168      |
|    learning_rate        | 0.0003      |
|    loss                 | 5.1         |
|    n_updates            | 3430        |
|    policy_gradient_loss | -0.00452    |
|    value_loss           | 10.9        |
-----------------------------------------
FruitCounts | {'Fruit': 1, 'DecayFruit': 3, 'EnemyFruit': 4} |
------------------------------------------
| rollout/                |              |
|    ep_len_mean          | 606          |
|    ep_rew_mean          | 28.9         |
| time/                   |              |
|    fps                  | 191          |
|    iterations           | 345          |
|    time_elapsed         | 3682         |
|    total_timesteps      | 706560       |
| train/                  |              |
|    approx_kl            | 0.0076514394 |
|    clip_fraction        | 0.0606       |
|    clip_range           | 0.2          |
|    entropy_loss         | -0.254       |
|    explained_variance   | 0.114        |
|    learning_rate        | 0.0003       |
|    loss                 | 7.51         |
|    n_updates            | 3440         |
|    policy_gradient_loss | -0.00161     |
|    value_loss           | 12           |
------------------------------------------
FruitCounts | {'Fruit': 1, 'DecayFruit': 1, 'EnemyFruit': 0} |
----------------------------------------
| rollout/                |            |
|    ep_len_mean          | 594        |
|    ep_rew_mean          | 28.2       |
| time/                   |            |
|    fps                  | 191        |
|    iterations           | 346        |
|    time_elapsed         | 3692       |
|    total_timesteps      | 708608     |
| train/                  |            |
|    approx_kl            | 0.01025296 |
|    clip_fraction        | 0.0796     |
|    clip_range           | 0.2        |
|    entropy_loss         | -0.239     |
|    explained_variance   | 0.036      |
|    learning_rate        | 0.0003     |
|    loss                 | 1.2        |
|    n_updates            | 3450       |
|    policy_gradient_loss | -0.00566   |
|    value_loss           | 8.33       |
----------------------------------------
FruitCounts | {'Fruit': 0, 'DecayFruit': 0, 'EnemyFruit': 3} |
------------------------------------------
| rollout/                |              |
|    ep_len_mean          | 601          |
|    ep_rew_mean          | 28.3         |
| time/                   |              |
|    fps                  | 191          |
|    iterations           | 347          |
|    time_elapsed         | 3702         |
|    total_timesteps      | 710656       |
| train/                  |              |
|    approx_kl            | 0.0050808145 |
|    clip_fraction        | 0.0607       |
|    clip_range           | 0.2          |
|    entropy_loss         | -0.228       |
|    explained_variance   | -0.00538     |
|    learning_rate        | 0.0003       |
|    loss                 | 3.35         |
|    n_updates            | 3460         |
|    policy_gradient_loss | -0.00293     |
|    value_loss           | 8.37         |
------------------------------------------
FruitCounts | {'Fruit': 1, 'DecayFruit': 1, 'EnemyFruit': 3} |
-----------------------------------------
| rollout/                |             |
|    ep_len_mean          | 620         |
|    ep_rew_mean          | 29.4        |
| time/                   |             |
|    fps                  | 192         |
|    iterations           | 348         |
|    time_elapsed         | 3711        |
|    total_timesteps      | 712704      |
| train/                  |             |
|    approx_kl            | 0.009179261 |
|    clip_fraction        | 0.0591      |
|    clip_range           | 0.2         |
|    entropy_loss         | -0.249      |
|    explained_variance   | 0.108       |
|    learning_rate        | 0.0003      |
|    loss                 | 1.05        |
|    n_updates            | 3470        |
|    policy_gradient_loss | -0.00187    |
|    value_loss           | 4.3         |
-----------------------------------------
FruitCounts | {'Fruit': 0, 'DecayFruit': 2, 'EnemyFruit': 5} |
------------------------------------------
| rollout/                |              |
|    ep_len_mean          | 624          |
|    ep_rew_mean          | 29.3         |
| time/                   |              |
|    fps                  | 192          |
|    iterations           | 349          |
|    time_elapsed         | 3721         |
|    total_timesteps      | 714752       |
| train/                  |              |
|    approx_kl            | 0.0074150516 |
|    clip_fraction        | 0.0569       |
|    clip_range           | 0.2          |
|    entropy_loss         | -0.244       |
|    explained_variance   | 0.107        |
|    learning_rate        | 0.0003       |
|    loss                 | 0.929        |
|    n_updates            | 3480         |
|    policy_gradient_loss | -0.00237     |
|    value_loss           | 5.96         |
------------------------------------------
FruitCounts | {'Fruit': 0, 'DecayFruit': 0, 'EnemyFruit': 0} |
------------------------------------------
| rollout/                |              |
|    ep_len_mean          | 585          |
|    ep_rew_mean          | 28.5         |
| time/                   |              |
|    fps                  | 192          |
|    iterations           | 350          |
|    time_elapsed         | 3731         |
|    total_timesteps      | 716800       |
| train/                  |              |
|    approx_kl            | 0.0072848764 |
|    clip_fraction        | 0.042        |
|    clip_range           | 0.2          |
|    entropy_loss         | -0.222       |
|    explained_variance   | -0.0892      |
|    learning_rate        | 0.0003       |
|    loss                 | 8.42         |
|    n_updates            | 3490         |
|    policy_gradient_loss | -0.00114     |
|    value_loss           | 12           |
------------------------------------------
FruitCounts | {'Fruit': 1, 'DecayFruit': 5, 'EnemyFruit': 1} |
----------------------------------------
| rollout/                |            |
|    ep_len_mean          | 584        |
|    ep_rew_mean          | 28.6       |
| time/                   |            |
|    fps                  | 192        |
|    iterations           | 351        |
|    time_elapsed         | 3740       |
|    total_timesteps      | 718848     |
| train/                  |            |
|    approx_kl            | 0.00639653 |
|    clip_fraction        | 0.0514     |
|    clip_range           | 0.2        |
|    entropy_loss         | -0.218     |
|    explained_variance   | 0.192      |
|    learning_rate        | 0.0003     |
|    loss                 | 1.89       |
|    n_updates            | 3500       |
|    policy_gradient_loss | -0.00297   |
|    value_loss           | 8.98       |
----------------------------------------
FruitCounts | {'Fruit': 1, 'DecayFruit': 0, 'EnemyFruit': 3} |
------------------------------------------
| rollout/                |              |
|    ep_len_mean          | 572          |
|    ep_rew_mean          | 28.8         |
| time/                   |              |
|    fps                  | 192          |
|    iterations           | 352          |
|    time_elapsed         | 3750         |
|    total_timesteps      | 720896       |
| train/                  |              |
|    approx_kl            | 0.0058423653 |
|    clip_fraction        | 0.047        |
|    clip_range           | 0.2          |
|    entropy_loss         | -0.209       |
|    explained_variance   | 0.0156       |
|    learning_rate        | 0.0003       |
|    loss                 | 2.73         |
|    n_updates            | 3510         |
|    policy_gradient_loss | -0.0011      |
|    value_loss           | 13.1         |
------------------------------------------
FruitCounts | {'Fruit': 0, 'DecayFruit': 1, 'EnemyFruit': 3} |
-----------------------------------------
| rollout/                |             |
|    ep_len_mean          | 588         |
|    ep_rew_mean          | 29.3        |
| time/                   |             |
|    fps                  | 192         |
|    iterations           | 353         |
|    time_elapsed         | 3759        |
|    total_timesteps      | 722944      |
| train/                  |             |
|    approx_kl            | 0.010459097 |
|    clip_fraction        | 0.057       |
|    clip_range           | 0.2         |
|    entropy_loss         | -0.218      |
|    explained_variance   | -0.000662   |
|    learning_rate        | 0.0003      |
|    loss                 | 1.92        |
|    n_updates            | 3520        |
|    policy_gradient_loss | -0.00171    |
|    value_loss           | 4.86        |
-----------------------------------------
FruitCounts | {'Fruit': 0, 'DecayFruit': 2, 'EnemyFruit': 0} |
------------------------------------------
| rollout/                |              |
|    ep_len_mean          | 574          |
|    ep_rew_mean          | 30.4         |
| time/                   |              |
|    fps                  | 192          |
|    iterations           | 354          |
|    time_elapsed         | 3770         |
|    total_timesteps      | 724992       |
| train/                  |              |
|    approx_kl            | 0.0063584205 |
|    clip_fraction        | 0.0567       |
|    clip_range           | 0.2          |
|    entropy_loss         | -0.21        |
|    explained_variance   | 0.00492      |
|    learning_rate        | 0.0003       |
|    loss                 | 1.45         |
|    n_updates            | 3530         |
|    policy_gradient_loss | -0.00135     |
|    value_loss           | 5.19         |
------------------------------------------
FruitCounts | {'Fruit': 1, 'DecayFruit': 0, 'EnemyFruit': 1} |
------------------------------------------
| rollout/                |              |
|    ep_len_mean          | 570          |
|    ep_rew_mean          | 30.3         |
| time/                   |              |
|    fps                  | 192          |
|    iterations           | 355          |
|    time_elapsed         | 3780         |
|    total_timesteps      | 727040       |
| train/                  |              |
|    approx_kl            | 0.0032959827 |
|    clip_fraction        | 0.0328       |
|    clip_range           | 0.2          |
|    entropy_loss         | -0.206       |
|    explained_variance   | -0.0104      |
|    learning_rate        | 0.0003       |
|    loss                 | 5.08         |
|    n_updates            | 3540         |
|    policy_gradient_loss | -0.0015      |
|    value_loss           | 19.8         |
------------------------------------------
FruitCounts | {'Fruit': 0, 'DecayFruit': 3, 'EnemyFruit': 6} |
------------------------------------------
| rollout/                |              |
|    ep_len_mean          | 557          |
|    ep_rew_mean          | 30           |
| time/                   |              |
|    fps                  | 192          |
|    iterations           | 356          |
|    time_elapsed         | 3789         |
|    total_timesteps      | 729088       |
| train/                  |              |
|    approx_kl            | 0.0071650767 |
|    clip_fraction        | 0.0683       |
|    clip_range           | 0.2          |
|    entropy_loss         | -0.221       |
|    explained_variance   | 0.0101       |
|    learning_rate        | 0.0003       |
|    loss                 | 7.34         |
|    n_updates            | 3550         |
|    policy_gradient_loss | -0.00277     |
|    value_loss           | 12.2         |
------------------------------------------
FruitCounts | {'Fruit': 0, 'DecayFruit': 1, 'EnemyFruit': 0} |
------------------------------------------
| rollout/                |              |
|    ep_len_mean          | 563          |
|    ep_rew_mean          | 30           |
| time/                   |              |
|    fps                  | 192          |
|    iterations           | 357          |
|    time_elapsed         | 3799         |
|    total_timesteps      | 731136       |
| train/                  |              |
|    approx_kl            | 0.0036318293 |
|    clip_fraction        | 0.0473       |
|    clip_range           | 0.2          |
|    entropy_loss         | -0.234       |
|    explained_variance   | -0.101       |
|    learning_rate        | 0.0003       |
|    loss                 | 3            |
|    n_updates            | 3560         |
|    policy_gradient_loss | -0.000599    |
|    value_loss           | 8.6          |
------------------------------------------
FruitCounts | {'Fruit': 0, 'DecayFruit': 2, 'EnemyFruit': 9} |
------------------------------------------
| rollout/                |              |
|    ep_len_mean          | 555          |
|    ep_rew_mean          | 30.3         |
| time/                   |              |
|    fps                  | 192          |
|    iterations           | 358          |
|    time_elapsed         | 3808         |
|    total_timesteps      | 733184       |
| train/                  |              |
|    approx_kl            | 0.0049530216 |
|    clip_fraction        | 0.0473       |
|    clip_range           | 0.2          |
|    entropy_loss         | -0.213       |
|    explained_variance   | -0.0103      |
|    learning_rate        | 0.0003       |
|    loss                 | 3.81         |
|    n_updates            | 3570         |
|    policy_gradient_loss | -0.00239     |
|    value_loss           | 14           |
------------------------------------------
FruitCounts | {'Fruit': 0, 'DecayFruit': 0, 'EnemyFruit': 0} |
-----------------------------------------
| rollout/                |             |
|    ep_len_mean          | 577         |
|    ep_rew_mean          | 31          |
| time/                   |             |
|    fps                  | 192         |
|    iterations           | 359         |
|    time_elapsed         | 3819        |
|    total_timesteps      | 735232      |
| train/                  |             |
|    approx_kl            | 0.009514412 |
|    clip_fraction        | 0.0605      |
|    clip_range           | 0.2         |
|    entropy_loss         | -0.237      |
|    explained_variance   | -0.0584     |
|    learning_rate        | 0.0003      |
|    loss                 | 1.2         |
|    n_updates            | 3580        |
|    policy_gradient_loss | -0.000578   |
|    value_loss           | 7.85        |
-----------------------------------------
FruitCounts | {'Fruit': 0, 'DecayFruit': 4, 'EnemyFruit': 3} |
------------------------------------------
| rollout/                |              |
|    ep_len_mean          | 584          |
|    ep_rew_mean          | 31.5         |
| time/                   |              |
|    fps                  | 192          |
|    iterations           | 360          |
|    time_elapsed         | 3828         |
|    total_timesteps      | 737280       |
| train/                  |              |
|    approx_kl            | 0.0045770053 |
|    clip_fraction        | 0.0516       |
|    clip_range           | 0.2          |
|    entropy_loss         | -0.219       |
|    explained_variance   | 0.0714       |
|    learning_rate        | 0.0003       |
|    loss                 | 4.08         |
|    n_updates            | 3590         |
|    policy_gradient_loss | -0.00226     |
|    value_loss           | 13.9         |
------------------------------------------
FruitCounts | {'Fruit': 0, 'DecayFruit': 1, 'EnemyFruit': 1} |
-----------------------------------------
| rollout/                |             |
|    ep_len_mean          | 597         |
|    ep_rew_mean          | 32          |
| time/                   |             |
|    fps                  | 192         |
|    iterations           | 361         |
|    time_elapsed         | 3838        |
|    total_timesteps      | 739328      |
| train/                  |             |
|    approx_kl            | 0.008215561 |
|    clip_fraction        | 0.0772      |
|    clip_range           | 0.2         |
|    entropy_loss         | -0.199      |
|    explained_variance   | -0.0137     |
|    learning_rate        | 0.0003      |
|    loss                 | 1.97        |
|    n_updates            | 3600        |
|    policy_gradient_loss | 0.00102     |
|    value_loss           | 4.06        |
-----------------------------------------
FruitCounts | {'Fruit': 0, 'DecayFruit': 0, 'EnemyFruit': 1} |
------------------------------------------
| rollout/                |              |
|    ep_len_mean          | 618          |
|    ep_rew_mean          | 32.5         |
| time/                   |              |
|    fps                  | 192          |
|    iterations           | 362          |
|    time_elapsed         | 3848         |
|    total_timesteps      | 741376       |
| train/                  |              |
|    approx_kl            | 0.0069748415 |
|    clip_fraction        | 0.0625       |
|    clip_range           | 0.2          |
|    entropy_loss         | -0.219       |
|    explained_variance   | 0.0748       |
|    learning_rate        | 0.0003       |
|    loss                 | 1.12         |
|    n_updates            | 3610         |
|    policy_gradient_loss | -0.0032      |
|    value_loss           | 10           |
------------------------------------------
FruitCounts | {'Fruit': 0, 'DecayFruit': 0, 'EnemyFruit': 1} |
----------------------------------------
| rollout/                |            |
|    ep_len_mean          | 597        |
|    ep_rew_mean          | 31.7       |
| time/                   |            |
|    fps                  | 192        |
|    iterations           | 363        |
|    time_elapsed         | 3858       |
|    total_timesteps      | 743424     |
| train/                  |            |
|    approx_kl            | 0.01145044 |
|    clip_fraction        | 0.0641     |
|    clip_range           | 0.2        |
|    entropy_loss         | -0.218     |
|    explained_variance   | 0.179      |
|    learning_rate        | 0.0003     |
|    loss                 | 8.73       |
|    n_updates            | 3620       |
|    policy_gradient_loss | -0.00216   |
|    value_loss           | 8.61       |
----------------------------------------
FruitCounts | {'Fruit': 1, 'DecayFruit': 0, 'EnemyFruit': 0} |
------------------------------------------
| rollout/                |              |
|    ep_len_mean          | 588          |
|    ep_rew_mean          | 32.4         |
| time/                   |              |
|    fps                  | 192          |
|    iterations           | 364          |
|    time_elapsed         | 3868         |
|    total_timesteps      | 745472       |
| train/                  |              |
|    approx_kl            | 0.0069193915 |
|    clip_fraction        | 0.0589       |
|    clip_range           | 0.2          |
|    entropy_loss         | -0.233       |
|    explained_variance   | 0.061        |
|    learning_rate        | 0.0003       |
|    loss                 | 2.18         |
|    n_updates            | 3630         |
|    policy_gradient_loss | -0.00277     |
|    value_loss           | 16.6         |
------------------------------------------
FruitCounts | {'Fruit': 0, 'DecayFruit': 0, 'EnemyFruit': 3} |
------------------------------------------
| rollout/                |              |
|    ep_len_mean          | 590          |
|    ep_rew_mean          | 32.2         |
| time/                   |              |
|    fps                  | 192          |
|    iterations           | 365          |
|    time_elapsed         | 3878         |
|    total_timesteps      | 747520       |
| train/                  |              |
|    approx_kl            | 0.0042554713 |
|    clip_fraction        | 0.0415       |
|    clip_range           | 0.2          |
|    entropy_loss         | -0.215       |
|    explained_variance   | -0.0358      |
|    learning_rate        | 0.0003       |
|    loss                 | 10.5         |
|    n_updates            | 3640         |
|    policy_gradient_loss | -0.000762    |
|    value_loss           | 16           |
------------------------------------------
FruitCounts | {'Fruit': 0, 'DecayFruit': 3, 'EnemyFruit': 8} |
-----------------------------------------
| rollout/                |             |
|    ep_len_mean          | 603         |
|    ep_rew_mean          | 31.9        |
| time/                   |             |
|    fps                  | 192         |
|    iterations           | 366         |
|    time_elapsed         | 3887        |
|    total_timesteps      | 749568      |
| train/                  |             |
|    approx_kl            | 0.007565152 |
|    clip_fraction        | 0.0494      |
|    clip_range           | 0.2         |
|    entropy_loss         | -0.215      |
|    explained_variance   | 0.114       |
|    learning_rate        | 0.0003      |
|    loss                 | 1.87        |
|    n_updates            | 3650        |
|    policy_gradient_loss | -0.00298    |
|    value_loss           | 8.87        |
-----------------------------------------
FruitCounts | {'Fruit': 1, 'DecayFruit': 3, 'EnemyFruit': 0} |
------------------------------------------
| rollout/                |              |
|    ep_len_mean          | 600          |
|    ep_rew_mean          | 30.8         |
| time/                   |              |
|    fps                  | 192          |
|    iterations           | 367          |
|    time_elapsed         | 3897         |
|    total_timesteps      | 751616       |
| train/                  |              |
|    approx_kl            | 0.0056269336 |
|    clip_fraction        | 0.0559       |
|    clip_range           | 0.2          |
|    entropy_loss         | -0.204       |
|    explained_variance   | 0.104        |
|    learning_rate        | 0.0003       |
|    loss                 | 4.72         |
|    n_updates            | 3660         |
|    policy_gradient_loss | -9.09e-05    |
|    value_loss           | 7.99         |
------------------------------------------
FruitCounts | {'Fruit': 1, 'DecayFruit': 1, 'EnemyFruit': 2} |
-----------------------------------------
| rollout/                |             |
|    ep_len_mean          | 610         |
|    ep_rew_mean          | 30.9        |
| time/                   |             |
|    fps                  | 192         |
|    iterations           | 368         |
|    time_elapsed         | 3907        |
|    total_timesteps      | 753664      |
| train/                  |             |
|    approx_kl            | 0.004868972 |
|    clip_fraction        | 0.0508      |
|    clip_range           | 0.2         |
|    entropy_loss         | -0.217      |
|    explained_variance   | 0.131       |
|    learning_rate        | 0.0003      |
|    loss                 | 6.11        |
|    n_updates            | 3670        |
|    policy_gradient_loss | -0.000472   |
|    value_loss           | 11.1        |
-----------------------------------------
FruitCounts | {'Fruit': 3, 'DecayFruit': 3, 'EnemyFruit': 2} |
------------------------------------------
| rollout/                |              |
|    ep_len_mean          | 614          |
|    ep_rew_mean          | 32           |
| time/                   |              |
|    fps                  | 192          |
|    iterations           | 369          |
|    time_elapsed         | 3917         |
|    total_timesteps      | 755712       |
| train/                  |              |
|    approx_kl            | 0.0075472635 |
|    clip_fraction        | 0.0533       |
|    clip_range           | 0.2          |
|    entropy_loss         | -0.225       |
|    explained_variance   | 0.0843       |
|    learning_rate        | 0.0003       |
|    loss                 | 10.2         |
|    n_updates            | 3680         |
|    policy_gradient_loss | -0.000777    |
|    value_loss           | 12.4         |
------------------------------------------
FruitCounts | {'Fruit': 0, 'DecayFruit': 0, 'EnemyFruit': 0} |
-----------------------------------------
| rollout/                |             |
|    ep_len_mean          | 614         |
|    ep_rew_mean          | 31.7        |
| time/                   |             |
|    fps                  | 192         |
|    iterations           | 370         |
|    time_elapsed         | 3927        |
|    total_timesteps      | 757760      |
| train/                  |             |
|    approx_kl            | 0.005451759 |
|    clip_fraction        | 0.0553      |
|    clip_range           | 0.2         |
|    entropy_loss         | -0.217      |
|    explained_variance   | 0.116       |
|    learning_rate        | 0.0003      |
|    loss                 | 7.87        |
|    n_updates            | 3690        |
|    policy_gradient_loss | -0.00338    |
|    value_loss           | 15.7        |
-----------------------------------------
FruitCounts | {'Fruit': 0, 'DecayFruit': 4, 'EnemyFruit': 5} |
------------------------------------------
| rollout/                |              |
|    ep_len_mean          | 602          |
|    ep_rew_mean          | 31.1         |
| time/                   |              |
|    fps                  | 192          |
|    iterations           | 371          |
|    time_elapsed         | 3937         |
|    total_timesteps      | 759808       |
| train/                  |              |
|    approx_kl            | 0.0052089803 |
|    clip_fraction        | 0.0515       |
|    clip_range           | 0.2          |
|    entropy_loss         | -0.21        |
|    explained_variance   | 0.0979       |
|    learning_rate        | 0.0003       |
|    loss                 | 0.874        |
|    n_updates            | 3700         |
|    policy_gradient_loss | -0.00116     |
|    value_loss           | 8.64         |
------------------------------------------
FruitCounts | {'Fruit': 0, 'DecayFruit': 2, 'EnemyFruit': 9} |
------------------------------------------
| rollout/                |              |
|    ep_len_mean          | 607          |
|    ep_rew_mean          | 30.7         |
| time/                   |              |
|    fps                  | 193          |
|    iterations           | 372          |
|    time_elapsed         | 3946         |
|    total_timesteps      | 761856       |
| train/                  |              |
|    approx_kl            | 0.0082960185 |
|    clip_fraction        | 0.0616       |
|    clip_range           | 0.2          |
|    entropy_loss         | -0.246       |
|    explained_variance   | -0.013       |
|    learning_rate        | 0.0003       |
|    loss                 | 3.07         |
|    n_updates            | 3710         |
|    policy_gradient_loss | -0.00227     |
|    value_loss           | 7.33         |
------------------------------------------
FruitCounts | {'Fruit': 0, 'DecayFruit': 0, 'EnemyFruit': 1} |
------------------------------------------
| rollout/                |              |
|    ep_len_mean          | 623          |
|    ep_rew_mean          | 31.9         |
| time/                   |              |
|    fps                  | 193          |
|    iterations           | 373          |
|    time_elapsed         | 3956         |
|    total_timesteps      | 763904       |
| train/                  |              |
|    approx_kl            | 0.0052834875 |
|    clip_fraction        | 0.0589       |
|    clip_range           | 0.2          |
|    entropy_loss         | -0.24        |
|    explained_variance   | 0.0729       |
|    learning_rate        | 0.0003       |
|    loss                 | 5.58         |
|    n_updates            | 3720         |
|    policy_gradient_loss | 0.00059      |
|    value_loss           | 6.99         |
------------------------------------------
FruitCounts | {'Fruit': 2, 'DecayFruit': 2, 'EnemyFruit': 5} |
-----------------------------------------
| rollout/                |             |
|    ep_len_mean          | 638         |
|    ep_rew_mean          | 32.1        |
| time/                   |             |
|    fps                  | 193         |
|    iterations           | 374         |
|    time_elapsed         | 3965        |
|    total_timesteps      | 765952      |
| train/                  |             |
|    approx_kl            | 0.007829228 |
|    clip_fraction        | 0.0636      |
|    clip_range           | 0.2         |
|    entropy_loss         | -0.187      |
|    explained_variance   | 0.169       |
|    learning_rate        | 0.0003      |
|    loss                 | 2.81        |
|    n_updates            | 3730        |
|    policy_gradient_loss | -0.00105    |
|    value_loss           | 8.89        |
-----------------------------------------
FruitCounts | {'Fruit': 0, 'DecayFruit': 0, 'EnemyFruit': 2} |
-----------------------------------------
| rollout/                |             |
|    ep_len_mean          | 657         |
|    ep_rew_mean          | 33.3        |
| time/                   |             |
|    fps                  | 193         |
|    iterations           | 375         |
|    time_elapsed         | 3975        |
|    total_timesteps      | 768000      |
| train/                  |             |
|    approx_kl            | 0.007867913 |
|    clip_fraction        | 0.047       |
|    clip_range           | 0.2         |
|    entropy_loss         | -0.202      |
|    explained_variance   | 0.25        |
|    learning_rate        | 0.0003      |
|    loss                 | 4.76        |
|    n_updates            | 3740        |
|    policy_gradient_loss | -0.0013     |
|    value_loss           | 5.8         |
-----------------------------------------
FruitCounts | {'Fruit': 0, 'DecayFruit': 3, 'EnemyFruit': 2} |
-----------------------------------------
| rollout/                |             |
|    ep_len_mean          | 670         |
|    ep_rew_mean          | 34.3        |
| time/                   |             |
|    fps                  | 193         |
|    iterations           | 376         |
|    time_elapsed         | 3985        |
|    total_timesteps      | 770048      |
| train/                  |             |
|    approx_kl            | 0.006006726 |
|    clip_fraction        | 0.0632      |
|    clip_range           | 0.2         |
|    entropy_loss         | -0.242      |
|    explained_variance   | 0.13        |
|    learning_rate        | 0.0003      |
|    loss                 | 4.69        |
|    n_updates            | 3750        |
|    policy_gradient_loss | -0.00236    |
|    value_loss           | 7.96        |
-----------------------------------------
FruitCounts | {'Fruit': 0, 'DecayFruit': 0, 'EnemyFruit': 0} |
------------------------------------------
| rollout/                |              |
|    ep_len_mean          | 682          |
|    ep_rew_mean          | 34.5         |
| time/                   |              |
|    fps                  | 193          |
|    iterations           | 377          |
|    time_elapsed         | 3994         |
|    total_timesteps      | 772096       |
| train/                  |              |
|    approx_kl            | 0.0049796347 |
|    clip_fraction        | 0.0408       |
|    clip_range           | 0.2          |
|    entropy_loss         | -0.222       |
|    explained_variance   | 0.0531       |
|    learning_rate        | 0.0003       |
|    loss                 | 2.86         |
|    n_updates            | 3760         |
|    policy_gradient_loss | -0.0026      |
|    value_loss           | 13.9         |
------------------------------------------
FruitCounts | {'Fruit': 2, 'DecayFruit': 8, 'EnemyFruit': 13} |
-----------------------------------------
| rollout/                |             |
|    ep_len_mean          | 674         |
|    ep_rew_mean          | 34          |
| time/                   |             |
|    fps                  | 193         |
|    iterations           | 378         |
|    time_elapsed         | 4003        |
|    total_timesteps      | 774144      |
| train/                  |             |
|    approx_kl            | 0.011160312 |
|    clip_fraction        | 0.0923      |
|    clip_range           | 0.2         |
|    entropy_loss         | -0.259      |
|    explained_variance   | 0.0253      |
|    learning_rate        | 0.0003      |
|    loss                 | 1.89        |
|    n_updates            | 3770        |
|    policy_gradient_loss | -0.00198    |
|    value_loss           | 7.34        |
-----------------------------------------
FruitCounts | {'Fruit': 5, 'DecayFruit': 6, 'EnemyFruit': 10} |
------------------------------------------
| rollout/                |              |
|    ep_len_mean          | 680          |
|    ep_rew_mean          | 34.9         |
| time/                   |              |
|    fps                  | 193          |
|    iterations           | 379          |
|    time_elapsed         | 4013         |
|    total_timesteps      | 776192       |
| train/                  |              |
|    approx_kl            | 0.0068759606 |
|    clip_fraction        | 0.0633       |
|    clip_range           | 0.2          |
|    entropy_loss         | -0.228       |
|    explained_variance   | 0.28         |
|    learning_rate        | 0.0003       |
|    loss                 | 0.568        |
|    n_updates            | 3780         |
|    policy_gradient_loss | -0.00129     |
|    value_loss           | 3.36         |
------------------------------------------
FruitCounts | {'Fruit': 0, 'DecayFruit': 5, 'EnemyFruit': 5} |
------------------------------------------
| rollout/                |              |
|    ep_len_mean          | 674          |
|    ep_rew_mean          | 35.2         |
| time/                   |              |
|    fps                  | 193          |
|    iterations           | 380          |
|    time_elapsed         | 4023         |
|    total_timesteps      | 778240       |
| train/                  |              |
|    approx_kl            | 0.0093334485 |
|    clip_fraction        | 0.0694       |
|    clip_range           | 0.2          |
|    entropy_loss         | -0.226       |
|    explained_variance   | -0.0234      |
|    learning_rate        | 0.0003       |
|    loss                 | 3.73         |
|    n_updates            | 3790         |
|    policy_gradient_loss | -0.00451     |
|    value_loss           | 8.02         |
------------------------------------------
FruitCounts | {'Fruit': 0, 'DecayFruit': 2, 'EnemyFruit': 1} |
-----------------------------------------
| rollout/                |             |
|    ep_len_mean          | 679         |
|    ep_rew_mean          | 35.3        |
| time/                   |             |
|    fps                  | 193         |
|    iterations           | 381         |
|    time_elapsed         | 4033        |
|    total_timesteps      | 780288      |
| train/                  |             |
|    approx_kl            | 0.003137994 |
|    clip_fraction        | 0.0386      |
|    clip_range           | 0.2         |
|    entropy_loss         | -0.232      |
|    explained_variance   | 0.0519      |
|    learning_rate        | 0.0003      |
|    loss                 | 7.09        |
|    n_updates            | 3800        |
|    policy_gradient_loss | -0.00336    |
|    value_loss           | 15.6        |
-----------------------------------------
FruitCounts | {'Fruit': 0, 'DecayFruit': 5, 'EnemyFruit': 3} |
-----------------------------------------
| rollout/                |             |
|    ep_len_mean          | 668         |
|    ep_rew_mean          | 34.7        |
| time/                   |             |
|    fps                  | 193         |
|    iterations           | 382         |
|    time_elapsed         | 4043        |
|    total_timesteps      | 782336      |
| train/                  |             |
|    approx_kl            | 0.007083407 |
|    clip_fraction        | 0.0636      |
|    clip_range           | 0.2         |
|    entropy_loss         | -0.23       |
|    explained_variance   | 0.0194      |
|    learning_rate        | 0.0003      |
|    loss                 | 3.27        |
|    n_updates            | 3810        |
|    policy_gradient_loss | -0.00423    |
|    value_loss           | 10          |
-----------------------------------------
FruitCounts | {'Fruit': 3, 'DecayFruit': 4, 'EnemyFruit': 3} |
-----------------------------------------
| rollout/                |             |
|    ep_len_mean          | 682         |
|    ep_rew_mean          | 35.7        |
| time/                   |             |
|    fps                  | 193         |
|    iterations           | 383         |
|    time_elapsed         | 4052        |
|    total_timesteps      | 784384      |
| train/                  |             |
|    approx_kl            | 0.008512282 |
|    clip_fraction        | 0.0553      |
|    clip_range           | 0.2         |
|    entropy_loss         | -0.25       |
|    explained_variance   | 0.219       |
|    learning_rate        | 0.0003      |
|    loss                 | 2.74        |
|    n_updates            | 3820        |
|    policy_gradient_loss | -0.00375    |
|    value_loss           | 9.34        |
-----------------------------------------
FruitCounts | {'Fruit': 0, 'DecayFruit': 0, 'EnemyFruit': 0} |
-----------------------------------------
| rollout/                |             |
|    ep_len_mean          | 657         |
|    ep_rew_mean          | 33.5        |
| time/                   |             |
|    fps                  | 193         |
|    iterations           | 384         |
|    time_elapsed         | 4063        |
|    total_timesteps      | 786432      |
| train/                  |             |
|    approx_kl            | 0.008124816 |
|    clip_fraction        | 0.0595      |
|    clip_range           | 0.2         |
|    entropy_loss         | -0.233      |
|    explained_variance   | 0.14        |
|    learning_rate        | 0.0003      |
|    loss                 | 5.05        |
|    n_updates            | 3830        |
|    policy_gradient_loss | -0.00159    |
|    value_loss           | 8.5         |
-----------------------------------------
FruitCounts | {'Fruit': 0, 'DecayFruit': 0, 'EnemyFruit': 0} |
-----------------------------------------
| rollout/                |             |
|    ep_len_mean          | 655         |
|    ep_rew_mean          | 33.5        |
| time/                   |             |
|    fps                  | 193         |
|    iterations           | 385         |
|    time_elapsed         | 4072        |
|    total_timesteps      | 788480      |
| train/                  |             |
|    approx_kl            | 0.007909076 |
|    clip_fraction        | 0.0544      |
|    clip_range           | 0.2         |
|    entropy_loss         | -0.212      |
|    explained_variance   | 0.123       |
|    learning_rate        | 0.0003      |
|    loss                 | 6.98        |
|    n_updates            | 3840        |
|    policy_gradient_loss | -0.00314    |
|    value_loss           | 12.1        |
-----------------------------------------
FruitCounts | {'Fruit': 2, 'DecayFruit': 4, 'EnemyFruit': 9} |
-----------------------------------------
| rollout/                |             |
|    ep_len_mean          | 669         |
|    ep_rew_mean          | 33          |
| time/                   |             |
|    fps                  | 193         |
|    iterations           | 386         |
|    time_elapsed         | 4081        |
|    total_timesteps      | 790528      |
| train/                  |             |
|    approx_kl            | 0.008750085 |
|    clip_fraction        | 0.0776      |
|    clip_range           | 0.2         |
|    entropy_loss         | -0.251      |
|    explained_variance   | 0.0354      |
|    learning_rate        | 0.0003      |
|    loss                 | 5.49        |
|    n_updates            | 3850        |
|    policy_gradient_loss | -0.000854   |
|    value_loss           | 6.81        |
-----------------------------------------
FruitCounts | {'Fruit': 0, 'DecayFruit': 4, 'EnemyFruit': 0} |
-----------------------------------------
| rollout/                |             |
|    ep_len_mean          | 684         |
|    ep_rew_mean          | 34          |
| time/                   |             |
|    fps                  | 193         |
|    iterations           | 387         |
|    time_elapsed         | 4091        |
|    total_timesteps      | 792576      |
| train/                  |             |
|    approx_kl            | 0.005723817 |
|    clip_fraction        | 0.0616      |
|    clip_range           | 0.2         |
|    entropy_loss         | -0.241      |
|    explained_variance   | -0.00166    |
|    learning_rate        | 0.0003      |
|    loss                 | 2.6         |
|    n_updates            | 3860        |
|    policy_gradient_loss | -0.00174    |
|    value_loss           | 7.18        |
-----------------------------------------
FruitCounts | {'Fruit': 0, 'DecayFruit': 0, 'EnemyFruit': 0} |
-----------------------------------------
| rollout/                |             |
|    ep_len_mean          | 696         |
|    ep_rew_mean          | 34.2        |
| time/                   |             |
|    fps                  | 193         |
|    iterations           | 388         |
|    time_elapsed         | 4101        |
|    total_timesteps      | 794624      |
| train/                  |             |
|    approx_kl            | 0.009432832 |
|    clip_fraction        | 0.0611      |
|    clip_range           | 0.2         |
|    entropy_loss         | -0.233      |
|    explained_variance   | 0.199       |
|    learning_rate        | 0.0003      |
|    loss                 | 3.36        |
|    n_updates            | 3870        |
|    policy_gradient_loss | -0.00121    |
|    value_loss           | 9.18        |
-----------------------------------------
FruitCounts | {'Fruit': 1, 'DecayFruit': 5, 'EnemyFruit': 7} |
-----------------------------------------
| rollout/                |             |
|    ep_len_mean          | 708         |
|    ep_rew_mean          | 34.7        |
| time/                   |             |
|    fps                  | 193         |
|    iterations           | 389         |
|    time_elapsed         | 4109        |
|    total_timesteps      | 796672      |
| train/                  |             |
|    approx_kl            | 0.007566679 |
|    clip_fraction        | 0.0563      |
|    clip_range           | 0.2         |
|    entropy_loss         | -0.23       |
|    explained_variance   | -0.0931     |
|    learning_rate        | 0.0003      |
|    loss                 | 1.96        |
|    n_updates            | 3880        |
|    policy_gradient_loss | -0.00128    |
|    value_loss           | 8.06        |
-----------------------------------------
FruitCounts | {'Fruit': 0, 'DecayFruit': 6, 'EnemyFruit': 6} |
-----------------------------------------
| rollout/                |             |
|    ep_len_mean          | 715         |
|    ep_rew_mean          | 35          |
| time/                   |             |
|    fps                  | 193         |
|    iterations           | 390         |
|    time_elapsed         | 4119        |
|    total_timesteps      | 798720      |
| train/                  |             |
|    approx_kl            | 0.007848507 |
|    clip_fraction        | 0.0729      |
|    clip_range           | 0.2         |
|    entropy_loss         | -0.23       |
|    explained_variance   | -0.168      |
|    learning_rate        | 0.0003      |
|    loss                 | 2.08        |
|    n_updates            | 3890        |
|    policy_gradient_loss | -4.75e-05   |
|    value_loss           | 4.94        |
-----------------------------------------
FruitCounts | {'Fruit': 0, 'DecayFruit': 0, 'EnemyFruit': 1} |
------------------------------------------
| rollout/                |              |
|    ep_len_mean          | 730          |
|    ep_rew_mean          | 36.6         |
| time/                   |              |
|    fps                  | 193          |
|    iterations           | 391          |
|    time_elapsed         | 4129         |
|    total_timesteps      | 800768       |
| train/                  |              |
|    approx_kl            | 0.0035289307 |
|    clip_fraction        | 0.0314       |
|    clip_range           | 0.2          |
|    entropy_loss         | -0.226       |
|    explained_variance   | 0.152        |
|    learning_rate        | 0.0003       |
|    loss                 | 7.4          |
|    n_updates            | 3900         |
|    policy_gradient_loss | -0.0017      |
|    value_loss           | 15.2         |
------------------------------------------
FruitCounts | {'Fruit': 1, 'DecayFruit': 3, 'EnemyFruit': 5} |
----------------------------------------
| rollout/                |            |
|    ep_len_mean          | 737        |
|    ep_rew_mean          | 36.8       |
| time/                   |            |
|    fps                  | 193        |
|    iterations           | 392        |
|    time_elapsed         | 4139       |
|    total_timesteps      | 802816     |
| train/                  |            |
|    approx_kl            | 0.00743506 |
|    clip_fraction        | 0.054      |
|    clip_range           | 0.2        |
|    entropy_loss         | -0.22      |
|    explained_variance   | -0.0863    |
|    learning_rate        | 0.0003     |
|    loss                 | 4.1        |
|    n_updates            | 3910       |
|    policy_gradient_loss | -0.00341   |
|    value_loss           | 10.5       |
----------------------------------------
FruitCounts | {'Fruit': 0, 'DecayFruit': 1, 'EnemyFruit': 0} |
------------------------------------------
| rollout/                |              |
|    ep_len_mean          | 740          |
|    ep_rew_mean          | 37.1         |
| time/                   |              |
|    fps                  | 193          |
|    iterations           | 393          |
|    time_elapsed         | 4149         |
|    total_timesteps      | 804864       |
| train/                  |              |
|    approx_kl            | 0.0051781354 |
|    clip_fraction        | 0.0478       |
|    clip_range           | 0.2          |
|    entropy_loss         | -0.225       |
|    explained_variance   | 0.154        |
|    learning_rate        | 0.0003       |
|    loss                 | 2.35         |
|    n_updates            | 3920         |
|    policy_gradient_loss | -0.00292     |
|    value_loss           | 6.54         |
------------------------------------------
FruitCounts | {'Fruit': 0, 'DecayFruit': 1, 'EnemyFruit': 0} |
------------------------------------------
| rollout/                |              |
|    ep_len_mean          | 720          |
|    ep_rew_mean          | 36           |
| time/                   |              |
|    fps                  | 194          |
|    iterations           | 394          |
|    time_elapsed         | 4159         |
|    total_timesteps      | 806912       |
| train/                  |              |
|    approx_kl            | 0.0062071336 |
|    clip_fraction        | 0.0548       |
|    clip_range           | 0.2          |
|    entropy_loss         | -0.225       |
|    explained_variance   | -0.0346      |
|    learning_rate        | 0.0003       |
|    loss                 | 4.17         |
|    n_updates            | 3930         |
|    policy_gradient_loss | -0.00341     |
|    value_loss           | 12.6         |
------------------------------------------
FruitCounts | {'Fruit': 1, 'DecayFruit': 4, 'EnemyFruit': 4} |
-----------------------------------------
| rollout/                |             |
|    ep_len_mean          | 725         |
|    ep_rew_mean          | 36.4        |
| time/                   |             |
|    fps                  | 194         |
|    iterations           | 395         |
|    time_elapsed         | 4167        |
|    total_timesteps      | 808960      |
| train/                  |             |
|    approx_kl            | 0.007370075 |
|    clip_fraction        | 0.0573      |
|    clip_range           | 0.2         |
|    entropy_loss         | -0.237      |
|    explained_variance   | -0.00474    |
|    learning_rate        | 0.0003      |
|    loss                 | 2.75        |
|    n_updates            | 3940        |
|    policy_gradient_loss | -0.00397    |
|    value_loss           | 7.13        |
-----------------------------------------
FruitCounts | {'Fruit': 0, 'DecayFruit': 1, 'EnemyFruit': 0} |
------------------------------------------
| rollout/                |              |
|    ep_len_mean          | 743          |
|    ep_rew_mean          | 36.5         |
| time/                   |              |
|    fps                  | 194          |
|    iterations           | 396          |
|    time_elapsed         | 4177         |
|    total_timesteps      | 811008       |
| train/                  |              |
|    approx_kl            | 0.0070108618 |
|    clip_fraction        | 0.0568       |
|    clip_range           | 0.2          |
|    entropy_loss         | -0.22        |
|    explained_variance   | 0.297        |
|    learning_rate        | 0.0003       |
|    loss                 | 4.46         |
|    n_updates            | 3950         |
|    policy_gradient_loss | -0.00331     |
|    value_loss           | 6.2          |
------------------------------------------
FruitCounts | {'Fruit': 0, 'DecayFruit': 1, 'EnemyFruit': 3} |
------------------------------------------
| rollout/                |              |
|    ep_len_mean          | 739          |
|    ep_rew_mean          | 36.8         |
| time/                   |              |
|    fps                  | 194          |
|    iterations           | 397          |
|    time_elapsed         | 4187         |
|    total_timesteps      | 813056       |
| train/                  |              |
|    approx_kl            | 0.0060848454 |
|    clip_fraction        | 0.0572       |
|    clip_range           | 0.2          |
|    entropy_loss         | -0.218       |
|    explained_variance   | -0.147       |
|    learning_rate        | 0.0003       |
|    loss                 | 0.87         |
|    n_updates            | 3960         |
|    policy_gradient_loss | -0.00162     |
|    value_loss           | 4.86         |
------------------------------------------
FruitCounts | {'Fruit': 2, 'DecayFruit': 3, 'EnemyFruit': 2} |
------------------------------------------
| rollout/                |              |
|    ep_len_mean          | 732          |
|    ep_rew_mean          | 36.6         |
| time/                   |              |
|    fps                  | 194          |
|    iterations           | 398          |
|    time_elapsed         | 4196         |
|    total_timesteps      | 815104       |
| train/                  |              |
|    approx_kl            | 0.0049265767 |
|    clip_fraction        | 0.0592       |
|    clip_range           | 0.2          |
|    entropy_loss         | -0.219       |
|    explained_variance   | -0.234       |
|    learning_rate        | 0.0003       |
|    loss                 | 3.81         |
|    n_updates            | 3970         |
|    policy_gradient_loss | -0.00238     |
|    value_loss           | 10.6         |
------------------------------------------
FruitCounts | {'Fruit': 0, 'DecayFruit': 0, 'EnemyFruit': 1} |
------------------------------------------
| rollout/                |              |
|    ep_len_mean          | 750          |
|    ep_rew_mean          | 37.2         |
| time/                   |              |
|    fps                  | 194          |
|    iterations           | 399          |
|    time_elapsed         | 4206         |
|    total_timesteps      | 817152       |
| train/                  |              |
|    approx_kl            | 0.0062205624 |
|    clip_fraction        | 0.057        |
|    clip_range           | 0.2          |
|    entropy_loss         | -0.231       |
|    explained_variance   | -0.435       |
|    learning_rate        | 0.0003       |
|    loss                 | 1.53         |
|    n_updates            | 3980         |
|    policy_gradient_loss | 0.0003       |
|    value_loss           | 6.93         |
------------------------------------------
FruitCounts | {'Fruit': 2, 'DecayFruit': 0, 'EnemyFruit': 1} |
-----------------------------------------
| rollout/                |             |
|    ep_len_mean          | 764         |
|    ep_rew_mean          | 37.9        |
| time/                   |             |
|    fps                  | 194         |
|    iterations           | 400         |
|    time_elapsed         | 4216        |
|    total_timesteps      | 819200      |
| train/                  |             |
|    approx_kl            | 0.010780759 |
|    clip_fraction        | 0.0685      |
|    clip_range           | 0.2         |
|    entropy_loss         | -0.237      |
|    explained_variance   | -0.108      |
|    learning_rate        | 0.0003      |
|    loss                 | 4.05        |
|    n_updates            | 3990        |
|    policy_gradient_loss | -0.00281    |
|    value_loss           | 6.7         |
-----------------------------------------
FruitCounts | {'Fruit': 0, 'DecayFruit': 3, 'EnemyFruit': 2} |
------------------------------------------
| rollout/                |              |
|    ep_len_mean          | 757          |
|    ep_rew_mean          | 36.5         |
| time/                   |              |
|    fps                  | 194          |
|    iterations           | 401          |
|    time_elapsed         | 4225         |
|    total_timesteps      | 821248       |
| train/                  |              |
|    approx_kl            | 0.0062354817 |
|    clip_fraction        | 0.0596       |
|    clip_range           | 0.2          |
|    entropy_loss         | -0.23        |
|    explained_variance   | 0.0105       |
|    learning_rate        | 0.0003       |
|    loss                 | 1.73         |
|    n_updates            | 4000         |
|    policy_gradient_loss | -0.00259     |
|    value_loss           | 10.5         |
------------------------------------------
FruitCounts | {'Fruit': 0, 'DecayFruit': 1, 'EnemyFruit': 4} |
-----------------------------------------
| rollout/                |             |
|    ep_len_mean          | 769         |
|    ep_rew_mean          | 37.8        |
| time/                   |             |
|    fps                  | 194         |
|    iterations           | 402         |
|    time_elapsed         | 4234        |
|    total_timesteps      | 823296      |
| train/                  |             |
|    approx_kl            | 0.008014244 |
|    clip_fraction        | 0.0707      |
|    clip_range           | 0.2         |
|    entropy_loss         | -0.238      |
|    explained_variance   | 0.011       |
|    learning_rate        | 0.0003      |
|    loss                 | 0.881       |
|    n_updates            | 4010        |
|    policy_gradient_loss | -0.00299    |
|    value_loss           | 5.92        |
-----------------------------------------
FruitCounts | {'Fruit': 0, 'DecayFruit': 2, 'EnemyFruit': 2} |
-----------------------------------------
| rollout/                |             |
|    ep_len_mean          | 786         |
|    ep_rew_mean          | 38.7        |
| time/                   |             |
|    fps                  | 194         |
|    iterations           | 403         |
|    time_elapsed         | 4244        |
|    total_timesteps      | 825344      |
| train/                  |             |
|    approx_kl            | 0.009227467 |
|    clip_fraction        | 0.0512      |
|    clip_range           | 0.2         |
|    entropy_loss         | -0.235      |
|    explained_variance   | -0.05       |
|    learning_rate        | 0.0003      |
|    loss                 | 1.99        |
|    n_updates            | 4020        |
|    policy_gradient_loss | -0.00284    |
|    value_loss           | 5.89        |
-----------------------------------------
FruitCounts | {'Fruit': 0, 'DecayFruit': 4, 'EnemyFruit': 7} |
------------------------------------------
| rollout/                |              |
|    ep_len_mean          | 786          |
|    ep_rew_mean          | 39.2         |
| time/                   |              |
|    fps                  | 194          |
|    iterations           | 404          |
|    time_elapsed         | 4253         |
|    total_timesteps      | 827392       |
| train/                  |              |
|    approx_kl            | 0.0048342077 |
|    clip_fraction        | 0.0445       |
|    clip_range           | 0.2          |
|    entropy_loss         | -0.209       |
|    explained_variance   | -0.0053      |
|    learning_rate        | 0.0003       |
|    loss                 | 3.65         |
|    n_updates            | 4030         |
|    policy_gradient_loss | -0.00211     |
|    value_loss           | 6.43         |
------------------------------------------
FruitCounts | {'Fruit': 0, 'DecayFruit': 0, 'EnemyFruit': 0} |
----------------------------------------
| rollout/                |            |
|    ep_len_mean          | 790        |
|    ep_rew_mean          | 40.8       |
| time/                   |            |
|    fps                  | 194        |
|    iterations           | 405        |
|    time_elapsed         | 4264       |
|    total_timesteps      | 829440     |
| train/                  |            |
|    approx_kl            | 0.00481488 |
|    clip_fraction        | 0.0439     |
|    clip_range           | 0.2        |
|    entropy_loss         | -0.226     |
|    explained_variance   | -0.0365    |
|    learning_rate        | 0.0003     |
|    loss                 | 3.04       |
|    n_updates            | 4040       |
|    policy_gradient_loss | -0.00207   |
|    value_loss           | 9.53       |
----------------------------------------
FruitCounts | {'Fruit': 6, 'DecayFruit': 12, 'EnemyFruit': 23} |
------------------------------------------
| rollout/                |              |
|    ep_len_mean          | 790          |
|    ep_rew_mean          | 40.8         |
| time/                   |              |
|    fps                  | 194          |
|    iterations           | 406          |
|    time_elapsed         | 4272         |
|    total_timesteps      | 831488       |
| train/                  |              |
|    approx_kl            | 0.0056321565 |
|    clip_fraction        | 0.0548       |
|    clip_range           | 0.2          |
|    entropy_loss         | -0.228       |
|    explained_variance   | 0.0737       |
|    learning_rate        | 0.0003       |
|    loss                 | 6.76         |
|    n_updates            | 4050         |
|    policy_gradient_loss | -0.00546     |
|    value_loss           | 19.7         |
------------------------------------------
FruitCounts | {'Fruit': 0, 'DecayFruit': 4, 'EnemyFruit': 2} |
-----------------------------------------
| rollout/                |             |
|    ep_len_mean          | 795         |
|    ep_rew_mean          | 41.8        |
| time/                   |             |
|    fps                  | 194         |
|    iterations           | 407         |
|    time_elapsed         | 4283        |
|    total_timesteps      | 833536      |
| train/                  |             |
|    approx_kl            | 0.007258524 |
|    clip_fraction        | 0.0538      |
|    clip_range           | 0.2         |
|    entropy_loss         | -0.202      |
|    explained_variance   | -0.197      |
|    learning_rate        | 0.0003      |
|    loss                 | 2.22        |
|    n_updates            | 4060        |
|    policy_gradient_loss | -0.00184    |
|    value_loss           | 8.73        |
-----------------------------------------
FruitCounts | {'Fruit': 0, 'DecayFruit': 1, 'EnemyFruit': 3} |
------------------------------------------
| rollout/                |              |
|    ep_len_mean          | 808          |
|    ep_rew_mean          | 42.8         |
| time/                   |              |
|    fps                  | 194          |
|    iterations           | 408          |
|    time_elapsed         | 4293         |
|    total_timesteps      | 835584       |
| train/                  |              |
|    approx_kl            | 0.0061767157 |
|    clip_fraction        | 0.0625       |
|    clip_range           | 0.2          |
|    entropy_loss         | -0.219       |
|    explained_variance   | 0.128        |
|    learning_rate        | 0.0003       |
|    loss                 | 4.84         |
|    n_updates            | 4070         |
|    policy_gradient_loss | -0.00387     |
|    value_loss           | 14.7         |
------------------------------------------
FruitCounts | {'Fruit': 0, 'DecayFruit': 0, 'EnemyFruit': 1} |
------------------------------------------
| rollout/                |              |
|    ep_len_mean          | 822          |
|    ep_rew_mean          | 42.8         |
| time/                   |              |
|    fps                  | 194          |
|    iterations           | 409          |
|    time_elapsed         | 4303         |
|    total_timesteps      | 837632       |
| train/                  |              |
|    approx_kl            | 0.0075090867 |
|    clip_fraction        | 0.064        |
|    clip_range           | 0.2          |
|    entropy_loss         | -0.214       |
|    explained_variance   | -0.118       |
|    learning_rate        | 0.0003       |
|    loss                 | 3.54         |
|    n_updates            | 4080         |
|    policy_gradient_loss | -0.00178     |
|    value_loss           | 7.74         |
------------------------------------------
FruitCounts | {'Fruit': 0, 'DecayFruit': 0, 'EnemyFruit': 0} |
-----------------------------------------
| rollout/                |             |
|    ep_len_mean          | 821         |
|    ep_rew_mean          | 42.6        |
| time/                   |             |
|    fps                  | 194         |
|    iterations           | 410         |
|    time_elapsed         | 4313        |
|    total_timesteps      | 839680      |
| train/                  |             |
|    approx_kl            | 0.008158933 |
|    clip_fraction        | 0.0643      |
|    clip_range           | 0.2         |
|    entropy_loss         | -0.234      |
|    explained_variance   | -0.0438     |
|    learning_rate        | 0.0003      |
|    loss                 | 7.49        |
|    n_updates            | 4090        |
|    policy_gradient_loss | -0.00346    |
|    value_loss           | 11.8        |
-----------------------------------------
FruitCounts | {'Fruit': 0, 'DecayFruit': 1, 'EnemyFruit': 0} |
-----------------------------------------
| rollout/                |             |
|    ep_len_mean          | 834         |
|    ep_rew_mean          | 43.4        |
| time/                   |             |
|    fps                  | 194         |
|    iterations           | 411         |
|    time_elapsed         | 4322        |
|    total_timesteps      | 841728      |
| train/                  |             |
|    approx_kl            | 0.007986032 |
|    clip_fraction        | 0.0545      |
|    clip_range           | 0.2         |
|    entropy_loss         | -0.23       |
|    explained_variance   | -0.059      |
|    learning_rate        | 0.0003      |
|    loss                 | 4.21        |
|    n_updates            | 4100        |
|    policy_gradient_loss | -0.00163    |
|    value_loss           | 11.2        |
-----------------------------------------
FruitCounts | {'Fruit': 0, 'DecayFruit': 3, 'EnemyFruit': 0} |
------------------------------------------
| rollout/                |              |
|    ep_len_mean          | 843          |
|    ep_rew_mean          | 44           |
| time/                   |              |
|    fps                  | 194          |
|    iterations           | 412          |
|    time_elapsed         | 4332         |
|    total_timesteps      | 843776       |
| train/                  |              |
|    approx_kl            | 0.0070317537 |
|    clip_fraction        | 0.0674       |
|    clip_range           | 0.2          |
|    entropy_loss         | -0.233       |
|    explained_variance   | 0.123        |
|    learning_rate        | 0.0003       |
|    loss                 | 3.28         |
|    n_updates            | 4110         |
|    policy_gradient_loss | -0.00106     |
|    value_loss           | 8.55         |
------------------------------------------
FruitCounts | {'Fruit': 0, 'DecayFruit': 0, 'EnemyFruit': 0} |
-----------------------------------------
| rollout/                |             |
|    ep_len_mean          | 822         |
|    ep_rew_mean          | 43.3        |
| time/                   |             |
|    fps                  | 194         |
|    iterations           | 413         |
|    time_elapsed         | 4342        |
|    total_timesteps      | 845824      |
| train/                  |             |
|    approx_kl            | 0.012249225 |
|    clip_fraction        | 0.0709      |
|    clip_range           | 0.2         |
|    entropy_loss         | -0.236      |
|    explained_variance   | 0.239       |
|    learning_rate        | 0.0003      |
|    loss                 | 7.18        |
|    n_updates            | 4120        |
|    policy_gradient_loss | -0.000613   |
|    value_loss           | 10.3        |
-----------------------------------------
FruitCounts | {'Fruit': 2, 'DecayFruit': 6, 'EnemyFruit': 8} |
-----------------------------------------
| rollout/                |             |
|    ep_len_mean          | 814         |
|    ep_rew_mean          | 44.1        |
| time/                   |             |
|    fps                  | 194         |
|    iterations           | 414         |
|    time_elapsed         | 4351        |
|    total_timesteps      | 847872      |
| train/                  |             |
|    approx_kl            | 0.008399906 |
|    clip_fraction        | 0.0616      |
|    clip_range           | 0.2         |
|    entropy_loss         | -0.216      |
|    explained_variance   | -0.00829    |
|    learning_rate        | 0.0003      |
|    loss                 | 16.7        |
|    n_updates            | 4130        |
|    policy_gradient_loss | -0.00176    |
|    value_loss           | 19.9        |
-----------------------------------------
FruitCounts | {'Fruit': 0, 'DecayFruit': 1, 'EnemyFruit': 1} |
------------------------------------------
| rollout/                |              |
|    ep_len_mean          | 812          |
|    ep_rew_mean          | 43.9         |
| time/                   |              |
|    fps                  | 194          |
|    iterations           | 415          |
|    time_elapsed         | 4361         |
|    total_timesteps      | 849920       |
| train/                  |              |
|    approx_kl            | 0.0067140926 |
|    clip_fraction        | 0.0562       |
|    clip_range           | 0.2          |
|    entropy_loss         | -0.21        |
|    explained_variance   | 0.142        |
|    learning_rate        | 0.0003       |
|    loss                 | 9.78         |
|    n_updates            | 4140         |
|    policy_gradient_loss | -0.00304     |
|    value_loss           | 12.9         |
------------------------------------------
FruitCounts | {'Fruit': 1, 'DecayFruit': 1, 'EnemyFruit': 0} |
---------------------------------------
| rollout/                |           |
|    ep_len_mean          | 803       |
|    ep_rew_mean          | 42.7      |
| time/                   |           |
|    fps                  | 194       |
|    iterations           | 416       |
|    time_elapsed         | 4370      |
|    total_timesteps      | 851968    |
| train/                  |           |
|    approx_kl            | 0.0054984 |
|    clip_fraction        | 0.0526    |
|    clip_range           | 0.2       |
|    entropy_loss         | -0.211    |
|    explained_variance   | 0.061     |
|    learning_rate        | 0.0003    |
|    loss                 | 5.2       |
|    n_updates            | 4150      |
|    policy_gradient_loss | 0.000822  |
|    value_loss           | 10.3      |
---------------------------------------
FruitCounts | {'Fruit': 1, 'DecayFruit': 4, 'EnemyFruit': 5} |
-----------------------------------------
| rollout/                |             |
|    ep_len_mean          | 812         |
|    ep_rew_mean          | 43.3        |
| time/                   |             |
|    fps                  | 194         |
|    iterations           | 417         |
|    time_elapsed         | 4380        |
|    total_timesteps      | 854016      |
| train/                  |             |
|    approx_kl            | 0.011562653 |
|    clip_fraction        | 0.0619      |
|    clip_range           | 0.2         |
|    entropy_loss         | -0.206      |
|    explained_variance   | 0.104       |
|    learning_rate        | 0.0003      |
|    loss                 | 3.57        |
|    n_updates            | 4160        |
|    policy_gradient_loss | -0.00114    |
|    value_loss           | 6.27        |
-----------------------------------------
FruitCounts | {'Fruit': 0, 'DecayFruit': 1, 'EnemyFruit': 0} |
-----------------------------------------
| rollout/                |             |
|    ep_len_mean          | 815         |
|    ep_rew_mean          | 43.2        |
| time/                   |             |
|    fps                  | 194         |
|    iterations           | 418         |
|    time_elapsed         | 4390        |
|    total_timesteps      | 856064      |
| train/                  |             |
|    approx_kl            | 0.010744477 |
|    clip_fraction        | 0.0673      |
|    clip_range           | 0.2         |
|    entropy_loss         | -0.227      |
|    explained_variance   | 0.0796      |
|    learning_rate        | 0.0003      |
|    loss                 | 6           |
|    n_updates            | 4170        |
|    policy_gradient_loss | -0.0026     |
|    value_loss           | 7.99        |
-----------------------------------------
FruitCounts | {'Fruit': 1, 'DecayFruit': 1, 'EnemyFruit': 2} |
-----------------------------------------
| rollout/                |             |
|    ep_len_mean          | 816         |
|    ep_rew_mean          | 43.1        |
| time/                   |             |
|    fps                  | 195         |
|    iterations           | 419         |
|    time_elapsed         | 4399        |
|    total_timesteps      | 858112      |
| train/                  |             |
|    approx_kl            | 0.008374522 |
|    clip_fraction        | 0.0541      |
|    clip_range           | 0.2         |
|    entropy_loss         | -0.214      |
|    explained_variance   | 0.00199     |
|    learning_rate        | 0.0003      |
|    loss                 | 5.76        |
|    n_updates            | 4180        |
|    policy_gradient_loss | -0.0032     |
|    value_loss           | 9.97        |
-----------------------------------------
FruitCounts | {'Fruit': 0, 'DecayFruit': 6, 'EnemyFruit': 6} |
-----------------------------------------
| rollout/                |             |
|    ep_len_mean          | 816         |
|    ep_rew_mean          | 42.6        |
| time/                   |             |
|    fps                  | 195         |
|    iterations           | 420         |
|    time_elapsed         | 4408        |
|    total_timesteps      | 860160      |
| train/                  |             |
|    approx_kl            | 0.009608098 |
|    clip_fraction        | 0.0807      |
|    clip_range           | 0.2         |
|    entropy_loss         | -0.229      |
|    explained_variance   | 0.104       |
|    learning_rate        | 0.0003      |
|    loss                 | 4.13        |
|    n_updates            | 4190        |
|    policy_gradient_loss | -3.3e-05    |
|    value_loss           | 5.16        |
-----------------------------------------
FruitCounts | {'Fruit': 1, 'DecayFruit': 0, 'EnemyFruit': 0} |
------------------------------------------
| rollout/                |              |
|    ep_len_mean          | 825          |
|    ep_rew_mean          | 42.8         |
| time/                   |              |
|    fps                  | 195          |
|    iterations           | 421          |
|    time_elapsed         | 4419         |
|    total_timesteps      | 862208       |
| train/                  |              |
|    approx_kl            | 0.0051020146 |
|    clip_fraction        | 0.049        |
|    clip_range           | 0.2          |
|    entropy_loss         | -0.22        |
|    explained_variance   | -0.416       |
|    learning_rate        | 0.0003       |
|    loss                 | 2.19         |
|    n_updates            | 4200         |
|    policy_gradient_loss | -0.00324     |
|    value_loss           | 8.71         |
------------------------------------------
FruitCounts | {'Fruit': 0, 'DecayFruit': 0, 'EnemyFruit': 0} |
------------------------------------------
| rollout/                |              |
|    ep_len_mean          | 826          |
|    ep_rew_mean          | 44.6         |
| time/                   |              |
|    fps                  | 195          |
|    iterations           | 422          |
|    time_elapsed         | 4428         |
|    total_timesteps      | 864256       |
| train/                  |              |
|    approx_kl            | 0.0076688253 |
|    clip_fraction        | 0.0538       |
|    clip_range           | 0.2          |
|    entropy_loss         | -0.196       |
|    explained_variance   | 0.155        |
|    learning_rate        | 0.0003       |
|    loss                 | 2.38         |
|    n_updates            | 4210         |
|    policy_gradient_loss | -0.00324     |
|    value_loss           | 6.97         |
------------------------------------------
FruitCounts | {'Fruit': 1, 'DecayFruit': 0, 'EnemyFruit': 1} |
------------------------------------------
| rollout/                |              |
|    ep_len_mean          | 816          |
|    ep_rew_mean          | 43.3         |
| time/                   |              |
|    fps                  | 195          |
|    iterations           | 423          |
|    time_elapsed         | 4438         |
|    total_timesteps      | 866304       |
| train/                  |              |
|    approx_kl            | 0.0055581233 |
|    clip_fraction        | 0.0533       |
|    clip_range           | 0.2          |
|    entropy_loss         | -0.229       |
|    explained_variance   | 0.0694       |
|    learning_rate        | 0.0003       |
|    loss                 | 12.2         |
|    n_updates            | 4220         |
|    policy_gradient_loss | -0.00106     |
|    value_loss           | 22           |
------------------------------------------
FruitCounts | {'Fruit': 0, 'DecayFruit': 5, 'EnemyFruit': 8} |
-----------------------------------------
| rollout/                |             |
|    ep_len_mean          | 829         |
|    ep_rew_mean          | 43.9        |
| time/                   |             |
|    fps                  | 195         |
|    iterations           | 424         |
|    time_elapsed         | 4447        |
|    total_timesteps      | 868352      |
| train/                  |             |
|    approx_kl            | 0.008696532 |
|    clip_fraction        | 0.0669      |
|    clip_range           | 0.2         |
|    entropy_loss         | -0.213      |
|    explained_variance   | 0.04        |
|    learning_rate        | 0.0003      |
|    loss                 | 5.15        |
|    n_updates            | 4230        |
|    policy_gradient_loss | -0.00281    |
|    value_loss           | 6.44        |
-----------------------------------------
FruitCounts | {'Fruit': 0, 'DecayFruit': 2, 'EnemyFruit': 3} |
-----------------------------------------
| rollout/                |             |
|    ep_len_mean          | 848         |
|    ep_rew_mean          | 45.2        |
| time/                   |             |
|    fps                  | 195         |
|    iterations           | 425         |
|    time_elapsed         | 4457        |
|    total_timesteps      | 870400      |
| train/                  |             |
|    approx_kl            | 0.007322705 |
|    clip_fraction        | 0.0561      |
|    clip_range           | 0.2         |
|    entropy_loss         | -0.216      |
|    explained_variance   | 0.143       |
|    learning_rate        | 0.0003      |
|    loss                 | 3.15        |
|    n_updates            | 4240        |
|    policy_gradient_loss | 0.000309    |
|    value_loss           | 8.27        |
-----------------------------------------
FruitCounts | {'Fruit': 1, 'DecayFruit': 7, 'EnemyFruit': 1} |
-----------------------------------------
| rollout/                |             |
|    ep_len_mean          | 837         |
|    ep_rew_mean          | 44.4        |
| time/                   |             |
|    fps                  | 195         |
|    iterations           | 426         |
|    time_elapsed         | 4466        |
|    total_timesteps      | 872448      |
| train/                  |             |
|    approx_kl            | 0.009224242 |
|    clip_fraction        | 0.0515      |
|    clip_range           | 0.2         |
|    entropy_loss         | -0.219      |
|    explained_variance   | -0.135      |
|    learning_rate        | 0.0003      |
|    loss                 | 5.14        |
|    n_updates            | 4250        |
|    policy_gradient_loss | -0.000563   |
|    value_loss           | 9.86        |
-----------------------------------------
FruitCounts | {'Fruit': 0, 'DecayFruit': 2, 'EnemyFruit': 0} |
------------------------------------------
| rollout/                |              |
|    ep_len_mean          | 817          |
|    ep_rew_mean          | 43.5         |
| time/                   |              |
|    fps                  | 195          |
|    iterations           | 427          |
|    time_elapsed         | 4477         |
|    total_timesteps      | 874496       |
| train/                  |              |
|    approx_kl            | 0.0054820604 |
|    clip_fraction        | 0.0456       |
|    clip_range           | 0.2          |
|    entropy_loss         | -0.225       |
|    explained_variance   | 0.266        |
|    learning_rate        | 0.0003       |
|    loss                 | 3.98         |
|    n_updates            | 4260         |
|    policy_gradient_loss | -0.00367     |
|    value_loss           | 8.07         |
------------------------------------------
FruitCounts | {'Fruit': 0, 'DecayFruit': 1, 'EnemyFruit': 1} |
-----------------------------------------
| rollout/                |             |
|    ep_len_mean          | 789         |
|    ep_rew_mean          | 43.3        |
| time/                   |             |
|    fps                  | 195         |
|    iterations           | 428         |
|    time_elapsed         | 4486        |
|    total_timesteps      | 876544      |
| train/                  |             |
|    approx_kl            | 0.005977443 |
|    clip_fraction        | 0.0519      |
|    clip_range           | 0.2         |
|    entropy_loss         | -0.224      |
|    explained_variance   | 0.0659      |
|    learning_rate        | 0.0003      |
|    loss                 | 8.49        |
|    n_updates            | 4270        |
|    policy_gradient_loss | -0.00185    |
|    value_loss           | 18.1        |
-----------------------------------------
FruitCounts | {'Fruit': 0, 'DecayFruit': 2, 'EnemyFruit': 2} |
-----------------------------------------
| rollout/                |             |
|    ep_len_mean          | 787         |
|    ep_rew_mean          | 42.5        |
| time/                   |             |
|    fps                  | 195         |
|    iterations           | 429         |
|    time_elapsed         | 4496        |
|    total_timesteps      | 878592      |
| train/                  |             |
|    approx_kl            | 0.011383727 |
|    clip_fraction        | 0.0614      |
|    clip_range           | 0.2         |
|    entropy_loss         | -0.203      |
|    explained_variance   | 0.137       |
|    learning_rate        | 0.0003      |
|    loss                 | 4.19        |
|    n_updates            | 4280        |
|    policy_gradient_loss | -0.00185    |
|    value_loss           | 11.8        |
-----------------------------------------
FruitCounts | {'Fruit': 0, 'DecayFruit': 0, 'EnemyFruit': 1} |
------------------------------------------
| rollout/                |              |
|    ep_len_mean          | 772          |
|    ep_rew_mean          | 41.7         |
| time/                   |              |
|    fps                  | 195          |
|    iterations           | 430          |
|    time_elapsed         | 4506         |
|    total_timesteps      | 880640       |
| train/                  |              |
|    approx_kl            | 0.0068757785 |
|    clip_fraction        | 0.0621       |
|    clip_range           | 0.2          |
|    entropy_loss         | -0.212       |
|    explained_variance   | 0.32         |
|    learning_rate        | 0.0003       |
|    loss                 | 3.4          |
|    n_updates            | 4290         |
|    policy_gradient_loss | 7.66e-05     |
|    value_loss           | 11.7         |
------------------------------------------
FruitCounts | {'Fruit': 0, 'DecayFruit': 1, 'EnemyFruit': 0} |
-----------------------------------------
| rollout/                |             |
|    ep_len_mean          | 775         |
|    ep_rew_mean          | 40.5        |
| time/                   |             |
|    fps                  | 195         |
|    iterations           | 431         |
|    time_elapsed         | 4516        |
|    total_timesteps      | 882688      |
| train/                  |             |
|    approx_kl            | 0.008717422 |
|    clip_fraction        | 0.066       |
|    clip_range           | 0.2         |
|    entropy_loss         | -0.21       |
|    explained_variance   | -0.0598     |
|    learning_rate        | 0.0003      |
|    loss                 | 7.44        |
|    n_updates            | 4300        |
|    policy_gradient_loss | -0.000646   |
|    value_loss           | 10.6        |
-----------------------------------------
FruitCounts | {'Fruit': 1, 'DecayFruit': 7, 'EnemyFruit': 9} |
-----------------------------------------
| rollout/                |             |
|    ep_len_mean          | 770         |
|    ep_rew_mean          | 40.6        |
| time/                   |             |
|    fps                  | 195         |
|    iterations           | 432         |
|    time_elapsed         | 4525        |
|    total_timesteps      | 884736      |
| train/                  |             |
|    approx_kl            | 0.007898628 |
|    clip_fraction        | 0.082       |
|    clip_range           | 0.2         |
|    entropy_loss         | -0.236      |
|    explained_variance   | 0.126       |
|    learning_rate        | 0.0003      |
|    loss                 | 2.12        |
|    n_updates            | 4310        |
|    policy_gradient_loss | -0.0019     |
|    value_loss           | 9.38        |
-----------------------------------------
FruitCounts | {'Fruit': 0, 'DecayFruit': 3, 'EnemyFruit': 7} |
-----------------------------------------
| rollout/                |             |
|    ep_len_mean          | 755         |
|    ep_rew_mean          | 41.5        |
| time/                   |             |
|    fps                  | 195         |
|    iterations           | 433         |
|    time_elapsed         | 4535        |
|    total_timesteps      | 886784      |
| train/                  |             |
|    approx_kl            | 0.007948271 |
|    clip_fraction        | 0.0477      |
|    clip_range           | 0.2         |
|    entropy_loss         | -0.205      |
|    explained_variance   | -0.0993     |
|    learning_rate        | 0.0003      |
|    loss                 | 3.79        |
|    n_updates            | 4320        |
|    policy_gradient_loss | -0.00307    |
|    value_loss           | 9.56        |
-----------------------------------------
FruitCounts | {'Fruit': 2, 'DecayFruit': 2, 'EnemyFruit': 3} |
-----------------------------------------
| rollout/                |             |
|    ep_len_mean          | 761         |
|    ep_rew_mean          | 41.8        |
| time/                   |             |
|    fps                  | 195         |
|    iterations           | 434         |
|    time_elapsed         | 4544        |
|    total_timesteps      | 888832      |
| train/                  |             |
|    approx_kl            | 0.008149703 |
|    clip_fraction        | 0.0635      |
|    clip_range           | 0.2         |
|    entropy_loss         | -0.213      |
|    explained_variance   | 0.0752      |
|    learning_rate        | 0.0003      |
|    loss                 | 4.4         |
|    n_updates            | 4330        |
|    policy_gradient_loss | -0.00237    |
|    value_loss           | 9.71        |
-----------------------------------------
FruitCounts | {'Fruit': 0, 'DecayFruit': 1, 'EnemyFruit': 1} |
------------------------------------------
| rollout/                |              |
|    ep_len_mean          | 782          |
|    ep_rew_mean          | 42.4         |
| time/                   |              |
|    fps                  | 195          |
|    iterations           | 435          |
|    time_elapsed         | 4554         |
|    total_timesteps      | 890880       |
| train/                  |              |
|    approx_kl            | 0.0077014775 |
|    clip_fraction        | 0.0726       |
|    clip_range           | 0.2          |
|    entropy_loss         | -0.207       |
|    explained_variance   | 0.271        |
|    learning_rate        | 0.0003       |
|    loss                 | 0.881        |
|    n_updates            | 4340         |
|    policy_gradient_loss | -0.00223     |
|    value_loss           | 5.83         |
------------------------------------------
FruitCounts | {'Fruit': 0, 'DecayFruit': 13, 'EnemyFruit': 21} |
-----------------------------------------
| rollout/                |             |
|    ep_len_mean          | 782         |
|    ep_rew_mean          | 42.4        |
| time/                   |             |
|    fps                  | 195         |
|    iterations           | 436         |
|    time_elapsed         | 4562        |
|    total_timesteps      | 892928      |
| train/                  |             |
|    approx_kl            | 0.011244893 |
|    clip_fraction        | 0.0604      |
|    clip_range           | 0.2         |
|    entropy_loss         | -0.229      |
|    explained_variance   | 0.36        |
|    learning_rate        | 0.0003      |
|    loss                 | 2.82        |
|    n_updates            | 4350        |
|    policy_gradient_loss | -0.00107    |
|    value_loss           | 7.07        |
-----------------------------------------
FruitCounts | {'Fruit': 0, 'DecayFruit': 3, 'EnemyFruit': 3} |
-----------------------------------------
| rollout/                |             |
|    ep_len_mean          | 802         |
|    ep_rew_mean          | 42.8        |
| time/                   |             |
|    fps                  | 195         |
|    iterations           | 437         |
|    time_elapsed         | 4573        |
|    total_timesteps      | 894976      |
| train/                  |             |
|    approx_kl            | 0.009496478 |
|    clip_fraction        | 0.069       |
|    clip_range           | 0.2         |
|    entropy_loss         | -0.221      |
|    explained_variance   | 0.133       |
|    learning_rate        | 0.0003      |
|    loss                 | 1.36        |
|    n_updates            | 4360        |
|    policy_gradient_loss | -0.000377   |
|    value_loss           | 4.4         |
-----------------------------------------
FruitCounts | {'Fruit': 0, 'DecayFruit': 0, 'EnemyFruit': 0} |
------------------------------------------
| rollout/                |              |
|    ep_len_mean          | 781          |
|    ep_rew_mean          | 41.9         |
| time/                   |              |
|    fps                  | 195          |
|    iterations           | 438          |
|    time_elapsed         | 4583         |
|    total_timesteps      | 897024       |
| train/                  |              |
|    approx_kl            | 0.0075942976 |
|    clip_fraction        | 0.0559       |
|    clip_range           | 0.2          |
|    entropy_loss         | -0.212       |
|    explained_variance   | -0.211       |
|    learning_rate        | 0.0003       |
|    loss                 | 2.87         |
|    n_updates            | 4370         |
|    policy_gradient_loss | -0.000937    |
|    value_loss           | 6.04         |
------------------------------------------
FruitCounts | {'Fruit': 0, 'DecayFruit': 3, 'EnemyFruit': 6} |
------------------------------------------
| rollout/                |              |
|    ep_len_mean          | 757          |
|    ep_rew_mean          | 41.7         |
| time/                   |              |
|    fps                  | 195          |
|    iterations           | 439          |
|    time_elapsed         | 4593         |
|    total_timesteps      | 899072       |
| train/                  |              |
|    approx_kl            | 0.0064093964 |
|    clip_fraction        | 0.051        |
|    clip_range           | 0.2          |
|    entropy_loss         | -0.231       |
|    explained_variance   | 0.0285       |
|    learning_rate        | 0.0003       |
|    loss                 | 7.69         |
|    n_updates            | 4380         |
|    policy_gradient_loss | -0.00127     |
|    value_loss           | 14.7         |
------------------------------------------
FruitCounts | {'Fruit': 0, 'DecayFruit': 0, 'EnemyFruit': 0} |
-----------------------------------------
| rollout/                |             |
|    ep_len_mean          | 749         |
|    ep_rew_mean          | 41.8        |
| time/                   |             |
|    fps                  | 195         |
|    iterations           | 440         |
|    time_elapsed         | 4603        |
|    total_timesteps      | 901120      |
| train/                  |             |
|    approx_kl            | 0.004453623 |
|    clip_fraction        | 0.046       |
|    clip_range           | 0.2         |
|    entropy_loss         | -0.221      |
|    explained_variance   | 0.264       |
|    learning_rate        | 0.0003      |
|    loss                 | 4.99        |
|    n_updates            | 4390        |
|    policy_gradient_loss | -0.00233    |
|    value_loss           | 14.9        |
-----------------------------------------
FruitCounts | {'Fruit': 0, 'DecayFruit': 1, 'EnemyFruit': 0} |
-----------------------------------------
| rollout/                |             |
|    ep_len_mean          | 744         |
|    ep_rew_mean          | 42.3        |
| time/                   |             |
|    fps                  | 195         |
|    iterations           | 441         |
|    time_elapsed         | 4613        |
|    total_timesteps      | 903168      |
| train/                  |             |
|    approx_kl            | 0.005220929 |
|    clip_fraction        | 0.0418      |
|    clip_range           | 0.2         |
|    entropy_loss         | -0.22       |
|    explained_variance   | -0.0445     |
|    learning_rate        | 0.0003      |
|    loss                 | 1.86        |
|    n_updates            | 4400        |
|    policy_gradient_loss | -0.000822   |
|    value_loss           | 10.7        |
-----------------------------------------
FruitCounts | {'Fruit': 0, 'DecayFruit': 1, 'EnemyFruit': 1} |
-----------------------------------------
| rollout/                |             |
|    ep_len_mean          | 758         |
|    ep_rew_mean          | 43.4        |
| time/                   |             |
|    fps                  | 195         |
|    iterations           | 442         |
|    time_elapsed         | 4622        |
|    total_timesteps      | 905216      |
| train/                  |             |
|    approx_kl            | 0.007835277 |
|    clip_fraction        | 0.0518      |
|    clip_range           | 0.2         |
|    entropy_loss         | -0.207      |
|    explained_variance   | 0.0941      |
|    learning_rate        | 0.0003      |
|    loss                 | 10.2        |
|    n_updates            | 4410        |
|    policy_gradient_loss | -0.00212    |
|    value_loss           | 19.9        |
-----------------------------------------
FruitCounts | {'Fruit': 0, 'DecayFruit': 1, 'EnemyFruit': 3} |
-----------------------------------------
| rollout/                |             |
|    ep_len_mean          | 747         |
|    ep_rew_mean          | 42.2        |
| time/                   |             |
|    fps                  | 195         |
|    iterations           | 443         |
|    time_elapsed         | 4632        |
|    total_timesteps      | 907264      |
| train/                  |             |
|    approx_kl            | 0.006782805 |
|    clip_fraction        | 0.0542      |
|    clip_range           | 0.2         |
|    entropy_loss         | -0.211      |
|    explained_variance   | -0.0347     |
|    learning_rate        | 0.0003      |
|    loss                 | 7.12        |
|    n_updates            | 4420        |
|    policy_gradient_loss | -0.00182    |
|    value_loss           | 16          |
-----------------------------------------
FruitCounts | {'Fruit': 1, 'DecayFruit': 2, 'EnemyFruit': 3} |
-----------------------------------------
| rollout/                |             |
|    ep_len_mean          | 715         |
|    ep_rew_mean          | 41.2        |
| time/                   |             |
|    fps                  | 195         |
|    iterations           | 444         |
|    time_elapsed         | 4642        |
|    total_timesteps      | 909312      |
| train/                  |             |
|    approx_kl            | 0.009881937 |
|    clip_fraction        | 0.0741      |
|    clip_range           | 0.2         |
|    entropy_loss         | -0.209      |
|    explained_variance   | 0.186       |
|    learning_rate        | 0.0003      |
|    loss                 | 2.34        |
|    n_updates            | 4430        |
|    policy_gradient_loss | -0.00227    |
|    value_loss           | 6.84        |
-----------------------------------------
FruitCounts | {'Fruit': 0, 'DecayFruit': 1, 'EnemyFruit': 2} |
------------------------------------------
| rollout/                |              |
|    ep_len_mean          | 730          |
|    ep_rew_mean          | 42.7         |
| time/                   |              |
|    fps                  | 195          |
|    iterations           | 445          |
|    time_elapsed         | 4652         |
|    total_timesteps      | 911360       |
| train/                  |              |
|    approx_kl            | 0.0066756043 |
|    clip_fraction        | 0.05         |
|    clip_range           | 0.2          |
|    entropy_loss         | -0.202       |
|    explained_variance   | -0.0035      |
|    learning_rate        | 0.0003       |
|    loss                 | 7.27         |
|    n_updates            | 4440         |
|    policy_gradient_loss | -0.00532     |
|    value_loss           | 16.6         |
------------------------------------------
FruitCounts | {'Fruit': 0, 'DecayFruit': 0, 'EnemyFruit': 0} |
------------------------------------------
| rollout/                |              |
|    ep_len_mean          | 723          |
|    ep_rew_mean          | 42           |
| time/                   |              |
|    fps                  | 195          |
|    iterations           | 446          |
|    time_elapsed         | 4661         |
|    total_timesteps      | 913408       |
| train/                  |              |
|    approx_kl            | 0.0064197266 |
|    clip_fraction        | 0.0642       |
|    clip_range           | 0.2          |
|    entropy_loss         | -0.201       |
|    explained_variance   | 0.152        |
|    learning_rate        | 0.0003       |
|    loss                 | 2.46         |
|    n_updates            | 4450         |
|    policy_gradient_loss | -0.00187     |
|    value_loss           | 10.8         |
------------------------------------------
FruitCounts | {'Fruit': 0, 'DecayFruit': 7, 'EnemyFruit': 7} |
-----------------------------------------
| rollout/                |             |
|    ep_len_mean          | 723         |
|    ep_rew_mean          | 42.3        |
| time/                   |             |
|    fps                  | 195         |
|    iterations           | 447         |
|    time_elapsed         | 4670        |
|    total_timesteps      | 915456      |
| train/                  |             |
|    approx_kl            | 0.008973657 |
|    clip_fraction        | 0.0588      |
|    clip_range           | 0.2         |
|    entropy_loss         | -0.218      |
|    explained_variance   | 0.0607      |
|    learning_rate        | 0.0003      |
|    loss                 | 2.14        |
|    n_updates            | 4460        |
|    policy_gradient_loss | -0.00315    |
|    value_loss           | 5.32        |
-----------------------------------------
FruitCounts | {'Fruit': 0, 'DecayFruit': 5, 'EnemyFruit': 4} |
-----------------------------------------
| rollout/                |             |
|    ep_len_mean          | 732         |
|    ep_rew_mean          | 43.3        |
| time/                   |             |
|    fps                  | 196         |
|    iterations           | 448         |
|    time_elapsed         | 4680        |
|    total_timesteps      | 917504      |
| train/                  |             |
|    approx_kl            | 0.005689523 |
|    clip_fraction        | 0.0609      |
|    clip_range           | 0.2         |
|    entropy_loss         | -0.221      |
|    explained_variance   | 0.0525      |
|    learning_rate        | 0.0003      |
|    loss                 | 4.67        |
|    n_updates            | 4470        |
|    policy_gradient_loss | 0.000459    |
|    value_loss           | 10.6        |
-----------------------------------------
FruitCounts | {'Fruit': 0, 'DecayFruit': 1, 'EnemyFruit': 2} |
-----------------------------------------
| rollout/                |             |
|    ep_len_mean          | 736         |
|    ep_rew_mean          | 44.9        |
| time/                   |             |
|    fps                  | 196         |
|    iterations           | 449         |
|    time_elapsed         | 4690        |
|    total_timesteps      | 919552      |
| train/                  |             |
|    approx_kl            | 0.007685082 |
|    clip_fraction        | 0.0557      |
|    clip_range           | 0.2         |
|    entropy_loss         | -0.197      |
|    explained_variance   | 0.057       |
|    learning_rate        | 0.0003      |
|    loss                 | 6.19        |
|    n_updates            | 4480        |
|    policy_gradient_loss | -0.00154    |
|    value_loss           | 19.2        |
-----------------------------------------
FruitCounts | {'Fruit': 0, 'DecayFruit': 1, 'EnemyFruit': 2} |
------------------------------------------
| rollout/                |              |
|    ep_len_mean          | 718          |
|    ep_rew_mean          | 44.6         |
| time/                   |              |
|    fps                  | 196          |
|    iterations           | 450          |
|    time_elapsed         | 4701         |
|    total_timesteps      | 921600       |
| train/                  |              |
|    approx_kl            | 0.0052227974 |
|    clip_fraction        | 0.0421       |
|    clip_range           | 0.2          |
|    entropy_loss         | -0.221       |
|    explained_variance   | 0.117        |
|    learning_rate        | 0.0003       |
|    loss                 | 5.94         |
|    n_updates            | 4490         |
|    policy_gradient_loss | -0.00342     |
|    value_loss           | 14.9         |
------------------------------------------
FruitCounts | {'Fruit': 1, 'DecayFruit': 5, 'EnemyFruit': 5} |
-----------------------------------------
| rollout/                |             |
|    ep_len_mean          | 700         |
|    ep_rew_mean          | 44          |
| time/                   |             |
|    fps                  | 196         |
|    iterations           | 451         |
|    time_elapsed         | 4711        |
|    total_timesteps      | 923648      |
| train/                  |             |
|    approx_kl            | 0.006175603 |
|    clip_fraction        | 0.0627      |
|    clip_range           | 0.2         |
|    entropy_loss         | -0.219      |
|    explained_variance   | 0.0509      |
|    learning_rate        | 0.0003      |
|    loss                 | 5.81        |
|    n_updates            | 4500        |
|    policy_gradient_loss | -0.00329    |
|    value_loss           | 20.5        |
-----------------------------------------
FruitCounts | {'Fruit': 0, 'DecayFruit': 5, 'EnemyFruit': 3} |
-----------------------------------------
| rollout/                |             |
|    ep_len_mean          | 672         |
|    ep_rew_mean          | 43.5        |
| time/                   |             |
|    fps                  | 196         |
|    iterations           | 452         |
|    time_elapsed         | 4721        |
|    total_timesteps      | 925696      |
| train/                  |             |
|    approx_kl            | 0.007894978 |
|    clip_fraction        | 0.0656      |
|    clip_range           | 0.2         |
|    entropy_loss         | -0.209      |
|    explained_variance   | 0.0344      |
|    learning_rate        | 0.0003      |
|    loss                 | 3.46        |
|    n_updates            | 4510        |
|    policy_gradient_loss | -0.000815   |
|    value_loss           | 10.2        |
-----------------------------------------
FruitCounts | {'Fruit': 0, 'DecayFruit': 3, 'EnemyFruit': 3} |
-----------------------------------------
| rollout/                |             |
|    ep_len_mean          | 668         |
|    ep_rew_mean          | 44.1        |
| time/                   |             |
|    fps                  | 196         |
|    iterations           | 453         |
|    time_elapsed         | 4731        |
|    total_timesteps      | 927744      |
| train/                  |             |
|    approx_kl            | 0.008852994 |
|    clip_fraction        | 0.0581      |
|    clip_range           | 0.2         |
|    entropy_loss         | -0.2        |
|    explained_variance   | 0.0319      |
|    learning_rate        | 0.0003      |
|    loss                 | 5.24        |
|    n_updates            | 4520        |
|    policy_gradient_loss | -0.00612    |
|    value_loss           | 11.2        |
-----------------------------------------
FruitCounts | {'Fruit': 0, 'DecayFruit': 11, 'EnemyFruit': 12} |
------------------------------------------
| rollout/                |              |
|    ep_len_mean          | 655          |
|    ep_rew_mean          | 43.9         |
| time/                   |              |
|    fps                  | 196          |
|    iterations           | 454          |
|    time_elapsed         | 4740         |
|    total_timesteps      | 929792       |
| train/                  |              |
|    approx_kl            | 0.0077394415 |
|    clip_fraction        | 0.065        |
|    clip_range           | 0.2          |
|    entropy_loss         | -0.222       |
|    explained_variance   | 0.101        |
|    learning_rate        | 0.0003       |
|    loss                 | 3.06         |
|    n_updates            | 4530         |
|    policy_gradient_loss | -0.00412     |
|    value_loss           | 14.1         |
------------------------------------------
FruitCounts | {'Fruit': 0, 'DecayFruit': 8, 'EnemyFruit': 7} |
------------------------------------------
| rollout/                |              |
|    ep_len_mean          | 666          |
|    ep_rew_mean          | 44.6         |
| time/                   |              |
|    fps                  | 196          |
|    iterations           | 455          |
|    time_elapsed         | 4750         |
|    total_timesteps      | 931840       |
| train/                  |              |
|    approx_kl            | 0.0073387614 |
|    clip_fraction        | 0.0566       |
|    clip_range           | 0.2          |
|    entropy_loss         | -0.199       |
|    explained_variance   | 0.121        |
|    learning_rate        | 0.0003       |
|    loss                 | 12.2         |
|    n_updates            | 4540         |
|    policy_gradient_loss | -0.00214     |
|    value_loss           | 16.1         |
------------------------------------------
FruitCounts | {'Fruit': 1, 'DecayFruit': 3, 'EnemyFruit': 0} |
-----------------------------------------
| rollout/                |             |
|    ep_len_mean          | 635         |
|    ep_rew_mean          | 44.4        |
| time/                   |             |
|    fps                  | 196         |
|    iterations           | 456         |
|    time_elapsed         | 4760        |
|    total_timesteps      | 933888      |
| train/                  |             |
|    approx_kl            | 0.011082841 |
|    clip_fraction        | 0.0651      |
|    clip_range           | 0.2         |
|    entropy_loss         | -0.203      |
|    explained_variance   | 0.023       |
|    learning_rate        | 0.0003      |
|    loss                 | 8.92        |
|    n_updates            | 4550        |
|    policy_gradient_loss | -0.0014     |
|    value_loss           | 16.4        |
-----------------------------------------
FruitCounts | {'Fruit': 1, 'DecayFruit': 4, 'EnemyFruit': 11} |
-----------------------------------------
| rollout/                |             |
|    ep_len_mean          | 631         |
|    ep_rew_mean          | 44.2        |
| time/                   |             |
|    fps                  | 196         |
|    iterations           | 457         |
|    time_elapsed         | 4770        |
|    total_timesteps      | 935936      |
| train/                  |             |
|    approx_kl            | 0.008439979 |
|    clip_fraction        | 0.0692      |
|    clip_range           | 0.2         |
|    entropy_loss         | -0.222      |
|    explained_variance   | -0.239      |
|    learning_rate        | 0.0003      |
|    loss                 | 6.21        |
|    n_updates            | 4560        |
|    policy_gradient_loss | -0.00483    |
|    value_loss           | 13.1        |
-----------------------------------------
FruitCounts | {'Fruit': 2, 'DecayFruit': 4, 'EnemyFruit': 5} |
-----------------------------------------
| rollout/                |             |
|    ep_len_mean          | 629         |
|    ep_rew_mean          | 44.5        |
| time/                   |             |
|    fps                  | 196         |
|    iterations           | 458         |
|    time_elapsed         | 4780        |
|    total_timesteps      | 937984      |
| train/                  |             |
|    approx_kl            | 0.009010692 |
|    clip_fraction        | 0.0669      |
|    clip_range           | 0.2         |
|    entropy_loss         | -0.237      |
|    explained_variance   | 0.062       |
|    learning_rate        | 0.0003      |
|    loss                 | 2.96        |
|    n_updates            | 4570        |
|    policy_gradient_loss | -0.00277    |
|    value_loss           | 10.5        |
-----------------------------------------
FruitCounts | {'Fruit': 1, 'DecayFruit': 0, 'EnemyFruit': 0} |
-----------------------------------------
| rollout/                |             |
|    ep_len_mean          | 646         |
|    ep_rew_mean          | 45.7        |
| time/                   |             |
|    fps                  | 196         |
|    iterations           | 459         |
|    time_elapsed         | 4790        |
|    total_timesteps      | 940032      |
| train/                  |             |
|    approx_kl            | 0.006699513 |
|    clip_fraction        | 0.0648      |
|    clip_range           | 0.2         |
|    entropy_loss         | -0.214      |
|    explained_variance   | -0.142      |
|    learning_rate        | 0.0003      |
|    loss                 | 2.16        |
|    n_updates            | 4580        |
|    policy_gradient_loss | -0.00192    |
|    value_loss           | 13.6        |
-----------------------------------------
FruitCounts | {'Fruit': 1, 'DecayFruit': 1, 'EnemyFruit': 3} |
-----------------------------------------
| rollout/                |             |
|    ep_len_mean          | 634         |
|    ep_rew_mean          | 44.8        |
| time/                   |             |
|    fps                  | 196         |
|    iterations           | 460         |
|    time_elapsed         | 4800        |
|    total_timesteps      | 942080      |
| train/                  |             |
|    approx_kl            | 0.010760369 |
|    clip_fraction        | 0.0599      |
|    clip_range           | 0.2         |
|    entropy_loss         | -0.198      |
|    explained_variance   | -0.059      |
|    learning_rate        | 0.0003      |
|    loss                 | 5.53        |
|    n_updates            | 4590        |
|    policy_gradient_loss | -0.00165    |
|    value_loss           | 10.6        |
-----------------------------------------
FruitCounts | {'Fruit': 0, 'DecayFruit': 0, 'EnemyFruit': 1} |
-----------------------------------------
| rollout/                |             |
|    ep_len_mean          | 639         |
|    ep_rew_mean          | 44.7        |
| time/                   |             |
|    fps                  | 196         |
|    iterations           | 461         |
|    time_elapsed         | 4810        |
|    total_timesteps      | 944128      |
| train/                  |             |
|    approx_kl            | 0.008672152 |
|    clip_fraction        | 0.0631      |
|    clip_range           | 0.2         |
|    entropy_loss         | -0.224      |
|    explained_variance   | 0.126       |
|    learning_rate        | 0.0003      |
|    loss                 | 1.86        |
|    n_updates            | 4600        |
|    policy_gradient_loss | -0.00148    |
|    value_loss           | 12.3        |
-----------------------------------------
FruitCounts | {'Fruit': 0, 'DecayFruit': 2, 'EnemyFruit': 2} |
------------------------------------------
| rollout/                |              |
|    ep_len_mean          | 652          |
|    ep_rew_mean          | 45.9         |
| time/                   |              |
|    fps                  | 196          |
|    iterations           | 462          |
|    time_elapsed         | 4819         |
|    total_timesteps      | 946176       |
| train/                  |              |
|    approx_kl            | 0.0057965987 |
|    clip_fraction        | 0.0644       |
|    clip_range           | 0.2          |
|    entropy_loss         | -0.229       |
|    explained_variance   | 0.0939       |
|    learning_rate        | 0.0003       |
|    loss                 | 3.56         |
|    n_updates            | 4610         |
|    policy_gradient_loss | -0.000699    |
|    value_loss           | 11.8         |
------------------------------------------
FruitCounts | {'Fruit': 0, 'DecayFruit': 6, 'EnemyFruit': 2} |
-----------------------------------------
| rollout/                |             |
|    ep_len_mean          | 647         |
|    ep_rew_mean          | 46.5        |
| time/                   |             |
|    fps                  | 196         |
|    iterations           | 463         |
|    time_elapsed         | 4829        |
|    total_timesteps      | 948224      |
| train/                  |             |
|    approx_kl            | 0.007890901 |
|    clip_fraction        | 0.0587      |
|    clip_range           | 0.2         |
|    entropy_loss         | -0.212      |
|    explained_variance   | -0.0349     |
|    learning_rate        | 0.0003      |
|    loss                 | 6.57        |
|    n_updates            | 4620        |
|    policy_gradient_loss | 0.00135     |
|    value_loss           | 11.6        |
-----------------------------------------
FruitCounts | {'Fruit': 0, 'DecayFruit': 2, 'EnemyFruit': 0} |
-----------------------------------------
| rollout/                |             |
|    ep_len_mean          | 663         |
|    ep_rew_mean          | 49.2        |
| time/                   |             |
|    fps                  | 196         |
|    iterations           | 464         |
|    time_elapsed         | 4839        |
|    total_timesteps      | 950272      |
| train/                  |             |
|    approx_kl            | 0.005770634 |
|    clip_fraction        | 0.0531      |
|    clip_range           | 0.2         |
|    entropy_loss         | -0.212      |
|    explained_variance   | 0.263       |
|    learning_rate        | 0.0003      |
|    loss                 | 4.67        |
|    n_updates            | 4630        |
|    policy_gradient_loss | -0.00135    |
|    value_loss           | 10.9        |
-----------------------------------------
FruitCounts | {'Fruit': 0, 'DecayFruit': 1, 'EnemyFruit': 0} |
------------------------------------------
| rollout/                |              |
|    ep_len_mean          | 646          |
|    ep_rew_mean          | 48.4         |
| time/                   |              |
|    fps                  | 196          |
|    iterations           | 465          |
|    time_elapsed         | 4849         |
|    total_timesteps      | 952320       |
| train/                  |              |
|    approx_kl            | 0.0055164164 |
|    clip_fraction        | 0.0547       |
|    clip_range           | 0.2          |
|    entropy_loss         | -0.203       |
|    explained_variance   | -0.0413      |
|    learning_rate        | 0.0003       |
|    loss                 | 22.6         |
|    n_updates            | 4640         |
|    policy_gradient_loss | -0.00339     |
|    value_loss           | 22.4         |
------------------------------------------
FruitCounts | {'Fruit': 0, 'DecayFruit': 0, 'EnemyFruit': 2} |
------------------------------------------
| rollout/                |              |
|    ep_len_mean          | 613          |
|    ep_rew_mean          | 48.4         |
| time/                   |              |
|    fps                  | 196          |
|    iterations           | 466          |
|    time_elapsed         | 4858         |
|    total_timesteps      | 954368       |
| train/                  |              |
|    approx_kl            | 0.0074808784 |
|    clip_fraction        | 0.0603       |
|    clip_range           | 0.2          |
|    entropy_loss         | -0.215       |
|    explained_variance   | -0.0326      |
|    learning_rate        | 0.0003       |
|    loss                 | 5.19         |
|    n_updates            | 4650         |
|    policy_gradient_loss | -0.000607    |
|    value_loss           | 16.1         |
------------------------------------------
FruitCounts | {'Fruit': 0, 'DecayFruit': 9, 'EnemyFruit': 18} |
------------------------------------------
| rollout/                |              |
|    ep_len_mean          | 594          |
|    ep_rew_mean          | 47.5         |
| time/                   |              |
|    fps                  | 196          |
|    iterations           | 467          |
|    time_elapsed         | 4867         |
|    total_timesteps      | 956416       |
| train/                  |              |
|    approx_kl            | 0.0049974336 |
|    clip_fraction        | 0.0613       |
|    clip_range           | 0.2          |
|    entropy_loss         | -0.212       |
|    explained_variance   | 0.147        |
|    learning_rate        | 0.0003       |
|    loss                 | 1.25         |
|    n_updates            | 4660         |
|    policy_gradient_loss | 0.000218     |
|    value_loss           | 13.1         |
------------------------------------------
FruitCounts | {'Fruit': 0, 'DecayFruit': 3, 'EnemyFruit': 0} |
-----------------------------------------
| rollout/                |             |
|    ep_len_mean          | 603         |
|    ep_rew_mean          | 48.2        |
| time/                   |             |
|    fps                  | 196         |
|    iterations           | 468         |
|    time_elapsed         | 4878        |
|    total_timesteps      | 958464      |
| train/                  |             |
|    approx_kl            | 0.013260616 |
|    clip_fraction        | 0.0667      |
|    clip_range           | 0.2         |
|    entropy_loss         | -0.224      |
|    explained_variance   | -0.0334     |
|    learning_rate        | 0.0003      |
|    loss                 | 4.1         |
|    n_updates            | 4670        |
|    policy_gradient_loss | -0.00147    |
|    value_loss           | 12.2        |
-----------------------------------------
FruitCounts | {'Fruit': 0, 'DecayFruit': 3, 'EnemyFruit': 2} |
------------------------------------------
| rollout/                |              |
|    ep_len_mean          | 579          |
|    ep_rew_mean          | 46.7         |
| time/                   |              |
|    fps                  | 196          |
|    iterations           | 469          |
|    time_elapsed         | 4889         |
|    total_timesteps      | 960512       |
| train/                  |              |
|    approx_kl            | 0.0058784634 |
|    clip_fraction        | 0.0524       |
|    clip_range           | 0.2          |
|    entropy_loss         | -0.211       |
|    explained_variance   | 0.113        |
|    learning_rate        | 0.0003       |
|    loss                 | 17.2         |
|    n_updates            | 4680         |
|    policy_gradient_loss | -0.00363     |
|    value_loss           | 25           |
------------------------------------------
FruitCounts | {'Fruit': 0, 'DecayFruit': 4, 'EnemyFruit': 0} |
----------------------------------------
| rollout/                |            |
|    ep_len_mean          | 556        |
|    ep_rew_mean          | 43.1       |
| time/                   |            |
|    fps                  | 196        |
|    iterations           | 470        |
|    time_elapsed         | 4899       |
|    total_timesteps      | 962560     |
| train/                  |            |
|    approx_kl            | 0.01184885 |
|    clip_fraction        | 0.0719     |
|    clip_range           | 0.2        |
|    entropy_loss         | -0.221     |
|    explained_variance   | 0.412      |
|    learning_rate        | 0.0003     |
|    loss                 | 6.91       |
|    n_updates            | 4690       |
|    policy_gradient_loss | -0.00355   |
|    value_loss           | 13.3       |
----------------------------------------
FruitCounts | {'Fruit': 0, 'DecayFruit': 3, 'EnemyFruit': 0} |
-----------------------------------------
| rollout/                |             |
|    ep_len_mean          | 555         |
|    ep_rew_mean          | 42.8        |
| time/                   |             |
|    fps                  | 196         |
|    iterations           | 471         |
|    time_elapsed         | 4909        |
|    total_timesteps      | 964608      |
| train/                  |             |
|    approx_kl            | 0.014219452 |
|    clip_fraction        | 0.0918      |
|    clip_range           | 0.2         |
|    entropy_loss         | -0.241      |
|    explained_variance   | -0.173      |
|    learning_rate        | 0.0003      |
|    loss                 | 3.29        |
|    n_updates            | 4700        |
|    policy_gradient_loss | -0.00338    |
|    value_loss           | 8.28        |
-----------------------------------------
FruitCounts | {'Fruit': 0, 'DecayFruit': 2, 'EnemyFruit': 0} |
------------------------------------------
| rollout/                |              |
|    ep_len_mean          | 547          |
|    ep_rew_mean          | 42.1         |
| time/                   |              |
|    fps                  | 196          |
|    iterations           | 472          |
|    time_elapsed         | 4919         |
|    total_timesteps      | 966656       |
| train/                  |              |
|    approx_kl            | 0.0051305164 |
|    clip_fraction        | 0.0521       |
|    clip_range           | 0.2          |
|    entropy_loss         | -0.214       |
|    explained_variance   | 0.0752       |
|    learning_rate        | 0.0003       |
|    loss                 | 2.03         |
|    n_updates            | 4710         |
|    policy_gradient_loss | -0.00245     |
|    value_loss           | 10.1         |
------------------------------------------
FruitCounts | {'Fruit': 0, 'DecayFruit': 1, 'EnemyFruit': 0} |
------------------------------------------
| rollout/                |              |
|    ep_len_mean          | 514          |
|    ep_rew_mean          | 40.1         |
| time/                   |              |
|    fps                  | 196          |
|    iterations           | 473          |
|    time_elapsed         | 4930         |
|    total_timesteps      | 968704       |
| train/                  |              |
|    approx_kl            | 0.0063868477 |
|    clip_fraction        | 0.0675       |
|    clip_range           | 0.2          |
|    entropy_loss         | -0.208       |
|    explained_variance   | 0.132        |
|    learning_rate        | 0.0003       |
|    loss                 | 3.56         |
|    n_updates            | 4720         |
|    policy_gradient_loss | -0.00272     |
|    value_loss           | 12.4         |
------------------------------------------
FruitCounts | {'Fruit': 0, 'DecayFruit': 4, 'EnemyFruit': 3} |
-----------------------------------------
| rollout/                |             |
|    ep_len_mean          | 492         |
|    ep_rew_mean          | 36.9        |
| time/                   |             |
|    fps                  | 196         |
|    iterations           | 474         |
|    time_elapsed         | 4940        |
|    total_timesteps      | 970752      |
| train/                  |             |
|    approx_kl            | 0.008470409 |
|    clip_fraction        | 0.0574      |
|    clip_range           | 0.2         |
|    entropy_loss         | -0.233      |
|    explained_variance   | 0.0692      |
|    learning_rate        | 0.0003      |
|    loss                 | 7.8         |
|    n_updates            | 4730        |
|    policy_gradient_loss | -0.0026     |
|    value_loss           | 16.2        |
-----------------------------------------
FruitCounts | {'Fruit': 1, 'DecayFruit': 3, 'EnemyFruit': 1} |
------------------------------------------
| rollout/                |              |
|    ep_len_mean          | 497          |
|    ep_rew_mean          | 37.5         |
| time/                   |              |
|    fps                  | 196          |
|    iterations           | 475          |
|    time_elapsed         | 4950         |
|    total_timesteps      | 972800       |
| train/                  |              |
|    approx_kl            | 0.0071774255 |
|    clip_fraction        | 0.0639       |
|    clip_range           | 0.2          |
|    entropy_loss         | -0.211       |
|    explained_variance   | 0.143        |
|    learning_rate        | 0.0003       |
|    loss                 | 4.61         |
|    n_updates            | 4740         |
|    policy_gradient_loss | -0.00297     |
|    value_loss           | 18.4         |
------------------------------------------
FruitCounts | {'Fruit': 1, 'DecayFruit': 3, 'EnemyFruit': 2} |
------------------------------------------
| rollout/                |              |
|    ep_len_mean          | 486          |
|    ep_rew_mean          | 37.1         |
| time/                   |              |
|    fps                  | 196          |
|    iterations           | 476          |
|    time_elapsed         | 4961         |
|    total_timesteps      | 974848       |
| train/                  |              |
|    approx_kl            | 0.0077935057 |
|    clip_fraction        | 0.0729       |
|    clip_range           | 0.2          |
|    entropy_loss         | -0.243       |
|    explained_variance   | 0.234        |
|    learning_rate        | 0.0003       |
|    loss                 | 4.85         |
|    n_updates            | 4750         |
|    policy_gradient_loss | -0.00251     |
|    value_loss           | 12.5         |
------------------------------------------
FruitCounts | {'Fruit': 0, 'DecayFruit': 1, 'EnemyFruit': 1} |
------------------------------------------
| rollout/                |              |
|    ep_len_mean          | 447          |
|    ep_rew_mean          | 32.7         |
| time/                   |              |
|    fps                  | 196          |
|    iterations           | 477          |
|    time_elapsed         | 4972         |
|    total_timesteps      | 976896       |
| train/                  |              |
|    approx_kl            | 0.0060863243 |
|    clip_fraction        | 0.0491       |
|    clip_range           | 0.2          |
|    entropy_loss         | -0.235       |
|    explained_variance   | -0.186       |
|    learning_rate        | 0.0003       |
|    loss                 | 7.85         |
|    n_updates            | 4760         |
|    policy_gradient_loss | -0.00118     |
|    value_loss           | 23.2         |
------------------------------------------
FruitCounts | {'Fruit': 0, 'DecayFruit': 5, 'EnemyFruit': 4} |
----------------------------------------
| rollout/                |            |
|    ep_len_mean          | 459        |
|    ep_rew_mean          | 33.5       |
| time/                   |            |
|    fps                  | 196        |
|    iterations           | 478        |
|    time_elapsed         | 4982       |
|    total_timesteps      | 978944     |
| train/                  |            |
|    approx_kl            | 0.02162879 |
|    clip_fraction        | 0.0605     |
|    clip_range           | 0.2        |
|    entropy_loss         | -0.214     |
|    explained_variance   | 0.0684     |
|    learning_rate        | 0.0003     |
|    loss                 | 9.35       |
|    n_updates            | 4770       |
|    policy_gradient_loss | -0.00354   |
|    value_loss           | 20.8       |
----------------------------------------
FruitCounts | {'Fruit': 0, 'DecayFruit': 0, 'EnemyFruit': 0} |
------------------------------------------
| rollout/                |              |
|    ep_len_mean          | 441          |
|    ep_rew_mean          | 33.4         |
| time/                   |              |
|    fps                  | 196          |
|    iterations           | 479          |
|    time_elapsed         | 4992         |
|    total_timesteps      | 980992       |
| train/                  |              |
|    approx_kl            | 0.0054078205 |
|    clip_fraction        | 0.0492       |
|    clip_range           | 0.2          |
|    entropy_loss         | -0.203       |
|    explained_variance   | -0.186       |
|    learning_rate        | 0.0003       |
|    loss                 | 12.6         |
|    n_updates            | 4780         |
|    policy_gradient_loss | -0.0026      |
|    value_loss           | 17.8         |
------------------------------------------
FruitCounts | {'Fruit': 2, 'DecayFruit': 3, 'EnemyFruit': 0} |
-----------------------------------------
| rollout/                |             |
|    ep_len_mean          | 414         |
|    ep_rew_mean          | 30.8        |
| time/                   |             |
|    fps                  | 196         |
|    iterations           | 480         |
|    time_elapsed         | 5003        |
|    total_timesteps      | 983040      |
| train/                  |             |
|    approx_kl            | 0.005788015 |
|    clip_fraction        | 0.0499      |
|    clip_range           | 0.2         |
|    entropy_loss         | -0.226      |
|    explained_variance   | -0.0554     |
|    learning_rate        | 0.0003      |
|    loss                 | 5.14        |
|    n_updates            | 4790        |
|    policy_gradient_loss | -0.00192    |
|    value_loss           | 24.6        |
-----------------------------------------
FruitCounts | {'Fruit': 0, 'DecayFruit': 1, 'EnemyFruit': 1} |
-----------------------------------------
| rollout/                |             |
|    ep_len_mean          | 382         |
|    ep_rew_mean          | 30.3        |
| time/                   |             |
|    fps                  | 196         |
|    iterations           | 481         |
|    time_elapsed         | 5014        |
|    total_timesteps      | 985088      |
| train/                  |             |
|    approx_kl            | 0.011400919 |
|    clip_fraction        | 0.0659      |
|    clip_range           | 0.2         |
|    entropy_loss         | -0.227      |
|    explained_variance   | 0.0702      |
|    learning_rate        | 0.0003      |
|    loss                 | 10.8        |
|    n_updates            | 4800        |
|    policy_gradient_loss | -0.00324    |
|    value_loss           | 17.7        |
-----------------------------------------
FruitCounts | {'Fruit': 2, 'DecayFruit': 5, 'EnemyFruit': 3} |
---------------------------------------
| rollout/                |           |
|    ep_len_mean          | 391       |
|    ep_rew_mean          | 30.5      |
| time/                   |           |
|    fps                  | 196       |
|    iterations           | 482       |
|    time_elapsed         | 5024      |
|    total_timesteps      | 987136    |
| train/                  |           |
|    approx_kl            | 0.0066107 |
|    clip_fraction        | 0.0641    |
|    clip_range           | 0.2       |
|    entropy_loss         | -0.223    |
|    explained_variance   | -0.0538   |
|    learning_rate        | 0.0003    |
|    loss                 | 6.99      |
|    n_updates            | 4810      |
|    policy_gradient_loss | -0.00151  |
|    value_loss           | 17.1      |
---------------------------------------
FruitCounts | {'Fruit': 3, 'DecayFruit': 2, 'EnemyFruit': 4} |
------------------------------------------
| rollout/                |              |
|    ep_len_mean          | 369          |
|    ep_rew_mean          | 27.9         |
| time/                   |              |
|    fps                  | 196          |
|    iterations           | 483          |
|    time_elapsed         | 5034         |
|    total_timesteps      | 989184       |
| train/                  |              |
|    approx_kl            | 0.0059853806 |
|    clip_fraction        | 0.0502       |
|    clip_range           | 0.2          |
|    entropy_loss         | -0.208       |
|    explained_variance   | 0.161        |
|    learning_rate        | 0.0003       |
|    loss                 | 6.28         |
|    n_updates            | 4820         |
|    policy_gradient_loss | -0.000727    |
|    value_loss           | 11           |
------------------------------------------
FruitCounts | {'Fruit': 0, 'DecayFruit': 0, 'EnemyFruit': 0} |
-----------------------------------------
| rollout/                |             |
|    ep_len_mean          | 359         |
|    ep_rew_mean          | 27.4        |
| time/                   |             |
|    fps                  | 196         |
|    iterations           | 484         |
|    time_elapsed         | 5044        |
|    total_timesteps      | 991232      |
| train/                  |             |
|    approx_kl            | 0.011327809 |
|    clip_fraction        | 0.0682      |
|    clip_range           | 0.2         |
|    entropy_loss         | -0.222      |
|    explained_variance   | 0.0759      |
|    learning_rate        | 0.0003      |
|    loss                 | 6.3         |
|    n_updates            | 4830        |
|    policy_gradient_loss | -0.00195    |
|    value_loss           | 13.4        |
-----------------------------------------
FruitCounts | {'Fruit': 2, 'DecayFruit': 6, 'EnemyFruit': 2} |
----------------------------------------
| rollout/                |            |
|    ep_len_mean          | 348        |
|    ep_rew_mean          | 26.3       |
| time/                   |            |
|    fps                  | 196        |
|    iterations           | 485        |
|    time_elapsed         | 5054       |
|    total_timesteps      | 993280     |
| train/                  |            |
|    approx_kl            | 0.00890848 |
|    clip_fraction        | 0.066      |
|    clip_range           | 0.2        |
|    entropy_loss         | -0.225     |
|    explained_variance   | 0.0637     |
|    learning_rate        | 0.0003     |
|    loss                 | 2.84       |
|    n_updates            | 4840       |
|    policy_gradient_loss | -0.00163   |
|    value_loss           | 15.8       |
----------------------------------------
FruitCounts | {'Fruit': 0, 'DecayFruit': 4, 'EnemyFruit': 5} |
-----------------------------------------
| rollout/                |             |
|    ep_len_mean          | 354         |
|    ep_rew_mean          | 27.2        |
| time/                   |             |
|    fps                  | 196         |
|    iterations           | 486         |
|    time_elapsed         | 5065        |
|    total_timesteps      | 995328      |
| train/                  |             |
|    approx_kl            | 0.007811491 |
|    clip_fraction        | 0.0569      |
|    clip_range           | 0.2         |
|    entropy_loss         | -0.217      |
|    explained_variance   | -0.111      |
|    learning_rate        | 0.0003      |
|    loss                 | 7.12        |
|    n_updates            | 4850        |
|    policy_gradient_loss | -0.00355    |
|    value_loss           | 14.4        |
-----------------------------------------
FruitCounts | {'Fruit': 0, 'DecayFruit': 0, 'EnemyFruit': 0} |
-----------------------------------------
| rollout/                |             |
|    ep_len_mean          | 359         |
|    ep_rew_mean          | 29.5        |
| time/                   |             |
|    fps                  | 196         |
|    iterations           | 487         |
|    time_elapsed         | 5075        |
|    total_timesteps      | 997376      |
| train/                  |             |
|    approx_kl            | 0.006723627 |
|    clip_fraction        | 0.0484      |
|    clip_range           | 0.2         |
|    entropy_loss         | -0.208      |
|    explained_variance   | 0.0518      |
|    learning_rate        | 0.0003      |
|    loss                 | 7.69        |
|    n_updates            | 4860        |
|    policy_gradient_loss | -0.00174    |
|    value_loss           | 18.5        |
-----------------------------------------
FruitCounts | {'Fruit': 0, 'DecayFruit': 8, 'EnemyFruit': 9} |
------------------------------------------
| rollout/                |              |
|    ep_len_mean          | 349          |
|    ep_rew_mean          | 28.9         |
| time/                   |              |
|    fps                  | 196          |
|    iterations           | 488          |
|    time_elapsed         | 5085         |
|    total_timesteps      | 999424       |
| train/                  |              |
|    approx_kl            | 0.0050805225 |
|    clip_fraction        | 0.0417       |
|    clip_range           | 0.2          |
|    entropy_loss         | -0.215       |
|    explained_variance   | 0.0916       |
|    learning_rate        | 0.0003       |
|    loss                 | 9.63         |
|    n_updates            | 4870         |
|    policy_gradient_loss | -0.00231     |
|    value_loss           | 28.8         |
------------------------------------------
FruitCounts | {'Fruit': 1, 'DecayFruit': 5, 'EnemyFruit': 3} |
-----------------------------------------
| rollout/                |             |
|    ep_len_mean          | 350         |
|    ep_rew_mean          | 29.8        |
| time/                   |             |
|    fps                  | 196         |
|    iterations           | 489         |
|    time_elapsed         | 5096        |
|    total_timesteps      | 1001472     |
| train/                  |             |
|    approx_kl            | 0.008264654 |
|    clip_fraction        | 0.0646      |
|    clip_range           | 0.2         |
|    entropy_loss         | -0.198      |
|    explained_variance   | 0.115       |
|    learning_rate        | 0.0003      |
|    loss                 | 2.84        |
|    n_updates            | 4880        |
|    policy_gradient_loss | -0.00139    |
|    value_loss           | 11          |
-----------------------------------------
Average Reward: 7.86
Average Episode Length: 408.0
