/data/class/cs175/loon1/.conda/envs/rl/lib/python3.11/site-packages/pygame/pkgdata.py:25: UserWarning: pkg_resources is deprecated as an API. See https://setuptools.pypa.io/en/latest/pkg_resources.html. The pkg_resources package is slated for removal as early as 2025-11-30. Refrain from using this package or pin to Setuptools<81.
  from pkg_resources import resource_stream, resource_exists
2026-03-04 16:17:22.449618: I tensorflow/core/platform/cpu_feature_guard.cc:210] This TensorFlow binary is optimized to use available CPU instructions in performance-critical operations.
To enable the following instructions: AVX2 AVX512F FMA, in other operations, rebuild TensorFlow with the appropriate compiler flags.
Failed to create secure directory (/run/user/2302048/pulse): No such file or directory
No checkpoints found. Starting fresh training.
Using cuda device
Wrapping the env with a `Monitor` wrapper
Wrapping the env in a DummyVecEnv.
FruitCounts | {'Fruit': 0, 'DecayFruit': 0, 'EnemyFruit': 0} |
---------------------------------
| rollout/           |          |
|    ep_len_mean     | 21.8     |
|    ep_rew_mean     | -5.78    |
| time/              |          |
|    fps             | 63       |
|    iterations      | 1        |
|    time_elapsed    | 32       |
|    total_timesteps | 2048     |
---------------------------------
FruitCounts | {'Fruit': 0, 'DecayFruit': 0, 'EnemyFruit': 1} |
-----------------------------------------
| rollout/                |             |
|    ep_len_mean          | 24.1        |
|    ep_rew_mean          | -7.62       |
| time/                   |             |
|    fps                  | 66          |
|    iterations           | 2           |
|    time_elapsed         | 61          |
|    total_timesteps      | 4096        |
| train/                  |             |
|    approx_kl            | 0.012830413 |
|    clip_fraction        | 0.0553      |
|    clip_range           | 0.2         |
|    entropy_loss         | -1.38       |
|    explained_variance   | -0.00188    |
|    learning_rate        | 0.0003      |
|    loss                 | 135         |
|    n_updates            | 10          |
|    policy_gradient_loss | -0.00777    |
|    value_loss           | 77.5        |
-----------------------------------------
FruitCounts | {'Fruit': 0, 'DecayFruit': 0, 'EnemyFruit': 0} |
-----------------------------------------
| rollout/                |             |
|    ep_len_mean          | 23.6        |
|    ep_rew_mean          | -7.39       |
| time/                   |             |
|    fps                  | 65          |
|    iterations           | 3           |
|    time_elapsed         | 93          |
|    total_timesteps      | 6144        |
| train/                  |             |
|    approx_kl            | 0.010740392 |
|    clip_fraction        | 0.0611      |
|    clip_range           | 0.2         |
|    entropy_loss         | -1.34       |
|    explained_variance   | -0.00488    |
|    learning_rate        | 0.0003      |
|    loss                 | 4.41        |
|    n_updates            | 20          |
|    policy_gradient_loss | -0.0054     |
|    value_loss           | 74          |
-----------------------------------------
FruitCounts | {'Fruit': 0, 'DecayFruit': 0, 'EnemyFruit': 0} |
----------------------------------------
| rollout/                |            |
|    ep_len_mean          | 20         |
|    ep_rew_mean          | -5.26      |
| time/                   |            |
|    fps                  | 64         |
|    iterations           | 4          |
|    time_elapsed         | 126        |
|    total_timesteps      | 8192       |
| train/                  |            |
|    approx_kl            | 0.00912015 |
|    clip_fraction        | 0.0428     |
|    clip_range           | 0.2        |
|    entropy_loss         | -1.35      |
|    explained_variance   | 0.0332     |
|    learning_rate        | 0.0003     |
|    loss                 | 32.5       |
|    n_updates            | 30         |
|    policy_gradient_loss | -0.00697   |
|    value_loss           | 51         |
----------------------------------------
FruitCounts | {'Fruit': 0, 'DecayFruit': 0, 'EnemyFruit': 0} |
---------------------------------------
| rollout/                |           |
|    ep_len_mean          | 21        |
|    ep_rew_mean          | -7.79     |
| time/                   |           |
|    fps                  | 64        |
|    iterations           | 5         |
|    time_elapsed         | 158       |
|    total_timesteps      | 10240     |
| train/                  |           |
|    approx_kl            | 0.0101823 |
|    clip_fraction        | 0.0266    |
|    clip_range           | 0.2       |
|    entropy_loss         | -1.35     |
|    explained_variance   | 0.0353    |
|    learning_rate        | 0.0003    |
|    loss                 | 5.37      |
|    n_updates            | 40        |
|    policy_gradient_loss | -0.00514  |
|    value_loss           | 106       |
---------------------------------------
FruitCounts | {'Fruit': 0, 'DecayFruit': 0, 'EnemyFruit': 0} |
-----------------------------------------
| rollout/                |             |
|    ep_len_mean          | 24.9        |
|    ep_rew_mean          | -9.64       |
| time/                   |             |
|    fps                  | 65          |
|    iterations           | 6           |
|    time_elapsed         | 187         |
|    total_timesteps      | 12288       |
| train/                  |             |
|    approx_kl            | 0.010592304 |
|    clip_fraction        | 0.101       |
|    clip_range           | 0.2         |
|    entropy_loss         | -1.35       |
|    explained_variance   | -0.0338     |
|    learning_rate        | 0.0003      |
|    loss                 | 1.33        |
|    n_updates            | 50          |
|    policy_gradient_loss | -0.00477    |
|    value_loss           | 55.5        |
-----------------------------------------
FruitCounts | {'Fruit': 0, 'DecayFruit': 0, 'EnemyFruit': 1} |
-----------------------------------------
| rollout/                |             |
|    ep_len_mean          | 26.1        |
|    ep_rew_mean          | -8.64       |
| time/                   |             |
|    fps                  | 66          |
|    iterations           | 7           |
|    time_elapsed         | 214         |
|    total_timesteps      | 14336       |
| train/                  |             |
|    approx_kl            | 0.012162164 |
|    clip_fraction        | 0.119       |
|    clip_range           | 0.2         |
|    entropy_loss         | -1.32       |
|    explained_variance   | 0.0222      |
|    learning_rate        | 0.0003      |
|    loss                 | 1.7         |
|    n_updates            | 60          |
|    policy_gradient_loss | -0.00989    |
|    value_loss           | 9.66        |
-----------------------------------------
FruitCounts | {'Fruit': 0, 'DecayFruit': 0, 'EnemyFruit': 0} |
------------------------------------------
| rollout/                |              |
|    ep_len_mean          | 30.4         |
|    ep_rew_mean          | -8.29        |
| time/                   |              |
|    fps                  | 68           |
|    iterations           | 8            |
|    time_elapsed         | 238          |
|    total_timesteps      | 16384        |
| train/                  |              |
|    approx_kl            | 0.0061427345 |
|    clip_fraction        | 0.0391       |
|    clip_range           | 0.2          |
|    entropy_loss         | -1.31        |
|    explained_variance   | -0.027       |
|    learning_rate        | 0.0003       |
|    loss                 | 1.18         |
|    n_updates            | 70           |
|    policy_gradient_loss | -0.00529     |
|    value_loss           | 28.8         |
------------------------------------------
FruitCounts | {'Fruit': 0, 'DecayFruit': 0, 'EnemyFruit': 0} |
-----------------------------------------
| rollout/                |             |
|    ep_len_mean          | 34.4        |
|    ep_rew_mean          | -6.85       |
| time/                   |             |
|    fps                  | 70          |
|    iterations           | 9           |
|    time_elapsed         | 262         |
|    total_timesteps      | 18432       |
| train/                  |             |
|    approx_kl            | 0.008091729 |
|    clip_fraction        | 0.0712      |
|    clip_range           | 0.2         |
|    entropy_loss         | -1.3        |
|    explained_variance   | 0.00444     |
|    learning_rate        | 0.0003      |
|    loss                 | 22          |
|    n_updates            | 80          |
|    policy_gradient_loss | -0.00634    |
|    value_loss           | 36          |
-----------------------------------------
FruitCounts | {'Fruit': 0, 'DecayFruit': 0, 'EnemyFruit': 0} |
-----------------------------------------
| rollout/                |             |
|    ep_len_mean          | 39.4        |
|    ep_rew_mean          | -6.29       |
| time/                   |             |
|    fps                  | 72          |
|    iterations           | 10          |
|    time_elapsed         | 283         |
|    total_timesteps      | 20480       |
| train/                  |             |
|    approx_kl            | 0.006999149 |
|    clip_fraction        | 0.0543      |
|    clip_range           | 0.2         |
|    entropy_loss         | -1.26       |
|    explained_variance   | 0.0448      |
|    learning_rate        | 0.0003      |
|    loss                 | 54.5        |
|    n_updates            | 90          |
|    policy_gradient_loss | -0.00625    |
|    value_loss           | 34.5        |
-----------------------------------------
FruitCounts | {'Fruit': 0, 'DecayFruit': 0, 'EnemyFruit': 0} |
------------------------------------------
| rollout/                |              |
|    ep_len_mean          | 42.4         |
|    ep_rew_mean          | -4.76        |
| time/                   |              |
|    fps                  | 73           |
|    iterations           | 11           |
|    time_elapsed         | 305          |
|    total_timesteps      | 22528        |
| train/                  |              |
|    approx_kl            | 0.0099355765 |
|    clip_fraction        | 0.0682       |
|    clip_range           | 0.2          |
|    entropy_loss         | -1.29        |
|    explained_variance   | 0.0514       |
|    learning_rate        | 0.0003       |
|    loss                 | 32.3         |
|    n_updates            | 100          |
|    policy_gradient_loss | -0.00647     |
|    value_loss           | 50.8         |
------------------------------------------
FruitCounts | {'Fruit': 0, 'DecayFruit': 0, 'EnemyFruit': 0} |
-----------------------------------------
| rollout/                |             |
|    ep_len_mean          | 41.5        |
|    ep_rew_mean          | -4.44       |
| time/                   |             |
|    fps                  | 74          |
|    iterations           | 12          |
|    time_elapsed         | 327         |
|    total_timesteps      | 24576       |
| train/                  |             |
|    approx_kl            | 0.006411913 |
|    clip_fraction        | 0.0355      |
|    clip_range           | 0.2         |
|    entropy_loss         | -1.27       |
|    explained_variance   | 0.0498      |
|    learning_rate        | 0.0003      |
|    loss                 | 92.3        |
|    n_updates            | 110         |
|    policy_gradient_loss | -0.00415    |
|    value_loss           | 122         |
-----------------------------------------
FruitCounts | {'Fruit': 0, 'DecayFruit': 0, 'EnemyFruit': 0} |
------------------------------------------
| rollout/                |              |
|    ep_len_mean          | 40.4         |
|    ep_rew_mean          | -6.37        |
| time/                   |              |
|    fps                  | 75           |
|    iterations           | 13           |
|    time_elapsed         | 351          |
|    total_timesteps      | 26624        |
| train/                  |              |
|    approx_kl            | 0.0069946703 |
|    clip_fraction        | 0.0343       |
|    clip_range           | 0.2          |
|    entropy_loss         | -1.26        |
|    explained_variance   | -0.0494      |
|    learning_rate        | 0.0003       |
|    loss                 | 5.04         |
|    n_updates            | 120          |
|    policy_gradient_loss | -0.00649     |
|    value_loss           | 56.1         |
------------------------------------------
FruitCounts | {'Fruit': 0, 'DecayFruit': 0, 'EnemyFruit': 0} |
-----------------------------------------
| rollout/                |             |
|    ep_len_mean          | 47.1        |
|    ep_rew_mean          | -6.37       |
| time/                   |             |
|    fps                  | 77          |
|    iterations           | 14          |
|    time_elapsed         | 369         |
|    total_timesteps      | 28672       |
| train/                  |             |
|    approx_kl            | 0.010419922 |
|    clip_fraction        | 0.1         |
|    clip_range           | 0.2         |
|    entropy_loss         | -1.23       |
|    explained_variance   | -0.0678     |
|    learning_rate        | 0.0003      |
|    loss                 | 6.25        |
|    n_updates            | 130         |
|    policy_gradient_loss | -0.00813    |
|    value_loss           | 18.2        |
-----------------------------------------
FruitCounts | {'Fruit': 0, 'DecayFruit': 0, 'EnemyFruit': 0} |
-----------------------------------------
| rollout/                |             |
|    ep_len_mean          | 52.2        |
|    ep_rew_mean          | -2.87       |
| time/                   |             |
|    fps                  | 78          |
|    iterations           | 15          |
|    time_elapsed         | 389         |
|    total_timesteps      | 30720       |
| train/                  |             |
|    approx_kl            | 0.009801196 |
|    clip_fraction        | 0.13        |
|    clip_range           | 0.2         |
|    entropy_loss         | -1.21       |
|    explained_variance   | -0.0146     |
|    learning_rate        | 0.0003      |
|    loss                 | 111         |
|    n_updates            | 140         |
|    policy_gradient_loss | -0.0112     |
|    value_loss           | 61.7        |
-----------------------------------------
FruitCounts | {'Fruit': 0, 'DecayFruit': 0, 'EnemyFruit': 1} |
-----------------------------------------
| rollout/                |             |
|    ep_len_mean          | 61.1        |
|    ep_rew_mean          | -0.168      |
| time/                   |             |
|    fps                  | 80          |
|    iterations           | 16          |
|    time_elapsed         | 406         |
|    total_timesteps      | 32768       |
| train/                  |             |
|    approx_kl            | 0.009925175 |
|    clip_fraction        | 0.0678      |
|    clip_range           | 0.2         |
|    entropy_loss         | -1.2        |
|    explained_variance   | -0.0214     |
|    learning_rate        | 0.0003      |
|    loss                 | 83.3        |
|    n_updates            | 150         |
|    policy_gradient_loss | -0.00804    |
|    value_loss           | 86.5        |
-----------------------------------------
FruitCounts | {'Fruit': 0, 'DecayFruit': 0, 'EnemyFruit': 0} |
------------------------------------------
| rollout/                |              |
|    ep_len_mean          | 59.2         |
|    ep_rew_mean          | 0.555        |
| time/                   |              |
|    fps                  | 81           |
|    iterations           | 17           |
|    time_elapsed         | 425          |
|    total_timesteps      | 34816        |
| train/                  |              |
|    approx_kl            | 0.0063632093 |
|    clip_fraction        | 0.0555       |
|    clip_range           | 0.2          |
|    entropy_loss         | -1.16        |
|    explained_variance   | 0.0144       |
|    learning_rate        | 0.0003       |
|    loss                 | 20.2         |
|    n_updates            | 160          |
|    policy_gradient_loss | -0.00624     |
|    value_loss           | 75.3         |
------------------------------------------
FruitCounts | {'Fruit': 0, 'DecayFruit': 0, 'EnemyFruit': 0} |
-----------------------------------------
| rollout/                |             |
|    ep_len_mean          | 68.1        |
|    ep_rew_mean          | 2.81        |
| time/                   |             |
|    fps                  | 83          |
|    iterations           | 18          |
|    time_elapsed         | 441         |
|    total_timesteps      | 36864       |
| train/                  |             |
|    approx_kl            | 0.008036941 |
|    clip_fraction        | 0.0755      |
|    clip_range           | 0.2         |
|    entropy_loss         | -1.15       |
|    explained_variance   | 0.0479      |
|    learning_rate        | 0.0003      |
|    loss                 | 21          |
|    n_updates            | 170         |
|    policy_gradient_loss | -0.0065     |
|    value_loss           | 69.2        |
-----------------------------------------
FruitCounts | {'Fruit': 0, 'DecayFruit': 1, 'EnemyFruit': 3} |
------------------------------------------
| rollout/                |              |
|    ep_len_mean          | 78           |
|    ep_rew_mean          | 0.268        |
| time/                   |              |
|    fps                  | 85           |
|    iterations           | 19           |
|    time_elapsed         | 455          |
|    total_timesteps      | 38912        |
| train/                  |              |
|    approx_kl            | 0.0077738375 |
|    clip_fraction        | 0.0611       |
|    clip_range           | 0.2          |
|    entropy_loss         | -1.16        |
|    explained_variance   | 0.00714      |
|    learning_rate        | 0.0003       |
|    loss                 | 53.8         |
|    n_updates            | 180          |
|    policy_gradient_loss | -0.00748     |
|    value_loss           | 97.9         |
------------------------------------------
FruitCounts | {'Fruit': 0, 'DecayFruit': 0, 'EnemyFruit': 1} |
-----------------------------------------
| rollout/                |             |
|    ep_len_mean          | 88.8        |
|    ep_rew_mean          | 0.549       |
| time/                   |             |
|    fps                  | 87          |
|    iterations           | 20          |
|    time_elapsed         | 469         |
|    total_timesteps      | 40960       |
| train/                  |             |
|    approx_kl            | 0.010982418 |
|    clip_fraction        | 0.124       |
|    clip_range           | 0.2         |
|    entropy_loss         | -1.14       |
|    explained_variance   | 0.0583      |
|    learning_rate        | 0.0003      |
|    loss                 | 21.3        |
|    n_updates            | 190         |
|    policy_gradient_loss | -0.00955    |
|    value_loss           | 69.1        |
-----------------------------------------
FruitCounts | {'Fruit': 0, 'DecayFruit': 0, 'EnemyFruit': 0} |
-----------------------------------------
| rollout/                |             |
|    ep_len_mean          | 95.9        |
|    ep_rew_mean          | 1.21        |
| time/                   |             |
|    fps                  | 88          |
|    iterations           | 21          |
|    time_elapsed         | 485         |
|    total_timesteps      | 43008       |
| train/                  |             |
|    approx_kl            | 0.012516392 |
|    clip_fraction        | 0.147       |
|    clip_range           | 0.2         |
|    entropy_loss         | -1.12       |
|    explained_variance   | 0.0967      |
|    learning_rate        | 0.0003      |
|    loss                 | 102         |
|    n_updates            | 200         |
|    policy_gradient_loss | -0.00982    |
|    value_loss           | 40.6        |
-----------------------------------------
FruitCounts | {'Fruit': 0, 'DecayFruit': 0, 'EnemyFruit': 1} |
------------------------------------------
| rollout/                |              |
|    ep_len_mean          | 101          |
|    ep_rew_mean          | 2.15         |
| time/                   |              |
|    fps                  | 89           |
|    iterations           | 22           |
|    time_elapsed         | 501          |
|    total_timesteps      | 45056        |
| train/                  |              |
|    approx_kl            | 0.0075567393 |
|    clip_fraction        | 0.0464       |
|    clip_range           | 0.2          |
|    entropy_loss         | -1.07        |
|    explained_variance   | 0.131        |
|    learning_rate        | 0.0003       |
|    loss                 | 40.5         |
|    n_updates            | 210          |
|    policy_gradient_loss | -0.00515     |
|    value_loss           | 52.4         |
------------------------------------------
FruitCounts | {'Fruit': 0, 'DecayFruit': 0, 'EnemyFruit': 0} |
-----------------------------------------
| rollout/                |             |
|    ep_len_mean          | 110         |
|    ep_rew_mean          | 1.37        |
| time/                   |             |
|    fps                  | 91          |
|    iterations           | 23          |
|    time_elapsed         | 514         |
|    total_timesteps      | 47104       |
| train/                  |             |
|    approx_kl            | 0.008658364 |
|    clip_fraction        | 0.0833      |
|    clip_range           | 0.2         |
|    entropy_loss         | -1.07       |
|    explained_variance   | 0.0193      |
|    learning_rate        | 0.0003      |
|    loss                 | 45          |
|    n_updates            | 220         |
|    policy_gradient_loss | -0.00725    |
|    value_loss           | 109         |
-----------------------------------------
FruitCounts | {'Fruit': 0, 'DecayFruit': 0, 'EnemyFruit': 2} |
-----------------------------------------
| rollout/                |             |
|    ep_len_mean          | 119         |
|    ep_rew_mean          | 2.02        |
| time/                   |             |
|    fps                  | 93          |
|    iterations           | 24          |
|    time_elapsed         | 527         |
|    total_timesteps      | 49152       |
| train/                  |             |
|    approx_kl            | 0.011663051 |
|    clip_fraction        | 0.11        |
|    clip_range           | 0.2         |
|    entropy_loss         | -1.04       |
|    explained_variance   | 0.067       |
|    learning_rate        | 0.0003      |
|    loss                 | 5.18        |
|    n_updates            | 230         |
|    policy_gradient_loss | -0.00774    |
|    value_loss           | 43.6        |
-----------------------------------------
FruitCounts | {'Fruit': 1, 'DecayFruit': 0, 'EnemyFruit': 1} |
-----------------------------------------
| rollout/                |             |
|    ep_len_mean          | 122         |
|    ep_rew_mean          | 1.6         |
| time/                   |             |
|    fps                  | 94          |
|    iterations           | 25          |
|    time_elapsed         | 539         |
|    total_timesteps      | 51200       |
| train/                  |             |
|    approx_kl            | 0.010114962 |
|    clip_fraction        | 0.0838      |
|    clip_range           | 0.2         |
|    entropy_loss         | -1.04       |
|    explained_variance   | -0.0691     |
|    learning_rate        | 0.0003      |
|    loss                 | 26.6        |
|    n_updates            | 240         |
|    policy_gradient_loss | -0.00273    |
|    value_loss           | 74.1        |
-----------------------------------------
FruitCounts | {'Fruit': 0, 'DecayFruit': 0, 'EnemyFruit': 2} |
------------------------------------------
| rollout/                |              |
|    ep_len_mean          | 131          |
|    ep_rew_mean          | 1.86         |
| time/                   |              |
|    fps                  | 96           |
|    iterations           | 26           |
|    time_elapsed         | 553          |
|    total_timesteps      | 53248        |
| train/                  |              |
|    approx_kl            | 0.0109822415 |
|    clip_fraction        | 0.119        |
|    clip_range           | 0.2          |
|    entropy_loss         | -1.02        |
|    explained_variance   | 0.0203       |
|    learning_rate        | 0.0003       |
|    loss                 | 1.78         |
|    n_updates            | 250          |
|    policy_gradient_loss | -0.00577     |
|    value_loss           | 7.93         |
------------------------------------------
FruitCounts | {'Fruit': 0, 'DecayFruit': 0, 'EnemyFruit': 0} |
-----------------------------------------
| rollout/                |             |
|    ep_len_mean          | 136         |
|    ep_rew_mean          | 4.72        |
| time/                   |             |
|    fps                  | 97          |
|    iterations           | 27          |
|    time_elapsed         | 566         |
|    total_timesteps      | 55296       |
| train/                  |             |
|    approx_kl            | 0.008683966 |
|    clip_fraction        | 0.0813      |
|    clip_range           | 0.2         |
|    entropy_loss         | -1.02       |
|    explained_variance   | -0.0506     |
|    learning_rate        | 0.0003      |
|    loss                 | 94          |
|    n_updates            | 260         |
|    policy_gradient_loss | -0.00583    |
|    value_loss           | 64.9        |
-----------------------------------------
FruitCounts | {'Fruit': 0, 'DecayFruit': 0, 'EnemyFruit': 1} |
-----------------------------------------
| rollout/                |             |
|    ep_len_mean          | 137         |
|    ep_rew_mean          | 4.08        |
| time/                   |             |
|    fps                  | 98          |
|    iterations           | 28          |
|    time_elapsed         | 581         |
|    total_timesteps      | 57344       |
| train/                  |             |
|    approx_kl            | 0.009234211 |
|    clip_fraction        | 0.0805      |
|    clip_range           | 0.2         |
|    entropy_loss         | -1.01       |
|    explained_variance   | -0.0407     |
|    learning_rate        | 0.0003      |
|    loss                 | 25.3        |
|    n_updates            | 270         |
|    policy_gradient_loss | -0.00553    |
|    value_loss           | 58.8        |
-----------------------------------------
FruitCounts | {'Fruit': 0, 'DecayFruit': 0, 'EnemyFruit': 1} |
-----------------------------------------
| rollout/                |             |
|    ep_len_mean          | 150         |
|    ep_rew_mean          | 6.46        |
| time/                   |             |
|    fps                  | 99          |
|    iterations           | 29          |
|    time_elapsed         | 594         |
|    total_timesteps      | 59392       |
| train/                  |             |
|    approx_kl            | 0.008875081 |
|    clip_fraction        | 0.0985      |
|    clip_range           | 0.2         |
|    entropy_loss         | -1.01       |
|    explained_variance   | 0.0363      |
|    learning_rate        | 0.0003      |
|    loss                 | 24.5        |
|    n_updates            | 280         |
|    policy_gradient_loss | -0.00894    |
|    value_loss           | 63.1        |
-----------------------------------------
FruitCounts | {'Fruit': 0, 'DecayFruit': 2, 'EnemyFruit': 0} |
----------------------------------------
| rollout/                |            |
|    ep_len_mean          | 150        |
|    ep_rew_mean          | 7.92       |
| time/                   |            |
|    fps                  | 100        |
|    iterations           | 30         |
|    time_elapsed         | 608        |
|    total_timesteps      | 61440      |
| train/                  |            |
|    approx_kl            | 0.01032234 |
|    clip_fraction        | 0.0891     |
|    clip_range           | 0.2        |
|    entropy_loss         | -0.969     |
|    explained_variance   | -0.0148    |
|    learning_rate        | 0.0003     |
|    loss                 | 42.8       |
|    n_updates            | 290        |
|    policy_gradient_loss | -0.00858   |
|    value_loss           | 84.5       |
----------------------------------------
FruitCounts | {'Fruit': 0, 'DecayFruit': 0, 'EnemyFruit': 0} |
----------------------------------------
| rollout/                |            |
|    ep_len_mean          | 141        |
|    ep_rew_mean          | 6.91       |
| time/                   |            |
|    fps                  | 101        |
|    iterations           | 31         |
|    time_elapsed         | 623        |
|    total_timesteps      | 63488      |
| train/                  |            |
|    approx_kl            | 0.00980781 |
|    clip_fraction        | 0.118      |
|    clip_range           | 0.2        |
|    entropy_loss         | -0.961     |
|    explained_variance   | 0.0448     |
|    learning_rate        | 0.0003     |
|    loss                 | 43.7       |
|    n_updates            | 300        |
|    policy_gradient_loss | -0.00831   |
|    value_loss           | 131        |
----------------------------------------
FruitCounts | {'Fruit': 1, 'DecayFruit': 0, 'EnemyFruit': 0} |
-----------------------------------------
| rollout/                |             |
|    ep_len_mean          | 131         |
|    ep_rew_mean          | 5.9         |
| time/                   |             |
|    fps                  | 102         |
|    iterations           | 32          |
|    time_elapsed         | 637         |
|    total_timesteps      | 65536       |
| train/                  |             |
|    approx_kl            | 0.007067813 |
|    clip_fraction        | 0.0657      |
|    clip_range           | 0.2         |
|    entropy_loss         | -0.961      |
|    explained_variance   | -0.0543     |
|    learning_rate        | 0.0003      |
|    loss                 | 18.3        |
|    n_updates            | 310         |
|    policy_gradient_loss | -0.00201    |
|    value_loss           | 51.6        |
-----------------------------------------
FruitCounts | {'Fruit': 2, 'DecayFruit': 0, 'EnemyFruit': 5} |
-----------------------------------------
| rollout/                |             |
|    ep_len_mean          | 120         |
|    ep_rew_mean          | 3.45        |
| time/                   |             |
|    fps                  | 103         |
|    iterations           | 33          |
|    time_elapsed         | 651         |
|    total_timesteps      | 67584       |
| train/                  |             |
|    approx_kl            | 0.007954935 |
|    clip_fraction        | 0.0589      |
|    clip_range           | 0.2         |
|    entropy_loss         | -0.942      |
|    explained_variance   | 0.0562      |
|    learning_rate        | 0.0003      |
|    loss                 | 31.9        |
|    n_updates            | 320         |
|    policy_gradient_loss | -0.00472    |
|    value_loss           | 43.1        |
-----------------------------------------
FruitCounts | {'Fruit': 0, 'DecayFruit': 0, 'EnemyFruit': 0} |
------------------------------------------
| rollout/                |              |
|    ep_len_mean          | 141          |
|    ep_rew_mean          | 6.67         |
| time/                   |              |
|    fps                  | 105          |
|    iterations           | 34           |
|    time_elapsed         | 663          |
|    total_timesteps      | 69632        |
| train/                  |              |
|    approx_kl            | 0.0123467585 |
|    clip_fraction        | 0.116        |
|    clip_range           | 0.2          |
|    entropy_loss         | -0.968       |
|    explained_variance   | 0.286        |
|    learning_rate        | 0.0003       |
|    loss                 | 13.5         |
|    n_updates            | 330          |
|    policy_gradient_loss | -0.011       |
|    value_loss           | 13.3         |
------------------------------------------
FruitCounts | {'Fruit': 1, 'DecayFruit': 1, 'EnemyFruit': 0} |
-----------------------------------------
| rollout/                |             |
|    ep_len_mean          | 151         |
|    ep_rew_mean          | 8.75        |
| time/                   |             |
|    fps                  | 105         |
|    iterations           | 35          |
|    time_elapsed         | 676         |
|    total_timesteps      | 71680       |
| train/                  |             |
|    approx_kl            | 0.008687635 |
|    clip_fraction        | 0.0816      |
|    clip_range           | 0.2         |
|    entropy_loss         | -0.989      |
|    explained_variance   | -0.069      |
|    learning_rate        | 0.0003      |
|    loss                 | 82          |
|    n_updates            | 340         |
|    policy_gradient_loss | -0.00464    |
|    value_loss           | 102         |
-----------------------------------------
FruitCounts | {'Fruit': 0, 'DecayFruit': 1, 'EnemyFruit': 1} |
-----------------------------------------
| rollout/                |             |
|    ep_len_mean          | 149         |
|    ep_rew_mean          | 9.92        |
| time/                   |             |
|    fps                  | 107         |
|    iterations           | 36          |
|    time_elapsed         | 688         |
|    total_timesteps      | 73728       |
| train/                  |             |
|    approx_kl            | 0.007847956 |
|    clip_fraction        | 0.0715      |
|    clip_range           | 0.2         |
|    entropy_loss         | -0.933      |
|    explained_variance   | 0.00741     |
|    learning_rate        | 0.0003      |
|    loss                 | 24.4        |
|    n_updates            | 350         |
|    policy_gradient_loss | -0.00583    |
|    value_loss           | 73.5        |
-----------------------------------------
FruitCounts | {'Fruit': 0, 'DecayFruit': 1, 'EnemyFruit': 1} |
-----------------------------------------
| rollout/                |             |
|    ep_len_mean          | 151         |
|    ep_rew_mean          | 10.5        |
| time/                   |             |
|    fps                  | 108         |
|    iterations           | 37          |
|    time_elapsed         | 701         |
|    total_timesteps      | 75776       |
| train/                  |             |
|    approx_kl            | 0.008596739 |
|    clip_fraction        | 0.0916      |
|    clip_range           | 0.2         |
|    entropy_loss         | -0.91       |
|    explained_variance   | 0.0253      |
|    learning_rate        | 0.0003      |
|    loss                 | 27.7        |
|    n_updates            | 360         |
|    policy_gradient_loss | -0.00822    |
|    value_loss           | 70.9        |
-----------------------------------------
FruitCounts | {'Fruit': 1, 'DecayFruit': 0, 'EnemyFruit': 3} |
-----------------------------------------
| rollout/                |             |
|    ep_len_mean          | 164         |
|    ep_rew_mean          | 8.32        |
| time/                   |             |
|    fps                  | 109         |
|    iterations           | 38          |
|    time_elapsed         | 713         |
|    total_timesteps      | 77824       |
| train/                  |             |
|    approx_kl            | 0.006491975 |
|    clip_fraction        | 0.0806      |
|    clip_range           | 0.2         |
|    entropy_loss         | -0.912      |
|    explained_variance   | -0.0413     |
|    learning_rate        | 0.0003      |
|    loss                 | 4.65        |
|    n_updates            | 370         |
|    policy_gradient_loss | -0.00433    |
|    value_loss           | 51.6        |
-----------------------------------------
FruitCounts | {'Fruit': 0, 'DecayFruit': 0, 'EnemyFruit': 1} |
------------------------------------------
| rollout/                |              |
|    ep_len_mean          | 176          |
|    ep_rew_mean          | 7.84         |
| time/                   |              |
|    fps                  | 110          |
|    iterations           | 39           |
|    time_elapsed         | 725          |
|    total_timesteps      | 79872        |
| train/                  |              |
|    approx_kl            | 0.0100467075 |
|    clip_fraction        | 0.117        |
|    clip_range           | 0.2          |
|    entropy_loss         | -0.934       |
|    explained_variance   | -0.0837      |
|    learning_rate        | 0.0003       |
|    loss                 | 6.14         |
|    n_updates            | 380          |
|    policy_gradient_loss | -0.00546     |
|    value_loss           | 21.9         |
------------------------------------------
FruitCounts | {'Fruit': 1, 'DecayFruit': 1, 'EnemyFruit': 4} |
-----------------------------------------
| rollout/                |             |
|    ep_len_mean          | 178         |
|    ep_rew_mean          | 9.65        |
| time/                   |             |
|    fps                  | 111         |
|    iterations           | 40          |
|    time_elapsed         | 735         |
|    total_timesteps      | 81920       |
| train/                  |             |
|    approx_kl            | 0.007072638 |
|    clip_fraction        | 0.0758      |
|    clip_range           | 0.2         |
|    entropy_loss         | -0.914      |
|    explained_variance   | -0.00558    |
|    learning_rate        | 0.0003      |
|    loss                 | 12.8        |
|    n_updates            | 390         |
|    policy_gradient_loss | -0.00529    |
|    value_loss           | 46.4        |
-----------------------------------------
FruitCounts | {'Fruit': 0, 'DecayFruit': 3, 'EnemyFruit': 1} |
-----------------------------------------
| rollout/                |             |
|    ep_len_mean          | 186         |
|    ep_rew_mean          | 11.1        |
| time/                   |             |
|    fps                  | 111         |
|    iterations           | 41          |
|    time_elapsed         | 749         |
|    total_timesteps      | 83968       |
| train/                  |             |
|    approx_kl            | 0.010165023 |
|    clip_fraction        | 0.0912      |
|    clip_range           | 0.2         |
|    entropy_loss         | -0.925      |
|    explained_variance   | -0.0226     |
|    learning_rate        | 0.0003      |
|    loss                 | 4.62        |
|    n_updates            | 400         |
|    policy_gradient_loss | -0.00288    |
|    value_loss           | 74.7        |
-----------------------------------------
FruitCounts | {'Fruit': 0, 'DecayFruit': 3, 'EnemyFruit': 2} |
------------------------------------------
| rollout/                |              |
|    ep_len_mean          | 197          |
|    ep_rew_mean          | 16.2         |
| time/                   |              |
|    fps                  | 112          |
|    iterations           | 42           |
|    time_elapsed         | 764          |
|    total_timesteps      | 86016        |
| train/                  |              |
|    approx_kl            | 0.0091914795 |
|    clip_fraction        | 0.0738       |
|    clip_range           | 0.2          |
|    entropy_loss         | -0.895       |
|    explained_variance   | 0.0111       |
|    learning_rate        | 0.0003       |
|    loss                 | 68.6         |
|    n_updates            | 410          |
|    policy_gradient_loss | -0.00744     |
|    value_loss           | 118          |
------------------------------------------
FruitCounts | {'Fruit': 0, 'DecayFruit': 0, 'EnemyFruit': 0} |
-----------------------------------------
| rollout/                |             |
|    ep_len_mean          | 211         |
|    ep_rew_mean          | 21.2        |
| time/                   |             |
|    fps                  | 113         |
|    iterations           | 43          |
|    time_elapsed         | 776         |
|    total_timesteps      | 88064       |
| train/                  |             |
|    approx_kl            | 0.007206098 |
|    clip_fraction        | 0.049       |
|    clip_range           | 0.2         |
|    entropy_loss         | -0.872      |
|    explained_variance   | -0.0121     |
|    learning_rate        | 0.0003      |
|    loss                 | 49.8        |
|    n_updates            | 420         |
|    policy_gradient_loss | -0.00607    |
|    value_loss           | 140         |
-----------------------------------------
FruitCounts | {'Fruit': 0, 'DecayFruit': 0, 'EnemyFruit': 1} |
------------------------------------------
| rollout/                |              |
|    ep_len_mean          | 202          |
|    ep_rew_mean          | 21.4         |
| time/                   |              |
|    fps                  | 114          |
|    iterations           | 44           |
|    time_elapsed         | 788          |
|    total_timesteps      | 90112        |
| train/                  |              |
|    approx_kl            | 0.0046788994 |
|    clip_fraction        | 0.054        |
|    clip_range           | 0.2          |
|    entropy_loss         | -0.897       |
|    explained_variance   | -0.0139      |
|    learning_rate        | 0.0003       |
|    loss                 | 49.9         |
|    n_updates            | 430          |
|    policy_gradient_loss | -0.00534     |
|    value_loss           | 120          |
------------------------------------------
FruitCounts | {'Fruit': 0, 'DecayFruit': 0, 'EnemyFruit': 0} |
----------------------------------------
| rollout/                |            |
|    ep_len_mean          | 213        |
|    ep_rew_mean          | 22.5       |
| time/                   |            |
|    fps                  | 115        |
|    iterations           | 45         |
|    time_elapsed         | 800        |
|    total_timesteps      | 92160      |
| train/                  |            |
|    approx_kl            | 0.00794794 |
|    clip_fraction        | 0.0859     |
|    clip_range           | 0.2        |
|    entropy_loss         | -0.891     |
|    explained_variance   | 0.0439     |
|    learning_rate        | 0.0003     |
|    loss                 | 62.8       |
|    n_updates            | 440        |
|    policy_gradient_loss | -0.00478   |
|    value_loss           | 91.8       |
----------------------------------------
FruitCounts | {'Fruit': 0, 'DecayFruit': 1, 'EnemyFruit': 0} |
-----------------------------------------
| rollout/                |             |
|    ep_len_mean          | 212         |
|    ep_rew_mean          | 16.7        |
| time/                   |             |
|    fps                  | 115         |
|    iterations           | 46          |
|    time_elapsed         | 813         |
|    total_timesteps      | 94208       |
| train/                  |             |
|    approx_kl            | 0.006660494 |
|    clip_fraction        | 0.0663      |
|    clip_range           | 0.2         |
|    entropy_loss         | -0.893      |
|    explained_variance   | 0.131       |
|    learning_rate        | 0.0003      |
|    loss                 | 6.62        |
|    n_updates            | 450         |
|    policy_gradient_loss | -0.00394    |
|    value_loss           | 75          |
-----------------------------------------
FruitCounts | {'Fruit': 0, 'DecayFruit': 1, 'EnemyFruit': 1} |
-----------------------------------------
| rollout/                |             |
|    ep_len_mean          | 215         |
|    ep_rew_mean          | 19.2        |
| time/                   |             |
|    fps                  | 116         |
|    iterations           | 47          |
|    time_elapsed         | 824         |
|    total_timesteps      | 96256       |
| train/                  |             |
|    approx_kl            | 0.011250683 |
|    clip_fraction        | 0.126       |
|    clip_range           | 0.2         |
|    entropy_loss         | -0.879      |
|    explained_variance   | -0.0814     |
|    learning_rate        | 0.0003      |
|    loss                 | 14.1        |
|    n_updates            | 460         |
|    policy_gradient_loss | -0.0072     |
|    value_loss           | 33.1        |
-----------------------------------------
FruitCounts | {'Fruit': 0, 'DecayFruit': 0, 'EnemyFruit': 2} |
-----------------------------------------
| rollout/                |             |
|    ep_len_mean          | 212         |
|    ep_rew_mean          | 25          |
| time/                   |             |
|    fps                  | 117         |
|    iterations           | 48          |
|    time_elapsed         | 837         |
|    total_timesteps      | 98304       |
| train/                  |             |
|    approx_kl            | 0.008251755 |
|    clip_fraction        | 0.0764      |
|    clip_range           | 0.2         |
|    entropy_loss         | -0.875      |
|    explained_variance   | 0.0032      |
|    learning_rate        | 0.0003      |
|    loss                 | 125         |
|    n_updates            | 470         |
|    policy_gradient_loss | -0.00466    |
|    value_loss           | 145         |
-----------------------------------------
FruitCounts | {'Fruit': 0, 'DecayFruit': 1, 'EnemyFruit': 0} |
-----------------------------------------
| rollout/                |             |
|    ep_len_mean          | 211         |
|    ep_rew_mean          | 24.2        |
| time/                   |             |
|    fps                  | 118         |
|    iterations           | 49          |
|    time_elapsed         | 849         |
|    total_timesteps      | 100352      |
| train/                  |             |
|    approx_kl            | 0.004409706 |
|    clip_fraction        | 0.0425      |
|    clip_range           | 0.2         |
|    entropy_loss         | -0.874      |
|    explained_variance   | 0.0307      |
|    learning_rate        | 0.0003      |
|    loss                 | 244         |
|    n_updates            | 480         |
|    policy_gradient_loss | -0.00198    |
|    value_loss           | 265         |
-----------------------------------------
FruitCounts | {'Fruit': 0, 'DecayFruit': 0, 'EnemyFruit': 0} |
-----------------------------------------
| rollout/                |             |
|    ep_len_mean          | 214         |
|    ep_rew_mean          | 27.5        |
| time/                   |             |
|    fps                  | 118         |
|    iterations           | 50          |
|    time_elapsed         | 861         |
|    total_timesteps      | 102400      |
| train/                  |             |
|    approx_kl            | 0.010298002 |
|    clip_fraction        | 0.0939      |
|    clip_range           | 0.2         |
|    entropy_loss         | -0.822      |
|    explained_variance   | 0.0923      |
|    learning_rate        | 0.0003      |
|    loss                 | 83.1        |
|    n_updates            | 490         |
|    policy_gradient_loss | -0.00673    |
|    value_loss           | 55.6        |
-----------------------------------------
FruitCounts | {'Fruit': 0, 'DecayFruit': 0, 'EnemyFruit': 0} |
------------------------------------------
| rollout/                |              |
|    ep_len_mean          | 218          |
|    ep_rew_mean          | 30.1         |
| time/                   |              |
|    fps                  | 119          |
|    iterations           | 51           |
|    time_elapsed         | 873          |
|    total_timesteps      | 104448       |
| train/                  |              |
|    approx_kl            | 0.0077143516 |
|    clip_fraction        | 0.0742       |
|    clip_range           | 0.2          |
|    entropy_loss         | -0.806       |
|    explained_variance   | 0.00337      |
|    learning_rate        | 0.0003       |
|    loss                 | 89.3         |
|    n_updates            | 500          |
|    policy_gradient_loss | -0.00607     |
|    value_loss           | 112          |
------------------------------------------
FruitCounts | {'Fruit': 2, 'DecayFruit': 0, 'EnemyFruit': 2} |
-----------------------------------------
| rollout/                |             |
|    ep_len_mean          | 223         |
|    ep_rew_mean          | 30.8        |
| time/                   |             |
|    fps                  | 120         |
|    iterations           | 52          |
|    time_elapsed         | 885         |
|    total_timesteps      | 106496      |
| train/                  |             |
|    approx_kl            | 0.008570755 |
|    clip_fraction        | 0.0722      |
|    clip_range           | 0.2         |
|    entropy_loss         | -0.799      |
|    explained_variance   | 0.103       |
|    learning_rate        | 0.0003      |
|    loss                 | 45.6        |
|    n_updates            | 510         |
|    policy_gradient_loss | -0.00615    |
|    value_loss           | 111         |
-----------------------------------------
FruitCounts | {'Fruit': 0, 'DecayFruit': 1, 'EnemyFruit': 1} |
------------------------------------------
| rollout/                |              |
|    ep_len_mean          | 238          |
|    ep_rew_mean          | 29.9         |
| time/                   |              |
|    fps                  | 121          |
|    iterations           | 53           |
|    time_elapsed         | 895          |
|    total_timesteps      | 108544       |
| train/                  |              |
|    approx_kl            | 0.0060353796 |
|    clip_fraction        | 0.0927       |
|    clip_range           | 0.2          |
|    entropy_loss         | -0.816       |
|    explained_variance   | 0.279        |
|    learning_rate        | 0.0003       |
|    loss                 | 12.9         |
|    n_updates            | 520          |
|    policy_gradient_loss | -0.00508     |
|    value_loss           | 33.1         |
------------------------------------------
FruitCounts | {'Fruit': 0, 'DecayFruit': 0, 'EnemyFruit': 0} |
-----------------------------------------
| rollout/                |             |
|    ep_len_mean          | 253         |
|    ep_rew_mean          | 31.2        |
| time/                   |             |
|    fps                  | 121         |
|    iterations           | 54          |
|    time_elapsed         | 908         |
|    total_timesteps      | 110592      |
| train/                  |             |
|    approx_kl            | 0.007945135 |
|    clip_fraction        | 0.089       |
|    clip_range           | 0.2         |
|    entropy_loss         | -0.814      |
|    explained_variance   | 0.055       |
|    learning_rate        | 0.0003      |
|    loss                 | 20.6        |
|    n_updates            | 530         |
|    policy_gradient_loss | -0.00612    |
|    value_loss           | 46.6        |
-----------------------------------------
FruitCounts | {'Fruit': 0, 'DecayFruit': 1, 'EnemyFruit': 2} |
------------------------------------------
| rollout/                |              |
|    ep_len_mean          | 261          |
|    ep_rew_mean          | 26.5         |
| time/                   |              |
|    fps                  | 122          |
|    iterations           | 55           |
|    time_elapsed         | 918          |
|    total_timesteps      | 112640       |
| train/                  |              |
|    approx_kl            | 0.0075406367 |
|    clip_fraction        | 0.109        |
|    clip_range           | 0.2          |
|    entropy_loss         | -0.845       |
|    explained_variance   | -0.0181      |
|    learning_rate        | 0.0003       |
|    loss                 | 32.7         |
|    n_updates            | 540          |
|    policy_gradient_loss | -0.00532     |
|    value_loss           | 37           |
------------------------------------------
FruitCounts | {'Fruit': 0, 'DecayFruit': 2, 'EnemyFruit': 5} |
------------------------------------------
| rollout/                |              |
|    ep_len_mean          | 261          |
|    ep_rew_mean          | 28           |
| time/                   |              |
|    fps                  | 123          |
|    iterations           | 56           |
|    time_elapsed         | 930          |
|    total_timesteps      | 114688       |
| train/                  |              |
|    approx_kl            | 0.0075536817 |
|    clip_fraction        | 0.111        |
|    clip_range           | 0.2          |
|    entropy_loss         | -0.812       |
|    explained_variance   | 0.134        |
|    learning_rate        | 0.0003       |
|    loss                 | 5.13         |
|    n_updates            | 550          |
|    policy_gradient_loss | -0.00144     |
|    value_loss           | 42.3         |
------------------------------------------
FruitCounts | {'Fruit': 0, 'DecayFruit': 0, 'EnemyFruit': 1} |
------------------------------------------
| rollout/                |              |
|    ep_len_mean          | 265          |
|    ep_rew_mean          | 27.7         |
| time/                   |              |
|    fps                  | 123          |
|    iterations           | 57           |
|    time_elapsed         | 942          |
|    total_timesteps      | 116736       |
| train/                  |              |
|    approx_kl            | 0.0048749154 |
|    clip_fraction        | 0.0673       |
|    clip_range           | 0.2          |
|    entropy_loss         | -0.788       |
|    explained_variance   | -0.0378      |
|    learning_rate        | 0.0003       |
|    loss                 | 12.8         |
|    n_updates            | 560          |
|    policy_gradient_loss | -0.0032      |
|    value_loss           | 87.7         |
------------------------------------------
FruitCounts | {'Fruit': 1, 'DecayFruit': 0, 'EnemyFruit': 0} |
------------------------------------------
| rollout/                |              |
|    ep_len_mean          | 252          |
|    ep_rew_mean          | 30.6         |
| time/                   |              |
|    fps                  | 124          |
|    iterations           | 58           |
|    time_elapsed         | 955          |
|    total_timesteps      | 118784       |
| train/                  |              |
|    approx_kl            | 0.0058496045 |
|    clip_fraction        | 0.0545       |
|    clip_range           | 0.2          |
|    entropy_loss         | -0.788       |
|    explained_variance   | 0.14         |
|    learning_rate        | 0.0003       |
|    loss                 | 29.9         |
|    n_updates            | 570          |
|    policy_gradient_loss | -0.0033      |
|    value_loss           | 58.6         |
------------------------------------------
FruitCounts | {'Fruit': 1, 'DecayFruit': 2, 'EnemyFruit': 0} |
-----------------------------------------
| rollout/                |             |
|    ep_len_mean          | 264         |
|    ep_rew_mean          | 32.6        |
| time/                   |             |
|    fps                  | 124         |
|    iterations           | 59          |
|    time_elapsed         | 966         |
|    total_timesteps      | 120832      |
| train/                  |             |
|    approx_kl            | 0.008238283 |
|    clip_fraction        | 0.0769      |
|    clip_range           | 0.2         |
|    entropy_loss         | -0.77       |
|    explained_variance   | -0.00521    |
|    learning_rate        | 0.0003      |
|    loss                 | 30.5        |
|    n_updates            | 580         |
|    policy_gradient_loss | -0.00687    |
|    value_loss           | 94.8        |
-----------------------------------------
FruitCounts | {'Fruit': 0, 'DecayFruit': 0, 'EnemyFruit': 1} |
-----------------------------------------
| rollout/                |             |
|    ep_len_mean          | 265         |
|    ep_rew_mean          | 35.7        |
| time/                   |             |
|    fps                  | 125         |
|    iterations           | 60          |
|    time_elapsed         | 979         |
|    total_timesteps      | 122880      |
| train/                  |             |
|    approx_kl            | 0.007735776 |
|    clip_fraction        | 0.0722      |
|    clip_range           | 0.2         |
|    entropy_loss         | -0.76       |
|    explained_variance   | -0.0052     |
|    learning_rate        | 0.0003      |
|    loss                 | 136         |
|    n_updates            | 590         |
|    policy_gradient_loss | -0.00446    |
|    value_loss           | 170         |
-----------------------------------------
FruitCounts | {'Fruit': 0, 'DecayFruit': 0, 'EnemyFruit': 2} |
-----------------------------------------
| rollout/                |             |
|    ep_len_mean          | 269         |
|    ep_rew_mean          | 34.2        |
| time/                   |             |
|    fps                  | 126         |
|    iterations           | 61          |
|    time_elapsed         | 991         |
|    total_timesteps      | 124928      |
| train/                  |             |
|    approx_kl            | 0.007529215 |
|    clip_fraction        | 0.0708      |
|    clip_range           | 0.2         |
|    entropy_loss         | -0.814      |
|    explained_variance   | -0.0105     |
|    learning_rate        | 0.0003      |
|    loss                 | 67          |
|    n_updates            | 600         |
|    policy_gradient_loss | -0.00464    |
|    value_loss           | 219         |
-----------------------------------------
FruitCounts | {'Fruit': 0, 'DecayFruit': 0, 'EnemyFruit': 0} |
-----------------------------------------
| rollout/                |             |
|    ep_len_mean          | 271         |
|    ep_rew_mean          | 37.9        |
| time/                   |             |
|    fps                  | 126         |
|    iterations           | 62          |
|    time_elapsed         | 1003        |
|    total_timesteps      | 126976      |
| train/                  |             |
|    approx_kl            | 0.006874216 |
|    clip_fraction        | 0.0737      |
|    clip_range           | 0.2         |
|    entropy_loss         | -0.795      |
|    explained_variance   | 0.0848      |
|    learning_rate        | 0.0003      |
|    loss                 | 19.1        |
|    n_updates            | 610         |
|    policy_gradient_loss | -0.00511    |
|    value_loss           | 105         |
-----------------------------------------
FruitCounts | {'Fruit': 0, 'DecayFruit': 0, 'EnemyFruit': 0} |
------------------------------------------
| rollout/                |              |
|    ep_len_mean          | 269          |
|    ep_rew_mean          | 36.1         |
| time/                   |              |
|    fps                  | 127          |
|    iterations           | 63           |
|    time_elapsed         | 1015         |
|    total_timesteps      | 129024       |
| train/                  |              |
|    approx_kl            | 0.0065094302 |
|    clip_fraction        | 0.081        |
|    clip_range           | 0.2          |
|    entropy_loss         | -0.806       |
|    explained_variance   | 0.0558       |
|    learning_rate        | 0.0003       |
|    loss                 | 23.8         |
|    n_updates            | 620          |
|    policy_gradient_loss | -0.00377     |
|    value_loss           | 102          |
------------------------------------------
FruitCounts | {'Fruit': 0, 'DecayFruit': 1, 'EnemyFruit': 1} |
-----------------------------------------
| rollout/                |             |
|    ep_len_mean          | 265         |
|    ep_rew_mean          | 35.4        |
| time/                   |             |
|    fps                  | 127         |
|    iterations           | 64          |
|    time_elapsed         | 1027        |
|    total_timesteps      | 131072      |
| train/                  |             |
|    approx_kl            | 0.010749966 |
|    clip_fraction        | 0.136       |
|    clip_range           | 0.2         |
|    entropy_loss         | -0.834      |
|    explained_variance   | -0.119      |
|    learning_rate        | 0.0003      |
|    loss                 | 26.3        |
|    n_updates            | 630         |
|    policy_gradient_loss | -0.00716    |
|    value_loss           | 45.6        |
-----------------------------------------
FruitCounts | {'Fruit': 0, 'DecayFruit': 0, 'EnemyFruit': 0} |
------------------------------------------
| rollout/                |              |
|    ep_len_mean          | 247          |
|    ep_rew_mean          | 39.5         |
| time/                   |              |
|    fps                  | 128          |
|    iterations           | 65           |
|    time_elapsed         | 1039         |
|    total_timesteps      | 133120       |
| train/                  |              |
|    approx_kl            | 0.0069214343 |
|    clip_fraction        | 0.0861       |
|    clip_range           | 0.2          |
|    entropy_loss         | -0.792       |
|    explained_variance   | -0.0207      |
|    learning_rate        | 0.0003       |
|    loss                 | 91.2         |
|    n_updates            | 640          |
|    policy_gradient_loss | -0.00626     |
|    value_loss           | 124          |
------------------------------------------
FruitCounts | {'Fruit': 0, 'DecayFruit': 0, 'EnemyFruit': 0} |
------------------------------------------
| rollout/                |              |
|    ep_len_mean          | 247          |
|    ep_rew_mean          | 45.4         |
| time/                   |              |
|    fps                  | 128          |
|    iterations           | 66           |
|    time_elapsed         | 1051         |
|    total_timesteps      | 135168       |
| train/                  |              |
|    approx_kl            | 0.0043384647 |
|    clip_fraction        | 0.0412       |
|    clip_range           | 0.2          |
|    entropy_loss         | -0.772       |
|    explained_variance   | -0.0114      |
|    learning_rate        | 0.0003       |
|    loss                 | 117          |
|    n_updates            | 650          |
|    policy_gradient_loss | -0.00363     |
|    value_loss           | 212          |
------------------------------------------
FruitCounts | {'Fruit': 0, 'DecayFruit': 0, 'EnemyFruit': 0} |
------------------------------------------
| rollout/                |              |
|    ep_len_mean          | 232          |
|    ep_rew_mean          | 46.2         |
| time/                   |              |
|    fps                  | 128          |
|    iterations           | 67           |
|    time_elapsed         | 1064         |
|    total_timesteps      | 137216       |
| train/                  |              |
|    approx_kl            | 0.0076478138 |
|    clip_fraction        | 0.0876       |
|    clip_range           | 0.2          |
|    entropy_loss         | -0.802       |
|    explained_variance   | 0.0142       |
|    learning_rate        | 0.0003       |
|    loss                 | 189          |
|    n_updates            | 660          |
|    policy_gradient_loss | -0.00697     |
|    value_loss           | 204          |
------------------------------------------
FruitCounts | {'Fruit': 0, 'DecayFruit': 2, 'EnemyFruit': 1} |
-----------------------------------------
| rollout/                |             |
|    ep_len_mean          | 236         |
|    ep_rew_mean          | 48          |
| time/                   |             |
|    fps                  | 129         |
|    iterations           | 68          |
|    time_elapsed         | 1075        |
|    total_timesteps      | 139264      |
| train/                  |             |
|    approx_kl            | 0.005947139 |
|    clip_fraction        | 0.0854      |
|    clip_range           | 0.2         |
|    entropy_loss         | -0.793      |
|    explained_variance   | 0.0204      |
|    learning_rate        | 0.0003      |
|    loss                 | 96.3        |
|    n_updates            | 670         |
|    policy_gradient_loss | -0.00428    |
|    value_loss           | 130         |
-----------------------------------------
FruitCounts | {'Fruit': 1, 'DecayFruit': 0, 'EnemyFruit': 0} |
-----------------------------------------
| rollout/                |             |
|    ep_len_mean          | 228         |
|    ep_rew_mean          | 48.3        |
| time/                   |             |
|    fps                  | 129         |
|    iterations           | 69          |
|    time_elapsed         | 1087        |
|    total_timesteps      | 141312      |
| train/                  |             |
|    approx_kl            | 0.007124359 |
|    clip_fraction        | 0.0738      |
|    clip_range           | 0.2         |
|    entropy_loss         | -0.749      |
|    explained_variance   | 0.0834      |
|    learning_rate        | 0.0003      |
|    loss                 | 25          |
|    n_updates            | 680         |
|    policy_gradient_loss | -0.00571    |
|    value_loss           | 156         |
-----------------------------------------
FruitCounts | {'Fruit': 0, 'DecayFruit': 0, 'EnemyFruit': 0} |
-----------------------------------------
| rollout/                |             |
|    ep_len_mean          | 240         |
|    ep_rew_mean          | 47.4        |
| time/                   |             |
|    fps                  | 130         |
|    iterations           | 70          |
|    time_elapsed         | 1099        |
|    total_timesteps      | 143360      |
| train/                  |             |
|    approx_kl            | 0.005337992 |
|    clip_fraction        | 0.0719      |
|    clip_range           | 0.2         |
|    entropy_loss         | -0.764      |
|    explained_variance   | -0.0127     |
|    learning_rate        | 0.0003      |
|    loss                 | 6.44        |
|    n_updates            | 690         |
|    policy_gradient_loss | -0.00198    |
|    value_loss           | 103         |
-----------------------------------------
FruitCounts | {'Fruit': 0, 'DecayFruit': 0, 'EnemyFruit': 0} |
-----------------------------------------
| rollout/                |             |
|    ep_len_mean          | 226         |
|    ep_rew_mean          | 48.7        |
| time/                   |             |
|    fps                  | 130         |
|    iterations           | 71          |
|    time_elapsed         | 1113        |
|    total_timesteps      | 145408      |
| train/                  |             |
|    approx_kl            | 0.010553318 |
|    clip_fraction        | 0.117       |
|    clip_range           | 0.2         |
|    entropy_loss         | -0.781      |
|    explained_variance   | 0.0425      |
|    learning_rate        | 0.0003      |
|    loss                 | 42.6        |
|    n_updates            | 700         |
|    policy_gradient_loss | -0.00381    |
|    value_loss           | 61.7        |
-----------------------------------------
FruitCounts | {'Fruit': 2, 'DecayFruit': 4, 'EnemyFruit': 7} |
-----------------------------------------
| rollout/                |             |
|    ep_len_mean          | 225         |
|    ep_rew_mean          | 51          |
| time/                   |             |
|    fps                  | 131         |
|    iterations           | 72          |
|    time_elapsed         | 1124        |
|    total_timesteps      | 147456      |
| train/                  |             |
|    approx_kl            | 0.006449073 |
|    clip_fraction        | 0.0561      |
|    clip_range           | 0.2         |
|    entropy_loss         | -0.763      |
|    explained_variance   | 0.0491      |
|    learning_rate        | 0.0003      |
|    loss                 | 201         |
|    n_updates            | 710         |
|    policy_gradient_loss | -0.00417    |
|    value_loss           | 384         |
-----------------------------------------
FruitCounts | {'Fruit': 0, 'DecayFruit': 1, 'EnemyFruit': 0} |
------------------------------------------
| rollout/                |              |
|    ep_len_mean          | 228          |
|    ep_rew_mean          | 52.4         |
| time/                   |              |
|    fps                  | 131          |
|    iterations           | 73           |
|    time_elapsed         | 1137         |
|    total_timesteps      | 149504       |
| train/                  |              |
|    approx_kl            | 0.0075360322 |
|    clip_fraction        | 0.0823       |
|    clip_range           | 0.2          |
|    entropy_loss         | -0.761       |
|    explained_variance   | 0.126        |
|    learning_rate        | 0.0003       |
|    loss                 | 95.6         |
|    n_updates            | 720          |
|    policy_gradient_loss | -0.0068      |
|    value_loss           | 199          |
------------------------------------------
FruitCounts | {'Fruit': 1, 'DecayFruit': 0, 'EnemyFruit': 1} |
-----------------------------------------
| rollout/                |             |
|    ep_len_mean          | 226         |
|    ep_rew_mean          | 54.4        |
| time/                   |             |
|    fps                  | 131         |
|    iterations           | 74          |
|    time_elapsed         | 1149        |
|    total_timesteps      | 151552      |
| train/                  |             |
|    approx_kl            | 0.008049067 |
|    clip_fraction        | 0.0914      |
|    clip_range           | 0.2         |
|    entropy_loss         | -0.75       |
|    explained_variance   | 0.0843      |
|    learning_rate        | 0.0003      |
|    loss                 | 71.1        |
|    n_updates            | 730         |
|    policy_gradient_loss | -0.00752    |
|    value_loss           | 165         |
-----------------------------------------
FruitCounts | {'Fruit': 0, 'DecayFruit': 2, 'EnemyFruit': 1} |
-----------------------------------------
| rollout/                |             |
|    ep_len_mean          | 238         |
|    ep_rew_mean          | 57.5        |
| time/                   |             |
|    fps                  | 132         |
|    iterations           | 75          |
|    time_elapsed         | 1160        |
|    total_timesteps      | 153600      |
| train/                  |             |
|    approx_kl            | 0.006713135 |
|    clip_fraction        | 0.078       |
|    clip_range           | 0.2         |
|    entropy_loss         | -0.757      |
|    explained_variance   | 0.124       |
|    learning_rate        | 0.0003      |
|    loss                 | 30.1        |
|    n_updates            | 740         |
|    policy_gradient_loss | -0.00382    |
|    value_loss           | 91.2        |
-----------------------------------------
FruitCounts | {'Fruit': 0, 'DecayFruit': 0, 'EnemyFruit': 1} |
-----------------------------------------
| rollout/                |             |
|    ep_len_mean          | 238         |
|    ep_rew_mean          | 55.3        |
| time/                   |             |
|    fps                  | 132         |
|    iterations           | 76          |
|    time_elapsed         | 1172        |
|    total_timesteps      | 155648      |
| train/                  |             |
|    approx_kl            | 0.009497598 |
|    clip_fraction        | 0.141       |
|    clip_range           | 0.2         |
|    entropy_loss         | -0.713      |
|    explained_variance   | 0.00468     |
|    learning_rate        | 0.0003      |
|    loss                 | 86.8        |
|    n_updates            | 750         |
|    policy_gradient_loss | -0.00961    |
|    value_loss           | 118         |
-----------------------------------------
FruitCounts | {'Fruit': 0, 'DecayFruit': 1, 'EnemyFruit': 0} |
------------------------------------------
| rollout/                |              |
|    ep_len_mean          | 243          |
|    ep_rew_mean          | 53.5         |
| time/                   |              |
|    fps                  | 133          |
|    iterations           | 77           |
|    time_elapsed         | 1184         |
|    total_timesteps      | 157696       |
| train/                  |              |
|    approx_kl            | 0.0072104074 |
|    clip_fraction        | 0.0676       |
|    clip_range           | 0.2          |
|    entropy_loss         | -0.704       |
|    explained_variance   | 0.0531       |
|    learning_rate        | 0.0003       |
|    loss                 | 93.2         |
|    n_updates            | 760          |
|    policy_gradient_loss | -0.00402     |
|    value_loss           | 115          |
------------------------------------------
FruitCounts | {'Fruit': 2, 'DecayFruit': 1, 'EnemyFruit': 0} |
-----------------------------------------
| rollout/                |             |
|    ep_len_mean          | 236         |
|    ep_rew_mean          | 47.1        |
| time/                   |             |
|    fps                  | 133         |
|    iterations           | 78          |
|    time_elapsed         | 1197        |
|    total_timesteps      | 159744      |
| train/                  |             |
|    approx_kl            | 0.009740351 |
|    clip_fraction        | 0.096       |
|    clip_range           | 0.2         |
|    entropy_loss         | -0.678      |
|    explained_variance   | 0.0597      |
|    learning_rate        | 0.0003      |
|    loss                 | 40.9        |
|    n_updates            | 770         |
|    policy_gradient_loss | -0.0037     |
|    value_loss           | 89.3        |
-----------------------------------------
FruitCounts | {'Fruit': 0, 'DecayFruit': 0, 'EnemyFruit': 1} |
-----------------------------------------
| rollout/                |             |
|    ep_len_mean          | 231         |
|    ep_rew_mean          | 49.1        |
| time/                   |             |
|    fps                  | 133         |
|    iterations           | 79          |
|    time_elapsed         | 1210        |
|    total_timesteps      | 161792      |
| train/                  |             |
|    approx_kl            | 0.007730902 |
|    clip_fraction        | 0.101       |
|    clip_range           | 0.2         |
|    entropy_loss         | -0.696      |
|    explained_variance   | 0.0578      |
|    learning_rate        | 0.0003      |
|    loss                 | 43          |
|    n_updates            | 780         |
|    policy_gradient_loss | -0.00582    |
|    value_loss           | 58.6        |
-----------------------------------------
FruitCounts | {'Fruit': 1, 'DecayFruit': 0, 'EnemyFruit': 2} |
-----------------------------------------
| rollout/                |             |
|    ep_len_mean          | 219         |
|    ep_rew_mean          | 45.5        |
| time/                   |             |
|    fps                  | 133         |
|    iterations           | 80          |
|    time_elapsed         | 1223        |
|    total_timesteps      | 163840      |
| train/                  |             |
|    approx_kl            | 0.008047404 |
|    clip_fraction        | 0.0839      |
|    clip_range           | 0.2         |
|    entropy_loss         | -0.682      |
|    explained_variance   | 0.0256      |
|    learning_rate        | 0.0003      |
|    loss                 | 32.5        |
|    n_updates            | 790         |
|    policy_gradient_loss | -0.00405    |
|    value_loss           | 128         |
-----------------------------------------
FruitCounts | {'Fruit': 0, 'DecayFruit': 3, 'EnemyFruit': 3} |
------------------------------------------
| rollout/                |              |
|    ep_len_mean          | 221          |
|    ep_rew_mean          | 48.3         |
| time/                   |              |
|    fps                  | 134          |
|    iterations           | 81           |
|    time_elapsed         | 1235         |
|    total_timesteps      | 165888       |
| train/                  |              |
|    approx_kl            | 0.0086539015 |
|    clip_fraction        | 0.0891       |
|    clip_range           | 0.2          |
|    entropy_loss         | -0.678       |
|    explained_variance   | 0.141        |
|    learning_rate        | 0.0003       |
|    loss                 | 52.7         |
|    n_updates            | 800          |
|    policy_gradient_loss | -0.00549     |
|    value_loss           | 136          |
------------------------------------------
FruitCounts | {'Fruit': 1, 'DecayFruit': 3, 'EnemyFruit': 3} |
----------------------------------------
| rollout/                |            |
|    ep_len_mean          | 234        |
|    ep_rew_mean          | 49.5       |
| time/                   |            |
|    fps                  | 134        |
|    iterations           | 82         |
|    time_elapsed         | 1246       |
|    total_timesteps      | 167936     |
| train/                  |            |
|    approx_kl            | 0.00778316 |
|    clip_fraction        | 0.0927     |
|    clip_range           | 0.2        |
|    entropy_loss         | -0.691     |
|    explained_variance   | 0.271      |
|    learning_rate        | 0.0003     |
|    loss                 | 29.1       |
|    n_updates            | 810        |
|    policy_gradient_loss | -0.00558   |
|    value_loss           | 124        |
----------------------------------------
FruitCounts | {'Fruit': 0, 'DecayFruit': 1, 'EnemyFruit': 0} |
------------------------------------------
| rollout/                |              |
|    ep_len_mean          | 235          |
|    ep_rew_mean          | 49.2         |
| time/                   |              |
|    fps                  | 134          |
|    iterations           | 83           |
|    time_elapsed         | 1259         |
|    total_timesteps      | 169984       |
| train/                  |              |
|    approx_kl            | 0.0069322945 |
|    clip_fraction        | 0.0821       |
|    clip_range           | 0.2          |
|    entropy_loss         | -0.676       |
|    explained_variance   | 0.033        |
|    learning_rate        | 0.0003       |
|    loss                 | 49.7         |
|    n_updates            | 820          |
|    policy_gradient_loss | -0.00638     |
|    value_loss           | 204          |
------------------------------------------
FruitCounts | {'Fruit': 0, 'DecayFruit': 0, 'EnemyFruit': 3} |
------------------------------------------
| rollout/                |              |
|    ep_len_mean          | 238          |
|    ep_rew_mean          | 49.3         |
| time/                   |              |
|    fps                  | 135          |
|    iterations           | 84           |
|    time_elapsed         | 1270         |
|    total_timesteps      | 172032       |
| train/                  |              |
|    approx_kl            | 0.0057563502 |
|    clip_fraction        | 0.0802       |
|    clip_range           | 0.2          |
|    entropy_loss         | -0.686       |
|    explained_variance   | 0.135        |
|    learning_rate        | 0.0003       |
|    loss                 | 30.2         |
|    n_updates            | 830          |
|    policy_gradient_loss | -0.00445     |
|    value_loss           | 84.8         |
------------------------------------------
FruitCounts | {'Fruit': 1, 'DecayFruit': 0, 'EnemyFruit': 1} |
-----------------------------------------
| rollout/                |             |
|    ep_len_mean          | 239         |
|    ep_rew_mean          | 48.7        |
| time/                   |             |
|    fps                  | 135         |
|    iterations           | 85          |
|    time_elapsed         | 1282        |
|    total_timesteps      | 174080      |
| train/                  |             |
|    approx_kl            | 0.007758947 |
|    clip_fraction        | 0.0981      |
|    clip_range           | 0.2         |
|    entropy_loss         | -0.678      |
|    explained_variance   | 0.175       |
|    learning_rate        | 0.0003      |
|    loss                 | 94.9        |
|    n_updates            | 840         |
|    policy_gradient_loss | -0.00555    |
|    value_loss           | 120         |
-----------------------------------------
FruitCounts | {'Fruit': 0, 'DecayFruit': 0, 'EnemyFruit': 1} |
-----------------------------------------
| rollout/                |             |
|    ep_len_mean          | 239         |
|    ep_rew_mean          | 48.1        |
| time/                   |             |
|    fps                  | 136         |
|    iterations           | 86          |
|    time_elapsed         | 1293        |
|    total_timesteps      | 176128      |
| train/                  |             |
|    approx_kl            | 0.012151248 |
|    clip_fraction        | 0.112       |
|    clip_range           | 0.2         |
|    entropy_loss         | -0.658      |
|    explained_variance   | 0.287       |
|    learning_rate        | 0.0003      |
|    loss                 | 13.4        |
|    n_updates            | 850         |
|    policy_gradient_loss | -0.00474    |
|    value_loss           | 65.7        |
-----------------------------------------
FruitCounts | {'Fruit': 1, 'DecayFruit': 3, 'EnemyFruit': 6} |
------------------------------------------
| rollout/                |              |
|    ep_len_mean          | 238          |
|    ep_rew_mean          | 47.1         |
| time/                   |              |
|    fps                  | 136          |
|    iterations           | 87           |
|    time_elapsed         | 1304         |
|    total_timesteps      | 178176       |
| train/                  |              |
|    approx_kl            | 0.0056683808 |
|    clip_fraction        | 0.0657       |
|    clip_range           | 0.2          |
|    entropy_loss         | -0.687       |
|    explained_variance   | 0.129        |
|    learning_rate        | 0.0003       |
|    loss                 | 30.9         |
|    n_updates            | 860          |
|    policy_gradient_loss | -0.0011      |
|    value_loss           | 212          |
------------------------------------------
FruitCounts | {'Fruit': 0, 'DecayFruit': 2, 'EnemyFruit': 1} |
-----------------------------------------
| rollout/                |             |
|    ep_len_mean          | 242         |
|    ep_rew_mean          | 47.3        |
| time/                   |             |
|    fps                  | 136         |
|    iterations           | 88          |
|    time_elapsed         | 1315        |
|    total_timesteps      | 180224      |
| train/                  |             |
|    approx_kl            | 0.010115564 |
|    clip_fraction        | 0.107       |
|    clip_range           | 0.2         |
|    entropy_loss         | -0.652      |
|    explained_variance   | 0.0242      |
|    learning_rate        | 0.0003      |
|    loss                 | 30.6        |
|    n_updates            | 870         |
|    policy_gradient_loss | -0.00455    |
|    value_loss           | 88.7        |
-----------------------------------------
FruitCounts | {'Fruit': 0, 'DecayFruit': 3, 'EnemyFruit': 5} |
-----------------------------------------
| rollout/                |             |
|    ep_len_mean          | 242         |
|    ep_rew_mean          | 45.7        |
| time/                   |             |
|    fps                  | 137         |
|    iterations           | 89          |
|    time_elapsed         | 1327        |
|    total_timesteps      | 182272      |
| train/                  |             |
|    approx_kl            | 0.008316709 |
|    clip_fraction        | 0.0813      |
|    clip_range           | 0.2         |
|    entropy_loss         | -0.64       |
|    explained_variance   | 0.139       |
|    learning_rate        | 0.0003      |
|    loss                 | 10.2        |
|    n_updates            | 880         |
|    policy_gradient_loss | -0.00564    |
|    value_loss           | 63.2        |
-----------------------------------------
FruitCounts | {'Fruit': 1, 'DecayFruit': 1, 'EnemyFruit': 2} |
-----------------------------------------
| rollout/                |             |
|    ep_len_mean          | 249         |
|    ep_rew_mean          | 49.4        |
| time/                   |             |
|    fps                  | 137         |
|    iterations           | 90          |
|    time_elapsed         | 1339        |
|    total_timesteps      | 184320      |
| train/                  |             |
|    approx_kl            | 0.012347352 |
|    clip_fraction        | 0.121       |
|    clip_range           | 0.2         |
|    entropy_loss         | -0.659      |
|    explained_variance   | -0.0288     |
|    learning_rate        | 0.0003      |
|    loss                 | 27.6        |
|    n_updates            | 890         |
|    policy_gradient_loss | -0.00387    |
|    value_loss           | 58.3        |
-----------------------------------------
FruitCounts | {'Fruit': 0, 'DecayFruit': 0, 'EnemyFruit': 0} |
----------------------------------------
| rollout/                |            |
|    ep_len_mean          | 247        |
|    ep_rew_mean          | 47.6       |
| time/                   |            |
|    fps                  | 137        |
|    iterations           | 91         |
|    time_elapsed         | 1352       |
|    total_timesteps      | 186368     |
| train/                  |            |
|    approx_kl            | 0.00708957 |
|    clip_fraction        | 0.0926     |
|    clip_range           | 0.2        |
|    entropy_loss         | -0.616     |
|    explained_variance   | 0.0939     |
|    learning_rate        | 0.0003     |
|    loss                 | 26         |
|    n_updates            | 900        |
|    policy_gradient_loss | -0.00448   |
|    value_loss           | 127        |
----------------------------------------
FruitCounts | {'Fruit': 0, 'DecayFruit': 0, 'EnemyFruit': 0} |
------------------------------------------
| rollout/                |              |
|    ep_len_mean          | 257          |
|    ep_rew_mean          | 49.1         |
| time/                   |              |
|    fps                  | 138          |
|    iterations           | 92           |
|    time_elapsed         | 1364         |
|    total_timesteps      | 188416       |
| train/                  |              |
|    approx_kl            | 0.0076812063 |
|    clip_fraction        | 0.0782       |
|    clip_range           | 0.2          |
|    entropy_loss         | -0.626       |
|    explained_variance   | -0.0272      |
|    learning_rate        | 0.0003       |
|    loss                 | 43.7         |
|    n_updates            | 910          |
|    policy_gradient_loss | -0.00584     |
|    value_loss           | 94           |
------------------------------------------
FruitCounts | {'Fruit': 0, 'DecayFruit': 0, 'EnemyFruit': 2} |
------------------------------------------
| rollout/                |              |
|    ep_len_mean          | 256          |
|    ep_rew_mean          | 48.3         |
| time/                   |              |
|    fps                  | 138          |
|    iterations           | 93           |
|    time_elapsed         | 1375         |
|    total_timesteps      | 190464       |
| train/                  |              |
|    approx_kl            | 0.0065042446 |
|    clip_fraction        | 0.0765       |
|    clip_range           | 0.2          |
|    entropy_loss         | -0.629       |
|    explained_variance   | 0.112        |
|    learning_rate        | 0.0003       |
|    loss                 | 80.2         |
|    n_updates            | 920          |
|    policy_gradient_loss | -0.0014      |
|    value_loss           | 104          |
------------------------------------------
FruitCounts | {'Fruit': 0, 'DecayFruit': 0, 'EnemyFruit': 3} |
-----------------------------------------
| rollout/                |             |
|    ep_len_mean          | 262         |
|    ep_rew_mean          | 47.5        |
| time/                   |             |
|    fps                  | 138         |
|    iterations           | 94          |
|    time_elapsed         | 1387        |
|    total_timesteps      | 192512      |
| train/                  |             |
|    approx_kl            | 0.008163361 |
|    clip_fraction        | 0.073       |
|    clip_range           | 0.2         |
|    entropy_loss         | -0.623      |
|    explained_variance   | 0.0518      |
|    learning_rate        | 0.0003      |
|    loss                 | 13.1        |
|    n_updates            | 930         |
|    policy_gradient_loss | -0.00494    |
|    value_loss           | 106         |
-----------------------------------------
FruitCounts | {'Fruit': 0, 'DecayFruit': 3, 'EnemyFruit': 1} |
------------------------------------------
| rollout/                |              |
|    ep_len_mean          | 258          |
|    ep_rew_mean          | 46.4         |
| time/                   |              |
|    fps                  | 138          |
|    iterations           | 95           |
|    time_elapsed         | 1400         |
|    total_timesteps      | 194560       |
| train/                  |              |
|    approx_kl            | 0.0064002187 |
|    clip_fraction        | 0.0626       |
|    clip_range           | 0.2          |
|    entropy_loss         | -0.641       |
|    explained_variance   | 0.133        |
|    learning_rate        | 0.0003       |
|    loss                 | 81.7         |
|    n_updates            | 940          |
|    policy_gradient_loss | -0.00529     |
|    value_loss           | 139          |
------------------------------------------
FruitCounts | {'Fruit': 1, 'DecayFruit': 0, 'EnemyFruit': 0} |
-----------------------------------------
| rollout/                |             |
|    ep_len_mean          | 248         |
|    ep_rew_mean          | 44.2        |
| time/                   |             |
|    fps                  | 139         |
|    iterations           | 96          |
|    time_elapsed         | 1412        |
|    total_timesteps      | 196608      |
| train/                  |             |
|    approx_kl            | 0.006404776 |
|    clip_fraction        | 0.0644      |
|    clip_range           | 0.2         |
|    entropy_loss         | -0.653      |
|    explained_variance   | -0.017      |
|    learning_rate        | 0.0003      |
|    loss                 | 30.9        |
|    n_updates            | 950         |
|    policy_gradient_loss | -0.0033     |
|    value_loss           | 149         |
-----------------------------------------
FruitCounts | {'Fruit': 1, 'DecayFruit': 5, 'EnemyFruit': 4} |
-----------------------------------------
| rollout/                |             |
|    ep_len_mean          | 252         |
|    ep_rew_mean          | 48          |
| time/                   |             |
|    fps                  | 139         |
|    iterations           | 97          |
|    time_elapsed         | 1423        |
|    total_timesteps      | 198656      |
| train/                  |             |
|    approx_kl            | 0.009359967 |
|    clip_fraction        | 0.0707      |
|    clip_range           | 0.2         |
|    entropy_loss         | -0.611      |
|    explained_variance   | 0.146       |
|    learning_rate        | 0.0003      |
|    loss                 | 43.8        |
|    n_updates            | 960         |
|    policy_gradient_loss | -0.00388    |
|    value_loss           | 135         |
-----------------------------------------
FruitCounts | {'Fruit': 0, 'DecayFruit': 0, 'EnemyFruit': 1} |
-----------------------------------------
| rollout/                |             |
|    ep_len_mean          | 253         |
|    ep_rew_mean          | 49.3        |
| time/                   |             |
|    fps                  | 139         |
|    iterations           | 98          |
|    time_elapsed         | 1436        |
|    total_timesteps      | 200704      |
| train/                  |             |
|    approx_kl            | 0.010286972 |
|    clip_fraction        | 0.0886      |
|    clip_range           | 0.2         |
|    entropy_loss         | -0.649      |
|    explained_variance   | 0.0655      |
|    learning_rate        | 0.0003      |
|    loss                 | 20.1        |
|    n_updates            | 970         |
|    policy_gradient_loss | -0.00526    |
|    value_loss           | 110         |
-----------------------------------------
FruitCounts | {'Fruit': 0, 'DecayFruit': 0, 'EnemyFruit': 1} |
-----------------------------------------
| rollout/                |             |
|    ep_len_mean          | 233         |
|    ep_rew_mean          | 47.6        |
| time/                   |             |
|    fps                  | 139         |
|    iterations           | 99          |
|    time_elapsed         | 1448        |
|    total_timesteps      | 202752      |
| train/                  |             |
|    approx_kl            | 0.005691716 |
|    clip_fraction        | 0.084       |
|    clip_range           | 0.2         |
|    entropy_loss         | -0.626      |
|    explained_variance   | 0.0562      |
|    learning_rate        | 0.0003      |
|    loss                 | 87.4        |
|    n_updates            | 980         |
|    policy_gradient_loss | -0.00461    |
|    value_loss           | 195         |
-----------------------------------------
FruitCounts | {'Fruit': 0, 'DecayFruit': 2, 'EnemyFruit': 0} |
-----------------------------------------
| rollout/                |             |
|    ep_len_mean          | 245         |
|    ep_rew_mean          | 49.4        |
| time/                   |             |
|    fps                  | 140         |
|    iterations           | 100         |
|    time_elapsed         | 1459        |
|    total_timesteps      | 204800      |
| train/                  |             |
|    approx_kl            | 0.006087093 |
|    clip_fraction        | 0.0679      |
|    clip_range           | 0.2         |
|    entropy_loss         | -0.627      |
|    explained_variance   | 0.0328      |
|    learning_rate        | 0.0003      |
|    loss                 | 79.4        |
|    n_updates            | 990         |
|    policy_gradient_loss | -0.00247    |
|    value_loss           | 239         |
-----------------------------------------
FruitCounts | {'Fruit': 0, 'DecayFruit': 1, 'EnemyFruit': 1} |
-----------------------------------------
| rollout/                |             |
|    ep_len_mean          | 229         |
|    ep_rew_mean          | 49.2        |
| time/                   |             |
|    fps                  | 140         |
|    iterations           | 101         |
|    time_elapsed         | 1472        |
|    total_timesteps      | 206848      |
| train/                  |             |
|    approx_kl            | 0.012067285 |
|    clip_fraction        | 0.113       |
|    clip_range           | 0.2         |
|    entropy_loss         | -0.661      |
|    explained_variance   | 0.0642      |
|    learning_rate        | 0.0003      |
|    loss                 | 83          |
|    n_updates            | 1000        |
|    policy_gradient_loss | -0.00381    |
|    value_loss           | 109         |
-----------------------------------------
FruitCounts | {'Fruit': 0, 'DecayFruit': 1, 'EnemyFruit': 1} |
-----------------------------------------
| rollout/                |             |
|    ep_len_mean          | 241         |
|    ep_rew_mean          | 51.8        |
| time/                   |             |
|    fps                  | 140         |
|    iterations           | 102         |
|    time_elapsed         | 1483        |
|    total_timesteps      | 208896      |
| train/                  |             |
|    approx_kl            | 0.007874915 |
|    clip_fraction        | 0.0961      |
|    clip_range           | 0.2         |
|    entropy_loss         | -0.597      |
|    explained_variance   | 0.21        |
|    learning_rate        | 0.0003      |
|    loss                 | 21.6        |
|    n_updates            | 1010        |
|    policy_gradient_loss | -0.00502    |
|    value_loss           | 103         |
-----------------------------------------
FruitCounts | {'Fruit': 0, 'DecayFruit': 0, 'EnemyFruit': 1} |
-----------------------------------------
| rollout/                |             |
|    ep_len_mean          | 247         |
|    ep_rew_mean          | 52.6        |
| time/                   |             |
|    fps                  | 141         |
|    iterations           | 103         |
|    time_elapsed         | 1495        |
|    total_timesteps      | 210944      |
| train/                  |             |
|    approx_kl            | 0.008054368 |
|    clip_fraction        | 0.0872      |
|    clip_range           | 0.2         |
|    entropy_loss         | -0.614      |
|    explained_variance   | 0.238       |
|    learning_rate        | 0.0003      |
|    loss                 | 39.5        |
|    n_updates            | 1020        |
|    policy_gradient_loss | -0.00249    |
|    value_loss           | 81.3        |
-----------------------------------------
FruitCounts | {'Fruit': 1, 'DecayFruit': 3, 'EnemyFruit': 3} |
----------------------------------------
| rollout/                |            |
|    ep_len_mean          | 258        |
|    ep_rew_mean          | 58.3       |
| time/                   |            |
|    fps                  | 141        |
|    iterations           | 104        |
|    time_elapsed         | 1506       |
|    total_timesteps      | 212992     |
| train/                  |            |
|    approx_kl            | 0.00754408 |
|    clip_fraction        | 0.0909     |
|    clip_range           | 0.2        |
|    entropy_loss         | -0.613     |
|    explained_variance   | 0.217      |
|    learning_rate        | 0.0003     |
|    loss                 | 11.7       |
|    n_updates            | 1030       |
|    policy_gradient_loss | -0.00259   |
|    value_loss           | 81.9       |
----------------------------------------
FruitCounts | {'Fruit': 0, 'DecayFruit': 0, 'EnemyFruit': 1} |
------------------------------------------
| rollout/                |              |
|    ep_len_mean          | 256          |
|    ep_rew_mean          | 59.7         |
| time/                   |              |
|    fps                  | 141          |
|    iterations           | 105          |
|    time_elapsed         | 1519         |
|    total_timesteps      | 215040       |
| train/                  |              |
|    approx_kl            | 0.0043005105 |
|    clip_fraction        | 0.0496       |
|    clip_range           | 0.2          |
|    entropy_loss         | -0.598       |
|    explained_variance   | 0.0484       |
|    learning_rate        | 0.0003       |
|    loss                 | 102          |
|    n_updates            | 1040         |
|    policy_gradient_loss | -0.00241     |
|    value_loss           | 153          |
------------------------------------------
FruitCounts | {'Fruit': 2, 'DecayFruit': 3, 'EnemyFruit': 1} |
-----------------------------------------
| rollout/                |             |
|    ep_len_mean          | 246         |
|    ep_rew_mean          | 58.7        |
| time/                   |             |
|    fps                  | 141         |
|    iterations           | 106         |
|    time_elapsed         | 1531        |
|    total_timesteps      | 217088      |
| train/                  |             |
|    approx_kl            | 0.007258889 |
|    clip_fraction        | 0.0747      |
|    clip_range           | 0.2         |
|    entropy_loss         | -0.62       |
|    explained_variance   | 0.0774      |
|    learning_rate        | 0.0003      |
|    loss                 | 40.1        |
|    n_updates            | 1050        |
|    policy_gradient_loss | -0.00611    |
|    value_loss           | 144         |
-----------------------------------------
FruitCounts | {'Fruit': 0, 'DecayFruit': 0, 'EnemyFruit': 3} |
-----------------------------------------
| rollout/                |             |
|    ep_len_mean          | 252         |
|    ep_rew_mean          | 60.7        |
| time/                   |             |
|    fps                  | 142         |
|    iterations           | 107         |
|    time_elapsed         | 1542        |
|    total_timesteps      | 219136      |
| train/                  |             |
|    approx_kl            | 0.008662585 |
|    clip_fraction        | 0.0852      |
|    clip_range           | 0.2         |
|    entropy_loss         | -0.56       |
|    explained_variance   | 0.109       |
|    learning_rate        | 0.0003      |
|    loss                 | 20.8        |
|    n_updates            | 1060        |
|    policy_gradient_loss | -0.00579    |
|    value_loss           | 109         |
-----------------------------------------
FruitCounts | {'Fruit': 0, 'DecayFruit': 0, 'EnemyFruit': 1} |
------------------------------------------
| rollout/                |              |
|    ep_len_mean          | 269          |
|    ep_rew_mean          | 62.3         |
| time/                   |              |
|    fps                  | 142          |
|    iterations           | 108          |
|    time_elapsed         | 1553         |
|    total_timesteps      | 221184       |
| train/                  |              |
|    approx_kl            | 0.0112254135 |
|    clip_fraction        | 0.0959       |
|    clip_range           | 0.2          |
|    entropy_loss         | -0.556       |
|    explained_variance   | 0.0451       |
|    learning_rate        | 0.0003       |
|    loss                 | 24.4         |
|    n_updates            | 1070         |
|    policy_gradient_loss | -0.00499     |
|    value_loss           | 100          |
------------------------------------------
FruitCounts | {'Fruit': 0, 'DecayFruit': 0, 'EnemyFruit': 0} |
-----------------------------------------
| rollout/                |             |
|    ep_len_mean          | 267         |
|    ep_rew_mean          | 62.4        |
| time/                   |             |
|    fps                  | 142         |
|    iterations           | 109         |
|    time_elapsed         | 1566        |
|    total_timesteps      | 223232      |
| train/                  |             |
|    approx_kl            | 0.011699445 |
|    clip_fraction        | 0.0942      |
|    clip_range           | 0.2         |
|    entropy_loss         | -0.58       |
|    explained_variance   | 0.0137      |
|    learning_rate        | 0.0003      |
|    loss                 | 34.4        |
|    n_updates            | 1080        |
|    policy_gradient_loss | -0.00648    |
|    value_loss           | 80.3        |
-----------------------------------------
FruitCounts | {'Fruit': 0, 'DecayFruit': 0, 'EnemyFruit': 1} |
-----------------------------------------
| rollout/                |             |
|    ep_len_mean          | 260         |
|    ep_rew_mean          | 62.7        |
| time/                   |             |
|    fps                  | 142         |
|    iterations           | 110         |
|    time_elapsed         | 1578        |
|    total_timesteps      | 225280      |
| train/                  |             |
|    approx_kl            | 0.006938545 |
|    clip_fraction        | 0.0674      |
|    clip_range           | 0.2         |
|    entropy_loss         | -0.585      |
|    explained_variance   | 0.0721      |
|    learning_rate        | 0.0003      |
|    loss                 | 85.1        |
|    n_updates            | 1090        |
|    policy_gradient_loss | -0.00418    |
|    value_loss           | 186         |
-----------------------------------------
FruitCounts | {'Fruit': 0, 'DecayFruit': 0, 'EnemyFruit': 0} |
-----------------------------------------
| rollout/                |             |
|    ep_len_mean          | 269         |
|    ep_rew_mean          | 67.9        |
| time/                   |             |
|    fps                  | 143         |
|    iterations           | 111         |
|    time_elapsed         | 1589        |
|    total_timesteps      | 227328      |
| train/                  |             |
|    approx_kl            | 0.007830892 |
|    clip_fraction        | 0.0802      |
|    clip_range           | 0.2         |
|    entropy_loss         | -0.596      |
|    explained_variance   | 0.00996     |
|    learning_rate        | 0.0003      |
|    loss                 | 70.5        |
|    n_updates            | 1100        |
|    policy_gradient_loss | -0.00367    |
|    value_loss           | 198         |
-----------------------------------------
FruitCounts | {'Fruit': 1, 'DecayFruit': 1, 'EnemyFruit': 1} |
------------------------------------------
| rollout/                |              |
|    ep_len_mean          | 271          |
|    ep_rew_mean          | 69.5         |
| time/                   |              |
|    fps                  | 143          |
|    iterations           | 112          |
|    time_elapsed         | 1601         |
|    total_timesteps      | 229376       |
| train/                  |              |
|    approx_kl            | 0.0062597897 |
|    clip_fraction        | 0.053        |
|    clip_range           | 0.2          |
|    entropy_loss         | -0.581       |
|    explained_variance   | 0.113        |
|    learning_rate        | 0.0003       |
|    loss                 | 111          |
|    n_updates            | 1110         |
|    policy_gradient_loss | -0.00436     |
|    value_loss           | 219          |
------------------------------------------
FruitCounts | {'Fruit': 0, 'DecayFruit': 0, 'EnemyFruit': 2} |
-----------------------------------------
| rollout/                |             |
|    ep_len_mean          | 267         |
|    ep_rew_mean          | 70          |
| time/                   |             |
|    fps                  | 143         |
|    iterations           | 113         |
|    time_elapsed         | 1613        |
|    total_timesteps      | 231424      |
| train/                  |             |
|    approx_kl            | 0.006987744 |
|    clip_fraction        | 0.08        |
|    clip_range           | 0.2         |
|    entropy_loss         | -0.578      |
|    explained_variance   | 0.111       |
|    learning_rate        | 0.0003      |
|    loss                 | 37.3        |
|    n_updates            | 1120        |
|    policy_gradient_loss | -0.0041     |
|    value_loss           | 150         |
-----------------------------------------
FruitCounts | {'Fruit': 1, 'DecayFruit': 0, 'EnemyFruit': 0} |
-----------------------------------------
| rollout/                |             |
|    ep_len_mean          | 271         |
|    ep_rew_mean          | 69.5        |
| time/                   |             |
|    fps                  | 143         |
|    iterations           | 114         |
|    time_elapsed         | 1625        |
|    total_timesteps      | 233472      |
| train/                  |             |
|    approx_kl            | 0.008490281 |
|    clip_fraction        | 0.0754      |
|    clip_range           | 0.2         |
|    entropy_loss         | -0.566      |
|    explained_variance   | 0.0454      |
|    learning_rate        | 0.0003      |
|    loss                 | 112         |
|    n_updates            | 1130        |
|    policy_gradient_loss | -0.00448    |
|    value_loss           | 216         |
-----------------------------------------
FruitCounts | {'Fruit': 0, 'DecayFruit': 3, 'EnemyFruit': 0} |
------------------------------------------
| rollout/                |              |
|    ep_len_mean          | 265          |
|    ep_rew_mean          | 73.1         |
| time/                   |              |
|    fps                  | 143          |
|    iterations           | 115          |
|    time_elapsed         | 1637         |
|    total_timesteps      | 235520       |
| train/                  |              |
|    approx_kl            | 0.0077863224 |
|    clip_fraction        | 0.0949       |
|    clip_range           | 0.2          |
|    entropy_loss         | -0.581       |
|    explained_variance   | -0.0657      |
|    learning_rate        | 0.0003       |
|    loss                 | 88.6         |
|    n_updates            | 1140         |
|    policy_gradient_loss | -0.00157     |
|    value_loss           | 110          |
------------------------------------------
FruitCounts | {'Fruit': 1, 'DecayFruit': 2, 'EnemyFruit': 2} |
------------------------------------------
| rollout/                |              |
|    ep_len_mean          | 266          |
|    ep_rew_mean          | 75.9         |
| time/                   |              |
|    fps                  | 144          |
|    iterations           | 116          |
|    time_elapsed         | 1649         |
|    total_timesteps      | 237568       |
| train/                  |              |
|    approx_kl            | 0.0071882606 |
|    clip_fraction        | 0.0754       |
|    clip_range           | 0.2          |
|    entropy_loss         | -0.556       |
|    explained_variance   | 0.0623       |
|    learning_rate        | 0.0003       |
|    loss                 | 69.8         |
|    n_updates            | 1150         |
|    policy_gradient_loss | -0.00475     |
|    value_loss           | 240          |
------------------------------------------
FruitCounts | {'Fruit': 0, 'DecayFruit': 0, 'EnemyFruit': 0} |
-----------------------------------------
| rollout/                |             |
|    ep_len_mean          | 249         |
|    ep_rew_mean          | 70          |
| time/                   |             |
|    fps                  | 144         |
|    iterations           | 117         |
|    time_elapsed         | 1662        |
|    total_timesteps      | 239616      |
| train/                  |             |
|    approx_kl            | 0.008936548 |
|    clip_fraction        | 0.0805      |
|    clip_range           | 0.2         |
|    entropy_loss         | -0.544      |
|    explained_variance   | 0.114       |
|    learning_rate        | 0.0003      |
|    loss                 | 45          |
|    n_updates            | 1160        |
|    policy_gradient_loss | -0.00293    |
|    value_loss           | 165         |
-----------------------------------------
FruitCounts | {'Fruit': 0, 'DecayFruit': 0, 'EnemyFruit': 1} |
----------------------------------------
| rollout/                |            |
|    ep_len_mean          | 243        |
|    ep_rew_mean          | 72         |
| time/                   |            |
|    fps                  | 144        |
|    iterations           | 118        |
|    time_elapsed         | 1676       |
|    total_timesteps      | 241664     |
| train/                  |            |
|    approx_kl            | 0.00969099 |
|    clip_fraction        | 0.0847     |
|    clip_range           | 0.2        |
|    entropy_loss         | -0.553     |
|    explained_variance   | 0.00113    |
|    learning_rate        | 0.0003     |
|    loss                 | 74         |
|    n_updates            | 1170       |
|    policy_gradient_loss | -0.00386   |
|    value_loss           | 138        |
----------------------------------------
FruitCounts | {'Fruit': 0, 'DecayFruit': 0, 'EnemyFruit': 0} |
-----------------------------------------
| rollout/                |             |
|    ep_len_mean          | 226         |
|    ep_rew_mean          | 69.3        |
| time/                   |             |
|    fps                  | 144         |
|    iterations           | 119         |
|    time_elapsed         | 1687        |
|    total_timesteps      | 243712      |
| train/                  |             |
|    approx_kl            | 0.010807658 |
|    clip_fraction        | 0.0952      |
|    clip_range           | 0.2         |
|    entropy_loss         | -0.561      |
|    explained_variance   | 0.00826     |
|    learning_rate        | 0.0003      |
|    loss                 | 68.4        |
|    n_updates            | 1180        |
|    policy_gradient_loss | -0.00563    |
|    value_loss           | 288         |
-----------------------------------------
FruitCounts | {'Fruit': 0, 'DecayFruit': 0, 'EnemyFruit': 0} |
-----------------------------------------
| rollout/                |             |
|    ep_len_mean          | 233         |
|    ep_rew_mean          | 74.3        |
| time/                   |             |
|    fps                  | 144         |
|    iterations           | 120         |
|    time_elapsed         | 1698        |
|    total_timesteps      | 245760      |
| train/                  |             |
|    approx_kl            | 0.009511462 |
|    clip_fraction        | 0.0927      |
|    clip_range           | 0.2         |
|    entropy_loss         | -0.537      |
|    explained_variance   | 0.123       |
|    learning_rate        | 0.0003      |
|    loss                 | 150         |
|    n_updates            | 1190        |
|    policy_gradient_loss | -0.00317    |
|    value_loss           | 114         |
-----------------------------------------
FruitCounts | {'Fruit': 1, 'DecayFruit': 0, 'EnemyFruit': 0} |
-----------------------------------------
| rollout/                |             |
|    ep_len_mean          | 236         |
|    ep_rew_mean          | 74.1        |
| time/                   |             |
|    fps                  | 144         |
|    iterations           | 121         |
|    time_elapsed         | 1710        |
|    total_timesteps      | 247808      |
| train/                  |             |
|    approx_kl            | 0.008230336 |
|    clip_fraction        | 0.0915      |
|    clip_range           | 0.2         |
|    entropy_loss         | -0.544      |
|    explained_variance   | 0.104       |
|    learning_rate        | 0.0003      |
|    loss                 | 39          |
|    n_updates            | 1200        |
|    policy_gradient_loss | -0.00691    |
|    value_loss           | 202         |
-----------------------------------------
FruitCounts | {'Fruit': 0, 'DecayFruit': 2, 'EnemyFruit': 5} |
------------------------------------------
| rollout/                |              |
|    ep_len_mean          | 223          |
|    ep_rew_mean          | 69.5         |
| time/                   |              |
|    fps                  | 145          |
|    iterations           | 122          |
|    time_elapsed         | 1723         |
|    total_timesteps      | 249856       |
| train/                  |              |
|    approx_kl            | 0.0068273153 |
|    clip_fraction        | 0.0757       |
|    clip_range           | 0.2          |
|    entropy_loss         | -0.534       |
|    explained_variance   | 0.0575       |
|    learning_rate        | 0.0003       |
|    loss                 | 35           |
|    n_updates            | 1210         |
|    policy_gradient_loss | -0.00591     |
|    value_loss           | 169          |
------------------------------------------
FruitCounts | {'Fruit': 1, 'DecayFruit': 4, 'EnemyFruit': 3} |
-----------------------------------------
| rollout/                |             |
|    ep_len_mean          | 227         |
|    ep_rew_mean          | 70.8        |
| time/                   |             |
|    fps                  | 145         |
|    iterations           | 123         |
|    time_elapsed         | 1734        |
|    total_timesteps      | 251904      |
| train/                  |             |
|    approx_kl            | 0.008048665 |
|    clip_fraction        | 0.0791      |
|    clip_range           | 0.2         |
|    entropy_loss         | -0.55       |
|    explained_variance   | 0.165       |
|    learning_rate        | 0.0003      |
|    loss                 | 34.8        |
|    n_updates            | 1220        |
|    policy_gradient_loss | -0.00419    |
|    value_loss           | 222         |
-----------------------------------------
FruitCounts | {'Fruit': 0, 'DecayFruit': 0, 'EnemyFruit': 2} |
-----------------------------------------
| rollout/                |             |
|    ep_len_mean          | 232         |
|    ep_rew_mean          | 75.7        |
| time/                   |             |
|    fps                  | 145         |
|    iterations           | 124         |
|    time_elapsed         | 1746        |
|    total_timesteps      | 253952      |
| train/                  |             |
|    approx_kl            | 0.008782821 |
|    clip_fraction        | 0.099       |
|    clip_range           | 0.2         |
|    entropy_loss         | -0.519      |
|    explained_variance   | 0.195       |
|    learning_rate        | 0.0003      |
|    loss                 | 91.8        |
|    n_updates            | 1230        |
|    policy_gradient_loss | -0.00488    |
|    value_loss           | 179         |
-----------------------------------------
FruitCounts | {'Fruit': 0, 'DecayFruit': 0, 'EnemyFruit': 0} |
------------------------------------------
| rollout/                |              |
|    ep_len_mean          | 220          |
|    ep_rew_mean          | 73.5         |
| time/                   |              |
|    fps                  | 145          |
|    iterations           | 125          |
|    time_elapsed         | 1759         |
|    total_timesteps      | 256000       |
| train/                  |              |
|    approx_kl            | 0.0062508527 |
|    clip_fraction        | 0.0721       |
|    clip_range           | 0.2          |
|    entropy_loss         | -0.52        |
|    explained_variance   | 0.168        |
|    learning_rate        | 0.0003       |
|    loss                 | 86.1         |
|    n_updates            | 1240         |
|    policy_gradient_loss | -0.00174     |
|    value_loss           | 179          |
------------------------------------------
FruitCounts | {'Fruit': 0, 'DecayFruit': 0, 'EnemyFruit': 1} |
-----------------------------------------
| rollout/                |             |
|    ep_len_mean          | 229         |
|    ep_rew_mean          | 78          |
| time/                   |             |
|    fps                  | 145         |
|    iterations           | 126         |
|    time_elapsed         | 1770        |
|    total_timesteps      | 258048      |
| train/                  |             |
|    approx_kl            | 0.007111598 |
|    clip_fraction        | 0.0745      |
|    clip_range           | 0.2         |
|    entropy_loss         | -0.489      |
|    explained_variance   | 0.262       |
|    learning_rate        | 0.0003      |
|    loss                 | 129         |
|    n_updates            | 1250        |
|    policy_gradient_loss | -0.00642    |
|    value_loss           | 193         |
-----------------------------------------
FruitCounts | {'Fruit': 0, 'DecayFruit': 0, 'EnemyFruit': 0} |
------------------------------------------
| rollout/                |              |
|    ep_len_mean          | 224          |
|    ep_rew_mean          | 78.9         |
| time/                   |              |
|    fps                  | 145          |
|    iterations           | 127          |
|    time_elapsed         | 1783         |
|    total_timesteps      | 260096       |
| train/                  |              |
|    approx_kl            | 0.0069083013 |
|    clip_fraction        | 0.0632       |
|    clip_range           | 0.2          |
|    entropy_loss         | -0.507       |
|    explained_variance   | 0.183        |
|    learning_rate        | 0.0003       |
|    loss                 | 103          |
|    n_updates            | 1260         |
|    policy_gradient_loss | -0.00369     |
|    value_loss           | 339          |
------------------------------------------
FruitCounts | {'Fruit': 0, 'DecayFruit': 0, 'EnemyFruit': 0} |
-----------------------------------------
| rollout/                |             |
|    ep_len_mean          | 224         |
|    ep_rew_mean          | 83.5        |
| time/                   |             |
|    fps                  | 145         |
|    iterations           | 128         |
|    time_elapsed         | 1796        |
|    total_timesteps      | 262144      |
| train/                  |             |
|    approx_kl            | 0.007982273 |
|    clip_fraction        | 0.0803      |
|    clip_range           | 0.2         |
|    entropy_loss         | -0.511      |
|    explained_variance   | 0.0911      |
|    learning_rate        | 0.0003      |
|    loss                 | 154         |
|    n_updates            | 1270        |
|    policy_gradient_loss | -0.00263    |
|    value_loss           | 248         |
-----------------------------------------
FruitCounts | {'Fruit': 0, 'DecayFruit': 0, 'EnemyFruit': 2} |
----------------------------------------
| rollout/                |            |
|    ep_len_mean          | 230        |
|    ep_rew_mean          | 86.9       |
| time/                   |            |
|    fps                  | 146        |
|    iterations           | 129        |
|    time_elapsed         | 1809       |
|    total_timesteps      | 264192     |
| train/                  |            |
|    approx_kl            | 0.00741327 |
|    clip_fraction        | 0.0875     |
|    clip_range           | 0.2        |
|    entropy_loss         | -0.508     |
|    explained_variance   | 0.0771     |
|    learning_rate        | 0.0003     |
|    loss                 | 194        |
|    n_updates            | 1280       |
|    policy_gradient_loss | -0.00339   |
|    value_loss           | 287        |
----------------------------------------
FruitCounts | {'Fruit': 0, 'DecayFruit': 0, 'EnemyFruit': 2} |
------------------------------------------
| rollout/                |              |
|    ep_len_mean          | 234          |
|    ep_rew_mean          | 88.9         |
| time/                   |              |
|    fps                  | 146          |
|    iterations           | 130          |
|    time_elapsed         | 1821         |
|    total_timesteps      | 266240       |
| train/                  |              |
|    approx_kl            | 0.0067889597 |
|    clip_fraction        | 0.0656       |
|    clip_range           | 0.2          |
|    entropy_loss         | -0.508       |
|    explained_variance   | 0.0271       |
|    learning_rate        | 0.0003       |
|    loss                 | 74.7         |
|    n_updates            | 1290         |
|    policy_gradient_loss | -0.00268     |
|    value_loss           | 216          |
------------------------------------------
FruitCounts | {'Fruit': 0, 'DecayFruit': 2, 'EnemyFruit': 1} |
-----------------------------------------
| rollout/                |             |
|    ep_len_mean          | 224         |
|    ep_rew_mean          | 88          |
| time/                   |             |
|    fps                  | 146         |
|    iterations           | 131         |
|    time_elapsed         | 1834        |
|    total_timesteps      | 268288      |
| train/                  |             |
|    approx_kl            | 0.007621133 |
|    clip_fraction        | 0.104       |
|    clip_range           | 0.2         |
|    entropy_loss         | -0.501      |
|    explained_variance   | 0.0561      |
|    learning_rate        | 0.0003      |
|    loss                 | 65.5        |
|    n_updates            | 1300        |
|    policy_gradient_loss | -0.00332    |
|    value_loss           | 189         |
-----------------------------------------
FruitCounts | {'Fruit': 0, 'DecayFruit': 0, 'EnemyFruit': 1} |
------------------------------------------
| rollout/                |              |
|    ep_len_mean          | 212          |
|    ep_rew_mean          | 83.8         |
| time/                   |              |
|    fps                  | 146          |
|    iterations           | 132          |
|    time_elapsed         | 1848         |
|    total_timesteps      | 270336       |
| train/                  |              |
|    approx_kl            | 0.0056185615 |
|    clip_fraction        | 0.0741       |
|    clip_range           | 0.2          |
|    entropy_loss         | -0.491       |
|    explained_variance   | 0.0442       |
|    learning_rate        | 0.0003       |
|    loss                 | 65.7         |
|    n_updates            | 1310         |
|    policy_gradient_loss | -0.00539     |
|    value_loss           | 184          |
------------------------------------------
FruitCounts | {'Fruit': 0, 'DecayFruit': 5, 'EnemyFruit': 3} |
-----------------------------------------
| rollout/                |             |
|    ep_len_mean          | 202         |
|    ep_rew_mean          | 80.3        |
| time/                   |             |
|    fps                  | 146         |
|    iterations           | 133         |
|    time_elapsed         | 1860        |
|    total_timesteps      | 272384      |
| train/                  |             |
|    approx_kl            | 0.006675425 |
|    clip_fraction        | 0.0693      |
|    clip_range           | 0.2         |
|    entropy_loss         | -0.486      |
|    explained_variance   | 0.0703      |
|    learning_rate        | 0.0003      |
|    loss                 | 98.8        |
|    n_updates            | 1320        |
|    policy_gradient_loss | -0.00121    |
|    value_loss           | 224         |
-----------------------------------------
FruitCounts | {'Fruit': 0, 'DecayFruit': 1, 'EnemyFruit': 2} |
-----------------------------------------
| rollout/                |             |
|    ep_len_mean          | 197         |
|    ep_rew_mean          | 78.9        |
| time/                   |             |
|    fps                  | 146         |
|    iterations           | 134         |
|    time_elapsed         | 1873        |
|    total_timesteps      | 274432      |
| train/                  |             |
|    approx_kl            | 0.008681109 |
|    clip_fraction        | 0.0739      |
|    clip_range           | 0.2         |
|    entropy_loss         | -0.475      |
|    explained_variance   | 0.074       |
|    learning_rate        | 0.0003      |
|    loss                 | 120         |
|    n_updates            | 1330        |
|    policy_gradient_loss | -0.00448    |
|    value_loss           | 288         |
-----------------------------------------
FruitCounts | {'Fruit': 1, 'DecayFruit': 1, 'EnemyFruit': 1} |
-----------------------------------------
| rollout/                |             |
|    ep_len_mean          | 190         |
|    ep_rew_mean          | 75.4        |
| time/                   |             |
|    fps                  | 146         |
|    iterations           | 135         |
|    time_elapsed         | 1885        |
|    total_timesteps      | 276480      |
| train/                  |             |
|    approx_kl            | 0.011751094 |
|    clip_fraction        | 0.11        |
|    clip_range           | 0.2         |
|    entropy_loss         | -0.494      |
|    explained_variance   | 0.22        |
|    learning_rate        | 0.0003      |
|    loss                 | 106         |
|    n_updates            | 1340        |
|    policy_gradient_loss | -0.00684    |
|    value_loss           | 151         |
-----------------------------------------
FruitCounts | {'Fruit': 0, 'DecayFruit': 0, 'EnemyFruit': 0} |
-----------------------------------------
| rollout/                |             |
|    ep_len_mean          | 184         |
|    ep_rew_mean          | 71.4        |
| time/                   |             |
|    fps                  | 146         |
|    iterations           | 136         |
|    time_elapsed         | 1899        |
|    total_timesteps      | 278528      |
| train/                  |             |
|    approx_kl            | 0.009828595 |
|    clip_fraction        | 0.0733      |
|    clip_range           | 0.2         |
|    entropy_loss         | -0.467      |
|    explained_variance   | 0.113       |
|    learning_rate        | 0.0003      |
|    loss                 | 69.3        |
|    n_updates            | 1350        |
|    policy_gradient_loss | -0.0013     |
|    value_loss           | 148         |
-----------------------------------------
FruitCounts | {'Fruit': 0, 'DecayFruit': 1, 'EnemyFruit': 0} |
------------------------------------------
| rollout/                |              |
|    ep_len_mean          | 191          |
|    ep_rew_mean          | 74.4         |
| time/                   |              |
|    fps                  | 146          |
|    iterations           | 137          |
|    time_elapsed         | 1911         |
|    total_timesteps      | 280576       |
| train/                  |              |
|    approx_kl            | 0.0111681875 |
|    clip_fraction        | 0.0732       |
|    clip_range           | 0.2          |
|    entropy_loss         | -0.484       |
|    explained_variance   | -0.209       |
|    learning_rate        | 0.0003       |
|    loss                 | 57.3         |
|    n_updates            | 1360         |
|    policy_gradient_loss | -0.00128     |
|    value_loss           | 208          |
------------------------------------------
FruitCounts | {'Fruit': 0, 'DecayFruit': 1, 'EnemyFruit': 0} |
------------------------------------------
| rollout/                |              |
|    ep_len_mean          | 186          |
|    ep_rew_mean          | 75.3         |
| time/                   |              |
|    fps                  | 146          |
|    iterations           | 138          |
|    time_elapsed         | 1924         |
|    total_timesteps      | 282624       |
| train/                  |              |
|    approx_kl            | 0.0070916433 |
|    clip_fraction        | 0.0737       |
|    clip_range           | 0.2          |
|    entropy_loss         | -0.458       |
|    explained_variance   | 0.0981       |
|    learning_rate        | 0.0003       |
|    loss                 | 179          |
|    n_updates            | 1370         |
|    policy_gradient_loss | -0.00483     |
|    value_loss           | 288          |
------------------------------------------
FruitCounts | {'Fruit': 0, 'DecayFruit': 0, 'EnemyFruit': 0} |
------------------------------------------
| rollout/                |              |
|    ep_len_mean          | 196          |
|    ep_rew_mean          | 80.5         |
| time/                   |              |
|    fps                  | 147          |
|    iterations           | 139          |
|    time_elapsed         | 1935         |
|    total_timesteps      | 284672       |
| train/                  |              |
|    approx_kl            | 0.0123129515 |
|    clip_fraction        | 0.101        |
|    clip_range           | 0.2          |
|    entropy_loss         | -0.479       |
|    explained_variance   | 0.0752       |
|    learning_rate        | 0.0003       |
|    loss                 | 84.7         |
|    n_updates            | 1380         |
|    policy_gradient_loss | -0.00754     |
|    value_loss           | 213          |
------------------------------------------
FruitCounts | {'Fruit': 0, 'DecayFruit': 0, 'EnemyFruit': 0} |
-----------------------------------------
| rollout/                |             |
|    ep_len_mean          | 192         |
|    ep_rew_mean          | 80.1        |
| time/                   |             |
|    fps                  | 147         |
|    iterations           | 140         |
|    time_elapsed         | 1948        |
|    total_timesteps      | 286720      |
| train/                  |             |
|    approx_kl            | 0.008464468 |
|    clip_fraction        | 0.0846      |
|    clip_range           | 0.2         |
|    entropy_loss         | -0.47       |
|    explained_variance   | 0.0633      |
|    learning_rate        | 0.0003      |
|    loss                 | 60.3        |
|    n_updates            | 1390        |
|    policy_gradient_loss | -0.0057     |
|    value_loss           | 189         |
-----------------------------------------
FruitCounts | {'Fruit': 1, 'DecayFruit': 6, 'EnemyFruit': 8} |
----------------------------------------
| rollout/                |            |
|    ep_len_mean          | 191        |
|    ep_rew_mean          | 80.9       |
| time/                   |            |
|    fps                  | 147        |
|    iterations           | 141        |
|    time_elapsed         | 1960       |
|    total_timesteps      | 288768     |
| train/                  |            |
|    approx_kl            | 0.00855195 |
|    clip_fraction        | 0.0788     |
|    clip_range           | 0.2        |
|    entropy_loss         | -0.475     |
|    explained_variance   | 0.239      |
|    learning_rate        | 0.0003     |
|    loss                 | 160        |
|    n_updates            | 1400       |
|    policy_gradient_loss | -0.00261   |
|    value_loss           | 233        |
----------------------------------------
FruitCounts | {'Fruit': 0, 'DecayFruit': 4, 'EnemyFruit': 4} |
------------------------------------------
| rollout/                |              |
|    ep_len_mean          | 205          |
|    ep_rew_mean          | 92.5         |
| time/                   |              |
|    fps                  | 147          |
|    iterations           | 142          |
|    time_elapsed         | 1973         |
|    total_timesteps      | 290816       |
| train/                  |              |
|    approx_kl            | 0.0063220365 |
|    clip_fraction        | 0.0679       |
|    clip_range           | 0.2          |
|    entropy_loss         | -0.45        |
|    explained_variance   | 0.0499       |
|    learning_rate        | 0.0003       |
|    loss                 | 160          |
|    n_updates            | 1410         |
|    policy_gradient_loss | -0.00347     |
|    value_loss           | 322          |
------------------------------------------
FruitCounts | {'Fruit': 0, 'DecayFruit': 0, 'EnemyFruit': 0} |
------------------------------------------
| rollout/                |              |
|    ep_len_mean          | 202          |
|    ep_rew_mean          | 94.5         |
| time/                   |              |
|    fps                  | 147          |
|    iterations           | 143          |
|    time_elapsed         | 1986         |
|    total_timesteps      | 292864       |
| train/                  |              |
|    approx_kl            | 0.0078533795 |
|    clip_fraction        | 0.0659       |
|    clip_range           | 0.2          |
|    entropy_loss         | -0.433       |
|    explained_variance   | 0.017        |
|    learning_rate        | 0.0003       |
|    loss                 | 135          |
|    n_updates            | 1420         |
|    policy_gradient_loss | -0.00231     |
|    value_loss           | 311          |
------------------------------------------
FruitCounts | {'Fruit': 0, 'DecayFruit': 0, 'EnemyFruit': 0} |
-----------------------------------------
| rollout/                |             |
|    ep_len_mean          | 201         |
|    ep_rew_mean          | 102         |
| time/                   |             |
|    fps                  | 147         |
|    iterations           | 144         |
|    time_elapsed         | 1999        |
|    total_timesteps      | 294912      |
| train/                  |             |
|    approx_kl            | 0.009292407 |
|    clip_fraction        | 0.0886      |
|    clip_range           | 0.2         |
|    entropy_loss         | -0.422      |
|    explained_variance   | 0.146       |
|    learning_rate        | 0.0003      |
|    loss                 | 116         |
|    n_updates            | 1430        |
|    policy_gradient_loss | -0.00725    |
|    value_loss           | 268         |
-----------------------------------------
FruitCounts | {'Fruit': 1, 'DecayFruit': 7, 'EnemyFruit': 2} |
----------------------------------------
| rollout/                |            |
|    ep_len_mean          | 194        |
|    ep_rew_mean          | 102        |
| time/                   |            |
|    fps                  | 147        |
|    iterations           | 145        |
|    time_elapsed         | 2011       |
|    total_timesteps      | 296960     |
| train/                  |            |
|    approx_kl            | 0.00939006 |
|    clip_fraction        | 0.0811     |
|    clip_range           | 0.2        |
|    entropy_loss         | -0.4       |
|    explained_variance   | 0.0515     |
|    learning_rate        | 0.0003     |
|    loss                 | 212        |
|    n_updates            | 1440       |
|    policy_gradient_loss | -0.00604   |
|    value_loss           | 299        |
----------------------------------------
FruitCounts | {'Fruit': 1, 'DecayFruit': 0, 'EnemyFruit': 2} |
-----------------------------------------
| rollout/                |             |
|    ep_len_mean          | 204         |
|    ep_rew_mean          | 106         |
| time/                   |             |
|    fps                  | 147         |
|    iterations           | 146         |
|    time_elapsed         | 2024        |
|    total_timesteps      | 299008      |
| train/                  |             |
|    approx_kl            | 0.007099358 |
|    clip_fraction        | 0.0801      |
|    clip_range           | 0.2         |
|    entropy_loss         | -0.41       |
|    explained_variance   | 0.146       |
|    learning_rate        | 0.0003      |
|    loss                 | 139         |
|    n_updates            | 1450        |
|    policy_gradient_loss | -0.005      |
|    value_loss           | 265         |
-----------------------------------------
FruitCounts | {'Fruit': 0, 'DecayFruit': 1, 'EnemyFruit': 1} |
-----------------------------------------
| rollout/                |             |
|    ep_len_mean          | 211         |
|    ep_rew_mean          | 106         |
| time/                   |             |
|    fps                  | 147         |
|    iterations           | 147         |
|    time_elapsed         | 2036        |
|    total_timesteps      | 301056      |
| train/                  |             |
|    approx_kl            | 0.005899583 |
|    clip_fraction        | 0.0824      |
|    clip_range           | 0.2         |
|    entropy_loss         | -0.432      |
|    explained_variance   | 0.0294      |
|    learning_rate        | 0.0003      |
|    loss                 | 116         |
|    n_updates            | 1460        |
|    policy_gradient_loss | -0.00343    |
|    value_loss           | 237         |
-----------------------------------------
FruitCounts | {'Fruit': 0, 'DecayFruit': 1, 'EnemyFruit': 2} |
-----------------------------------------
| rollout/                |             |
|    ep_len_mean          | 200         |
|    ep_rew_mean          | 101         |
| time/                   |             |
|    fps                  | 147         |
|    iterations           | 148         |
|    time_elapsed         | 2050        |
|    total_timesteps      | 303104      |
| train/                  |             |
|    approx_kl            | 0.020788565 |
|    clip_fraction        | 0.0949      |
|    clip_range           | 0.2         |
|    entropy_loss         | -0.461      |
|    explained_variance   | 0.189       |
|    learning_rate        | 0.0003      |
|    loss                 | 31          |
|    n_updates            | 1470        |
|    policy_gradient_loss | 0.0015      |
|    value_loss           | 130         |
-----------------------------------------
FruitCounts | {'Fruit': 0, 'DecayFruit': 4, 'EnemyFruit': 0} |
-----------------------------------------
| rollout/                |             |
|    ep_len_mean          | 193         |
|    ep_rew_mean          | 101         |
| time/                   |             |
|    fps                  | 147         |
|    iterations           | 149         |
|    time_elapsed         | 2063        |
|    total_timesteps      | 305152      |
| train/                  |             |
|    approx_kl            | 0.005413968 |
|    clip_fraction        | 0.0676      |
|    clip_range           | 0.2         |
|    entropy_loss         | -0.453      |
|    explained_variance   | -0.006      |
|    learning_rate        | 0.0003      |
|    loss                 | 92.7        |
|    n_updates            | 1480        |
|    policy_gradient_loss | -0.00281    |
|    value_loss           | 294         |
-----------------------------------------
FruitCounts | {'Fruit': 0, 'DecayFruit': 5, 'EnemyFruit': 0} |
------------------------------------------
| rollout/                |              |
|    ep_len_mean          | 179          |
|    ep_rew_mean          | 102          |
| time/                   |              |
|    fps                  | 147          |
|    iterations           | 150          |
|    time_elapsed         | 2078         |
|    total_timesteps      | 307200       |
| train/                  |              |
|    approx_kl            | 0.0068437187 |
|    clip_fraction        | 0.0821       |
|    clip_range           | 0.2          |
|    entropy_loss         | -0.455       |
|    explained_variance   | 0.104        |
|    learning_rate        | 0.0003       |
|    loss                 | 127          |
|    n_updates            | 1490         |
|    policy_gradient_loss | -0.00279     |
|    value_loss           | 309          |
------------------------------------------
FruitCounts | {'Fruit': 0, 'DecayFruit': 0, 'EnemyFruit': 0} |
-----------------------------------------
| rollout/                |             |
|    ep_len_mean          | 168         |
|    ep_rew_mean          | 97.6        |
| time/                   |             |
|    fps                  | 147         |
|    iterations           | 151         |
|    time_elapsed         | 2091        |
|    total_timesteps      | 309248      |
| train/                  |             |
|    approx_kl            | 0.005648805 |
|    clip_fraction        | 0.0718      |
|    clip_range           | 0.2         |
|    entropy_loss         | -0.467      |
|    explained_variance   | 0.127       |
|    learning_rate        | 0.0003      |
|    loss                 | 281         |
|    n_updates            | 1500        |
|    policy_gradient_loss | -0.00387    |
|    value_loss           | 486         |
-----------------------------------------
FruitCounts | {'Fruit': 0, 'DecayFruit': 1, 'EnemyFruit': 0} |
-----------------------------------------
| rollout/                |             |
|    ep_len_mean          | 164         |
|    ep_rew_mean          | 92.6        |
| time/                   |             |
|    fps                  | 147         |
|    iterations           | 152         |
|    time_elapsed         | 2105        |
|    total_timesteps      | 311296      |
| train/                  |             |
|    approx_kl            | 0.008406816 |
|    clip_fraction        | 0.0822      |
|    clip_range           | 0.2         |
|    entropy_loss         | -0.445      |
|    explained_variance   | 0.162       |
|    learning_rate        | 0.0003      |
|    loss                 | 194         |
|    n_updates            | 1510        |
|    policy_gradient_loss | -0.00279    |
|    value_loss           | 288         |
-----------------------------------------
FruitCounts | {'Fruit': 0, 'DecayFruit': 0, 'EnemyFruit': 0} |
-----------------------------------------
| rollout/                |             |
|    ep_len_mean          | 157         |
|    ep_rew_mean          | 93.2        |
| time/                   |             |
|    fps                  | 147         |
|    iterations           | 153         |
|    time_elapsed         | 2119        |
|    total_timesteps      | 313344      |
| train/                  |             |
|    approx_kl            | 0.008154723 |
|    clip_fraction        | 0.0812      |
|    clip_range           | 0.2         |
|    entropy_loss         | -0.48       |
|    explained_variance   | 0.0942      |
|    learning_rate        | 0.0003      |
|    loss                 | 58.7        |
|    n_updates            | 1520        |
|    policy_gradient_loss | -0.00529    |
|    value_loss           | 257         |
-----------------------------------------
FruitCounts | {'Fruit': 1, 'DecayFruit': 3, 'EnemyFruit': 0} |
-----------------------------------------
| rollout/                |             |
|    ep_len_mean          | 147         |
|    ep_rew_mean          | 94.6        |
| time/                   |             |
|    fps                  | 147         |
|    iterations           | 154         |
|    time_elapsed         | 2132        |
|    total_timesteps      | 315392      |
| train/                  |             |
|    approx_kl            | 0.010775194 |
|    clip_fraction        | 0.0864      |
|    clip_range           | 0.2         |
|    entropy_loss         | -0.463      |
|    explained_variance   | 0.127       |
|    learning_rate        | 0.0003      |
|    loss                 | 120         |
|    n_updates            | 1530        |
|    policy_gradient_loss | -0.00349    |
|    value_loss           | 235         |
-----------------------------------------
FruitCounts | {'Fruit': 1, 'DecayFruit': 3, 'EnemyFruit': 3} |
------------------------------------------
| rollout/                |              |
|    ep_len_mean          | 150          |
|    ep_rew_mean          | 96.9         |
| time/                   |              |
|    fps                  | 147          |
|    iterations           | 155          |
|    time_elapsed         | 2145         |
|    total_timesteps      | 317440       |
| train/                  |              |
|    approx_kl            | 0.0066196783 |
|    clip_fraction        | 0.0713       |
|    clip_range           | 0.2          |
|    entropy_loss         | -0.45        |
|    explained_variance   | 0.156        |
|    learning_rate        | 0.0003       |
|    loss                 | 84           |
|    n_updates            | 1540         |
|    policy_gradient_loss | -0.00595     |
|    value_loss           | 334          |
------------------------------------------
FruitCounts | {'Fruit': 1, 'DecayFruit': 4, 'EnemyFruit': 1} |
------------------------------------------
| rollout/                |              |
|    ep_len_mean          | 147          |
|    ep_rew_mean          | 101          |
| time/                   |              |
|    fps                  | 147          |
|    iterations           | 156          |
|    time_elapsed         | 2158         |
|    total_timesteps      | 319488       |
| train/                  |              |
|    approx_kl            | 0.0057798736 |
|    clip_fraction        | 0.0714       |
|    clip_range           | 0.2          |
|    entropy_loss         | -0.438       |
|    explained_variance   | 0.0537       |
|    learning_rate        | 0.0003       |
|    loss                 | 59.1         |
|    n_updates            | 1550         |
|    policy_gradient_loss | -0.000512    |
|    value_loss           | 217          |
------------------------------------------
FruitCounts | {'Fruit': 0, 'DecayFruit': 1, 'EnemyFruit': 0} |
------------------------------------------
| rollout/                |              |
|    ep_len_mean          | 153          |
|    ep_rew_mean          | 102          |
| time/                   |              |
|    fps                  | 148          |
|    iterations           | 157          |
|    time_elapsed         | 2171         |
|    total_timesteps      | 321536       |
| train/                  |              |
|    approx_kl            | 0.0064849323 |
|    clip_fraction        | 0.0648       |
|    clip_range           | 0.2          |
|    entropy_loss         | -0.422       |
|    explained_variance   | 0.104        |
|    learning_rate        | 0.0003       |
|    loss                 | 175          |
|    n_updates            | 1560         |
|    policy_gradient_loss | -0.00561     |
|    value_loss           | 441          |
------------------------------------------
FruitCounts | {'Fruit': 0, 'DecayFruit': 5, 'EnemyFruit': 3} |
-----------------------------------------
| rollout/                |             |
|    ep_len_mean          | 166         |
|    ep_rew_mean          | 107         |
| time/                   |             |
|    fps                  | 148         |
|    iterations           | 158         |
|    time_elapsed         | 2183        |
|    total_timesteps      | 323584      |
| train/                  |             |
|    approx_kl            | 0.008737645 |
|    clip_fraction        | 0.0654      |
|    clip_range           | 0.2         |
|    entropy_loss         | -0.434      |
|    explained_variance   | 0.14        |
|    learning_rate        | 0.0003      |
|    loss                 | 132         |
|    n_updates            | 1570        |
|    policy_gradient_loss | -0.00437    |
|    value_loss           | 374         |
-----------------------------------------
FruitCounts | {'Fruit': 0, 'DecayFruit': 2, 'EnemyFruit': 3} |
-----------------------------------------
| rollout/                |             |
|    ep_len_mean          | 170         |
|    ep_rew_mean          | 110         |
| time/                   |             |
|    fps                  | 148         |
|    iterations           | 159         |
|    time_elapsed         | 2196        |
|    total_timesteps      | 325632      |
| train/                  |             |
|    approx_kl            | 0.008911506 |
|    clip_fraction        | 0.0819      |
|    clip_range           | 0.2         |
|    entropy_loss         | -0.396      |
|    explained_variance   | 0.187       |
|    learning_rate        | 0.0003      |
|    loss                 | 126         |
|    n_updates            | 1580        |
|    policy_gradient_loss | -0.00494    |
|    value_loss           | 254         |
-----------------------------------------
FruitCounts | {'Fruit': 0, 'DecayFruit': 0, 'EnemyFruit': 1} |
------------------------------------------
| rollout/                |              |
|    ep_len_mean          | 177          |
|    ep_rew_mean          | 113          |
| time/                   |              |
|    fps                  | 148          |
|    iterations           | 160          |
|    time_elapsed         | 2209         |
|    total_timesteps      | 327680       |
| train/                  |              |
|    approx_kl            | 0.0059176795 |
|    clip_fraction        | 0.068        |
|    clip_range           | 0.2          |
|    entropy_loss         | -0.432       |
|    explained_variance   | 0.139        |
|    learning_rate        | 0.0003       |
|    loss                 | 146          |
|    n_updates            | 1590         |
|    policy_gradient_loss | -0.00264     |
|    value_loss           | 299          |
------------------------------------------
FruitCounts | {'Fruit': 1, 'DecayFruit': 7, 'EnemyFruit': 2} |
-----------------------------------------
| rollout/                |             |
|    ep_len_mean          | 182         |
|    ep_rew_mean          | 120         |
| time/                   |             |
|    fps                  | 148         |
|    iterations           | 161         |
|    time_elapsed         | 2221        |
|    total_timesteps      | 329728      |
| train/                  |             |
|    approx_kl            | 0.008359893 |
|    clip_fraction        | 0.0826      |
|    clip_range           | 0.2         |
|    entropy_loss         | -0.392      |
|    explained_variance   | 0.103       |
|    learning_rate        | 0.0003      |
|    loss                 | 110         |
|    n_updates            | 1600        |
|    policy_gradient_loss | -0.00338    |
|    value_loss           | 268         |
-----------------------------------------
FruitCounts | {'Fruit': 0, 'DecayFruit': 0, 'EnemyFruit': 0} |
------------------------------------------
| rollout/                |              |
|    ep_len_mean          | 177          |
|    ep_rew_mean          | 119          |
| time/                   |              |
|    fps                  | 148          |
|    iterations           | 162          |
|    time_elapsed         | 2235         |
|    total_timesteps      | 331776       |
| train/                  |              |
|    approx_kl            | 0.0064687505 |
|    clip_fraction        | 0.0757       |
|    clip_range           | 0.2          |
|    entropy_loss         | -0.411       |
|    explained_variance   | 0.116        |
|    learning_rate        | 0.0003       |
|    loss                 | 106          |
|    n_updates            | 1610         |
|    policy_gradient_loss | -0.00321     |
|    value_loss           | 283          |
------------------------------------------
FruitCounts | {'Fruit': 0, 'DecayFruit': 3, 'EnemyFruit': 1} |
------------------------------------------
| rollout/                |              |
|    ep_len_mean          | 183          |
|    ep_rew_mean          | 119          |
| time/                   |              |
|    fps                  | 148          |
|    iterations           | 163          |
|    time_elapsed         | 2248         |
|    total_timesteps      | 333824       |
| train/                  |              |
|    approx_kl            | 0.0046837395 |
|    clip_fraction        | 0.0684       |
|    clip_range           | 0.2          |
|    entropy_loss         | -0.393       |
|    explained_variance   | 0.0808       |
|    learning_rate        | 0.0003       |
|    loss                 | 267          |
|    n_updates            | 1620         |
|    policy_gradient_loss | -0.00186     |
|    value_loss           | 436          |
------------------------------------------
FruitCounts | {'Fruit': 0, 'DecayFruit': 1, 'EnemyFruit': 1} |
-----------------------------------------
| rollout/                |             |
|    ep_len_mean          | 186         |
|    ep_rew_mean          | 128         |
| time/                   |             |
|    fps                  | 148         |
|    iterations           | 164         |
|    time_elapsed         | 2261        |
|    total_timesteps      | 335872      |
| train/                  |             |
|    approx_kl            | 0.012518842 |
|    clip_fraction        | 0.0776      |
|    clip_range           | 0.2         |
|    entropy_loss         | -0.41       |
|    explained_variance   | 0.152       |
|    learning_rate        | 0.0003      |
|    loss                 | 116         |
|    n_updates            | 1630        |
|    policy_gradient_loss | -0.00284    |
|    value_loss           | 267         |
-----------------------------------------
FruitCounts | {'Fruit': 0, 'DecayFruit': 0, 'EnemyFruit': 0} |
------------------------------------------
| rollout/                |              |
|    ep_len_mean          | 185          |
|    ep_rew_mean          | 125          |
| time/                   |              |
|    fps                  | 148          |
|    iterations           | 165          |
|    time_elapsed         | 2274         |
|    total_timesteps      | 337920       |
| train/                  |              |
|    approx_kl            | 0.0074138986 |
|    clip_fraction        | 0.0959       |
|    clip_range           | 0.2          |
|    entropy_loss         | -0.416       |
|    explained_variance   | 0.136        |
|    learning_rate        | 0.0003       |
|    loss                 | 117          |
|    n_updates            | 1640         |
|    policy_gradient_loss | -0.00133     |
|    value_loss           | 379          |
------------------------------------------
FruitCounts | {'Fruit': 0, 'DecayFruit': 0, 'EnemyFruit': 1} |
-----------------------------------------
| rollout/                |             |
|    ep_len_mean          | 178         |
|    ep_rew_mean          | 115         |
| time/                   |             |
|    fps                  | 148         |
|    iterations           | 166         |
|    time_elapsed         | 2287        |
|    total_timesteps      | 339968      |
| train/                  |             |
|    approx_kl            | 0.010082815 |
|    clip_fraction        | 0.083       |
|    clip_range           | 0.2         |
|    entropy_loss         | -0.384      |
|    explained_variance   | -0.000453   |
|    learning_rate        | 0.0003      |
|    loss                 | 211         |
|    n_updates            | 1650        |
|    policy_gradient_loss | -0.00243    |
|    value_loss           | 353         |
-----------------------------------------
FruitCounts | {'Fruit': 0, 'DecayFruit': 2, 'EnemyFruit': 0} |
------------------------------------------
| rollout/                |              |
|    ep_len_mean          | 173          |
|    ep_rew_mean          | 112          |
| time/                   |              |
|    fps                  | 148          |
|    iterations           | 167          |
|    time_elapsed         | 2299         |
|    total_timesteps      | 342016       |
| train/                  |              |
|    approx_kl            | 0.0098724365 |
|    clip_fraction        | 0.0854       |
|    clip_range           | 0.2          |
|    entropy_loss         | -0.396       |
|    explained_variance   | 0.068        |
|    learning_rate        | 0.0003       |
|    loss                 | 97.9         |
|    n_updates            | 1660         |
|    policy_gradient_loss | -0.0037      |
|    value_loss           | 323          |
------------------------------------------
FruitCounts | {'Fruit': 0, 'DecayFruit': 1, 'EnemyFruit': 0} |
------------------------------------------
| rollout/                |              |
|    ep_len_mean          | 181          |
|    ep_rew_mean          | 115          |
| time/                   |              |
|    fps                  | 148          |
|    iterations           | 168          |
|    time_elapsed         | 2311         |
|    total_timesteps      | 344064       |
| train/                  |              |
|    approx_kl            | 0.0073456904 |
|    clip_fraction        | 0.0769       |
|    clip_range           | 0.2          |
|    entropy_loss         | -0.394       |
|    explained_variance   | 0.0726       |
|    learning_rate        | 0.0003       |
|    loss                 | 128          |
|    n_updates            | 1670         |
|    policy_gradient_loss | -0.00356     |
|    value_loss           | 272          |
------------------------------------------
FruitCounts | {'Fruit': 0, 'DecayFruit': 0, 'EnemyFruit': 1} |
-----------------------------------------
| rollout/                |             |
|    ep_len_mean          | 181         |
|    ep_rew_mean          | 115         |
| time/                   |             |
|    fps                  | 148         |
|    iterations           | 169         |
|    time_elapsed         | 2324        |
|    total_timesteps      | 346112      |
| train/                  |             |
|    approx_kl            | 0.007091985 |
|    clip_fraction        | 0.0759      |
|    clip_range           | 0.2         |
|    entropy_loss         | -0.393      |
|    explained_variance   | 0.229       |
|    learning_rate        | 0.0003      |
|    loss                 | 63.6        |
|    n_updates            | 1680        |
|    policy_gradient_loss | -0.00109    |
|    value_loss           | 181         |
-----------------------------------------
FruitCounts | {'Fruit': 0, 'DecayFruit': 4, 'EnemyFruit': 1} |
-----------------------------------------
| rollout/                |             |
|    ep_len_mean          | 176         |
|    ep_rew_mean          | 111         |
| time/                   |             |
|    fps                  | 148         |
|    iterations           | 170         |
|    time_elapsed         | 2337        |
|    total_timesteps      | 348160      |
| train/                  |             |
|    approx_kl            | 0.010295577 |
|    clip_fraction        | 0.0896      |
|    clip_range           | 0.2         |
|    entropy_loss         | -0.379      |
|    explained_variance   | 0.00143     |
|    learning_rate        | 0.0003      |
|    loss                 | 139         |
|    n_updates            | 1690        |
|    policy_gradient_loss | -0.00215    |
|    value_loss           | 248         |
-----------------------------------------
FruitCounts | {'Fruit': 0, 'DecayFruit': 4, 'EnemyFruit': 0} |
---------------------------------------
| rollout/                |           |
|    ep_len_mean          | 183       |
|    ep_rew_mean          | 116       |
| time/                   |           |
|    fps                  | 148       |
|    iterations           | 171       |
|    time_elapsed         | 2350      |
|    total_timesteps      | 350208    |
| train/                  |           |
|    approx_kl            | 0.0055692 |
|    clip_fraction        | 0.0733    |
|    clip_range           | 0.2       |
|    entropy_loss         | -0.401    |
|    explained_variance   | 0.0278    |
|    learning_rate        | 0.0003    |
|    loss                 | 134       |
|    n_updates            | 1700      |
|    policy_gradient_loss | -0.00334  |
|    value_loss           | 321       |
---------------------------------------
FruitCounts | {'Fruit': 0, 'DecayFruit': 5, 'EnemyFruit': 0} |
-----------------------------------------
| rollout/                |             |
|    ep_len_mean          | 188         |
|    ep_rew_mean          | 122         |
| time/                   |             |
|    fps                  | 149         |
|    iterations           | 172         |
|    time_elapsed         | 2362        |
|    total_timesteps      | 352256      |
| train/                  |             |
|    approx_kl            | 0.006259287 |
|    clip_fraction        | 0.0611      |
|    clip_range           | 0.2         |
|    entropy_loss         | -0.381      |
|    explained_variance   | 0.16        |
|    learning_rate        | 0.0003      |
|    loss                 | 176         |
|    n_updates            | 1710        |
|    policy_gradient_loss | -0.00413    |
|    value_loss           | 428         |
-----------------------------------------
FruitCounts | {'Fruit': 0, 'DecayFruit': 6, 'EnemyFruit': 3} |
-----------------------------------------
| rollout/                |             |
|    ep_len_mean          | 183         |
|    ep_rew_mean          | 121         |
| time/                   |             |
|    fps                  | 149         |
|    iterations           | 173         |
|    time_elapsed         | 2375        |
|    total_timesteps      | 354304      |
| train/                  |             |
|    approx_kl            | 0.006741781 |
|    clip_fraction        | 0.0617      |
|    clip_range           | 0.2         |
|    entropy_loss         | -0.373      |
|    explained_variance   | 0.144       |
|    learning_rate        | 0.0003      |
|    loss                 | 141         |
|    n_updates            | 1720        |
|    policy_gradient_loss | -0.00292    |
|    value_loss           | 308         |
-----------------------------------------
FruitCounts | {'Fruit': 0, 'DecayFruit': 0, 'EnemyFruit': 0} |
------------------------------------------
| rollout/                |              |
|    ep_len_mean          | 184          |
|    ep_rew_mean          | 122          |
| time/                   |              |
|    fps                  | 149          |
|    iterations           | 174          |
|    time_elapsed         | 2389         |
|    total_timesteps      | 356352       |
| train/                  |              |
|    approx_kl            | 0.0046905978 |
|    clip_fraction        | 0.0661       |
|    clip_range           | 0.2          |
|    entropy_loss         | -0.381       |
|    explained_variance   | -0.00552     |
|    learning_rate        | 0.0003       |
|    loss                 | 220          |
|    n_updates            | 1730         |
|    policy_gradient_loss | -0.00237     |
|    value_loss           | 482          |
------------------------------------------
FruitCounts | {'Fruit': 0, 'DecayFruit': 1, 'EnemyFruit': 0} |
-----------------------------------------
| rollout/                |             |
|    ep_len_mean          | 181         |
|    ep_rew_mean          | 124         |
| time/                   |             |
|    fps                  | 149         |
|    iterations           | 175         |
|    time_elapsed         | 2403        |
|    total_timesteps      | 358400      |
| train/                  |             |
|    approx_kl            | 0.006639891 |
|    clip_fraction        | 0.0637      |
|    clip_range           | 0.2         |
|    entropy_loss         | -0.379      |
|    explained_variance   | 0.0949      |
|    learning_rate        | 0.0003      |
|    loss                 | 123         |
|    n_updates            | 1740        |
|    policy_gradient_loss | -0.00584    |
|    value_loss           | 322         |
-----------------------------------------
FruitCounts | {'Fruit': 0, 'DecayFruit': 1, 'EnemyFruit': 1} |
-----------------------------------------
| rollout/                |             |
|    ep_len_mean          | 179         |
|    ep_rew_mean          | 128         |
| time/                   |             |
|    fps                  | 149         |
|    iterations           | 176         |
|    time_elapsed         | 2416        |
|    total_timesteps      | 360448      |
| train/                  |             |
|    approx_kl            | 0.006297771 |
|    clip_fraction        | 0.0688      |
|    clip_range           | 0.2         |
|    entropy_loss         | -0.389      |
|    explained_variance   | 0.0589      |
|    learning_rate        | 0.0003      |
|    loss                 | 169         |
|    n_updates            | 1750        |
|    policy_gradient_loss | -0.00305    |
|    value_loss           | 458         |
-----------------------------------------
FruitCounts | {'Fruit': 1, 'DecayFruit': 4, 'EnemyFruit': 1} |
-----------------------------------------
| rollout/                |             |
|    ep_len_mean          | 170         |
|    ep_rew_mean          | 132         |
| time/                   |             |
|    fps                  | 149         |
|    iterations           | 177         |
|    time_elapsed         | 2430        |
|    total_timesteps      | 362496      |
| train/                  |             |
|    approx_kl            | 0.006291542 |
|    clip_fraction        | 0.0671      |
|    clip_range           | 0.2         |
|    entropy_loss         | -0.382      |
|    explained_variance   | 0.0897      |
|    learning_rate        | 0.0003      |
|    loss                 | 131         |
|    n_updates            | 1760        |
|    policy_gradient_loss | -0.00334    |
|    value_loss           | 326         |
-----------------------------------------
FruitCounts | {'Fruit': 0, 'DecayFruit': 2, 'EnemyFruit': 0} |
-----------------------------------------
| rollout/                |             |
|    ep_len_mean          | 174         |
|    ep_rew_mean          | 145         |
| time/                   |             |
|    fps                  | 149         |
|    iterations           | 178         |
|    time_elapsed         | 2443        |
|    total_timesteps      | 364544      |
| train/                  |             |
|    approx_kl            | 0.006784133 |
|    clip_fraction        | 0.0649      |
|    clip_range           | 0.2         |
|    entropy_loss         | -0.378      |
|    explained_variance   | 0.113       |
|    learning_rate        | 0.0003      |
|    loss                 | 274         |
|    n_updates            | 1770        |
|    policy_gradient_loss | -0.00518    |
|    value_loss           | 645         |
-----------------------------------------
FruitCounts | {'Fruit': 0, 'DecayFruit': 0, 'EnemyFruit': 0} |
-----------------------------------------
| rollout/                |             |
|    ep_len_mean          | 167         |
|    ep_rew_mean          | 140         |
| time/                   |             |
|    fps                  | 149         |
|    iterations           | 179         |
|    time_elapsed         | 2457        |
|    total_timesteps      | 366592      |
| train/                  |             |
|    approx_kl            | 0.008296257 |
|    clip_fraction        | 0.062       |
|    clip_range           | 0.2         |
|    entropy_loss         | -0.377      |
|    explained_variance   | 0.152       |
|    learning_rate        | 0.0003      |
|    loss                 | 190         |
|    n_updates            | 1780        |
|    policy_gradient_loss | -0.0027     |
|    value_loss           | 477         |
-----------------------------------------
FruitCounts | {'Fruit': 0, 'DecayFruit': 1, 'EnemyFruit': 1} |
--------------------------------------
| rollout/                |          |
|    ep_len_mean          | 157      |
|    ep_rew_mean          | 133      |
| time/                   |          |
|    fps                  | 149      |
|    iterations           | 180      |
|    time_elapsed         | 2471     |
|    total_timesteps      | 368640   |
| train/                  |          |
|    approx_kl            | 0.007674 |
|    clip_fraction        | 0.0723   |
|    clip_range           | 0.2      |
|    entropy_loss         | -0.399   |
|    explained_variance   | 0.141    |
|    learning_rate        | 0.0003   |
|    loss                 | 201      |
|    n_updates            | 1790     |
|    policy_gradient_loss | -0.00622 |
|    value_loss           | 481      |
--------------------------------------
FruitCounts | {'Fruit': 0, 'DecayFruit': 1, 'EnemyFruit': 0} |
------------------------------------------
| rollout/                |              |
|    ep_len_mean          | 149          |
|    ep_rew_mean          | 134          |
| time/                   |              |
|    fps                  | 149          |
|    iterations           | 181          |
|    time_elapsed         | 2486         |
|    total_timesteps      | 370688       |
| train/                  |              |
|    approx_kl            | 0.0054727844 |
|    clip_fraction        | 0.0651       |
|    clip_range           | 0.2          |
|    entropy_loss         | -0.408       |
|    explained_variance   | 0.143        |
|    learning_rate        | 0.0003       |
|    loss                 | 328          |
|    n_updates            | 1800         |
|    policy_gradient_loss | -0.00368     |
|    value_loss           | 528          |
------------------------------------------
FruitCounts | {'Fruit': 0, 'DecayFruit': 1, 'EnemyFruit': 0} |
-----------------------------------------
| rollout/                |             |
|    ep_len_mean          | 148         |
|    ep_rew_mean          | 139         |
| time/                   |             |
|    fps                  | 148         |
|    iterations           | 182         |
|    time_elapsed         | 2501        |
|    total_timesteps      | 372736      |
| train/                  |             |
|    approx_kl            | 0.008729408 |
|    clip_fraction        | 0.0693      |
|    clip_range           | 0.2         |
|    entropy_loss         | -0.383      |
|    explained_variance   | 0.0606      |
|    learning_rate        | 0.0003      |
|    loss                 | 202         |
|    n_updates            | 1810        |
|    policy_gradient_loss | -0.0049     |
|    value_loss           | 468         |
-----------------------------------------
FruitCounts | {'Fruit': 0, 'DecayFruit': 2, 'EnemyFruit': 0} |
-----------------------------------------
| rollout/                |             |
|    ep_len_mean          | 130         |
|    ep_rew_mean          | 129         |
| time/                   |             |
|    fps                  | 148         |
|    iterations           | 183         |
|    time_elapsed         | 2516        |
|    total_timesteps      | 374784      |
| train/                  |             |
|    approx_kl            | 0.008946833 |
|    clip_fraction        | 0.0753      |
|    clip_range           | 0.2         |
|    entropy_loss         | -0.383      |
|    explained_variance   | 0.229       |
|    learning_rate        | 0.0003      |
|    loss                 | 395         |
|    n_updates            | 1820        |
|    policy_gradient_loss | -0.00475    |
|    value_loss           | 588         |
-----------------------------------------
FruitCounts | {'Fruit': 0, 'DecayFruit': 3, 'EnemyFruit': 0} |
-----------------------------------------
| rollout/                |             |
|    ep_len_mean          | 125         |
|    ep_rew_mean          | 119         |
| time/                   |             |
|    fps                  | 148         |
|    iterations           | 184         |
|    time_elapsed         | 2530        |
|    total_timesteps      | 376832      |
| train/                  |             |
|    approx_kl            | 0.008399103 |
|    clip_fraction        | 0.0866      |
|    clip_range           | 0.2         |
|    entropy_loss         | -0.393      |
|    explained_variance   | 0.116       |
|    learning_rate        | 0.0003      |
|    loss                 | 170         |
|    n_updates            | 1830        |
|    policy_gradient_loss | -0.00433    |
|    value_loss           | 639         |
-----------------------------------------
FruitCounts | {'Fruit': 0, 'DecayFruit': 0, 'EnemyFruit': 0} |
-----------------------------------------
| rollout/                |             |
|    ep_len_mean          | 125         |
|    ep_rew_mean          | 120         |
| time/                   |             |
|    fps                  | 148         |
|    iterations           | 185         |
|    time_elapsed         | 2544        |
|    total_timesteps      | 378880      |
| train/                  |             |
|    approx_kl            | 0.008059086 |
|    clip_fraction        | 0.0693      |
|    clip_range           | 0.2         |
|    entropy_loss         | -0.371      |
|    explained_variance   | 0.0167      |
|    learning_rate        | 0.0003      |
|    loss                 | 171         |
|    n_updates            | 1840        |
|    policy_gradient_loss | -0.00234    |
|    value_loss           | 583         |
-----------------------------------------
FruitCounts | {'Fruit': 0, 'DecayFruit': 3, 'EnemyFruit': 0} |
------------------------------------------
| rollout/                |              |
|    ep_len_mean          | 119          |
|    ep_rew_mean          | 112          |
| time/                   |              |
|    fps                  | 148          |
|    iterations           | 186          |
|    time_elapsed         | 2560         |
|    total_timesteps      | 380928       |
| train/                  |              |
|    approx_kl            | 0.0059440327 |
|    clip_fraction        | 0.0702       |
|    clip_range           | 0.2          |
|    entropy_loss         | -0.355       |
|    explained_variance   | 0.143        |
|    learning_rate        | 0.0003       |
|    loss                 | 174          |
|    n_updates            | 1850         |
|    policy_gradient_loss | -0.00238     |
|    value_loss           | 452          |
------------------------------------------
FruitCounts | {'Fruit': 0, 'DecayFruit': 1, 'EnemyFruit': 0} |
-----------------------------------------
| rollout/                |             |
|    ep_len_mean          | 117         |
|    ep_rew_mean          | 116         |
| time/                   |             |
|    fps                  | 148         |
|    iterations           | 187         |
|    time_elapsed         | 2575        |
|    total_timesteps      | 382976      |
| train/                  |             |
|    approx_kl            | 0.008772047 |
|    clip_fraction        | 0.0757      |
|    clip_range           | 0.2         |
|    entropy_loss         | -0.373      |
|    explained_variance   | 0.146       |
|    learning_rate        | 0.0003      |
|    loss                 | 249         |
|    n_updates            | 1860        |
|    policy_gradient_loss | -0.00604    |
|    value_loss           | 515         |
-----------------------------------------
FruitCounts | {'Fruit': 0, 'DecayFruit': 1, 'EnemyFruit': 1} |
-----------------------------------------
| rollout/                |             |
|    ep_len_mean          | 125         |
|    ep_rew_mean          | 121         |
| time/                   |             |
|    fps                  | 148         |
|    iterations           | 188         |
|    time_elapsed         | 2589        |
|    total_timesteps      | 385024      |
| train/                  |             |
|    approx_kl            | 0.004787985 |
|    clip_fraction        | 0.0746      |
|    clip_range           | 0.2         |
|    entropy_loss         | -0.379      |
|    explained_variance   | 0.0909      |
|    learning_rate        | 0.0003      |
|    loss                 | 256         |
|    n_updates            | 1870        |
|    policy_gradient_loss | -0.00403    |
|    value_loss           | 525         |
-----------------------------------------
FruitCounts | {'Fruit': 0, 'DecayFruit': 0, 'EnemyFruit': 0} |
-----------------------------------------
| rollout/                |             |
|    ep_len_mean          | 130         |
|    ep_rew_mean          | 122         |
| time/                   |             |
|    fps                  | 148         |
|    iterations           | 189         |
|    time_elapsed         | 2602        |
|    total_timesteps      | 387072      |
| train/                  |             |
|    approx_kl            | 0.010144437 |
|    clip_fraction        | 0.0711      |
|    clip_range           | 0.2         |
|    entropy_loss         | -0.373      |
|    explained_variance   | 0.154       |
|    learning_rate        | 0.0003      |
|    loss                 | 199         |
|    n_updates            | 1880        |
|    policy_gradient_loss | -0.00265    |
|    value_loss           | 514         |
-----------------------------------------
FruitCounts | {'Fruit': 0, 'DecayFruit': 5, 'EnemyFruit': 2} |
-----------------------------------------
| rollout/                |             |
|    ep_len_mean          | 138         |
|    ep_rew_mean          | 130         |
| time/                   |             |
|    fps                  | 148         |
|    iterations           | 190         |
|    time_elapsed         | 2615        |
|    total_timesteps      | 389120      |
| train/                  |             |
|    approx_kl            | 0.008439857 |
|    clip_fraction        | 0.0753      |
|    clip_range           | 0.2         |
|    entropy_loss         | -0.361      |
|    explained_variance   | 0.14        |
|    learning_rate        | 0.0003      |
|    loss                 | 246         |
|    n_updates            | 1890        |
|    policy_gradient_loss | -0.00277    |
|    value_loss           | 452         |
-----------------------------------------
FruitCounts | {'Fruit': 0, 'DecayFruit': 0, 'EnemyFruit': 0} |
-----------------------------------------
| rollout/                |             |
|    ep_len_mean          | 135         |
|    ep_rew_mean          | 130         |
| time/                   |             |
|    fps                  | 148         |
|    iterations           | 191         |
|    time_elapsed         | 2630        |
|    total_timesteps      | 391168      |
| train/                  |             |
|    approx_kl            | 0.007958649 |
|    clip_fraction        | 0.0718      |
|    clip_range           | 0.2         |
|    entropy_loss         | -0.373      |
|    explained_variance   | 0.172       |
|    learning_rate        | 0.0003      |
|    loss                 | 406         |
|    n_updates            | 1900        |
|    policy_gradient_loss | -0.00298    |
|    value_loss           | 577         |
-----------------------------------------
FruitCounts | {'Fruit': 0, 'DecayFruit': 0, 'EnemyFruit': 2} |
------------------------------------------
| rollout/                |              |
|    ep_len_mean          | 134          |
|    ep_rew_mean          | 129          |
| time/                   |              |
|    fps                  | 148          |
|    iterations           | 192          |
|    time_elapsed         | 2644         |
|    total_timesteps      | 393216       |
| train/                  |              |
|    approx_kl            | 0.0069839107 |
|    clip_fraction        | 0.0723       |
|    clip_range           | 0.2          |
|    entropy_loss         | -0.365       |
|    explained_variance   | 0.103        |
|    learning_rate        | 0.0003       |
|    loss                 | 243          |
|    n_updates            | 1910         |
|    policy_gradient_loss | -0.00469     |
|    value_loss           | 563          |
------------------------------------------
FruitCounts | {'Fruit': 0, 'DecayFruit': 4, 'EnemyFruit': 0} |
-----------------------------------------
| rollout/                |             |
|    ep_len_mean          | 142         |
|    ep_rew_mean          | 136         |
| time/                   |             |
|    fps                  | 148         |
|    iterations           | 193         |
|    time_elapsed         | 2657        |
|    total_timesteps      | 395264      |
| train/                  |             |
|    approx_kl            | 0.005566353 |
|    clip_fraction        | 0.0643      |
|    clip_range           | 0.2         |
|    entropy_loss         | -0.377      |
|    explained_variance   | 0.176       |
|    learning_rate        | 0.0003      |
|    loss                 | 149         |
|    n_updates            | 1920        |
|    policy_gradient_loss | -0.00193    |
|    value_loss           | 584         |
-----------------------------------------
FruitCounts | {'Fruit': 0, 'DecayFruit': 1, 'EnemyFruit': 0} |
----------------------------------------
| rollout/                |            |
|    ep_len_mean          | 153        |
|    ep_rew_mean          | 150        |
| time/                   |            |
|    fps                  | 148        |
|    iterations           | 194        |
|    time_elapsed         | 2670       |
|    total_timesteps      | 397312     |
| train/                  |            |
|    approx_kl            | 0.01031032 |
|    clip_fraction        | 0.0858     |
|    clip_range           | 0.2        |
|    entropy_loss         | -0.373     |
|    explained_variance   | 0.204      |
|    learning_rate        | 0.0003     |
|    loss                 | 258        |
|    n_updates            | 1930       |
|    policy_gradient_loss | -0.00402   |
|    value_loss           | 395        |
----------------------------------------
FruitCounts | {'Fruit': 0, 'DecayFruit': 3, 'EnemyFruit': 0} |
------------------------------------------
| rollout/                |              |
|    ep_len_mean          | 159          |
|    ep_rew_mean          | 164          |
| time/                   |              |
|    fps                  | 148          |
|    iterations           | 195          |
|    time_elapsed         | 2684         |
|    total_timesteps      | 399360       |
| train/                  |              |
|    approx_kl            | 0.0077558253 |
|    clip_fraction        | 0.0617       |
|    clip_range           | 0.2          |
|    entropy_loss         | -0.355       |
|    explained_variance   | 0.182        |
|    learning_rate        | 0.0003       |
|    loss                 | 227          |
|    n_updates            | 1940         |
|    policy_gradient_loss | -0.00397     |
|    value_loss           | 771          |
------------------------------------------
FruitCounts | {'Fruit': 0, 'DecayFruit': 0, 'EnemyFruit': 0} |
-----------------------------------------
| rollout/                |             |
|    ep_len_mean          | 149         |
|    ep_rew_mean          | 165         |
| time/                   |             |
|    fps                  | 148         |
|    iterations           | 196         |
|    time_elapsed         | 2699        |
|    total_timesteps      | 401408      |
| train/                  |             |
|    approx_kl            | 0.006255388 |
|    clip_fraction        | 0.0735      |
|    clip_range           | 0.2         |
|    entropy_loss         | -0.368      |
|    explained_variance   | 0.233       |
|    learning_rate        | 0.0003      |
|    loss                 | 312         |
|    n_updates            | 1950        |
|    policy_gradient_loss | -0.00149    |
|    value_loss           | 565         |
-----------------------------------------
FruitCounts | {'Fruit': 0, 'DecayFruit': 0, 'EnemyFruit': 0} |
------------------------------------------
| rollout/                |              |
|    ep_len_mean          | 143          |
|    ep_rew_mean          | 165          |
| time/                   |              |
|    fps                  | 148          |
|    iterations           | 197          |
|    time_elapsed         | 2713         |
|    total_timesteps      | 403456       |
| train/                  |              |
|    approx_kl            | 0.0053162207 |
|    clip_fraction        | 0.0574       |
|    clip_range           | 0.2          |
|    entropy_loss         | -0.372       |
|    explained_variance   | 0.0557       |
|    learning_rate        | 0.0003       |
|    loss                 | 204          |
|    n_updates            | 1960         |
|    policy_gradient_loss | -0.00158     |
|    value_loss           | 738          |
------------------------------------------
FruitCounts | {'Fruit': 0, 'DecayFruit': 1, 'EnemyFruit': 0} |
-----------------------------------------
| rollout/                |             |
|    ep_len_mean          | 148         |
|    ep_rew_mean          | 177         |
| time/                   |             |
|    fps                  | 148         |
|    iterations           | 198         |
|    time_elapsed         | 2727        |
|    total_timesteps      | 405504      |
| train/                  |             |
|    approx_kl            | 0.006136278 |
|    clip_fraction        | 0.0606      |
|    clip_range           | 0.2         |
|    entropy_loss         | -0.36       |
|    explained_variance   | 0.0576      |
|    learning_rate        | 0.0003      |
|    loss                 | 279         |
|    n_updates            | 1970        |
|    policy_gradient_loss | -0.00083    |
|    value_loss           | 792         |
-----------------------------------------
FruitCounts | {'Fruit': 0, 'DecayFruit': 1, 'EnemyFruit': 1} |
-----------------------------------------
| rollout/                |             |
|    ep_len_mean          | 141         |
|    ep_rew_mean          | 178         |
| time/                   |             |
|    fps                  | 148         |
|    iterations           | 199         |
|    time_elapsed         | 2742        |
|    total_timesteps      | 407552      |
| train/                  |             |
|    approx_kl            | 0.006275994 |
|    clip_fraction        | 0.0727      |
|    clip_range           | 0.2         |
|    entropy_loss         | -0.367      |
|    explained_variance   | 0.139       |
|    learning_rate        | 0.0003      |
|    loss                 | 228         |
|    n_updates            | 1980        |
|    policy_gradient_loss | -0.00272    |
|    value_loss           | 769         |
-----------------------------------------
FruitCounts | {'Fruit': 0, 'DecayFruit': 4, 'EnemyFruit': 0} |
-----------------------------------------
| rollout/                |             |
|    ep_len_mean          | 137         |
|    ep_rew_mean          | 181         |
| time/                   |             |
|    fps                  | 148         |
|    iterations           | 200         |
|    time_elapsed         | 2755        |
|    total_timesteps      | 409600      |
| train/                  |             |
|    approx_kl            | 0.005243229 |
|    clip_fraction        | 0.067       |
|    clip_range           | 0.2         |
|    entropy_loss         | -0.346      |
|    explained_variance   | 0.232       |
|    learning_rate        | 0.0003      |
|    loss                 | 367         |
|    n_updates            | 1990        |
|    policy_gradient_loss | -0.00242    |
|    value_loss           | 793         |
-----------------------------------------
FruitCounts | {'Fruit': 0, 'DecayFruit': 0, 'EnemyFruit': 0} |
-----------------------------------------
| rollout/                |             |
|    ep_len_mean          | 135         |
|    ep_rew_mean          | 176         |
| time/                   |             |
|    fps                  | 148         |
|    iterations           | 201         |
|    time_elapsed         | 2769        |
|    total_timesteps      | 411648      |
| train/                  |             |
|    approx_kl            | 0.004953215 |
|    clip_fraction        | 0.0593      |
|    clip_range           | 0.2         |
|    entropy_loss         | -0.367      |
|    explained_variance   | 0.054       |
|    learning_rate        | 0.0003      |
|    loss                 | 296         |
|    n_updates            | 2000        |
|    policy_gradient_loss | -0.000684   |
|    value_loss           | 691         |
-----------------------------------------
FruitCounts | {'Fruit': 0, 'DecayFruit': 1, 'EnemyFruit': 0} |
-----------------------------------------
| rollout/                |             |
|    ep_len_mean          | 139         |
|    ep_rew_mean          | 175         |
| time/                   |             |
|    fps                  | 148         |
|    iterations           | 202         |
|    time_elapsed         | 2783        |
|    total_timesteps      | 413696      |
| train/                  |             |
|    approx_kl            | 0.007057676 |
|    clip_fraction        | 0.071       |
|    clip_range           | 0.2         |
|    entropy_loss         | -0.349      |
|    explained_variance   | 0.202       |
|    learning_rate        | 0.0003      |
|    loss                 | 386         |
|    n_updates            | 2010        |
|    policy_gradient_loss | -0.000162   |
|    value_loss           | 683         |
-----------------------------------------
FruitCounts | {'Fruit': 0, 'DecayFruit': 2, 'EnemyFruit': 2} |
-----------------------------------------
| rollout/                |             |
|    ep_len_mean          | 146         |
|    ep_rew_mean          | 178         |
| time/                   |             |
|    fps                  | 148         |
|    iterations           | 203         |
|    time_elapsed         | 2796        |
|    total_timesteps      | 415744      |
| train/                  |             |
|    approx_kl            | 0.009365034 |
|    clip_fraction        | 0.101       |
|    clip_range           | 0.2         |
|    entropy_loss         | -0.382      |
|    explained_variance   | 0.213       |
|    learning_rate        | 0.0003      |
|    loss                 | 225         |
|    n_updates            | 2020        |
|    policy_gradient_loss | -0.00246    |
|    value_loss           | 493         |
-----------------------------------------
FruitCounts | {'Fruit': 0, 'DecayFruit': 0, 'EnemyFruit': 0} |
-----------------------------------------
| rollout/                |             |
|    ep_len_mean          | 148         |
|    ep_rew_mean          | 176         |
| time/                   |             |
|    fps                  | 148         |
|    iterations           | 204         |
|    time_elapsed         | 2811        |
|    total_timesteps      | 417792      |
| train/                  |             |
|    approx_kl            | 0.007161825 |
|    clip_fraction        | 0.0875      |
|    clip_range           | 0.2         |
|    entropy_loss         | -0.373      |
|    explained_variance   | 0.334       |
|    learning_rate        | 0.0003      |
|    loss                 | 281         |
|    n_updates            | 2030        |
|    policy_gradient_loss | -0.00409    |
|    value_loss           | 496         |
-----------------------------------------
FruitCounts | {'Fruit': 0, 'DecayFruit': 2, 'EnemyFruit': 1} |
-----------------------------------------
| rollout/                |             |
|    ep_len_mean          | 146         |
|    ep_rew_mean          | 171         |
| time/                   |             |
|    fps                  | 148         |
|    iterations           | 205         |
|    time_elapsed         | 2824        |
|    total_timesteps      | 419840      |
| train/                  |             |
|    approx_kl            | 0.012532782 |
|    clip_fraction        | 0.0802      |
|    clip_range           | 0.2         |
|    entropy_loss         | -0.35       |
|    explained_variance   | 0.411       |
|    learning_rate        | 0.0003      |
|    loss                 | 162         |
|    n_updates            | 2040        |
|    policy_gradient_loss | -0.000467   |
|    value_loss           | 480         |
-----------------------------------------
FruitCounts | {'Fruit': 1, 'DecayFruit': 0, 'EnemyFruit': 0} |
------------------------------------------
| rollout/                |              |
|    ep_len_mean          | 150          |
|    ep_rew_mean          | 172          |
| time/                   |              |
|    fps                  | 148          |
|    iterations           | 206          |
|    time_elapsed         | 2839         |
|    total_timesteps      | 421888       |
| train/                  |              |
|    approx_kl            | 0.0054567847 |
|    clip_fraction        | 0.0666       |
|    clip_range           | 0.2          |
|    entropy_loss         | -0.343       |
|    explained_variance   | 0.153        |
|    learning_rate        | 0.0003       |
|    loss                 | 257          |
|    n_updates            | 2050         |
|    policy_gradient_loss | -0.00216     |
|    value_loss           | 560          |
------------------------------------------
FruitCounts | {'Fruit': 1, 'DecayFruit': 6, 'EnemyFruit': 1} |
------------------------------------------
| rollout/                |              |
|    ep_len_mean          | 154          |
|    ep_rew_mean          | 179          |
| time/                   |              |
|    fps                  | 148          |
|    iterations           | 207          |
|    time_elapsed         | 2852         |
|    total_timesteps      | 423936       |
| train/                  |              |
|    approx_kl            | 0.0070835375 |
|    clip_fraction        | 0.067        |
|    clip_range           | 0.2          |
|    entropy_loss         | -0.357       |
|    explained_variance   | 0.2          |
|    learning_rate        | 0.0003       |
|    loss                 | 205          |
|    n_updates            | 2060         |
|    policy_gradient_loss | -0.0006      |
|    value_loss           | 537          |
------------------------------------------
FruitCounts | {'Fruit': 0, 'DecayFruit': 0, 'EnemyFruit': 0} |
-----------------------------------------
| rollout/                |             |
|    ep_len_mean          | 154         |
|    ep_rew_mean          | 175         |
| time/                   |             |
|    fps                  | 148         |
|    iterations           | 208         |
|    time_elapsed         | 2867        |
|    total_timesteps      | 425984      |
| train/                  |             |
|    approx_kl            | 0.008670249 |
|    clip_fraction        | 0.0561      |
|    clip_range           | 0.2         |
|    entropy_loss         | -0.338      |
|    explained_variance   | 0.195       |
|    learning_rate        | 0.0003      |
|    loss                 | 135         |
|    n_updates            | 2070        |
|    policy_gradient_loss | -0.00476    |
|    value_loss           | 516         |
-----------------------------------------
FruitCounts | {'Fruit': 0, 'DecayFruit': 0, 'EnemyFruit': 1} |
-----------------------------------------
| rollout/                |             |
|    ep_len_mean          | 150         |
|    ep_rew_mean          | 167         |
| time/                   |             |
|    fps                  | 148         |
|    iterations           | 209         |
|    time_elapsed         | 2881        |
|    total_timesteps      | 428032      |
| train/                  |             |
|    approx_kl            | 0.007784766 |
|    clip_fraction        | 0.0711      |
|    clip_range           | 0.2         |
|    entropy_loss         | -0.363      |
|    explained_variance   | 0.29        |
|    learning_rate        | 0.0003      |
|    loss                 | 238         |
|    n_updates            | 2080        |
|    policy_gradient_loss | -0.00496    |
|    value_loss           | 590         |
-----------------------------------------
FruitCounts | {'Fruit': 1, 'DecayFruit': 5, 'EnemyFruit': 2} |
-----------------------------------------
| rollout/                |             |
|    ep_len_mean          | 141         |
|    ep_rew_mean          | 156         |
| time/                   |             |
|    fps                  | 148         |
|    iterations           | 210         |
|    time_elapsed         | 2895        |
|    total_timesteps      | 430080      |
| train/                  |             |
|    approx_kl            | 0.008100785 |
|    clip_fraction        | 0.082       |
|    clip_range           | 0.2         |
|    entropy_loss         | -0.344      |
|    explained_variance   | 0.29        |
|    learning_rate        | 0.0003      |
|    loss                 | 291         |
|    n_updates            | 2090        |
|    policy_gradient_loss | -0.00353    |
|    value_loss           | 505         |
-----------------------------------------
FruitCounts | {'Fruit': 0, 'DecayFruit': 1, 'EnemyFruit': 0} |
-----------------------------------------
| rollout/                |             |
|    ep_len_mean          | 141         |
|    ep_rew_mean          | 160         |
| time/                   |             |
|    fps                  | 148         |
|    iterations           | 211         |
|    time_elapsed         | 2910        |
|    total_timesteps      | 432128      |
| train/                  |             |
|    approx_kl            | 0.009720851 |
|    clip_fraction        | 0.0837      |
|    clip_range           | 0.2         |
|    entropy_loss         | -0.378      |
|    explained_variance   | 0.221       |
|    learning_rate        | 0.0003      |
|    loss                 | 242         |
|    n_updates            | 2100        |
|    policy_gradient_loss | -0.00316    |
|    value_loss           | 601         |
-----------------------------------------
FruitCounts | {'Fruit': 0, 'DecayFruit': 2, 'EnemyFruit': 0} |
-----------------------------------------
| rollout/                |             |
|    ep_len_mean          | 131         |
|    ep_rew_mean          | 154         |
| time/                   |             |
|    fps                  | 148         |
|    iterations           | 212         |
|    time_elapsed         | 2926        |
|    total_timesteps      | 434176      |
| train/                  |             |
|    approx_kl            | 0.005713417 |
|    clip_fraction        | 0.0687      |
|    clip_range           | 0.2         |
|    entropy_loss         | -0.35       |
|    explained_variance   | 0.132       |
|    learning_rate        | 0.0003      |
|    loss                 | 258         |
|    n_updates            | 2110        |
|    policy_gradient_loss | -0.0042     |
|    value_loss           | 732         |
-----------------------------------------
FruitCounts | {'Fruit': 0, 'DecayFruit': 2, 'EnemyFruit': 1} |
-----------------------------------------
| rollout/                |             |
|    ep_len_mean          | 130         |
|    ep_rew_mean          | 151         |
| time/                   |             |
|    fps                  | 148         |
|    iterations           | 213         |
|    time_elapsed         | 2939        |
|    total_timesteps      | 436224      |
| train/                  |             |
|    approx_kl            | 0.008618318 |
|    clip_fraction        | 0.0804      |
|    clip_range           | 0.2         |
|    entropy_loss         | -0.371      |
|    explained_variance   | 0.155       |
|    learning_rate        | 0.0003      |
|    loss                 | 295         |
|    n_updates            | 2120        |
|    policy_gradient_loss | -0.00435    |
|    value_loss           | 731         |
-----------------------------------------
FruitCounts | {'Fruit': 0, 'DecayFruit': 1, 'EnemyFruit': 2} |
------------------------------------------
| rollout/                |              |
|    ep_len_mean          | 123          |
|    ep_rew_mean          | 151          |
| time/                   |              |
|    fps                  | 148          |
|    iterations           | 214          |
|    time_elapsed         | 2954         |
|    total_timesteps      | 438272       |
| train/                  |              |
|    approx_kl            | 0.0075958855 |
|    clip_fraction        | 0.0856       |
|    clip_range           | 0.2          |
|    entropy_loss         | -0.341       |
|    explained_variance   | 0.139        |
|    learning_rate        | 0.0003       |
|    loss                 | 244          |
|    n_updates            | 2130         |
|    policy_gradient_loss | -0.00329     |
|    value_loss           | 524          |
------------------------------------------
FruitCounts | {'Fruit': 1, 'DecayFruit': 2, 'EnemyFruit': 1} |
-----------------------------------------
| rollout/                |             |
|    ep_len_mean          | 124         |
|    ep_rew_mean          | 161         |
| time/                   |             |
|    fps                  | 148         |
|    iterations           | 215         |
|    time_elapsed         | 2967        |
|    total_timesteps      | 440320      |
| train/                  |             |
|    approx_kl            | 0.008345926 |
|    clip_fraction        | 0.0832      |
|    clip_range           | 0.2         |
|    entropy_loss         | -0.35       |
|    explained_variance   | 0.22        |
|    learning_rate        | 0.0003      |
|    loss                 | 335         |
|    n_updates            | 2140        |
|    policy_gradient_loss | -0.00226    |
|    value_loss           | 732         |
-----------------------------------------
FruitCounts | {'Fruit': 0, 'DecayFruit': 7, 'EnemyFruit': 3} |
-----------------------------------------
| rollout/                |             |
|    ep_len_mean          | 130         |
|    ep_rew_mean          | 171         |
| time/                   |             |
|    fps                  | 148         |
|    iterations           | 216         |
|    time_elapsed         | 2979        |
|    total_timesteps      | 442368      |
| train/                  |             |
|    approx_kl            | 0.008483045 |
|    clip_fraction        | 0.0788      |
|    clip_range           | 0.2         |
|    entropy_loss         | -0.354      |
|    explained_variance   | 0.199       |
|    learning_rate        | 0.0003      |
|    loss                 | 445         |
|    n_updates            | 2150        |
|    policy_gradient_loss | -0.00495    |
|    value_loss           | 798         |
-----------------------------------------
FruitCounts | {'Fruit': 0, 'DecayFruit': 3, 'EnemyFruit': 0} |
----------------------------------------
| rollout/                |            |
|    ep_len_mean          | 136        |
|    ep_rew_mean          | 178        |
| time/                   |            |
|    fps                  | 148        |
|    iterations           | 217        |
|    time_elapsed         | 2992       |
|    total_timesteps      | 444416     |
| train/                  |            |
|    approx_kl            | 0.00915945 |
|    clip_fraction        | 0.0682     |
|    clip_range           | 0.2        |
|    entropy_loss         | -0.329     |
|    explained_variance   | 0.275      |
|    learning_rate        | 0.0003     |
|    loss                 | 130        |
|    n_updates            | 2160       |
|    policy_gradient_loss | -0.0041    |
|    value_loss           | 500        |
----------------------------------------
FruitCounts | {'Fruit': 0, 'DecayFruit': 9, 'EnemyFruit': 2} |
------------------------------------------
| rollout/                |              |
|    ep_len_mean          | 140          |
|    ep_rew_mean          | 186          |
| time/                   |              |
|    fps                  | 148          |
|    iterations           | 218          |
|    time_elapsed         | 3006         |
|    total_timesteps      | 446464       |
| train/                  |              |
|    approx_kl            | 0.0072187493 |
|    clip_fraction        | 0.0861       |
|    clip_range           | 0.2          |
|    entropy_loss         | -0.372       |
|    explained_variance   | 0.307        |
|    learning_rate        | 0.0003       |
|    loss                 | 259          |
|    n_updates            | 2170         |
|    policy_gradient_loss | -0.00151     |
|    value_loss           | 529          |
------------------------------------------
FruitCounts | {'Fruit': 0, 'DecayFruit': 2, 'EnemyFruit': 0} |
------------------------------------------
| rollout/                |              |
|    ep_len_mean          | 156          |
|    ep_rew_mean          | 200          |
| time/                   |              |
|    fps                  | 148          |
|    iterations           | 219          |
|    time_elapsed         | 3019         |
|    total_timesteps      | 448512       |
| train/                  |              |
|    approx_kl            | 0.0045565334 |
|    clip_fraction        | 0.0666       |
|    clip_range           | 0.2          |
|    entropy_loss         | -0.352       |
|    explained_variance   | 0.221        |
|    learning_rate        | 0.0003       |
|    loss                 | 428          |
|    n_updates            | 2180         |
|    policy_gradient_loss | -0.000946    |
|    value_loss           | 648          |
------------------------------------------
FruitCounts | {'Fruit': 0, 'DecayFruit': 0, 'EnemyFruit': 1} |
-----------------------------------------
| rollout/                |             |
|    ep_len_mean          | 158         |
|    ep_rew_mean          | 202         |
| time/                   |             |
|    fps                  | 148         |
|    iterations           | 220         |
|    time_elapsed         | 3033        |
|    total_timesteps      | 450560      |
| train/                  |             |
|    approx_kl            | 0.010056334 |
|    clip_fraction        | 0.0768      |
|    clip_range           | 0.2         |
|    entropy_loss         | -0.348      |
|    explained_variance   | 0.321       |
|    learning_rate        | 0.0003      |
|    loss                 | 182         |
|    n_updates            | 2190        |
|    policy_gradient_loss | -0.00476    |
|    value_loss           | 415         |
-----------------------------------------
FruitCounts | {'Fruit': 0, 'DecayFruit': 1, 'EnemyFruit': 0} |
-----------------------------------------
| rollout/                |             |
|    ep_len_mean          | 158         |
|    ep_rew_mean          | 204         |
| time/                   |             |
|    fps                  | 148         |
|    iterations           | 221         |
|    time_elapsed         | 3047        |
|    total_timesteps      | 452608      |
| train/                  |             |
|    approx_kl            | 0.005607471 |
|    clip_fraction        | 0.0596      |
|    clip_range           | 0.2         |
|    entropy_loss         | -0.345      |
|    explained_variance   | 0.102       |
|    learning_rate        | 0.0003      |
|    loss                 | 225         |
|    n_updates            | 2200        |
|    policy_gradient_loss | -0.000358   |
|    value_loss           | 747         |
-----------------------------------------
FruitCounts | {'Fruit': 0, 'DecayFruit': 3, 'EnemyFruit': 0} |
------------------------------------------
| rollout/                |              |
|    ep_len_mean          | 151          |
|    ep_rew_mean          | 185          |
| time/                   |              |
|    fps                  | 148          |
|    iterations           | 222          |
|    time_elapsed         | 3063         |
|    total_timesteps      | 454656       |
| train/                  |              |
|    approx_kl            | 0.0065639173 |
|    clip_fraction        | 0.0664       |
|    clip_range           | 0.2          |
|    entropy_loss         | -0.341       |
|    explained_variance   | 0.206        |
|    learning_rate        | 0.0003       |
|    loss                 | 422          |
|    n_updates            | 2210         |
|    policy_gradient_loss | -0.00419     |
|    value_loss           | 745          |
------------------------------------------
FruitCounts | {'Fruit': 0, 'DecayFruit': 2, 'EnemyFruit': 0} |
-----------------------------------------
| rollout/                |             |
|    ep_len_mean          | 150         |
|    ep_rew_mean          | 182         |
| time/                   |             |
|    fps                  | 148         |
|    iterations           | 223         |
|    time_elapsed         | 3077        |
|    total_timesteps      | 456704      |
| train/                  |             |
|    approx_kl            | 0.004766664 |
|    clip_fraction        | 0.0666      |
|    clip_range           | 0.2         |
|    entropy_loss         | -0.353      |
|    explained_variance   | 0.183       |
|    learning_rate        | 0.0003      |
|    loss                 | 259         |
|    n_updates            | 2220        |
|    policy_gradient_loss | -0.00206    |
|    value_loss           | 611         |
-----------------------------------------
FruitCounts | {'Fruit': 0, 'DecayFruit': 0, 'EnemyFruit': 0} |
------------------------------------------
| rollout/                |              |
|    ep_len_mean          | 148          |
|    ep_rew_mean          | 190          |
| time/                   |              |
|    fps                  | 148          |
|    iterations           | 224          |
|    time_elapsed         | 3090         |
|    total_timesteps      | 458752       |
| train/                  |              |
|    approx_kl            | 0.0076066963 |
|    clip_fraction        | 0.074        |
|    clip_range           | 0.2          |
|    entropy_loss         | -0.332       |
|    explained_variance   | 0.167        |
|    learning_rate        | 0.0003       |
|    loss                 | 282          |
|    n_updates            | 2230         |
|    policy_gradient_loss | -0.00197     |
|    value_loss           | 565          |
------------------------------------------
FruitCounts | {'Fruit': 0, 'DecayFruit': 0, 'EnemyFruit': 0} |
-----------------------------------------
| rollout/                |             |
|    ep_len_mean          | 142         |
|    ep_rew_mean          | 189         |
| time/                   |             |
|    fps                  | 148         |
|    iterations           | 225         |
|    time_elapsed         | 3105        |
|    total_timesteps      | 460800      |
| train/                  |             |
|    approx_kl            | 0.006351648 |
|    clip_fraction        | 0.0587      |
|    clip_range           | 0.2         |
|    entropy_loss         | -0.315      |
|    explained_variance   | 0.139       |
|    learning_rate        | 0.0003      |
|    loss                 | 412         |
|    n_updates            | 2240        |
|    policy_gradient_loss | -0.00223    |
|    value_loss           | 862         |
-----------------------------------------
FruitCounts | {'Fruit': 1, 'DecayFruit': 8, 'EnemyFruit': 3} |
-----------------------------------------
| rollout/                |             |
|    ep_len_mean          | 128         |
|    ep_rew_mean          | 179         |
| time/                   |             |
|    fps                  | 148         |
|    iterations           | 226         |
|    time_elapsed         | 3120        |
|    total_timesteps      | 462848      |
| train/                  |             |
|    approx_kl            | 0.008957971 |
|    clip_fraction        | 0.0796      |
|    clip_range           | 0.2         |
|    entropy_loss         | -0.341      |
|    explained_variance   | 0.265       |
|    learning_rate        | 0.0003      |
|    loss                 | 538         |
|    n_updates            | 2250        |
|    policy_gradient_loss | -0.00296    |
|    value_loss           | 906         |
-----------------------------------------
FruitCounts | {'Fruit': 1, 'DecayFruit': 3, 'EnemyFruit': 2} |
-----------------------------------------
| rollout/                |             |
|    ep_len_mean          | 134         |
|    ep_rew_mean          | 191         |
| time/                   |             |
|    fps                  | 148         |
|    iterations           | 227         |
|    time_elapsed         | 3134        |
|    total_timesteps      | 464896      |
| train/                  |             |
|    approx_kl            | 0.008178179 |
|    clip_fraction        | 0.0616      |
|    clip_range           | 0.2         |
|    entropy_loss         | -0.333      |
|    explained_variance   | 0.164       |
|    learning_rate        | 0.0003      |
|    loss                 | 469         |
|    n_updates            | 2260        |
|    policy_gradient_loss | -0.00574    |
|    value_loss           | 968         |
-----------------------------------------
FruitCounts | {'Fruit': 0, 'DecayFruit': 1, 'EnemyFruit': 0} |
------------------------------------------
| rollout/                |              |
|    ep_len_mean          | 137          |
|    ep_rew_mean          | 197          |
| time/                   |              |
|    fps                  | 148          |
|    iterations           | 228          |
|    time_elapsed         | 3147         |
|    total_timesteps      | 466944       |
| train/                  |              |
|    approx_kl            | 0.0038077626 |
|    clip_fraction        | 0.0503       |
|    clip_range           | 0.2          |
|    entropy_loss         | -0.305       |
|    explained_variance   | 0.297        |
|    learning_rate        | 0.0003       |
|    loss                 | 173          |
|    n_updates            | 2270         |
|    policy_gradient_loss | -0.00126     |
|    value_loss           | 658          |
------------------------------------------
FruitCounts | {'Fruit': 0, 'DecayFruit': 3, 'EnemyFruit': 1} |
-----------------------------------------
| rollout/                |             |
|    ep_len_mean          | 148         |
|    ep_rew_mean          | 212         |
| time/                   |             |
|    fps                  | 148         |
|    iterations           | 229         |
|    time_elapsed         | 3160        |
|    total_timesteps      | 468992      |
| train/                  |             |
|    approx_kl            | 0.007340927 |
|    clip_fraction        | 0.0823      |
|    clip_range           | 0.2         |
|    entropy_loss         | -0.302      |
|    explained_variance   | 0.178       |
|    learning_rate        | 0.0003      |
|    loss                 | 314         |
|    n_updates            | 2280        |
|    policy_gradient_loss | -0.00456    |
|    value_loss           | 704         |
-----------------------------------------
FruitCounts | {'Fruit': 0, 'DecayFruit': 0, 'EnemyFruit': 0} |
-----------------------------------------
| rollout/                |             |
|    ep_len_mean          | 138         |
|    ep_rew_mean          | 200         |
| time/                   |             |
|    fps                  | 148         |
|    iterations           | 230         |
|    time_elapsed         | 3175        |
|    total_timesteps      | 471040      |
| train/                  |             |
|    approx_kl            | 0.007641783 |
|    clip_fraction        | 0.0617      |
|    clip_range           | 0.2         |
|    entropy_loss         | -0.329      |
|    explained_variance   | 0.0426      |
|    learning_rate        | 0.0003      |
|    loss                 | 478         |
|    n_updates            | 2290        |
|    policy_gradient_loss | -0.00263    |
|    value_loss           | 812         |
-----------------------------------------
FruitCounts | {'Fruit': 0, 'DecayFruit': 5, 'EnemyFruit': 2} |
------------------------------------------
| rollout/                |              |
|    ep_len_mean          | 141          |
|    ep_rew_mean          | 197          |
| time/                   |              |
|    fps                  | 148          |
|    iterations           | 231          |
|    time_elapsed         | 3188         |
|    total_timesteps      | 473088       |
| train/                  |              |
|    approx_kl            | 0.0045128716 |
|    clip_fraction        | 0.0623       |
|    clip_range           | 0.2          |
|    entropy_loss         | -0.313       |
|    explained_variance   | 0.2          |
|    learning_rate        | 0.0003       |
|    loss                 | 489          |
|    n_updates            | 2300         |
|    policy_gradient_loss | 0.00156      |
|    value_loss           | 825          |
------------------------------------------
FruitCounts | {'Fruit': 0, 'DecayFruit': 4, 'EnemyFruit': 1} |
-----------------------------------------
| rollout/                |             |
|    ep_len_mean          | 146         |
|    ep_rew_mean          | 200         |
| time/                   |             |
|    fps                  | 148         |
|    iterations           | 232         |
|    time_elapsed         | 3202        |
|    total_timesteps      | 475136      |
| train/                  |             |
|    approx_kl            | 0.008762453 |
|    clip_fraction        | 0.0793      |
|    clip_range           | 0.2         |
|    entropy_loss         | -0.308      |
|    explained_variance   | 0.127       |
|    learning_rate        | 0.0003      |
|    loss                 | 327         |
|    n_updates            | 2310        |
|    policy_gradient_loss | -0.00426    |
|    value_loss           | 762         |
-----------------------------------------
FruitCounts | {'Fruit': 0, 'DecayFruit': 1, 'EnemyFruit': 1} |
------------------------------------------
| rollout/                |              |
|    ep_len_mean          | 153          |
|    ep_rew_mean          | 199          |
| time/                   |              |
|    fps                  | 148          |
|    iterations           | 233          |
|    time_elapsed         | 3216         |
|    total_timesteps      | 477184       |
| train/                  |              |
|    approx_kl            | 0.0070197866 |
|    clip_fraction        | 0.0677       |
|    clip_range           | 0.2          |
|    entropy_loss         | -0.3         |
|    explained_variance   | 0.257        |
|    learning_rate        | 0.0003       |
|    loss                 | 254          |
|    n_updates            | 2320         |
|    policy_gradient_loss | -0.00197     |
|    value_loss           | 664          |
------------------------------------------
FruitCounts | {'Fruit': 0, 'DecayFruit': 7, 'EnemyFruit': 3} |
------------------------------------------
| rollout/                |              |
|    ep_len_mean          | 144          |
|    ep_rew_mean          | 188          |
| time/                   |              |
|    fps                  | 148          |
|    iterations           | 234          |
|    time_elapsed         | 3230         |
|    total_timesteps      | 479232       |
| train/                  |              |
|    approx_kl            | 0.0053267404 |
|    clip_fraction        | 0.0614       |
|    clip_range           | 0.2          |
|    entropy_loss         | -0.303       |
|    explained_variance   | 0.19         |
|    learning_rate        | 0.0003       |
|    loss                 | 282          |
|    n_updates            | 2330         |
|    policy_gradient_loss | -0.00173     |
|    value_loss           | 765          |
------------------------------------------
FruitCounts | {'Fruit': 0, 'DecayFruit': 1, 'EnemyFruit': 1} |
-----------------------------------------
| rollout/                |             |
|    ep_len_mean          | 143         |
|    ep_rew_mean          | 191         |
| time/                   |             |
|    fps                  | 148         |
|    iterations           | 235         |
|    time_elapsed         | 3244        |
|    total_timesteps      | 481280      |
| train/                  |             |
|    approx_kl            | 0.007681929 |
|    clip_fraction        | 0.0674      |
|    clip_range           | 0.2         |
|    entropy_loss         | -0.306      |
|    explained_variance   | 0.232       |
|    learning_rate        | 0.0003      |
|    loss                 | 483         |
|    n_updates            | 2340        |
|    policy_gradient_loss | -0.00303    |
|    value_loss           | 920         |
-----------------------------------------
FruitCounts | {'Fruit': 0, 'DecayFruit': 7, 'EnemyFruit': 2} |
-----------------------------------------
| rollout/                |             |
|    ep_len_mean          | 135         |
|    ep_rew_mean          | 183         |
| time/                   |             |
|    fps                  | 148         |
|    iterations           | 236         |
|    time_elapsed         | 3258        |
|    total_timesteps      | 483328      |
| train/                  |             |
|    approx_kl            | 0.007161888 |
|    clip_fraction        | 0.0695      |
|    clip_range           | 0.2         |
|    entropy_loss         | -0.315      |
|    explained_variance   | 0.119       |
|    learning_rate        | 0.0003      |
|    loss                 | 332         |
|    n_updates            | 2350        |
|    policy_gradient_loss | -0.00529    |
|    value_loss           | 768         |
-----------------------------------------
FruitCounts | {'Fruit': 0, 'DecayFruit': 1, 'EnemyFruit': 0} |
-----------------------------------------
| rollout/                |             |
|    ep_len_mean          | 142         |
|    ep_rew_mean          | 199         |
| time/                   |             |
|    fps                  | 148         |
|    iterations           | 237         |
|    time_elapsed         | 3271        |
|    total_timesteps      | 485376      |
| train/                  |             |
|    approx_kl            | 0.008184313 |
|    clip_fraction        | 0.0778      |
|    clip_range           | 0.2         |
|    entropy_loss         | -0.321      |
|    explained_variance   | 0.181       |
|    learning_rate        | 0.0003      |
|    loss                 | 421         |
|    n_updates            | 2360        |
|    policy_gradient_loss | -0.00469    |
|    value_loss           | 757         |
-----------------------------------------
FruitCounts | {'Fruit': 0, 'DecayFruit': 5, 'EnemyFruit': 0} |
-----------------------------------------
| rollout/                |             |
|    ep_len_mean          | 147         |
|    ep_rew_mean          | 199         |
| time/                   |             |
|    fps                  | 148         |
|    iterations           | 238         |
|    time_elapsed         | 3284        |
|    total_timesteps      | 487424      |
| train/                  |             |
|    approx_kl            | 0.009330379 |
|    clip_fraction        | 0.0722      |
|    clip_range           | 0.2         |
|    entropy_loss         | -0.322      |
|    explained_variance   | 0.239       |
|    learning_rate        | 0.0003      |
|    loss                 | 395         |
|    n_updates            | 2370        |
|    policy_gradient_loss | -0.000197   |
|    value_loss           | 921         |
-----------------------------------------
FruitCounts | {'Fruit': 0, 'DecayFruit': 1, 'EnemyFruit': 0} |
-----------------------------------------
| rollout/                |             |
|    ep_len_mean          | 145         |
|    ep_rew_mean          | 206         |
| time/                   |             |
|    fps                  | 148         |
|    iterations           | 239         |
|    time_elapsed         | 3298        |
|    total_timesteps      | 489472      |
| train/                  |             |
|    approx_kl            | 0.009714012 |
|    clip_fraction        | 0.0872      |
|    clip_range           | 0.2         |
|    entropy_loss         | -0.315      |
|    explained_variance   | 0.303       |
|    learning_rate        | 0.0003      |
|    loss                 | 201         |
|    n_updates            | 2380        |
|    policy_gradient_loss | -0.000997   |
|    value_loss           | 442         |
-----------------------------------------
FruitCounts | {'Fruit': 0, 'DecayFruit': 0, 'EnemyFruit': 0} |
------------------------------------------
| rollout/                |              |
|    ep_len_mean          | 146          |
|    ep_rew_mean          | 207          |
| time/                   |              |
|    fps                  | 148          |
|    iterations           | 240          |
|    time_elapsed         | 3312         |
|    total_timesteps      | 491520       |
| train/                  |              |
|    approx_kl            | 0.0044824327 |
|    clip_fraction        | 0.0457       |
|    clip_range           | 0.2          |
|    entropy_loss         | -0.314       |
|    explained_variance   | 0.247        |
|    learning_rate        | 0.0003       |
|    loss                 | 258          |
|    n_updates            | 2390         |
|    policy_gradient_loss | -0.00143     |
|    value_loss           | 903          |
------------------------------------------
FruitCounts | {'Fruit': 0, 'DecayFruit': 0, 'EnemyFruit': 0} |
-----------------------------------------
| rollout/                |             |
|    ep_len_mean          | 149         |
|    ep_rew_mean          | 215         |
| time/                   |             |
|    fps                  | 148         |
|    iterations           | 241         |
|    time_elapsed         | 3326        |
|    total_timesteps      | 493568      |
| train/                  |             |
|    approx_kl            | 0.008535203 |
|    clip_fraction        | 0.0801      |
|    clip_range           | 0.2         |
|    entropy_loss         | -0.27       |
|    explained_variance   | 0.219       |
|    learning_rate        | 0.0003      |
|    loss                 | 300         |
|    n_updates            | 2400        |
|    policy_gradient_loss | -0.00599    |
|    value_loss           | 710         |
-----------------------------------------
FruitCounts | {'Fruit': 0, 'DecayFruit': 5, 'EnemyFruit': 1} |
-----------------------------------------
| rollout/                |             |
|    ep_len_mean          | 144         |
|    ep_rew_mean          | 208         |
| time/                   |             |
|    fps                  | 148         |
|    iterations           | 242         |
|    time_elapsed         | 3340        |
|    total_timesteps      | 495616      |
| train/                  |             |
|    approx_kl            | 0.008928118 |
|    clip_fraction        | 0.0729      |
|    clip_range           | 0.2         |
|    entropy_loss         | -0.296      |
|    explained_variance   | 0.281       |
|    learning_rate        | 0.0003      |
|    loss                 | 164         |
|    n_updates            | 2410        |
|    policy_gradient_loss | -0.00281    |
|    value_loss           | 668         |
-----------------------------------------
FruitCounts | {'Fruit': 0, 'DecayFruit': 3, 'EnemyFruit': 1} |
-----------------------------------------
| rollout/                |             |
|    ep_len_mean          | 144         |
|    ep_rew_mean          | 217         |
| time/                   |             |
|    fps                  | 148         |
|    iterations           | 243         |
|    time_elapsed         | 3353        |
|    total_timesteps      | 497664      |
| train/                  |             |
|    approx_kl            | 0.006045264 |
|    clip_fraction        | 0.0667      |
|    clip_range           | 0.2         |
|    entropy_loss         | -0.289      |
|    explained_variance   | 0.113       |
|    learning_rate        | 0.0003      |
|    loss                 | 292         |
|    n_updates            | 2420        |
|    policy_gradient_loss | -0.00445    |
|    value_loss           | 961         |
-----------------------------------------
FruitCounts | {'Fruit': 0, 'DecayFruit': 1, 'EnemyFruit': 0} |
-----------------------------------------
| rollout/                |             |
|    ep_len_mean          | 130         |
|    ep_rew_mean          | 201         |
| time/                   |             |
|    fps                  | 148         |
|    iterations           | 244         |
|    time_elapsed         | 3368        |
|    total_timesteps      | 499712      |
| train/                  |             |
|    approx_kl            | 0.007960176 |
|    clip_fraction        | 0.0582      |
|    clip_range           | 0.2         |
|    entropy_loss         | -0.292      |
|    explained_variance   | 0.151       |
|    learning_rate        | 0.0003      |
|    loss                 | 246         |
|    n_updates            | 2430        |
|    policy_gradient_loss | -0.00153    |
|    value_loss           | 808         |
-----------------------------------------
FruitCounts | {'Fruit': 0, 'DecayFruit': 7, 'EnemyFruit': 3} |
-----------------------------------------
| rollout/                |             |
|    ep_len_mean          | 119         |
|    ep_rew_mean          | 191         |
| time/                   |             |
|    fps                  | 148         |
|    iterations           | 245         |
|    time_elapsed         | 3383        |
|    total_timesteps      | 501760      |
| train/                  |             |
|    approx_kl            | 0.004348031 |
|    clip_fraction        | 0.0614      |
|    clip_range           | 0.2         |
|    entropy_loss         | -0.296      |
|    explained_variance   | 0.249       |
|    learning_rate        | 0.0003      |
|    loss                 | 221         |
|    n_updates            | 2440        |
|    policy_gradient_loss | -0.00199    |
|    value_loss           | 834         |
-----------------------------------------
FruitCounts | {'Fruit': 0, 'DecayFruit': 0, 'EnemyFruit': 0} |
-----------------------------------------
| rollout/                |             |
|    ep_len_mean          | 127         |
|    ep_rew_mean          | 197         |
| time/                   |             |
|    fps                  | 148         |
|    iterations           | 246         |
|    time_elapsed         | 3395        |
|    total_timesteps      | 503808      |
| train/                  |             |
|    approx_kl            | 0.008836979 |
|    clip_fraction        | 0.0604      |
|    clip_range           | 0.2         |
|    entropy_loss         | -0.295      |
|    explained_variance   | 0.198       |
|    learning_rate        | 0.0003      |
|    loss                 | 466         |
|    n_updates            | 2450        |
|    policy_gradient_loss | -0.00244    |
|    value_loss           | 1.18e+03    |
-----------------------------------------
FruitCounts | {'Fruit': 0, 'DecayFruit': 4, 'EnemyFruit': 2} |
-----------------------------------------
| rollout/                |             |
|    ep_len_mean          | 129         |
|    ep_rew_mean          | 199         |
| time/                   |             |
|    fps                  | 148         |
|    iterations           | 247         |
|    time_elapsed         | 3409        |
|    total_timesteps      | 505856      |
| train/                  |             |
|    approx_kl            | 0.007588833 |
|    clip_fraction        | 0.0692      |
|    clip_range           | 0.2         |
|    entropy_loss         | -0.272      |
|    explained_variance   | 0.266       |
|    learning_rate        | 0.0003      |
|    loss                 | 187         |
|    n_updates            | 2460        |
|    policy_gradient_loss | -0.00432    |
|    value_loss           | 575         |
-----------------------------------------
FruitCounts | {'Fruit': 0, 'DecayFruit': 2, 'EnemyFruit': 0} |
------------------------------------------
| rollout/                |              |
|    ep_len_mean          | 132          |
|    ep_rew_mean          | 206          |
| time/                   |              |
|    fps                  | 148          |
|    iterations           | 248          |
|    time_elapsed         | 3423         |
|    total_timesteps      | 507904       |
| train/                  |              |
|    approx_kl            | 0.0052697323 |
|    clip_fraction        | 0.0534       |
|    clip_range           | 0.2          |
|    entropy_loss         | -0.283       |
|    explained_variance   | 0.164        |
|    learning_rate        | 0.0003       |
|    loss                 | 157          |
|    n_updates            | 2470         |
|    policy_gradient_loss | -0.00233     |
|    value_loss           | 782          |
------------------------------------------
FruitCounts | {'Fruit': 0, 'DecayFruit': 3, 'EnemyFruit': 1} |
------------------------------------------
| rollout/                |              |
|    ep_len_mean          | 124          |
|    ep_rew_mean          | 187          |
| time/                   |              |
|    fps                  | 148          |
|    iterations           | 249          |
|    time_elapsed         | 3437         |
|    total_timesteps      | 509952       |
| train/                  |              |
|    approx_kl            | 0.0055462355 |
|    clip_fraction        | 0.0634       |
|    clip_range           | 0.2          |
|    entropy_loss         | -0.282       |
|    explained_variance   | 0.321        |
|    learning_rate        | 0.0003       |
|    loss                 | 385          |
|    n_updates            | 2480         |
|    policy_gradient_loss | -0.00182     |
|    value_loss           | 771          |
------------------------------------------
FruitCounts | {'Fruit': 0, 'DecayFruit': 1, 'EnemyFruit': 1} |
------------------------------------------
| rollout/                |              |
|    ep_len_mean          | 132          |
|    ep_rew_mean          | 198          |
| time/                   |              |
|    fps                  | 148          |
|    iterations           | 250          |
|    time_elapsed         | 3450         |
|    total_timesteps      | 512000       |
| train/                  |              |
|    approx_kl            | 0.0068883123 |
|    clip_fraction        | 0.069        |
|    clip_range           | 0.2          |
|    entropy_loss         | -0.295       |
|    explained_variance   | 0.234        |
|    learning_rate        | 0.0003       |
|    loss                 | 328          |
|    n_updates            | 2490         |
|    policy_gradient_loss | -0.00301     |
|    value_loss           | 763          |
------------------------------------------
FruitCounts | {'Fruit': 0, 'DecayFruit': 1, 'EnemyFruit': 1} |
------------------------------------------
| rollout/                |              |
|    ep_len_mean          | 138          |
|    ep_rew_mean          | 210          |
| time/                   |              |
|    fps                  | 148          |
|    iterations           | 251          |
|    time_elapsed         | 3465         |
|    total_timesteps      | 514048       |
| train/                  |              |
|    approx_kl            | 0.0068594865 |
|    clip_fraction        | 0.066        |
|    clip_range           | 0.2          |
|    entropy_loss         | -0.291       |
|    explained_variance   | 0.26         |
|    learning_rate        | 0.0003       |
|    loss                 | 274          |
|    n_updates            | 2500         |
|    policy_gradient_loss | -0.00182     |
|    value_loss           | 804          |
------------------------------------------
FruitCounts | {'Fruit': 0, 'DecayFruit': 2, 'EnemyFruit': 0} |
-----------------------------------------
| rollout/                |             |
|    ep_len_mean          | 136         |
|    ep_rew_mean          | 213         |
| time/                   |             |
|    fps                  | 148         |
|    iterations           | 252         |
|    time_elapsed         | 3478        |
|    total_timesteps      | 516096      |
| train/                  |             |
|    approx_kl            | 0.011318672 |
|    clip_fraction        | 0.0801      |
|    clip_range           | 0.2         |
|    entropy_loss         | -0.296      |
|    explained_variance   | 0.232       |
|    learning_rate        | 0.0003      |
|    loss                 | 326         |
|    n_updates            | 2510        |
|    policy_gradient_loss | -0.00164    |
|    value_loss           | 864         |
-----------------------------------------
FruitCounts | {'Fruit': 0, 'DecayFruit': 0, 'EnemyFruit': 1} |
-----------------------------------------
| rollout/                |             |
|    ep_len_mean          | 134         |
|    ep_rew_mean          | 220         |
| time/                   |             |
|    fps                  | 148         |
|    iterations           | 253         |
|    time_elapsed         | 3492        |
|    total_timesteps      | 518144      |
| train/                  |             |
|    approx_kl            | 0.009057675 |
|    clip_fraction        | 0.0666      |
|    clip_range           | 0.2         |
|    entropy_loss         | -0.32       |
|    explained_variance   | 0.132       |
|    learning_rate        | 0.0003      |
|    loss                 | 305         |
|    n_updates            | 2520        |
|    policy_gradient_loss | -0.00145    |
|    value_loss           | 831         |
-----------------------------------------
FruitCounts | {'Fruit': 0, 'DecayFruit': 2, 'EnemyFruit': 0} |
----------------------------------------
| rollout/                |            |
|    ep_len_mean          | 137        |
|    ep_rew_mean          | 216        |
| time/                   |            |
|    fps                  | 148        |
|    iterations           | 254        |
|    time_elapsed         | 3505       |
|    total_timesteps      | 520192     |
| train/                  |            |
|    approx_kl            | 0.00765247 |
|    clip_fraction        | 0.0646     |
|    clip_range           | 0.2        |
|    entropy_loss         | -0.28      |
|    explained_variance   | 0.233      |
|    learning_rate        | 0.0003     |
|    loss                 | 499        |
|    n_updates            | 2530       |
|    policy_gradient_loss | -0.00155   |
|    value_loss           | 1.1e+03    |
----------------------------------------
FruitCounts | {'Fruit': 0, 'DecayFruit': 4, 'EnemyFruit': 1} |
-----------------------------------------
| rollout/                |             |
|    ep_len_mean          | 138         |
|    ep_rew_mean          | 218         |
| time/                   |             |
|    fps                  | 148         |
|    iterations           | 255         |
|    time_elapsed         | 3518        |
|    total_timesteps      | 522240      |
| train/                  |             |
|    approx_kl            | 0.008901919 |
|    clip_fraction        | 0.0917      |
|    clip_range           | 0.2         |
|    entropy_loss         | -0.289      |
|    explained_variance   | 0.155       |
|    learning_rate        | 0.0003      |
|    loss                 | 232         |
|    n_updates            | 2540        |
|    policy_gradient_loss | -0.00411    |
|    value_loss           | 594         |
-----------------------------------------
FruitCounts | {'Fruit': 0, 'DecayFruit': 9, 'EnemyFruit': 0} |
-----------------------------------------
| rollout/                |             |
|    ep_len_mean          | 143         |
|    ep_rew_mean          | 222         |
| time/                   |             |
|    fps                  | 148         |
|    iterations           | 256         |
|    time_elapsed         | 3531        |
|    total_timesteps      | 524288      |
| train/                  |             |
|    approx_kl            | 0.008773062 |
|    clip_fraction        | 0.0711      |
|    clip_range           | 0.2         |
|    entropy_loss         | -0.294      |
|    explained_variance   | 0.214       |
|    learning_rate        | 0.0003      |
|    loss                 | 217         |
|    n_updates            | 2550        |
|    policy_gradient_loss | -0.00259    |
|    value_loss           | 784         |
-----------------------------------------
FruitCounts | {'Fruit': 0, 'DecayFruit': 1, 'EnemyFruit': 0} |
-----------------------------------------
| rollout/                |             |
|    ep_len_mean          | 147         |
|    ep_rew_mean          | 233         |
| time/                   |             |
|    fps                  | 148         |
|    iterations           | 257         |
|    time_elapsed         | 3544        |
|    total_timesteps      | 526336      |
| train/                  |             |
|    approx_kl            | 0.008625531 |
|    clip_fraction        | 0.0899      |
|    clip_range           | 0.2         |
|    entropy_loss         | -0.31       |
|    explained_variance   | 0.246       |
|    learning_rate        | 0.0003      |
|    loss                 | 356         |
|    n_updates            | 2560        |
|    policy_gradient_loss | 0.000804    |
|    value_loss           | 743         |
-----------------------------------------
FruitCounts | {'Fruit': 0, 'DecayFruit': 0, 'EnemyFruit': 0} |
------------------------------------------
| rollout/                |              |
|    ep_len_mean          | 150          |
|    ep_rew_mean          | 245          |
| time/                   |              |
|    fps                  | 148          |
|    iterations           | 258          |
|    time_elapsed         | 3558         |
|    total_timesteps      | 528384       |
| train/                  |              |
|    approx_kl            | 0.0116441995 |
|    clip_fraction        | 0.0716       |
|    clip_range           | 0.2          |
|    entropy_loss         | -0.306       |
|    explained_variance   | 0.269        |
|    learning_rate        | 0.0003       |
|    loss                 | 454          |
|    n_updates            | 2570         |
|    policy_gradient_loss | -0.00181     |
|    value_loss           | 1.18e+03     |
------------------------------------------
FruitCounts | {'Fruit': 0, 'DecayFruit': 1, 'EnemyFruit': 1} |
------------------------------------------
| rollout/                |              |
|    ep_len_mean          | 150          |
|    ep_rew_mean          | 230          |
| time/                   |              |
|    fps                  | 148          |
|    iterations           | 259          |
|    time_elapsed         | 3571         |
|    total_timesteps      | 530432       |
| train/                  |              |
|    approx_kl            | 0.0077502457 |
|    clip_fraction        | 0.0702       |
|    clip_range           | 0.2          |
|    entropy_loss         | -0.299       |
|    explained_variance   | 0.275        |
|    learning_rate        | 0.0003       |
|    loss                 | 346          |
|    n_updates            | 2580         |
|    policy_gradient_loss | -0.00477     |
|    value_loss           | 850          |
------------------------------------------
FruitCounts | {'Fruit': 0, 'DecayFruit': 5, 'EnemyFruit': 0} |
------------------------------------------
| rollout/                |              |
|    ep_len_mean          | 148          |
|    ep_rew_mean          | 224          |
| time/                   |              |
|    fps                  | 148          |
|    iterations           | 260          |
|    time_elapsed         | 3585         |
|    total_timesteps      | 532480       |
| train/                  |              |
|    approx_kl            | 0.0108178705 |
|    clip_fraction        | 0.0869       |
|    clip_range           | 0.2          |
|    entropy_loss         | -0.301       |
|    explained_variance   | 0.0854       |
|    learning_rate        | 0.0003       |
|    loss                 | 137          |
|    n_updates            | 2590         |
|    policy_gradient_loss | -0.00434     |
|    value_loss           | 706          |
------------------------------------------
FruitCounts | {'Fruit': 0, 'DecayFruit': 1, 'EnemyFruit': 0} |
------------------------------------------
| rollout/                |              |
|    ep_len_mean          | 147          |
|    ep_rew_mean          | 228          |
| time/                   |              |
|    fps                  | 148          |
|    iterations           | 261          |
|    time_elapsed         | 3598         |
|    total_timesteps      | 534528       |
| train/                  |              |
|    approx_kl            | 0.0053809695 |
|    clip_fraction        | 0.0581       |
|    clip_range           | 0.2          |
|    entropy_loss         | -0.278       |
|    explained_variance   | 0.199        |
|    learning_rate        | 0.0003       |
|    loss                 | 450          |
|    n_updates            | 2600         |
|    policy_gradient_loss | -0.00312     |
|    value_loss           | 1.04e+03     |
------------------------------------------
FruitCounts | {'Fruit': 0, 'DecayFruit': 2, 'EnemyFruit': 1} |
-----------------------------------------
| rollout/                |             |
|    ep_len_mean          | 145         |
|    ep_rew_mean          | 223         |
| time/                   |             |
|    fps                  | 148         |
|    iterations           | 262         |
|    time_elapsed         | 3611        |
|    total_timesteps      | 536576      |
| train/                  |             |
|    approx_kl            | 0.016198084 |
|    clip_fraction        | 0.0818      |
|    clip_range           | 0.2         |
|    entropy_loss         | -0.279      |
|    explained_variance   | 0.0386      |
|    learning_rate        | 0.0003      |
|    loss                 | 265         |
|    n_updates            | 2610        |
|    policy_gradient_loss | -0.000304   |
|    value_loss           | 655         |
-----------------------------------------
FruitCounts | {'Fruit': 0, 'DecayFruit': 0, 'EnemyFruit': 0} |
------------------------------------------
| rollout/                |              |
|    ep_len_mean          | 138          |
|    ep_rew_mean          | 216          |
| time/                   |              |
|    fps                  | 148          |
|    iterations           | 263          |
|    time_elapsed         | 3625         |
|    total_timesteps      | 538624       |
| train/                  |              |
|    approx_kl            | 0.0072360234 |
|    clip_fraction        | 0.0879       |
|    clip_range           | 0.2          |
|    entropy_loss         | -0.288       |
|    explained_variance   | 0.171        |
|    learning_rate        | 0.0003       |
|    loss                 | 270          |
|    n_updates            | 2620         |
|    policy_gradient_loss | -0.00223     |
|    value_loss           | 679          |
------------------------------------------
FruitCounts | {'Fruit': 0, 'DecayFruit': 1, 'EnemyFruit': 0} |
-----------------------------------------
| rollout/                |             |
|    ep_len_mean          | 141         |
|    ep_rew_mean          | 219         |
| time/                   |             |
|    fps                  | 148         |
|    iterations           | 264         |
|    time_elapsed         | 3638        |
|    total_timesteps      | 540672      |
| train/                  |             |
|    approx_kl            | 0.008256132 |
|    clip_fraction        | 0.0698      |
|    clip_range           | 0.2         |
|    entropy_loss         | -0.284      |
|    explained_variance   | 0.102       |
|    learning_rate        | 0.0003      |
|    loss                 | 455         |
|    n_updates            | 2630        |
|    policy_gradient_loss | -0.00617    |
|    value_loss           | 867         |
-----------------------------------------
FruitCounts | {'Fruit': 0, 'DecayFruit': 5, 'EnemyFruit': 3} |
-----------------------------------------
| rollout/                |             |
|    ep_len_mean          | 140         |
|    ep_rew_mean          | 212         |
| time/                   |             |
|    fps                  | 148         |
|    iterations           | 265         |
|    time_elapsed         | 3651        |
|    total_timesteps      | 542720      |
| train/                  |             |
|    approx_kl            | 0.010381326 |
|    clip_fraction        | 0.0976      |
|    clip_range           | 0.2         |
|    entropy_loss         | -0.309      |
|    explained_variance   | 0.169       |
|    learning_rate        | 0.0003      |
|    loss                 | 347         |
|    n_updates            | 2640        |
|    policy_gradient_loss | -0.000248   |
|    value_loss           | 787         |
-----------------------------------------
FruitCounts | {'Fruit': 0, 'DecayFruit': 8, 'EnemyFruit': 2} |
-----------------------------------------
| rollout/                |             |
|    ep_len_mean          | 136         |
|    ep_rew_mean          | 210         |
| time/                   |             |
|    fps                  | 148         |
|    iterations           | 266         |
|    time_elapsed         | 3664        |
|    total_timesteps      | 544768      |
| train/                  |             |
|    approx_kl            | 0.006391255 |
|    clip_fraction        | 0.0631      |
|    clip_range           | 0.2         |
|    entropy_loss         | -0.294      |
|    explained_variance   | 0.162       |
|    learning_rate        | 0.0003      |
|    loss                 | 354         |
|    n_updates            | 2650        |
|    policy_gradient_loss | -0.00169    |
|    value_loss           | 991         |
-----------------------------------------
FruitCounts | {'Fruit': 1, 'DecayFruit': 10, 'EnemyFruit': 2} |
-----------------------------------------
| rollout/                |             |
|    ep_len_mean          | 140         |
|    ep_rew_mean          | 209         |
| time/                   |             |
|    fps                  | 148         |
|    iterations           | 267         |
|    time_elapsed         | 3677        |
|    total_timesteps      | 546816      |
| train/                  |             |
|    approx_kl            | 0.012861356 |
|    clip_fraction        | 0.0818      |
|    clip_range           | 0.2         |
|    entropy_loss         | -0.288      |
|    explained_variance   | 0.283       |
|    learning_rate        | 0.0003      |
|    loss                 | 514         |
|    n_updates            | 2660        |
|    policy_gradient_loss | -0.00187    |
|    value_loss           | 662         |
-----------------------------------------
FruitCounts | {'Fruit': 0, 'DecayFruit': 5, 'EnemyFruit': 1} |
-----------------------------------------
| rollout/                |             |
|    ep_len_mean          | 141         |
|    ep_rew_mean          | 212         |
| time/                   |             |
|    fps                  | 148         |
|    iterations           | 268         |
|    time_elapsed         | 3691        |
|    total_timesteps      | 548864      |
| train/                  |             |
|    approx_kl            | 0.013564441 |
|    clip_fraction        | 0.0685      |
|    clip_range           | 0.2         |
|    entropy_loss         | -0.28       |
|    explained_variance   | 0.231       |
|    learning_rate        | 0.0003      |
|    loss                 | 780         |
|    n_updates            | 2670        |
|    policy_gradient_loss | -0.00271    |
|    value_loss           | 855         |
-----------------------------------------
FruitCounts | {'Fruit': 0, 'DecayFruit': 4, 'EnemyFruit': 0} |
-----------------------------------------
| rollout/                |             |
|    ep_len_mean          | 138         |
|    ep_rew_mean          | 212         |
| time/                   |             |
|    fps                  | 148         |
|    iterations           | 269         |
|    time_elapsed         | 3705        |
|    total_timesteps      | 550912      |
| train/                  |             |
|    approx_kl            | 0.005055792 |
|    clip_fraction        | 0.0567      |
|    clip_range           | 0.2         |
|    entropy_loss         | -0.277      |
|    explained_variance   | 0.193       |
|    learning_rate        | 0.0003      |
|    loss                 | 250         |
|    n_updates            | 2680        |
|    policy_gradient_loss | -0.00307    |
|    value_loss           | 1.07e+03    |
-----------------------------------------
FruitCounts | {'Fruit': 0, 'DecayFruit': 0, 'EnemyFruit': 0} |
-----------------------------------------
| rollout/                |             |
|    ep_len_mean          | 143         |
|    ep_rew_mean          | 214         |
| time/                   |             |
|    fps                  | 148         |
|    iterations           | 270         |
|    time_elapsed         | 3718        |
|    total_timesteps      | 552960      |
| train/                  |             |
|    approx_kl            | 0.005374448 |
|    clip_fraction        | 0.0545      |
|    clip_range           | 0.2         |
|    entropy_loss         | -0.286      |
|    explained_variance   | 0.234       |
|    learning_rate        | 0.0003      |
|    loss                 | 444         |
|    n_updates            | 2690        |
|    policy_gradient_loss | -0.000866   |
|    value_loss           | 937         |
-----------------------------------------
FruitCounts | {'Fruit': 0, 'DecayFruit': 0, 'EnemyFruit': 0} |
-----------------------------------------
| rollout/                |             |
|    ep_len_mean          | 139         |
|    ep_rew_mean          | 208         |
| time/                   |             |
|    fps                  | 148         |
|    iterations           | 271         |
|    time_elapsed         | 3731        |
|    total_timesteps      | 555008      |
| train/                  |             |
|    approx_kl            | 0.010457471 |
|    clip_fraction        | 0.0782      |
|    clip_range           | 0.2         |
|    entropy_loss         | -0.277      |
|    explained_variance   | 0.31        |
|    learning_rate        | 0.0003      |
|    loss                 | 322         |
|    n_updates            | 2700        |
|    policy_gradient_loss | -0.00332    |
|    value_loss           | 618         |
-----------------------------------------
FruitCounts | {'Fruit': 0, 'DecayFruit': 1, 'EnemyFruit': 0} |
-----------------------------------------
| rollout/                |             |
|    ep_len_mean          | 139         |
|    ep_rew_mean          | 216         |
| time/                   |             |
|    fps                  | 148         |
|    iterations           | 272         |
|    time_elapsed         | 3746        |
|    total_timesteps      | 557056      |
| train/                  |             |
|    approx_kl            | 0.011936033 |
|    clip_fraction        | 0.0658      |
|    clip_range           | 0.2         |
|    entropy_loss         | -0.284      |
|    explained_variance   | 0.419       |
|    learning_rate        | 0.0003      |
|    loss                 | 332         |
|    n_updates            | 2710        |
|    policy_gradient_loss | -0.000507   |
|    value_loss           | 768         |
-----------------------------------------
FruitCounts | {'Fruit': 0, 'DecayFruit': 3, 'EnemyFruit': 1} |
------------------------------------------
| rollout/                |              |
|    ep_len_mean          | 141          |
|    ep_rew_mean          | 218          |
| time/                   |              |
|    fps                  | 148          |
|    iterations           | 273          |
|    time_elapsed         | 3758         |
|    total_timesteps      | 559104       |
| train/                  |              |
|    approx_kl            | 0.0061790342 |
|    clip_fraction        | 0.0741       |
|    clip_range           | 0.2          |
|    entropy_loss         | -0.285       |
|    explained_variance   | 0.24         |
|    learning_rate        | 0.0003       |
|    loss                 | 290          |
|    n_updates            | 2720         |
|    policy_gradient_loss | -0.000762    |
|    value_loss           | 802          |
------------------------------------------
FruitCounts | {'Fruit': 2, 'DecayFruit': 11, 'EnemyFruit': 5} |
-----------------------------------------
| rollout/                |             |
|    ep_len_mean          | 140         |
|    ep_rew_mean          | 228         |
| time/                   |             |
|    fps                  | 148         |
|    iterations           | 274         |
|    time_elapsed         | 3771        |
|    total_timesteps      | 561152      |
| train/                  |             |
|    approx_kl            | 0.010122189 |
|    clip_fraction        | 0.0847      |
|    clip_range           | 0.2         |
|    entropy_loss         | -0.283      |
|    explained_variance   | 0.299       |
|    learning_rate        | 0.0003      |
|    loss                 | 139         |
|    n_updates            | 2730        |
|    policy_gradient_loss | -0.0033     |
|    value_loss           | 614         |
-----------------------------------------
FruitCounts | {'Fruit': 0, 'DecayFruit': 1, 'EnemyFruit': 0} |
-----------------------------------------
| rollout/                |             |
|    ep_len_mean          | 145         |
|    ep_rew_mean          | 240         |
| time/                   |             |
|    fps                  | 148         |
|    iterations           | 275         |
|    time_elapsed         | 3785        |
|    total_timesteps      | 563200      |
| train/                  |             |
|    approx_kl            | 0.006340284 |
|    clip_fraction        | 0.0716      |
|    clip_range           | 0.2         |
|    entropy_loss         | -0.276      |
|    explained_variance   | 0.343       |
|    learning_rate        | 0.0003      |
|    loss                 | 396         |
|    n_updates            | 2740        |
|    policy_gradient_loss | -0.00382    |
|    value_loss           | 944         |
-----------------------------------------
FruitCounts | {'Fruit': 0, 'DecayFruit': 4, 'EnemyFruit': 2} |
------------------------------------------
| rollout/                |              |
|    ep_len_mean          | 149          |
|    ep_rew_mean          | 245          |
| time/                   |              |
|    fps                  | 148          |
|    iterations           | 276          |
|    time_elapsed         | 3798         |
|    total_timesteps      | 565248       |
| train/                  |              |
|    approx_kl            | 0.0063580656 |
|    clip_fraction        | 0.0645       |
|    clip_range           | 0.2          |
|    entropy_loss         | -0.292       |
|    explained_variance   | 0.116        |
|    learning_rate        | 0.0003       |
|    loss                 | 591          |
|    n_updates            | 2750         |
|    policy_gradient_loss | -0.00159     |
|    value_loss           | 1.22e+03     |
------------------------------------------
FruitCounts | {'Fruit': 0, 'DecayFruit': 1, 'EnemyFruit': 0} |
-----------------------------------------
| rollout/                |             |
|    ep_len_mean          | 147         |
|    ep_rew_mean          | 249         |
| time/                   |             |
|    fps                  | 148         |
|    iterations           | 277         |
|    time_elapsed         | 3811        |
|    total_timesteps      | 567296      |
| train/                  |             |
|    approx_kl            | 0.009413199 |
|    clip_fraction        | 0.0715      |
|    clip_range           | 0.2         |
|    entropy_loss         | -0.283      |
|    explained_variance   | 0.226       |
|    learning_rate        | 0.0003      |
|    loss                 | 253         |
|    n_updates            | 2760        |
|    policy_gradient_loss | -0.00216    |
|    value_loss           | 974         |
-----------------------------------------
FruitCounts | {'Fruit': 0, 'DecayFruit': 8, 'EnemyFruit': 0} |
-----------------------------------------
| rollout/                |             |
|    ep_len_mean          | 141         |
|    ep_rew_mean          | 235         |
| time/                   |             |
|    fps                  | 148         |
|    iterations           | 278         |
|    time_elapsed         | 3825        |
|    total_timesteps      | 569344      |
| train/                  |             |
|    approx_kl            | 0.010191093 |
|    clip_fraction        | 0.0601      |
|    clip_range           | 0.2         |
|    entropy_loss         | -0.278      |
|    explained_variance   | 0.127       |
|    learning_rate        | 0.0003      |
|    loss                 | 439         |
|    n_updates            | 2770        |
|    policy_gradient_loss | 6.31e-05    |
|    value_loss           | 1.01e+03    |
-----------------------------------------
FruitCounts | {'Fruit': 1, 'DecayFruit': 6, 'EnemyFruit': 3} |
-----------------------------------------
| rollout/                |             |
|    ep_len_mean          | 148         |
|    ep_rew_mean          | 244         |
| time/                   |             |
|    fps                  | 148         |
|    iterations           | 279         |
|    time_elapsed         | 3838        |
|    total_timesteps      | 571392      |
| train/                  |             |
|    approx_kl            | 0.013505205 |
|    clip_fraction        | 0.0703      |
|    clip_range           | 0.2         |
|    entropy_loss         | -0.258      |
|    explained_variance   | 0.187       |
|    learning_rate        | 0.0003      |
|    loss                 | 512         |
|    n_updates            | 2780        |
|    policy_gradient_loss | -0.00488    |
|    value_loss           | 1.14e+03    |
-----------------------------------------
FruitCounts | {'Fruit': 0, 'DecayFruit': 3, 'EnemyFruit': 0} |
---------------------------------------
| rollout/                |           |
|    ep_len_mean          | 154       |
|    ep_rew_mean          | 249       |
| time/                   |           |
|    fps                  | 148       |
|    iterations           | 280       |
|    time_elapsed         | 3850      |
|    total_timesteps      | 573440    |
| train/                  |           |
|    approx_kl            | 0.0063598 |
|    clip_fraction        | 0.0619    |
|    clip_range           | 0.2       |
|    entropy_loss         | -0.247    |
|    explained_variance   | 0.241     |
|    learning_rate        | 0.0003    |
|    loss                 | 370       |
|    n_updates            | 2790      |
|    policy_gradient_loss | -0.00152  |
|    value_loss           | 845       |
---------------------------------------
FruitCounts | {'Fruit': 0, 'DecayFruit': 0, 'EnemyFruit': 0} |
-----------------------------------------
| rollout/                |             |
|    ep_len_mean          | 151         |
|    ep_rew_mean          | 250         |
| time/                   |             |
|    fps                  | 148         |
|    iterations           | 281         |
|    time_elapsed         | 3864        |
|    total_timesteps      | 575488      |
| train/                  |             |
|    approx_kl            | 0.007091066 |
|    clip_fraction        | 0.0625      |
|    clip_range           | 0.2         |
|    entropy_loss         | -0.272      |
|    explained_variance   | 0.233       |
|    learning_rate        | 0.0003      |
|    loss                 | 209         |
|    n_updates            | 2800        |
|    policy_gradient_loss | -0.00157    |
|    value_loss           | 691         |
-----------------------------------------
FruitCounts | {'Fruit': 0, 'DecayFruit': 7, 'EnemyFruit': 1} |
-----------------------------------------
| rollout/                |             |
|    ep_len_mean          | 158         |
|    ep_rew_mean          | 259         |
| time/                   |             |
|    fps                  | 149         |
|    iterations           | 282         |
|    time_elapsed         | 3876        |
|    total_timesteps      | 577536      |
| train/                  |             |
|    approx_kl            | 0.008988875 |
|    clip_fraction        | 0.0698      |
|    clip_range           | 0.2         |
|    entropy_loss         | -0.298      |
|    explained_variance   | 0.143       |
|    learning_rate        | 0.0003      |
|    loss                 | 691         |
|    n_updates            | 2810        |
|    policy_gradient_loss | -0.00157    |
|    value_loss           | 1.39e+03    |
-----------------------------------------
FruitCounts | {'Fruit': 0, 'DecayFruit': 3, 'EnemyFruit': 0} |
-----------------------------------------
| rollout/                |             |
|    ep_len_mean          | 156         |
|    ep_rew_mean          | 255         |
| time/                   |             |
|    fps                  | 149         |
|    iterations           | 283         |
|    time_elapsed         | 3888        |
|    total_timesteps      | 579584      |
| train/                  |             |
|    approx_kl            | 0.008573005 |
|    clip_fraction        | 0.0656      |
|    clip_range           | 0.2         |
|    entropy_loss         | -0.268      |
|    explained_variance   | 0.311       |
|    learning_rate        | 0.0003      |
|    loss                 | 376         |
|    n_updates            | 2820        |
|    policy_gradient_loss | -0.00296    |
|    value_loss           | 935         |
-----------------------------------------
FruitCounts | {'Fruit': 1, 'DecayFruit': 3, 'EnemyFruit': 2} |
------------------------------------------
| rollout/                |              |
|    ep_len_mean          | 156          |
|    ep_rew_mean          | 257          |
| time/                   |              |
|    fps                  | 149          |
|    iterations           | 284          |
|    time_elapsed         | 3902         |
|    total_timesteps      | 581632       |
| train/                  |              |
|    approx_kl            | 0.0062796543 |
|    clip_fraction        | 0.0677       |
|    clip_range           | 0.2          |
|    entropy_loss         | -0.273       |
|    explained_variance   | 0.296        |
|    learning_rate        | 0.0003       |
|    loss                 | 632          |
|    n_updates            | 2830         |
|    policy_gradient_loss | -0.00325     |
|    value_loss           | 923          |
------------------------------------------
FruitCounts | {'Fruit': 0, 'DecayFruit': 3, 'EnemyFruit': 1} |
------------------------------------------
| rollout/                |              |
|    ep_len_mean          | 159          |
|    ep_rew_mean          | 263          |
| time/                   |              |
|    fps                  | 149          |
|    iterations           | 285          |
|    time_elapsed         | 3915         |
|    total_timesteps      | 583680       |
| train/                  |              |
|    approx_kl            | 0.0065555107 |
|    clip_fraction        | 0.0543       |
|    clip_range           | 0.2          |
|    entropy_loss         | -0.245       |
|    explained_variance   | 0.323        |
|    learning_rate        | 0.0003       |
|    loss                 | 362          |
|    n_updates            | 2840         |
|    policy_gradient_loss | -0.0028      |
|    value_loss           | 993          |
------------------------------------------
FruitCounts | {'Fruit': 1, 'DecayFruit': 6, 'EnemyFruit': 2} |
------------------------------------------
| rollout/                |              |
|    ep_len_mean          | 166          |
|    ep_rew_mean          | 281          |
| time/                   |              |
|    fps                  | 149          |
|    iterations           | 286          |
|    time_elapsed         | 3928         |
|    total_timesteps      | 585728       |
| train/                  |              |
|    approx_kl            | 0.0053403266 |
|    clip_fraction        | 0.0652       |
|    clip_range           | 0.2          |
|    entropy_loss         | -0.284       |
|    explained_variance   | 0.11         |
|    learning_rate        | 0.0003       |
|    loss                 | 457          |
|    n_updates            | 2850         |
|    policy_gradient_loss | -0.00241     |
|    value_loss           | 1.18e+03     |
------------------------------------------
FruitCounts | {'Fruit': 0, 'DecayFruit': 0, 'EnemyFruit': 0} |
-----------------------------------------
| rollout/                |             |
|    ep_len_mean          | 174         |
|    ep_rew_mean          | 292         |
| time/                   |             |
|    fps                  | 149         |
|    iterations           | 287         |
|    time_elapsed         | 3941        |
|    total_timesteps      | 587776      |
| train/                  |             |
|    approx_kl            | 0.006030484 |
|    clip_fraction        | 0.0718      |
|    clip_range           | 0.2         |
|    entropy_loss         | -0.272      |
|    explained_variance   | 0.242       |
|    learning_rate        | 0.0003      |
|    loss                 | 402         |
|    n_updates            | 2860        |
|    policy_gradient_loss | -0.00327    |
|    value_loss           | 922         |
-----------------------------------------
FruitCounts | {'Fruit': 1, 'DecayFruit': 2, 'EnemyFruit': 1} |
-----------------------------------------
| rollout/                |             |
|    ep_len_mean          | 162         |
|    ep_rew_mean          | 283         |
| time/                   |             |
|    fps                  | 149         |
|    iterations           | 288         |
|    time_elapsed         | 3954        |
|    total_timesteps      | 589824      |
| train/                  |             |
|    approx_kl            | 0.008814389 |
|    clip_fraction        | 0.0793      |
|    clip_range           | 0.2         |
|    entropy_loss         | -0.27       |
|    explained_variance   | 0.272       |
|    learning_rate        | 0.0003      |
|    loss                 | 482         |
|    n_updates            | 2870        |
|    policy_gradient_loss | -0.00232    |
|    value_loss           | 792         |
-----------------------------------------
FruitCounts | {'Fruit': 0, 'DecayFruit': 0, 'EnemyFruit': 0} |
-----------------------------------------
| rollout/                |             |
|    ep_len_mean          | 162         |
|    ep_rew_mean          | 274         |
| time/                   |             |
|    fps                  | 149         |
|    iterations           | 289         |
|    time_elapsed         | 3968        |
|    total_timesteps      | 591872      |
| train/                  |             |
|    approx_kl            | 0.009129722 |
|    clip_fraction        | 0.0644      |
|    clip_range           | 0.2         |
|    entropy_loss         | -0.253      |
|    explained_variance   | 0.223       |
|    learning_rate        | 0.0003      |
|    loss                 | 343         |
|    n_updates            | 2880        |
|    policy_gradient_loss | -0.00413    |
|    value_loss           | 849         |
-----------------------------------------
FruitCounts | {'Fruit': 0, 'DecayFruit': 3, 'EnemyFruit': 0} |
-----------------------------------------
| rollout/                |             |
|    ep_len_mean          | 158         |
|    ep_rew_mean          | 268         |
| time/                   |             |
|    fps                  | 149         |
|    iterations           | 290         |
|    time_elapsed         | 3980        |
|    total_timesteps      | 593920      |
| train/                  |             |
|    approx_kl            | 0.008244395 |
|    clip_fraction        | 0.0744      |
|    clip_range           | 0.2         |
|    entropy_loss         | -0.287      |
|    explained_variance   | 0.169       |
|    learning_rate        | 0.0003      |
|    loss                 | 359         |
|    n_updates            | 2890        |
|    policy_gradient_loss | -0.00198    |
|    value_loss           | 944         |
-----------------------------------------
FruitCounts | {'Fruit': 0, 'DecayFruit': 6, 'EnemyFruit': 0} |
----------------------------------------
| rollout/                |            |
|    ep_len_mean          | 156        |
|    ep_rew_mean          | 254        |
| time/                   |            |
|    fps                  | 149        |
|    iterations           | 291        |
|    time_elapsed         | 3994       |
|    total_timesteps      | 595968     |
| train/                  |            |
|    approx_kl            | 0.00915236 |
|    clip_fraction        | 0.0655     |
|    clip_range           | 0.2        |
|    entropy_loss         | -0.266     |
|    explained_variance   | 0.214      |
|    learning_rate        | 0.0003     |
|    loss                 | 563        |
|    n_updates            | 2900       |
|    policy_gradient_loss | -0.00269   |
|    value_loss           | 966        |
----------------------------------------
FruitCounts | {'Fruit': 0, 'DecayFruit': 5, 'EnemyFruit': 0} |
-----------------------------------------
| rollout/                |             |
|    ep_len_mean          | 151         |
|    ep_rew_mean          | 242         |
| time/                   |             |
|    fps                  | 149         |
|    iterations           | 292         |
|    time_elapsed         | 4008        |
|    total_timesteps      | 598016      |
| train/                  |             |
|    approx_kl            | 0.008513065 |
|    clip_fraction        | 0.0634      |
|    clip_range           | 0.2         |
|    entropy_loss         | -0.269      |
|    explained_variance   | 0.05        |
|    learning_rate        | 0.0003      |
|    loss                 | 606         |
|    n_updates            | 2910        |
|    policy_gradient_loss | -0.000882   |
|    value_loss           | 934         |
-----------------------------------------
FruitCounts | {'Fruit': 0, 'DecayFruit': 8, 'EnemyFruit': 2} |
-----------------------------------------
| rollout/                |             |
|    ep_len_mean          | 143         |
|    ep_rew_mean          | 228         |
| time/                   |             |
|    fps                  | 149         |
|    iterations           | 293         |
|    time_elapsed         | 4021        |
|    total_timesteps      | 600064      |
| train/                  |             |
|    approx_kl            | 0.005847515 |
|    clip_fraction        | 0.0622      |
|    clip_range           | 0.2         |
|    entropy_loss         | -0.274      |
|    explained_variance   | 0.144       |
|    learning_rate        | 0.0003      |
|    loss                 | 344         |
|    n_updates            | 2920        |
|    policy_gradient_loss | -0.000298   |
|    value_loss           | 882         |
-----------------------------------------
FruitCounts | {'Fruit': 0, 'DecayFruit': 6, 'EnemyFruit': 2} |
-----------------------------------------
| rollout/                |             |
|    ep_len_mean          | 137         |
|    ep_rew_mean          | 212         |
| time/                   |             |
|    fps                  | 149         |
|    iterations           | 294         |
|    time_elapsed         | 4035        |
|    total_timesteps      | 602112      |
| train/                  |             |
|    approx_kl            | 0.009535437 |
|    clip_fraction        | 0.0838      |
|    clip_range           | 0.2         |
|    entropy_loss         | -0.26       |
|    explained_variance   | 0.167       |
|    learning_rate        | 0.0003      |
|    loss                 | 319         |
|    n_updates            | 2930        |
|    policy_gradient_loss | -0.00363    |
|    value_loss           | 891         |
-----------------------------------------
FruitCounts | {'Fruit': 0, 'DecayFruit': 2, 'EnemyFruit': 0} |
-----------------------------------------
| rollout/                |             |
|    ep_len_mean          | 141         |
|    ep_rew_mean          | 215         |
| time/                   |             |
|    fps                  | 149         |
|    iterations           | 295         |
|    time_elapsed         | 4048        |
|    total_timesteps      | 604160      |
| train/                  |             |
|    approx_kl            | 0.006601548 |
|    clip_fraction        | 0.0728      |
|    clip_range           | 0.2         |
|    entropy_loss         | -0.263      |
|    explained_variance   | 0.276       |
|    learning_rate        | 0.0003      |
|    loss                 | 401         |
|    n_updates            | 2940        |
|    policy_gradient_loss | -0.00214    |
|    value_loss           | 812         |
-----------------------------------------
FruitCounts | {'Fruit': 0, 'DecayFruit': 0, 'EnemyFruit': 0} |
------------------------------------------
| rollout/                |              |
|    ep_len_mean          | 139          |
|    ep_rew_mean          | 207          |
| time/                   |              |
|    fps                  | 149          |
|    iterations           | 296          |
|    time_elapsed         | 4061         |
|    total_timesteps      | 606208       |
| train/                  |              |
|    approx_kl            | 0.0069192452 |
|    clip_fraction        | 0.0689       |
|    clip_range           | 0.2          |
|    entropy_loss         | -0.246       |
|    explained_variance   | 0.129        |
|    learning_rate        | 0.0003       |
|    loss                 | 299          |
|    n_updates            | 2950         |
|    policy_gradient_loss | -0.00308     |
|    value_loss           | 806          |
------------------------------------------
FruitCounts | {'Fruit': 0, 'DecayFruit': 3, 'EnemyFruit': 2} |
-----------------------------------------
| rollout/                |             |
|    ep_len_mean          | 133         |
|    ep_rew_mean          | 208         |
| time/                   |             |
|    fps                  | 149         |
|    iterations           | 297         |
|    time_elapsed         | 4075        |
|    total_timesteps      | 608256      |
| train/                  |             |
|    approx_kl            | 0.005631239 |
|    clip_fraction        | 0.0576      |
|    clip_range           | 0.2         |
|    entropy_loss         | -0.254      |
|    explained_variance   | 0.188       |
|    learning_rate        | 0.0003      |
|    loss                 | 274         |
|    n_updates            | 2960        |
|    policy_gradient_loss | -0.00452    |
|    value_loss           | 608         |
-----------------------------------------
FruitCounts | {'Fruit': 0, 'DecayFruit': 0, 'EnemyFruit': 0} |
------------------------------------------
| rollout/                |              |
|    ep_len_mean          | 141          |
|    ep_rew_mean          | 229          |
| time/                   |              |
|    fps                  | 149          |
|    iterations           | 298          |
|    time_elapsed         | 4088         |
|    total_timesteps      | 610304       |
| train/                  |              |
|    approx_kl            | 0.0062185745 |
|    clip_fraction        | 0.0551       |
|    clip_range           | 0.2          |
|    entropy_loss         | -0.239       |
|    explained_variance   | 0.297        |
|    learning_rate        | 0.0003       |
|    loss                 | 553          |
|    n_updates            | 2970         |
|    policy_gradient_loss | -0.00319     |
|    value_loss           | 1.23e+03     |
------------------------------------------
FruitCounts | {'Fruit': 0, 'DecayFruit': 1, 'EnemyFruit': 1} |
---------------------------------------
| rollout/                |           |
|    ep_len_mean          | 140       |
|    ep_rew_mean          | 230       |
| time/                   |           |
|    fps                  | 149       |
|    iterations           | 299       |
|    time_elapsed         | 4102      |
|    total_timesteps      | 612352    |
| train/                  |           |
|    approx_kl            | 0.0084596 |
|    clip_fraction        | 0.0642    |
|    clip_range           | 0.2       |
|    entropy_loss         | -0.242    |
|    explained_variance   | 0.191     |
|    learning_rate        | 0.0003    |
|    loss                 | 763       |
|    n_updates            | 2980      |
|    policy_gradient_loss | -0.000805 |
|    value_loss           | 1.06e+03  |
---------------------------------------
FruitCounts | {'Fruit': 0, 'DecayFruit': 2, 'EnemyFruit': 0} |
-----------------------------------------
| rollout/                |             |
|    ep_len_mean          | 142         |
|    ep_rew_mean          | 239         |
| time/                   |             |
|    fps                  | 149         |
|    iterations           | 300         |
|    time_elapsed         | 4115        |
|    total_timesteps      | 614400      |
| train/                  |             |
|    approx_kl            | 0.006068511 |
|    clip_fraction        | 0.0484      |
|    clip_range           | 0.2         |
|    entropy_loss         | -0.241      |
|    explained_variance   | 0.151       |
|    learning_rate        | 0.0003      |
|    loss                 | 494         |
|    n_updates            | 2990        |
|    policy_gradient_loss | -0.00235    |
|    value_loss           | 944         |
-----------------------------------------
FruitCounts | {'Fruit': 0, 'DecayFruit': 0, 'EnemyFruit': 0} |
------------------------------------------
| rollout/                |              |
|    ep_len_mean          | 145          |
|    ep_rew_mean          | 240          |
| time/                   |              |
|    fps                  | 149          |
|    iterations           | 301          |
|    time_elapsed         | 4128         |
|    total_timesteps      | 616448       |
| train/                  |              |
|    approx_kl            | 0.0063235355 |
|    clip_fraction        | 0.0502       |
|    clip_range           | 0.2          |
|    entropy_loss         | -0.241       |
|    explained_variance   | 0.282        |
|    learning_rate        | 0.0003       |
|    loss                 | 413          |
|    n_updates            | 3000         |
|    policy_gradient_loss | -0.00149     |
|    value_loss           | 1.01e+03     |
------------------------------------------
FruitCounts | {'Fruit': 0, 'DecayFruit': 5, 'EnemyFruit': 1} |
-----------------------------------------
| rollout/                |             |
|    ep_len_mean          | 148         |
|    ep_rew_mean          | 248         |
| time/                   |             |
|    fps                  | 149         |
|    iterations           | 302         |
|    time_elapsed         | 4141        |
|    total_timesteps      | 618496      |
| train/                  |             |
|    approx_kl            | 0.009711079 |
|    clip_fraction        | 0.0663      |
|    clip_range           | 0.2         |
|    entropy_loss         | -0.229      |
|    explained_variance   | 0.0772      |
|    learning_rate        | 0.0003      |
|    loss                 | 409         |
|    n_updates            | 3010        |
|    policy_gradient_loss | -0.00471    |
|    value_loss           | 962         |
-----------------------------------------
FruitCounts | {'Fruit': 0, 'DecayFruit': 4, 'EnemyFruit': 0} |
------------------------------------------
| rollout/                |              |
|    ep_len_mean          | 147          |
|    ep_rew_mean          | 244          |
| time/                   |              |
|    fps                  | 149          |
|    iterations           | 303          |
|    time_elapsed         | 4154         |
|    total_timesteps      | 620544       |
| train/                  |              |
|    approx_kl            | 0.0072959363 |
|    clip_fraction        | 0.0669       |
|    clip_range           | 0.2          |
|    entropy_loss         | -0.235       |
|    explained_variance   | 0.0721       |
|    learning_rate        | 0.0003       |
|    loss                 | 225          |
|    n_updates            | 3020         |
|    policy_gradient_loss | -0.00298     |
|    value_loss           | 795          |
------------------------------------------
FruitCounts | {'Fruit': 0, 'DecayFruit': 0, 'EnemyFruit': 0} |
-----------------------------------------
| rollout/                |             |
|    ep_len_mean          | 150         |
|    ep_rew_mean          | 255         |
| time/                   |             |
|    fps                  | 149         |
|    iterations           | 304         |
|    time_elapsed         | 4167        |
|    total_timesteps      | 622592      |
| train/                  |             |
|    approx_kl            | 0.014268054 |
|    clip_fraction        | 0.0752      |
|    clip_range           | 0.2         |
|    entropy_loss         | -0.249      |
|    explained_variance   | 0.246       |
|    learning_rate        | 0.0003      |
|    loss                 | 305         |
|    n_updates            | 3030        |
|    policy_gradient_loss | -0.00282    |
|    value_loss           | 839         |
-----------------------------------------
FruitCounts | {'Fruit': 0, 'DecayFruit': 4, 'EnemyFruit': 3} |
-----------------------------------------
| rollout/                |             |
|    ep_len_mean          | 156         |
|    ep_rew_mean          | 255         |
| time/                   |             |
|    fps                  | 149         |
|    iterations           | 305         |
|    time_elapsed         | 4179        |
|    total_timesteps      | 624640      |
| train/                  |             |
|    approx_kl            | 0.013947209 |
|    clip_fraction        | 0.0682      |
|    clip_range           | 0.2         |
|    entropy_loss         | -0.251      |
|    explained_variance   | 0.136       |
|    learning_rate        | 0.0003      |
|    loss                 | 659         |
|    n_updates            | 3040        |
|    policy_gradient_loss | -0.00226    |
|    value_loss           | 1.06e+03    |
-----------------------------------------
FruitCounts | {'Fruit': 0, 'DecayFruit': 2, 'EnemyFruit': 0} |
-----------------------------------------
| rollout/                |             |
|    ep_len_mean          | 160         |
|    ep_rew_mean          | 250         |
| time/                   |             |
|    fps                  | 149         |
|    iterations           | 306         |
|    time_elapsed         | 4192        |
|    total_timesteps      | 626688      |
| train/                  |             |
|    approx_kl            | 0.010010608 |
|    clip_fraction        | 0.0787      |
|    clip_range           | 0.2         |
|    entropy_loss         | -0.258      |
|    explained_variance   | 0.23        |
|    learning_rate        | 0.0003      |
|    loss                 | 361         |
|    n_updates            | 3050        |
|    policy_gradient_loss | 0.00106     |
|    value_loss           | 687         |
-----------------------------------------
FruitCounts | {'Fruit': 0, 'DecayFruit': 2, 'EnemyFruit': 0} |
-----------------------------------------
| rollout/                |             |
|    ep_len_mean          | 164         |
|    ep_rew_mean          | 263         |
| time/                   |             |
|    fps                  | 149         |
|    iterations           | 307         |
|    time_elapsed         | 4205        |
|    total_timesteps      | 628736      |
| train/                  |             |
|    approx_kl            | 0.011051983 |
|    clip_fraction        | 0.0735      |
|    clip_range           | 0.2         |
|    entropy_loss         | -0.242      |
|    explained_variance   | 0.273       |
|    learning_rate        | 0.0003      |
|    loss                 | 165         |
|    n_updates            | 3060        |
|    policy_gradient_loss | -0.00412    |
|    value_loss           | 648         |
-----------------------------------------
FruitCounts | {'Fruit': 0, 'DecayFruit': 3, 'EnemyFruit': 1} |
------------------------------------------
| rollout/                |              |
|    ep_len_mean          | 163          |
|    ep_rew_mean          | 255          |
| time/                   |              |
|    fps                  | 149          |
|    iterations           | 308          |
|    time_elapsed         | 4217         |
|    total_timesteps      | 630784       |
| train/                  |              |
|    approx_kl            | 0.0049363007 |
|    clip_fraction        | 0.0481       |
|    clip_range           | 0.2          |
|    entropy_loss         | -0.244       |
|    explained_variance   | 0.23         |
|    learning_rate        | 0.0003       |
|    loss                 | 307          |
|    n_updates            | 3070         |
|    policy_gradient_loss | -0.00203     |
|    value_loss           | 1.08e+03     |
------------------------------------------
FruitCounts | {'Fruit': 0, 'DecayFruit': 5, 'EnemyFruit': 0} |
-----------------------------------------
| rollout/                |             |
|    ep_len_mean          | 166         |
|    ep_rew_mean          | 261         |
| time/                   |             |
|    fps                  | 149         |
|    iterations           | 309         |
|    time_elapsed         | 4230        |
|    total_timesteps      | 632832      |
| train/                  |             |
|    approx_kl            | 0.005451411 |
|    clip_fraction        | 0.0422      |
|    clip_range           | 0.2         |
|    entropy_loss         | -0.202      |
|    explained_variance   | 0.223       |
|    learning_rate        | 0.0003      |
|    loss                 | 430         |
|    n_updates            | 3080        |
|    policy_gradient_loss | -0.00154    |
|    value_loss           | 831         |
-----------------------------------------
FruitCounts | {'Fruit': 1, 'DecayFruit': 9, 'EnemyFruit': 2} |
-----------------------------------------
| rollout/                |             |
|    ep_len_mean          | 175         |
|    ep_rew_mean          | 279         |
| time/                   |             |
|    fps                  | 149         |
|    iterations           | 310         |
|    time_elapsed         | 4242        |
|    total_timesteps      | 634880      |
| train/                  |             |
|    approx_kl            | 0.008218806 |
|    clip_fraction        | 0.0664      |
|    clip_range           | 0.2         |
|    entropy_loss         | -0.228      |
|    explained_variance   | 0.313       |
|    learning_rate        | 0.0003      |
|    loss                 | 241         |
|    n_updates            | 3090        |
|    policy_gradient_loss | -0.00238    |
|    value_loss           | 866         |
-----------------------------------------
FruitCounts | {'Fruit': 1, 'DecayFruit': 9, 'EnemyFruit': 3} |
-----------------------------------------
| rollout/                |             |
|    ep_len_mean          | 179         |
|    ep_rew_mean          | 283         |
| time/                   |             |
|    fps                  | 149         |
|    iterations           | 311         |
|    time_elapsed         | 4254        |
|    total_timesteps      | 636928      |
| train/                  |             |
|    approx_kl            | 0.015198594 |
|    clip_fraction        | 0.0621      |
|    clip_range           | 0.2         |
|    entropy_loss         | -0.229      |
|    explained_variance   | 0.285       |
|    learning_rate        | 0.0003      |
|    loss                 | 248         |
|    n_updates            | 3100        |
|    policy_gradient_loss | -0.000567   |
|    value_loss           | 625         |
-----------------------------------------
FruitCounts | {'Fruit': 0, 'DecayFruit': 6, 'EnemyFruit': 0} |
-----------------------------------------
| rollout/                |             |
|    ep_len_mean          | 182         |
|    ep_rew_mean          | 289         |
| time/                   |             |
|    fps                  | 149         |
|    iterations           | 312         |
|    time_elapsed         | 4266        |
|    total_timesteps      | 638976      |
| train/                  |             |
|    approx_kl            | 0.011954531 |
|    clip_fraction        | 0.068       |
|    clip_range           | 0.2         |
|    entropy_loss         | -0.243      |
|    explained_variance   | 0.278       |
|    learning_rate        | 0.0003      |
|    loss                 | 307         |
|    n_updates            | 3110        |
|    policy_gradient_loss | -0.00423    |
|    value_loss           | 824         |
-----------------------------------------
FruitCounts | {'Fruit': 0, 'DecayFruit': 2, 'EnemyFruit': 0} |
------------------------------------------
| rollout/                |              |
|    ep_len_mean          | 180          |
|    ep_rew_mean          | 287          |
| time/                   |              |
|    fps                  | 149          |
|    iterations           | 313          |
|    time_elapsed         | 4280         |
|    total_timesteps      | 641024       |
| train/                  |              |
|    approx_kl            | 0.0076750196 |
|    clip_fraction        | 0.0613       |
|    clip_range           | 0.2          |
|    entropy_loss         | -0.219       |
|    explained_variance   | 0.201        |
|    learning_rate        | 0.0003       |
|    loss                 | 816          |
|    n_updates            | 3120         |
|    policy_gradient_loss | -0.00192     |
|    value_loss           | 1.31e+03     |
------------------------------------------
FruitCounts | {'Fruit': 0, 'DecayFruit': 0, 'EnemyFruit': 0} |
------------------------------------------
| rollout/                |              |
|    ep_len_mean          | 163          |
|    ep_rew_mean          | 267          |
| time/                   |              |
|    fps                  | 149          |
|    iterations           | 314          |
|    time_elapsed         | 4295         |
|    total_timesteps      | 643072       |
| train/                  |              |
|    approx_kl            | 0.0063473447 |
|    clip_fraction        | 0.0559       |
|    clip_range           | 0.2          |
|    entropy_loss         | -0.226       |
|    explained_variance   | 0.305        |
|    learning_rate        | 0.0003       |
|    loss                 | 583          |
|    n_updates            | 3130         |
|    policy_gradient_loss | -0.00328     |
|    value_loss           | 914          |
------------------------------------------
FruitCounts | {'Fruit': 0, 'DecayFruit': 6, 'EnemyFruit': 1} |
-----------------------------------------
| rollout/                |             |
|    ep_len_mean          | 176         |
|    ep_rew_mean          | 286         |
| time/                   |             |
|    fps                  | 149         |
|    iterations           | 315         |
|    time_elapsed         | 4306        |
|    total_timesteps      | 645120      |
| train/                  |             |
|    approx_kl            | 0.007463375 |
|    clip_fraction        | 0.0654      |
|    clip_range           | 0.2         |
|    entropy_loss         | -0.241      |
|    explained_variance   | 0.129       |
|    learning_rate        | 0.0003      |
|    loss                 | 685         |
|    n_updates            | 3140        |
|    policy_gradient_loss | -0.00622    |
|    value_loss           | 1.34e+03    |
-----------------------------------------
FruitCounts | {'Fruit': 0, 'DecayFruit': 6, 'EnemyFruit': 8} |
-----------------------------------------
| rollout/                |             |
|    ep_len_mean          | 168         |
|    ep_rew_mean          | 277         |
| time/                   |             |
|    fps                  | 149         |
|    iterations           | 316         |
|    time_elapsed         | 4319        |
|    total_timesteps      | 647168      |
| train/                  |             |
|    approx_kl            | 0.011320319 |
|    clip_fraction        | 0.0789      |
|    clip_range           | 0.2         |
|    entropy_loss         | -0.23       |
|    explained_variance   | 0.22        |
|    learning_rate        | 0.0003      |
|    loss                 | 260         |
|    n_updates            | 3150        |
|    policy_gradient_loss | 0.000439    |
|    value_loss           | 624         |
-----------------------------------------
FruitCounts | {'Fruit': 0, 'DecayFruit': 0, 'EnemyFruit': 0} |
------------------------------------------
| rollout/                |              |
|    ep_len_mean          | 167          |
|    ep_rew_mean          | 283          |
| time/                   |              |
|    fps                  | 149          |
|    iterations           | 317          |
|    time_elapsed         | 4333         |
|    total_timesteps      | 649216       |
| train/                  |              |
|    approx_kl            | 0.0061411853 |
|    clip_fraction        | 0.0537       |
|    clip_range           | 0.2          |
|    entropy_loss         | -0.23        |
|    explained_variance   | 0.186        |
|    learning_rate        | 0.0003       |
|    loss                 | 467          |
|    n_updates            | 3160         |
|    policy_gradient_loss | -0.00292     |
|    value_loss           | 1.11e+03     |
------------------------------------------
FruitCounts | {'Fruit': 1, 'DecayFruit': 8, 'EnemyFruit': 2} |
------------------------------------------
| rollout/                |              |
|    ep_len_mean          | 161          |
|    ep_rew_mean          | 278          |
| time/                   |              |
|    fps                  | 149          |
|    iterations           | 318          |
|    time_elapsed         | 4345         |
|    total_timesteps      | 651264       |
| train/                  |              |
|    approx_kl            | 0.0064199623 |
|    clip_fraction        | 0.0506       |
|    clip_range           | 0.2          |
|    entropy_loss         | -0.24        |
|    explained_variance   | 0.257        |
|    learning_rate        | 0.0003       |
|    loss                 | 523          |
|    n_updates            | 3170         |
|    policy_gradient_loss | -0.000738    |
|    value_loss           | 897          |
------------------------------------------
FruitCounts | {'Fruit': 0, 'DecayFruit': 6, 'EnemyFruit': 1} |
------------------------------------------
| rollout/                |              |
|    ep_len_mean          | 161          |
|    ep_rew_mean          | 285          |
| time/                   |              |
|    fps                  | 149          |
|    iterations           | 319          |
|    time_elapsed         | 4357         |
|    total_timesteps      | 653312       |
| train/                  |              |
|    approx_kl            | 0.0075093936 |
|    clip_fraction        | 0.0533       |
|    clip_range           | 0.2          |
|    entropy_loss         | -0.246       |
|    explained_variance   | 0.151        |
|    learning_rate        | 0.0003       |
|    loss                 | 410          |
|    n_updates            | 3180         |
|    policy_gradient_loss | -0.00496     |
|    value_loss           | 951          |
------------------------------------------
FruitCounts | {'Fruit': 1, 'DecayFruit': 5, 'EnemyFruit': 0} |
-----------------------------------------
| rollout/                |             |
|    ep_len_mean          | 155         |
|    ep_rew_mean          | 272         |
| time/                   |             |
|    fps                  | 149         |
|    iterations           | 320         |
|    time_elapsed         | 4371        |
|    total_timesteps      | 655360      |
| train/                  |             |
|    approx_kl            | 0.010627439 |
|    clip_fraction        | 0.0704      |
|    clip_range           | 0.2         |
|    entropy_loss         | -0.227      |
|    explained_variance   | 0.262       |
|    learning_rate        | 0.0003      |
|    loss                 | 530         |
|    n_updates            | 3190        |
|    policy_gradient_loss | 0.00104     |
|    value_loss           | 1.07e+03    |
-----------------------------------------
FruitCounts | {'Fruit': 0, 'DecayFruit': 14, 'EnemyFruit': 5} |
------------------------------------------
| rollout/                |              |
|    ep_len_mean          | 160          |
|    ep_rew_mean          | 294          |
| time/                   |              |
|    fps                  | 149          |
|    iterations           | 321          |
|    time_elapsed         | 4383         |
|    total_timesteps      | 657408       |
| train/                  |              |
|    approx_kl            | 0.0064442605 |
|    clip_fraction        | 0.051        |
|    clip_range           | 0.2          |
|    entropy_loss         | -0.231       |
|    explained_variance   | 0.251        |
|    learning_rate        | 0.0003       |
|    loss                 | 538          |
|    n_updates            | 3200         |
|    policy_gradient_loss | -0.00118     |
|    value_loss           | 1.25e+03     |
------------------------------------------
FruitCounts | {'Fruit': 0, 'DecayFruit': 6, 'EnemyFruit': 1} |
------------------------------------------
| rollout/                |              |
|    ep_len_mean          | 165          |
|    ep_rew_mean          | 308          |
| time/                   |              |
|    fps                  | 149          |
|    iterations           | 322          |
|    time_elapsed         | 4397         |
|    total_timesteps      | 659456       |
| train/                  |              |
|    approx_kl            | 0.0081073595 |
|    clip_fraction        | 0.0565       |
|    clip_range           | 0.2          |
|    entropy_loss         | -0.233       |
|    explained_variance   | 0.231        |
|    learning_rate        | 0.0003       |
|    loss                 | 410          |
|    n_updates            | 3210         |
|    policy_gradient_loss | -0.00168     |
|    value_loss           | 1.27e+03     |
------------------------------------------
FruitCounts | {'Fruit': 0, 'DecayFruit': 2, 'EnemyFruit': 1} |
-----------------------------------------
| rollout/                |             |
|    ep_len_mean          | 157         |
|    ep_rew_mean          | 296         |
| time/                   |             |
|    fps                  | 149         |
|    iterations           | 323         |
|    time_elapsed         | 4410        |
|    total_timesteps      | 661504      |
| train/                  |             |
|    approx_kl            | 0.006668197 |
|    clip_fraction        | 0.0639      |
|    clip_range           | 0.2         |
|    entropy_loss         | -0.254      |
|    explained_variance   | 0.339       |
|    learning_rate        | 0.0003      |
|    loss                 | 548         |
|    n_updates            | 3220        |
|    policy_gradient_loss | -0.0036     |
|    value_loss           | 1.27e+03    |
-----------------------------------------
FruitCounts | {'Fruit': 0, 'DecayFruit': 2, 'EnemyFruit': 0} |
-----------------------------------------
| rollout/                |             |
|    ep_len_mean          | 158         |
|    ep_rew_mean          | 293         |
| time/                   |             |
|    fps                  | 150         |
|    iterations           | 324         |
|    time_elapsed         | 4423        |
|    total_timesteps      | 663552      |
| train/                  |             |
|    approx_kl            | 0.008801621 |
|    clip_fraction        | 0.0622      |
|    clip_range           | 0.2         |
|    entropy_loss         | -0.248      |
|    explained_variance   | 0.166       |
|    learning_rate        | 0.0003      |
|    loss                 | 741         |
|    n_updates            | 3230        |
|    policy_gradient_loss | -0.00453    |
|    value_loss           | 1.25e+03    |
-----------------------------------------
FruitCounts | {'Fruit': 1, 'DecayFruit': 8, 'EnemyFruit': 1} |
-----------------------------------------
| rollout/                |             |
|    ep_len_mean          | 153         |
|    ep_rew_mean          | 274         |
| time/                   |             |
|    fps                  | 150         |
|    iterations           | 325         |
|    time_elapsed         | 4437        |
|    total_timesteps      | 665600      |
| train/                  |             |
|    approx_kl            | 0.010458287 |
|    clip_fraction        | 0.0842      |
|    clip_range           | 0.2         |
|    entropy_loss         | -0.267      |
|    explained_variance   | 0.213       |
|    learning_rate        | 0.0003      |
|    loss                 | 331         |
|    n_updates            | 3240        |
|    policy_gradient_loss | -0.00308    |
|    value_loss           | 955         |
-----------------------------------------
FruitCounts | {'Fruit': 1, 'DecayFruit': 3, 'EnemyFruit': 1} |
-----------------------------------------
| rollout/                |             |
|    ep_len_mean          | 151         |
|    ep_rew_mean          | 272         |
| time/                   |             |
|    fps                  | 150         |
|    iterations           | 326         |
|    time_elapsed         | 4449        |
|    total_timesteps      | 667648      |
| train/                  |             |
|    approx_kl            | 0.012219917 |
|    clip_fraction        | 0.0774      |
|    clip_range           | 0.2         |
|    entropy_loss         | -0.238      |
|    explained_variance   | 0.189       |
|    learning_rate        | 0.0003      |
|    loss                 | 500         |
|    n_updates            | 3250        |
|    policy_gradient_loss | -0.0066     |
|    value_loss           | 1.06e+03    |
-----------------------------------------
FruitCounts | {'Fruit': 0, 'DecayFruit': 14, 'EnemyFruit': 3} |
------------------------------------------
| rollout/                |              |
|    ep_len_mean          | 148          |
|    ep_rew_mean          | 263          |
| time/                   |              |
|    fps                  | 150          |
|    iterations           | 327          |
|    time_elapsed         | 4461         |
|    total_timesteps      | 669696       |
| train/                  |              |
|    approx_kl            | 0.0066720564 |
|    clip_fraction        | 0.0666       |
|    clip_range           | 0.2          |
|    entropy_loss         | -0.248       |
|    explained_variance   | 0.208        |
|    learning_rate        | 0.0003       |
|    loss                 | 329          |
|    n_updates            | 3260         |
|    policy_gradient_loss | -0.00195     |
|    value_loss           | 1.02e+03     |
------------------------------------------
FruitCounts | {'Fruit': 0, 'DecayFruit': 12, 'EnemyFruit': 4} |
------------------------------------------
| rollout/                |              |
|    ep_len_mean          | 153          |
|    ep_rew_mean          | 271          |
| time/                   |              |
|    fps                  | 150          |
|    iterations           | 328          |
|    time_elapsed         | 4474         |
|    total_timesteps      | 671744       |
| train/                  |              |
|    approx_kl            | 0.0049101594 |
|    clip_fraction        | 0.0587       |
|    clip_range           | 0.2          |
|    entropy_loss         | -0.229       |
|    explained_variance   | 0.373        |
|    learning_rate        | 0.0003       |
|    loss                 | 511          |
|    n_updates            | 3270         |
|    policy_gradient_loss | -0.00115     |
|    value_loss           | 702          |
------------------------------------------
FruitCounts | {'Fruit': 0, 'DecayFruit': 4, 'EnemyFruit': 0} |
------------------------------------------
| rollout/                |              |
|    ep_len_mean          | 154          |
|    ep_rew_mean          | 263          |
| time/                   |              |
|    fps                  | 150          |
|    iterations           | 329          |
|    time_elapsed         | 4487         |
|    total_timesteps      | 673792       |
| train/                  |              |
|    approx_kl            | 0.0077298554 |
|    clip_fraction        | 0.0654       |
|    clip_range           | 0.2          |
|    entropy_loss         | -0.238       |
|    explained_variance   | 0.231        |
|    learning_rate        | 0.0003       |
|    loss                 | 752          |
|    n_updates            | 3280         |
|    policy_gradient_loss | -0.00185     |
|    value_loss           | 1.21e+03     |
------------------------------------------
FruitCounts | {'Fruit': 0, 'DecayFruit': 4, 'EnemyFruit': 3} |
-----------------------------------------
| rollout/                |             |
|    ep_len_mean          | 155         |
|    ep_rew_mean          | 267         |
| time/                   |             |
|    fps                  | 150         |
|    iterations           | 330         |
|    time_elapsed         | 4500        |
|    total_timesteps      | 675840      |
| train/                  |             |
|    approx_kl            | 0.009075143 |
|    clip_fraction        | 0.0773      |
|    clip_range           | 0.2         |
|    entropy_loss         | -0.253      |
|    explained_variance   | 0.242       |
|    learning_rate        | 0.0003      |
|    loss                 | 268         |
|    n_updates            | 3290        |
|    policy_gradient_loss | 0.000728    |
|    value_loss           | 810         |
-----------------------------------------
FruitCounts | {'Fruit': 0, 'DecayFruit': 2, 'EnemyFruit': 0} |
------------------------------------------
| rollout/                |              |
|    ep_len_mean          | 157          |
|    ep_rew_mean          | 274          |
| time/                   |              |
|    fps                  | 150          |
|    iterations           | 331          |
|    time_elapsed         | 4513         |
|    total_timesteps      | 677888       |
| train/                  |              |
|    approx_kl            | 0.0061171046 |
|    clip_fraction        | 0.0582       |
|    clip_range           | 0.2          |
|    entropy_loss         | -0.223       |
|    explained_variance   | 0.246        |
|    learning_rate        | 0.0003       |
|    loss                 | 513          |
|    n_updates            | 3300         |
|    policy_gradient_loss | -0.00116     |
|    value_loss           | 1.05e+03     |
------------------------------------------
FruitCounts | {'Fruit': 0, 'DecayFruit': 1, 'EnemyFruit': 0} |
-----------------------------------------
| rollout/                |             |
|    ep_len_mean          | 160         |
|    ep_rew_mean          | 295         |
| time/                   |             |
|    fps                  | 150         |
|    iterations           | 332         |
|    time_elapsed         | 4525        |
|    total_timesteps      | 679936      |
| train/                  |             |
|    approx_kl            | 0.008615064 |
|    clip_fraction        | 0.0665      |
|    clip_range           | 0.2         |
|    entropy_loss         | -0.245      |
|    explained_variance   | 0.165       |
|    learning_rate        | 0.0003      |
|    loss                 | 465         |
|    n_updates            | 3310        |
|    policy_gradient_loss | -0.00355    |
|    value_loss           | 1.25e+03    |
-----------------------------------------
FruitCounts | {'Fruit': 0, 'DecayFruit': 1, 'EnemyFruit': 0} |
-----------------------------------------
| rollout/                |             |
|    ep_len_mean          | 166         |
|    ep_rew_mean          | 300         |
| time/                   |             |
|    fps                  | 150         |
|    iterations           | 333         |
|    time_elapsed         | 4539        |
|    total_timesteps      | 681984      |
| train/                  |             |
|    approx_kl            | 0.015550885 |
|    clip_fraction        | 0.0819      |
|    clip_range           | 0.2         |
|    entropy_loss         | -0.237      |
|    explained_variance   | 0.283       |
|    learning_rate        | 0.0003      |
|    loss                 | 195         |
|    n_updates            | 3320        |
|    policy_gradient_loss | -0.000572   |
|    value_loss           | 845         |
-----------------------------------------
FruitCounts | {'Fruit': 0, 'DecayFruit': 5, 'EnemyFruit': 1} |
----------------------------------------
| rollout/                |            |
|    ep_len_mean          | 160        |
|    ep_rew_mean          | 283        |
| time/                   |            |
|    fps                  | 150        |
|    iterations           | 334        |
|    time_elapsed         | 4552       |
|    total_timesteps      | 684032     |
| train/                  |            |
|    approx_kl            | 0.00918522 |
|    clip_fraction        | 0.082      |
|    clip_range           | 0.2        |
|    entropy_loss         | -0.249     |
|    explained_variance   | 0.0861     |
|    learning_rate        | 0.0003     |
|    loss                 | 310        |
|    n_updates            | 3330       |
|    policy_gradient_loss | -0.00262   |
|    value_loss           | 939        |
----------------------------------------
FruitCounts | {'Fruit': 0, 'DecayFruit': 8, 'EnemyFruit': 1} |
-----------------------------------------
| rollout/                |             |
|    ep_len_mean          | 159         |
|    ep_rew_mean          | 285         |
| time/                   |             |
|    fps                  | 150         |
|    iterations           | 335         |
|    time_elapsed         | 4565        |
|    total_timesteps      | 686080      |
| train/                  |             |
|    approx_kl            | 0.011954956 |
|    clip_fraction        | 0.0618      |
|    clip_range           | 0.2         |
|    entropy_loss         | -0.232      |
|    explained_variance   | 0.272       |
|    learning_rate        | 0.0003      |
|    loss                 | 399         |
|    n_updates            | 3340        |
|    policy_gradient_loss | -0.00114    |
|    value_loss           | 925         |
-----------------------------------------
FruitCounts | {'Fruit': 1, 'DecayFruit': 8, 'EnemyFruit': 3} |
------------------------------------------
| rollout/                |              |
|    ep_len_mean          | 160          |
|    ep_rew_mean          | 274          |
| time/                   |              |
|    fps                  | 150          |
|    iterations           | 336          |
|    time_elapsed         | 4577         |
|    total_timesteps      | 688128       |
| train/                  |              |
|    approx_kl            | 0.0059647798 |
|    clip_fraction        | 0.0752       |
|    clip_range           | 0.2          |
|    entropy_loss         | -0.254       |
|    explained_variance   | 0.164        |
|    learning_rate        | 0.0003       |
|    loss                 | 368          |
|    n_updates            | 3350         |
|    policy_gradient_loss | -0.000955    |
|    value_loss           | 934          |
------------------------------------------
FruitCounts | {'Fruit': 0, 'DecayFruit': 3, 'EnemyFruit': 0} |
----------------------------------------
| rollout/                |            |
|    ep_len_mean          | 159        |
|    ep_rew_mean          | 273        |
| time/                   |            |
|    fps                  | 150        |
|    iterations           | 337        |
|    time_elapsed         | 4590       |
|    total_timesteps      | 690176     |
| train/                  |            |
|    approx_kl            | 0.01092737 |
|    clip_fraction        | 0.0694     |
|    clip_range           | 0.2        |
|    entropy_loss         | -0.235     |
|    explained_variance   | 0.163      |
|    learning_rate        | 0.0003     |
|    loss                 | 388        |
|    n_updates            | 3360       |
|    policy_gradient_loss | -0.00259   |
|    value_loss           | 658        |
----------------------------------------
FruitCounts | {'Fruit': 0, 'DecayFruit': 7, 'EnemyFruit': 3} |
-----------------------------------------
| rollout/                |             |
|    ep_len_mean          | 159         |
|    ep_rew_mean          | 268         |
| time/                   |             |
|    fps                  | 150         |
|    iterations           | 338         |
|    time_elapsed         | 4603        |
|    total_timesteps      | 692224      |
| train/                  |             |
|    approx_kl            | 0.007541559 |
|    clip_fraction        | 0.0699      |
|    clip_range           | 0.2         |
|    entropy_loss         | -0.248      |
|    explained_variance   | 0.249       |
|    learning_rate        | 0.0003      |
|    loss                 | 337         |
|    n_updates            | 3370        |
|    policy_gradient_loss | -0.00163    |
|    value_loss           | 850         |
-----------------------------------------
FruitCounts | {'Fruit': 0, 'DecayFruit': 2, 'EnemyFruit': 0} |
-----------------------------------------
| rollout/                |             |
|    ep_len_mean          | 152         |
|    ep_rew_mean          | 241         |
| time/                   |             |
|    fps                  | 150         |
|    iterations           | 339         |
|    time_elapsed         | 4617        |
|    total_timesteps      | 694272      |
| train/                  |             |
|    approx_kl            | 0.007257051 |
|    clip_fraction        | 0.0782      |
|    clip_range           | 0.2         |
|    entropy_loss         | -0.257      |
|    explained_variance   | 0.254       |
|    learning_rate        | 0.0003      |
|    loss                 | 362         |
|    n_updates            | 3380        |
|    policy_gradient_loss | -0.00359    |
|    value_loss           | 913         |
-----------------------------------------
FruitCounts | {'Fruit': 0, 'DecayFruit': 0, 'EnemyFruit': 0} |
-----------------------------------------
| rollout/                |             |
|    ep_len_mean          | 144         |
|    ep_rew_mean          | 232         |
| time/                   |             |
|    fps                  | 150         |
|    iterations           | 340         |
|    time_elapsed         | 4631        |
|    total_timesteps      | 696320      |
| train/                  |             |
|    approx_kl            | 0.016594756 |
|    clip_fraction        | 0.0725      |
|    clip_range           | 0.2         |
|    entropy_loss         | -0.248      |
|    explained_variance   | 0.143       |
|    learning_rate        | 0.0003      |
|    loss                 | 436         |
|    n_updates            | 3390        |
|    policy_gradient_loss | -0.001      |
|    value_loss           | 1.14e+03    |
-----------------------------------------
FruitCounts | {'Fruit': 0, 'DecayFruit': 0, 'EnemyFruit': 0} |
----------------------------------------
| rollout/                |            |
|    ep_len_mean          | 149        |
|    ep_rew_mean          | 249        |
| time/                   |            |
|    fps                  | 150        |
|    iterations           | 341        |
|    time_elapsed         | 4644       |
|    total_timesteps      | 698368     |
| train/                  |            |
|    approx_kl            | 0.00854053 |
|    clip_fraction        | 0.0548     |
|    clip_range           | 0.2        |
|    entropy_loss         | -0.226     |
|    explained_variance   | 0.271      |
|    learning_rate        | 0.0003     |
|    loss                 | 471        |
|    n_updates            | 3400       |
|    policy_gradient_loss | -0.00246   |
|    value_loss           | 960        |
----------------------------------------
FruitCounts | {'Fruit': 0, 'DecayFruit': 1, 'EnemyFruit': 0} |
-----------------------------------------
| rollout/                |             |
|    ep_len_mean          | 153         |
|    ep_rew_mean          | 248         |
| time/                   |             |
|    fps                  | 150         |
|    iterations           | 342         |
|    time_elapsed         | 4656        |
|    total_timesteps      | 700416      |
| train/                  |             |
|    approx_kl            | 0.008694908 |
|    clip_fraction        | 0.0605      |
|    clip_range           | 0.2         |
|    entropy_loss         | -0.24       |
|    explained_variance   | 0.262       |
|    learning_rate        | 0.0003      |
|    loss                 | 309         |
|    n_updates            | 3410        |
|    policy_gradient_loss | -0.00228    |
|    value_loss           | 1.01e+03    |
-----------------------------------------
FruitCounts | {'Fruit': 0, 'DecayFruit': 12, 'EnemyFruit': 4} |
------------------------------------------
| rollout/                |              |
|    ep_len_mean          | 148          |
|    ep_rew_mean          | 247          |
| time/                   |              |
|    fps                  | 150          |
|    iterations           | 343          |
|    time_elapsed         | 4670         |
|    total_timesteps      | 702464       |
| train/                  |              |
|    approx_kl            | 0.0072217984 |
|    clip_fraction        | 0.0659       |
|    clip_range           | 0.2          |
|    entropy_loss         | -0.22        |
|    explained_variance   | 0.422        |
|    learning_rate        | 0.0003       |
|    loss                 | 376          |
|    n_updates            | 3420         |
|    policy_gradient_loss | 0.00066      |
|    value_loss           | 641          |
------------------------------------------
FruitCounts | {'Fruit': 0, 'DecayFruit': 7, 'EnemyFruit': 0} |
------------------------------------------
| rollout/                |              |
|    ep_len_mean          | 152          |
|    ep_rew_mean          | 262          |
| time/                   |              |
|    fps                  | 150          |
|    iterations           | 344          |
|    time_elapsed         | 4682         |
|    total_timesteps      | 704512       |
| train/                  |              |
|    approx_kl            | 0.0047906376 |
|    clip_fraction        | 0.0517       |
|    clip_range           | 0.2          |
|    entropy_loss         | -0.239       |
|    explained_variance   | 0.244        |
|    learning_rate        | 0.0003       |
|    loss                 | 479          |
|    n_updates            | 3430         |
|    policy_gradient_loss | -0.000712    |
|    value_loss           | 1.08e+03     |
------------------------------------------
FruitCounts | {'Fruit': 0, 'DecayFruit': 7, 'EnemyFruit': 0} |
-----------------------------------------
| rollout/                |             |
|    ep_len_mean          | 150         |
|    ep_rew_mean          | 261         |
| time/                   |             |
|    fps                  | 150         |
|    iterations           | 345         |
|    time_elapsed         | 4694        |
|    total_timesteps      | 706560      |
| train/                  |             |
|    approx_kl            | 0.005040619 |
|    clip_fraction        | 0.0504      |
|    clip_range           | 0.2         |
|    entropy_loss         | -0.235      |
|    explained_variance   | 0.322       |
|    learning_rate        | 0.0003      |
|    loss                 | 432         |
|    n_updates            | 3440        |
|    policy_gradient_loss | -0.0025     |
|    value_loss           | 963         |
-----------------------------------------
FruitCounts | {'Fruit': 0, 'DecayFruit': 8, 'EnemyFruit': 1} |
-----------------------------------------
| rollout/                |             |
|    ep_len_mean          | 149         |
|    ep_rew_mean          | 261         |
| time/                   |             |
|    fps                  | 150         |
|    iterations           | 346         |
|    time_elapsed         | 4708        |
|    total_timesteps      | 708608      |
| train/                  |             |
|    approx_kl            | 0.004894154 |
|    clip_fraction        | 0.0611      |
|    clip_range           | 0.2         |
|    entropy_loss         | -0.239      |
|    explained_variance   | 0.347       |
|    learning_rate        | 0.0003      |
|    loss                 | 407         |
|    n_updates            | 3450        |
|    policy_gradient_loss | -0.0027     |
|    value_loss           | 803         |
-----------------------------------------
FruitCounts | {'Fruit': 1, 'DecayFruit': 10, 'EnemyFruit': 8} |
------------------------------------------
| rollout/                |              |
|    ep_len_mean          | 159          |
|    ep_rew_mean          | 288          |
| time/                   |              |
|    fps                  | 150          |
|    iterations           | 347          |
|    time_elapsed         | 4720         |
|    total_timesteps      | 710656       |
| train/                  |              |
|    approx_kl            | 0.0044327374 |
|    clip_fraction        | 0.0553       |
|    clip_range           | 0.2          |
|    entropy_loss         | -0.219       |
|    explained_variance   | 0.333        |
|    learning_rate        | 0.0003       |
|    loss                 | 416          |
|    n_updates            | 3460         |
|    policy_gradient_loss | -0.0027      |
|    value_loss           | 896          |
------------------------------------------
FruitCounts | {'Fruit': 0, 'DecayFruit': 7, 'EnemyFruit': 2} |
------------------------------------------
| rollout/                |              |
|    ep_len_mean          | 165          |
|    ep_rew_mean          | 289          |
| time/                   |              |
|    fps                  | 150          |
|    iterations           | 348          |
|    time_elapsed         | 4732         |
|    total_timesteps      | 712704       |
| train/                  |              |
|    approx_kl            | 0.0071699442 |
|    clip_fraction        | 0.0568       |
|    clip_range           | 0.2          |
|    entropy_loss         | -0.229       |
|    explained_variance   | 0.254        |
|    learning_rate        | 0.0003       |
|    loss                 | 686          |
|    n_updates            | 3470         |
|    policy_gradient_loss | -0.00331     |
|    value_loss           | 1.17e+03     |
------------------------------------------
FruitCounts | {'Fruit': 0, 'DecayFruit': 5, 'EnemyFruit': 4} |
-----------------------------------------
| rollout/                |             |
|    ep_len_mean          | 164         |
|    ep_rew_mean          | 283         |
| time/                   |             |
|    fps                  | 150         |
|    iterations           | 349         |
|    time_elapsed         | 4745        |
|    total_timesteps      | 714752      |
| train/                  |             |
|    approx_kl            | 0.006315848 |
|    clip_fraction        | 0.0558      |
|    clip_range           | 0.2         |
|    entropy_loss         | -0.245      |
|    explained_variance   | 0.145       |
|    learning_rate        | 0.0003      |
|    loss                 | 483         |
|    n_updates            | 3480        |
|    policy_gradient_loss | -0.00225    |
|    value_loss           | 888         |
-----------------------------------------
FruitCounts | {'Fruit': 0, 'DecayFruit': 19, 'EnemyFruit': 4} |
------------------------------------------
| rollout/                |              |
|    ep_len_mean          | 157          |
|    ep_rew_mean          | 274          |
| time/                   |              |
|    fps                  | 150          |
|    iterations           | 350          |
|    time_elapsed         | 4758         |
|    total_timesteps      | 716800       |
| train/                  |              |
|    approx_kl            | 0.0060121426 |
|    clip_fraction        | 0.0578       |
|    clip_range           | 0.2          |
|    entropy_loss         | -0.246       |
|    explained_variance   | 0.245        |
|    learning_rate        | 0.0003       |
|    loss                 | 299          |
|    n_updates            | 3490         |
|    policy_gradient_loss | -0.00226     |
|    value_loss           | 867          |
------------------------------------------
FruitCounts | {'Fruit': 0, 'DecayFruit': 0, 'EnemyFruit': 0} |
------------------------------------------
| rollout/                |              |
|    ep_len_mean          | 169          |
|    ep_rew_mean          | 303          |
| time/                   |              |
|    fps                  | 150          |
|    iterations           | 351          |
|    time_elapsed         | 4771         |
|    total_timesteps      | 718848       |
| train/                  |              |
|    approx_kl            | 0.0065586353 |
|    clip_fraction        | 0.0613       |
|    clip_range           | 0.2          |
|    entropy_loss         | -0.231       |
|    explained_variance   | 0.37         |
|    learning_rate        | 0.0003       |
|    loss                 | 443          |
|    n_updates            | 3500         |
|    policy_gradient_loss | -0.00381     |
|    value_loss           | 854          |
------------------------------------------
FruitCounts | {'Fruit': 0, 'DecayFruit': 6, 'EnemyFruit': 0} |
------------------------------------------
| rollout/                |              |
|    ep_len_mean          | 170          |
|    ep_rew_mean          | 293          |
| time/                   |              |
|    fps                  | 150          |
|    iterations           | 352          |
|    time_elapsed         | 4783         |
|    total_timesteps      | 720896       |
| train/                  |              |
|    approx_kl            | 0.0054767164 |
|    clip_fraction        | 0.0558       |
|    clip_range           | 0.2          |
|    entropy_loss         | -0.246       |
|    explained_variance   | 0.276        |
|    learning_rate        | 0.0003       |
|    loss                 | 846          |
|    n_updates            | 3510         |
|    policy_gradient_loss | -0.00211     |
|    value_loss           | 1.1e+03      |
------------------------------------------
FruitCounts | {'Fruit': 0, 'DecayFruit': 3, 'EnemyFruit': 0} |
-----------------------------------------
| rollout/                |             |
|    ep_len_mean          | 160         |
|    ep_rew_mean          | 289         |
| time/                   |             |
|    fps                  | 150         |
|    iterations           | 353         |
|    time_elapsed         | 4797        |
|    total_timesteps      | 722944      |
| train/                  |             |
|    approx_kl            | 0.007903259 |
|    clip_fraction        | 0.0674      |
|    clip_range           | 0.2         |
|    entropy_loss         | -0.243      |
|    explained_variance   | 0.386       |
|    learning_rate        | 0.0003      |
|    loss                 | 352         |
|    n_updates            | 3520        |
|    policy_gradient_loss | -0.00262    |
|    value_loss           | 776         |
-----------------------------------------
FruitCounts | {'Fruit': 0, 'DecayFruit': 0, 'EnemyFruit': 0} |
------------------------------------------
| rollout/                |              |
|    ep_len_mean          | 163          |
|    ep_rew_mean          | 292          |
| time/                   |              |
|    fps                  | 150          |
|    iterations           | 354          |
|    time_elapsed         | 4810         |
|    total_timesteps      | 724992       |
| train/                  |              |
|    approx_kl            | 0.0076290485 |
|    clip_fraction        | 0.0625       |
|    clip_range           | 0.2          |
|    entropy_loss         | -0.25        |
|    explained_variance   | 0.24         |
|    learning_rate        | 0.0003       |
|    loss                 | 401          |
|    n_updates            | 3530         |
|    policy_gradient_loss | -0.000515    |
|    value_loss           | 1.38e+03     |
------------------------------------------
FruitCounts | {'Fruit': 0, 'DecayFruit': 6, 'EnemyFruit': 1} |
-----------------------------------------
| rollout/                |             |
|    ep_len_mean          | 160         |
|    ep_rew_mean          | 282         |
| time/                   |             |
|    fps                  | 150         |
|    iterations           | 355         |
|    time_elapsed         | 4822        |
|    total_timesteps      | 727040      |
| train/                  |             |
|    approx_kl            | 0.012511463 |
|    clip_fraction        | 0.0657      |
|    clip_range           | 0.2         |
|    entropy_loss         | -0.23       |
|    explained_variance   | 0.217       |
|    learning_rate        | 0.0003      |
|    loss                 | 473         |
|    n_updates            | 3540        |
|    policy_gradient_loss | -0.00413    |
|    value_loss           | 1e+03       |
-----------------------------------------
FruitCounts | {'Fruit': 0, 'DecayFruit': 0, 'EnemyFruit': 0} |
------------------------------------------
| rollout/                |              |
|    ep_len_mean          | 162          |
|    ep_rew_mean          | 293          |
| time/                   |              |
|    fps                  | 150          |
|    iterations           | 356          |
|    time_elapsed         | 4835         |
|    total_timesteps      | 729088       |
| train/                  |              |
|    approx_kl            | 0.0072871153 |
|    clip_fraction        | 0.0584       |
|    clip_range           | 0.2          |
|    entropy_loss         | -0.247       |
|    explained_variance   | 0.331        |
|    learning_rate        | 0.0003       |
|    loss                 | 324          |
|    n_updates            | 3550         |
|    policy_gradient_loss | -0.000184    |
|    value_loss           | 820          |
------------------------------------------
FruitCounts | {'Fruit': 0, 'DecayFruit': 2, 'EnemyFruit': 1} |
------------------------------------------
| rollout/                |              |
|    ep_len_mean          | 162          |
|    ep_rew_mean          | 293          |
| time/                   |              |
|    fps                  | 150          |
|    iterations           | 357          |
|    time_elapsed         | 4848         |
|    total_timesteps      | 731136       |
| train/                  |              |
|    approx_kl            | 0.0082006445 |
|    clip_fraction        | 0.0791       |
|    clip_range           | 0.2          |
|    entropy_loss         | -0.246       |
|    explained_variance   | 0.264        |
|    learning_rate        | 0.0003       |
|    loss                 | 400          |
|    n_updates            | 3560         |
|    policy_gradient_loss | -0.00236     |
|    value_loss           | 964          |
------------------------------------------
FruitCounts | {'Fruit': 0, 'DecayFruit': 9, 'EnemyFruit': 2} |
-----------------------------------------
| rollout/                |             |
|    ep_len_mean          | 158         |
|    ep_rew_mean          | 286         |
| time/                   |             |
|    fps                  | 150         |
|    iterations           | 358         |
|    time_elapsed         | 4861        |
|    total_timesteps      | 733184      |
| train/                  |             |
|    approx_kl            | 0.009783365 |
|    clip_fraction        | 0.0616      |
|    clip_range           | 0.2         |
|    entropy_loss         | -0.234      |
|    explained_variance   | 0.225       |
|    learning_rate        | 0.0003      |
|    loss                 | 477         |
|    n_updates            | 3570        |
|    policy_gradient_loss | -0.00255    |
|    value_loss           | 886         |
-----------------------------------------
FruitCounts | {'Fruit': 0, 'DecayFruit': 0, 'EnemyFruit': 1} |
----------------------------------------
| rollout/                |            |
|    ep_len_mean          | 148        |
|    ep_rew_mean          | 263        |
| time/                   |            |
|    fps                  | 150        |
|    iterations           | 359        |
|    time_elapsed         | 4875       |
|    total_timesteps      | 735232     |
| train/                  |            |
|    approx_kl            | 0.00743689 |
|    clip_fraction        | 0.0571     |
|    clip_range           | 0.2        |
|    entropy_loss         | -0.224     |
|    explained_variance   | 0.239      |
|    learning_rate        | 0.0003     |
|    loss                 | 248        |
|    n_updates            | 3580       |
|    policy_gradient_loss | -0.00195   |
|    value_loss           | 969        |
----------------------------------------
FruitCounts | {'Fruit': 0, 'DecayFruit': 4, 'EnemyFruit': 0} |
-----------------------------------------
| rollout/                |             |
|    ep_len_mean          | 142         |
|    ep_rew_mean          | 235         |
| time/                   |             |
|    fps                  | 150         |
|    iterations           | 360         |
|    time_elapsed         | 4890        |
|    total_timesteps      | 737280      |
| train/                  |             |
|    approx_kl            | 0.010247907 |
|    clip_fraction        | 0.0623      |
|    clip_range           | 0.2         |
|    entropy_loss         | -0.243      |
|    explained_variance   | 0.101       |
|    learning_rate        | 0.0003      |
|    loss                 | 374         |
|    n_updates            | 3590        |
|    policy_gradient_loss | -0.00389    |
|    value_loss           | 1e+03       |
-----------------------------------------
FruitCounts | {'Fruit': 0, 'DecayFruit': 3, 'EnemyFruit': 0} |
----------------------------------------
| rollout/                |            |
|    ep_len_mean          | 143        |
|    ep_rew_mean          | 235        |
| time/                   |            |
|    fps                  | 150        |
|    iterations           | 361        |
|    time_elapsed         | 4902       |
|    total_timesteps      | 739328     |
| train/                  |            |
|    approx_kl            | 0.01217649 |
|    clip_fraction        | 0.0655     |
|    clip_range           | 0.2        |
|    entropy_loss         | -0.23      |
|    explained_variance   | 0.199      |
|    learning_rate        | 0.0003     |
|    loss                 | 626        |
|    n_updates            | 3600       |
|    policy_gradient_loss | -0.00623   |
|    value_loss           | 1.07e+03   |
----------------------------------------
FruitCounts | {'Fruit': 0, 'DecayFruit': 0, 'EnemyFruit': 0} |
-----------------------------------------
| rollout/                |             |
|    ep_len_mean          | 142         |
|    ep_rew_mean          | 232         |
| time/                   |             |
|    fps                  | 150         |
|    iterations           | 362         |
|    time_elapsed         | 4915        |
|    total_timesteps      | 741376      |
| train/                  |             |
|    approx_kl            | 0.010299408 |
|    clip_fraction        | 0.069       |
|    clip_range           | 0.2         |
|    entropy_loss         | -0.236      |
|    explained_variance   | 0.274       |
|    learning_rate        | 0.0003      |
|    loss                 | 315         |
|    n_updates            | 3610        |
|    policy_gradient_loss | -0.00371    |
|    value_loss           | 688         |
-----------------------------------------
FruitCounts | {'Fruit': 1, 'DecayFruit': 8, 'EnemyFruit': 5} |
-----------------------------------------
| rollout/                |             |
|    ep_len_mean          | 142         |
|    ep_rew_mean          | 229         |
| time/                   |             |
|    fps                  | 150         |
|    iterations           | 363         |
|    time_elapsed         | 4927        |
|    total_timesteps      | 743424      |
| train/                  |             |
|    approx_kl            | 0.006820966 |
|    clip_fraction        | 0.0606      |
|    clip_range           | 0.2         |
|    entropy_loss         | -0.225      |
|    explained_variance   | 0.319       |
|    learning_rate        | 0.0003      |
|    loss                 | 547         |
|    n_updates            | 3620        |
|    policy_gradient_loss | -0.00278    |
|    value_loss           | 918         |
-----------------------------------------
FruitCounts | {'Fruit': 0, 'DecayFruit': 0, 'EnemyFruit': 0} |
-----------------------------------------
| rollout/                |             |
|    ep_len_mean          | 141         |
|    ep_rew_mean          | 231         |
| time/                   |             |
|    fps                  | 150         |
|    iterations           | 364         |
|    time_elapsed         | 4940        |
|    total_timesteps      | 745472      |
| train/                  |             |
|    approx_kl            | 0.004510311 |
|    clip_fraction        | 0.0611      |
|    clip_range           | 0.2         |
|    entropy_loss         | -0.229      |
|    explained_variance   | 0.261       |
|    learning_rate        | 0.0003      |
|    loss                 | 385         |
|    n_updates            | 3630        |
|    policy_gradient_loss | -0.000227   |
|    value_loss           | 932         |
-----------------------------------------
FruitCounts | {'Fruit': 0, 'DecayFruit': 5, 'EnemyFruit': 2} |
------------------------------------------
| rollout/                |              |
|    ep_len_mean          | 137          |
|    ep_rew_mean          | 228          |
| time/                   |              |
|    fps                  | 150          |
|    iterations           | 365          |
|    time_elapsed         | 4954         |
|    total_timesteps      | 747520       |
| train/                  |              |
|    approx_kl            | 0.0062367767 |
|    clip_fraction        | 0.0472       |
|    clip_range           | 0.2          |
|    entropy_loss         | -0.227       |
|    explained_variance   | 0.106        |
|    learning_rate        | 0.0003       |
|    loss                 | 425          |
|    n_updates            | 3640         |
|    policy_gradient_loss | -0.00148     |
|    value_loss           | 1.09e+03     |
------------------------------------------
FruitCounts | {'Fruit': 0, 'DecayFruit': 6, 'EnemyFruit': 2} |
-----------------------------------------
| rollout/                |             |
|    ep_len_mean          | 141         |
|    ep_rew_mean          | 243         |
| time/                   |             |
|    fps                  | 150         |
|    iterations           | 366         |
|    time_elapsed         | 4967        |
|    total_timesteps      | 749568      |
| train/                  |             |
|    approx_kl            | 0.010511478 |
|    clip_fraction        | 0.0613      |
|    clip_range           | 0.2         |
|    entropy_loss         | -0.226      |
|    explained_variance   | 0.294       |
|    learning_rate        | 0.0003      |
|    loss                 | 498         |
|    n_updates            | 3650        |
|    policy_gradient_loss | -0.00296    |
|    value_loss           | 996         |
-----------------------------------------
FruitCounts | {'Fruit': 0, 'DecayFruit': 2, 'EnemyFruit': 1} |
------------------------------------------
| rollout/                |              |
|    ep_len_mean          | 152          |
|    ep_rew_mean          | 266          |
| time/                   |              |
|    fps                  | 150          |
|    iterations           | 367          |
|    time_elapsed         | 4979         |
|    total_timesteps      | 751616       |
| train/                  |              |
|    approx_kl            | 0.0071981447 |
|    clip_fraction        | 0.0522       |
|    clip_range           | 0.2          |
|    entropy_loss         | -0.224       |
|    explained_variance   | 0.185        |
|    learning_rate        | 0.0003       |
|    loss                 | 379          |
|    n_updates            | 3660         |
|    policy_gradient_loss | -0.00244     |
|    value_loss           | 1.03e+03     |
------------------------------------------
FruitCounts | {'Fruit': 0, 'DecayFruit': 0, 'EnemyFruit': 0} |
-----------------------------------------
| rollout/                |             |
|    ep_len_mean          | 155         |
|    ep_rew_mean          | 269         |
| time/                   |             |
|    fps                  | 150         |
|    iterations           | 368         |
|    time_elapsed         | 4992        |
|    total_timesteps      | 753664      |
| train/                  |             |
|    approx_kl            | 0.010473463 |
|    clip_fraction        | 0.0645      |
|    clip_range           | 0.2         |
|    entropy_loss         | -0.229      |
|    explained_variance   | 0.11        |
|    learning_rate        | 0.0003      |
|    loss                 | 256         |
|    n_updates            | 3670        |
|    policy_gradient_loss | -0.00327    |
|    value_loss           | 976         |
-----------------------------------------
FruitCounts | {'Fruit': 0, 'DecayFruit': 0, 'EnemyFruit': 0} |
-----------------------------------------
| rollout/                |             |
|    ep_len_mean          | 157         |
|    ep_rew_mean          | 269         |
| time/                   |             |
|    fps                  | 150         |
|    iterations           | 369         |
|    time_elapsed         | 5005        |
|    total_timesteps      | 755712      |
| train/                  |             |
|    approx_kl            | 0.006332149 |
|    clip_fraction        | 0.0587      |
|    clip_range           | 0.2         |
|    entropy_loss         | -0.216      |
|    explained_variance   | 0.164       |
|    learning_rate        | 0.0003      |
|    loss                 | 326         |
|    n_updates            | 3680        |
|    policy_gradient_loss | -0.00166    |
|    value_loss           | 879         |
-----------------------------------------
FruitCounts | {'Fruit': 1, 'DecayFruit': 4, 'EnemyFruit': 0} |
----------------------------------------
| rollout/                |            |
|    ep_len_mean          | 160        |
|    ep_rew_mean          | 272        |
| time/                   |            |
|    fps                  | 151        |
|    iterations           | 370        |
|    time_elapsed         | 5017       |
|    total_timesteps      | 757760     |
| train/                  |            |
|    approx_kl            | 0.00933842 |
|    clip_fraction        | 0.0565     |
|    clip_range           | 0.2        |
|    entropy_loss         | -0.212     |
|    explained_variance   | 0.184      |
|    learning_rate        | 0.0003     |
|    loss                 | 491        |
|    n_updates            | 3690       |
|    policy_gradient_loss | -0.00166   |
|    value_loss           | 915        |
----------------------------------------
FruitCounts | {'Fruit': 1, 'DecayFruit': 3, 'EnemyFruit': 1} |
-----------------------------------------
| rollout/                |             |
|    ep_len_mean          | 157         |
|    ep_rew_mean          | 272         |
| time/                   |             |
|    fps                  | 151         |
|    iterations           | 371         |
|    time_elapsed         | 5030        |
|    total_timesteps      | 759808      |
| train/                  |             |
|    approx_kl            | 0.008854169 |
|    clip_fraction        | 0.0477      |
|    clip_range           | 0.2         |
|    entropy_loss         | -0.197      |
|    explained_variance   | 0.251       |
|    learning_rate        | 0.0003      |
|    loss                 | 251         |
|    n_updates            | 3700        |
|    policy_gradient_loss | -0.00286    |
|    value_loss           | 909         |
-----------------------------------------
FruitCounts | {'Fruit': 0, 'DecayFruit': 0, 'EnemyFruit': 0} |
-----------------------------------------
| rollout/                |             |
|    ep_len_mean          | 160         |
|    ep_rew_mean          | 273         |
| time/                   |             |
|    fps                  | 151         |
|    iterations           | 372         |
|    time_elapsed         | 5043        |
|    total_timesteps      | 761856      |
| train/                  |             |
|    approx_kl            | 0.010275098 |
|    clip_fraction        | 0.0524      |
|    clip_range           | 0.2         |
|    entropy_loss         | -0.203      |
|    explained_variance   | 0.264       |
|    learning_rate        | 0.0003      |
|    loss                 | 470         |
|    n_updates            | 3710        |
|    policy_gradient_loss | -0.00199    |
|    value_loss           | 932         |
-----------------------------------------
FruitCounts | {'Fruit': 0, 'DecayFruit': 0, 'EnemyFruit': 0} |
-----------------------------------------
| rollout/                |             |
|    ep_len_mean          | 160         |
|    ep_rew_mean          | 266         |
| time/                   |             |
|    fps                  | 151         |
|    iterations           | 373         |
|    time_elapsed         | 5056        |
|    total_timesteps      | 763904      |
| train/                  |             |
|    approx_kl            | 0.011231765 |
|    clip_fraction        | 0.0784      |
|    clip_range           | 0.2         |
|    entropy_loss         | -0.218      |
|    explained_variance   | 0.213       |
|    learning_rate        | 0.0003      |
|    loss                 | 254         |
|    n_updates            | 3720        |
|    policy_gradient_loss | -1.34e-06   |
|    value_loss           | 1.02e+03    |
-----------------------------------------
FruitCounts | {'Fruit': 0, 'DecayFruit': 1, 'EnemyFruit': 0} |
---------------------------------------
| rollout/                |           |
|    ep_len_mean          | 169       |
|    ep_rew_mean          | 273       |
| time/                   |           |
|    fps                  | 151       |
|    iterations           | 374       |
|    time_elapsed         | 5068      |
|    total_timesteps      | 765952    |
| train/                  |           |
|    approx_kl            | 0.0093713 |
|    clip_fraction        | 0.0808    |
|    clip_range           | 0.2       |
|    entropy_loss         | -0.239    |
|    explained_variance   | 0.223     |
|    learning_rate        | 0.0003    |
|    loss                 | 302       |
|    n_updates            | 3730      |
|    policy_gradient_loss | -0.003    |
|    value_loss           | 986       |
---------------------------------------
FruitCounts | {'Fruit': 0, 'DecayFruit': 4, 'EnemyFruit': 0} |
------------------------------------------
| rollout/                |              |
|    ep_len_mean          | 162          |
|    ep_rew_mean          | 259          |
| time/                   |              |
|    fps                  | 151          |
|    iterations           | 375          |
|    time_elapsed         | 5081         |
|    total_timesteps      | 768000       |
| train/                  |              |
|    approx_kl            | 0.0061098654 |
|    clip_fraction        | 0.0493       |
|    clip_range           | 0.2          |
|    entropy_loss         | -0.197       |
|    explained_variance   | 0.318        |
|    learning_rate        | 0.0003       |
|    loss                 | 219          |
|    n_updates            | 3740         |
|    policy_gradient_loss | -0.00268     |
|    value_loss           | 650          |
------------------------------------------
FruitCounts | {'Fruit': 0, 'DecayFruit': 10, 'EnemyFruit': 5} |
-----------------------------------------
| rollout/                |             |
|    ep_len_mean          | 160         |
|    ep_rew_mean          | 266         |
| time/                   |             |
|    fps                  | 151         |
|    iterations           | 376         |
|    time_elapsed         | 5094        |
|    total_timesteps      | 770048      |
| train/                  |             |
|    approx_kl            | 0.009513855 |
|    clip_fraction        | 0.0667      |
|    clip_range           | 0.2         |
|    entropy_loss         | -0.223      |
|    explained_variance   | 0.175       |
|    learning_rate        | 0.0003      |
|    loss                 | 354         |
|    n_updates            | 3750        |
|    policy_gradient_loss | -0.00186    |
|    value_loss           | 1.09e+03    |
-----------------------------------------
FruitCounts | {'Fruit': 0, 'DecayFruit': 3, 'EnemyFruit': 1} |
------------------------------------------
| rollout/                |              |
|    ep_len_mean          | 152          |
|    ep_rew_mean          | 258          |
| time/                   |              |
|    fps                  | 151          |
|    iterations           | 377          |
|    time_elapsed         | 5107         |
|    total_timesteps      | 772096       |
| train/                  |              |
|    approx_kl            | 0.0075372676 |
|    clip_fraction        | 0.0583       |
|    clip_range           | 0.2          |
|    entropy_loss         | -0.222       |
|    explained_variance   | 0.268        |
|    learning_rate        | 0.0003       |
|    loss                 | 526          |
|    n_updates            | 3760         |
|    policy_gradient_loss | -0.00146     |
|    value_loss           | 1.32e+03     |
------------------------------------------
FruitCounts | {'Fruit': 0, 'DecayFruit': 0, 'EnemyFruit': 0} |
-----------------------------------------
| rollout/                |             |
|    ep_len_mean          | 149         |
|    ep_rew_mean          | 250         |
| time/                   |             |
|    fps                  | 151         |
|    iterations           | 378         |
|    time_elapsed         | 5121        |
|    total_timesteps      | 774144      |
| train/                  |             |
|    approx_kl            | 0.008358298 |
|    clip_fraction        | 0.0625      |
|    clip_range           | 0.2         |
|    entropy_loss         | -0.223      |
|    explained_variance   | 0.159       |
|    learning_rate        | 0.0003      |
|    loss                 | 287         |
|    n_updates            | 3770        |
|    policy_gradient_loss | -0.00301    |
|    value_loss           | 1.09e+03    |
-----------------------------------------
FruitCounts | {'Fruit': 0, 'DecayFruit': 4, 'EnemyFruit': 1} |
-----------------------------------------
| rollout/                |             |
|    ep_len_mean          | 153         |
|    ep_rew_mean          | 262         |
| time/                   |             |
|    fps                  | 151         |
|    iterations           | 379         |
|    time_elapsed         | 5133        |
|    total_timesteps      | 776192      |
| train/                  |             |
|    approx_kl            | 0.006863329 |
|    clip_fraction        | 0.0717      |
|    clip_range           | 0.2         |
|    entropy_loss         | -0.225      |
|    explained_variance   | 0.0591      |
|    learning_rate        | 0.0003      |
|    loss                 | 417         |
|    n_updates            | 3780        |
|    policy_gradient_loss | -0.00168    |
|    value_loss           | 755         |
-----------------------------------------
FruitCounts | {'Fruit': 0, 'DecayFruit': 4, 'EnemyFruit': 0} |
-----------------------------------------
| rollout/                |             |
|    ep_len_mean          | 156         |
|    ep_rew_mean          | 271         |
| time/                   |             |
|    fps                  | 151         |
|    iterations           | 380         |
|    time_elapsed         | 5145        |
|    total_timesteps      | 778240      |
| train/                  |             |
|    approx_kl            | 0.003750261 |
|    clip_fraction        | 0.0426      |
|    clip_range           | 0.2         |
|    entropy_loss         | -0.194      |
|    explained_variance   | 0.204       |
|    learning_rate        | 0.0003      |
|    loss                 | 357         |
|    n_updates            | 3790        |
|    policy_gradient_loss | -0.000532   |
|    value_loss           | 983         |
-----------------------------------------
FruitCounts | {'Fruit': 0, 'DecayFruit': 6, 'EnemyFruit': 2} |
-----------------------------------------
| rollout/                |             |
|    ep_len_mean          | 160         |
|    ep_rew_mean          | 290         |
| time/                   |             |
|    fps                  | 151         |
|    iterations           | 381         |
|    time_elapsed         | 5158        |
|    total_timesteps      | 780288      |
| train/                  |             |
|    approx_kl            | 0.006816323 |
|    clip_fraction        | 0.0582      |
|    clip_range           | 0.2         |
|    entropy_loss         | -0.205      |
|    explained_variance   | 0.266       |
|    learning_rate        | 0.0003      |
|    loss                 | 984         |
|    n_updates            | 3800        |
|    policy_gradient_loss | -0.00331    |
|    value_loss           | 1.34e+03    |
-----------------------------------------
FruitCounts | {'Fruit': 0, 'DecayFruit': 1, 'EnemyFruit': 0} |
----------------------------------------
| rollout/                |            |
|    ep_len_mean          | 153        |
|    ep_rew_mean          | 285        |
| time/                   |            |
|    fps                  | 151        |
|    iterations           | 382        |
|    time_elapsed         | 5172       |
|    total_timesteps      | 782336     |
| train/                  |            |
|    approx_kl            | 0.00750665 |
|    clip_fraction        | 0.0628     |
|    clip_range           | 0.2        |
|    entropy_loss         | -0.207     |
|    explained_variance   | 0.267      |
|    learning_rate        | 0.0003     |
|    loss                 | 575        |
|    n_updates            | 3810       |
|    policy_gradient_loss | -0.00512   |
|    value_loss           | 960        |
----------------------------------------
FruitCounts | {'Fruit': 0, 'DecayFruit': 0, 'EnemyFruit': 0} |
-----------------------------------------
| rollout/                |             |
|    ep_len_mean          | 155         |
|    ep_rew_mean          | 286         |
| time/                   |             |
|    fps                  | 151         |
|    iterations           | 383         |
|    time_elapsed         | 5184        |
|    total_timesteps      | 784384      |
| train/                  |             |
|    approx_kl            | 0.010366747 |
|    clip_fraction        | 0.0601      |
|    clip_range           | 0.2         |
|    entropy_loss         | -0.228      |
|    explained_variance   | 0.264       |
|    learning_rate        | 0.0003      |
|    loss                 | 541         |
|    n_updates            | 3820        |
|    policy_gradient_loss | -0.00181    |
|    value_loss           | 1.18e+03    |
-----------------------------------------
FruitCounts | {'Fruit': 0, 'DecayFruit': 4, 'EnemyFruit': 0} |
------------------------------------------
| rollout/                |              |
|    ep_len_mean          | 153          |
|    ep_rew_mean          | 284          |
| time/                   |              |
|    fps                  | 151          |
|    iterations           | 384          |
|    time_elapsed         | 5198         |
|    total_timesteps      | 786432       |
| train/                  |              |
|    approx_kl            | 0.0043301648 |
|    clip_fraction        | 0.0487       |
|    clip_range           | 0.2          |
|    entropy_loss         | -0.206       |
|    explained_variance   | 0.374        |
|    learning_rate        | 0.0003       |
|    loss                 | 393          |
|    n_updates            | 3830         |
|    policy_gradient_loss | -0.000634    |
|    value_loss           | 1.01e+03     |
------------------------------------------
FruitCounts | {'Fruit': 1, 'DecayFruit': 11, 'EnemyFruit': 0} |
-----------------------------------------
| rollout/                |             |
|    ep_len_mean          | 159         |
|    ep_rew_mean          | 295         |
| time/                   |             |
|    fps                  | 151         |
|    iterations           | 385         |
|    time_elapsed         | 5210        |
|    total_timesteps      | 788480      |
| train/                  |             |
|    approx_kl            | 0.009950587 |
|    clip_fraction        | 0.0649      |
|    clip_range           | 0.2         |
|    entropy_loss         | -0.199      |
|    explained_variance   | 0.241       |
|    learning_rate        | 0.0003      |
|    loss                 | 534         |
|    n_updates            | 3840        |
|    policy_gradient_loss | -0.00349    |
|    value_loss           | 1.25e+03    |
-----------------------------------------
FruitCounts | {'Fruit': 0, 'DecayFruit': 14, 'EnemyFruit': 3} |
-----------------------------------------
| rollout/                |             |
|    ep_len_mean          | 164         |
|    ep_rew_mean          | 300         |
| time/                   |             |
|    fps                  | 151         |
|    iterations           | 386         |
|    time_elapsed         | 5222        |
|    total_timesteps      | 790528      |
| train/                  |             |
|    approx_kl            | 0.006045236 |
|    clip_fraction        | 0.0689      |
|    clip_range           | 0.2         |
|    entropy_loss         | -0.223      |
|    explained_variance   | 0.253       |
|    learning_rate        | 0.0003      |
|    loss                 | 176         |
|    n_updates            | 3850        |
|    policy_gradient_loss | -0.000593   |
|    value_loss           | 1.01e+03    |
-----------------------------------------
FruitCounts | {'Fruit': 1, 'DecayFruit': 2, 'EnemyFruit': 1} |
-----------------------------------------
| rollout/                |             |
|    ep_len_mean          | 152         |
|    ep_rew_mean          | 281         |
| time/                   |             |
|    fps                  | 151         |
|    iterations           | 387         |
|    time_elapsed         | 5236        |
|    total_timesteps      | 792576      |
| train/                  |             |
|    approx_kl            | 0.008173975 |
|    clip_fraction        | 0.0721      |
|    clip_range           | 0.2         |
|    entropy_loss         | -0.227      |
|    explained_variance   | 0.327       |
|    learning_rate        | 0.0003      |
|    loss                 | 339         |
|    n_updates            | 3860        |
|    policy_gradient_loss | -0.00268    |
|    value_loss           | 826         |
-----------------------------------------
FruitCounts | {'Fruit': 0, 'DecayFruit': 0, 'EnemyFruit': 0} |
-----------------------------------------
| rollout/                |             |
|    ep_len_mean          | 150         |
|    ep_rew_mean          | 266         |
| time/                   |             |
|    fps                  | 151         |
|    iterations           | 388         |
|    time_elapsed         | 5249        |
|    total_timesteps      | 794624      |
| train/                  |             |
|    approx_kl            | 0.006770586 |
|    clip_fraction        | 0.06        |
|    clip_range           | 0.2         |
|    entropy_loss         | -0.229      |
|    explained_variance   | 0.252       |
|    learning_rate        | 0.0003      |
|    loss                 | 313         |
|    n_updates            | 3870        |
|    policy_gradient_loss | -0.00209    |
|    value_loss           | 1.05e+03    |
-----------------------------------------
FruitCounts | {'Fruit': 0, 'DecayFruit': 4, 'EnemyFruit': 0} |
-----------------------------------------
| rollout/                |             |
|    ep_len_mean          | 150         |
|    ep_rew_mean          | 265         |
| time/                   |             |
|    fps                  | 151         |
|    iterations           | 389         |
|    time_elapsed         | 5263        |
|    total_timesteps      | 796672      |
| train/                  |             |
|    approx_kl            | 0.007860831 |
|    clip_fraction        | 0.0662      |
|    clip_range           | 0.2         |
|    entropy_loss         | -0.219      |
|    explained_variance   | 0.0868      |
|    learning_rate        | 0.0003      |
|    loss                 | 619         |
|    n_updates            | 3880        |
|    policy_gradient_loss | 0.00385     |
|    value_loss           | 1.01e+03    |
-----------------------------------------
FruitCounts | {'Fruit': 1, 'DecayFruit': 1, 'EnemyFruit': 0} |
------------------------------------------
| rollout/                |              |
|    ep_len_mean          | 141          |
|    ep_rew_mean          | 246          |
| time/                   |              |
|    fps                  | 151          |
|    iterations           | 390          |
|    time_elapsed         | 5277         |
|    total_timesteps      | 798720       |
| train/                  |              |
|    approx_kl            | 0.0075227898 |
|    clip_fraction        | 0.065        |
|    clip_range           | 0.2          |
|    entropy_loss         | -0.222       |
|    explained_variance   | 0.117        |
|    learning_rate        | 0.0003       |
|    loss                 | 858          |
|    n_updates            | 3890         |
|    policy_gradient_loss | -0.00324     |
|    value_loss           | 1.21e+03     |
------------------------------------------
FruitCounts | {'Fruit': 0, 'DecayFruit': 1, 'EnemyFruit': 1} |
------------------------------------------
| rollout/                |              |
|    ep_len_mean          | 136          |
|    ep_rew_mean          | 236          |
| time/                   |              |
|    fps                  | 151          |
|    iterations           | 391          |
|    time_elapsed         | 5291         |
|    total_timesteps      | 800768       |
| train/                  |              |
|    approx_kl            | 0.0048269657 |
|    clip_fraction        | 0.0482       |
|    clip_range           | 0.2          |
|    entropy_loss         | -0.197       |
|    explained_variance   | 0.269        |
|    learning_rate        | 0.0003       |
|    loss                 | 546          |
|    n_updates            | 3900         |
|    policy_gradient_loss | 0.000696     |
|    value_loss           | 1.02e+03     |
------------------------------------------
FruitCounts | {'Fruit': 0, 'DecayFruit': 11, 'EnemyFruit': 0} |
-----------------------------------------
| rollout/                |             |
|    ep_len_mean          | 126         |
|    ep_rew_mean          | 223         |
| time/                   |             |
|    fps                  | 151         |
|    iterations           | 392         |
|    time_elapsed         | 5305        |
|    total_timesteps      | 802816      |
| train/                  |             |
|    approx_kl            | 0.014444813 |
|    clip_fraction        | 0.0669      |
|    clip_range           | 0.2         |
|    entropy_loss         | -0.215      |
|    explained_variance   | 0.197       |
|    learning_rate        | 0.0003      |
|    loss                 | 657         |
|    n_updates            | 3910        |
|    policy_gradient_loss | -0.00241    |
|    value_loss           | 1.26e+03    |
-----------------------------------------
FruitCounts | {'Fruit': 0, 'DecayFruit': 6, 'EnemyFruit': 2} |
-----------------------------------------
| rollout/                |             |
|    ep_len_mean          | 128         |
|    ep_rew_mean          | 230         |
| time/                   |             |
|    fps                  | 151         |
|    iterations           | 393         |
|    time_elapsed         | 5318        |
|    total_timesteps      | 804864      |
| train/                  |             |
|    approx_kl            | 0.007276446 |
|    clip_fraction        | 0.0517      |
|    clip_range           | 0.2         |
|    entropy_loss         | -0.204      |
|    explained_variance   | 0.252       |
|    learning_rate        | 0.0003      |
|    loss                 | 459         |
|    n_updates            | 3920        |
|    policy_gradient_loss | -0.00461    |
|    value_loss           | 1.02e+03    |
-----------------------------------------
FruitCounts | {'Fruit': 0, 'DecayFruit': 14, 'EnemyFruit': 1} |
------------------------------------------
| rollout/                |              |
|    ep_len_mean          | 131          |
|    ep_rew_mean          | 237          |
| time/                   |              |
|    fps                  | 151          |
|    iterations           | 394          |
|    time_elapsed         | 5330         |
|    total_timesteps      | 806912       |
| train/                  |              |
|    approx_kl            | 0.0073922332 |
|    clip_fraction        | 0.0574       |
|    clip_range           | 0.2          |
|    entropy_loss         | -0.208       |
|    explained_variance   | 0.298        |
|    learning_rate        | 0.0003       |
|    loss                 | 470          |
|    n_updates            | 3930         |
|    policy_gradient_loss | -0.00127     |
|    value_loss           | 1.05e+03     |
------------------------------------------
FruitCounts | {'Fruit': 0, 'DecayFruit': 2, 'EnemyFruit': 1} |
-----------------------------------------
| rollout/                |             |
|    ep_len_mean          | 132         |
|    ep_rew_mean          | 233         |
| time/                   |             |
|    fps                  | 151         |
|    iterations           | 395         |
|    time_elapsed         | 5345        |
|    total_timesteps      | 808960      |
| train/                  |             |
|    approx_kl            | 0.009118741 |
|    clip_fraction        | 0.0697      |
|    clip_range           | 0.2         |
|    entropy_loss         | -0.203      |
|    explained_variance   | 0.294       |
|    learning_rate        | 0.0003      |
|    loss                 | 203         |
|    n_updates            | 3940        |
|    policy_gradient_loss | -0.00219    |
|    value_loss           | 910         |
-----------------------------------------
FruitCounts | {'Fruit': 0, 'DecayFruit': 2, 'EnemyFruit': 0} |
-----------------------------------------
| rollout/                |             |
|    ep_len_mean          | 129         |
|    ep_rew_mean          | 222         |
| time/                   |             |
|    fps                  | 151         |
|    iterations           | 396         |
|    time_elapsed         | 5359        |
|    total_timesteps      | 811008      |
| train/                  |             |
|    approx_kl            | 0.008524945 |
|    clip_fraction        | 0.0721      |
|    clip_range           | 0.2         |
|    entropy_loss         | -0.213      |
|    explained_variance   | 0.128       |
|    learning_rate        | 0.0003      |
|    loss                 | 405         |
|    n_updates            | 3950        |
|    policy_gradient_loss | -0.00491    |
|    value_loss           | 1.11e+03    |
-----------------------------------------
FruitCounts | {'Fruit': 0, 'DecayFruit': 0, 'EnemyFruit': 0} |
------------------------------------------
| rollout/                |              |
|    ep_len_mean          | 136          |
|    ep_rew_mean          | 234          |
| time/                   |              |
|    fps                  | 151          |
|    iterations           | 397          |
|    time_elapsed         | 5371         |
|    total_timesteps      | 813056       |
| train/                  |              |
|    approx_kl            | 0.0070466753 |
|    clip_fraction        | 0.0744       |
|    clip_range           | 0.2          |
|    entropy_loss         | -0.217       |
|    explained_variance   | 0.267        |
|    learning_rate        | 0.0003       |
|    loss                 | 381          |
|    n_updates            | 3960         |
|    policy_gradient_loss | -0.00231     |
|    value_loss           | 888          |
------------------------------------------
FruitCounts | {'Fruit': 0, 'DecayFruit': 5, 'EnemyFruit': 1} |
------------------------------------------
| rollout/                |              |
|    ep_len_mean          | 132          |
|    ep_rew_mean          | 235          |
| time/                   |              |
|    fps                  | 151          |
|    iterations           | 398          |
|    time_elapsed         | 5385         |
|    total_timesteps      | 815104       |
| train/                  |              |
|    approx_kl            | 0.0047810487 |
|    clip_fraction        | 0.0604       |
|    clip_range           | 0.2          |
|    entropy_loss         | -0.206       |
|    explained_variance   | 0.177        |
|    learning_rate        | 0.0003       |
|    loss                 | 392          |
|    n_updates            | 3970         |
|    policy_gradient_loss | 0.00143      |
|    value_loss           | 884          |
------------------------------------------
FruitCounts | {'Fruit': 0, 'DecayFruit': 10, 'EnemyFruit': 7} |
------------------------------------------
| rollout/                |              |
|    ep_len_mean          | 134          |
|    ep_rew_mean          | 233          |
| time/                   |              |
|    fps                  | 151          |
|    iterations           | 399          |
|    time_elapsed         | 5398         |
|    total_timesteps      | 817152       |
| train/                  |              |
|    approx_kl            | 0.0062961336 |
|    clip_fraction        | 0.0598       |
|    clip_range           | 0.2          |
|    entropy_loss         | -0.214       |
|    explained_variance   | 0.248        |
|    learning_rate        | 0.0003       |
|    loss                 | 419          |
|    n_updates            | 3980         |
|    policy_gradient_loss | -0.00345     |
|    value_loss           | 1.18e+03     |
------------------------------------------
FruitCounts | {'Fruit': 0, 'DecayFruit': 0, 'EnemyFruit': 0} |
------------------------------------------
| rollout/                |              |
|    ep_len_mean          | 139          |
|    ep_rew_mean          | 239          |
| time/                   |              |
|    fps                  | 151          |
|    iterations           | 400          |
|    time_elapsed         | 5410         |
|    total_timesteps      | 819200       |
| train/                  |              |
|    approx_kl            | 0.0049539004 |
|    clip_fraction        | 0.0518       |
|    clip_range           | 0.2          |
|    entropy_loss         | -0.209       |
|    explained_variance   | 0.261        |
|    learning_rate        | 0.0003       |
|    loss                 | 450          |
|    n_updates            | 3990         |
|    policy_gradient_loss | -0.00323     |
|    value_loss           | 1.05e+03     |
------------------------------------------
FruitCounts | {'Fruit': 1, 'DecayFruit': 4, 'EnemyFruit': 0} |
------------------------------------------
| rollout/                |              |
|    ep_len_mean          | 141          |
|    ep_rew_mean          | 251          |
| time/                   |              |
|    fps                  | 151          |
|    iterations           | 401          |
|    time_elapsed         | 5422         |
|    total_timesteps      | 821248       |
| train/                  |              |
|    approx_kl            | 0.0074502826 |
|    clip_fraction        | 0.0598       |
|    clip_range           | 0.2          |
|    entropy_loss         | -0.209       |
|    explained_variance   | 0.282        |
|    learning_rate        | 0.0003       |
|    loss                 | 447          |
|    n_updates            | 4000         |
|    policy_gradient_loss | -0.00279     |
|    value_loss           | 839          |
------------------------------------------
FruitCounts | {'Fruit': 0, 'DecayFruit': 10, 'EnemyFruit': 5} |
------------------------------------------
| rollout/                |              |
|    ep_len_mean          | 145          |
|    ep_rew_mean          | 268          |
| time/                   |              |
|    fps                  | 151          |
|    iterations           | 402          |
|    time_elapsed         | 5435         |
|    total_timesteps      | 823296       |
| train/                  |              |
|    approx_kl            | 0.0072237044 |
|    clip_fraction        | 0.0516       |
|    clip_range           | 0.2          |
|    entropy_loss         | -0.233       |
|    explained_variance   | 0.306        |
|    learning_rate        | 0.0003       |
|    loss                 | 519          |
|    n_updates            | 4010         |
|    policy_gradient_loss | -0.00125     |
|    value_loss           | 1.04e+03     |
------------------------------------------
FruitCounts | {'Fruit': 0, 'DecayFruit': 10, 'EnemyFruit': 1} |
-----------------------------------------
| rollout/                |             |
|    ep_len_mean          | 153         |
|    ep_rew_mean          | 279         |
| time/                   |             |
|    fps                  | 151         |
|    iterations           | 403         |
|    time_elapsed         | 5447        |
|    total_timesteps      | 825344      |
| train/                  |             |
|    approx_kl            | 0.008952132 |
|    clip_fraction        | 0.0674      |
|    clip_range           | 0.2         |
|    entropy_loss         | -0.231      |
|    explained_variance   | 0.251       |
|    learning_rate        | 0.0003      |
|    loss                 | 420         |
|    n_updates            | 4020        |
|    policy_gradient_loss | -0.00161    |
|    value_loss           | 971         |
-----------------------------------------
FruitCounts | {'Fruit': 0, 'DecayFruit': 3, 'EnemyFruit': 1} |
-----------------------------------------
| rollout/                |             |
|    ep_len_mean          | 157         |
|    ep_rew_mean          | 293         |
| time/                   |             |
|    fps                  | 151         |
|    iterations           | 404         |
|    time_elapsed         | 5459        |
|    total_timesteps      | 827392      |
| train/                  |             |
|    approx_kl            | 0.006119068 |
|    clip_fraction        | 0.0655      |
|    clip_range           | 0.2         |
|    entropy_loss         | -0.217      |
|    explained_variance   | 0.335       |
|    learning_rate        | 0.0003      |
|    loss                 | 282         |
|    n_updates            | 4030        |
|    policy_gradient_loss | 0.000262    |
|    value_loss           | 1.03e+03    |
-----------------------------------------
FruitCounts | {'Fruit': 0, 'DecayFruit': 4, 'EnemyFruit': 0} |
-----------------------------------------
| rollout/                |             |
|    ep_len_mean          | 162         |
|    ep_rew_mean          | 302         |
| time/                   |             |
|    fps                  | 151         |
|    iterations           | 405         |
|    time_elapsed         | 5471        |
|    total_timesteps      | 829440      |
| train/                  |             |
|    approx_kl            | 0.012501416 |
|    clip_fraction        | 0.0724      |
|    clip_range           | 0.2         |
|    entropy_loss         | -0.227      |
|    explained_variance   | 0.363       |
|    learning_rate        | 0.0003      |
|    loss                 | 351         |
|    n_updates            | 4040        |
|    policy_gradient_loss | -0.000529   |
|    value_loss           | 982         |
-----------------------------------------
FruitCounts | {'Fruit': 0, 'DecayFruit': 15, 'EnemyFruit': 4} |
-----------------------------------------
| rollout/                |             |
|    ep_len_mean          | 170         |
|    ep_rew_mean          | 318         |
| time/                   |             |
|    fps                  | 151         |
|    iterations           | 406         |
|    time_elapsed         | 5483        |
|    total_timesteps      | 831488      |
| train/                  |             |
|    approx_kl            | 0.009071514 |
|    clip_fraction        | 0.069       |
|    clip_range           | 0.2         |
|    entropy_loss         | -0.234      |
|    explained_variance   | 0.225       |
|    learning_rate        | 0.0003      |
|    loss                 | 437         |
|    n_updates            | 4050        |
|    policy_gradient_loss | -0.00121    |
|    value_loss           | 976         |
-----------------------------------------
FruitCounts | {'Fruit': 1, 'DecayFruit': 7, 'EnemyFruit': 5} |
-----------------------------------------
| rollout/                |             |
|    ep_len_mean          | 178         |
|    ep_rew_mean          | 323         |
| time/                   |             |
|    fps                  | 151         |
|    iterations           | 407         |
|    time_elapsed         | 5495        |
|    total_timesteps      | 833536      |
| train/                  |             |
|    approx_kl            | 0.015590202 |
|    clip_fraction        | 0.0628      |
|    clip_range           | 0.2         |
|    entropy_loss         | -0.222      |
|    explained_variance   | 0.334       |
|    learning_rate        | 0.0003      |
|    loss                 | 341         |
|    n_updates            | 4060        |
|    policy_gradient_loss | -0.00197    |
|    value_loss           | 849         |
-----------------------------------------
FruitCounts | {'Fruit': 0, 'DecayFruit': 7, 'EnemyFruit': 0} |
-----------------------------------------
| rollout/                |             |
|    ep_len_mean          | 178         |
|    ep_rew_mean          | 325         |
| time/                   |             |
|    fps                  | 151         |
|    iterations           | 408         |
|    time_elapsed         | 5507        |
|    total_timesteps      | 835584      |
| train/                  |             |
|    approx_kl            | 0.008913492 |
|    clip_fraction        | 0.0753      |
|    clip_range           | 0.2         |
|    entropy_loss         | -0.24       |
|    explained_variance   | 0.209       |
|    learning_rate        | 0.0003      |
|    loss                 | 385         |
|    n_updates            | 4070        |
|    policy_gradient_loss | -0.00263    |
|    value_loss           | 1.1e+03     |
-----------------------------------------
FruitCounts | {'Fruit': 0, 'DecayFruit': 3, 'EnemyFruit': 1} |
-----------------------------------------
| rollout/                |             |
|    ep_len_mean          | 176         |
|    ep_rew_mean          | 323         |
| time/                   |             |
|    fps                  | 151         |
|    iterations           | 409         |
|    time_elapsed         | 5520        |
|    total_timesteps      | 837632      |
| train/                  |             |
|    approx_kl            | 0.010175462 |
|    clip_fraction        | 0.0671      |
|    clip_range           | 0.2         |
|    entropy_loss         | -0.209      |
|    explained_variance   | 0.226       |
|    learning_rate        | 0.0003      |
|    loss                 | 366         |
|    n_updates            | 4080        |
|    policy_gradient_loss | -0.00695    |
|    value_loss           | 1.08e+03    |
-----------------------------------------
FruitCounts | {'Fruit': 0, 'DecayFruit': 0, 'EnemyFruit': 0} |
-----------------------------------------
| rollout/                |             |
|    ep_len_mean          | 173         |
|    ep_rew_mean          | 317         |
| time/                   |             |
|    fps                  | 151         |
|    iterations           | 410         |
|    time_elapsed         | 5533        |
|    total_timesteps      | 839680      |
| train/                  |             |
|    approx_kl            | 0.009142619 |
|    clip_fraction        | 0.0679      |
|    clip_range           | 0.2         |
|    entropy_loss         | -0.221      |
|    explained_variance   | 0.305       |
|    learning_rate        | 0.0003      |
|    loss                 | 572         |
|    n_updates            | 4090        |
|    policy_gradient_loss | -0.00176    |
|    value_loss           | 1.17e+03    |
-----------------------------------------
FruitCounts | {'Fruit': 0, 'DecayFruit': 7, 'EnemyFruit': 1} |
-----------------------------------------
| rollout/                |             |
|    ep_len_mean          | 175         |
|    ep_rew_mean          | 322         |
| time/                   |             |
|    fps                  | 151         |
|    iterations           | 411         |
|    time_elapsed         | 5545        |
|    total_timesteps      | 841728      |
| train/                  |             |
|    approx_kl            | 0.004339641 |
|    clip_fraction        | 0.0519      |
|    clip_range           | 0.2         |
|    entropy_loss         | -0.218      |
|    explained_variance   | 0.28        |
|    learning_rate        | 0.0003      |
|    loss                 | 909         |
|    n_updates            | 4100        |
|    policy_gradient_loss | -0.00193    |
|    value_loss           | 1.35e+03    |
-----------------------------------------
FruitCounts | {'Fruit': 1, 'DecayFruit': 3, 'EnemyFruit': 1} |
------------------------------------------
| rollout/                |              |
|    ep_len_mean          | 176          |
|    ep_rew_mean          | 319          |
| time/                   |              |
|    fps                  | 151          |
|    iterations           | 412          |
|    time_elapsed         | 5557         |
|    total_timesteps      | 843776       |
| train/                  |              |
|    approx_kl            | 0.0052893125 |
|    clip_fraction        | 0.0562       |
|    clip_range           | 0.2          |
|    entropy_loss         | -0.215       |
|    explained_variance   | 0.399        |
|    learning_rate        | 0.0003       |
|    loss                 | 209          |
|    n_updates            | 4110         |
|    policy_gradient_loss | -0.000229    |
|    value_loss           | 911          |
------------------------------------------
FruitCounts | {'Fruit': 0, 'DecayFruit': 10, 'EnemyFruit': 2} |
------------------------------------------
| rollout/                |              |
|    ep_len_mean          | 179          |
|    ep_rew_mean          | 331          |
| time/                   |              |
|    fps                  | 151          |
|    iterations           | 413          |
|    time_elapsed         | 5569         |
|    total_timesteps      | 845824       |
| train/                  |              |
|    approx_kl            | 0.0066777635 |
|    clip_fraction        | 0.071        |
|    clip_range           | 0.2          |
|    entropy_loss         | -0.21        |
|    explained_variance   | 0.313        |
|    learning_rate        | 0.0003       |
|    loss                 | 513          |
|    n_updates            | 4120         |
|    policy_gradient_loss | -0.00115     |
|    value_loss           | 824          |
------------------------------------------
FruitCounts | {'Fruit': 0, 'DecayFruit': 6, 'EnemyFruit': 1} |
-----------------------------------------
| rollout/                |             |
|    ep_len_mean          | 180         |
|    ep_rew_mean          | 329         |
| time/                   |             |
|    fps                  | 151         |
|    iterations           | 414         |
|    time_elapsed         | 5581        |
|    total_timesteps      | 847872      |
| train/                  |             |
|    approx_kl            | 0.005638281 |
|    clip_fraction        | 0.0563      |
|    clip_range           | 0.2         |
|    entropy_loss         | -0.194      |
|    explained_variance   | 0.276       |
|    learning_rate        | 0.0003      |
|    loss                 | 345         |
|    n_updates            | 4130        |
|    policy_gradient_loss | -0.00421    |
|    value_loss           | 921         |
-----------------------------------------
FruitCounts | {'Fruit': 0, 'DecayFruit': 0, 'EnemyFruit': 0} |
------------------------------------------
| rollout/                |              |
|    ep_len_mean          | 179          |
|    ep_rew_mean          | 329          |
| time/                   |              |
|    fps                  | 151          |
|    iterations           | 415          |
|    time_elapsed         | 5593         |
|    total_timesteps      | 849920       |
| train/                  |              |
|    approx_kl            | 0.0068180067 |
|    clip_fraction        | 0.0588       |
|    clip_range           | 0.2          |
|    entropy_loss         | -0.224       |
|    explained_variance   | 0.275        |
|    learning_rate        | 0.0003       |
|    loss                 | 656          |
|    n_updates            | 4140         |
|    policy_gradient_loss | -0.00211     |
|    value_loss           | 1.12e+03     |
------------------------------------------
FruitCounts | {'Fruit': 0, 'DecayFruit': 2, 'EnemyFruit': 0} |
-----------------------------------------
| rollout/                |             |
|    ep_len_mean          | 174         |
|    ep_rew_mean          | 324         |
| time/                   |             |
|    fps                  | 151         |
|    iterations           | 416         |
|    time_elapsed         | 5606        |
|    total_timesteps      | 851968      |
| train/                  |             |
|    approx_kl            | 0.009426229 |
|    clip_fraction        | 0.0508      |
|    clip_range           | 0.2         |
|    entropy_loss         | -0.211      |
|    explained_variance   | 0.266       |
|    learning_rate        | 0.0003      |
|    loss                 | 482         |
|    n_updates            | 4150        |
|    policy_gradient_loss | -0.00205    |
|    value_loss           | 985         |
-----------------------------------------
FruitCounts | {'Fruit': 0, 'DecayFruit': 5, 'EnemyFruit': 1} |
-----------------------------------------
| rollout/                |             |
|    ep_len_mean          | 178         |
|    ep_rew_mean          | 333         |
| time/                   |             |
|    fps                  | 152         |
|    iterations           | 417         |
|    time_elapsed         | 5618        |
|    total_timesteps      | 854016      |
| train/                  |             |
|    approx_kl            | 0.006529281 |
|    clip_fraction        | 0.0517      |
|    clip_range           | 0.2         |
|    entropy_loss         | -0.201      |
|    explained_variance   | 0.247       |
|    learning_rate        | 0.0003      |
|    loss                 | 558         |
|    n_updates            | 4160        |
|    policy_gradient_loss | -0.00168    |
|    value_loss           | 1.07e+03    |
-----------------------------------------
FruitCounts | {'Fruit': 1, 'DecayFruit': 8, 'EnemyFruit': 2} |
-----------------------------------------
| rollout/                |             |
|    ep_len_mean          | 176         |
|    ep_rew_mean          | 318         |
| time/                   |             |
|    fps                  | 152         |
|    iterations           | 418         |
|    time_elapsed         | 5630        |
|    total_timesteps      | 856064      |
| train/                  |             |
|    approx_kl            | 0.012263301 |
|    clip_fraction        | 0.0602      |
|    clip_range           | 0.2         |
|    entropy_loss         | -0.209      |
|    explained_variance   | 0.389       |
|    learning_rate        | 0.0003      |
|    loss                 | 426         |
|    n_updates            | 4170        |
|    policy_gradient_loss | -0.00123    |
|    value_loss           | 903         |
-----------------------------------------
FruitCounts | {'Fruit': 0, 'DecayFruit': 11, 'EnemyFruit': 2} |
----------------------------------------
| rollout/                |            |
|    ep_len_mean          | 182        |
|    ep_rew_mean          | 325        |
| time/                   |            |
|    fps                  | 152        |
|    iterations           | 419        |
|    time_elapsed         | 5642       |
|    total_timesteps      | 858112     |
| train/                  |            |
|    approx_kl            | 0.00597075 |
|    clip_fraction        | 0.0585     |
|    clip_range           | 0.2        |
|    entropy_loss         | -0.205     |
|    explained_variance   | 0.386      |
|    learning_rate        | 0.0003     |
|    loss                 | 608        |
|    n_updates            | 4180       |
|    policy_gradient_loss | -0.00234   |
|    value_loss           | 1e+03      |
----------------------------------------
FruitCounts | {'Fruit': 0, 'DecayFruit': 4, 'EnemyFruit': 1} |
------------------------------------------
| rollout/                |              |
|    ep_len_mean          | 173          |
|    ep_rew_mean          | 323          |
| time/                   |              |
|    fps                  | 152          |
|    iterations           | 420          |
|    time_elapsed         | 5656         |
|    total_timesteps      | 860160       |
| train/                  |              |
|    approx_kl            | 0.0062399283 |
|    clip_fraction        | 0.058        |
|    clip_range           | 0.2          |
|    entropy_loss         | -0.203       |
|    explained_variance   | 0.356        |
|    learning_rate        | 0.0003       |
|    loss                 | 180          |
|    n_updates            | 4190         |
|    policy_gradient_loss | -0.00054     |
|    value_loss           | 814          |
------------------------------------------
FruitCounts | {'Fruit': 0, 'DecayFruit': 1, 'EnemyFruit': 0} |
-----------------------------------------
| rollout/                |             |
|    ep_len_mean          | 161         |
|    ep_rew_mean          | 301         |
| time/                   |             |
|    fps                  | 152         |
|    iterations           | 421         |
|    time_elapsed         | 5669        |
|    total_timesteps      | 862208      |
| train/                  |             |
|    approx_kl            | 0.006548652 |
|    clip_fraction        | 0.0562      |
|    clip_range           | 0.2         |
|    entropy_loss         | -0.191      |
|    explained_variance   | 0.313       |
|    learning_rate        | 0.0003      |
|    loss                 | 734         |
|    n_updates            | 4200        |
|    policy_gradient_loss | -0.00263    |
|    value_loss           | 1.36e+03    |
-----------------------------------------
FruitCounts | {'Fruit': 0, 'DecayFruit': 0, 'EnemyFruit': 0} |
-----------------------------------------
| rollout/                |             |
|    ep_len_mean          | 160         |
|    ep_rew_mean          | 295         |
| time/                   |             |
|    fps                  | 152         |
|    iterations           | 422         |
|    time_elapsed         | 5682        |
|    total_timesteps      | 864256      |
| train/                  |             |
|    approx_kl            | 0.005595767 |
|    clip_fraction        | 0.0488      |
|    clip_range           | 0.2         |
|    entropy_loss         | -0.204      |
|    explained_variance   | 0.286       |
|    learning_rate        | 0.0003      |
|    loss                 | 422         |
|    n_updates            | 4210        |
|    policy_gradient_loss | -0.00286    |
|    value_loss           | 1.35e+03    |
-----------------------------------------
FruitCounts | {'Fruit': 0, 'DecayFruit': 1, 'EnemyFruit': 0} |
------------------------------------------
| rollout/                |              |
|    ep_len_mean          | 153          |
|    ep_rew_mean          | 282          |
| time/                   |              |
|    fps                  | 152          |
|    iterations           | 423          |
|    time_elapsed         | 5695         |
|    total_timesteps      | 866304       |
| train/                  |              |
|    approx_kl            | 0.0075485143 |
|    clip_fraction        | 0.0697       |
|    clip_range           | 0.2          |
|    entropy_loss         | -0.206       |
|    explained_variance   | 0.189        |
|    learning_rate        | 0.0003       |
|    loss                 | 319          |
|    n_updates            | 4220         |
|    policy_gradient_loss | -0.00384     |
|    value_loss           | 940          |
------------------------------------------
FruitCounts | {'Fruit': 0, 'DecayFruit': 8, 'EnemyFruit': 3} |
---------------------------------------
| rollout/                |           |
|    ep_len_mean          | 153       |
|    ep_rew_mean          | 288       |
| time/                   |           |
|    fps                  | 152       |
|    iterations           | 424       |
|    time_elapsed         | 5707      |
|    total_timesteps      | 868352    |
| train/                  |           |
|    approx_kl            | 0.0102141 |
|    clip_fraction        | 0.0711    |
|    clip_range           | 0.2       |
|    entropy_loss         | -0.203    |
|    explained_variance   | 0.283     |
|    learning_rate        | 0.0003    |
|    loss                 | 496       |
|    n_updates            | 4230      |
|    policy_gradient_loss | -0.00152  |
|    value_loss           | 1.04e+03  |
---------------------------------------
FruitCounts | {'Fruit': 0, 'DecayFruit': 2, 'EnemyFruit': 0} |
------------------------------------------
| rollout/                |              |
|    ep_len_mean          | 155          |
|    ep_rew_mean          | 285          |
| time/                   |              |
|    fps                  | 152          |
|    iterations           | 425          |
|    time_elapsed         | 5720         |
|    total_timesteps      | 870400       |
| train/                  |              |
|    approx_kl            | 0.0030221941 |
|    clip_fraction        | 0.0476       |
|    clip_range           | 0.2          |
|    entropy_loss         | -0.189       |
|    explained_variance   | 0.238        |
|    learning_rate        | 0.0003       |
|    loss                 | 621          |
|    n_updates            | 4240         |
|    policy_gradient_loss | 0.000378     |
|    value_loss           | 908          |
------------------------------------------
FruitCounts | {'Fruit': 1, 'DecayFruit': 6, 'EnemyFruit': 3} |
-----------------------------------------
| rollout/                |             |
|    ep_len_mean          | 143         |
|    ep_rew_mean          | 273         |
| time/                   |             |
|    fps                  | 152         |
|    iterations           | 426         |
|    time_elapsed         | 5733        |
|    total_timesteps      | 872448      |
| train/                  |             |
|    approx_kl            | 0.009066713 |
|    clip_fraction        | 0.0481      |
|    clip_range           | 0.2         |
|    entropy_loss         | -0.194      |
|    explained_variance   | 0.356       |
|    learning_rate        | 0.0003      |
|    loss                 | 374         |
|    n_updates            | 4250        |
|    policy_gradient_loss | -0.0025     |
|    value_loss           | 1.01e+03    |
-----------------------------------------
FruitCounts | {'Fruit': 1, 'DecayFruit': 8, 'EnemyFruit': 1} |
-----------------------------------------
| rollout/                |             |
|    ep_len_mean          | 144         |
|    ep_rew_mean          | 264         |
| time/                   |             |
|    fps                  | 152         |
|    iterations           | 427         |
|    time_elapsed         | 5746        |
|    total_timesteps      | 874496      |
| train/                  |             |
|    approx_kl            | 0.004492805 |
|    clip_fraction        | 0.0564      |
|    clip_range           | 0.2         |
|    entropy_loss         | -0.224      |
|    explained_variance   | 0.314       |
|    learning_rate        | 0.0003      |
|    loss                 | 203         |
|    n_updates            | 4260        |
|    policy_gradient_loss | -0.00154    |
|    value_loss           | 1.03e+03    |
-----------------------------------------
FruitCounts | {'Fruit': 0, 'DecayFruit': 0, 'EnemyFruit': 0} |
------------------------------------------
| rollout/                |              |
|    ep_len_mean          | 156          |
|    ep_rew_mean          | 289          |
| time/                   |              |
|    fps                  | 152          |
|    iterations           | 428          |
|    time_elapsed         | 5758         |
|    total_timesteps      | 876544       |
| train/                  |              |
|    approx_kl            | 0.0052138623 |
|    clip_fraction        | 0.052        |
|    clip_range           | 0.2          |
|    entropy_loss         | -0.218       |
|    explained_variance   | 0.294        |
|    learning_rate        | 0.0003       |
|    loss                 | 694          |
|    n_updates            | 4270         |
|    policy_gradient_loss | -0.00381     |
|    value_loss           | 1.25e+03     |
------------------------------------------
FruitCounts | {'Fruit': 0, 'DecayFruit': 8, 'EnemyFruit': 3} |
-----------------------------------------
| rollout/                |             |
|    ep_len_mean          | 151         |
|    ep_rew_mean          | 273         |
| time/                   |             |
|    fps                  | 152         |
|    iterations           | 429         |
|    time_elapsed         | 5770        |
|    total_timesteps      | 878592      |
| train/                  |             |
|    approx_kl            | 0.008878185 |
|    clip_fraction        | 0.0551      |
|    clip_range           | 0.2         |
|    entropy_loss         | -0.184      |
|    explained_variance   | 0.379       |
|    learning_rate        | 0.0003      |
|    loss                 | 500         |
|    n_updates            | 4280        |
|    policy_gradient_loss | -0.0029     |
|    value_loss           | 1.01e+03    |
-----------------------------------------
FruitCounts | {'Fruit': 0, 'DecayFruit': 0, 'EnemyFruit': 0} |
-----------------------------------------
| rollout/                |             |
|    ep_len_mean          | 158         |
|    ep_rew_mean          | 286         |
| time/                   |             |
|    fps                  | 152         |
|    iterations           | 430         |
|    time_elapsed         | 5782        |
|    total_timesteps      | 880640      |
| train/                  |             |
|    approx_kl            | 0.007836294 |
|    clip_fraction        | 0.0644      |
|    clip_range           | 0.2         |
|    entropy_loss         | -0.193      |
|    explained_variance   | 0.265       |
|    learning_rate        | 0.0003      |
|    loss                 | 288         |
|    n_updates            | 4290        |
|    policy_gradient_loss | -0.00168    |
|    value_loss           | 971         |
-----------------------------------------
FruitCounts | {'Fruit': 0, 'DecayFruit': 0, 'EnemyFruit': 0} |
------------------------------------------
| rollout/                |              |
|    ep_len_mean          | 161          |
|    ep_rew_mean          | 289          |
| time/                   |              |
|    fps                  | 152          |
|    iterations           | 431          |
|    time_elapsed         | 5795         |
|    total_timesteps      | 882688       |
| train/                  |              |
|    approx_kl            | 0.0067692017 |
|    clip_fraction        | 0.0546       |
|    clip_range           | 0.2          |
|    entropy_loss         | -0.222       |
|    explained_variance   | 0.196        |
|    learning_rate        | 0.0003       |
|    loss                 | 410          |
|    n_updates            | 4300         |
|    policy_gradient_loss | -0.000308    |
|    value_loss           | 963          |
------------------------------------------
FruitCounts | {'Fruit': 0, 'DecayFruit': 1, 'EnemyFruit': 0} |
-----------------------------------------
| rollout/                |             |
|    ep_len_mean          | 161         |
|    ep_rew_mean          | 293         |
| time/                   |             |
|    fps                  | 152         |
|    iterations           | 432         |
|    time_elapsed         | 5807        |
|    total_timesteps      | 884736      |
| train/                  |             |
|    approx_kl            | 0.008181315 |
|    clip_fraction        | 0.0484      |
|    clip_range           | 0.2         |
|    entropy_loss         | -0.214      |
|    explained_variance   | 0.233       |
|    learning_rate        | 0.0003      |
|    loss                 | 441         |
|    n_updates            | 4310        |
|    policy_gradient_loss | 0.000499    |
|    value_loss           | 951         |
-----------------------------------------
FruitCounts | {'Fruit': 0, 'DecayFruit': 3, 'EnemyFruit': 0} |
----------------------------------------
| rollout/                |            |
|    ep_len_mean          | 170        |
|    ep_rew_mean          | 302        |
| time/                   |            |
|    fps                  | 152        |
|    iterations           | 433        |
|    time_elapsed         | 5818       |
|    total_timesteps      | 886784     |
| train/                  |            |
|    approx_kl            | 0.00841832 |
|    clip_fraction        | 0.0605     |
|    clip_range           | 0.2        |
|    entropy_loss         | -0.204     |
|    explained_variance   | 0.394      |
|    learning_rate        | 0.0003     |
|    loss                 | 374        |
|    n_updates            | 4320       |
|    policy_gradient_loss | -0.00386   |
|    value_loss           | 987        |
----------------------------------------
FruitCounts | {'Fruit': 2, 'DecayFruit': 6, 'EnemyFruit': 4} |
-----------------------------------------
| rollout/                |             |
|    ep_len_mean          | 165         |
|    ep_rew_mean          | 296         |
| time/                   |             |
|    fps                  | 152         |
|    iterations           | 434         |
|    time_elapsed         | 5832        |
|    total_timesteps      | 888832      |
| train/                  |             |
|    approx_kl            | 0.018582404 |
|    clip_fraction        | 0.0711      |
|    clip_range           | 0.2         |
|    entropy_loss         | -0.202      |
|    explained_variance   | 0.33        |
|    learning_rate        | 0.0003      |
|    loss                 | 310         |
|    n_updates            | 4330        |
|    policy_gradient_loss | 0.000668    |
|    value_loss           | 661         |
-----------------------------------------
FruitCounts | {'Fruit': 0, 'DecayFruit': 10, 'EnemyFruit': 5} |
-----------------------------------------
| rollout/                |             |
|    ep_len_mean          | 168         |
|    ep_rew_mean          | 293         |
| time/                   |             |
|    fps                  | 152         |
|    iterations           | 435         |
|    time_elapsed         | 5844        |
|    total_timesteps      | 890880      |
| train/                  |             |
|    approx_kl            | 0.007893056 |
|    clip_fraction        | 0.0622      |
|    clip_range           | 0.2         |
|    entropy_loss         | -0.22       |
|    explained_variance   | 0.268       |
|    learning_rate        | 0.0003      |
|    loss                 | 527         |
|    n_updates            | 4340        |
|    policy_gradient_loss | -0.00252    |
|    value_loss           | 1.22e+03    |
-----------------------------------------
FruitCounts | {'Fruit': 0, 'DecayFruit': 4, 'EnemyFruit': 1} |
-----------------------------------------
| rollout/                |             |
|    ep_len_mean          | 176         |
|    ep_rew_mean          | 300         |
| time/                   |             |
|    fps                  | 152         |
|    iterations           | 436         |
|    time_elapsed         | 5856        |
|    total_timesteps      | 892928      |
| train/                  |             |
|    approx_kl            | 0.009338602 |
|    clip_fraction        | 0.075       |
|    clip_range           | 0.2         |
|    entropy_loss         | -0.221      |
|    explained_variance   | 0.261       |
|    learning_rate        | 0.0003      |
|    loss                 | 217         |
|    n_updates            | 4350        |
|    policy_gradient_loss | -0.00384    |
|    value_loss           | 664         |
-----------------------------------------
FruitCounts | {'Fruit': 0, 'DecayFruit': 8, 'EnemyFruit': 3} |
-----------------------------------------
| rollout/                |             |
|    ep_len_mean          | 177         |
|    ep_rew_mean          | 303         |
| time/                   |             |
|    fps                  | 152         |
|    iterations           | 437         |
|    time_elapsed         | 5868        |
|    total_timesteps      | 894976      |
| train/                  |             |
|    approx_kl            | 0.009168318 |
|    clip_fraction        | 0.0736      |
|    clip_range           | 0.2         |
|    entropy_loss         | -0.222      |
|    explained_variance   | 0.275       |
|    learning_rate        | 0.0003      |
|    loss                 | 464         |
|    n_updates            | 4360        |
|    policy_gradient_loss | -0.00622    |
|    value_loss           | 843         |
-----------------------------------------
FruitCounts | {'Fruit': 0, 'DecayFruit': 0, 'EnemyFruit': 0} |
----------------------------------------
| rollout/                |            |
|    ep_len_mean          | 171        |
|    ep_rew_mean          | 294        |
| time/                   |            |
|    fps                  | 152        |
|    iterations           | 438        |
|    time_elapsed         | 5881       |
|    total_timesteps      | 897024     |
| train/                  |            |
|    approx_kl            | 0.00581587 |
|    clip_fraction        | 0.0488     |
|    clip_range           | 0.2        |
|    entropy_loss         | -0.201     |
|    explained_variance   | 0.341      |
|    learning_rate        | 0.0003     |
|    loss                 | 209        |
|    n_updates            | 4370       |
|    policy_gradient_loss | 0.000738   |
|    value_loss           | 679        |
----------------------------------------
FruitCounts | {'Fruit': 0, 'DecayFruit': 10, 'EnemyFruit': 2} |
-----------------------------------------
| rollout/                |             |
|    ep_len_mean          | 171         |
|    ep_rew_mean          | 295         |
| time/                   |             |
|    fps                  | 152         |
|    iterations           | 439         |
|    time_elapsed         | 5892        |
|    total_timesteps      | 899072      |
| train/                  |             |
|    approx_kl            | 0.011053672 |
|    clip_fraction        | 0.0787      |
|    clip_range           | 0.2         |
|    entropy_loss         | -0.214      |
|    explained_variance   | 0.223       |
|    learning_rate        | 0.0003      |
|    loss                 | 415         |
|    n_updates            | 4380        |
|    policy_gradient_loss | -0.00298    |
|    value_loss           | 954         |
-----------------------------------------
FruitCounts | {'Fruit': 0, 'DecayFruit': 2, 'EnemyFruit': 0} |
-----------------------------------------
| rollout/                |             |
|    ep_len_mean          | 167         |
|    ep_rew_mean          | 294         |
| time/                   |             |
|    fps                  | 152         |
|    iterations           | 440         |
|    time_elapsed         | 5906        |
|    total_timesteps      | 901120      |
| train/                  |             |
|    approx_kl            | 0.007728334 |
|    clip_fraction        | 0.0635      |
|    clip_range           | 0.2         |
|    entropy_loss         | -0.225      |
|    explained_variance   | 0.377       |
|    learning_rate        | 0.0003      |
|    loss                 | 368         |
|    n_updates            | 4390        |
|    policy_gradient_loss | -0.00321    |
|    value_loss           | 775         |
-----------------------------------------
FruitCounts | {'Fruit': 1, 'DecayFruit': 0, 'EnemyFruit': 0} |
-----------------------------------------
| rollout/                |             |
|    ep_len_mean          | 158         |
|    ep_rew_mean          | 284         |
| time/                   |             |
|    fps                  | 152         |
|    iterations           | 441         |
|    time_elapsed         | 5919        |
|    total_timesteps      | 903168      |
| train/                  |             |
|    approx_kl            | 0.007949387 |
|    clip_fraction        | 0.0519      |
|    clip_range           | 0.2         |
|    entropy_loss         | -0.225      |
|    explained_variance   | 0.346       |
|    learning_rate        | 0.0003      |
|    loss                 | 916         |
|    n_updates            | 4400        |
|    policy_gradient_loss | -0.00266    |
|    value_loss           | 1.17e+03    |
-----------------------------------------
FruitCounts | {'Fruit': 0, 'DecayFruit': 1, 'EnemyFruit': 0} |
------------------------------------------
| rollout/                |              |
|    ep_len_mean          | 163          |
|    ep_rew_mean          | 298          |
| time/                   |              |
|    fps                  | 152          |
|    iterations           | 442          |
|    time_elapsed         | 5932         |
|    total_timesteps      | 905216       |
| train/                  |              |
|    approx_kl            | 0.0058673453 |
|    clip_fraction        | 0.0525       |
|    clip_range           | 0.2          |
|    entropy_loss         | -0.213       |
|    explained_variance   | 0.293        |
|    learning_rate        | 0.0003       |
|    loss                 | 393          |
|    n_updates            | 4410         |
|    policy_gradient_loss | -0.00287     |
|    value_loss           | 1.08e+03     |
------------------------------------------
FruitCounts | {'Fruit': 0, 'DecayFruit': 12, 'EnemyFruit': 5} |
------------------------------------------
| rollout/                |              |
|    ep_len_mean          | 164          |
|    ep_rew_mean          | 301          |
| time/                   |              |
|    fps                  | 152          |
|    iterations           | 443          |
|    time_elapsed         | 5944         |
|    total_timesteps      | 907264       |
| train/                  |              |
|    approx_kl            | 0.0060096993 |
|    clip_fraction        | 0.0517       |
|    clip_range           | 0.2          |
|    entropy_loss         | -0.228       |
|    explained_variance   | 0.314        |
|    learning_rate        | 0.0003       |
|    loss                 | 736          |
|    n_updates            | 4420         |
|    policy_gradient_loss | -0.00208     |
|    value_loss           | 1.33e+03     |
------------------------------------------
FruitCounts | {'Fruit': 1, 'DecayFruit': 11, 'EnemyFruit': 1} |
-----------------------------------------
| rollout/                |             |
|    ep_len_mean          | 163         |
|    ep_rew_mean          | 309         |
| time/                   |             |
|    fps                  | 152         |
|    iterations           | 444         |
|    time_elapsed         | 5956        |
|    total_timesteps      | 909312      |
| train/                  |             |
|    approx_kl            | 0.010504978 |
|    clip_fraction        | 0.0616      |
|    clip_range           | 0.2         |
|    entropy_loss         | -0.206      |
|    explained_variance   | 0.293       |
|    learning_rate        | 0.0003      |
|    loss                 | 462         |
|    n_updates            | 4430        |
|    policy_gradient_loss | -0.000404   |
|    value_loss           | 982         |
-----------------------------------------
FruitCounts | {'Fruit': 0, 'DecayFruit': 0, 'EnemyFruit': 0} |
-----------------------------------------
| rollout/                |             |
|    ep_len_mean          | 166         |
|    ep_rew_mean          | 307         |
| time/                   |             |
|    fps                  | 152         |
|    iterations           | 445         |
|    time_elapsed         | 5968        |
|    total_timesteps      | 911360      |
| train/                  |             |
|    approx_kl            | 0.007641674 |
|    clip_fraction        | 0.0551      |
|    clip_range           | 0.2         |
|    entropy_loss         | -0.21       |
|    explained_variance   | 0.249       |
|    learning_rate        | 0.0003      |
|    loss                 | 286         |
|    n_updates            | 4440        |
|    policy_gradient_loss | -0.00258    |
|    value_loss           | 1.03e+03    |
-----------------------------------------
FruitCounts | {'Fruit': 0, 'DecayFruit': 3, 'EnemyFruit': 3} |
------------------------------------------
| rollout/                |              |
|    ep_len_mean          | 172          |
|    ep_rew_mean          | 320          |
| time/                   |              |
|    fps                  | 152          |
|    iterations           | 446          |
|    time_elapsed         | 5979         |
|    total_timesteps      | 913408       |
| train/                  |              |
|    approx_kl            | 0.0074437554 |
|    clip_fraction        | 0.0501       |
|    clip_range           | 0.2          |
|    entropy_loss         | -0.217       |
|    explained_variance   | 0.389        |
|    learning_rate        | 0.0003       |
|    loss                 | 338          |
|    n_updates            | 4450         |
|    policy_gradient_loss | -0.00171     |
|    value_loss           | 929          |
------------------------------------------
FruitCounts | {'Fruit': 0, 'DecayFruit': 3, 'EnemyFruit': 1} |
-----------------------------------------
| rollout/                |             |
|    ep_len_mean          | 170         |
|    ep_rew_mean          | 314         |
| time/                   |             |
|    fps                  | 152         |
|    iterations           | 447         |
|    time_elapsed         | 5992        |
|    total_timesteps      | 915456      |
| train/                  |             |
|    approx_kl            | 0.013431595 |
|    clip_fraction        | 0.0526      |
|    clip_range           | 0.2         |
|    entropy_loss         | -0.205      |
|    explained_variance   | 0.204       |
|    learning_rate        | 0.0003      |
|    loss                 | 652         |
|    n_updates            | 4460        |
|    policy_gradient_loss | 0.00161     |
|    value_loss           | 931         |
-----------------------------------------
FruitCounts | {'Fruit': 0, 'DecayFruit': 9, 'EnemyFruit': 3} |
------------------------------------------
| rollout/                |              |
|    ep_len_mean          | 169          |
|    ep_rew_mean          | 302          |
| time/                   |              |
|    fps                  | 152          |
|    iterations           | 448          |
|    time_elapsed         | 6005         |
|    total_timesteps      | 917504       |
| train/                  |              |
|    approx_kl            | 0.0070242956 |
|    clip_fraction        | 0.0676       |
|    clip_range           | 0.2          |
|    entropy_loss         | -0.223       |
|    explained_variance   | 0.154        |
|    learning_rate        | 0.0003       |
|    loss                 | 376          |
|    n_updates            | 4470         |
|    policy_gradient_loss | -0.000178    |
|    value_loss           | 966          |
------------------------------------------
FruitCounts | {'Fruit': 0, 'DecayFruit': 5, 'EnemyFruit': 1} |
-----------------------------------------
| rollout/                |             |
|    ep_len_mean          | 181         |
|    ep_rew_mean          | 318         |
| time/                   |             |
|    fps                  | 152         |
|    iterations           | 449         |
|    time_elapsed         | 6017        |
|    total_timesteps      | 919552      |
| train/                  |             |
|    approx_kl            | 0.010081304 |
|    clip_fraction        | 0.0738      |
|    clip_range           | 0.2         |
|    entropy_loss         | -0.203      |
|    explained_variance   | 0.155       |
|    learning_rate        | 0.0003      |
|    loss                 | 225         |
|    n_updates            | 4480        |
|    policy_gradient_loss | 0.00234     |
|    value_loss           | 697         |
-----------------------------------------
FruitCounts | {'Fruit': 0, 'DecayFruit': 4, 'EnemyFruit': 1} |
------------------------------------------
| rollout/                |              |
|    ep_len_mean          | 185          |
|    ep_rew_mean          | 318          |
| time/                   |              |
|    fps                  | 152          |
|    iterations           | 450          |
|    time_elapsed         | 6028         |
|    total_timesteps      | 921600       |
| train/                  |              |
|    approx_kl            | 0.0068348255 |
|    clip_fraction        | 0.0622       |
|    clip_range           | 0.2          |
|    entropy_loss         | -0.223       |
|    explained_variance   | 0.334        |
|    learning_rate        | 0.0003       |
|    loss                 | 578          |
|    n_updates            | 4490         |
|    policy_gradient_loss | -0.00376     |
|    value_loss           | 886          |
------------------------------------------
FruitCounts | {'Fruit': 0, 'DecayFruit': 4, 'EnemyFruit': 1} |
-----------------------------------------
| rollout/                |             |
|    ep_len_mean          | 189         |
|    ep_rew_mean          | 323         |
| time/                   |             |
|    fps                  | 152         |
|    iterations           | 451         |
|    time_elapsed         | 6041        |
|    total_timesteps      | 923648      |
| train/                  |             |
|    approx_kl            | 0.008491111 |
|    clip_fraction        | 0.0567      |
|    clip_range           | 0.2         |
|    entropy_loss         | -0.198      |
|    explained_variance   | 0.348       |
|    learning_rate        | 0.0003      |
|    loss                 | 181         |
|    n_updates            | 4500        |
|    policy_gradient_loss | -0.00192    |
|    value_loss           | 676         |
-----------------------------------------
FruitCounts | {'Fruit': 1, 'DecayFruit': 11, 'EnemyFruit': 3} |
-----------------------------------------
| rollout/                |             |
|    ep_len_mean          | 184         |
|    ep_rew_mean          | 318         |
| time/                   |             |
|    fps                  | 152         |
|    iterations           | 452         |
|    time_elapsed         | 6053        |
|    total_timesteps      | 925696      |
| train/                  |             |
|    approx_kl            | 0.006930406 |
|    clip_fraction        | 0.0483      |
|    clip_range           | 0.2         |
|    entropy_loss         | -0.204      |
|    explained_variance   | 0.348       |
|    learning_rate        | 0.0003      |
|    loss                 | 305         |
|    n_updates            | 4510        |
|    policy_gradient_loss | -0.000513   |
|    value_loss           | 912         |
-----------------------------------------
FruitCounts | {'Fruit': 0, 'DecayFruit': 2, 'EnemyFruit': 0} |
-----------------------------------------
| rollout/                |             |
|    ep_len_mean          | 183         |
|    ep_rew_mean          | 321         |
| time/                   |             |
|    fps                  | 152         |
|    iterations           | 453         |
|    time_elapsed         | 6066        |
|    total_timesteps      | 927744      |
| train/                  |             |
|    approx_kl            | 0.007856904 |
|    clip_fraction        | 0.0511      |
|    clip_range           | 0.2         |
|    entropy_loss         | -0.211      |
|    explained_variance   | 0.259       |
|    learning_rate        | 0.0003      |
|    loss                 | 484         |
|    n_updates            | 4520        |
|    policy_gradient_loss | -0.00296    |
|    value_loss           | 969         |
-----------------------------------------
FruitCounts | {'Fruit': 1, 'DecayFruit': 4, 'EnemyFruit': 2} |
-----------------------------------------
| rollout/                |             |
|    ep_len_mean          | 176         |
|    ep_rew_mean          | 314         |
| time/                   |             |
|    fps                  | 152         |
|    iterations           | 454         |
|    time_elapsed         | 6078        |
|    total_timesteps      | 929792      |
| train/                  |             |
|    approx_kl            | 0.007938255 |
|    clip_fraction        | 0.0569      |
|    clip_range           | 0.2         |
|    entropy_loss         | -0.213      |
|    explained_variance   | 0.259       |
|    learning_rate        | 0.0003      |
|    loss                 | 418         |
|    n_updates            | 4530        |
|    policy_gradient_loss | -0.00272    |
|    value_loss           | 1.02e+03    |
-----------------------------------------
FruitCounts | {'Fruit': 0, 'DecayFruit': 6, 'EnemyFruit': 0} |
-----------------------------------------
| rollout/                |             |
|    ep_len_mean          | 177         |
|    ep_rew_mean          | 310         |
| time/                   |             |
|    fps                  | 153         |
|    iterations           | 455         |
|    time_elapsed         | 6090        |
|    total_timesteps      | 931840      |
| train/                  |             |
|    approx_kl            | 0.006187439 |
|    clip_fraction        | 0.0508      |
|    clip_range           | 0.2         |
|    entropy_loss         | -0.202      |
|    explained_variance   | 0.258       |
|    learning_rate        | 0.0003      |
|    loss                 | 379         |
|    n_updates            | 4540        |
|    policy_gradient_loss | -0.00226    |
|    value_loss           | 924         |
-----------------------------------------
FruitCounts | {'Fruit': 0, 'DecayFruit': 12, 'EnemyFruit': 2} |
-----------------------------------------
| rollout/                |             |
|    ep_len_mean          | 179         |
|    ep_rew_mean          | 322         |
| time/                   |             |
|    fps                  | 153         |
|    iterations           | 456         |
|    time_elapsed         | 6102        |
|    total_timesteps      | 933888      |
| train/                  |             |
|    approx_kl            | 0.013720522 |
|    clip_fraction        | 0.0628      |
|    clip_range           | 0.2         |
|    entropy_loss         | -0.219      |
|    explained_variance   | 0.318       |
|    learning_rate        | 0.0003      |
|    loss                 | 438         |
|    n_updates            | 4550        |
|    policy_gradient_loss | -0.000306   |
|    value_loss           | 883         |
-----------------------------------------
FruitCounts | {'Fruit': 0, 'DecayFruit': 1, 'EnemyFruit': 0} |
------------------------------------------
| rollout/                |              |
|    ep_len_mean          | 179          |
|    ep_rew_mean          | 331          |
| time/                   |              |
|    fps                  | 153          |
|    iterations           | 457          |
|    time_elapsed         | 6115         |
|    total_timesteps      | 935936       |
| train/                  |              |
|    approx_kl            | 0.0068767117 |
|    clip_fraction        | 0.0504       |
|    clip_range           | 0.2          |
|    entropy_loss         | -0.195       |
|    explained_variance   | 0.349        |
|    learning_rate        | 0.0003       |
|    loss                 | 541          |
|    n_updates            | 4560         |
|    policy_gradient_loss | -0.00267     |
|    value_loss           | 1.2e+03      |
------------------------------------------
FruitCounts | {'Fruit': 0, 'DecayFruit': 3, 'EnemyFruit': 1} |
-----------------------------------------
| rollout/                |             |
|    ep_len_mean          | 164         |
|    ep_rew_mean          | 308         |
| time/                   |             |
|    fps                  | 153         |
|    iterations           | 458         |
|    time_elapsed         | 6128        |
|    total_timesteps      | 937984      |
| train/                  |             |
|    approx_kl            | 0.006761995 |
|    clip_fraction        | 0.0436      |
|    clip_range           | 0.2         |
|    entropy_loss         | -0.215      |
|    explained_variance   | 0.213       |
|    learning_rate        | 0.0003      |
|    loss                 | 827         |
|    n_updates            | 4570        |
|    policy_gradient_loss | 0.000492    |
|    value_loss           | 1.35e+03    |
-----------------------------------------
FruitCounts | {'Fruit': 0, 'DecayFruit': 9, 'EnemyFruit': 1} |
------------------------------------------
| rollout/                |              |
|    ep_len_mean          | 171          |
|    ep_rew_mean          | 324          |
| time/                   |              |
|    fps                  | 153          |
|    iterations           | 459          |
|    time_elapsed         | 6139         |
|    total_timesteps      | 940032       |
| train/                  |              |
|    approx_kl            | 0.0057409145 |
|    clip_fraction        | 0.0512       |
|    clip_range           | 0.2          |
|    entropy_loss         | -0.216       |
|    explained_variance   | 0.328        |
|    learning_rate        | 0.0003       |
|    loss                 | 532          |
|    n_updates            | 4580         |
|    policy_gradient_loss | -0.00068     |
|    value_loss           | 1.18e+03     |
------------------------------------------
FruitCounts | {'Fruit': 0, 'DecayFruit': 1, 'EnemyFruit': 1} |
-----------------------------------------
| rollout/                |             |
|    ep_len_mean          | 166         |
|    ep_rew_mean          | 312         |
| time/                   |             |
|    fps                  | 153         |
|    iterations           | 460         |
|    time_elapsed         | 6153        |
|    total_timesteps      | 942080      |
| train/                  |             |
|    approx_kl            | 0.008778252 |
|    clip_fraction        | 0.0573      |
|    clip_range           | 0.2         |
|    entropy_loss         | -0.203      |
|    explained_variance   | 0.344       |
|    learning_rate        | 0.0003      |
|    loss                 | 154         |
|    n_updates            | 4590        |
|    policy_gradient_loss | -0.0011     |
|    value_loss           | 819         |
-----------------------------------------
FruitCounts | {'Fruit': 0, 'DecayFruit': 6, 'EnemyFruit': 1} |
-----------------------------------------
| rollout/                |             |
|    ep_len_mean          | 163         |
|    ep_rew_mean          | 308         |
| time/                   |             |
|    fps                  | 153         |
|    iterations           | 461         |
|    time_elapsed         | 6165        |
|    total_timesteps      | 944128      |
| train/                  |             |
|    approx_kl            | 0.006643545 |
|    clip_fraction        | 0.0595      |
|    clip_range           | 0.2         |
|    entropy_loss         | -0.199      |
|    explained_variance   | 0.283       |
|    learning_rate        | 0.0003      |
|    loss                 | 526         |
|    n_updates            | 4600        |
|    policy_gradient_loss | -0.00111    |
|    value_loss           | 1.07e+03    |
-----------------------------------------
FruitCounts | {'Fruit': 0, 'DecayFruit': 1, 'EnemyFruit': 0} |
------------------------------------------
| rollout/                |              |
|    ep_len_mean          | 165          |
|    ep_rew_mean          | 319          |
| time/                   |              |
|    fps                  | 153          |
|    iterations           | 462          |
|    time_elapsed         | 6178         |
|    total_timesteps      | 946176       |
| train/                  |              |
|    approx_kl            | 0.0052277464 |
|    clip_fraction        | 0.048        |
|    clip_range           | 0.2          |
|    entropy_loss         | -0.207       |
|    explained_variance   | 0.375        |
|    learning_rate        | 0.0003       |
|    loss                 | 574          |
|    n_updates            | 4610         |
|    policy_gradient_loss | -0.000419    |
|    value_loss           | 1.09e+03     |
------------------------------------------
FruitCounts | {'Fruit': 0, 'DecayFruit': 1, 'EnemyFruit': 0} |
------------------------------------------
| rollout/                |              |
|    ep_len_mean          | 149          |
|    ep_rew_mean          | 293          |
| time/                   |              |
|    fps                  | 153          |
|    iterations           | 463          |
|    time_elapsed         | 6192         |
|    total_timesteps      | 948224       |
| train/                  |              |
|    approx_kl            | 0.0083772205 |
|    clip_fraction        | 0.0566       |
|    clip_range           | 0.2          |
|    entropy_loss         | -0.194       |
|    explained_variance   | 0.329        |
|    learning_rate        | 0.0003       |
|    loss                 | 349          |
|    n_updates            | 4620         |
|    policy_gradient_loss | -0.00214     |
|    value_loss           | 892          |
------------------------------------------
FruitCounts | {'Fruit': 0, 'DecayFruit': 6, 'EnemyFruit': 1} |
-----------------------------------------
| rollout/                |             |
|    ep_len_mean          | 154         |
|    ep_rew_mean          | 298         |
| time/                   |             |
|    fps                  | 153         |
|    iterations           | 464         |
|    time_elapsed         | 6203        |
|    total_timesteps      | 950272      |
| train/                  |             |
|    approx_kl            | 0.008683176 |
|    clip_fraction        | 0.0606      |
|    clip_range           | 0.2         |
|    entropy_loss         | -0.22       |
|    explained_variance   | 0.121       |
|    learning_rate        | 0.0003      |
|    loss                 | 813         |
|    n_updates            | 4630        |
|    policy_gradient_loss | -0.00596    |
|    value_loss           | 1.79e+03    |
-----------------------------------------
FruitCounts | {'Fruit': 0, 'DecayFruit': 2, 'EnemyFruit': 0} |
------------------------------------------
| rollout/                |              |
|    ep_len_mean          | 148          |
|    ep_rew_mean          | 292          |
| time/                   |              |
|    fps                  | 153          |
|    iterations           | 465          |
|    time_elapsed         | 6217         |
|    total_timesteps      | 952320       |
| train/                  |              |
|    approx_kl            | 0.0053782286 |
|    clip_fraction        | 0.0487       |
|    clip_range           | 0.2          |
|    entropy_loss         | -0.182       |
|    explained_variance   | 0.387        |
|    learning_rate        | 0.0003       |
|    loss                 | 418          |
|    n_updates            | 4640         |
|    policy_gradient_loss | 0.000732     |
|    value_loss           | 954          |
------------------------------------------
FruitCounts | {'Fruit': 0, 'DecayFruit': 11, 'EnemyFruit': 1} |
-----------------------------------------
| rollout/                |             |
|    ep_len_mean          | 145         |
|    ep_rew_mean          | 285         |
| time/                   |             |
|    fps                  | 153         |
|    iterations           | 466         |
|    time_elapsed         | 6229        |
|    total_timesteps      | 954368      |
| train/                  |             |
|    approx_kl            | 0.007505403 |
|    clip_fraction        | 0.049       |
|    clip_range           | 0.2         |
|    entropy_loss         | -0.217      |
|    explained_variance   | 0.219       |
|    learning_rate        | 0.0003      |
|    loss                 | 724         |
|    n_updates            | 4650        |
|    policy_gradient_loss | -0.00314    |
|    value_loss           | 1.11e+03    |
-----------------------------------------
FruitCounts | {'Fruit': 0, 'DecayFruit': 0, 'EnemyFruit': 0} |
-----------------------------------------
| rollout/                |             |
|    ep_len_mean          | 149         |
|    ep_rew_mean          | 282         |
| time/                   |             |
|    fps                  | 153         |
|    iterations           | 467         |
|    time_elapsed         | 6242        |
|    total_timesteps      | 956416      |
| train/                  |             |
|    approx_kl            | 0.008047706 |
|    clip_fraction        | 0.0494      |
|    clip_range           | 0.2         |
|    entropy_loss         | -0.199      |
|    explained_variance   | 0.19        |
|    learning_rate        | 0.0003      |
|    loss                 | 492         |
|    n_updates            | 4660        |
|    policy_gradient_loss | -0.000414   |
|    value_loss           | 1.09e+03    |
-----------------------------------------
FruitCounts | {'Fruit': 0, 'DecayFruit': 2, 'EnemyFruit': 0} |
-----------------------------------------
| rollout/                |             |
|    ep_len_mean          | 155         |
|    ep_rew_mean          | 287         |
| time/                   |             |
|    fps                  | 153         |
|    iterations           | 468         |
|    time_elapsed         | 6254        |
|    total_timesteps      | 958464      |
| train/                  |             |
|    approx_kl            | 0.006832051 |
|    clip_fraction        | 0.0624      |
|    clip_range           | 0.2         |
|    entropy_loss         | -0.198      |
|    explained_variance   | 0.235       |
|    learning_rate        | 0.0003      |
|    loss                 | 121         |
|    n_updates            | 4670        |
|    policy_gradient_loss | 0.000519    |
|    value_loss           | 715         |
-----------------------------------------
FruitCounts | {'Fruit': 0, 'DecayFruit': 3, 'EnemyFruit': 1} |
-----------------------------------------
| rollout/                |             |
|    ep_len_mean          | 150         |
|    ep_rew_mean          | 274         |
| time/                   |             |
|    fps                  | 153         |
|    iterations           | 469         |
|    time_elapsed         | 6268        |
|    total_timesteps      | 960512      |
| train/                  |             |
|    approx_kl            | 0.008218796 |
|    clip_fraction        | 0.0468      |
|    clip_range           | 0.2         |
|    entropy_loss         | -0.202      |
|    explained_variance   | 0.253       |
|    learning_rate        | 0.0003      |
|    loss                 | 435         |
|    n_updates            | 4680        |
|    policy_gradient_loss | -0.00124    |
|    value_loss           | 800         |
-----------------------------------------
FruitCounts | {'Fruit': 0, 'DecayFruit': 1, 'EnemyFruit': 0} |
-----------------------------------------
| rollout/                |             |
|    ep_len_mean          | 147         |
|    ep_rew_mean          | 269         |
| time/                   |             |
|    fps                  | 153         |
|    iterations           | 470         |
|    time_elapsed         | 6283        |
|    total_timesteps      | 962560      |
| train/                  |             |
|    approx_kl            | 0.005965313 |
|    clip_fraction        | 0.0449      |
|    clip_range           | 0.2         |
|    entropy_loss         | -0.21       |
|    explained_variance   | 0.297       |
|    learning_rate        | 0.0003      |
|    loss                 | 512         |
|    n_updates            | 4690        |
|    policy_gradient_loss | -0.00304    |
|    value_loss           | 1.28e+03    |
-----------------------------------------
FruitCounts | {'Fruit': 0, 'DecayFruit': 5, 'EnemyFruit': 0} |
------------------------------------------
| rollout/                |              |
|    ep_len_mean          | 152          |
|    ep_rew_mean          | 277          |
| time/                   |              |
|    fps                  | 153          |
|    iterations           | 471          |
|    time_elapsed         | 6295         |
|    total_timesteps      | 964608       |
| train/                  |              |
|    approx_kl            | 0.0065644006 |
|    clip_fraction        | 0.0575       |
|    clip_range           | 0.2          |
|    entropy_loss         | -0.205       |
|    explained_variance   | 0.22         |
|    learning_rate        | 0.0003       |
|    loss                 | 471          |
|    n_updates            | 4700         |
|    policy_gradient_loss | -0.00351     |
|    value_loss           | 1.29e+03     |
------------------------------------------
FruitCounts | {'Fruit': 0, 'DecayFruit': 0, 'EnemyFruit': 0} |
-----------------------------------------
| rollout/                |             |
|    ep_len_mean          | 150         |
|    ep_rew_mean          | 268         |
| time/                   |             |
|    fps                  | 153         |
|    iterations           | 472         |
|    time_elapsed         | 6308        |
|    total_timesteps      | 966656      |
| train/                  |             |
|    approx_kl            | 0.005605732 |
|    clip_fraction        | 0.0468      |
|    clip_range           | 0.2         |
|    entropy_loss         | -0.202      |
|    explained_variance   | 0.318       |
|    learning_rate        | 0.0003      |
|    loss                 | 727         |
|    n_updates            | 4710        |
|    policy_gradient_loss | -0.00116    |
|    value_loss           | 1.15e+03    |
-----------------------------------------
FruitCounts | {'Fruit': 0, 'DecayFruit': 2, 'EnemyFruit': 0} |
-----------------------------------------
| rollout/                |             |
|    ep_len_mean          | 163         |
|    ep_rew_mean          | 292         |
| time/                   |             |
|    fps                  | 153         |
|    iterations           | 473         |
|    time_elapsed         | 6320        |
|    total_timesteps      | 968704      |
| train/                  |             |
|    approx_kl            | 0.006083687 |
|    clip_fraction        | 0.0613      |
|    clip_range           | 0.2         |
|    entropy_loss         | -0.217      |
|    explained_variance   | 0.218       |
|    learning_rate        | 0.0003      |
|    loss                 | 414         |
|    n_updates            | 4720        |
|    policy_gradient_loss | 0.000619    |
|    value_loss           | 1.13e+03    |
-----------------------------------------
FruitCounts | {'Fruit': 0, 'DecayFruit': 1, 'EnemyFruit': 2} |
-----------------------------------------
| rollout/                |             |
|    ep_len_mean          | 162         |
|    ep_rew_mean          | 290         |
| time/                   |             |
|    fps                  | 153         |
|    iterations           | 474         |
|    time_elapsed         | 6333        |
|    total_timesteps      | 970752      |
| train/                  |             |
|    approx_kl            | 0.009955937 |
|    clip_fraction        | 0.0493      |
|    clip_range           | 0.2         |
|    entropy_loss         | -0.208      |
|    explained_variance   | 0.271       |
|    learning_rate        | 0.0003      |
|    loss                 | 337         |
|    n_updates            | 4730        |
|    policy_gradient_loss | -0.000993   |
|    value_loss           | 1e+03       |
-----------------------------------------
FruitCounts | {'Fruit': 0, 'DecayFruit': 7, 'EnemyFruit': 0} |
------------------------------------------
| rollout/                |              |
|    ep_len_mean          | 158          |
|    ep_rew_mean          | 297          |
| time/                   |              |
|    fps                  | 153          |
|    iterations           | 475          |
|    time_elapsed         | 6345         |
|    total_timesteps      | 972800       |
| train/                  |              |
|    approx_kl            | 0.0055937185 |
|    clip_fraction        | 0.0676       |
|    clip_range           | 0.2          |
|    entropy_loss         | -0.205       |
|    explained_variance   | 0.173        |
|    learning_rate        | 0.0003       |
|    loss                 | 482          |
|    n_updates            | 4740         |
|    policy_gradient_loss | -0.000645    |
|    value_loss           | 836          |
------------------------------------------
FruitCounts | {'Fruit': 0, 'DecayFruit': 8, 'EnemyFruit': 0} |
-----------------------------------------
| rollout/                |             |
|    ep_len_mean          | 161         |
|    ep_rew_mean          | 304         |
| time/                   |             |
|    fps                  | 153         |
|    iterations           | 476         |
|    time_elapsed         | 6357        |
|    total_timesteps      | 974848      |
| train/                  |             |
|    approx_kl            | 0.009543184 |
|    clip_fraction        | 0.0665      |
|    clip_range           | 0.2         |
|    entropy_loss         | -0.206      |
|    explained_variance   | 0.398       |
|    learning_rate        | 0.0003      |
|    loss                 | 417         |
|    n_updates            | 4750        |
|    policy_gradient_loss | -0.00271    |
|    value_loss           | 869         |
-----------------------------------------
FruitCounts | {'Fruit': 0, 'DecayFruit': 6, 'EnemyFruit': 2} |
-----------------------------------------
| rollout/                |             |
|    ep_len_mean          | 169         |
|    ep_rew_mean          | 319         |
| time/                   |             |
|    fps                  | 153         |
|    iterations           | 477         |
|    time_elapsed         | 6369        |
|    total_timesteps      | 976896      |
| train/                  |             |
|    approx_kl            | 0.008177796 |
|    clip_fraction        | 0.0625      |
|    clip_range           | 0.2         |
|    entropy_loss         | -0.22       |
|    explained_variance   | 0.29        |
|    learning_rate        | 0.0003      |
|    loss                 | 445         |
|    n_updates            | 4760        |
|    policy_gradient_loss | -0.00111    |
|    value_loss           | 989         |
-----------------------------------------
FruitCounts | {'Fruit': 0, 'DecayFruit': 4, 'EnemyFruit': 0} |
-----------------------------------------
| rollout/                |             |
|    ep_len_mean          | 176         |
|    ep_rew_mean          | 330         |
| time/                   |             |
|    fps                  | 153         |
|    iterations           | 478         |
|    time_elapsed         | 6382        |
|    total_timesteps      | 978944      |
| train/                  |             |
|    approx_kl            | 0.005092847 |
|    clip_fraction        | 0.0535      |
|    clip_range           | 0.2         |
|    entropy_loss         | -0.196      |
|    explained_variance   | 0.202       |
|    learning_rate        | 0.0003      |
|    loss                 | 623         |
|    n_updates            | 4770        |
|    policy_gradient_loss | -0.0019     |
|    value_loss           | 1.13e+03    |
-----------------------------------------
FruitCounts | {'Fruit': 0, 'DecayFruit': 1, 'EnemyFruit': 0} |
------------------------------------------
| rollout/                |              |
|    ep_len_mean          | 168          |
|    ep_rew_mean          | 303          |
| time/                   |              |
|    fps                  | 153          |
|    iterations           | 479          |
|    time_elapsed         | 6396         |
|    total_timesteps      | 980992       |
| train/                  |              |
|    approx_kl            | 0.0060410397 |
|    clip_fraction        | 0.0519       |
|    clip_range           | 0.2          |
|    entropy_loss         | -0.213       |
|    explained_variance   | 0.31         |
|    learning_rate        | 0.0003       |
|    loss                 | 436          |
|    n_updates            | 4780         |
|    policy_gradient_loss | -0.0037      |
|    value_loss           | 936          |
------------------------------------------
FruitCounts | {'Fruit': 0, 'DecayFruit': 10, 'EnemyFruit': 3} |
-----------------------------------------
| rollout/                |             |
|    ep_len_mean          | 173         |
|    ep_rew_mean          | 317         |
| time/                   |             |
|    fps                  | 153         |
|    iterations           | 480         |
|    time_elapsed         | 6408        |
|    total_timesteps      | 983040      |
| train/                  |             |
|    approx_kl            | 0.007979724 |
|    clip_fraction        | 0.0521      |
|    clip_range           | 0.2         |
|    entropy_loss         | -0.212      |
|    explained_variance   | 0.106       |
|    learning_rate        | 0.0003      |
|    loss                 | 701         |
|    n_updates            | 4790        |
|    policy_gradient_loss | -0.00309    |
|    value_loss           | 1.19e+03    |
-----------------------------------------
FruitCounts | {'Fruit': 0, 'DecayFruit': 15, 'EnemyFruit': 2} |
------------------------------------------
| rollout/                |              |
|    ep_len_mean          | 167          |
|    ep_rew_mean          | 315          |
| time/                   |              |
|    fps                  | 153          |
|    iterations           | 481          |
|    time_elapsed         | 6421         |
|    total_timesteps      | 985088       |
| train/                  |              |
|    approx_kl            | 0.0054924125 |
|    clip_fraction        | 0.0578       |
|    clip_range           | 0.2          |
|    entropy_loss         | -0.217       |
|    explained_variance   | 0.315        |
|    learning_rate        | 0.0003       |
|    loss                 | 251          |
|    n_updates            | 4800         |
|    policy_gradient_loss | -0.000826    |
|    value_loss           | 716          |
------------------------------------------
FruitCounts | {'Fruit': 0, 'DecayFruit': 2, 'EnemyFruit': 0} |
-----------------------------------------
| rollout/                |             |
|    ep_len_mean          | 166         |
|    ep_rew_mean          | 316         |
| time/                   |             |
|    fps                  | 153         |
|    iterations           | 482         |
|    time_elapsed         | 6434        |
|    total_timesteps      | 987136      |
| train/                  |             |
|    approx_kl            | 0.005493858 |
|    clip_fraction        | 0.05        |
|    clip_range           | 0.2         |
|    entropy_loss         | -0.207      |
|    explained_variance   | 0.288       |
|    learning_rate        | 0.0003      |
|    loss                 | 535         |
|    n_updates            | 4810        |
|    policy_gradient_loss | -0.00317    |
|    value_loss           | 1.14e+03    |
-----------------------------------------
FruitCounts | {'Fruit': 0, 'DecayFruit': 1, 'EnemyFruit': 0} |
-----------------------------------------
| rollout/                |             |
|    ep_len_mean          | 174         |
|    ep_rew_mean          | 322         |
| time/                   |             |
|    fps                  | 153         |
|    iterations           | 483         |
|    time_elapsed         | 6445        |
|    total_timesteps      | 989184      |
| train/                  |             |
|    approx_kl            | 0.012634953 |
|    clip_fraction        | 0.0619      |
|    clip_range           | 0.2         |
|    entropy_loss         | -0.202      |
|    explained_variance   | 0.243       |
|    learning_rate        | 0.0003      |
|    loss                 | 549         |
|    n_updates            | 4820        |
|    policy_gradient_loss | -0.00208    |
|    value_loss           | 1.2e+03     |
-----------------------------------------
FruitCounts | {'Fruit': 0, 'DecayFruit': 5, 'EnemyFruit': 1} |
-----------------------------------------
| rollout/                |             |
|    ep_len_mean          | 167         |
|    ep_rew_mean          | 312         |
| time/                   |             |
|    fps                  | 153         |
|    iterations           | 484         |
|    time_elapsed         | 6458        |
|    total_timesteps      | 991232      |
| train/                  |             |
|    approx_kl            | 0.009601418 |
|    clip_fraction        | 0.054       |
|    clip_range           | 0.2         |
|    entropy_loss         | -0.187      |
|    explained_variance   | 0.162       |
|    learning_rate        | 0.0003      |
|    loss                 | 434         |
|    n_updates            | 4830        |
|    policy_gradient_loss | -0.000219   |
|    value_loss           | 924         |
-----------------------------------------
FruitCounts | {'Fruit': 0, 'DecayFruit': 3, 'EnemyFruit': 1} |
------------------------------------------
| rollout/                |              |
|    ep_len_mean          | 166          |
|    ep_rew_mean          | 304          |
| time/                   |              |
|    fps                  | 153          |
|    iterations           | 485          |
|    time_elapsed         | 6470         |
|    total_timesteps      | 993280       |
| train/                  |              |
|    approx_kl            | 0.0090914285 |
|    clip_fraction        | 0.0564       |
|    clip_range           | 0.2          |
|    entropy_loss         | -0.2         |
|    explained_variance   | 0.224        |
|    learning_rate        | 0.0003       |
|    loss                 | 459          |
|    n_updates            | 4840         |
|    policy_gradient_loss | -0.003       |
|    value_loss           | 1.04e+03     |
------------------------------------------
FruitCounts | {'Fruit': 0, 'DecayFruit': 0, 'EnemyFruit': 0} |
------------------------------------------
| rollout/                |              |
|    ep_len_mean          | 166          |
|    ep_rew_mean          | 310          |
| time/                   |              |
|    fps                  | 153          |
|    iterations           | 486          |
|    time_elapsed         | 6482         |
|    total_timesteps      | 995328       |
| train/                  |              |
|    approx_kl            | 0.0077861026 |
|    clip_fraction        | 0.0568       |
|    clip_range           | 0.2          |
|    entropy_loss         | -0.195       |
|    explained_variance   | 0.226        |
|    learning_rate        | 0.0003       |
|    loss                 | 368          |
|    n_updates            | 4850         |
|    policy_gradient_loss | -0.0031      |
|    value_loss           | 948          |
------------------------------------------
FruitCounts | {'Fruit': 0, 'DecayFruit': 3, 'EnemyFruit': 0} |
-----------------------------------------
| rollout/                |             |
|    ep_len_mean          | 172         |
|    ep_rew_mean          | 331         |
| time/                   |             |
|    fps                  | 153         |
|    iterations           | 487         |
|    time_elapsed         | 6494        |
|    total_timesteps      | 997376      |
| train/                  |             |
|    approx_kl            | 0.009077264 |
|    clip_fraction        | 0.0536      |
|    clip_range           | 0.2         |
|    entropy_loss         | -0.212      |
|    explained_variance   | 0.335       |
|    learning_rate        | 0.0003      |
|    loss                 | 471         |
|    n_updates            | 4860        |
|    policy_gradient_loss | -0.00401    |
|    value_loss           | 1.02e+03    |
-----------------------------------------
FruitCounts | {'Fruit': 0, 'DecayFruit': 5, 'EnemyFruit': 3} |
------------------------------------------
| rollout/                |              |
|    ep_len_mean          | 177          |
|    ep_rew_mean          | 352          |
| time/                   |              |
|    fps                  | 153          |
|    iterations           | 488          |
|    time_elapsed         | 6507         |
|    total_timesteps      | 999424       |
| train/                  |              |
|    approx_kl            | 0.0060479245 |
|    clip_fraction        | 0.0596       |
|    clip_range           | 0.2          |
|    entropy_loss         | -0.207       |
|    explained_variance   | 0.227        |
|    learning_rate        | 0.0003       |
|    loss                 | 493          |
|    n_updates            | 4870         |
|    policy_gradient_loss | -0.000221    |
|    value_loss           | 1.18e+03     |
------------------------------------------
FruitCounts | {'Fruit': 0, 'DecayFruit': 6, 'EnemyFruit': 1} |
------------------------------------------
| rollout/                |              |
|    ep_len_mean          | 170          |
|    ep_rew_mean          | 329          |
| time/                   |              |
|    fps                  | 153          |
|    iterations           | 489          |
|    time_elapsed         | 6520         |
|    total_timesteps      | 1001472      |
| train/                  |              |
|    approx_kl            | 0.0057038376 |
|    clip_fraction        | 0.0489       |
|    clip_range           | 0.2          |
|    entropy_loss         | -0.203       |
|    explained_variance   | 0.285        |
|    learning_rate        | 0.0003       |
|    loss                 | 569          |
|    n_updates            | 4880         |
|    policy_gradient_loss | -0.00153     |
|    value_loss           | 1.13e+03     |
------------------------------------------
Average Reward: 164.94
Average Episode Length: 145.2
