/data/class/cs175/sdzhigne/.conda/envs/rl/lib/python3.11/site-packages/pygame/pkgdata.py:25: UserWarning: pkg_resources is deprecated as an API. See https://setuptools.pypa.io/en/latest/pkg_resources.html. The pkg_resources package is slated for removal as early as 2025-11-30. Refrain from using this package or pin to Setuptools<81.
  from pkg_resources import resource_stream, resource_exists
2026-03-09 16:10:41.554883: I tensorflow/core/platform/cpu_feature_guard.cc:210] This TensorFlow binary is optimized to use available CPU instructions in performance-critical operations.
To enable the following instructions: AVX2 AVX512F FMA, in other operations, rebuild TensorFlow with the appropriate compiler flags.
Failed to create secure directory (/run/user/2173138/pulse): No such file or directory
No checkpoints found. Starting fresh training.
Using cuda device
Wrapping the env with a `Monitor` wrapper
Wrapping the env in a DummyVecEnv.
FruitCounts | {'Fruit': 0, 'DecayFruit': 0, 'EnemyFruit': 0} |
---------------------------------
| rollout/           |          |
|    ep_len_mean     | 22.5     |
|    ep_rew_mean     | -7.24    |
| time/              |          |
|    fps             | 64       |
|    iterations      | 1        |
|    time_elapsed    | 31       |
|    total_timesteps | 2048     |
---------------------------------
FruitCounts | {'Fruit': 0, 'DecayFruit': 0, 'EnemyFruit': 0} |
-----------------------------------------
| rollout/                |             |
|    ep_len_mean          | 21.7        |
|    ep_rew_mean          | -10.9       |
| time/                   |             |
|    fps                  | 62          |
|    iterations           | 2           |
|    time_elapsed         | 65          |
|    total_timesteps      | 4096        |
| train/                  |             |
|    approx_kl            | 0.007076218 |
|    clip_fraction        | 0.0206      |
|    clip_range           | 0.2         |
|    entropy_loss         | -1.38       |
|    explained_variance   | -0.00123    |
|    learning_rate        | 0.0003      |
|    loss                 | 147         |
|    n_updates            | 10          |
|    policy_gradient_loss | -0.00422    |
|    value_loss           | 125         |
-----------------------------------------
FruitCounts | {'Fruit': 0, 'DecayFruit': 0, 'EnemyFruit': 0} |
------------------------------------------
| rollout/                |              |
|    ep_len_mean          | 22.4         |
|    ep_rew_mean          | -8.34        |
| time/                   |              |
|    fps                  | 63           |
|    iterations           | 3            |
|    time_elapsed         | 96           |
|    total_timesteps      | 6144         |
| train/                  |              |
|    approx_kl            | 0.0070981234 |
|    clip_fraction        | 0.0256       |
|    clip_range           | 0.2          |
|    entropy_loss         | -1.38        |
|    explained_variance   | -0.0234      |
|    learning_rate        | 0.0003       |
|    loss                 | 34.5         |
|    n_updates            | 20           |
|    policy_gradient_loss | -0.00531     |
|    value_loss           | 50.1         |
------------------------------------------
FruitCounts | {'Fruit': 0, 'DecayFruit': 0, 'EnemyFruit': 0} |
------------------------------------------
| rollout/                |              |
|    ep_len_mean          | 17.8         |
|    ep_rew_mean          | -11.9        |
| time/                   |              |
|    fps                  | 61           |
|    iterations           | 4            |
|    time_elapsed         | 132          |
|    total_timesteps      | 8192         |
| train/                  |              |
|    approx_kl            | 0.0052099847 |
|    clip_fraction        | 0.0119       |
|    clip_range           | 0.2          |
|    entropy_loss         | -1.37        |
|    explained_variance   | 0.0127       |
|    learning_rate        | 0.0003       |
|    loss                 | 139          |
|    n_updates            | 30           |
|    policy_gradient_loss | -0.00454     |
|    value_loss           | 127          |
------------------------------------------
FruitCounts | {'Fruit': 0, 'DecayFruit': 0, 'EnemyFruit': 0} |
-----------------------------------------
| rollout/                |             |
|    ep_len_mean          | 25.3        |
|    ep_rew_mean          | -11.5       |
| time/                   |             |
|    fps                  | 64          |
|    iterations           | 5           |
|    time_elapsed         | 158         |
|    total_timesteps      | 10240       |
| train/                  |             |
|    approx_kl            | 0.008050745 |
|    clip_fraction        | 0.0978      |
|    clip_range           | 0.2         |
|    entropy_loss         | -1.37       |
|    explained_variance   | -0.0214     |
|    learning_rate        | 0.0003      |
|    loss                 | 24.4        |
|    n_updates            | 40          |
|    policy_gradient_loss | -0.0083     |
|    value_loss           | 79.4        |
-----------------------------------------
FruitCounts | {'Fruit': 0, 'DecayFruit': 0, 'EnemyFruit': 0} |
----------------------------------------
| rollout/                |            |
|    ep_len_mean          | 22.9       |
|    ep_rew_mean          | -7.62      |
| time/                   |            |
|    fps                  | 64         |
|    iterations           | 6          |
|    time_elapsed         | 190        |
|    total_timesteps      | 12288      |
| train/                  |            |
|    approx_kl            | 0.00813168 |
|    clip_fraction        | 0.0357     |
|    clip_range           | 0.2        |
|    entropy_loss         | -1.36      |
|    explained_variance   | 0.00443    |
|    learning_rate        | 0.0003     |
|    loss                 | 76.6       |
|    n_updates            | 50         |
|    policy_gradient_loss | -0.00721   |
|    value_loss           | 65.8       |
----------------------------------------
FruitCounts | {'Fruit': 0, 'DecayFruit': 0, 'EnemyFruit': 0} |
-----------------------------------------
| rollout/                |             |
|    ep_len_mean          | 22.1        |
|    ep_rew_mean          | -10.4       |
| time/                   |             |
|    fps                  | 65          |
|    iterations           | 7           |
|    time_elapsed         | 220         |
|    total_timesteps      | 14336       |
| train/                  |             |
|    approx_kl            | 0.009210207 |
|    clip_fraction        | 0.0361      |
|    clip_range           | 0.2         |
|    entropy_loss         | -1.35       |
|    explained_variance   | 0.00273     |
|    learning_rate        | 0.0003      |
|    loss                 | 10          |
|    n_updates            | 60          |
|    policy_gradient_loss | -0.00311    |
|    value_loss           | 124         |
-----------------------------------------
FruitCounts | {'Fruit': 0, 'DecayFruit': 0, 'EnemyFruit': 0} |
-----------------------------------------
| rollout/                |             |
|    ep_len_mean          | 28.1        |
|    ep_rew_mean          | -10.7       |
| time/                   |             |
|    fps                  | 66          |
|    iterations           | 8           |
|    time_elapsed         | 245         |
|    total_timesteps      | 16384       |
| train/                  |             |
|    approx_kl            | 0.008192159 |
|    clip_fraction        | 0.102       |
|    clip_range           | 0.2         |
|    entropy_loss         | -1.33       |
|    explained_variance   | 0.0309      |
|    learning_rate        | 0.0003      |
|    loss                 | 37.3        |
|    n_updates            | 70          |
|    policy_gradient_loss | -0.0105     |
|    value_loss           | 29.9        |
-----------------------------------------
FruitCounts | {'Fruit': 0, 'DecayFruit': 0, 'EnemyFruit': 0} |
-----------------------------------------
| rollout/                |             |
|    ep_len_mean          | 29.8        |
|    ep_rew_mean          | -8.24       |
| time/                   |             |
|    fps                  | 68          |
|    iterations           | 9           |
|    time_elapsed         | 270         |
|    total_timesteps      | 18432       |
| train/                  |             |
|    approx_kl            | 0.011763239 |
|    clip_fraction        | 0.108       |
|    clip_range           | 0.2         |
|    entropy_loss         | -1.31       |
|    explained_variance   | -0.0866     |
|    learning_rate        | 0.0003      |
|    loss                 | 2.33        |
|    n_updates            | 80          |
|    policy_gradient_loss | -0.0107     |
|    value_loss           | 14          |
-----------------------------------------
FruitCounts | {'Fruit': 0, 'DecayFruit': 0, 'EnemyFruit': 0} |
-----------------------------------------
| rollout/                |             |
|    ep_len_mean          | 33.9        |
|    ep_rew_mean          | -7.2        |
| time/                   |             |
|    fps                  | 69          |
|    iterations           | 10          |
|    time_elapsed         | 294         |
|    total_timesteps      | 20480       |
| train/                  |             |
|    approx_kl            | 0.007877025 |
|    clip_fraction        | 0.094       |
|    clip_range           | 0.2         |
|    entropy_loss         | -1.29       |
|    explained_variance   | 0.00593     |
|    learning_rate        | 0.0003      |
|    loss                 | 2.59        |
|    n_updates            | 90          |
|    policy_gradient_loss | -0.00808    |
|    value_loss           | 35          |
-----------------------------------------
FruitCounts | {'Fruit': 0, 'DecayFruit': 0, 'EnemyFruit': 0} |
-----------------------------------------
| rollout/                |             |
|    ep_len_mean          | 28.7        |
|    ep_rew_mean          | -8.36       |
| time/                   |             |
|    fps                  | 70          |
|    iterations           | 11          |
|    time_elapsed         | 321         |
|    total_timesteps      | 22528       |
| train/                  |             |
|    approx_kl            | 0.009790076 |
|    clip_fraction        | 0.0731      |
|    clip_range           | 0.2         |
|    entropy_loss         | -1.29       |
|    explained_variance   | -0.00804    |
|    learning_rate        | 0.0003      |
|    loss                 | 5.84        |
|    n_updates            | 100         |
|    policy_gradient_loss | -0.00682    |
|    value_loss           | 131         |
-----------------------------------------
FruitCounts | {'Fruit': 0, 'DecayFruit': 0, 'EnemyFruit': 0} |
-----------------------------------------
| rollout/                |             |
|    ep_len_mean          | 32.4        |
|    ep_rew_mean          | -9.2        |
| time/                   |             |
|    fps                  | 71          |
|    iterations           | 12          |
|    time_elapsed         | 346         |
|    total_timesteps      | 24576       |
| train/                  |             |
|    approx_kl            | 0.008593332 |
|    clip_fraction        | 0.106       |
|    clip_range           | 0.2         |
|    entropy_loss         | -1.29       |
|    explained_variance   | -0.00776    |
|    learning_rate        | 0.0003      |
|    loss                 | 5.65        |
|    n_updates            | 110         |
|    policy_gradient_loss | -0.00921    |
|    value_loss           | 16.1        |
-----------------------------------------
FruitCounts | {'Fruit': 0, 'DecayFruit': 0, 'EnemyFruit': 1} |
-----------------------------------------
| rollout/                |             |
|    ep_len_mean          | 33.8        |
|    ep_rew_mean          | -10.4       |
| time/                   |             |
|    fps                  | 71          |
|    iterations           | 13          |
|    time_elapsed         | 371         |
|    total_timesteps      | 26624       |
| train/                  |             |
|    approx_kl            | 0.005480539 |
|    clip_fraction        | 0.0317      |
|    clip_range           | 0.2         |
|    entropy_loss         | -1.29       |
|    explained_variance   | -0.0217     |
|    learning_rate        | 0.0003      |
|    loss                 | 6.33        |
|    n_updates            | 120         |
|    policy_gradient_loss | -0.00519    |
|    value_loss           | 59.5        |
-----------------------------------------
FruitCounts | {'Fruit': 0, 'DecayFruit': 0, 'EnemyFruit': 0} |
-----------------------------------------
| rollout/                |             |
|    ep_len_mean          | 38.5        |
|    ep_rew_mean          | -10.3       |
| time/                   |             |
|    fps                  | 72          |
|    iterations           | 14          |
|    time_elapsed         | 393         |
|    total_timesteps      | 28672       |
| train/                  |             |
|    approx_kl            | 0.008492909 |
|    clip_fraction        | 0.103       |
|    clip_range           | 0.2         |
|    entropy_loss         | -1.27       |
|    explained_variance   | -0.0285     |
|    learning_rate        | 0.0003      |
|    loss                 | 2.68        |
|    n_updates            | 130         |
|    policy_gradient_loss | -0.0105     |
|    value_loss           | 14.7        |
-----------------------------------------
FruitCounts | {'Fruit': 0, 'DecayFruit': 1, 'EnemyFruit': 0} |
----------------------------------------
| rollout/                |            |
|    ep_len_mean          | 44.3       |
|    ep_rew_mean          | -8.57      |
| time/                   |            |
|    fps                  | 74         |
|    iterations           | 15         |
|    time_elapsed         | 413        |
|    total_timesteps      | 30720      |
| train/                  |            |
|    approx_kl            | 0.00839976 |
|    clip_fraction        | 0.074      |
|    clip_range           | 0.2        |
|    entropy_loss         | -1.27      |
|    explained_variance   | 0.0233     |
|    learning_rate        | 0.0003     |
|    loss                 | 75.7       |
|    n_updates            | 140        |
|    policy_gradient_loss | -0.00645   |
|    value_loss           | 94.3       |
----------------------------------------
FruitCounts | {'Fruit': 1, 'DecayFruit': 0, 'EnemyFruit': 0} |
-----------------------------------------
| rollout/                |             |
|    ep_len_mean          | 42.5        |
|    ep_rew_mean          | -7.68       |
| time/                   |             |
|    fps                  | 75          |
|    iterations           | 16          |
|    time_elapsed         | 436         |
|    total_timesteps      | 32768       |
| train/                  |             |
|    approx_kl            | 0.010689462 |
|    clip_fraction        | 0.0794      |
|    clip_range           | 0.2         |
|    entropy_loss         | -1.26       |
|    explained_variance   | -0.0481     |
|    learning_rate        | 0.0003      |
|    loss                 | 11.3        |
|    n_updates            | 150         |
|    policy_gradient_loss | -0.00804    |
|    value_loss           | 35.9        |
-----------------------------------------
FruitCounts | {'Fruit': 0, 'DecayFruit': 0, 'EnemyFruit': 0} |
------------------------------------------
| rollout/                |              |
|    ep_len_mean          | 38.5         |
|    ep_rew_mean          | -7.92        |
| time/                   |              |
|    fps                  | 75           |
|    iterations           | 17           |
|    time_elapsed         | 459          |
|    total_timesteps      | 34816        |
| train/                  |              |
|    approx_kl            | 0.0076545943 |
|    clip_fraction        | 0.0294       |
|    clip_range           | 0.2          |
|    entropy_loss         | -1.25        |
|    explained_variance   | -0.0484      |
|    learning_rate        | 0.0003       |
|    loss                 | 42.9         |
|    n_updates            | 160          |
|    policy_gradient_loss | -0.00347     |
|    value_loss           | 91.8         |
------------------------------------------
FruitCounts | {'Fruit': 0, 'DecayFruit': 1, 'EnemyFruit': 0} |
-----------------------------------------
| rollout/                |             |
|    ep_len_mean          | 43.1        |
|    ep_rew_mean          | -8.31       |
| time/                   |             |
|    fps                  | 76          |
|    iterations           | 18          |
|    time_elapsed         | 479         |
|    total_timesteps      | 36864       |
| train/                  |             |
|    approx_kl            | 0.012391917 |
|    clip_fraction        | 0.156       |
|    clip_range           | 0.2         |
|    entropy_loss         | -1.22       |
|    explained_variance   | 0.0346      |
|    learning_rate        | 0.0003      |
|    loss                 | 4.44        |
|    n_updates            | 170         |
|    policy_gradient_loss | -0.0113     |
|    value_loss           | 42.9        |
-----------------------------------------
FruitCounts | {'Fruit': 0, 'DecayFruit': 0, 'EnemyFruit': 1} |
------------------------------------------
| rollout/                |              |
|    ep_len_mean          | 51.5         |
|    ep_rew_mean          | -6.08        |
| time/                   |              |
|    fps                  | 77           |
|    iterations           | 19           |
|    time_elapsed         | 499          |
|    total_timesteps      | 38912        |
| train/                  |              |
|    approx_kl            | 0.0077038575 |
|    clip_fraction        | 0.055        |
|    clip_range           | 0.2          |
|    entropy_loss         | -1.21        |
|    explained_variance   | -0.0282      |
|    learning_rate        | 0.0003       |
|    loss                 | 9.75         |
|    n_updates            | 180          |
|    policy_gradient_loss | -0.00553     |
|    value_loss           | 90.1         |
------------------------------------------
FruitCounts | {'Fruit': 0, 'DecayFruit': 0, 'EnemyFruit': 0} |
------------------------------------------
| rollout/                |              |
|    ep_len_mean          | 49.6         |
|    ep_rew_mean          | -5.32        |
| time/                   |              |
|    fps                  | 78           |
|    iterations           | 20           |
|    time_elapsed         | 520          |
|    total_timesteps      | 40960        |
| train/                  |              |
|    approx_kl            | 0.0077513917 |
|    clip_fraction        | 0.0507       |
|    clip_range           | 0.2          |
|    entropy_loss         | -1.21        |
|    explained_variance   | -0.00765     |
|    learning_rate        | 0.0003       |
|    loss                 | 34.7         |
|    n_updates            | 190          |
|    policy_gradient_loss | -0.00534     |
|    value_loss           | 93.8         |
------------------------------------------
FruitCounts | {'Fruit': 0, 'DecayFruit': 0, 'EnemyFruit': 0} |
------------------------------------------
| rollout/                |              |
|    ep_len_mean          | 44.6         |
|    ep_rew_mean          | -6.26        |
| time/                   |              |
|    fps                  | 78           |
|    iterations           | 21           |
|    time_elapsed         | 544          |
|    total_timesteps      | 43008        |
| train/                  |              |
|    approx_kl            | 0.0072087143 |
|    clip_fraction        | 0.0566       |
|    clip_range           | 0.2          |
|    entropy_loss         | -1.2         |
|    explained_variance   | -0.0141      |
|    learning_rate        | 0.0003       |
|    loss                 | 3.82         |
|    n_updates            | 200          |
|    policy_gradient_loss | -0.00557     |
|    value_loss           | 63.7         |
------------------------------------------
FruitCounts | {'Fruit': 0, 'DecayFruit': 0, 'EnemyFruit': 1} |
-----------------------------------------
| rollout/                |             |
|    ep_len_mean          | 40.8        |
|    ep_rew_mean          | -6.09       |
| time/                   |             |
|    fps                  | 79          |
|    iterations           | 22          |
|    time_elapsed         | 565         |
|    total_timesteps      | 45056       |
| train/                  |             |
|    approx_kl            | 0.010408014 |
|    clip_fraction        | 0.0956      |
|    clip_range           | 0.2         |
|    entropy_loss         | -1.18       |
|    explained_variance   | 0.0143      |
|    learning_rate        | 0.0003      |
|    loss                 | 10.9        |
|    n_updates            | 210         |
|    policy_gradient_loss | -0.00571    |
|    value_loss           | 59.5        |
-----------------------------------------
FruitCounts | {'Fruit': 0, 'DecayFruit': 0, 'EnemyFruit': 0} |
------------------------------------------
| rollout/                |              |
|    ep_len_mean          | 40.8         |
|    ep_rew_mean          | -9.22        |
| time/                   |              |
|    fps                  | 79           |
|    iterations           | 23           |
|    time_elapsed         | 590          |
|    total_timesteps      | 47104        |
| train/                  |              |
|    approx_kl            | 0.0062633017 |
|    clip_fraction        | 0.0809       |
|    clip_range           | 0.2          |
|    entropy_loss         | -1.15        |
|    explained_variance   | 0.00553      |
|    learning_rate        | 0.0003       |
|    loss                 | 15           |
|    n_updates            | 220          |
|    policy_gradient_loss | -0.00644     |
|    value_loss           | 73.3         |
------------------------------------------
FruitCounts | {'Fruit': 0, 'DecayFruit': 0, 'EnemyFruit': 0} |
-----------------------------------------
| rollout/                |             |
|    ep_len_mean          | 41.5        |
|    ep_rew_mean          | -8.79       |
| time/                   |             |
|    fps                  | 80          |
|    iterations           | 24          |
|    time_elapsed         | 611         |
|    total_timesteps      | 49152       |
| train/                  |             |
|    approx_kl            | 0.012031974 |
|    clip_fraction        | 0.138       |
|    clip_range           | 0.2         |
|    entropy_loss         | -1.15       |
|    explained_variance   | -0.011      |
|    learning_rate        | 0.0003      |
|    loss                 | 8.07        |
|    n_updates            | 230         |
|    policy_gradient_loss | -0.011      |
|    value_loss           | 8.75        |
-----------------------------------------
FruitCounts | {'Fruit': 0, 'DecayFruit': 0, 'EnemyFruit': 0} |
------------------------------------------
| rollout/                |              |
|    ep_len_mean          | 48.9         |
|    ep_rew_mean          | -7.91        |
| time/                   |              |
|    fps                  | 81           |
|    iterations           | 25           |
|    time_elapsed         | 630          |
|    total_timesteps      | 51200        |
| train/                  |              |
|    approx_kl            | 0.0063502127 |
|    clip_fraction        | 0.059        |
|    clip_range           | 0.2          |
|    entropy_loss         | -1.15        |
|    explained_variance   | -0.00373     |
|    learning_rate        | 0.0003       |
|    loss                 | 84.8         |
|    n_updates            | 240          |
|    policy_gradient_loss | -0.00799     |
|    value_loss           | 97.6         |
------------------------------------------
FruitCounts | {'Fruit': 0, 'DecayFruit': 0, 'EnemyFruit': 0} |
-----------------------------------------
| rollout/                |             |
|    ep_len_mean          | 50.4        |
|    ep_rew_mean          | -8.42       |
| time/                   |             |
|    fps                  | 81          |
|    iterations           | 26          |
|    time_elapsed         | 652         |
|    total_timesteps      | 53248       |
| train/                  |             |
|    approx_kl            | 0.009257939 |
|    clip_fraction        | 0.0616      |
|    clip_range           | 0.2         |
|    entropy_loss         | -1.15       |
|    explained_variance   | 0.0242      |
|    learning_rate        | 0.0003      |
|    loss                 | 22          |
|    n_updates            | 250         |
|    policy_gradient_loss | -0.0059     |
|    value_loss           | 89.5        |
-----------------------------------------
FruitCounts | {'Fruit': 0, 'DecayFruit': 0, 'EnemyFruit': 0} |
-----------------------------------------
| rollout/                |             |
|    ep_len_mean          | 50.9        |
|    ep_rew_mean          | -6.02       |
| time/                   |             |
|    fps                  | 82          |
|    iterations           | 27          |
|    time_elapsed         | 671         |
|    total_timesteps      | 55296       |
| train/                  |             |
|    approx_kl            | 0.010041373 |
|    clip_fraction        | 0.118       |
|    clip_range           | 0.2         |
|    entropy_loss         | -1.12       |
|    explained_variance   | 0.00914     |
|    learning_rate        | 0.0003      |
|    loss                 | 10.3        |
|    n_updates            | 260         |
|    policy_gradient_loss | -0.00863    |
|    value_loss           | 23          |
-----------------------------------------
FruitCounts | {'Fruit': 0, 'DecayFruit': 0, 'EnemyFruit': 0} |
-----------------------------------------
| rollout/                |             |
|    ep_len_mean          | 58.4        |
|    ep_rew_mean          | -6.78       |
| time/                   |             |
|    fps                  | 83          |
|    iterations           | 28          |
|    time_elapsed         | 689         |
|    total_timesteps      | 57344       |
| train/                  |             |
|    approx_kl            | 0.010922048 |
|    clip_fraction        | 0.0753      |
|    clip_range           | 0.2         |
|    entropy_loss         | -1.11       |
|    explained_variance   | 0.0298      |
|    learning_rate        | 0.0003      |
|    loss                 | 26.9        |
|    n_updates            | 270         |
|    policy_gradient_loss | -0.00719    |
|    value_loss           | 49          |
-----------------------------------------
FruitCounts | {'Fruit': 0, 'DecayFruit': 0, 'EnemyFruit': 0} |
------------------------------------------
| rollout/                |              |
|    ep_len_mean          | 72           |
|    ep_rew_mean          | -7           |
| time/                   |              |
|    fps                  | 84           |
|    iterations           | 29           |
|    time_elapsed         | 703          |
|    total_timesteps      | 59392        |
| train/                  |              |
|    approx_kl            | 0.0053118067 |
|    clip_fraction        | 0.0306       |
|    clip_range           | 0.2          |
|    entropy_loss         | -1.08        |
|    explained_variance   | 0.024        |
|    learning_rate        | 0.0003       |
|    loss                 | 68.7         |
|    n_updates            | 280          |
|    policy_gradient_loss | -0.00373     |
|    value_loss           | 93.2         |
------------------------------------------
FruitCounts | {'Fruit': 0, 'DecayFruit': 0, 'EnemyFruit': 0} |
-----------------------------------------
| rollout/                |             |
|    ep_len_mean          | 77.6        |
|    ep_rew_mean          | -7.36       |
| time/                   |             |
|    fps                  | 85          |
|    iterations           | 30          |
|    time_elapsed         | 720         |
|    total_timesteps      | 61440       |
| train/                  |             |
|    approx_kl            | 0.011248611 |
|    clip_fraction        | 0.121       |
|    clip_range           | 0.2         |
|    entropy_loss         | -1.07       |
|    explained_variance   | -0.0594     |
|    learning_rate        | 0.0003      |
|    loss                 | 6.28        |
|    n_updates            | 290         |
|    policy_gradient_loss | -0.00638    |
|    value_loss           | 35          |
-----------------------------------------
FruitCounts | {'Fruit': 1, 'DecayFruit': 0, 'EnemyFruit': 1} |
------------------------------------------
| rollout/                |              |
|    ep_len_mean          | 84.4         |
|    ep_rew_mean          | -8.56        |
| time/                   |              |
|    fps                  | 86           |
|    iterations           | 31           |
|    time_elapsed         | 736          |
|    total_timesteps      | 63488        |
| train/                  |              |
|    approx_kl            | 0.0065359045 |
|    clip_fraction        | 0.0704       |
|    clip_range           | 0.2          |
|    entropy_loss         | -1.06        |
|    explained_variance   | 0.00542      |
|    learning_rate        | 0.0003       |
|    loss                 | 5.68         |
|    n_updates            | 300          |
|    policy_gradient_loss | -0.00335     |
|    value_loss           | 24.2         |
------------------------------------------
FruitCounts | {'Fruit': 1, 'DecayFruit': 0, 'EnemyFruit': 0} |
-----------------------------------------
| rollout/                |             |
|    ep_len_mean          | 85.9        |
|    ep_rew_mean          | -9.68       |
| time/                   |             |
|    fps                  | 87          |
|    iterations           | 32          |
|    time_elapsed         | 753         |
|    total_timesteps      | 65536       |
| train/                  |             |
|    approx_kl            | 0.007648992 |
|    clip_fraction        | 0.085       |
|    clip_range           | 0.2         |
|    entropy_loss         | -1.04       |
|    explained_variance   | 0.000404    |
|    learning_rate        | 0.0003      |
|    loss                 | 6.26        |
|    n_updates            | 310         |
|    policy_gradient_loss | -0.00577    |
|    value_loss           | 51.5        |
-----------------------------------------
FruitCounts | {'Fruit': 0, 'DecayFruit': 0, 'EnemyFruit': 0} |
-----------------------------------------
| rollout/                |             |
|    ep_len_mean          | 88.5        |
|    ep_rew_mean          | -9.24       |
| time/                   |             |
|    fps                  | 87          |
|    iterations           | 33          |
|    time_elapsed         | 769         |
|    total_timesteps      | 67584       |
| train/                  |             |
|    approx_kl            | 0.010792657 |
|    clip_fraction        | 0.0965      |
|    clip_range           | 0.2         |
|    entropy_loss         | -0.996      |
|    explained_variance   | 0.0672      |
|    learning_rate        | 0.0003      |
|    loss                 | 14.5        |
|    n_updates            | 320         |
|    policy_gradient_loss | -0.0102     |
|    value_loss           | 31.6        |
-----------------------------------------
FruitCounts | {'Fruit': 0, 'DecayFruit': 0, 'EnemyFruit': 1} |
-----------------------------------------
| rollout/                |             |
|    ep_len_mean          | 91.5        |
|    ep_rew_mean          | -9.75       |
| time/                   |             |
|    fps                  | 88          |
|    iterations           | 34          |
|    time_elapsed         | 783         |
|    total_timesteps      | 69632       |
| train/                  |             |
|    approx_kl            | 0.008441892 |
|    clip_fraction        | 0.0925      |
|    clip_range           | 0.2         |
|    entropy_loss         | -0.998      |
|    explained_variance   | 0.13        |
|    learning_rate        | 0.0003      |
|    loss                 | 1.13        |
|    n_updates            | 330         |
|    policy_gradient_loss | -0.00785    |
|    value_loss           | 12.7        |
-----------------------------------------
FruitCounts | {'Fruit': 0, 'DecayFruit': 0, 'EnemyFruit': 0} |
------------------------------------------
| rollout/                |              |
|    ep_len_mean          | 96.8         |
|    ep_rew_mean          | -8.62        |
| time/                   |              |
|    fps                  | 89           |
|    iterations           | 35           |
|    time_elapsed         | 799          |
|    total_timesteps      | 71680        |
| train/                  |              |
|    approx_kl            | 0.0099968705 |
|    clip_fraction        | 0.0666       |
|    clip_range           | 0.2          |
|    entropy_loss         | -1.01        |
|    explained_variance   | 0.1          |
|    learning_rate        | 0.0003       |
|    loss                 | 5.76         |
|    n_updates            | 340          |
|    policy_gradient_loss | -0.00563     |
|    value_loss           | 24.3         |
------------------------------------------
FruitCounts | {'Fruit': 0, 'DecayFruit': 1, 'EnemyFruit': 1} |
-----------------------------------------
| rollout/                |             |
|    ep_len_mean          | 104         |
|    ep_rew_mean          | -8.52       |
| time/                   |             |
|    fps                  | 90          |
|    iterations           | 36          |
|    time_elapsed         | 813         |
|    total_timesteps      | 73728       |
| train/                  |             |
|    approx_kl            | 0.007133951 |
|    clip_fraction        | 0.0722      |
|    clip_range           | 0.2         |
|    entropy_loss         | -0.987      |
|    explained_variance   | -0.08       |
|    learning_rate        | 0.0003      |
|    loss                 | 8.02        |
|    n_updates            | 350         |
|    policy_gradient_loss | -0.00735    |
|    value_loss           | 42.8        |
-----------------------------------------
FruitCounts | {'Fruit': 0, 'DecayFruit': 0, 'EnemyFruit': 0} |
------------------------------------------
| rollout/                |              |
|    ep_len_mean          | 110          |
|    ep_rew_mean          | -6.52        |
| time/                   |              |
|    fps                  | 91           |
|    iterations           | 37           |
|    time_elapsed         | 827          |
|    total_timesteps      | 75776        |
| train/                  |              |
|    approx_kl            | 0.0056712027 |
|    clip_fraction        | 0.0752       |
|    clip_range           | 0.2          |
|    entropy_loss         | -0.969       |
|    explained_variance   | 0.0912       |
|    learning_rate        | 0.0003       |
|    loss                 | 18.5         |
|    n_updates            | 360          |
|    policy_gradient_loss | -0.00675     |
|    value_loss           | 53.6         |
------------------------------------------
FruitCounts | {'Fruit': 0, 'DecayFruit': 0, 'EnemyFruit': 0} |
------------------------------------------
| rollout/                |              |
|    ep_len_mean          | 118          |
|    ep_rew_mean          | -5.37        |
| time/                   |              |
|    fps                  | 92           |
|    iterations           | 38           |
|    time_elapsed         | 840          |
|    total_timesteps      | 77824        |
| train/                  |              |
|    approx_kl            | 0.0076218685 |
|    clip_fraction        | 0.0747       |
|    clip_range           | 0.2          |
|    entropy_loss         | -0.952       |
|    explained_variance   | 0.0666       |
|    learning_rate        | 0.0003       |
|    loss                 | 46           |
|    n_updates            | 370          |
|    policy_gradient_loss | -0.00491     |
|    value_loss           | 50.9         |
------------------------------------------
FruitCounts | {'Fruit': 1, 'DecayFruit': 0, 'EnemyFruit': 2} |
------------------------------------------
| rollout/                |              |
|    ep_len_mean          | 124          |
|    ep_rew_mean          | -4.95        |
| time/                   |              |
|    fps                  | 93           |
|    iterations           | 39           |
|    time_elapsed         | 855          |
|    total_timesteps      | 79872        |
| train/                  |              |
|    approx_kl            | 0.0040242835 |
|    clip_fraction        | 0.0265       |
|    clip_range           | 0.2          |
|    entropy_loss         | -0.947       |
|    explained_variance   | 0.0201       |
|    learning_rate        | 0.0003       |
|    loss                 | 30.1         |
|    n_updates            | 380          |
|    policy_gradient_loss | -0.00329     |
|    value_loss           | 89.4         |
------------------------------------------
FruitCounts | {'Fruit': 0, 'DecayFruit': 0, 'EnemyFruit': 0} |
-----------------------------------------
| rollout/                |             |
|    ep_len_mean          | 133         |
|    ep_rew_mean          | -4.53       |
| time/                   |             |
|    fps                  | 94          |
|    iterations           | 40          |
|    time_elapsed         | 868         |
|    total_timesteps      | 81920       |
| train/                  |             |
|    approx_kl            | 0.009444463 |
|    clip_fraction        | 0.0818      |
|    clip_range           | 0.2         |
|    entropy_loss         | -0.947      |
|    explained_variance   | 0.0252      |
|    learning_rate        | 0.0003      |
|    loss                 | 38.3        |
|    n_updates            | 390         |
|    policy_gradient_loss | -0.00519    |
|    value_loss           | 55.7        |
-----------------------------------------
FruitCounts | {'Fruit': 0, 'DecayFruit': 1, 'EnemyFruit': 1} |
-----------------------------------------
| rollout/                |             |
|    ep_len_mean          | 125         |
|    ep_rew_mean          | -0.865      |
| time/                   |             |
|    fps                  | 94          |
|    iterations           | 41          |
|    time_elapsed         | 884         |
|    total_timesteps      | 83968       |
| train/                  |             |
|    approx_kl            | 0.010941232 |
|    clip_fraction        | 0.112       |
|    clip_range           | 0.2         |
|    entropy_loss         | -0.98       |
|    explained_variance   | 0.0445      |
|    learning_rate        | 0.0003      |
|    loss                 | 27.7        |
|    n_updates            | 400         |
|    policy_gradient_loss | -0.00778    |
|    value_loss           | 41.6        |
-----------------------------------------
FruitCounts | {'Fruit': 0, 'DecayFruit': 0, 'EnemyFruit': 0} |
------------------------------------------
| rollout/                |              |
|    ep_len_mean          | 129          |
|    ep_rew_mean          | -1.63        |
| time/                   |              |
|    fps                  | 95           |
|    iterations           | 42           |
|    time_elapsed         | 897          |
|    total_timesteps      | 86016        |
| train/                  |              |
|    approx_kl            | 0.0060263383 |
|    clip_fraction        | 0.0764       |
|    clip_range           | 0.2          |
|    entropy_loss         | -0.95        |
|    explained_variance   | 0.018        |
|    learning_rate        | 0.0003       |
|    loss                 | 73.9         |
|    n_updates            | 410          |
|    policy_gradient_loss | -0.00395     |
|    value_loss           | 66           |
------------------------------------------
FruitCounts | {'Fruit': 2, 'DecayFruit': 0, 'EnemyFruit': 0} |
----------------------------------------
| rollout/                |            |
|    ep_len_mean          | 126        |
|    ep_rew_mean          | -2.57      |
| time/                   |            |
|    fps                  | 96         |
|    iterations           | 43         |
|    time_elapsed         | 912        |
|    total_timesteps      | 88064      |
| train/                  |            |
|    approx_kl            | 0.00947991 |
|    clip_fraction        | 0.123      |
|    clip_range           | 0.2        |
|    entropy_loss         | -0.949     |
|    explained_variance   | 0.0351     |
|    learning_rate        | 0.0003     |
|    loss                 | 10.3       |
|    n_updates            | 420        |
|    policy_gradient_loss | -0.00811   |
|    value_loss           | 37.1       |
----------------------------------------
FruitCounts | {'Fruit': 0, 'DecayFruit': 0, 'EnemyFruit': 0} |
-----------------------------------------
| rollout/                |             |
|    ep_len_mean          | 119         |
|    ep_rew_mean          | -1.97       |
| time/                   |             |
|    fps                  | 97          |
|    iterations           | 44          |
|    time_elapsed         | 928         |
|    total_timesteps      | 90112       |
| train/                  |             |
|    approx_kl            | 0.010420453 |
|    clip_fraction        | 0.0896      |
|    clip_range           | 0.2         |
|    entropy_loss         | -0.92       |
|    explained_variance   | 0.165       |
|    learning_rate        | 0.0003      |
|    loss                 | 14.5        |
|    n_updates            | 430         |
|    policy_gradient_loss | -0.00695    |
|    value_loss           | 22.2        |
-----------------------------------------
FruitCounts | {'Fruit': 0, 'DecayFruit': 0, 'EnemyFruit': 0} |
----------------------------------------
| rollout/                |            |
|    ep_len_mean          | 106        |
|    ep_rew_mean          | -2.28      |
| time/                   |            |
|    fps                  | 97         |
|    iterations           | 45         |
|    time_elapsed         | 943        |
|    total_timesteps      | 92160      |
| train/                  |            |
|    approx_kl            | 0.00765031 |
|    clip_fraction        | 0.0721     |
|    clip_range           | 0.2        |
|    entropy_loss         | -0.892     |
|    explained_variance   | -0.0251    |
|    learning_rate        | 0.0003     |
|    loss                 | 5.34       |
|    n_updates            | 440        |
|    policy_gradient_loss | -0.0032    |
|    value_loss           | 42.1       |
----------------------------------------
FruitCounts | {'Fruit': 0, 'DecayFruit': 0, 'EnemyFruit': 0} |
-----------------------------------------
| rollout/                |             |
|    ep_len_mean          | 107         |
|    ep_rew_mean          | -0.23       |
| time/                   |             |
|    fps                  | 98          |
|    iterations           | 46          |
|    time_elapsed         | 959         |
|    total_timesteps      | 94208       |
| train/                  |             |
|    approx_kl            | 0.008784358 |
|    clip_fraction        | 0.122       |
|    clip_range           | 0.2         |
|    entropy_loss         | -0.893      |
|    explained_variance   | 0.063       |
|    learning_rate        | 0.0003      |
|    loss                 | 22.8        |
|    n_updates            | 450         |
|    policy_gradient_loss | -0.0067     |
|    value_loss           | 52.6        |
-----------------------------------------
FruitCounts | {'Fruit': 0, 'DecayFruit': 0, 'EnemyFruit': 1} |
------------------------------------------
| rollout/                |              |
|    ep_len_mean          | 102          |
|    ep_rew_mean          | 2.18         |
| time/                   |              |
|    fps                  | 98           |
|    iterations           | 47           |
|    time_elapsed         | 975          |
|    total_timesteps      | 96256        |
| train/                  |              |
|    approx_kl            | 0.0070069702 |
|    clip_fraction        | 0.0729       |
|    clip_range           | 0.2          |
|    entropy_loss         | -0.872       |
|    explained_variance   | 0.0194       |
|    learning_rate        | 0.0003       |
|    loss                 | 26.2         |
|    n_updates            | 460          |
|    policy_gradient_loss | -0.00718     |
|    value_loss           | 116          |
------------------------------------------
FruitCounts | {'Fruit': 2, 'DecayFruit': 0, 'EnemyFruit': 2} |
-----------------------------------------
| rollout/                |             |
|    ep_len_mean          | 106         |
|    ep_rew_mean          | 3.63        |
| time/                   |             |
|    fps                  | 99          |
|    iterations           | 48          |
|    time_elapsed         | 988         |
|    total_timesteps      | 98304       |
| train/                  |             |
|    approx_kl            | 0.006751381 |
|    clip_fraction        | 0.0607      |
|    clip_range           | 0.2         |
|    entropy_loss         | -0.863      |
|    explained_variance   | 0.0639      |
|    learning_rate        | 0.0003      |
|    loss                 | 78.7        |
|    n_updates            | 470         |
|    policy_gradient_loss | -0.00748    |
|    value_loss           | 173         |
-----------------------------------------
FruitCounts | {'Fruit': 0, 'DecayFruit': 0, 'EnemyFruit': 0} |
------------------------------------------
| rollout/                |              |
|    ep_len_mean          | 116          |
|    ep_rew_mean          | 1.83         |
| time/                   |              |
|    fps                  | 100          |
|    iterations           | 49           |
|    time_elapsed         | 1002         |
|    total_timesteps      | 100352       |
| train/                  |              |
|    approx_kl            | 0.0093649365 |
|    clip_fraction        | 0.0839       |
|    clip_range           | 0.2          |
|    entropy_loss         | -0.873       |
|    explained_variance   | -0.0264      |
|    learning_rate        | 0.0003       |
|    loss                 | 17.4         |
|    n_updates            | 480          |
|    policy_gradient_loss | -0.00818     |
|    value_loss           | 103          |
------------------------------------------
FruitCounts | {'Fruit': 0, 'DecayFruit': 0, 'EnemyFruit': 0} |
-----------------------------------------
| rollout/                |             |
|    ep_len_mean          | 114         |
|    ep_rew_mean          | 4.92        |
| time/                   |             |
|    fps                  | 100         |
|    iterations           | 50          |
|    time_elapsed         | 1017        |
|    total_timesteps      | 102400      |
| train/                  |             |
|    approx_kl            | 0.011686291 |
|    clip_fraction        | 0.0959      |
|    clip_range           | 0.2         |
|    entropy_loss         | -0.878      |
|    explained_variance   | 0.0817      |
|    learning_rate        | 0.0003      |
|    loss                 | 47.4        |
|    n_updates            | 490         |
|    policy_gradient_loss | -0.00557    |
|    value_loss           | 66.2        |
-----------------------------------------
FruitCounts | {'Fruit': 1, 'DecayFruit': 0, 'EnemyFruit': 0} |
----------------------------------------
| rollout/                |            |
|    ep_len_mean          | 121        |
|    ep_rew_mean          | 6.11       |
| time/                   |            |
|    fps                  | 101        |
|    iterations           | 51         |
|    time_elapsed         | 1030       |
|    total_timesteps      | 104448     |
| train/                  |            |
|    approx_kl            | 0.00881153 |
|    clip_fraction        | 0.0784     |
|    clip_range           | 0.2        |
|    entropy_loss         | -0.857     |
|    explained_variance   | 0.0456     |
|    learning_rate        | 0.0003     |
|    loss                 | 44.8       |
|    n_updates            | 500        |
|    policy_gradient_loss | -0.00534   |
|    value_loss           | 112        |
----------------------------------------
FruitCounts | {'Fruit': 1, 'DecayFruit': 0, 'EnemyFruit': 0} |
-----------------------------------------
| rollout/                |             |
|    ep_len_mean          | 122         |
|    ep_rew_mean          | 3.01        |
| time/                   |             |
|    fps                  | 101         |
|    iterations           | 52          |
|    time_elapsed         | 1045        |
|    total_timesteps      | 106496      |
| train/                  |             |
|    approx_kl            | 0.008049549 |
|    clip_fraction        | 0.0754      |
|    clip_range           | 0.2         |
|    entropy_loss         | -0.834      |
|    explained_variance   | 0.0973      |
|    learning_rate        | 0.0003      |
|    loss                 | 19.8        |
|    n_updates            | 510         |
|    policy_gradient_loss | -0.00365    |
|    value_loss           | 60.9        |
-----------------------------------------
FruitCounts | {'Fruit': 0, 'DecayFruit': 0, 'EnemyFruit': 0} |
-----------------------------------------
| rollout/                |             |
|    ep_len_mean          | 119         |
|    ep_rew_mean          | 0.0892      |
| time/                   |             |
|    fps                  | 102         |
|    iterations           | 53          |
|    time_elapsed         | 1061        |
|    total_timesteps      | 108544      |
| train/                  |             |
|    approx_kl            | 0.012849532 |
|    clip_fraction        | 0.177       |
|    clip_range           | 0.2         |
|    entropy_loss         | -0.822      |
|    explained_variance   | 0.00656     |
|    learning_rate        | 0.0003      |
|    loss                 | 11.6        |
|    n_updates            | 520         |
|    policy_gradient_loss | -0.0128     |
|    value_loss           | 33.7        |
-----------------------------------------
FruitCounts | {'Fruit': 1, 'DecayFruit': 0, 'EnemyFruit': 2} |
-----------------------------------------
| rollout/                |             |
|    ep_len_mean          | 113         |
|    ep_rew_mean          | -1.24       |
| time/                   |             |
|    fps                  | 102         |
|    iterations           | 54          |
|    time_elapsed         | 1075        |
|    total_timesteps      | 110592      |
| train/                  |             |
|    approx_kl            | 0.008861496 |
|    clip_fraction        | 0.084       |
|    clip_range           | 0.2         |
|    entropy_loss         | -0.814      |
|    explained_variance   | 0.0803      |
|    learning_rate        | 0.0003      |
|    loss                 | 41.8        |
|    n_updates            | 530         |
|    policy_gradient_loss | -0.00755    |
|    value_loss           | 84.2        |
-----------------------------------------
FruitCounts | {'Fruit': 0, 'DecayFruit': 2, 'EnemyFruit': 2} |
-----------------------------------------
| rollout/                |             |
|    ep_len_mean          | 110         |
|    ep_rew_mean          | -1.14       |
| time/                   |             |
|    fps                  | 103         |
|    iterations           | 55          |
|    time_elapsed         | 1089        |
|    total_timesteps      | 112640      |
| train/                  |             |
|    approx_kl            | 0.013101207 |
|    clip_fraction        | 0.153       |
|    clip_range           | 0.2         |
|    entropy_loss         | -0.839      |
|    explained_variance   | 0.0615      |
|    learning_rate        | 0.0003      |
|    loss                 | 46.3        |
|    n_updates            | 540         |
|    policy_gradient_loss | -0.0127     |
|    value_loss           | 41.1        |
-----------------------------------------
FruitCounts | {'Fruit': 1, 'DecayFruit': 0, 'EnemyFruit': 0} |
----------------------------------------
| rollout/                |            |
|    ep_len_mean          | 116        |
|    ep_rew_mean          | -1.68      |
| time/                   |            |
|    fps                  | 103        |
|    iterations           | 56         |
|    time_elapsed         | 1103       |
|    total_timesteps      | 114688     |
| train/                  |            |
|    approx_kl            | 0.00749519 |
|    clip_fraction        | 0.0823     |
|    clip_range           | 0.2        |
|    entropy_loss         | -0.808     |
|    explained_variance   | 0.0894     |
|    learning_rate        | 0.0003     |
|    loss                 | 110        |
|    n_updates            | 550        |
|    policy_gradient_loss | -0.00406   |
|    value_loss           | 113        |
----------------------------------------
FruitCounts | {'Fruit': 1, 'DecayFruit': 0, 'EnemyFruit': 1} |
-----------------------------------------
| rollout/                |             |
|    ep_len_mean          | 109         |
|    ep_rew_mean          | -1.41       |
| time/                   |             |
|    fps                  | 104         |
|    iterations           | 57          |
|    time_elapsed         | 1117        |
|    total_timesteps      | 116736      |
| train/                  |             |
|    approx_kl            | 0.009076084 |
|    clip_fraction        | 0.109       |
|    clip_range           | 0.2         |
|    entropy_loss         | -0.797      |
|    explained_variance   | 0.15        |
|    learning_rate        | 0.0003      |
|    loss                 | 11.2        |
|    n_updates            | 560         |
|    policy_gradient_loss | -0.00585    |
|    value_loss           | 36.9        |
-----------------------------------------
FruitCounts | {'Fruit': 0, 'DecayFruit': 0, 'EnemyFruit': 0} |
------------------------------------------
| rollout/                |              |
|    ep_len_mean          | 123          |
|    ep_rew_mean          | -0.778       |
| time/                   |              |
|    fps                  | 105          |
|    iterations           | 58           |
|    time_elapsed         | 1129         |
|    total_timesteps      | 118784       |
| train/                  |              |
|    approx_kl            | 0.0097237155 |
|    clip_fraction        | 0.0896       |
|    clip_range           | 0.2          |
|    entropy_loss         | -0.799       |
|    explained_variance   | -0.0832      |
|    learning_rate        | 0.0003       |
|    loss                 | 64           |
|    n_updates            | 570          |
|    policy_gradient_loss | -0.00436     |
|    value_loss           | 48.8         |
------------------------------------------
FruitCounts | {'Fruit': 0, 'DecayFruit': 0, 'EnemyFruit': 0} |
------------------------------------------
| rollout/                |              |
|    ep_len_mean          | 131          |
|    ep_rew_mean          | 1.41         |
| time/                   |              |
|    fps                  | 105          |
|    iterations           | 59           |
|    time_elapsed         | 1143         |
|    total_timesteps      | 120832       |
| train/                  |              |
|    approx_kl            | 0.0046169246 |
|    clip_fraction        | 0.0488       |
|    clip_range           | 0.2          |
|    entropy_loss         | -0.831       |
|    explained_variance   | 0.053        |
|    learning_rate        | 0.0003       |
|    loss                 | 11.7         |
|    n_updates            | 580          |
|    policy_gradient_loss | -0.00251     |
|    value_loss           | 70.5         |
------------------------------------------
FruitCounts | {'Fruit': 0, 'DecayFruit': 0, 'EnemyFruit': 0} |
-----------------------------------------
| rollout/                |             |
|    ep_len_mean          | 130         |
|    ep_rew_mean          | 4.05        |
| time/                   |             |
|    fps                  | 106         |
|    iterations           | 60          |
|    time_elapsed         | 1157        |
|    total_timesteps      | 122880      |
| train/                  |             |
|    approx_kl            | 0.009556541 |
|    clip_fraction        | 0.0959      |
|    clip_range           | 0.2         |
|    entropy_loss         | -0.782      |
|    explained_variance   | 0.0605      |
|    learning_rate        | 0.0003      |
|    loss                 | 79.1        |
|    n_updates            | 590         |
|    policy_gradient_loss | -0.0056     |
|    value_loss           | 97.9        |
-----------------------------------------
FruitCounts | {'Fruit': 0, 'DecayFruit': 0, 'EnemyFruit': 0} |
-----------------------------------------
| rollout/                |             |
|    ep_len_mean          | 132         |
|    ep_rew_mean          | 1.14        |
| time/                   |             |
|    fps                  | 106         |
|    iterations           | 61          |
|    time_elapsed         | 1171        |
|    total_timesteps      | 124928      |
| train/                  |             |
|    approx_kl            | 0.007414362 |
|    clip_fraction        | 0.0695      |
|    clip_range           | 0.2         |
|    entropy_loss         | -0.821      |
|    explained_variance   | -0.049      |
|    learning_rate        | 0.0003      |
|    loss                 | 78.2        |
|    n_updates            | 600         |
|    policy_gradient_loss | -0.00651    |
|    value_loss           | 128         |
-----------------------------------------
FruitCounts | {'Fruit': 0, 'DecayFruit': 0, 'EnemyFruit': 0} |
-----------------------------------------
| rollout/                |             |
|    ep_len_mean          | 136         |
|    ep_rew_mean          | 0.49        |
| time/                   |             |
|    fps                  | 107         |
|    iterations           | 62          |
|    time_elapsed         | 1185        |
|    total_timesteps      | 126976      |
| train/                  |             |
|    approx_kl            | 0.009882442 |
|    clip_fraction        | 0.0973      |
|    clip_range           | 0.2         |
|    entropy_loss         | -0.818      |
|    explained_variance   | 0.0323      |
|    learning_rate        | 0.0003      |
|    loss                 | 13.3        |
|    n_updates            | 610         |
|    policy_gradient_loss | -0.00606    |
|    value_loss           | 27.7        |
-----------------------------------------
FruitCounts | {'Fruit': 0, 'DecayFruit': 1, 'EnemyFruit': 0} |
-----------------------------------------
| rollout/                |             |
|    ep_len_mean          | 139         |
|    ep_rew_mean          | -1.07       |
| time/                   |             |
|    fps                  | 107         |
|    iterations           | 63          |
|    time_elapsed         | 1198        |
|    total_timesteps      | 129024      |
| train/                  |             |
|    approx_kl            | 0.009877048 |
|    clip_fraction        | 0.0983      |
|    clip_range           | 0.2         |
|    entropy_loss         | -0.818      |
|    explained_variance   | -0.00475    |
|    learning_rate        | 0.0003      |
|    loss                 | 13.5        |
|    n_updates            | 620         |
|    policy_gradient_loss | -0.00836    |
|    value_loss           | 56.1        |
-----------------------------------------
FruitCounts | {'Fruit': 0, 'DecayFruit': 0, 'EnemyFruit': 0} |
-----------------------------------------
| rollout/                |             |
|    ep_len_mean          | 148         |
|    ep_rew_mean          | 0.349       |
| time/                   |             |
|    fps                  | 108         |
|    iterations           | 64          |
|    time_elapsed         | 1212        |
|    total_timesteps      | 131072      |
| train/                  |             |
|    approx_kl            | 0.007333846 |
|    clip_fraction        | 0.0933      |
|    clip_range           | 0.2         |
|    entropy_loss         | -0.789      |
|    explained_variance   | -0.00463    |
|    learning_rate        | 0.0003      |
|    loss                 | 14.3        |
|    n_updates            | 630         |
|    policy_gradient_loss | -0.00547    |
|    value_loss           | 48.8        |
-----------------------------------------
FruitCounts | {'Fruit': 0, 'DecayFruit': 0, 'EnemyFruit': 0} |
-----------------------------------------
| rollout/                |             |
|    ep_len_mean          | 135         |
|    ep_rew_mean          | 3.27        |
| time/                   |             |
|    fps                  | 108         |
|    iterations           | 65          |
|    time_elapsed         | 1226        |
|    total_timesteps      | 133120      |
| train/                  |             |
|    approx_kl            | 0.011761986 |
|    clip_fraction        | 0.136       |
|    clip_range           | 0.2         |
|    entropy_loss         | -0.792      |
|    explained_variance   | -0.0975     |
|    learning_rate        | 0.0003      |
|    loss                 | 7.28        |
|    n_updates            | 640         |
|    policy_gradient_loss | -0.00794    |
|    value_loss           | 34.1        |
-----------------------------------------
FruitCounts | {'Fruit': 1, 'DecayFruit': 0, 'EnemyFruit': 0} |
------------------------------------------
| rollout/                |              |
|    ep_len_mean          | 143          |
|    ep_rew_mean          | 0.979        |
| time/                   |              |
|    fps                  | 109          |
|    iterations           | 66           |
|    time_elapsed         | 1238         |
|    total_timesteps      | 135168       |
| train/                  |              |
|    approx_kl            | 0.0059875958 |
|    clip_fraction        | 0.0675       |
|    clip_range           | 0.2          |
|    entropy_loss         | -0.795       |
|    explained_variance   | -0.0145      |
|    learning_rate        | 0.0003       |
|    loss                 | 22.1         |
|    n_updates            | 650          |
|    policy_gradient_loss | -0.00514     |
|    value_loss           | 116          |
------------------------------------------
FruitCounts | {'Fruit': 0, 'DecayFruit': 1, 'EnemyFruit': 0} |
-----------------------------------------
| rollout/                |             |
|    ep_len_mean          | 155         |
|    ep_rew_mean          | 0.506       |
| time/                   |             |
|    fps                  | 109         |
|    iterations           | 67          |
|    time_elapsed         | 1251        |
|    total_timesteps      | 137216      |
| train/                  |             |
|    approx_kl            | 0.008732125 |
|    clip_fraction        | 0.0734      |
|    clip_range           | 0.2         |
|    entropy_loss         | -0.775      |
|    explained_variance   | 0.124       |
|    learning_rate        | 0.0003      |
|    loss                 | 21.7        |
|    n_updates            | 660         |
|    policy_gradient_loss | -0.00502    |
|    value_loss           | 57.3        |
-----------------------------------------
FruitCounts | {'Fruit': 0, 'DecayFruit': 0, 'EnemyFruit': 2} |
-----------------------------------------
| rollout/                |             |
|    ep_len_mean          | 160         |
|    ep_rew_mean          | 0.921       |
| time/                   |             |
|    fps                  | 110         |
|    iterations           | 68          |
|    time_elapsed         | 1262        |
|    total_timesteps      | 139264      |
| train/                  |             |
|    approx_kl            | 0.009211457 |
|    clip_fraction        | 0.14        |
|    clip_range           | 0.2         |
|    entropy_loss         | -0.774      |
|    explained_variance   | 0.148       |
|    learning_rate        | 0.0003      |
|    loss                 | 10.8        |
|    n_updates            | 670         |
|    policy_gradient_loss | -0.00587    |
|    value_loss           | 44          |
-----------------------------------------
FruitCounts | {'Fruit': 0, 'DecayFruit': 0, 'EnemyFruit': 1} |
------------------------------------------
| rollout/                |              |
|    ep_len_mean          | 166          |
|    ep_rew_mean          | 2.79         |
| time/                   |              |
|    fps                  | 110          |
|    iterations           | 69           |
|    time_elapsed         | 1275         |
|    total_timesteps      | 141312       |
| train/                  |              |
|    approx_kl            | 0.0068710325 |
|    clip_fraction        | 0.0924       |
|    clip_range           | 0.2          |
|    entropy_loss         | -0.761       |
|    explained_variance   | 0.125        |
|    learning_rate        | 0.0003       |
|    loss                 | 8.26         |
|    n_updates            | 680          |
|    policy_gradient_loss | -0.00647     |
|    value_loss           | 62           |
------------------------------------------
FruitCounts | {'Fruit': 4, 'DecayFruit': 2, 'EnemyFruit': 3} |
-----------------------------------------
| rollout/                |             |
|    ep_len_mean          | 163         |
|    ep_rew_mean          | 6.64        |
| time/                   |             |
|    fps                  | 111         |
|    iterations           | 70          |
|    time_elapsed         | 1290        |
|    total_timesteps      | 143360      |
| train/                  |             |
|    approx_kl            | 0.006699884 |
|    clip_fraction        | 0.079       |
|    clip_range           | 0.2         |
|    entropy_loss         | -0.743      |
|    explained_variance   | 0.293       |
|    learning_rate        | 0.0003      |
|    loss                 | 10.6        |
|    n_updates            | 690         |
|    policy_gradient_loss | -0.00198    |
|    value_loss           | 29.1        |
-----------------------------------------
FruitCounts | {'Fruit': 0, 'DecayFruit': 0, 'EnemyFruit': 1} |
-----------------------------------------
| rollout/                |             |
|    ep_len_mean          | 180         |
|    ep_rew_mean          | 8.74        |
| time/                   |             |
|    fps                  | 111         |
|    iterations           | 71          |
|    time_elapsed         | 1301        |
|    total_timesteps      | 145408      |
| train/                  |             |
|    approx_kl            | 0.005002314 |
|    clip_fraction        | 0.0634      |
|    clip_range           | 0.2         |
|    entropy_loss         | -0.752      |
|    explained_variance   | 0.0589      |
|    learning_rate        | 0.0003      |
|    loss                 | 39          |
|    n_updates            | 700         |
|    policy_gradient_loss | -0.00443    |
|    value_loss           | 184         |
-----------------------------------------
FruitCounts | {'Fruit': 1, 'DecayFruit': 0, 'EnemyFruit': 1} |
-----------------------------------------
| rollout/                |             |
|    ep_len_mean          | 184         |
|    ep_rew_mean          | 11.7        |
| time/                   |             |
|    fps                  | 112         |
|    iterations           | 72          |
|    time_elapsed         | 1314        |
|    total_timesteps      | 147456      |
| train/                  |             |
|    approx_kl            | 0.007959144 |
|    clip_fraction        | 0.0894      |
|    clip_range           | 0.2         |
|    entropy_loss         | -0.775      |
|    explained_variance   | 0.0643      |
|    learning_rate        | 0.0003      |
|    loss                 | 14.6        |
|    n_updates            | 710         |
|    policy_gradient_loss | -0.00615    |
|    value_loss           | 55.5        |
-----------------------------------------
FruitCounts | {'Fruit': 1, 'DecayFruit': 0, 'EnemyFruit': 2} |
-----------------------------------------
| rollout/                |             |
|    ep_len_mean          | 182         |
|    ep_rew_mean          | 14.1        |
| time/                   |             |
|    fps                  | 112         |
|    iterations           | 73          |
|    time_elapsed         | 1326        |
|    total_timesteps      | 149504      |
| train/                  |             |
|    approx_kl            | 0.007564906 |
|    clip_fraction        | 0.0746      |
|    clip_range           | 0.2         |
|    entropy_loss         | -0.766      |
|    explained_variance   | 0.0766      |
|    learning_rate        | 0.0003      |
|    loss                 | 93.6        |
|    n_updates            | 720         |
|    policy_gradient_loss | -0.00487    |
|    value_loss           | 95.9        |
-----------------------------------------
FruitCounts | {'Fruit': 1, 'DecayFruit': 0, 'EnemyFruit': 0} |
----------------------------------------
| rollout/                |            |
|    ep_len_mean          | 195        |
|    ep_rew_mean          | 14.4       |
| time/                   |            |
|    fps                  | 113        |
|    iterations           | 74         |
|    time_elapsed         | 1338       |
|    total_timesteps      | 151552     |
| train/                  |            |
|    approx_kl            | 0.00838679 |
|    clip_fraction        | 0.0896     |
|    clip_range           | 0.2        |
|    entropy_loss         | -0.729     |
|    explained_variance   | 0.132      |
|    learning_rate        | 0.0003     |
|    loss                 | 38.5       |
|    n_updates            | 730        |
|    policy_gradient_loss | -0.00334   |
|    value_loss           | 69.7       |
----------------------------------------
FruitCounts | {'Fruit': 0, 'DecayFruit': 0, 'EnemyFruit': 0} |
-----------------------------------------
| rollout/                |             |
|    ep_len_mean          | 203         |
|    ep_rew_mean          | 13.1        |
| time/                   |             |
|    fps                  | 113         |
|    iterations           | 75          |
|    time_elapsed         | 1351        |
|    total_timesteps      | 153600      |
| train/                  |             |
|    approx_kl            | 0.006716137 |
|    clip_fraction        | 0.0977      |
|    clip_range           | 0.2         |
|    entropy_loss         | -0.727      |
|    explained_variance   | 0.0987      |
|    learning_rate        | 0.0003      |
|    loss                 | 62.4        |
|    n_updates            | 740         |
|    policy_gradient_loss | -0.00197    |
|    value_loss           | 77.1        |
-----------------------------------------
FruitCounts | {'Fruit': 0, 'DecayFruit': 0, 'EnemyFruit': 1} |
-----------------------------------------
| rollout/                |             |
|    ep_len_mean          | 187         |
|    ep_rew_mean          | 14          |
| time/                   |             |
|    fps                  | 114         |
|    iterations           | 76          |
|    time_elapsed         | 1365        |
|    total_timesteps      | 155648      |
| train/                  |             |
|    approx_kl            | 0.007053409 |
|    clip_fraction        | 0.0616      |
|    clip_range           | 0.2         |
|    entropy_loss         | -0.742      |
|    explained_variance   | 0.0024      |
|    learning_rate        | 0.0003      |
|    loss                 | 29.7        |
|    n_updates            | 750         |
|    policy_gradient_loss | -0.00499    |
|    value_loss           | 148         |
-----------------------------------------
FruitCounts | {'Fruit': 1, 'DecayFruit': 0, 'EnemyFruit': 0} |
-----------------------------------------
| rollout/                |             |
|    ep_len_mean          | 176         |
|    ep_rew_mean          | 14.8        |
| time/                   |             |
|    fps                  | 114         |
|    iterations           | 77          |
|    time_elapsed         | 1378        |
|    total_timesteps      | 157696      |
| train/                  |             |
|    approx_kl            | 0.008153277 |
|    clip_fraction        | 0.0867      |
|    clip_range           | 0.2         |
|    entropy_loss         | -0.708      |
|    explained_variance   | 0.0454      |
|    learning_rate        | 0.0003      |
|    loss                 | 16          |
|    n_updates            | 760         |
|    policy_gradient_loss | -0.00445    |
|    value_loss           | 36.4        |
-----------------------------------------
FruitCounts | {'Fruit': 0, 'DecayFruit': 0, 'EnemyFruit': 0} |
-----------------------------------------
| rollout/                |             |
|    ep_len_mean          | 179         |
|    ep_rew_mean          | 11.8        |
| time/                   |             |
|    fps                  | 114         |
|    iterations           | 78          |
|    time_elapsed         | 1391        |
|    total_timesteps      | 159744      |
| train/                  |             |
|    approx_kl            | 0.007625707 |
|    clip_fraction        | 0.0716      |
|    clip_range           | 0.2         |
|    entropy_loss         | -0.686      |
|    explained_variance   | 0.0715      |
|    learning_rate        | 0.0003      |
|    loss                 | 31.5        |
|    n_updates            | 770         |
|    policy_gradient_loss | -0.00601    |
|    value_loss           | 91.3        |
-----------------------------------------
FruitCounts | {'Fruit': 1, 'DecayFruit': 1, 'EnemyFruit': 2} |
----------------------------------------
| rollout/                |            |
|    ep_len_mean          | 180        |
|    ep_rew_mean          | 9.97       |
| time/                   |            |
|    fps                  | 115        |
|    iterations           | 79         |
|    time_elapsed         | 1404       |
|    total_timesteps      | 161792     |
| train/                  |            |
|    approx_kl            | 0.00934714 |
|    clip_fraction        | 0.0998     |
|    clip_range           | 0.2        |
|    entropy_loss         | -0.676     |
|    explained_variance   | 0.0942     |
|    learning_rate        | 0.0003     |
|    loss                 | 10.2       |
|    n_updates            | 780        |
|    policy_gradient_loss | -0.00449   |
|    value_loss           | 59.1       |
----------------------------------------
FruitCounts | {'Fruit': 1, 'DecayFruit': 1, 'EnemyFruit': 0} |
-----------------------------------------
| rollout/                |             |
|    ep_len_mean          | 173         |
|    ep_rew_mean          | 9.18        |
| time/                   |             |
|    fps                  | 115         |
|    iterations           | 80          |
|    time_elapsed         | 1418        |
|    total_timesteps      | 163840      |
| train/                  |             |
|    approx_kl            | 0.005143305 |
|    clip_fraction        | 0.0662      |
|    clip_range           | 0.2         |
|    entropy_loss         | -0.676      |
|    explained_variance   | 0.0187      |
|    learning_rate        | 0.0003      |
|    loss                 | 61.2        |
|    n_updates            | 790         |
|    policy_gradient_loss | -0.00342    |
|    value_loss           | 78.3        |
-----------------------------------------
FruitCounts | {'Fruit': 0, 'DecayFruit': 0, 'EnemyFruit': 1} |
-----------------------------------------
| rollout/                |             |
|    ep_len_mean          | 171         |
|    ep_rew_mean          | 8.36        |
| time/                   |             |
|    fps                  | 115         |
|    iterations           | 81          |
|    time_elapsed         | 1431        |
|    total_timesteps      | 165888      |
| train/                  |             |
|    approx_kl            | 0.006160006 |
|    clip_fraction        | 0.0573      |
|    clip_range           | 0.2         |
|    entropy_loss         | -0.669      |
|    explained_variance   | 0.0277      |
|    learning_rate        | 0.0003      |
|    loss                 | 93.3        |
|    n_updates            | 800         |
|    policy_gradient_loss | -0.00443    |
|    value_loss           | 146         |
-----------------------------------------
FruitCounts | {'Fruit': 0, 'DecayFruit': 0, 'EnemyFruit': 0} |
-----------------------------------------
| rollout/                |             |
|    ep_len_mean          | 151         |
|    ep_rew_mean          | 8.43        |
| time/                   |             |
|    fps                  | 116         |
|    iterations           | 82          |
|    time_elapsed         | 1446        |
|    total_timesteps      | 167936      |
| train/                  |             |
|    approx_kl            | 0.005764829 |
|    clip_fraction        | 0.0757      |
|    clip_range           | 0.2         |
|    entropy_loss         | -0.668      |
|    explained_variance   | 0.209       |
|    learning_rate        | 0.0003      |
|    loss                 | 13.7        |
|    n_updates            | 810         |
|    policy_gradient_loss | -0.00345    |
|    value_loss           | 47.8        |
-----------------------------------------
FruitCounts | {'Fruit': 0, 'DecayFruit': 1, 'EnemyFruit': 1} |
-----------------------------------------
| rollout/                |             |
|    ep_len_mean          | 150         |
|    ep_rew_mean          | 7.36        |
| time/                   |             |
|    fps                  | 116         |
|    iterations           | 83          |
|    time_elapsed         | 1458        |
|    total_timesteps      | 169984      |
| train/                  |             |
|    approx_kl            | 0.007394214 |
|    clip_fraction        | 0.0683      |
|    clip_range           | 0.2         |
|    entropy_loss         | -0.652      |
|    explained_variance   | -0.00246    |
|    learning_rate        | 0.0003      |
|    loss                 | 17.1        |
|    n_updates            | 820         |
|    policy_gradient_loss | -0.00343    |
|    value_loss           | 143         |
-----------------------------------------
FruitCounts | {'Fruit': 0, 'DecayFruit': 0, 'EnemyFruit': 1} |
-----------------------------------------
| rollout/                |             |
|    ep_len_mean          | 150         |
|    ep_rew_mean          | 8.49        |
| time/                   |             |
|    fps                  | 116         |
|    iterations           | 84          |
|    time_elapsed         | 1471        |
|    total_timesteps      | 172032      |
| train/                  |             |
|    approx_kl            | 0.011290835 |
|    clip_fraction        | 0.0965      |
|    clip_range           | 0.2         |
|    entropy_loss         | -0.656      |
|    explained_variance   | 0.0213      |
|    learning_rate        | 0.0003      |
|    loss                 | 42.3        |
|    n_updates            | 830         |
|    policy_gradient_loss | -0.00254    |
|    value_loss           | 58.2        |
-----------------------------------------
FruitCounts | {'Fruit': 1, 'DecayFruit': 0, 'EnemyFruit': 0} |
-----------------------------------------
| rollout/                |             |
|    ep_len_mean          | 165         |
|    ep_rew_mean          | 6.35        |
| time/                   |             |
|    fps                  | 117         |
|    iterations           | 85          |
|    time_elapsed         | 1483        |
|    total_timesteps      | 174080      |
| train/                  |             |
|    approx_kl            | 0.008451375 |
|    clip_fraction        | 0.0837      |
|    clip_range           | 0.2         |
|    entropy_loss         | -0.669      |
|    explained_variance   | 0.221       |
|    learning_rate        | 0.0003      |
|    loss                 | 18.7        |
|    n_updates            | 840         |
|    policy_gradient_loss | -0.0046     |
|    value_loss           | 48.3        |
-----------------------------------------
FruitCounts | {'Fruit': 1, 'DecayFruit': 0, 'EnemyFruit': 2} |
------------------------------------------
| rollout/                |              |
|    ep_len_mean          | 162          |
|    ep_rew_mean          | 9.36         |
| time/                   |              |
|    fps                  | 117          |
|    iterations           | 86           |
|    time_elapsed         | 1496         |
|    total_timesteps      | 176128       |
| train/                  |              |
|    approx_kl            | 0.0063348617 |
|    clip_fraction        | 0.0965       |
|    clip_range           | 0.2          |
|    entropy_loss         | -0.664       |
|    explained_variance   | 0.259        |
|    learning_rate        | 0.0003       |
|    loss                 | 7.74         |
|    n_updates            | 850          |
|    policy_gradient_loss | -0.00187     |
|    value_loss           | 26.7         |
------------------------------------------
FruitCounts | {'Fruit': 1, 'DecayFruit': 0, 'EnemyFruit': 1} |
-----------------------------------------
| rollout/                |             |
|    ep_len_mean          | 165         |
|    ep_rew_mean          | 11.7        |
| time/                   |             |
|    fps                  | 117         |
|    iterations           | 87          |
|    time_elapsed         | 1510        |
|    total_timesteps      | 178176      |
| train/                  |             |
|    approx_kl            | 0.004994455 |
|    clip_fraction        | 0.0503      |
|    clip_range           | 0.2         |
|    entropy_loss         | -0.687      |
|    explained_variance   | 0.0529      |
|    learning_rate        | 0.0003      |
|    loss                 | 59.8        |
|    n_updates            | 860         |
|    policy_gradient_loss | -0.00368    |
|    value_loss           | 145         |
-----------------------------------------
FruitCounts | {'Fruit': 3, 'DecayFruit': 0, 'EnemyFruit': 0} |
------------------------------------------
| rollout/                |              |
|    ep_len_mean          | 163          |
|    ep_rew_mean          | 14.2         |
| time/                   |              |
|    fps                  | 118          |
|    iterations           | 88           |
|    time_elapsed         | 1522         |
|    total_timesteps      | 180224       |
| train/                  |              |
|    approx_kl            | 0.0053953286 |
|    clip_fraction        | 0.0479       |
|    clip_range           | 0.2          |
|    entropy_loss         | -0.667       |
|    explained_variance   | 0.116        |
|    learning_rate        | 0.0003       |
|    loss                 | 161          |
|    n_updates            | 870          |
|    policy_gradient_loss | -0.00646     |
|    value_loss           | 130          |
------------------------------------------
FruitCounts | {'Fruit': 1, 'DecayFruit': 0, 'EnemyFruit': 0} |
-----------------------------------------
| rollout/                |             |
|    ep_len_mean          | 170         |
|    ep_rew_mean          | 15.1        |
| time/                   |             |
|    fps                  | 118         |
|    iterations           | 89          |
|    time_elapsed         | 1535        |
|    total_timesteps      | 182272      |
| train/                  |             |
|    approx_kl            | 0.008283865 |
|    clip_fraction        | 0.0713      |
|    clip_range           | 0.2         |
|    entropy_loss         | -0.693      |
|    explained_variance   | 0.0134      |
|    learning_rate        | 0.0003      |
|    loss                 | 141         |
|    n_updates            | 880         |
|    policy_gradient_loss | -0.00443    |
|    value_loss           | 207         |
-----------------------------------------
FruitCounts | {'Fruit': 0, 'DecayFruit': 0, 'EnemyFruit': 0} |
-----------------------------------------
| rollout/                |             |
|    ep_len_mean          | 174         |
|    ep_rew_mean          | 16.5        |
| time/                   |             |
|    fps                  | 119         |
|    iterations           | 90          |
|    time_elapsed         | 1548        |
|    total_timesteps      | 184320      |
| train/                  |             |
|    approx_kl            | 0.008023443 |
|    clip_fraction        | 0.0767      |
|    clip_range           | 0.2         |
|    entropy_loss         | -0.667      |
|    explained_variance   | 0.14        |
|    learning_rate        | 0.0003      |
|    loss                 | 33.3        |
|    n_updates            | 890         |
|    policy_gradient_loss | -0.00323    |
|    value_loss           | 94.7        |
-----------------------------------------
FruitCounts | {'Fruit': 0, 'DecayFruit': 0, 'EnemyFruit': 0} |
-----------------------------------------
| rollout/                |             |
|    ep_len_mean          | 182         |
|    ep_rew_mean          | 17          |
| time/                   |             |
|    fps                  | 119         |
|    iterations           | 91          |
|    time_elapsed         | 1560        |
|    total_timesteps      | 186368      |
| train/                  |             |
|    approx_kl            | 0.007834882 |
|    clip_fraction        | 0.0784      |
|    clip_range           | 0.2         |
|    entropy_loss         | -0.636      |
|    explained_variance   | 0.0383      |
|    learning_rate        | 0.0003      |
|    loss                 | 14.9        |
|    n_updates            | 900         |
|    policy_gradient_loss | -0.00506    |
|    value_loss           | 80.3        |
-----------------------------------------
FruitCounts | {'Fruit': 4, 'DecayFruit': 0, 'EnemyFruit': 2} |
------------------------------------------
| rollout/                |              |
|    ep_len_mean          | 196          |
|    ep_rew_mean          | 16.4         |
| time/                   |              |
|    fps                  | 119          |
|    iterations           | 92           |
|    time_elapsed         | 1570         |
|    total_timesteps      | 188416       |
| train/                  |              |
|    approx_kl            | 0.0077776248 |
|    clip_fraction        | 0.0806       |
|    clip_range           | 0.2          |
|    entropy_loss         | -0.616       |
|    explained_variance   | 0.144        |
|    learning_rate        | 0.0003       |
|    loss                 | 29.7         |
|    n_updates            | 910          |
|    policy_gradient_loss | -0.00282     |
|    value_loss           | 65.6         |
------------------------------------------
FruitCounts | {'Fruit': 0, 'DecayFruit': 0, 'EnemyFruit': 0} |
-----------------------------------------
| rollout/                |             |
|    ep_len_mean          | 203         |
|    ep_rew_mean          | 18.1        |
| time/                   |             |
|    fps                  | 120         |
|    iterations           | 93          |
|    time_elapsed         | 1582        |
|    total_timesteps      | 190464      |
| train/                  |             |
|    approx_kl            | 0.008007139 |
|    clip_fraction        | 0.103       |
|    clip_range           | 0.2         |
|    entropy_loss         | -0.658      |
|    explained_variance   | 0.381       |
|    learning_rate        | 0.0003      |
|    loss                 | 6.92        |
|    n_updates            | 920         |
|    policy_gradient_loss | -0.00471    |
|    value_loss           | 20.5        |
-----------------------------------------
FruitCounts | {'Fruit': 1, 'DecayFruit': 0, 'EnemyFruit': 1} |
-----------------------------------------
| rollout/                |             |
|    ep_len_mean          | 207         |
|    ep_rew_mean          | 19          |
| time/                   |             |
|    fps                  | 120         |
|    iterations           | 94          |
|    time_elapsed         | 1594        |
|    total_timesteps      | 192512      |
| train/                  |             |
|    approx_kl            | 0.007139447 |
|    clip_fraction        | 0.0747      |
|    clip_range           | 0.2         |
|    entropy_loss         | -0.629      |
|    explained_variance   | 0.0624      |
|    learning_rate        | 0.0003      |
|    loss                 | 15.3        |
|    n_updates            | 930         |
|    policy_gradient_loss | -0.00219    |
|    value_loss           | 60          |
-----------------------------------------
FruitCounts | {'Fruit': 0, 'DecayFruit': 0, 'EnemyFruit': 0} |
-----------------------------------------
| rollout/                |             |
|    ep_len_mean          | 209         |
|    ep_rew_mean          | 20.3        |
| time/                   |             |
|    fps                  | 121         |
|    iterations           | 95          |
|    time_elapsed         | 1606        |
|    total_timesteps      | 194560      |
| train/                  |             |
|    approx_kl            | 0.009130125 |
|    clip_fraction        | 0.0959      |
|    clip_range           | 0.2         |
|    entropy_loss         | -0.623      |
|    explained_variance   | 0.165       |
|    learning_rate        | 0.0003      |
|    loss                 | 8.34        |
|    n_updates            | 940         |
|    policy_gradient_loss | -0.00334    |
|    value_loss           | 52.7        |
-----------------------------------------
FruitCounts | {'Fruit': 3, 'DecayFruit': 0, 'EnemyFruit': 1} |
-----------------------------------------
| rollout/                |             |
|    ep_len_mean          | 213         |
|    ep_rew_mean          | 17.8        |
| time/                   |             |
|    fps                  | 121         |
|    iterations           | 96          |
|    time_elapsed         | 1619        |
|    total_timesteps      | 196608      |
| train/                  |             |
|    approx_kl            | 0.008929089 |
|    clip_fraction        | 0.0757      |
|    clip_range           | 0.2         |
|    entropy_loss         | -0.594      |
|    explained_variance   | 0.12        |
|    learning_rate        | 0.0003      |
|    loss                 | 24.3        |
|    n_updates            | 950         |
|    policy_gradient_loss | -0.00669    |
|    value_loss           | 69          |
-----------------------------------------
FruitCounts | {'Fruit': 0, 'DecayFruit': 0, 'EnemyFruit': 0} |
------------------------------------------
| rollout/                |              |
|    ep_len_mean          | 211          |
|    ep_rew_mean          | 17.8         |
| time/                   |              |
|    fps                  | 121          |
|    iterations           | 97           |
|    time_elapsed         | 1631         |
|    total_timesteps      | 198656       |
| train/                  |              |
|    approx_kl            | 0.0059202025 |
|    clip_fraction        | 0.079        |
|    clip_range           | 0.2          |
|    entropy_loss         | -0.602       |
|    explained_variance   | 0.000509     |
|    learning_rate        | 0.0003       |
|    loss                 | 56.9         |
|    n_updates            | 960          |
|    policy_gradient_loss | -0.00451     |
|    value_loss           | 74.2         |
------------------------------------------
FruitCounts | {'Fruit': 0, 'DecayFruit': 0, 'EnemyFruit': 1} |
-----------------------------------------
| rollout/                |             |
|    ep_len_mean          | 215         |
|    ep_rew_mean          | 18.1        |
| time/                   |             |
|    fps                  | 122         |
|    iterations           | 98          |
|    time_elapsed         | 1644        |
|    total_timesteps      | 200704      |
| train/                  |             |
|    approx_kl            | 0.008508915 |
|    clip_fraction        | 0.0821      |
|    clip_range           | 0.2         |
|    entropy_loss         | -0.584      |
|    explained_variance   | 0.193       |
|    learning_rate        | 0.0003      |
|    loss                 | 39.8        |
|    n_updates            | 970         |
|    policy_gradient_loss | -0.0061     |
|    value_loss           | 84.9        |
-----------------------------------------
FruitCounts | {'Fruit': 0, 'DecayFruit': 0, 'EnemyFruit': 0} |
------------------------------------------
| rollout/                |              |
|    ep_len_mean          | 221          |
|    ep_rew_mean          | 15.8         |
| time/                   |              |
|    fps                  | 122          |
|    iterations           | 99           |
|    time_elapsed         | 1656         |
|    total_timesteps      | 202752       |
| train/                  |              |
|    approx_kl            | 0.0061883107 |
|    clip_fraction        | 0.0503       |
|    clip_range           | 0.2          |
|    entropy_loss         | -0.555       |
|    explained_variance   | 0.0531       |
|    learning_rate        | 0.0003       |
|    loss                 | 32.4         |
|    n_updates            | 980          |
|    policy_gradient_loss | -0.00482     |
|    value_loss           | 154          |
------------------------------------------
FruitCounts | {'Fruit': 2, 'DecayFruit': 0, 'EnemyFruit': 0} |
-----------------------------------------
| rollout/                |             |
|    ep_len_mean          | 229         |
|    ep_rew_mean          | 14.3        |
| time/                   |             |
|    fps                  | 122         |
|    iterations           | 100         |
|    time_elapsed         | 1667        |
|    total_timesteps      | 204800      |
| train/                  |             |
|    approx_kl            | 0.008090481 |
|    clip_fraction        | 0.0995      |
|    clip_range           | 0.2         |
|    entropy_loss         | -0.613      |
|    explained_variance   | 0.22        |
|    learning_rate        | 0.0003      |
|    loss                 | 26.4        |
|    n_updates            | 990         |
|    policy_gradient_loss | -0.00373    |
|    value_loss           | 42.9        |
-----------------------------------------
FruitCounts | {'Fruit': 0, 'DecayFruit': 0, 'EnemyFruit': 0} |
----------------------------------------
| rollout/                |            |
|    ep_len_mean          | 240        |
|    ep_rew_mean          | 14.4       |
| time/                   |            |
|    fps                  | 123        |
|    iterations           | 101        |
|    time_elapsed         | 1679       |
|    total_timesteps      | 206848     |
| train/                  |            |
|    approx_kl            | 0.00658966 |
|    clip_fraction        | 0.0867     |
|    clip_range           | 0.2        |
|    entropy_loss         | -0.594     |
|    explained_variance   | 0.305      |
|    learning_rate        | 0.0003     |
|    loss                 | 12.8       |
|    n_updates            | 1000       |
|    policy_gradient_loss | -0.00204   |
|    value_loss           | 36.7       |
----------------------------------------
FruitCounts | {'Fruit': 1, 'DecayFruit': 0, 'EnemyFruit': 1} |
----------------------------------------
| rollout/                |            |
|    ep_len_mean          | 241        |
|    ep_rew_mean          | 16.7       |
| time/                   |            |
|    fps                  | 123        |
|    iterations           | 102        |
|    time_elapsed         | 1691       |
|    total_timesteps      | 208896     |
| train/                  |            |
|    approx_kl            | 0.00886234 |
|    clip_fraction        | 0.102      |
|    clip_range           | 0.2        |
|    entropy_loss         | -0.587     |
|    explained_variance   | 0.168      |
|    learning_rate        | 0.0003     |
|    loss                 | 9.59       |
|    n_updates            | 1010       |
|    policy_gradient_loss | -0.00378   |
|    value_loss           | 48.2       |
----------------------------------------
FruitCounts | {'Fruit': 0, 'DecayFruit': 1, 'EnemyFruit': 0} |
------------------------------------------
| rollout/                |              |
|    ep_len_mean          | 213          |
|    ep_rew_mean          | 16.8         |
| time/                   |              |
|    fps                  | 123          |
|    iterations           | 103          |
|    time_elapsed         | 1705         |
|    total_timesteps      | 210944       |
| train/                  |              |
|    approx_kl            | 0.0047359625 |
|    clip_fraction        | 0.0468       |
|    clip_range           | 0.2          |
|    entropy_loss         | -0.604       |
|    explained_variance   | -0.00762     |
|    learning_rate        | 0.0003       |
|    loss                 | 57.2         |
|    n_updates            | 1020         |
|    policy_gradient_loss | -0.00283     |
|    value_loss           | 149          |
------------------------------------------
FruitCounts | {'Fruit': 4, 'DecayFruit': 0, 'EnemyFruit': 0} |
------------------------------------------
| rollout/                |              |
|    ep_len_mean          | 216          |
|    ep_rew_mean          | 18.2         |
| time/                   |              |
|    fps                  | 124          |
|    iterations           | 104          |
|    time_elapsed         | 1716         |
|    total_timesteps      | 212992       |
| train/                  |              |
|    approx_kl            | 0.0051299417 |
|    clip_fraction        | 0.0665       |
|    clip_range           | 0.2          |
|    entropy_loss         | -0.595       |
|    explained_variance   | 0.0921       |
|    learning_rate        | 0.0003       |
|    loss                 | 66.8         |
|    n_updates            | 1030         |
|    policy_gradient_loss | -0.00148     |
|    value_loss           | 113          |
------------------------------------------
FruitCounts | {'Fruit': 0, 'DecayFruit': 0, 'EnemyFruit': 1} |
-----------------------------------------
| rollout/                |             |
|    ep_len_mean          | 209         |
|    ep_rew_mean          | 18.7        |
| time/                   |             |
|    fps                  | 124         |
|    iterations           | 105         |
|    time_elapsed         | 1729        |
|    total_timesteps      | 215040      |
| train/                  |             |
|    approx_kl            | 0.008484103 |
|    clip_fraction        | 0.0875      |
|    clip_range           | 0.2         |
|    entropy_loss         | -0.597      |
|    explained_variance   | 0.094       |
|    learning_rate        | 0.0003      |
|    loss                 | 34.2        |
|    n_updates            | 1040        |
|    policy_gradient_loss | -0.00591    |
|    value_loss           | 107         |
-----------------------------------------
FruitCounts | {'Fruit': 2, 'DecayFruit': 0, 'EnemyFruit': 2} |
-----------------------------------------
| rollout/                |             |
|    ep_len_mean          | 217         |
|    ep_rew_mean          | 22.1        |
| time/                   |             |
|    fps                  | 124         |
|    iterations           | 106         |
|    time_elapsed         | 1741        |
|    total_timesteps      | 217088      |
| train/                  |             |
|    approx_kl            | 0.007659355 |
|    clip_fraction        | 0.0713      |
|    clip_range           | 0.2         |
|    entropy_loss         | -0.594      |
|    explained_variance   | 0.036       |
|    learning_rate        | 0.0003      |
|    loss                 | 12.7        |
|    n_updates            | 1050        |
|    policy_gradient_loss | -0.00453    |
|    value_loss           | 91.9        |
-----------------------------------------
FruitCounts | {'Fruit': 0, 'DecayFruit': 0, 'EnemyFruit': 0} |
------------------------------------------
| rollout/                |              |
|    ep_len_mean          | 220          |
|    ep_rew_mean          | 21.6         |
| time/                   |              |
|    fps                  | 124          |
|    iterations           | 107          |
|    time_elapsed         | 1753         |
|    total_timesteps      | 219136       |
| train/                  |              |
|    approx_kl            | 0.0076172934 |
|    clip_fraction        | 0.0803       |
|    clip_range           | 0.2          |
|    entropy_loss         | -0.597       |
|    explained_variance   | 0.109        |
|    learning_rate        | 0.0003       |
|    loss                 | 20.7         |
|    n_updates            | 1060         |
|    policy_gradient_loss | -0.00405     |
|    value_loss           | 95.2         |
------------------------------------------
FruitCounts | {'Fruit': 2, 'DecayFruit': 0, 'EnemyFruit': 3} |
-----------------------------------------
| rollout/                |             |
|    ep_len_mean          | 232         |
|    ep_rew_mean          | 23.2        |
| time/                   |             |
|    fps                  | 125         |
|    iterations           | 108         |
|    time_elapsed         | 1763        |
|    total_timesteps      | 221184      |
| train/                  |             |
|    approx_kl            | 0.010772722 |
|    clip_fraction        | 0.0958      |
|    clip_range           | 0.2         |
|    entropy_loss         | -0.628      |
|    explained_variance   | 0.0792      |
|    learning_rate        | 0.0003      |
|    loss                 | 19.7        |
|    n_updates            | 1070        |
|    policy_gradient_loss | -0.00645    |
|    value_loss           | 81.8        |
-----------------------------------------
FruitCounts | {'Fruit': 0, 'DecayFruit': 0, 'EnemyFruit': 0} |
------------------------------------------
| rollout/                |              |
|    ep_len_mean          | 226          |
|    ep_rew_mean          | 21.5         |
| time/                   |              |
|    fps                  | 125          |
|    iterations           | 109          |
|    time_elapsed         | 1777         |
|    total_timesteps      | 223232       |
| train/                  |              |
|    approx_kl            | 0.0084012095 |
|    clip_fraction        | 0.108        |
|    clip_range           | 0.2          |
|    entropy_loss         | -0.594       |
|    explained_variance   | 0.103        |
|    learning_rate        | 0.0003       |
|    loss                 | 8.83         |
|    n_updates            | 1080         |
|    policy_gradient_loss | -0.00715     |
|    value_loss           | 61.7         |
------------------------------------------
FruitCounts | {'Fruit': 1, 'DecayFruit': 0, 'EnemyFruit': 2} |
----------------------------------------
| rollout/                |            |
|    ep_len_mean          | 213        |
|    ep_rew_mean          | 21.7       |
| time/                   |            |
|    fps                  | 125        |
|    iterations           | 110        |
|    time_elapsed         | 1789       |
|    total_timesteps      | 225280     |
| train/                  |            |
|    approx_kl            | 0.00756876 |
|    clip_fraction        | 0.0841     |
|    clip_range           | 0.2        |
|    entropy_loss         | -0.597     |
|    explained_variance   | 0.117      |
|    learning_rate        | 0.0003     |
|    loss                 | 15.2       |
|    n_updates            | 1090       |
|    policy_gradient_loss | -0.00519   |
|    value_loss           | 71.9       |
----------------------------------------
FruitCounts | {'Fruit': 0, 'DecayFruit': 0, 'EnemyFruit': 1} |
-----------------------------------------
| rollout/                |             |
|    ep_len_mean          | 201         |
|    ep_rew_mean          | 23.9        |
| time/                   |             |
|    fps                  | 126         |
|    iterations           | 111         |
|    time_elapsed         | 1803        |
|    total_timesteps      | 227328      |
| train/                  |             |
|    approx_kl            | 0.008595718 |
|    clip_fraction        | 0.0872      |
|    clip_range           | 0.2         |
|    entropy_loss         | -0.587      |
|    explained_variance   | 0.119       |
|    learning_rate        | 0.0003      |
|    loss                 | 15.6        |
|    n_updates            | 1100        |
|    policy_gradient_loss | -0.00418    |
|    value_loss           | 56.9        |
-----------------------------------------
FruitCounts | {'Fruit': 0, 'DecayFruit': 0, 'EnemyFruit': 0} |
------------------------------------------
| rollout/                |              |
|    ep_len_mean          | 200          |
|    ep_rew_mean          | 21.2         |
| time/                   |              |
|    fps                  | 126          |
|    iterations           | 112          |
|    time_elapsed         | 1815         |
|    total_timesteps      | 229376       |
| train/                  |              |
|    approx_kl            | 0.0065408004 |
|    clip_fraction        | 0.0607       |
|    clip_range           | 0.2          |
|    entropy_loss         | -0.624       |
|    explained_variance   | 0.0619       |
|    learning_rate        | 0.0003       |
|    loss                 | 83.9         |
|    n_updates            | 1110         |
|    policy_gradient_loss | -0.00407     |
|    value_loss           | 108          |
------------------------------------------
FruitCounts | {'Fruit': 0, 'DecayFruit': 0, 'EnemyFruit': 1} |
-----------------------------------------
| rollout/                |             |
|    ep_len_mean          | 201         |
|    ep_rew_mean          | 21.2        |
| time/                   |             |
|    fps                  | 126         |
|    iterations           | 113         |
|    time_elapsed         | 1829        |
|    total_timesteps      | 231424      |
| train/                  |             |
|    approx_kl            | 0.007514352 |
|    clip_fraction        | 0.0797      |
|    clip_range           | 0.2         |
|    entropy_loss         | -0.578      |
|    explained_variance   | 0.084       |
|    learning_rate        | 0.0003      |
|    loss                 | 29.5        |
|    n_updates            | 1120        |
|    policy_gradient_loss | -0.00647    |
|    value_loss           | 56.2        |
-----------------------------------------
FruitCounts | {'Fruit': 2, 'DecayFruit': 0, 'EnemyFruit': 3} |
-----------------------------------------
| rollout/                |             |
|    ep_len_mean          | 210         |
|    ep_rew_mean          | 20.9        |
| time/                   |             |
|    fps                  | 126         |
|    iterations           | 114         |
|    time_elapsed         | 1840        |
|    total_timesteps      | 233472      |
| train/                  |             |
|    approx_kl            | 0.008976854 |
|    clip_fraction        | 0.0935      |
|    clip_range           | 0.2         |
|    entropy_loss         | -0.577      |
|    explained_variance   | 0.213       |
|    learning_rate        | 0.0003      |
|    loss                 | 61.3        |
|    n_updates            | 1130        |
|    policy_gradient_loss | -0.00645    |
|    value_loss           | 63          |
-----------------------------------------
FruitCounts | {'Fruit': 1, 'DecayFruit': 0, 'EnemyFruit': 1} |
-----------------------------------------
| rollout/                |             |
|    ep_len_mean          | 213         |
|    ep_rew_mean          | 18          |
| time/                   |             |
|    fps                  | 127         |
|    iterations           | 115         |
|    time_elapsed         | 1851        |
|    total_timesteps      | 235520      |
| train/                  |             |
|    approx_kl            | 0.009669209 |
|    clip_fraction        | 0.109       |
|    clip_range           | 0.2         |
|    entropy_loss         | -0.596      |
|    explained_variance   | 0.236       |
|    learning_rate        | 0.0003      |
|    loss                 | 19.7        |
|    n_updates            | 1140        |
|    policy_gradient_loss | -0.00747    |
|    value_loss           | 52.6        |
-----------------------------------------
FruitCounts | {'Fruit': 0, 'DecayFruit': 0, 'EnemyFruit': 1} |
-----------------------------------------
| rollout/                |             |
|    ep_len_mean          | 215         |
|    ep_rew_mean          | 15          |
| time/                   |             |
|    fps                  | 127         |
|    iterations           | 116         |
|    time_elapsed         | 1863        |
|    total_timesteps      | 237568      |
| train/                  |             |
|    approx_kl            | 0.006898242 |
|    clip_fraction        | 0.09        |
|    clip_range           | 0.2         |
|    entropy_loss         | -0.615      |
|    explained_variance   | 0.11        |
|    learning_rate        | 0.0003      |
|    loss                 | 34.9        |
|    n_updates            | 1150        |
|    policy_gradient_loss | -0.00456    |
|    value_loss           | 65          |
-----------------------------------------
FruitCounts | {'Fruit': 0, 'DecayFruit': 0, 'EnemyFruit': 0} |
-----------------------------------------
| rollout/                |             |
|    ep_len_mean          | 232         |
|    ep_rew_mean          | 14.7        |
| time/                   |             |
|    fps                  | 127         |
|    iterations           | 117         |
|    time_elapsed         | 1874        |
|    total_timesteps      | 239616      |
| train/                  |             |
|    approx_kl            | 0.011626069 |
|    clip_fraction        | 0.105       |
|    clip_range           | 0.2         |
|    entropy_loss         | -0.571      |
|    explained_variance   | 0.114       |
|    learning_rate        | 0.0003      |
|    loss                 | 8.4         |
|    n_updates            | 1160        |
|    policy_gradient_loss | -0.00429    |
|    value_loss           | 20.3        |
-----------------------------------------
FruitCounts | {'Fruit': 2, 'DecayFruit': 0, 'EnemyFruit': 0} |
----------------------------------------
| rollout/                |            |
|    ep_len_mean          | 236        |
|    ep_rew_mean          | 12.2       |
| time/                   |            |
|    fps                  | 128        |
|    iterations           | 118        |
|    time_elapsed         | 1885       |
|    total_timesteps      | 241664     |
| train/                  |            |
|    approx_kl            | 0.01236935 |
|    clip_fraction        | 0.1        |
|    clip_range           | 0.2        |
|    entropy_loss         | -0.596     |
|    explained_variance   | 0.111      |
|    learning_rate        | 0.0003     |
|    loss                 | 9.96       |
|    n_updates            | 1170       |
|    policy_gradient_loss | -0.00322   |
|    value_loss           | 20.8       |
----------------------------------------
FruitCounts | {'Fruit': 0, 'DecayFruit': 0, 'EnemyFruit': 1} |
----------------------------------------
| rollout/                |            |
|    ep_len_mean          | 222        |
|    ep_rew_mean          | 11.6       |
| time/                   |            |
|    fps                  | 128        |
|    iterations           | 119        |
|    time_elapsed         | 1898       |
|    total_timesteps      | 243712     |
| train/                  |            |
|    approx_kl            | 0.00858069 |
|    clip_fraction        | 0.109      |
|    clip_range           | 0.2        |
|    entropy_loss         | -0.545     |
|    explained_variance   | 0.251      |
|    learning_rate        | 0.0003     |
|    loss                 | 11.6       |
|    n_updates            | 1180       |
|    policy_gradient_loss | -0.00389   |
|    value_loss           | 54.8       |
----------------------------------------
FruitCounts | {'Fruit': 0, 'DecayFruit': 0, 'EnemyFruit': 0} |
------------------------------------------
| rollout/                |              |
|    ep_len_mean          | 221          |
|    ep_rew_mean          | 11.4         |
| time/                   |              |
|    fps                  | 128          |
|    iterations           | 120          |
|    time_elapsed         | 1911         |
|    total_timesteps      | 245760       |
| train/                  |              |
|    approx_kl            | 0.0064597935 |
|    clip_fraction        | 0.0739       |
|    clip_range           | 0.2          |
|    entropy_loss         | -0.574       |
|    explained_variance   | -0.0187      |
|    learning_rate        | 0.0003       |
|    loss                 | 67.7         |
|    n_updates            | 1190         |
|    policy_gradient_loss | -0.00638     |
|    value_loss           | 90.6         |
------------------------------------------
FruitCounts | {'Fruit': 3, 'DecayFruit': 1, 'EnemyFruit': 1} |
------------------------------------------
| rollout/                |              |
|    ep_len_mean          | 214          |
|    ep_rew_mean          | 9.87         |
| time/                   |              |
|    fps                  | 128          |
|    iterations           | 121          |
|    time_elapsed         | 1924         |
|    total_timesteps      | 247808       |
| train/                  |              |
|    approx_kl            | 0.0076207165 |
|    clip_fraction        | 0.0812       |
|    clip_range           | 0.2          |
|    entropy_loss         | -0.556       |
|    explained_variance   | -0.00161     |
|    learning_rate        | 0.0003       |
|    loss                 | 18.1         |
|    n_updates            | 1200         |
|    policy_gradient_loss | -0.00346     |
|    value_loss           | 50.9         |
------------------------------------------
FruitCounts | {'Fruit': 1, 'DecayFruit': 1, 'EnemyFruit': 1} |
-----------------------------------------
| rollout/                |             |
|    ep_len_mean          | 221         |
|    ep_rew_mean          | 13.9        |
| time/                   |             |
|    fps                  | 129         |
|    iterations           | 122         |
|    time_elapsed         | 1935        |
|    total_timesteps      | 249856      |
| train/                  |             |
|    approx_kl            | 0.005580542 |
|    clip_fraction        | 0.057       |
|    clip_range           | 0.2         |
|    entropy_loss         | -0.558      |
|    explained_variance   | 0.00365     |
|    learning_rate        | 0.0003      |
|    loss                 | 62.3        |
|    n_updates            | 1210        |
|    policy_gradient_loss | -0.0051     |
|    value_loss           | 90          |
-----------------------------------------
FruitCounts | {'Fruit': 2, 'DecayFruit': 1, 'EnemyFruit': 3} |
------------------------------------------
| rollout/                |              |
|    ep_len_mean          | 223          |
|    ep_rew_mean          | 18.7         |
| time/                   |              |
|    fps                  | 129          |
|    iterations           | 123          |
|    time_elapsed         | 1947         |
|    total_timesteps      | 251904       |
| train/                  |              |
|    approx_kl            | 0.0068710777 |
|    clip_fraction        | 0.072        |
|    clip_range           | 0.2          |
|    entropy_loss         | -0.533       |
|    explained_variance   | 0.022        |
|    learning_rate        | 0.0003       |
|    loss                 | 72.5         |
|    n_updates            | 1220         |
|    policy_gradient_loss | -0.00831     |
|    value_loss           | 153          |
------------------------------------------
FruitCounts | {'Fruit': 0, 'DecayFruit': 0, 'EnemyFruit': 0} |
-----------------------------------------
| rollout/                |             |
|    ep_len_mean          | 228         |
|    ep_rew_mean          | 23.6        |
| time/                   |             |
|    fps                  | 129         |
|    iterations           | 124         |
|    time_elapsed         | 1960        |
|    total_timesteps      | 253952      |
| train/                  |             |
|    approx_kl            | 0.008184923 |
|    clip_fraction        | 0.0837      |
|    clip_range           | 0.2         |
|    entropy_loss         | -0.527      |
|    explained_variance   | 0.0851      |
|    learning_rate        | 0.0003      |
|    loss                 | 141         |
|    n_updates            | 1230        |
|    policy_gradient_loss | -0.00508    |
|    value_loss           | 122         |
-----------------------------------------
FruitCounts | {'Fruit': 1, 'DecayFruit': 0, 'EnemyFruit': 0} |
------------------------------------------
| rollout/                |              |
|    ep_len_mean          | 242          |
|    ep_rew_mean          | 23.4         |
| time/                   |              |
|    fps                  | 129          |
|    iterations           | 125          |
|    time_elapsed         | 1971         |
|    total_timesteps      | 256000       |
| train/                  |              |
|    approx_kl            | 0.0060023116 |
|    clip_fraction        | 0.0613       |
|    clip_range           | 0.2          |
|    entropy_loss         | -0.539       |
|    explained_variance   | -0.0105      |
|    learning_rate        | 0.0003       |
|    loss                 | 120          |
|    n_updates            | 1240         |
|    policy_gradient_loss | -0.00479     |
|    value_loss           | 211          |
------------------------------------------
FruitCounts | {'Fruit': 4, 'DecayFruit': 0, 'EnemyFruit': 2} |
------------------------------------------
| rollout/                |              |
|    ep_len_mean          | 234          |
|    ep_rew_mean          | 24           |
| time/                   |              |
|    fps                  | 130          |
|    iterations           | 126          |
|    time_elapsed         | 1983         |
|    total_timesteps      | 258048       |
| train/                  |              |
|    approx_kl            | 0.0084045995 |
|    clip_fraction        | 0.111        |
|    clip_range           | 0.2          |
|    entropy_loss         | -0.547       |
|    explained_variance   | 0.0491       |
|    learning_rate        | 0.0003       |
|    loss                 | 6.85         |
|    n_updates            | 1250         |
|    policy_gradient_loss | -0.00141     |
|    value_loss           | 28           |
------------------------------------------
FruitCounts | {'Fruit': 0, 'DecayFruit': 0, 'EnemyFruit': 1} |
------------------------------------------
| rollout/                |              |
|    ep_len_mean          | 229          |
|    ep_rew_mean          | 26.5         |
| time/                   |              |
|    fps                  | 130          |
|    iterations           | 127          |
|    time_elapsed         | 1995         |
|    total_timesteps      | 260096       |
| train/                  |              |
|    approx_kl            | 0.0073901378 |
|    clip_fraction        | 0.0891       |
|    clip_range           | 0.2          |
|    entropy_loss         | -0.511       |
|    explained_variance   | 0.163        |
|    learning_rate        | 0.0003       |
|    loss                 | 21.2         |
|    n_updates            | 1260         |
|    policy_gradient_loss | -0.00396     |
|    value_loss           | 51.1         |
------------------------------------------
FruitCounts | {'Fruit': 0, 'DecayFruit': 0, 'EnemyFruit': 0} |
-----------------------------------------
| rollout/                |             |
|    ep_len_mean          | 213         |
|    ep_rew_mean          | 31          |
| time/                   |             |
|    fps                  | 130         |
|    iterations           | 128         |
|    time_elapsed         | 2007        |
|    total_timesteps      | 262144      |
| train/                  |             |
|    approx_kl            | 0.004312603 |
|    clip_fraction        | 0.0642      |
|    clip_range           | 0.2         |
|    entropy_loss         | -0.537      |
|    explained_variance   | 0.0587      |
|    learning_rate        | 0.0003      |
|    loss                 | 19.1        |
|    n_updates            | 1270        |
|    policy_gradient_loss | -0.00336    |
|    value_loss           | 71.6        |
-----------------------------------------
FruitCounts | {'Fruit': 2, 'DecayFruit': 0, 'EnemyFruit': 2} |
------------------------------------------
| rollout/                |              |
|    ep_len_mean          | 220          |
|    ep_rew_mean          | 31.7         |
| time/                   |              |
|    fps                  | 130          |
|    iterations           | 129          |
|    time_elapsed         | 2018         |
|    total_timesteps      | 264192       |
| train/                  |              |
|    approx_kl            | 0.0059471168 |
|    clip_fraction        | 0.0568       |
|    clip_range           | 0.2          |
|    entropy_loss         | -0.55        |
|    explained_variance   | 0.0349       |
|    learning_rate        | 0.0003       |
|    loss                 | 53.5         |
|    n_updates            | 1280         |
|    policy_gradient_loss | -0.00366     |
|    value_loss           | 81.9         |
------------------------------------------
FruitCounts | {'Fruit': 2, 'DecayFruit': 0, 'EnemyFruit': 0} |
-----------------------------------------
| rollout/                |             |
|    ep_len_mean          | 219         |
|    ep_rew_mean          | 31.3        |
| time/                   |             |
|    fps                  | 131         |
|    iterations           | 130         |
|    time_elapsed         | 2031        |
|    total_timesteps      | 266240      |
| train/                  |             |
|    approx_kl            | 0.010444062 |
|    clip_fraction        | 0.0966      |
|    clip_range           | 0.2         |
|    entropy_loss         | -0.55       |
|    explained_variance   | 0.153       |
|    learning_rate        | 0.0003      |
|    loss                 | 28.7        |
|    n_updates            | 1290        |
|    policy_gradient_loss | -0.00438    |
|    value_loss           | 75.7        |
-----------------------------------------
FruitCounts | {'Fruit': 0, 'DecayFruit': 0, 'EnemyFruit': 0} |
----------------------------------------
| rollout/                |            |
|    ep_len_mean          | 221        |
|    ep_rew_mean          | 35.2       |
| time/                   |            |
|    fps                  | 131        |
|    iterations           | 131        |
|    time_elapsed         | 2044       |
|    total_timesteps      | 268288     |
| train/                  |            |
|    approx_kl            | 0.00889416 |
|    clip_fraction        | 0.0715     |
|    clip_range           | 0.2        |
|    entropy_loss         | -0.551     |
|    explained_variance   | 0.212      |
|    learning_rate        | 0.0003     |
|    loss                 | 24.2       |
|    n_updates            | 1300       |
|    policy_gradient_loss | -0.00335   |
|    value_loss           | 87.2       |
----------------------------------------
FruitCounts | {'Fruit': 2, 'DecayFruit': 0, 'EnemyFruit': 2} |
-----------------------------------------
| rollout/                |             |
|    ep_len_mean          | 224         |
|    ep_rew_mean          | 33.6        |
| time/                   |             |
|    fps                  | 131         |
|    iterations           | 132         |
|    time_elapsed         | 2057        |
|    total_timesteps      | 270336      |
| train/                  |             |
|    approx_kl            | 0.004468913 |
|    clip_fraction        | 0.0433      |
|    clip_range           | 0.2         |
|    entropy_loss         | -0.543      |
|    explained_variance   | 0.203       |
|    learning_rate        | 0.0003      |
|    loss                 | 84.9        |
|    n_updates            | 1310        |
|    policy_gradient_loss | -0.00277    |
|    value_loss           | 165         |
-----------------------------------------
FruitCounts | {'Fruit': 1, 'DecayFruit': 0, 'EnemyFruit': 0} |
----------------------------------------
| rollout/                |            |
|    ep_len_mean          | 229        |
|    ep_rew_mean          | 29.6       |
| time/                   |            |
|    fps                  | 131        |
|    iterations           | 133        |
|    time_elapsed         | 2068       |
|    total_timesteps      | 272384     |
| train/                  |            |
|    approx_kl            | 0.00602765 |
|    clip_fraction        | 0.064      |
|    clip_range           | 0.2        |
|    entropy_loss         | -0.508     |
|    explained_variance   | 0.186      |
|    learning_rate        | 0.0003     |
|    loss                 | 70         |
|    n_updates            | 1320       |
|    policy_gradient_loss | -0.00428   |
|    value_loss           | 74.2       |
----------------------------------------
FruitCounts | {'Fruit': 0, 'DecayFruit': 0, 'EnemyFruit': 0} |
------------------------------------------
| rollout/                |              |
|    ep_len_mean          | 224          |
|    ep_rew_mean          | 26           |
| time/                   |              |
|    fps                  | 131          |
|    iterations           | 134          |
|    time_elapsed         | 2081         |
|    total_timesteps      | 274432       |
| train/                  |              |
|    approx_kl            | 0.0063475454 |
|    clip_fraction        | 0.0956       |
|    clip_range           | 0.2          |
|    entropy_loss         | -0.54        |
|    explained_variance   | 0.129        |
|    learning_rate        | 0.0003       |
|    loss                 | 4.17         |
|    n_updates            | 1330         |
|    policy_gradient_loss | -0.00153     |
|    value_loss           | 28.1         |
------------------------------------------
FruitCounts | {'Fruit': 0, 'DecayFruit': 0, 'EnemyFruit': 1} |
------------------------------------------
| rollout/                |              |
|    ep_len_mean          | 205          |
|    ep_rew_mean          | 23.1         |
| time/                   |              |
|    fps                  | 131          |
|    iterations           | 135          |
|    time_elapsed         | 2095         |
|    total_timesteps      | 276480       |
| train/                  |              |
|    approx_kl            | 0.0063717347 |
|    clip_fraction        | 0.0639       |
|    clip_range           | 0.2          |
|    entropy_loss         | -0.502       |
|    explained_variance   | 0.041        |
|    learning_rate        | 0.0003       |
|    loss                 | 53.5         |
|    n_updates            | 1340         |
|    policy_gradient_loss | -0.00455     |
|    value_loss           | 168          |
------------------------------------------
FruitCounts | {'Fruit': 0, 'DecayFruit': 0, 'EnemyFruit': 0} |
-----------------------------------------
| rollout/                |             |
|    ep_len_mean          | 211         |
|    ep_rew_mean          | 22          |
| time/                   |             |
|    fps                  | 132         |
|    iterations           | 136         |
|    time_elapsed         | 2106        |
|    total_timesteps      | 278528      |
| train/                  |             |
|    approx_kl            | 0.004346338 |
|    clip_fraction        | 0.0477      |
|    clip_range           | 0.2         |
|    entropy_loss         | -0.496      |
|    explained_variance   | 0.218       |
|    learning_rate        | 0.0003      |
|    loss                 | 43.5        |
|    n_updates            | 1350        |
|    policy_gradient_loss | -0.00353    |
|    value_loss           | 136         |
-----------------------------------------
FruitCounts | {'Fruit': 0, 'DecayFruit': 0, 'EnemyFruit': 0} |
-----------------------------------------
| rollout/                |             |
|    ep_len_mean          | 219         |
|    ep_rew_mean          | 20.9        |
| time/                   |             |
|    fps                  | 132         |
|    iterations           | 137         |
|    time_elapsed         | 2118        |
|    total_timesteps      | 280576      |
| train/                  |             |
|    approx_kl            | 0.011010844 |
|    clip_fraction        | 0.0836      |
|    clip_range           | 0.2         |
|    entropy_loss         | -0.493      |
|    explained_variance   | 0.134       |
|    learning_rate        | 0.0003      |
|    loss                 | 39.7        |
|    n_updates            | 1360        |
|    policy_gradient_loss | -0.00329    |
|    value_loss           | 80.8        |
-----------------------------------------
FruitCounts | {'Fruit': 3, 'DecayFruit': 2, 'EnemyFruit': 1} |
-----------------------------------------
| rollout/                |             |
|    ep_len_mean          | 217         |
|    ep_rew_mean          | 20.2        |
| time/                   |             |
|    fps                  | 132         |
|    iterations           | 138         |
|    time_elapsed         | 2129        |
|    total_timesteps      | 282624      |
| train/                  |             |
|    approx_kl            | 0.006705052 |
|    clip_fraction        | 0.101       |
|    clip_range           | 0.2         |
|    entropy_loss         | -0.526      |
|    explained_variance   | 0.251       |
|    learning_rate        | 0.0003      |
|    loss                 | 8.64        |
|    n_updates            | 1370        |
|    policy_gradient_loss | -0.00491    |
|    value_loss           | 26.5        |
-----------------------------------------
FruitCounts | {'Fruit': 1, 'DecayFruit': 0, 'EnemyFruit': 0} |
-----------------------------------------
| rollout/                |             |
|    ep_len_mean          | 214         |
|    ep_rew_mean          | 19.3        |
| time/                   |             |
|    fps                  | 132         |
|    iterations           | 139         |
|    time_elapsed         | 2141        |
|    total_timesteps      | 284672      |
| train/                  |             |
|    approx_kl            | 0.007822635 |
|    clip_fraction        | 0.0765      |
|    clip_range           | 0.2         |
|    entropy_loss         | -0.522      |
|    explained_variance   | 0.0186      |
|    learning_rate        | 0.0003      |
|    loss                 | 92.1        |
|    n_updates            | 1380        |
|    policy_gradient_loss | -0.00133    |
|    value_loss           | 127         |
-----------------------------------------
FruitCounts | {'Fruit': 0, 'DecayFruit': 0, 'EnemyFruit': 1} |
------------------------------------------
| rollout/                |              |
|    ep_len_mean          | 212          |
|    ep_rew_mean          | 22.5         |
| time/                   |              |
|    fps                  | 133          |
|    iterations           | 140          |
|    time_elapsed         | 2154         |
|    total_timesteps      | 286720       |
| train/                  |              |
|    approx_kl            | 0.0055932067 |
|    clip_fraction        | 0.0608       |
|    clip_range           | 0.2          |
|    entropy_loss         | -0.491       |
|    explained_variance   | 0.135        |
|    learning_rate        | 0.0003       |
|    loss                 | 140          |
|    n_updates            | 1390         |
|    policy_gradient_loss | -0.00484     |
|    value_loss           | 141          |
------------------------------------------
FruitCounts | {'Fruit': 1, 'DecayFruit': 0, 'EnemyFruit': 0} |
-----------------------------------------
| rollout/                |             |
|    ep_len_mean          | 222         |
|    ep_rew_mean          | 22.4        |
| time/                   |             |
|    fps                  | 133         |
|    iterations           | 141         |
|    time_elapsed         | 2164        |
|    total_timesteps      | 288768      |
| train/                  |             |
|    approx_kl            | 0.005622362 |
|    clip_fraction        | 0.0691      |
|    clip_range           | 0.2         |
|    entropy_loss         | -0.512      |
|    explained_variance   | -0.03       |
|    learning_rate        | 0.0003      |
|    loss                 | 60.4        |
|    n_updates            | 1400        |
|    policy_gradient_loss | -0.00429    |
|    value_loss           | 191         |
-----------------------------------------
FruitCounts | {'Fruit': 1, 'DecayFruit': 0, 'EnemyFruit': 0} |
-----------------------------------------
| rollout/                |             |
|    ep_len_mean          | 226         |
|    ep_rew_mean          | 21.3        |
| time/                   |             |
|    fps                  | 133         |
|    iterations           | 142         |
|    time_elapsed         | 2176        |
|    total_timesteps      | 290816      |
| train/                  |             |
|    approx_kl            | 0.008855352 |
|    clip_fraction        | 0.111       |
|    clip_range           | 0.2         |
|    entropy_loss         | -0.543      |
|    explained_variance   | 0.0648      |
|    learning_rate        | 0.0003      |
|    loss                 | 16.5        |
|    n_updates            | 1410        |
|    policy_gradient_loss | -0.000178   |
|    value_loss           | 31.1        |
-----------------------------------------
FruitCounts | {'Fruit': 0, 'DecayFruit': 0, 'EnemyFruit': 0} |
------------------------------------------
| rollout/                |              |
|    ep_len_mean          | 240          |
|    ep_rew_mean          | 23.7         |
| time/                   |              |
|    fps                  | 133          |
|    iterations           | 143          |
|    time_elapsed         | 2188         |
|    total_timesteps      | 292864       |
| train/                  |              |
|    approx_kl            | 0.0073857554 |
|    clip_fraction        | 0.0763       |
|    clip_range           | 0.2          |
|    entropy_loss         | -0.494       |
|    explained_variance   | 0.0678       |
|    learning_rate        | 0.0003       |
|    loss                 | 65.6         |
|    n_updates            | 1420         |
|    policy_gradient_loss | -0.00453     |
|    value_loss           | 54.2         |
------------------------------------------
FruitCounts | {'Fruit': 2, 'DecayFruit': 1, 'EnemyFruit': 1} |
-----------------------------------------
| rollout/                |             |
|    ep_len_mean          | 239         |
|    ep_rew_mean          | 25.9        |
| time/                   |             |
|    fps                  | 134         |
|    iterations           | 144         |
|    time_elapsed         | 2200        |
|    total_timesteps      | 294912      |
| train/                  |             |
|    approx_kl            | 0.009720588 |
|    clip_fraction        | 0.0767      |
|    clip_range           | 0.2         |
|    entropy_loss         | -0.507      |
|    explained_variance   | 0.00638     |
|    learning_rate        | 0.0003      |
|    loss                 | 246         |
|    n_updates            | 1430        |
|    policy_gradient_loss | -0.00507    |
|    value_loss           | 122         |
-----------------------------------------
FruitCounts | {'Fruit': 0, 'DecayFruit': 0, 'EnemyFruit': 0} |
------------------------------------------
| rollout/                |              |
|    ep_len_mean          | 229          |
|    ep_rew_mean          | 26           |
| time/                   |              |
|    fps                  | 134          |
|    iterations           | 145          |
|    time_elapsed         | 2213         |
|    total_timesteps      | 296960       |
| train/                  |              |
|    approx_kl            | 0.0057459357 |
|    clip_fraction        | 0.0729       |
|    clip_range           | 0.2          |
|    entropy_loss         | -0.478       |
|    explained_variance   | 0.163        |
|    learning_rate        | 0.0003       |
|    loss                 | 28.5         |
|    n_updates            | 1440         |
|    policy_gradient_loss | -0.00508     |
|    value_loss           | 122          |
------------------------------------------
FruitCounts | {'Fruit': 0, 'DecayFruit': 0, 'EnemyFruit': 0} |
-----------------------------------------
| rollout/                |             |
|    ep_len_mean          | 234         |
|    ep_rew_mean          | 27.6        |
| time/                   |             |
|    fps                  | 134         |
|    iterations           | 146         |
|    time_elapsed         | 2226        |
|    total_timesteps      | 299008      |
| train/                  |             |
|    approx_kl            | 0.009485554 |
|    clip_fraction        | 0.0805      |
|    clip_range           | 0.2         |
|    entropy_loss         | -0.494      |
|    explained_variance   | 0.0321      |
|    learning_rate        | 0.0003      |
|    loss                 | 86.9        |
|    n_updates            | 1450        |
|    policy_gradient_loss | -0.0029     |
|    value_loss           | 135         |
-----------------------------------------
FruitCounts | {'Fruit': 3, 'DecayFruit': 1, 'EnemyFruit': 2} |
-----------------------------------------
| rollout/                |             |
|    ep_len_mean          | 232         |
|    ep_rew_mean          | 28.5        |
| time/                   |             |
|    fps                  | 134         |
|    iterations           | 147         |
|    time_elapsed         | 2238        |
|    total_timesteps      | 301056      |
| train/                  |             |
|    approx_kl            | 0.006297166 |
|    clip_fraction        | 0.0757      |
|    clip_range           | 0.2         |
|    entropy_loss         | -0.463      |
|    explained_variance   | 0.183       |
|    learning_rate        | 0.0003      |
|    loss                 | 18.3        |
|    n_updates            | 1460        |
|    policy_gradient_loss | -0.00264    |
|    value_loss           | 79.3        |
-----------------------------------------
FruitCounts | {'Fruit': 0, 'DecayFruit': 1, 'EnemyFruit': 0} |
------------------------------------------
| rollout/                |              |
|    ep_len_mean          | 225          |
|    ep_rew_mean          | 30.1         |
| time/                   |              |
|    fps                  | 134          |
|    iterations           | 148          |
|    time_elapsed         | 2250         |
|    total_timesteps      | 303104       |
| train/                  |              |
|    approx_kl            | 0.0072500166 |
|    clip_fraction        | 0.0884       |
|    clip_range           | 0.2          |
|    entropy_loss         | -0.478       |
|    explained_variance   | 0.111        |
|    learning_rate        | 0.0003       |
|    loss                 | 14.6         |
|    n_updates            | 1470         |
|    policy_gradient_loss | -0.00321     |
|    value_loss           | 49.1         |
------------------------------------------
FruitCounts | {'Fruit': 1, 'DecayFruit': 0, 'EnemyFruit': 1} |
-----------------------------------------
| rollout/                |             |
|    ep_len_mean          | 217         |
|    ep_rew_mean          | 28.8        |
| time/                   |             |
|    fps                  | 134         |
|    iterations           | 149         |
|    time_elapsed         | 2262        |
|    total_timesteps      | 305152      |
| train/                  |             |
|    approx_kl            | 0.005402122 |
|    clip_fraction        | 0.066       |
|    clip_range           | 0.2         |
|    entropy_loss         | -0.483      |
|    explained_variance   | 0.179       |
|    learning_rate        | 0.0003      |
|    loss                 | 52.8        |
|    n_updates            | 1480        |
|    policy_gradient_loss | -0.00422    |
|    value_loss           | 96          |
-----------------------------------------
FruitCounts | {'Fruit': 7, 'DecayFruit': 0, 'EnemyFruit': 2} |
-----------------------------------------
| rollout/                |             |
|    ep_len_mean          | 218         |
|    ep_rew_mean          | 28.8        |
| time/                   |             |
|    fps                  | 134         |
|    iterations           | 150         |
|    time_elapsed         | 2275        |
|    total_timesteps      | 307200      |
| train/                  |             |
|    approx_kl            | 0.006426116 |
|    clip_fraction        | 0.0714      |
|    clip_range           | 0.2         |
|    entropy_loss         | -0.469      |
|    explained_variance   | 0.0734      |
|    learning_rate        | 0.0003      |
|    loss                 | 34.4        |
|    n_updates            | 1490        |
|    policy_gradient_loss | -0.00513    |
|    value_loss           | 135         |
-----------------------------------------
FruitCounts | {'Fruit': 2, 'DecayFruit': 1, 'EnemyFruit': 0} |
-----------------------------------------
| rollout/                |             |
|    ep_len_mean          | 213         |
|    ep_rew_mean          | 25.8        |
| time/                   |             |
|    fps                  | 135         |
|    iterations           | 151         |
|    time_elapsed         | 2288        |
|    total_timesteps      | 309248      |
| train/                  |             |
|    approx_kl            | 0.008632967 |
|    clip_fraction        | 0.0958      |
|    clip_range           | 0.2         |
|    entropy_loss         | -0.442      |
|    explained_variance   | 0.126       |
|    learning_rate        | 0.0003      |
|    loss                 | 21          |
|    n_updates            | 1500        |
|    policy_gradient_loss | -0.00492    |
|    value_loss           | 47.3        |
-----------------------------------------
FruitCounts | {'Fruit': 3, 'DecayFruit': 2, 'EnemyFruit': 1} |
------------------------------------------
| rollout/                |              |
|    ep_len_mean          | 201          |
|    ep_rew_mean          | 27.9         |
| time/                   |              |
|    fps                  | 135          |
|    iterations           | 152          |
|    time_elapsed         | 2300         |
|    total_timesteps      | 311296       |
| train/                  |              |
|    approx_kl            | 0.0064037563 |
|    clip_fraction        | 0.0673       |
|    clip_range           | 0.2          |
|    entropy_loss         | -0.449       |
|    explained_variance   | 0.0922       |
|    learning_rate        | 0.0003       |
|    loss                 | 15.6         |
|    n_updates            | 1510         |
|    policy_gradient_loss | -0.0027      |
|    value_loss           | 95.9         |
------------------------------------------
FruitCounts | {'Fruit': 0, 'DecayFruit': 0, 'EnemyFruit': 0} |
-----------------------------------------
| rollout/                |             |
|    ep_len_mean          | 191         |
|    ep_rew_mean          | 25          |
| time/                   |             |
|    fps                  | 135         |
|    iterations           | 153         |
|    time_elapsed         | 2314        |
|    total_timesteps      | 313344      |
| train/                  |             |
|    approx_kl            | 0.006398565 |
|    clip_fraction        | 0.0608      |
|    clip_range           | 0.2         |
|    entropy_loss         | -0.461      |
|    explained_variance   | 0.0768      |
|    learning_rate        | 0.0003      |
|    loss                 | 21.6        |
|    n_updates            | 1520        |
|    policy_gradient_loss | -0.0032     |
|    value_loss           | 129         |
-----------------------------------------
FruitCounts | {'Fruit': 1, 'DecayFruit': 0, 'EnemyFruit': 0} |
-----------------------------------------
| rollout/                |             |
|    ep_len_mean          | 192         |
|    ep_rew_mean          | 23.4        |
| time/                   |             |
|    fps                  | 135         |
|    iterations           | 154         |
|    time_elapsed         | 2327        |
|    total_timesteps      | 315392      |
| train/                  |             |
|    approx_kl            | 0.008922864 |
|    clip_fraction        | 0.0825      |
|    clip_range           | 0.2         |
|    entropy_loss         | -0.441      |
|    explained_variance   | 0.32        |
|    learning_rate        | 0.0003      |
|    loss                 | 13.7        |
|    n_updates            | 1530        |
|    policy_gradient_loss | -0.00585    |
|    value_loss           | 83.8        |
-----------------------------------------
FruitCounts | {'Fruit': 0, 'DecayFruit': 0, 'EnemyFruit': 0} |
-----------------------------------------
| rollout/                |             |
|    ep_len_mean          | 196         |
|    ep_rew_mean          | 21.4        |
| time/                   |             |
|    fps                  | 135         |
|    iterations           | 155         |
|    time_elapsed         | 2339        |
|    total_timesteps      | 317440      |
| train/                  |             |
|    approx_kl            | 0.005439072 |
|    clip_fraction        | 0.0729      |
|    clip_range           | 0.2         |
|    entropy_loss         | -0.458      |
|    explained_variance   | 0.107       |
|    learning_rate        | 0.0003      |
|    loss                 | 11.3        |
|    n_updates            | 1540        |
|    policy_gradient_loss | -0.000807   |
|    value_loss           | 78.7        |
-----------------------------------------
FruitCounts | {'Fruit': 4, 'DecayFruit': 0, 'EnemyFruit': 1} |
-----------------------------------------
| rollout/                |             |
|    ep_len_mean          | 189         |
|    ep_rew_mean          | 23.2        |
| time/                   |             |
|    fps                  | 135         |
|    iterations           | 156         |
|    time_elapsed         | 2353        |
|    total_timesteps      | 319488      |
| train/                  |             |
|    approx_kl            | 0.013902893 |
|    clip_fraction        | 0.108       |
|    clip_range           | 0.2         |
|    entropy_loss         | -0.452      |
|    explained_variance   | 0.472       |
|    learning_rate        | 0.0003      |
|    loss                 | 9.47        |
|    n_updates            | 1550        |
|    policy_gradient_loss | -0.00545    |
|    value_loss           | 32          |
-----------------------------------------
FruitCounts | {'Fruit': 0, 'DecayFruit': 0, 'EnemyFruit': 0} |
-----------------------------------------
| rollout/                |             |
|    ep_len_mean          | 196         |
|    ep_rew_mean          | 25.2        |
| time/                   |             |
|    fps                  | 135         |
|    iterations           | 157         |
|    time_elapsed         | 2365        |
|    total_timesteps      | 321536      |
| train/                  |             |
|    approx_kl            | 0.009205358 |
|    clip_fraction        | 0.0651      |
|    clip_range           | 0.2         |
|    entropy_loss         | -0.437      |
|    explained_variance   | 0.103       |
|    learning_rate        | 0.0003      |
|    loss                 | 174         |
|    n_updates            | 1560        |
|    policy_gradient_loss | -0.006      |
|    value_loss           | 126         |
-----------------------------------------
FruitCounts | {'Fruit': 4, 'DecayFruit': 0, 'EnemyFruit': 3} |
-----------------------------------------
| rollout/                |             |
|    ep_len_mean          | 197         |
|    ep_rew_mean          | 25.9        |
| time/                   |             |
|    fps                  | 136         |
|    iterations           | 158         |
|    time_elapsed         | 2376        |
|    total_timesteps      | 323584      |
| train/                  |             |
|    approx_kl            | 0.005928058 |
|    clip_fraction        | 0.0693      |
|    clip_range           | 0.2         |
|    entropy_loss         | -0.445      |
|    explained_variance   | 0.0924      |
|    learning_rate        | 0.0003      |
|    loss                 | 25.5        |
|    n_updates            | 1570        |
|    policy_gradient_loss | -0.00295    |
|    value_loss           | 79.1        |
-----------------------------------------
FruitCounts | {'Fruit': 10, 'DecayFruit': 2, 'EnemyFruit': 9} |
-----------------------------------------
| rollout/                |             |
|    ep_len_mean          | 202         |
|    ep_rew_mean          | 24.4        |
| time/                   |             |
|    fps                  | 136         |
|    iterations           | 159         |
|    time_elapsed         | 2387        |
|    total_timesteps      | 325632      |
| train/                  |             |
|    approx_kl            | 0.006931678 |
|    clip_fraction        | 0.0726      |
|    clip_range           | 0.2         |
|    entropy_loss         | -0.417      |
|    explained_variance   | 0.0574      |
|    learning_rate        | 0.0003      |
|    loss                 | 62.3        |
|    n_updates            | 1580        |
|    policy_gradient_loss | -0.00367    |
|    value_loss           | 94.7        |
-----------------------------------------
FruitCounts | {'Fruit': 0, 'DecayFruit': 1, 'EnemyFruit': 0} |
-----------------------------------------
| rollout/                |             |
|    ep_len_mean          | 209         |
|    ep_rew_mean          | 25.2        |
| time/                   |             |
|    fps                  | 136         |
|    iterations           | 160         |
|    time_elapsed         | 2401        |
|    total_timesteps      | 327680      |
| train/                  |             |
|    approx_kl            | 0.007074139 |
|    clip_fraction        | 0.0805      |
|    clip_range           | 0.2         |
|    entropy_loss         | -0.423      |
|    explained_variance   | 0.164       |
|    learning_rate        | 0.0003      |
|    loss                 | 10.7        |
|    n_updates            | 1590        |
|    policy_gradient_loss | -0.00342    |
|    value_loss           | 37.9        |
-----------------------------------------
FruitCounts | {'Fruit': 1, 'DecayFruit': 1, 'EnemyFruit': 1} |
-----------------------------------------
| rollout/                |             |
|    ep_len_mean          | 215         |
|    ep_rew_mean          | 25.9        |
| time/                   |             |
|    fps                  | 136         |
|    iterations           | 161         |
|    time_elapsed         | 2412        |
|    total_timesteps      | 329728      |
| train/                  |             |
|    approx_kl            | 0.009153385 |
|    clip_fraction        | 0.0663      |
|    clip_range           | 0.2         |
|    entropy_loss         | -0.412      |
|    explained_variance   | 0.276       |
|    learning_rate        | 0.0003      |
|    loss                 | 12.9        |
|    n_updates            | 1600        |
|    policy_gradient_loss | -0.00295    |
|    value_loss           | 67.3        |
-----------------------------------------
FruitCounts | {'Fruit': 1, 'DecayFruit': 1, 'EnemyFruit': 1} |
------------------------------------------
| rollout/                |              |
|    ep_len_mean          | 214          |
|    ep_rew_mean          | 23           |
| time/                   |              |
|    fps                  | 136          |
|    iterations           | 162          |
|    time_elapsed         | 2425         |
|    total_timesteps      | 331776       |
| train/                  |              |
|    approx_kl            | 0.0063513666 |
|    clip_fraction        | 0.0771       |
|    clip_range           | 0.2          |
|    entropy_loss         | -0.433       |
|    explained_variance   | 0.119        |
|    learning_rate        | 0.0003       |
|    loss                 | 34.5         |
|    n_updates            | 1610         |
|    policy_gradient_loss | -0.00486     |
|    value_loss           | 136          |
------------------------------------------
FruitCounts | {'Fruit': 0, 'DecayFruit': 0, 'EnemyFruit': 0} |
-----------------------------------------
| rollout/                |             |
|    ep_len_mean          | 219         |
|    ep_rew_mean          | 23.9        |
| time/                   |             |
|    fps                  | 136         |
|    iterations           | 163         |
|    time_elapsed         | 2437        |
|    total_timesteps      | 333824      |
| train/                  |             |
|    approx_kl            | 0.008688824 |
|    clip_fraction        | 0.0953      |
|    clip_range           | 0.2         |
|    entropy_loss         | -0.41       |
|    explained_variance   | 0.259       |
|    learning_rate        | 0.0003      |
|    loss                 | 11.1        |
|    n_updates            | 1620        |
|    policy_gradient_loss | -0.00451    |
|    value_loss           | 36.9        |
-----------------------------------------
FruitCounts | {'Fruit': 0, 'DecayFruit': 0, 'EnemyFruit': 0} |
----------------------------------------
| rollout/                |            |
|    ep_len_mean          | 227        |
|    ep_rew_mean          | 26.3       |
| time/                   |            |
|    fps                  | 137        |
|    iterations           | 164        |
|    time_elapsed         | 2449       |
|    total_timesteps      | 335872     |
| train/                  |            |
|    approx_kl            | 0.00860708 |
|    clip_fraction        | 0.0787     |
|    clip_range           | 0.2        |
|    entropy_loss         | -0.436     |
|    explained_variance   | 0.0308     |
|    learning_rate        | 0.0003     |
|    loss                 | 69.9       |
|    n_updates            | 1630       |
|    policy_gradient_loss | -0.00233   |
|    value_loss           | 72.8       |
----------------------------------------
FruitCounts | {'Fruit': 0, 'DecayFruit': 0, 'EnemyFruit': 1} |
------------------------------------------
| rollout/                |              |
|    ep_len_mean          | 230          |
|    ep_rew_mean          | 24.8         |
| time/                   |              |
|    fps                  | 137          |
|    iterations           | 165          |
|    time_elapsed         | 2461         |
|    total_timesteps      | 337920       |
| train/                  |              |
|    approx_kl            | 0.0055759493 |
|    clip_fraction        | 0.0459       |
|    clip_range           | 0.2          |
|    entropy_loss         | -0.403       |
|    explained_variance   | 0.269        |
|    learning_rate        | 0.0003       |
|    loss                 | 53.2         |
|    n_updates            | 1640         |
|    policy_gradient_loss | -0.00217     |
|    value_loss           | 109          |
------------------------------------------
FruitCounts | {'Fruit': 1, 'DecayFruit': 0, 'EnemyFruit': 0} |
-----------------------------------------
| rollout/                |             |
|    ep_len_mean          | 233         |
|    ep_rew_mean          | 25          |
| time/                   |             |
|    fps                  | 137         |
|    iterations           | 166         |
|    time_elapsed         | 2472        |
|    total_timesteps      | 339968      |
| train/                  |             |
|    approx_kl            | 0.008182231 |
|    clip_fraction        | 0.0829      |
|    clip_range           | 0.2         |
|    entropy_loss         | -0.433      |
|    explained_variance   | 0.0873      |
|    learning_rate        | 0.0003      |
|    loss                 | 21.5        |
|    n_updates            | 1650        |
|    policy_gradient_loss | -0.0044     |
|    value_loss           | 92.9        |
-----------------------------------------
FruitCounts | {'Fruit': 1, 'DecayFruit': 0, 'EnemyFruit': 0} |
------------------------------------------
| rollout/                |              |
|    ep_len_mean          | 244          |
|    ep_rew_mean          | 26.2         |
| time/                   |              |
|    fps                  | 137          |
|    iterations           | 167          |
|    time_elapsed         | 2483         |
|    total_timesteps      | 342016       |
| train/                  |              |
|    approx_kl            | 0.0070600836 |
|    clip_fraction        | 0.0851       |
|    clip_range           | 0.2          |
|    entropy_loss         | -0.399       |
|    explained_variance   | 0.369        |
|    learning_rate        | 0.0003       |
|    loss                 | 7.89         |
|    n_updates            | 1660         |
|    policy_gradient_loss | -0.00052     |
|    value_loss           | 17.8         |
------------------------------------------
FruitCounts | {'Fruit': 0, 'DecayFruit': 0, 'EnemyFruit': 0} |
----------------------------------------
| rollout/                |            |
|    ep_len_mean          | 259        |
|    ep_rew_mean          | 27.1       |
| time/                   |            |
|    fps                  | 137        |
|    iterations           | 168        |
|    time_elapsed         | 2494       |
|    total_timesteps      | 344064     |
| train/                  |            |
|    approx_kl            | 0.00447332 |
|    clip_fraction        | 0.047      |
|    clip_range           | 0.2        |
|    entropy_loss         | -0.36      |
|    explained_variance   | 0.13       |
|    learning_rate        | 0.0003     |
|    loss                 | 28.9       |
|    n_updates            | 1670       |
|    policy_gradient_loss | -0.00168   |
|    value_loss           | 48         |
----------------------------------------
FruitCounts | {'Fruit': 4, 'DecayFruit': 0, 'EnemyFruit': 3} |
-----------------------------------------
| rollout/                |             |
|    ep_len_mean          | 259         |
|    ep_rew_mean          | 24.5        |
| time/                   |             |
|    fps                  | 138         |
|    iterations           | 169         |
|    time_elapsed         | 2506        |
|    total_timesteps      | 346112      |
| train/                  |             |
|    approx_kl            | 0.005973004 |
|    clip_fraction        | 0.063       |
|    clip_range           | 0.2         |
|    entropy_loss         | -0.405      |
|    explained_variance   | 0.169       |
|    learning_rate        | 0.0003      |
|    loss                 | 39.8        |
|    n_updates            | 1680        |
|    policy_gradient_loss | -0.00309    |
|    value_loss           | 63.7        |
-----------------------------------------
FruitCounts | {'Fruit': 0, 'DecayFruit': 0, 'EnemyFruit': 0} |
-----------------------------------------
| rollout/                |             |
|    ep_len_mean          | 265         |
|    ep_rew_mean          | 22.8        |
| time/                   |             |
|    fps                  | 138         |
|    iterations           | 170         |
|    time_elapsed         | 2516        |
|    total_timesteps      | 348160      |
| train/                  |             |
|    approx_kl            | 0.007818118 |
|    clip_fraction        | 0.0671      |
|    clip_range           | 0.2         |
|    entropy_loss         | -0.438      |
|    explained_variance   | 0.202       |
|    learning_rate        | 0.0003      |
|    loss                 | 19.9        |
|    n_updates            | 1690        |
|    policy_gradient_loss | -0.00316    |
|    value_loss           | 50.8        |
-----------------------------------------
FruitCounts | {'Fruit': 0, 'DecayFruit': 0, 'EnemyFruit': 0} |
-----------------------------------------
| rollout/                |             |
|    ep_len_mean          | 278         |
|    ep_rew_mean          | 24.2        |
| time/                   |             |
|    fps                  | 138         |
|    iterations           | 171         |
|    time_elapsed         | 2527        |
|    total_timesteps      | 350208      |
| train/                  |             |
|    approx_kl            | 0.008690888 |
|    clip_fraction        | 0.076       |
|    clip_range           | 0.2         |
|    entropy_loss         | -0.411      |
|    explained_variance   | -0.29       |
|    learning_rate        | 0.0003      |
|    loss                 | 12.8        |
|    n_updates            | 1700        |
|    policy_gradient_loss | -0.00425    |
|    value_loss           | 29.6        |
-----------------------------------------
FruitCounts | {'Fruit': 0, 'DecayFruit': 0, 'EnemyFruit': 0} |
-----------------------------------------
| rollout/                |             |
|    ep_len_mean          | 258         |
|    ep_rew_mean          | 25.3        |
| time/                   |             |
|    fps                  | 138         |
|    iterations           | 172         |
|    time_elapsed         | 2540        |
|    total_timesteps      | 352256      |
| train/                  |             |
|    approx_kl            | 0.009797151 |
|    clip_fraction        | 0.084       |
|    clip_range           | 0.2         |
|    entropy_loss         | -0.405      |
|    explained_variance   | 0.118       |
|    learning_rate        | 0.0003      |
|    loss                 | 18.3        |
|    n_updates            | 1710        |
|    policy_gradient_loss | -0.00434    |
|    value_loss           | 66.6        |
-----------------------------------------
FruitCounts | {'Fruit': 0, 'DecayFruit': 0, 'EnemyFruit': 0} |
------------------------------------------
| rollout/                |              |
|    ep_len_mean          | 269          |
|    ep_rew_mean          | 29.2         |
| time/                   |              |
|    fps                  | 138          |
|    iterations           | 173          |
|    time_elapsed         | 2552         |
|    total_timesteps      | 354304       |
| train/                  |              |
|    approx_kl            | 0.0043397155 |
|    clip_fraction        | 0.0422       |
|    clip_range           | 0.2          |
|    entropy_loss         | -0.411       |
|    explained_variance   | 0.0471       |
|    learning_rate        | 0.0003       |
|    loss                 | 39.2         |
|    n_updates            | 1720         |
|    policy_gradient_loss | -0.00391     |
|    value_loss           | 112          |
------------------------------------------
FruitCounts | {'Fruit': 4, 'DecayFruit': 1, 'EnemyFruit': 2} |
-----------------------------------------
| rollout/                |             |
|    ep_len_mean          | 275         |
|    ep_rew_mean          | 31.3        |
| time/                   |             |
|    fps                  | 139         |
|    iterations           | 174         |
|    time_elapsed         | 2562        |
|    total_timesteps      | 356352      |
| train/                  |             |
|    approx_kl            | 0.005556107 |
|    clip_fraction        | 0.0519      |
|    clip_range           | 0.2         |
|    entropy_loss         | -0.408      |
|    explained_variance   | 0.0855      |
|    learning_rate        | 0.0003      |
|    loss                 | 123         |
|    n_updates            | 1730        |
|    policy_gradient_loss | -0.00459    |
|    value_loss           | 98.7        |
-----------------------------------------
FruitCounts | {'Fruit': 2, 'DecayFruit': 0, 'EnemyFruit': 1} |
------------------------------------------
| rollout/                |              |
|    ep_len_mean          | 268          |
|    ep_rew_mean          | 30.3         |
| time/                   |              |
|    fps                  | 139          |
|    iterations           | 175          |
|    time_elapsed         | 2575         |
|    total_timesteps      | 358400       |
| train/                  |              |
|    approx_kl            | 0.0090429485 |
|    clip_fraction        | 0.0637       |
|    clip_range           | 0.2          |
|    entropy_loss         | -0.387       |
|    explained_variance   | 0.104        |
|    learning_rate        | 0.0003       |
|    loss                 | 19.5         |
|    n_updates            | 1740         |
|    policy_gradient_loss | -0.00488     |
|    value_loss           | 90.6         |
------------------------------------------
FruitCounts | {'Fruit': 0, 'DecayFruit': 0, 'EnemyFruit': 0} |
------------------------------------------
| rollout/                |              |
|    ep_len_mean          | 282          |
|    ep_rew_mean          | 31.2         |
| time/                   |              |
|    fps                  | 139          |
|    iterations           | 176          |
|    time_elapsed         | 2587         |
|    total_timesteps      | 360448       |
| train/                  |              |
|    approx_kl            | 0.0061123306 |
|    clip_fraction        | 0.0568       |
|    clip_range           | 0.2          |
|    entropy_loss         | -0.392       |
|    explained_variance   | 0.015        |
|    learning_rate        | 0.0003       |
|    loss                 | 21.3         |
|    n_updates            | 1750         |
|    policy_gradient_loss | -0.00359     |
|    value_loss           | 57.1         |
------------------------------------------
FruitCounts | {'Fruit': 0, 'DecayFruit': 0, 'EnemyFruit': 0} |
-----------------------------------------
| rollout/                |             |
|    ep_len_mean          | 276         |
|    ep_rew_mean          | 29.3        |
| time/                   |             |
|    fps                  | 139         |
|    iterations           | 177         |
|    time_elapsed         | 2599        |
|    total_timesteps      | 362496      |
| train/                  |             |
|    approx_kl            | 0.007670922 |
|    clip_fraction        | 0.0811      |
|    clip_range           | 0.2         |
|    entropy_loss         | -0.365      |
|    explained_variance   | 0.107       |
|    learning_rate        | 0.0003      |
|    loss                 | 9.39        |
|    n_updates            | 1760        |
|    policy_gradient_loss | -0.00407    |
|    value_loss           | 33.1        |
-----------------------------------------
FruitCounts | {'Fruit': 0, 'DecayFruit': 0, 'EnemyFruit': 0} |
-----------------------------------------
| rollout/                |             |
|    ep_len_mean          | 281         |
|    ep_rew_mean          | 30.2        |
| time/                   |             |
|    fps                  | 139         |
|    iterations           | 178         |
|    time_elapsed         | 2612        |
|    total_timesteps      | 364544      |
| train/                  |             |
|    approx_kl            | 0.012946393 |
|    clip_fraction        | 0.0822      |
|    clip_range           | 0.2         |
|    entropy_loss         | -0.39       |
|    explained_variance   | 0.154       |
|    learning_rate        | 0.0003      |
|    loss                 | 20.3        |
|    n_updates            | 1770        |
|    policy_gradient_loss | -0.0019     |
|    value_loss           | 42.3        |
-----------------------------------------
FruitCounts | {'Fruit': 4, 'DecayFruit': 0, 'EnemyFruit': 1} |
-----------------------------------------
| rollout/                |             |
|    ep_len_mean          | 266         |
|    ep_rew_mean          | 31.5        |
| time/                   |             |
|    fps                  | 139         |
|    iterations           | 179         |
|    time_elapsed         | 2623        |
|    total_timesteps      | 366592      |
| train/                  |             |
|    approx_kl            | 0.011757217 |
|    clip_fraction        | 0.0901      |
|    clip_range           | 0.2         |
|    entropy_loss         | -0.395      |
|    explained_variance   | 0.216       |
|    learning_rate        | 0.0003      |
|    loss                 | 50.3        |
|    n_updates            | 1780        |
|    policy_gradient_loss | -0.00507    |
|    value_loss           | 64.9        |
-----------------------------------------
FruitCounts | {'Fruit': 1, 'DecayFruit': 0, 'EnemyFruit': 0} |
-----------------------------------------
| rollout/                |             |
|    ep_len_mean          | 260         |
|    ep_rew_mean          | 31.3        |
| time/                   |             |
|    fps                  | 139         |
|    iterations           | 180         |
|    time_elapsed         | 2635        |
|    total_timesteps      | 368640      |
| train/                  |             |
|    approx_kl            | 0.005235902 |
|    clip_fraction        | 0.051       |
|    clip_range           | 0.2         |
|    entropy_loss         | -0.371      |
|    explained_variance   | -0.00585    |
|    learning_rate        | 0.0003      |
|    loss                 | 26.8        |
|    n_updates            | 1790        |
|    policy_gradient_loss | -0.0038     |
|    value_loss           | 70.2        |
-----------------------------------------
FruitCounts | {'Fruit': 0, 'DecayFruit': 0, 'EnemyFruit': 1} |
-----------------------------------------
| rollout/                |             |
|    ep_len_mean          | 253         |
|    ep_rew_mean          | 34          |
| time/                   |             |
|    fps                  | 140         |
|    iterations           | 181         |
|    time_elapsed         | 2647        |
|    total_timesteps      | 370688      |
| train/                  |             |
|    approx_kl            | 0.005800803 |
|    clip_fraction        | 0.0601      |
|    clip_range           | 0.2         |
|    entropy_loss         | -0.384      |
|    explained_variance   | -0.0364     |
|    learning_rate        | 0.0003      |
|    loss                 | 24.6        |
|    n_updates            | 1800        |
|    policy_gradient_loss | -0.00249    |
|    value_loss           | 56.6        |
-----------------------------------------
FruitCounts | {'Fruit': 3, 'DecayFruit': 0, 'EnemyFruit': 0} |
------------------------------------------
| rollout/                |              |
|    ep_len_mean          | 250          |
|    ep_rew_mean          | 34.2         |
| time/                   |              |
|    fps                  | 140          |
|    iterations           | 182          |
|    time_elapsed         | 2658         |
|    total_timesteps      | 372736       |
| train/                  |              |
|    approx_kl            | 0.0066241752 |
|    clip_fraction        | 0.0684       |
|    clip_range           | 0.2          |
|    entropy_loss         | -0.383       |
|    explained_variance   | 0.0221       |
|    learning_rate        | 0.0003       |
|    loss                 | 57.1         |
|    n_updates            | 1810         |
|    policy_gradient_loss | -0.00261     |
|    value_loss           | 124          |
------------------------------------------
FruitCounts | {'Fruit': 2, 'DecayFruit': 0, 'EnemyFruit': 0} |
-----------------------------------------
| rollout/                |             |
|    ep_len_mean          | 245         |
|    ep_rew_mean          | 34.8        |
| time/                   |             |
|    fps                  | 140         |
|    iterations           | 183         |
|    time_elapsed         | 2670        |
|    total_timesteps      | 374784      |
| train/                  |             |
|    approx_kl            | 0.006579733 |
|    clip_fraction        | 0.0543      |
|    clip_range           | 0.2         |
|    entropy_loss         | -0.35       |
|    explained_variance   | 0.12        |
|    learning_rate        | 0.0003      |
|    loss                 | 30.5        |
|    n_updates            | 1820        |
|    policy_gradient_loss | -0.00231    |
|    value_loss           | 61.5        |
-----------------------------------------
FruitCounts | {'Fruit': 0, 'DecayFruit': 0, 'EnemyFruit': 0} |
-----------------------------------------
| rollout/                |             |
|    ep_len_mean          | 253         |
|    ep_rew_mean          | 36.6        |
| time/                   |             |
|    fps                  | 140         |
|    iterations           | 184         |
|    time_elapsed         | 2682        |
|    total_timesteps      | 376832      |
| train/                  |             |
|    approx_kl            | 0.005099091 |
|    clip_fraction        | 0.0503      |
|    clip_range           | 0.2         |
|    entropy_loss         | -0.385      |
|    explained_variance   | 0.249       |
|    learning_rate        | 0.0003      |
|    loss                 | 97.5        |
|    n_updates            | 1830        |
|    policy_gradient_loss | -0.00265    |
|    value_loss           | 119         |
-----------------------------------------
FruitCounts | {'Fruit': 3, 'DecayFruit': 1, 'EnemyFruit': 0} |
------------------------------------------
| rollout/                |              |
|    ep_len_mean          | 250          |
|    ep_rew_mean          | 33.6         |
| time/                   |              |
|    fps                  | 140          |
|    iterations           | 185          |
|    time_elapsed         | 2693         |
|    total_timesteps      | 378880       |
| train/                  |              |
|    approx_kl            | 0.0064918315 |
|    clip_fraction        | 0.0523       |
|    clip_range           | 0.2          |
|    entropy_loss         | -0.36        |
|    explained_variance   | 0.0321       |
|    learning_rate        | 0.0003       |
|    loss                 | 29.8         |
|    n_updates            | 1840         |
|    policy_gradient_loss | -0.00111     |
|    value_loss           | 75.5         |
------------------------------------------
FruitCounts | {'Fruit': 0, 'DecayFruit': 0, 'EnemyFruit': 2} |
------------------------------------------
| rollout/                |              |
|    ep_len_mean          | 251          |
|    ep_rew_mean          | 34.9         |
| time/                   |              |
|    fps                  | 140          |
|    iterations           | 186          |
|    time_elapsed         | 2705         |
|    total_timesteps      | 380928       |
| train/                  |              |
|    approx_kl            | 0.0053406595 |
|    clip_fraction        | 0.0709       |
|    clip_range           | 0.2          |
|    entropy_loss         | -0.399       |
|    explained_variance   | 0.187        |
|    learning_rate        | 0.0003       |
|    loss                 | 60.3         |
|    n_updates            | 1850         |
|    policy_gradient_loss | -0.00266     |
|    value_loss           | 81.9         |
------------------------------------------
FruitCounts | {'Fruit': 1, 'DecayFruit': 0, 'EnemyFruit': 1} |
-----------------------------------------
| rollout/                |             |
|    ep_len_mean          | 258         |
|    ep_rew_mean          | 36.2        |
| time/                   |             |
|    fps                  | 140         |
|    iterations           | 187         |
|    time_elapsed         | 2716        |
|    total_timesteps      | 382976      |
| train/                  |             |
|    approx_kl            | 0.010956835 |
|    clip_fraction        | 0.0974      |
|    clip_range           | 0.2         |
|    entropy_loss         | -0.383      |
|    explained_variance   | 0.275       |
|    learning_rate        | 0.0003      |
|    loss                 | 34          |
|    n_updates            | 1860        |
|    policy_gradient_loss | -0.00265    |
|    value_loss           | 47.5        |
-----------------------------------------
FruitCounts | {'Fruit': 3, 'DecayFruit': 2, 'EnemyFruit': 2} |
---------------------------------------
| rollout/                |           |
|    ep_len_mean          | 269       |
|    ep_rew_mean          | 37.1      |
| time/                   |           |
|    fps                  | 141       |
|    iterations           | 188       |
|    time_elapsed         | 2727      |
|    total_timesteps      | 385024    |
| train/                  |           |
|    approx_kl            | 0.0085168 |
|    clip_fraction        | 0.0695    |
|    clip_range           | 0.2       |
|    entropy_loss         | -0.389    |
|    explained_variance   | 0.015     |
|    learning_rate        | 0.0003    |
|    loss                 | 104       |
|    n_updates            | 1870      |
|    policy_gradient_loss | -0.00487  |
|    value_loss           | 137       |
---------------------------------------
FruitCounts | {'Fruit': 4, 'DecayFruit': 0, 'EnemyFruit': 3} |
------------------------------------------
| rollout/                |              |
|    ep_len_mean          | 263          |
|    ep_rew_mean          | 36.1         |
| time/                   |              |
|    fps                  | 141          |
|    iterations           | 189          |
|    time_elapsed         | 2738         |
|    total_timesteps      | 387072       |
| train/                  |              |
|    approx_kl            | 0.0071423072 |
|    clip_fraction        | 0.0881       |
|    clip_range           | 0.2          |
|    entropy_loss         | -0.35        |
|    explained_variance   | 0.205        |
|    learning_rate        | 0.0003       |
|    loss                 | 18.2         |
|    n_updates            | 1880         |
|    policy_gradient_loss | -0.00216     |
|    value_loss           | 64           |
------------------------------------------
FruitCounts | {'Fruit': 0, 'DecayFruit': 0, 'EnemyFruit': 0} |
-----------------------------------------
| rollout/                |             |
|    ep_len_mean          | 279         |
|    ep_rew_mean          | 40          |
| time/                   |             |
|    fps                  | 141         |
|    iterations           | 190         |
|    time_elapsed         | 2750        |
|    total_timesteps      | 389120      |
| train/                  |             |
|    approx_kl            | 0.007425892 |
|    clip_fraction        | 0.0808      |
|    clip_range           | 0.2         |
|    entropy_loss         | -0.358      |
|    explained_variance   | -0.00695    |
|    learning_rate        | 0.0003      |
|    loss                 | 17.1        |
|    n_updates            | 1890        |
|    policy_gradient_loss | -0.00113    |
|    value_loss           | 62.5        |
-----------------------------------------
FruitCounts | {'Fruit': 1, 'DecayFruit': 1, 'EnemyFruit': 0} |
-----------------------------------------
| rollout/                |             |
|    ep_len_mean          | 266         |
|    ep_rew_mean          | 38.6        |
| time/                   |             |
|    fps                  | 141         |
|    iterations           | 191         |
|    time_elapsed         | 2765        |
|    total_timesteps      | 391168      |
| train/                  |             |
|    approx_kl            | 0.006752612 |
|    clip_fraction        | 0.0571      |
|    clip_range           | 0.2         |
|    entropy_loss         | -0.347      |
|    explained_variance   | 0.0764      |
|    learning_rate        | 0.0003      |
|    loss                 | 53.5        |
|    n_updates            | 1900        |
|    policy_gradient_loss | -0.00223    |
|    value_loss           | 135         |
-----------------------------------------
FruitCounts | {'Fruit': 1, 'DecayFruit': 0, 'EnemyFruit': 0} |
------------------------------------------
| rollout/                |              |
|    ep_len_mean          | 260          |
|    ep_rew_mean          | 38.5         |
| time/                   |              |
|    fps                  | 141          |
|    iterations           | 192          |
|    time_elapsed         | 2778         |
|    total_timesteps      | 393216       |
| train/                  |              |
|    approx_kl            | 0.0043732584 |
|    clip_fraction        | 0.0628       |
|    clip_range           | 0.2          |
|    entropy_loss         | -0.351       |
|    explained_variance   | 0.221        |
|    learning_rate        | 0.0003       |
|    loss                 | 27.2         |
|    n_updates            | 1910         |
|    policy_gradient_loss | -0.00414     |
|    value_loss           | 81.7         |
------------------------------------------
FruitCounts | {'Fruit': 2, 'DecayFruit': 0, 'EnemyFruit': 0} |
-----------------------------------------
| rollout/                |             |
|    ep_len_mean          | 259         |
|    ep_rew_mean          | 36.9        |
| time/                   |             |
|    fps                  | 141         |
|    iterations           | 193         |
|    time_elapsed         | 2789        |
|    total_timesteps      | 395264      |
| train/                  |             |
|    approx_kl            | 0.005859114 |
|    clip_fraction        | 0.0544      |
|    clip_range           | 0.2         |
|    entropy_loss         | -0.356      |
|    explained_variance   | 0.114       |
|    learning_rate        | 0.0003      |
|    loss                 | 53.6        |
|    n_updates            | 1920        |
|    policy_gradient_loss | -0.0045     |
|    value_loss           | 99.7        |
-----------------------------------------
FruitCounts | {'Fruit': 3, 'DecayFruit': 0, 'EnemyFruit': 2} |
------------------------------------------
| rollout/                |              |
|    ep_len_mean          | 268          |
|    ep_rew_mean          | 36.9         |
| time/                   |              |
|    fps                  | 141          |
|    iterations           | 194          |
|    time_elapsed         | 2800         |
|    total_timesteps      | 397312       |
| train/                  |              |
|    approx_kl            | 0.0051737055 |
|    clip_fraction        | 0.0695       |
|    clip_range           | 0.2          |
|    entropy_loss         | -0.359       |
|    explained_variance   | 0.193        |
|    learning_rate        | 0.0003       |
|    loss                 | 57.7         |
|    n_updates            | 1930         |
|    policy_gradient_loss | -0.000807    |
|    value_loss           | 70.7         |
------------------------------------------
FruitCounts | {'Fruit': 1, 'DecayFruit': 1, 'EnemyFruit': 0} |
-----------------------------------------
| rollout/                |             |
|    ep_len_mean          | 277         |
|    ep_rew_mean          | 37.7        |
| time/                   |             |
|    fps                  | 142         |
|    iterations           | 195         |
|    time_elapsed         | 2811        |
|    total_timesteps      | 399360      |
| train/                  |             |
|    approx_kl            | 0.008803736 |
|    clip_fraction        | 0.0822      |
|    clip_range           | 0.2         |
|    entropy_loss         | -0.347      |
|    explained_variance   | 0.0915      |
|    learning_rate        | 0.0003      |
|    loss                 | 14.2        |
|    n_updates            | 1940        |
|    policy_gradient_loss | -0.00301    |
|    value_loss           | 31.6        |
-----------------------------------------
FruitCounts | {'Fruit': 3, 'DecayFruit': 0, 'EnemyFruit': 1} |
------------------------------------------
| rollout/                |              |
|    ep_len_mean          | 266          |
|    ep_rew_mean          | 31.9         |
| time/                   |              |
|    fps                  | 142          |
|    iterations           | 196          |
|    time_elapsed         | 2823         |
|    total_timesteps      | 401408       |
| train/                  |              |
|    approx_kl            | 0.0073561696 |
|    clip_fraction        | 0.0816       |
|    clip_range           | 0.2          |
|    entropy_loss         | -0.34        |
|    explained_variance   | 0.255        |
|    learning_rate        | 0.0003       |
|    loss                 | 23.4         |
|    n_updates            | 1950         |
|    policy_gradient_loss | -0.00291     |
|    value_loss           | 26.9         |
------------------------------------------
FruitCounts | {'Fruit': 5, 'DecayFruit': 0, 'EnemyFruit': 0} |
-----------------------------------------
| rollout/                |             |
|    ep_len_mean          | 273         |
|    ep_rew_mean          | 33.1        |
| time/                   |             |
|    fps                  | 142         |
|    iterations           | 197         |
|    time_elapsed         | 2834        |
|    total_timesteps      | 403456      |
| train/                  |             |
|    approx_kl            | 0.007318987 |
|    clip_fraction        | 0.0826      |
|    clip_range           | 0.2         |
|    entropy_loss         | -0.358      |
|    explained_variance   | 0.0297      |
|    learning_rate        | 0.0003      |
|    loss                 | 22.9        |
|    n_updates            | 1960        |
|    policy_gradient_loss | -0.00306    |
|    value_loss           | 39.3        |
-----------------------------------------
FruitCounts | {'Fruit': 5, 'DecayFruit': 0, 'EnemyFruit': 1} |
-----------------------------------------
| rollout/                |             |
|    ep_len_mean          | 272         |
|    ep_rew_mean          | 34.1        |
| time/                   |             |
|    fps                  | 142         |
|    iterations           | 198         |
|    time_elapsed         | 2846        |
|    total_timesteps      | 405504      |
| train/                  |             |
|    approx_kl            | 0.009329568 |
|    clip_fraction        | 0.0883      |
|    clip_range           | 0.2         |
|    entropy_loss         | -0.374      |
|    explained_variance   | 0.268       |
|    learning_rate        | 0.0003      |
|    loss                 | 15.4        |
|    n_updates            | 1970        |
|    policy_gradient_loss | -0.00412    |
|    value_loss           | 37.4        |
-----------------------------------------
FruitCounts | {'Fruit': 0, 'DecayFruit': 0, 'EnemyFruit': 0} |
-----------------------------------------
| rollout/                |             |
|    ep_len_mean          | 271         |
|    ep_rew_mean          | 35.9        |
| time/                   |             |
|    fps                  | 142         |
|    iterations           | 199         |
|    time_elapsed         | 2858        |
|    total_timesteps      | 407552      |
| train/                  |             |
|    approx_kl            | 0.003621761 |
|    clip_fraction        | 0.0573      |
|    clip_range           | 0.2         |
|    entropy_loss         | -0.361      |
|    explained_variance   | -0.0196     |
|    learning_rate        | 0.0003      |
|    loss                 | 39.8        |
|    n_updates            | 1980        |
|    policy_gradient_loss | -0.00266    |
|    value_loss           | 98.1        |
-----------------------------------------
FruitCounts | {'Fruit': 0, 'DecayFruit': 0, 'EnemyFruit': 0} |
------------------------------------------
| rollout/                |              |
|    ep_len_mean          | 250          |
|    ep_rew_mean          | 30.2         |
| time/                   |              |
|    fps                  | 142          |
|    iterations           | 200          |
|    time_elapsed         | 2872         |
|    total_timesteps      | 409600       |
| train/                  |              |
|    approx_kl            | 0.0059691705 |
|    clip_fraction        | 0.0591       |
|    clip_range           | 0.2          |
|    entropy_loss         | -0.332       |
|    explained_variance   | 0.0736       |
|    learning_rate        | 0.0003       |
|    loss                 | 45.9         |
|    n_updates            | 1990         |
|    policy_gradient_loss | -0.00455     |
|    value_loss           | 124          |
------------------------------------------
FruitCounts | {'Fruit': 0, 'DecayFruit': 0, 'EnemyFruit': 0} |
-----------------------------------------
| rollout/                |             |
|    ep_len_mean          | 223         |
|    ep_rew_mean          | 27.7        |
| time/                   |             |
|    fps                  | 142         |
|    iterations           | 201         |
|    time_elapsed         | 2885        |
|    total_timesteps      | 411648      |
| train/                  |             |
|    approx_kl            | 0.008650003 |
|    clip_fraction        | 0.0854      |
|    clip_range           | 0.2         |
|    entropy_loss         | -0.331      |
|    explained_variance   | -0.0139     |
|    learning_rate        | 0.0003      |
|    loss                 | 22.2        |
|    n_updates            | 2000        |
|    policy_gradient_loss | -0.000515   |
|    value_loss           | 44.6        |
-----------------------------------------
FruitCounts | {'Fruit': 0, 'DecayFruit': 0, 'EnemyFruit': 1} |
-----------------------------------------
| rollout/                |             |
|    ep_len_mean          | 236         |
|    ep_rew_mean          | 31.7        |
| time/                   |             |
|    fps                  | 142         |
|    iterations           | 202         |
|    time_elapsed         | 2896        |
|    total_timesteps      | 413696      |
| train/                  |             |
|    approx_kl            | 0.006548188 |
|    clip_fraction        | 0.0675      |
|    clip_range           | 0.2         |
|    entropy_loss         | -0.31       |
|    explained_variance   | 0.12        |
|    learning_rate        | 0.0003      |
|    loss                 | 130         |
|    n_updates            | 2010        |
|    policy_gradient_loss | -0.00366    |
|    value_loss           | 93.1        |
-----------------------------------------
FruitCounts | {'Fruit': 4, 'DecayFruit': 0, 'EnemyFruit': 1} |
-----------------------------------------
| rollout/                |             |
|    ep_len_mean          | 245         |
|    ep_rew_mean          | 32.6        |
| time/                   |             |
|    fps                  | 142         |
|    iterations           | 203         |
|    time_elapsed         | 2908        |
|    total_timesteps      | 415744      |
| train/                  |             |
|    approx_kl            | 0.005634421 |
|    clip_fraction        | 0.0499      |
|    clip_range           | 0.2         |
|    entropy_loss         | -0.333      |
|    explained_variance   | 0.115       |
|    learning_rate        | 0.0003      |
|    loss                 | 62          |
|    n_updates            | 2020        |
|    policy_gradient_loss | -0.00246    |
|    value_loss           | 139         |
-----------------------------------------
FruitCounts | {'Fruit': 5, 'DecayFruit': 1, 'EnemyFruit': 5} |
------------------------------------------
| rollout/                |              |
|    ep_len_mean          | 260          |
|    ep_rew_mean          | 35.5         |
| time/                   |              |
|    fps                  | 143          |
|    iterations           | 204          |
|    time_elapsed         | 2918         |
|    total_timesteps      | 417792       |
| train/                  |              |
|    approx_kl            | 0.0116093755 |
|    clip_fraction        | 0.0885       |
|    clip_range           | 0.2          |
|    entropy_loss         | -0.342       |
|    explained_variance   | 0.316        |
|    learning_rate        | 0.0003       |
|    loss                 | 10.7         |
|    n_updates            | 2030         |
|    policy_gradient_loss | -0.00502     |
|    value_loss           | 45.6         |
------------------------------------------
FruitCounts | {'Fruit': 7, 'DecayFruit': 0, 'EnemyFruit': 5} |
------------------------------------------
| rollout/                |              |
|    ep_len_mean          | 269          |
|    ep_rew_mean          | 37.6         |
| time/                   |              |
|    fps                  | 143          |
|    iterations           | 205          |
|    time_elapsed         | 2929         |
|    total_timesteps      | 419840       |
| train/                  |              |
|    approx_kl            | 0.0053921286 |
|    clip_fraction        | 0.0673       |
|    clip_range           | 0.2          |
|    entropy_loss         | -0.348       |
|    explained_variance   | 0.201        |
|    learning_rate        | 0.0003       |
|    loss                 | 32.8         |
|    n_updates            | 2040         |
|    policy_gradient_loss | -0.00243     |
|    value_loss           | 57.2         |
------------------------------------------
FruitCounts | {'Fruit': 0, 'DecayFruit': 0, 'EnemyFruit': 0} |
-----------------------------------------
| rollout/                |             |
|    ep_len_mean          | 281         |
|    ep_rew_mean          | 40.6        |
| time/                   |             |
|    fps                  | 143         |
|    iterations           | 206         |
|    time_elapsed         | 2941        |
|    total_timesteps      | 421888      |
| train/                  |             |
|    approx_kl            | 0.011645794 |
|    clip_fraction        | 0.0692      |
|    clip_range           | 0.2         |
|    entropy_loss         | -0.342      |
|    explained_variance   | 0.103       |
|    learning_rate        | 0.0003      |
|    loss                 | 49.8        |
|    n_updates            | 2050        |
|    policy_gradient_loss | -0.00379    |
|    value_loss           | 125         |
-----------------------------------------
FruitCounts | {'Fruit': 0, 'DecayFruit': 0, 'EnemyFruit': 0} |
-----------------------------------------
| rollout/                |             |
|    ep_len_mean          | 251         |
|    ep_rew_mean          | 42.3        |
| time/                   |             |
|    fps                  | 143         |
|    iterations           | 207         |
|    time_elapsed         | 2953        |
|    total_timesteps      | 423936      |
| train/                  |             |
|    approx_kl            | 0.005161576 |
|    clip_fraction        | 0.063       |
|    clip_range           | 0.2         |
|    entropy_loss         | -0.344      |
|    explained_variance   | 0.151       |
|    learning_rate        | 0.0003      |
|    loss                 | 29.4        |
|    n_updates            | 2060        |
|    policy_gradient_loss | -0.00195    |
|    value_loss           | 75.5        |
-----------------------------------------
FruitCounts | {'Fruit': 2, 'DecayFruit': 1, 'EnemyFruit': 0} |
------------------------------------------
| rollout/                |              |
|    ep_len_mean          | 259          |
|    ep_rew_mean          | 43.1         |
| time/                   |              |
|    fps                  | 143          |
|    iterations           | 208          |
|    time_elapsed         | 2963         |
|    total_timesteps      | 425984       |
| train/                  |              |
|    approx_kl            | 0.0049335407 |
|    clip_fraction        | 0.0592       |
|    clip_range           | 0.2          |
|    entropy_loss         | -0.322       |
|    explained_variance   | 0.201        |
|    learning_rate        | 0.0003       |
|    loss                 | 31.7         |
|    n_updates            | 2070         |
|    policy_gradient_loss | -0.00246     |
|    value_loss           | 114          |
------------------------------------------
FruitCounts | {'Fruit': 3, 'DecayFruit': 0, 'EnemyFruit': 1} |
-----------------------------------------
| rollout/                |             |
|    ep_len_mean          | 266         |
|    ep_rew_mean          | 46.7        |
| time/                   |             |
|    fps                  | 143         |
|    iterations           | 209         |
|    time_elapsed         | 2974        |
|    total_timesteps      | 428032      |
| train/                  |             |
|    approx_kl            | 0.008167401 |
|    clip_fraction        | 0.058       |
|    clip_range           | 0.2         |
|    entropy_loss         | -0.355      |
|    explained_variance   | 0.275       |
|    learning_rate        | 0.0003      |
|    loss                 | 23.1        |
|    n_updates            | 2080        |
|    policy_gradient_loss | -0.00143    |
|    value_loss           | 56.6        |
-----------------------------------------
FruitCounts | {'Fruit': 3, 'DecayFruit': 0, 'EnemyFruit': 3} |
------------------------------------------
| rollout/                |              |
|    ep_len_mean          | 254          |
|    ep_rew_mean          | 42.6         |
| time/                   |              |
|    fps                  | 143          |
|    iterations           | 210          |
|    time_elapsed         | 2986         |
|    total_timesteps      | 430080       |
| train/                  |              |
|    approx_kl            | 0.0051365932 |
|    clip_fraction        | 0.0655       |
|    clip_range           | 0.2          |
|    entropy_loss         | -0.332       |
|    explained_variance   | 0.174        |
|    learning_rate        | 0.0003       |
|    loss                 | 31           |
|    n_updates            | 2090         |
|    policy_gradient_loss | -0.00312     |
|    value_loss           | 82.5         |
------------------------------------------
FruitCounts | {'Fruit': 2, 'DecayFruit': 0, 'EnemyFruit': 0} |
-----------------------------------------
| rollout/                |             |
|    ep_len_mean          | 271         |
|    ep_rew_mean          | 44.3        |
| time/                   |             |
|    fps                  | 144         |
|    iterations           | 211         |
|    time_elapsed         | 2997        |
|    total_timesteps      | 432128      |
| train/                  |             |
|    approx_kl            | 0.007850144 |
|    clip_fraction        | 0.0933      |
|    clip_range           | 0.2         |
|    entropy_loss         | -0.363      |
|    explained_variance   | 0.219       |
|    learning_rate        | 0.0003      |
|    loss                 | 24.1        |
|    n_updates            | 2100        |
|    policy_gradient_loss | -0.00148    |
|    value_loss           | 43.7        |
-----------------------------------------
FruitCounts | {'Fruit': 8, 'DecayFruit': 0, 'EnemyFruit': 4} |
----------------------------------------
| rollout/                |            |
|    ep_len_mean          | 270        |
|    ep_rew_mean          | 46.3       |
| time/                   |            |
|    fps                  | 144        |
|    iterations           | 212        |
|    time_elapsed         | 3008       |
|    total_timesteps      | 434176     |
| train/                  |            |
|    approx_kl            | 0.00879677 |
|    clip_fraction        | 0.0756     |
|    clip_range           | 0.2        |
|    entropy_loss         | -0.344     |
|    explained_variance   | 0.109      |
|    learning_rate        | 0.0003     |
|    loss                 | 16.3       |
|    n_updates            | 2110       |
|    policy_gradient_loss | -0.00311   |
|    value_loss           | 46.8       |
----------------------------------------
FruitCounts | {'Fruit': 1, 'DecayFruit': 0, 'EnemyFruit': 0} |
------------------------------------------
| rollout/                |              |
|    ep_len_mean          | 279          |
|    ep_rew_mean          | 48.4         |
| time/                   |              |
|    fps                  | 144          |
|    iterations           | 213          |
|    time_elapsed         | 3019         |
|    total_timesteps      | 436224       |
| train/                  |              |
|    approx_kl            | 0.0056198966 |
|    clip_fraction        | 0.0556       |
|    clip_range           | 0.2          |
|    entropy_loss         | -0.344       |
|    explained_variance   | 0.129        |
|    learning_rate        | 0.0003       |
|    loss                 | 43.9         |
|    n_updates            | 2120         |
|    policy_gradient_loss | -0.00394     |
|    value_loss           | 124          |
------------------------------------------
FruitCounts | {'Fruit': 1, 'DecayFruit': 0, 'EnemyFruit': 0} |
-----------------------------------------
| rollout/                |             |
|    ep_len_mean          | 286         |
|    ep_rew_mean          | 50.5        |
| time/                   |             |
|    fps                  | 144         |
|    iterations           | 214         |
|    time_elapsed         | 3031        |
|    total_timesteps      | 438272      |
| train/                  |             |
|    approx_kl            | 0.006131646 |
|    clip_fraction        | 0.062       |
|    clip_range           | 0.2         |
|    entropy_loss         | -0.334      |
|    explained_variance   | 0.105       |
|    learning_rate        | 0.0003      |
|    loss                 | 33.8        |
|    n_updates            | 2130        |
|    policy_gradient_loss | -0.00235    |
|    value_loss           | 67.8        |
-----------------------------------------
FruitCounts | {'Fruit': 2, 'DecayFruit': 0, 'EnemyFruit': 0} |
-----------------------------------------
| rollout/                |             |
|    ep_len_mean          | 298         |
|    ep_rew_mean          | 53          |
| time/                   |             |
|    fps                  | 144         |
|    iterations           | 215         |
|    time_elapsed         | 3042        |
|    total_timesteps      | 440320      |
| train/                  |             |
|    approx_kl            | 0.007952771 |
|    clip_fraction        | 0.0887      |
|    clip_range           | 0.2         |
|    entropy_loss         | -0.361      |
|    explained_variance   | 0.274       |
|    learning_rate        | 0.0003      |
|    loss                 | 20          |
|    n_updates            | 2140        |
|    policy_gradient_loss | -0.00359    |
|    value_loss           | 41.8        |
-----------------------------------------
FruitCounts | {'Fruit': 4, 'DecayFruit': 0, 'EnemyFruit': 5} |
------------------------------------------
| rollout/                |              |
|    ep_len_mean          | 290          |
|    ep_rew_mean          | 54           |
| time/                   |              |
|    fps                  | 144          |
|    iterations           | 216          |
|    time_elapsed         | 3054         |
|    total_timesteps      | 442368       |
| train/                  |              |
|    approx_kl            | 0.0065298625 |
|    clip_fraction        | 0.0645       |
|    clip_range           | 0.2          |
|    entropy_loss         | -0.329       |
|    explained_variance   | 0.294        |
|    learning_rate        | 0.0003       |
|    loss                 | 27.2         |
|    n_updates            | 2150         |
|    policy_gradient_loss | -0.00305     |
|    value_loss           | 46.6         |
------------------------------------------
FruitCounts | {'Fruit': 7, 'DecayFruit': 1, 'EnemyFruit': 1} |
-----------------------------------------
| rollout/                |             |
|    ep_len_mean          | 291         |
|    ep_rew_mean          | 51.6        |
| time/                   |             |
|    fps                  | 144         |
|    iterations           | 217         |
|    time_elapsed         | 3065        |
|    total_timesteps      | 444416      |
| train/                  |             |
|    approx_kl            | 0.007068786 |
|    clip_fraction        | 0.0574      |
|    clip_range           | 0.2         |
|    entropy_loss         | -0.349      |
|    explained_variance   | 0.0863      |
|    learning_rate        | 0.0003      |
|    loss                 | 29.3        |
|    n_updates            | 2160        |
|    policy_gradient_loss | -0.00457    |
|    value_loss           | 73.8        |
-----------------------------------------
FruitCounts | {'Fruit': 2, 'DecayFruit': 0, 'EnemyFruit': 0} |
-----------------------------------------
| rollout/                |             |
|    ep_len_mean          | 273         |
|    ep_rew_mean          | 48.2        |
| time/                   |             |
|    fps                  | 145         |
|    iterations           | 218         |
|    time_elapsed         | 3077        |
|    total_timesteps      | 446464      |
| train/                  |             |
|    approx_kl            | 0.005781598 |
|    clip_fraction        | 0.0591      |
|    clip_range           | 0.2         |
|    entropy_loss         | -0.345      |
|    explained_variance   | 0.197       |
|    learning_rate        | 0.0003      |
|    loss                 | 14.2        |
|    n_updates            | 2170        |
|    policy_gradient_loss | -0.000807   |
|    value_loss           | 58.3        |
-----------------------------------------
FruitCounts | {'Fruit': 7, 'DecayFruit': 0, 'EnemyFruit': 2} |
-----------------------------------------
| rollout/                |             |
|    ep_len_mean          | 262         |
|    ep_rew_mean          | 46.3        |
| time/                   |             |
|    fps                  | 145         |
|    iterations           | 219         |
|    time_elapsed         | 3089        |
|    total_timesteps      | 448512      |
| train/                  |             |
|    approx_kl            | 0.005092044 |
|    clip_fraction        | 0.0649      |
|    clip_range           | 0.2         |
|    entropy_loss         | -0.309      |
|    explained_variance   | 0.349       |
|    learning_rate        | 0.0003      |
|    loss                 | 16.2        |
|    n_updates            | 2180        |
|    policy_gradient_loss | -0.00284    |
|    value_loss           | 50.3        |
-----------------------------------------
FruitCounts | {'Fruit': 2, 'DecayFruit': 0, 'EnemyFruit': 2} |
------------------------------------------
| rollout/                |              |
|    ep_len_mean          | 273          |
|    ep_rew_mean          | 48.1         |
| time/                   |              |
|    fps                  | 145          |
|    iterations           | 220          |
|    time_elapsed         | 3101         |
|    total_timesteps      | 450560       |
| train/                  |              |
|    approx_kl            | 0.0056097023 |
|    clip_fraction        | 0.0732       |
|    clip_range           | 0.2          |
|    entropy_loss         | -0.339       |
|    explained_variance   | 0.306        |
|    learning_rate        | 0.0003       |
|    loss                 | 13.2         |
|    n_updates            | 2190         |
|    policy_gradient_loss | -0.0018      |
|    value_loss           | 41           |
------------------------------------------
FruitCounts | {'Fruit': 3, 'DecayFruit': 1, 'EnemyFruit': 4} |
------------------------------------------
| rollout/                |              |
|    ep_len_mean          | 262          |
|    ep_rew_mean          | 47.2         |
| time/                   |              |
|    fps                  | 145          |
|    iterations           | 221          |
|    time_elapsed         | 3113         |
|    total_timesteps      | 452608       |
| train/                  |              |
|    approx_kl            | 0.0043752184 |
|    clip_fraction        | 0.065        |
|    clip_range           | 0.2          |
|    entropy_loss         | -0.337       |
|    explained_variance   | 0.279        |
|    learning_rate        | 0.0003       |
|    loss                 | 26.2         |
|    n_updates            | 2200         |
|    policy_gradient_loss | -0.00495     |
|    value_loss           | 98.9         |
------------------------------------------
FruitCounts | {'Fruit': 1, 'DecayFruit': 0, 'EnemyFruit': 1} |
------------------------------------------
| rollout/                |              |
|    ep_len_mean          | 262          |
|    ep_rew_mean          | 49           |
| time/                   |              |
|    fps                  | 145          |
|    iterations           | 222          |
|    time_elapsed         | 3124         |
|    total_timesteps      | 454656       |
| train/                  |              |
|    approx_kl            | 0.0057084598 |
|    clip_fraction        | 0.0549       |
|    clip_range           | 0.2          |
|    entropy_loss         | -0.323       |
|    explained_variance   | 0.189        |
|    learning_rate        | 0.0003       |
|    loss                 | 34.1         |
|    n_updates            | 2210         |
|    policy_gradient_loss | -0.0041      |
|    value_loss           | 127          |
------------------------------------------
FruitCounts | {'Fruit': 8, 'DecayFruit': 0, 'EnemyFruit': 4} |
------------------------------------------
| rollout/                |              |
|    ep_len_mean          | 254          |
|    ep_rew_mean          | 50.9         |
| time/                   |              |
|    fps                  | 145          |
|    iterations           | 223          |
|    time_elapsed         | 3135         |
|    total_timesteps      | 456704       |
| train/                  |              |
|    approx_kl            | 0.0074899257 |
|    clip_fraction        | 0.055        |
|    clip_range           | 0.2          |
|    entropy_loss         | -0.332       |
|    explained_variance   | 0.0809       |
|    learning_rate        | 0.0003       |
|    loss                 | 55.6         |
|    n_updates            | 2220         |
|    policy_gradient_loss | -0.00502     |
|    value_loss           | 99.7         |
------------------------------------------
FruitCounts | {'Fruit': 1, 'DecayFruit': 0, 'EnemyFruit': 0} |
-----------------------------------------
| rollout/                |             |
|    ep_len_mean          | 259         |
|    ep_rew_mean          | 48.5        |
| time/                   |             |
|    fps                  | 145         |
|    iterations           | 224         |
|    time_elapsed         | 3146        |
|    total_timesteps      | 458752      |
| train/                  |             |
|    approx_kl            | 0.005669896 |
|    clip_fraction        | 0.0561      |
|    clip_range           | 0.2         |
|    entropy_loss         | -0.333      |
|    explained_variance   | 0.244       |
|    learning_rate        | 0.0003      |
|    loss                 | 19.3        |
|    n_updates            | 2230        |
|    policy_gradient_loss | -0.00273    |
|    value_loss           | 60.2        |
-----------------------------------------
FruitCounts | {'Fruit': 0, 'DecayFruit': 0, 'EnemyFruit': 0} |
-----------------------------------------
| rollout/                |             |
|    ep_len_mean          | 228         |
|    ep_rew_mean          | 44.5        |
| time/                   |             |
|    fps                  | 145         |
|    iterations           | 225         |
|    time_elapsed         | 3160        |
|    total_timesteps      | 460800      |
| train/                  |             |
|    approx_kl            | 0.011456318 |
|    clip_fraction        | 0.0972      |
|    clip_range           | 0.2         |
|    entropy_loss         | -0.354      |
|    explained_variance   | 0.177       |
|    learning_rate        | 0.0003      |
|    loss                 | 14.7        |
|    n_updates            | 2240        |
|    policy_gradient_loss | -0.000344   |
|    value_loss           | 34.1        |
-----------------------------------------
FruitCounts | {'Fruit': 5, 'DecayFruit': 0, 'EnemyFruit': 0} |
------------------------------------------
| rollout/                |              |
|    ep_len_mean          | 218          |
|    ep_rew_mean          | 44.1         |
| time/                   |              |
|    fps                  | 145          |
|    iterations           | 226          |
|    time_elapsed         | 3173         |
|    total_timesteps      | 462848       |
| train/                  |              |
|    approx_kl            | 0.0067622606 |
|    clip_fraction        | 0.0719       |
|    clip_range           | 0.2          |
|    entropy_loss         | -0.329       |
|    explained_variance   | 0.281        |
|    learning_rate        | 0.0003       |
|    loss                 | 22.9         |
|    n_updates            | 2250         |
|    policy_gradient_loss | -0.000395    |
|    value_loss           | 80.8         |
------------------------------------------
FruitCounts | {'Fruit': 0, 'DecayFruit': 0, 'EnemyFruit': 0} |
----------------------------------------
| rollout/                |            |
|    ep_len_mean          | 220        |
|    ep_rew_mean          | 45.8       |
| time/                   |            |
|    fps                  | 145        |
|    iterations           | 227        |
|    time_elapsed         | 3184       |
|    total_timesteps      | 464896     |
| train/                  |            |
|    approx_kl            | 0.00725267 |
|    clip_fraction        | 0.0694     |
|    clip_range           | 0.2        |
|    entropy_loss         | -0.31      |
|    explained_variance   | 0.114      |
|    learning_rate        | 0.0003     |
|    loss                 | 91.4       |
|    n_updates            | 2260       |
|    policy_gradient_loss | -0.00278   |
|    value_loss           | 112        |
----------------------------------------
FruitCounts | {'Fruit': 3, 'DecayFruit': 0, 'EnemyFruit': 0} |
-----------------------------------------
| rollout/                |             |
|    ep_len_mean          | 213         |
|    ep_rew_mean          | 46.2        |
| time/                   |             |
|    fps                  | 146         |
|    iterations           | 228         |
|    time_elapsed         | 3196        |
|    total_timesteps      | 466944      |
| train/                  |             |
|    approx_kl            | 0.008520542 |
|    clip_fraction        | 0.0691      |
|    clip_range           | 0.2         |
|    entropy_loss         | -0.326      |
|    explained_variance   | 0.277       |
|    learning_rate        | 0.0003      |
|    loss                 | 14.2        |
|    n_updates            | 2270        |
|    policy_gradient_loss | -0.00388    |
|    value_loss           | 43.2        |
-----------------------------------------
FruitCounts | {'Fruit': 3, 'DecayFruit': 0, 'EnemyFruit': 0} |
------------------------------------------
| rollout/                |              |
|    ep_len_mean          | 214          |
|    ep_rew_mean          | 45.5         |
| time/                   |              |
|    fps                  | 146          |
|    iterations           | 229          |
|    time_elapsed         | 3207         |
|    total_timesteps      | 468992       |
| train/                  |              |
|    approx_kl            | 0.0068371175 |
|    clip_fraction        | 0.06         |
|    clip_range           | 0.2          |
|    entropy_loss         | -0.321       |
|    explained_variance   | 0.271        |
|    learning_rate        | 0.0003       |
|    loss                 | 57           |
|    n_updates            | 2280         |
|    policy_gradient_loss | -0.00359     |
|    value_loss           | 84.8         |
------------------------------------------
FruitCounts | {'Fruit': 1, 'DecayFruit': 1, 'EnemyFruit': 0} |
-----------------------------------------
| rollout/                |             |
|    ep_len_mean          | 216         |
|    ep_rew_mean          | 47.3        |
| time/                   |             |
|    fps                  | 146         |
|    iterations           | 230         |
|    time_elapsed         | 3219        |
|    total_timesteps      | 471040      |
| train/                  |             |
|    approx_kl            | 0.005969478 |
|    clip_fraction        | 0.0684      |
|    clip_range           | 0.2         |
|    entropy_loss         | -0.31       |
|    explained_variance   | 0.223       |
|    learning_rate        | 0.0003      |
|    loss                 | 13.1        |
|    n_updates            | 2290        |
|    policy_gradient_loss | -0.00162    |
|    value_loss           | 73.8        |
-----------------------------------------
FruitCounts | {'Fruit': 1, 'DecayFruit': 0, 'EnemyFruit': 1} |
------------------------------------------
| rollout/                |              |
|    ep_len_mean          | 211          |
|    ep_rew_mean          | 47.8         |
| time/                   |              |
|    fps                  | 146          |
|    iterations           | 231          |
|    time_elapsed         | 3232         |
|    total_timesteps      | 473088       |
| train/                  |              |
|    approx_kl            | 0.0055326633 |
|    clip_fraction        | 0.0535       |
|    clip_range           | 0.2          |
|    entropy_loss         | -0.315       |
|    explained_variance   | -0.0225      |
|    learning_rate        | 0.0003       |
|    loss                 | 33.1         |
|    n_updates            | 2300         |
|    policy_gradient_loss | -0.00186     |
|    value_loss           | 85.3         |
------------------------------------------
FruitCounts | {'Fruit': 2, 'DecayFruit': 0, 'EnemyFruit': 0} |
-----------------------------------------
| rollout/                |             |
|    ep_len_mean          | 204         |
|    ep_rew_mean          | 46.9        |
| time/                   |             |
|    fps                  | 146         |
|    iterations           | 232         |
|    time_elapsed         | 3244        |
|    total_timesteps      | 475136      |
| train/                  |             |
|    approx_kl            | 0.007401405 |
|    clip_fraction        | 0.0699      |
|    clip_range           | 0.2         |
|    entropy_loss         | -0.318      |
|    explained_variance   | 0.17        |
|    learning_rate        | 0.0003      |
|    loss                 | 21.7        |
|    n_updates            | 2310        |
|    policy_gradient_loss | -0.00311    |
|    value_loss           | 67.5        |
-----------------------------------------
FruitCounts | {'Fruit': 2, 'DecayFruit': 0, 'EnemyFruit': 1} |
----------------------------------------
| rollout/                |            |
|    ep_len_mean          | 202        |
|    ep_rew_mean          | 47.9       |
| time/                   |            |
|    fps                  | 146        |
|    iterations           | 233        |
|    time_elapsed         | 3257       |
|    total_timesteps      | 477184     |
| train/                  |            |
|    approx_kl            | 0.00658232 |
|    clip_fraction        | 0.066      |
|    clip_range           | 0.2        |
|    entropy_loss         | -0.333     |
|    explained_variance   | 0.182      |
|    learning_rate        | 0.0003     |
|    loss                 | 45.5       |
|    n_updates            | 2320       |
|    policy_gradient_loss | -7.5e-05   |
|    value_loss           | 93.4       |
----------------------------------------
FruitCounts | {'Fruit': 4, 'DecayFruit': 0, 'EnemyFruit': 0} |
------------------------------------------
| rollout/                |              |
|    ep_len_mean          | 194          |
|    ep_rew_mean          | 47.3         |
| time/                   |              |
|    fps                  | 146          |
|    iterations           | 234          |
|    time_elapsed         | 3270         |
|    total_timesteps      | 479232       |
| train/                  |              |
|    approx_kl            | 0.0076888404 |
|    clip_fraction        | 0.071        |
|    clip_range           | 0.2          |
|    entropy_loss         | -0.335       |
|    explained_variance   | 0.129        |
|    learning_rate        | 0.0003       |
|    loss                 | 38.1         |
|    n_updates            | 2330         |
|    policy_gradient_loss | -0.00513     |
|    value_loss           | 152          |
------------------------------------------
FruitCounts | {'Fruit': 0, 'DecayFruit': 0, 'EnemyFruit': 0} |
-----------------------------------------
| rollout/                |             |
|    ep_len_mean          | 206         |
|    ep_rew_mean          | 50.4        |
| time/                   |             |
|    fps                  | 146         |
|    iterations           | 235         |
|    time_elapsed         | 3283        |
|    total_timesteps      | 481280      |
| train/                  |             |
|    approx_kl            | 0.010840498 |
|    clip_fraction        | 0.0802      |
|    clip_range           | 0.2         |
|    entropy_loss         | -0.307      |
|    explained_variance   | 0.133       |
|    learning_rate        | 0.0003      |
|    loss                 | 24.7        |
|    n_updates            | 2340        |
|    policy_gradient_loss | -0.00469    |
|    value_loss           | 73.3        |
-----------------------------------------
FruitCounts | {'Fruit': 5, 'DecayFruit': 0, 'EnemyFruit': 3} |
-----------------------------------------
| rollout/                |             |
|    ep_len_mean          | 215         |
|    ep_rew_mean          | 52.5        |
| time/                   |             |
|    fps                  | 146         |
|    iterations           | 236         |
|    time_elapsed         | 3295        |
|    total_timesteps      | 483328      |
| train/                  |             |
|    approx_kl            | 0.005772843 |
|    clip_fraction        | 0.0614      |
|    clip_range           | 0.2         |
|    entropy_loss         | -0.315      |
|    explained_variance   | -0.0785     |
|    learning_rate        | 0.0003      |
|    loss                 | 35.3        |
|    n_updates            | 2350        |
|    policy_gradient_loss | -0.00149    |
|    value_loss           | 71.4        |
-----------------------------------------
FruitCounts | {'Fruit': 2, 'DecayFruit': 0, 'EnemyFruit': 2} |
------------------------------------------
| rollout/                |              |
|    ep_len_mean          | 216          |
|    ep_rew_mean          | 52.1         |
| time/                   |              |
|    fps                  | 146          |
|    iterations           | 237          |
|    time_elapsed         | 3307         |
|    total_timesteps      | 485376       |
| train/                  |              |
|    approx_kl            | 0.0061708745 |
|    clip_fraction        | 0.0693       |
|    clip_range           | 0.2          |
|    entropy_loss         | -0.313       |
|    explained_variance   | 0.00712      |
|    learning_rate        | 0.0003       |
|    loss                 | 29.4         |
|    n_updates            | 2360         |
|    policy_gradient_loss | -0.00545     |
|    value_loss           | 154          |
------------------------------------------
FruitCounts | {'Fruit': 7, 'DecayFruit': 1, 'EnemyFruit': 4} |
------------------------------------------
| rollout/                |              |
|    ep_len_mean          | 219          |
|    ep_rew_mean          | 52.6         |
| time/                   |              |
|    fps                  | 146          |
|    iterations           | 238          |
|    time_elapsed         | 3319         |
|    total_timesteps      | 487424       |
| train/                  |              |
|    approx_kl            | 0.0057000364 |
|    clip_fraction        | 0.0674       |
|    clip_range           | 0.2          |
|    entropy_loss         | -0.29        |
|    explained_variance   | 0.0512       |
|    learning_rate        | 0.0003       |
|    loss                 | 29.1         |
|    n_updates            | 2370         |
|    policy_gradient_loss | -0.00334     |
|    value_loss           | 94.1         |
------------------------------------------
FruitCounts | {'Fruit': 2, 'DecayFruit': 1, 'EnemyFruit': 0} |
-----------------------------------------
| rollout/                |             |
|    ep_len_mean          | 218         |
|    ep_rew_mean          | 51          |
| time/                   |             |
|    fps                  | 146         |
|    iterations           | 239         |
|    time_elapsed         | 3332        |
|    total_timesteps      | 489472      |
| train/                  |             |
|    approx_kl            | 0.005516891 |
|    clip_fraction        | 0.0683      |
|    clip_range           | 0.2         |
|    entropy_loss         | -0.301      |
|    explained_variance   | -0.0332     |
|    learning_rate        | 0.0003      |
|    loss                 | 23          |
|    n_updates            | 2380        |
|    policy_gradient_loss | -0.00257    |
|    value_loss           | 69.4        |
-----------------------------------------
FruitCounts | {'Fruit': 0, 'DecayFruit': 0, 'EnemyFruit': 2} |
-----------------------------------------
| rollout/                |             |
|    ep_len_mean          | 217         |
|    ep_rew_mean          | 52          |
| time/                   |             |
|    fps                  | 146         |
|    iterations           | 240         |
|    time_elapsed         | 3346        |
|    total_timesteps      | 491520      |
| train/                  |             |
|    approx_kl            | 0.007205739 |
|    clip_fraction        | 0.0601      |
|    clip_range           | 0.2         |
|    entropy_loss         | -0.304      |
|    explained_variance   | -0.111      |
|    learning_rate        | 0.0003      |
|    loss                 | 37.5        |
|    n_updates            | 2390        |
|    policy_gradient_loss | -0.00254    |
|    value_loss           | 70.7        |
-----------------------------------------
FruitCounts | {'Fruit': 2, 'DecayFruit': 0, 'EnemyFruit': 0} |
-----------------------------------------
| rollout/                |             |
|    ep_len_mean          | 221         |
|    ep_rew_mean          | 50          |
| time/                   |             |
|    fps                  | 146         |
|    iterations           | 241         |
|    time_elapsed         | 3358        |
|    total_timesteps      | 493568      |
| train/                  |             |
|    approx_kl            | 0.007579865 |
|    clip_fraction        | 0.0719      |
|    clip_range           | 0.2         |
|    entropy_loss         | -0.288      |
|    explained_variance   | 0.0231      |
|    learning_rate        | 0.0003      |
|    loss                 | 23.7        |
|    n_updates            | 2400        |
|    policy_gradient_loss | -0.00189    |
|    value_loss           | 67.3        |
-----------------------------------------
FruitCounts | {'Fruit': 0, 'DecayFruit': 0, 'EnemyFruit': 0} |
-----------------------------------------
| rollout/                |             |
|    ep_len_mean          | 209         |
|    ep_rew_mean          | 47.9        |
| time/                   |             |
|    fps                  | 146         |
|    iterations           | 242         |
|    time_elapsed         | 3373        |
|    total_timesteps      | 495616      |
| train/                  |             |
|    approx_kl            | 0.005977655 |
|    clip_fraction        | 0.0592      |
|    clip_range           | 0.2         |
|    entropy_loss         | -0.296      |
|    explained_variance   | 0.304       |
|    learning_rate        | 0.0003      |
|    loss                 | 20.8        |
|    n_updates            | 2410        |
|    policy_gradient_loss | -0.0013     |
|    value_loss           | 42.1        |
-----------------------------------------
FruitCounts | {'Fruit': 3, 'DecayFruit': 0, 'EnemyFruit': 1} |
------------------------------------------
| rollout/                |              |
|    ep_len_mean          | 210          |
|    ep_rew_mean          | 46.5         |
| time/                   |              |
|    fps                  | 146          |
|    iterations           | 243          |
|    time_elapsed         | 3385         |
|    total_timesteps      | 497664       |
| train/                  |              |
|    approx_kl            | 0.0062769167 |
|    clip_fraction        | 0.0592       |
|    clip_range           | 0.2          |
|    entropy_loss         | -0.296       |
|    explained_variance   | 0.212        |
|    learning_rate        | 0.0003       |
|    loss                 | 81.2         |
|    n_updates            | 2420         |
|    policy_gradient_loss | -0.00276     |
|    value_loss           | 105          |
------------------------------------------
FruitCounts | {'Fruit': 5, 'DecayFruit': 1, 'EnemyFruit': 2} |
-----------------------------------------
| rollout/                |             |
|    ep_len_mean          | 221         |
|    ep_rew_mean          | 51.4        |
| time/                   |             |
|    fps                  | 147         |
|    iterations           | 244         |
|    time_elapsed         | 3396        |
|    total_timesteps      | 499712      |
| train/                  |             |
|    approx_kl            | 0.004169699 |
|    clip_fraction        | 0.06        |
|    clip_range           | 0.2         |
|    entropy_loss         | -0.285      |
|    explained_variance   | 0.208       |
|    learning_rate        | 0.0003      |
|    loss                 | 27.5        |
|    n_updates            | 2430        |
|    policy_gradient_loss | -0.0039     |
|    value_loss           | 101         |
-----------------------------------------
FruitCounts | {'Fruit': 1, 'DecayFruit': 0, 'EnemyFruit': 0} |
-----------------------------------------
| rollout/                |             |
|    ep_len_mean          | 227         |
|    ep_rew_mean          | 55.8        |
| time/                   |             |
|    fps                  | 147         |
|    iterations           | 245         |
|    time_elapsed         | 3409        |
|    total_timesteps      | 501760      |
| train/                  |             |
|    approx_kl            | 0.006563903 |
|    clip_fraction        | 0.0687      |
|    clip_range           | 0.2         |
|    entropy_loss         | -0.3        |
|    explained_variance   | 0.101       |
|    learning_rate        | 0.0003      |
|    loss                 | 22.9        |
|    n_updates            | 2440        |
|    policy_gradient_loss | -0.00468    |
|    value_loss           | 82          |
-----------------------------------------
FruitCounts | {'Fruit': 5, 'DecayFruit': 0, 'EnemyFruit': 5} |
------------------------------------------
| rollout/                |              |
|    ep_len_mean          | 229          |
|    ep_rew_mean          | 56.3         |
| time/                   |              |
|    fps                  | 147          |
|    iterations           | 246          |
|    time_elapsed         | 3422         |
|    total_timesteps      | 503808       |
| train/                  |              |
|    approx_kl            | 0.0058117844 |
|    clip_fraction        | 0.0518       |
|    clip_range           | 0.2          |
|    entropy_loss         | -0.297       |
|    explained_variance   | 0.209        |
|    learning_rate        | 0.0003       |
|    loss                 | 21           |
|    n_updates            | 2450         |
|    policy_gradient_loss | -0.00315     |
|    value_loss           | 74.4         |
------------------------------------------
FruitCounts | {'Fruit': 2, 'DecayFruit': 0, 'EnemyFruit': 0} |
------------------------------------------
| rollout/                |              |
|    ep_len_mean          | 228          |
|    ep_rew_mean          | 55.3         |
| time/                   |              |
|    fps                  | 147          |
|    iterations           | 247          |
|    time_elapsed         | 3433         |
|    total_timesteps      | 505856       |
| train/                  |              |
|    approx_kl            | 0.0069693355 |
|    clip_fraction        | 0.0571       |
|    clip_range           | 0.2          |
|    entropy_loss         | -0.307       |
|    explained_variance   | 0.143        |
|    learning_rate        | 0.0003       |
|    loss                 | 42.4         |
|    n_updates            | 2460         |
|    policy_gradient_loss | -0.00242     |
|    value_loss           | 69.7         |
------------------------------------------
FruitCounts | {'Fruit': 1, 'DecayFruit': 0, 'EnemyFruit': 0} |
----------------------------------------
| rollout/                |            |
|    ep_len_mean          | 215        |
|    ep_rew_mean          | 54.4       |
| time/                   |            |
|    fps                  | 147        |
|    iterations           | 248        |
|    time_elapsed         | 3448       |
|    total_timesteps      | 507904     |
| train/                  |            |
|    approx_kl            | 0.00695322 |
|    clip_fraction        | 0.0655     |
|    clip_range           | 0.2        |
|    entropy_loss         | -0.314     |
|    explained_variance   | 0.0664     |
|    learning_rate        | 0.0003     |
|    loss                 | 28.4       |
|    n_updates            | 2470       |
|    policy_gradient_loss | -0.00263   |
|    value_loss           | 57.8       |
----------------------------------------
FruitCounts | {'Fruit': 2, 'DecayFruit': 0, 'EnemyFruit': 0} |
------------------------------------------
| rollout/                |              |
|    ep_len_mean          | 210          |
|    ep_rew_mean          | 55.5         |
| time/                   |              |
|    fps                  | 147          |
|    iterations           | 249          |
|    time_elapsed         | 3461         |
|    total_timesteps      | 509952       |
| train/                  |              |
|    approx_kl            | 0.0066871108 |
|    clip_fraction        | 0.0602       |
|    clip_range           | 0.2          |
|    entropy_loss         | -0.307       |
|    explained_variance   | 0.0228       |
|    learning_rate        | 0.0003       |
|    loss                 | 117          |
|    n_updates            | 2480         |
|    policy_gradient_loss | -0.00338     |
|    value_loss           | 115          |
------------------------------------------
FruitCounts | {'Fruit': 1, 'DecayFruit': 0, 'EnemyFruit': 0} |
-----------------------------------------
| rollout/                |             |
|    ep_len_mean          | 214         |
|    ep_rew_mean          | 56.5        |
| time/                   |             |
|    fps                  | 147         |
|    iterations           | 250         |
|    time_elapsed         | 3475        |
|    total_timesteps      | 512000      |
| train/                  |             |
|    approx_kl            | 0.006723538 |
|    clip_fraction        | 0.0538      |
|    clip_range           | 0.2         |
|    entropy_loss         | -0.311      |
|    explained_variance   | 0.0574      |
|    learning_rate        | 0.0003      |
|    loss                 | 30.9        |
|    n_updates            | 2490        |
|    policy_gradient_loss | -0.00292    |
|    value_loss           | 101         |
-----------------------------------------
FruitCounts | {'Fruit': 0, 'DecayFruit': 0, 'EnemyFruit': 0} |
------------------------------------------
| rollout/                |              |
|    ep_len_mean          | 203          |
|    ep_rew_mean          | 58.2         |
| time/                   |              |
|    fps                  | 147          |
|    iterations           | 251          |
|    time_elapsed         | 3488         |
|    total_timesteps      | 514048       |
| train/                  |              |
|    approx_kl            | 0.0090485625 |
|    clip_fraction        | 0.0777       |
|    clip_range           | 0.2          |
|    entropy_loss         | -0.306       |
|    explained_variance   | 0.106        |
|    learning_rate        | 0.0003       |
|    loss                 | 23.9         |
|    n_updates            | 2500         |
|    policy_gradient_loss | -0.00211     |
|    value_loss           | 61.8         |
------------------------------------------
FruitCounts | {'Fruit': 0, 'DecayFruit': 0, 'EnemyFruit': 0} |
-----------------------------------------
| rollout/                |             |
|    ep_len_mean          | 212         |
|    ep_rew_mean          | 60.7        |
| time/                   |             |
|    fps                  | 147         |
|    iterations           | 252         |
|    time_elapsed         | 3501        |
|    total_timesteps      | 516096      |
| train/                  |             |
|    approx_kl            | 0.004332976 |
|    clip_fraction        | 0.0632      |
|    clip_range           | 0.2         |
|    entropy_loss         | -0.334      |
|    explained_variance   | -0.0374     |
|    learning_rate        | 0.0003      |
|    loss                 | 43.8        |
|    n_updates            | 2510        |
|    policy_gradient_loss | -0.00209    |
|    value_loss           | 126         |
-----------------------------------------
FruitCounts | {'Fruit': 4, 'DecayFruit': 0, 'EnemyFruit': 1} |
-----------------------------------------
| rollout/                |             |
|    ep_len_mean          | 209         |
|    ep_rew_mean          | 61.8        |
| time/                   |             |
|    fps                  | 147         |
|    iterations           | 253         |
|    time_elapsed         | 3514        |
|    total_timesteps      | 518144      |
| train/                  |             |
|    approx_kl            | 0.008619234 |
|    clip_fraction        | 0.0801      |
|    clip_range           | 0.2         |
|    entropy_loss         | -0.325      |
|    explained_variance   | 0.115       |
|    learning_rate        | 0.0003      |
|    loss                 | 69.8        |
|    n_updates            | 2520        |
|    policy_gradient_loss | -0.00257    |
|    value_loss           | 122         |
-----------------------------------------
FruitCounts | {'Fruit': 1, 'DecayFruit': 0, 'EnemyFruit': 1} |
-----------------------------------------
| rollout/                |             |
|    ep_len_mean          | 200         |
|    ep_rew_mean          | 58.4        |
| time/                   |             |
|    fps                  | 147         |
|    iterations           | 254         |
|    time_elapsed         | 3527        |
|    total_timesteps      | 520192      |
| train/                  |             |
|    approx_kl            | 0.009792997 |
|    clip_fraction        | 0.0818      |
|    clip_range           | 0.2         |
|    entropy_loss         | -0.333      |
|    explained_variance   | 0.214       |
|    learning_rate        | 0.0003      |
|    loss                 | 55.7        |
|    n_updates            | 2530        |
|    policy_gradient_loss | -0.00225    |
|    value_loss           | 92          |
-----------------------------------------
FruitCounts | {'Fruit': 0, 'DecayFruit': 0, 'EnemyFruit': 0} |
-----------------------------------------
| rollout/                |             |
|    ep_len_mean          | 195         |
|    ep_rew_mean          | 60.6        |
| time/                   |             |
|    fps                  | 147         |
|    iterations           | 255         |
|    time_elapsed         | 3541        |
|    total_timesteps      | 522240      |
| train/                  |             |
|    approx_kl            | 0.009372365 |
|    clip_fraction        | 0.061       |
|    clip_range           | 0.2         |
|    entropy_loss         | -0.328      |
|    explained_variance   | 0.15        |
|    learning_rate        | 0.0003      |
|    loss                 | 30          |
|    n_updates            | 2540        |
|    policy_gradient_loss | -0.00263    |
|    value_loss           | 94.6        |
-----------------------------------------
FruitCounts | {'Fruit': 0, 'DecayFruit': 0, 'EnemyFruit': 0} |
------------------------------------------
| rollout/                |              |
|    ep_len_mean          | 182          |
|    ep_rew_mean          | 56.6         |
| time/                   |              |
|    fps                  | 147          |
|    iterations           | 256          |
|    time_elapsed         | 3554         |
|    total_timesteps      | 524288       |
| train/                  |              |
|    approx_kl            | 0.0064561954 |
|    clip_fraction        | 0.0702       |
|    clip_range           | 0.2          |
|    entropy_loss         | -0.338       |
|    explained_variance   | 0.197        |
|    learning_rate        | 0.0003       |
|    loss                 | 66.6         |
|    n_updates            | 2550         |
|    policy_gradient_loss | -0.00368     |
|    value_loss           | 152          |
------------------------------------------
FruitCounts | {'Fruit': 6, 'DecayFruit': 0, 'EnemyFruit': 2} |
-----------------------------------------
| rollout/                |             |
|    ep_len_mean          | 183         |
|    ep_rew_mean          | 59.9        |
| time/                   |             |
|    fps                  | 147         |
|    iterations           | 257         |
|    time_elapsed         | 3567        |
|    total_timesteps      | 526336      |
| train/                  |             |
|    approx_kl            | 0.007231915 |
|    clip_fraction        | 0.0731      |
|    clip_range           | 0.2         |
|    entropy_loss         | -0.333      |
|    explained_variance   | 0.234       |
|    learning_rate        | 0.0003      |
|    loss                 | 27.9        |
|    n_updates            | 2560        |
|    policy_gradient_loss | -0.00364    |
|    value_loss           | 68.5        |
-----------------------------------------
FruitCounts | {'Fruit': 0, 'DecayFruit': 0, 'EnemyFruit': 0} |
-----------------------------------------
| rollout/                |             |
|    ep_len_mean          | 182         |
|    ep_rew_mean          | 57.8        |
| time/                   |             |
|    fps                  | 147         |
|    iterations           | 258         |
|    time_elapsed         | 3581        |
|    total_timesteps      | 528384      |
| train/                  |             |
|    approx_kl            | 0.007933073 |
|    clip_fraction        | 0.0579      |
|    clip_range           | 0.2         |
|    entropy_loss         | -0.328      |
|    explained_variance   | 0.0468      |
|    learning_rate        | 0.0003      |
|    loss                 | 48.4        |
|    n_updates            | 2570        |
|    policy_gradient_loss | -0.00452    |
|    value_loss           | 137         |
-----------------------------------------
FruitCounts | {'Fruit': 3, 'DecayFruit': 0, 'EnemyFruit': 0} |
-----------------------------------------
| rollout/                |             |
|    ep_len_mean          | 182         |
|    ep_rew_mean          | 60.1        |
| time/                   |             |
|    fps                  | 147         |
|    iterations           | 259         |
|    time_elapsed         | 3592        |
|    total_timesteps      | 530432      |
| train/                  |             |
|    approx_kl            | 0.005496209 |
|    clip_fraction        | 0.0639      |
|    clip_range           | 0.2         |
|    entropy_loss         | -0.314      |
|    explained_variance   | 0.0286      |
|    learning_rate        | 0.0003      |
|    loss                 | 39          |
|    n_updates            | 2580        |
|    policy_gradient_loss | -0.00305    |
|    value_loss           | 85.8        |
-----------------------------------------
FruitCounts | {'Fruit': 0, 'DecayFruit': 0, 'EnemyFruit': 0} |
-----------------------------------------
| rollout/                |             |
|    ep_len_mean          | 171         |
|    ep_rew_mean          | 58.2        |
| time/                   |             |
|    fps                  | 147         |
|    iterations           | 260         |
|    time_elapsed         | 3606        |
|    total_timesteps      | 532480      |
| train/                  |             |
|    approx_kl            | 0.008078062 |
|    clip_fraction        | 0.0644      |
|    clip_range           | 0.2         |
|    entropy_loss         | -0.344      |
|    explained_variance   | 0.112       |
|    learning_rate        | 0.0003      |
|    loss                 | 48.2        |
|    n_updates            | 2590        |
|    policy_gradient_loss | -0.00306    |
|    value_loss           | 91.5        |
-----------------------------------------
FruitCounts | {'Fruit': 8, 'DecayFruit': 0, 'EnemyFruit': 6} |
-----------------------------------------
| rollout/                |             |
|    ep_len_mean          | 171         |
|    ep_rew_mean          | 58.7        |
| time/                   |             |
|    fps                  | 147         |
|    iterations           | 261         |
|    time_elapsed         | 3618        |
|    total_timesteps      | 534528      |
| train/                  |             |
|    approx_kl            | 0.005259948 |
|    clip_fraction        | 0.0542      |
|    clip_range           | 0.2         |
|    entropy_loss         | -0.334      |
|    explained_variance   | 0.00957     |
|    learning_rate        | 0.0003      |
|    loss                 | 61.5        |
|    n_updates            | 2600        |
|    policy_gradient_loss | -0.00504    |
|    value_loss           | 170         |
-----------------------------------------
FruitCounts | {'Fruit': 0, 'DecayFruit': 0, 'EnemyFruit': 0} |
-----------------------------------------
| rollout/                |             |
|    ep_len_mean          | 172         |
|    ep_rew_mean          | 58.3        |
| time/                   |             |
|    fps                  | 147         |
|    iterations           | 262         |
|    time_elapsed         | 3631        |
|    total_timesteps      | 536576      |
| train/                  |             |
|    approx_kl            | 0.004362098 |
|    clip_fraction        | 0.0625      |
|    clip_range           | 0.2         |
|    entropy_loss         | -0.338      |
|    explained_variance   | 0.204       |
|    learning_rate        | 0.0003      |
|    loss                 | 34          |
|    n_updates            | 2610        |
|    policy_gradient_loss | -0.00298    |
|    value_loss           | 84.5        |
-----------------------------------------
FruitCounts | {'Fruit': 4, 'DecayFruit': 0, 'EnemyFruit': 4} |
-----------------------------------------
| rollout/                |             |
|    ep_len_mean          | 168         |
|    ep_rew_mean          | 59.3        |
| time/                   |             |
|    fps                  | 147         |
|    iterations           | 263         |
|    time_elapsed         | 3643        |
|    total_timesteps      | 538624      |
| train/                  |             |
|    approx_kl            | 0.008432895 |
|    clip_fraction        | 0.0708      |
|    clip_range           | 0.2         |
|    entropy_loss         | -0.313      |
|    explained_variance   | 0.0724      |
|    learning_rate        | 0.0003      |
|    loss                 | 28.9        |
|    n_updates            | 2620        |
|    policy_gradient_loss | -0.00207    |
|    value_loss           | 83          |
-----------------------------------------
FruitCounts | {'Fruit': 3, 'DecayFruit': 0, 'EnemyFruit': 2} |
-----------------------------------------
| rollout/                |             |
|    ep_len_mean          | 165         |
|    ep_rew_mean          | 61.2        |
| time/                   |             |
|    fps                  | 147         |
|    iterations           | 264         |
|    time_elapsed         | 3656        |
|    total_timesteps      | 540672      |
| train/                  |             |
|    approx_kl            | 0.015449349 |
|    clip_fraction        | 0.0803      |
|    clip_range           | 0.2         |
|    entropy_loss         | -0.327      |
|    explained_variance   | 0.131       |
|    learning_rate        | 0.0003      |
|    loss                 | 29.1        |
|    n_updates            | 2630        |
|    policy_gradient_loss | -0.00201    |
|    value_loss           | 105         |
-----------------------------------------
FruitCounts | {'Fruit': 0, 'DecayFruit': 0, 'EnemyFruit': 0} |
-----------------------------------------
| rollout/                |             |
|    ep_len_mean          | 175         |
|    ep_rew_mean          | 63.7        |
| time/                   |             |
|    fps                  | 147         |
|    iterations           | 265         |
|    time_elapsed         | 3668        |
|    total_timesteps      | 542720      |
| train/                  |             |
|    approx_kl            | 0.011082839 |
|    clip_fraction        | 0.0795      |
|    clip_range           | 0.2         |
|    entropy_loss         | -0.325      |
|    explained_variance   | 0.0418      |
|    learning_rate        | 0.0003      |
|    loss                 | 129         |
|    n_updates            | 2640        |
|    policy_gradient_loss | -0.00218    |
|    value_loss           | 191         |
-----------------------------------------
FruitCounts | {'Fruit': 2, 'DecayFruit': 0, 'EnemyFruit': 1} |
-----------------------------------------
| rollout/                |             |
|    ep_len_mean          | 171         |
|    ep_rew_mean          | 65.3        |
| time/                   |             |
|    fps                  | 147         |
|    iterations           | 266         |
|    time_elapsed         | 3681        |
|    total_timesteps      | 544768      |
| train/                  |             |
|    approx_kl            | 0.015121558 |
|    clip_fraction        | 0.0935      |
|    clip_range           | 0.2         |
|    entropy_loss         | -0.324      |
|    explained_variance   | 0.235       |
|    learning_rate        | 0.0003      |
|    loss                 | 61.7        |
|    n_updates            | 2650        |
|    policy_gradient_loss | -0.00497    |
|    value_loss           | 76.9        |
-----------------------------------------
FruitCounts | {'Fruit': 4, 'DecayFruit': 0, 'EnemyFruit': 0} |
-----------------------------------------
| rollout/                |             |
|    ep_len_mean          | 172         |
|    ep_rew_mean          | 66.4        |
| time/                   |             |
|    fps                  | 148         |
|    iterations           | 267         |
|    time_elapsed         | 3694        |
|    total_timesteps      | 546816      |
| train/                  |             |
|    approx_kl            | 0.006858449 |
|    clip_fraction        | 0.0734      |
|    clip_range           | 0.2         |
|    entropy_loss         | -0.323      |
|    explained_variance   | 0.17        |
|    learning_rate        | 0.0003      |
|    loss                 | 71.3        |
|    n_updates            | 2660        |
|    policy_gradient_loss | -0.00546    |
|    value_loss           | 150         |
-----------------------------------------
FruitCounts | {'Fruit': 1, 'DecayFruit': 0, 'EnemyFruit': 1} |
-----------------------------------------
| rollout/                |             |
|    ep_len_mean          | 177         |
|    ep_rew_mean          | 66.4        |
| time/                   |             |
|    fps                  | 148         |
|    iterations           | 268         |
|    time_elapsed         | 3705        |
|    total_timesteps      | 548864      |
| train/                  |             |
|    approx_kl            | 0.010337429 |
|    clip_fraction        | 0.076       |
|    clip_range           | 0.2         |
|    entropy_loss         | -0.317      |
|    explained_variance   | 0.0746      |
|    learning_rate        | 0.0003      |
|    loss                 | 33.3        |
|    n_updates            | 2670        |
|    policy_gradient_loss | -0.00416    |
|    value_loss           | 85.1        |
-----------------------------------------
FruitCounts | {'Fruit': 3, 'DecayFruit': 0, 'EnemyFruit': 1} |
-----------------------------------------
| rollout/                |             |
|    ep_len_mean          | 181         |
|    ep_rew_mean          | 66.1        |
| time/                   |             |
|    fps                  | 148         |
|    iterations           | 269         |
|    time_elapsed         | 3719        |
|    total_timesteps      | 550912      |
| train/                  |             |
|    approx_kl            | 0.013193921 |
|    clip_fraction        | 0.0842      |
|    clip_range           | 0.2         |
|    entropy_loss         | -0.326      |
|    explained_variance   | 0.182       |
|    learning_rate        | 0.0003      |
|    loss                 | 34.3        |
|    n_updates            | 2680        |
|    policy_gradient_loss | -0.000811   |
|    value_loss           | 76.8        |
-----------------------------------------
FruitCounts | {'Fruit': 1, 'DecayFruit': 0, 'EnemyFruit': 0} |
------------------------------------------
| rollout/                |              |
|    ep_len_mean          | 177          |
|    ep_rew_mean          | 63.6         |
| time/                   |              |
|    fps                  | 148          |
|    iterations           | 270          |
|    time_elapsed         | 3731         |
|    total_timesteps      | 552960       |
| train/                  |              |
|    approx_kl            | 0.0130533455 |
|    clip_fraction        | 0.0923       |
|    clip_range           | 0.2          |
|    entropy_loss         | -0.342       |
|    explained_variance   | 0.2          |
|    learning_rate        | 0.0003       |
|    loss                 | 33.1         |
|    n_updates            | 2690         |
|    policy_gradient_loss | -0.00555     |
|    value_loss           | 75.5         |
------------------------------------------
FruitCounts | {'Fruit': 2, 'DecayFruit': 0, 'EnemyFruit': 1} |
-----------------------------------------
| rollout/                |             |
|    ep_len_mean          | 177         |
|    ep_rew_mean          | 61.6        |
| time/                   |             |
|    fps                  | 148         |
|    iterations           | 271         |
|    time_elapsed         | 3744        |
|    total_timesteps      | 555008      |
| train/                  |             |
|    approx_kl            | 0.009715506 |
|    clip_fraction        | 0.0697      |
|    clip_range           | 0.2         |
|    entropy_loss         | -0.309      |
|    explained_variance   | 0.00486     |
|    learning_rate        | 0.0003      |
|    loss                 | 22.2        |
|    n_updates            | 2700        |
|    policy_gradient_loss | -0.00391    |
|    value_loss           | 90.6        |
-----------------------------------------
FruitCounts | {'Fruit': 0, 'DecayFruit': 0, 'EnemyFruit': 0} |
-----------------------------------------
| rollout/                |             |
|    ep_len_mean          | 172         |
|    ep_rew_mean          | 61.8        |
| time/                   |             |
|    fps                  | 148         |
|    iterations           | 272         |
|    time_elapsed         | 3757        |
|    total_timesteps      | 557056      |
| train/                  |             |
|    approx_kl            | 0.008399776 |
|    clip_fraction        | 0.0673      |
|    clip_range           | 0.2         |
|    entropy_loss         | -0.339      |
|    explained_variance   | 0.158       |
|    learning_rate        | 0.0003      |
|    loss                 | 43.3        |
|    n_updates            | 2710        |
|    policy_gradient_loss | -0.00499    |
|    value_loss           | 115         |
-----------------------------------------
FruitCounts | {'Fruit': 3, 'DecayFruit': 0, 'EnemyFruit': 2} |
-----------------------------------------
| rollout/                |             |
|    ep_len_mean          | 167         |
|    ep_rew_mean          | 58.2        |
| time/                   |             |
|    fps                  | 148         |
|    iterations           | 273         |
|    time_elapsed         | 3769        |
|    total_timesteps      | 559104      |
| train/                  |             |
|    approx_kl            | 0.010282916 |
|    clip_fraction        | 0.0691      |
|    clip_range           | 0.2         |
|    entropy_loss         | -0.301      |
|    explained_variance   | 0.0909      |
|    learning_rate        | 0.0003      |
|    loss                 | 31.7        |
|    n_updates            | 2720        |
|    policy_gradient_loss | -0.000364   |
|    value_loss           | 193         |
-----------------------------------------
FruitCounts | {'Fruit': 0, 'DecayFruit': 0, 'EnemyFruit': 0} |
-----------------------------------------
| rollout/                |             |
|    ep_len_mean          | 164         |
|    ep_rew_mean          | 54.4        |
| time/                   |             |
|    fps                  | 148         |
|    iterations           | 274         |
|    time_elapsed         | 3783        |
|    total_timesteps      | 561152      |
| train/                  |             |
|    approx_kl            | 0.012189478 |
|    clip_fraction        | 0.091       |
|    clip_range           | 0.2         |
|    entropy_loss         | -0.325      |
|    explained_variance   | 0.0753      |
|    learning_rate        | 0.0003      |
|    loss                 | 32.9        |
|    n_updates            | 2730        |
|    policy_gradient_loss | -0.00275    |
|    value_loss           | 71.9        |
-----------------------------------------
FruitCounts | {'Fruit': 0, 'DecayFruit': 0, 'EnemyFruit': 0} |
-----------------------------------------
| rollout/                |             |
|    ep_len_mean          | 165         |
|    ep_rew_mean          | 54          |
| time/                   |             |
|    fps                  | 148         |
|    iterations           | 275         |
|    time_elapsed         | 3796        |
|    total_timesteps      | 563200      |
| train/                  |             |
|    approx_kl            | 0.008251956 |
|    clip_fraction        | 0.0817      |
|    clip_range           | 0.2         |
|    entropy_loss         | -0.332      |
|    explained_variance   | 0.196       |
|    learning_rate        | 0.0003      |
|    loss                 | 39.4        |
|    n_updates            | 2740        |
|    policy_gradient_loss | -0.00305    |
|    value_loss           | 75.6        |
-----------------------------------------
FruitCounts | {'Fruit': 5, 'DecayFruit': 0, 'EnemyFruit': 1} |
----------------------------------------
| rollout/                |            |
|    ep_len_mean          | 157        |
|    ep_rew_mean          | 56         |
| time/                   |            |
|    fps                  | 148        |
|    iterations           | 276        |
|    time_elapsed         | 3809       |
|    total_timesteps      | 565248     |
| train/                  |            |
|    approx_kl            | 0.01141324 |
|    clip_fraction        | 0.0762     |
|    clip_range           | 0.2        |
|    entropy_loss         | -0.311     |
|    explained_variance   | 0.103      |
|    learning_rate        | 0.0003     |
|    loss                 | 31         |
|    n_updates            | 2750       |
|    policy_gradient_loss | -0.00428   |
|    value_loss           | 91.3       |
----------------------------------------
FruitCounts | {'Fruit': 3, 'DecayFruit': 0, 'EnemyFruit': 0} |
-----------------------------------------
| rollout/                |             |
|    ep_len_mean          | 163         |
|    ep_rew_mean          | 59.2        |
| time/                   |             |
|    fps                  | 148         |
|    iterations           | 277         |
|    time_elapsed         | 3821        |
|    total_timesteps      | 567296      |
| train/                  |             |
|    approx_kl            | 0.006588124 |
|    clip_fraction        | 0.0572      |
|    clip_range           | 0.2         |
|    entropy_loss         | -0.278      |
|    explained_variance   | 0.0277      |
|    learning_rate        | 0.0003      |
|    loss                 | 101         |
|    n_updates            | 2760        |
|    policy_gradient_loss | -0.00344    |
|    value_loss           | 165         |
-----------------------------------------
FruitCounts | {'Fruit': 0, 'DecayFruit': 0, 'EnemyFruit': 0} |
-----------------------------------------
| rollout/                |             |
|    ep_len_mean          | 166         |
|    ep_rew_mean          | 63.1        |
| time/                   |             |
|    fps                  | 148         |
|    iterations           | 278         |
|    time_elapsed         | 3834        |
|    total_timesteps      | 569344      |
| train/                  |             |
|    approx_kl            | 0.006673951 |
|    clip_fraction        | 0.0741      |
|    clip_range           | 0.2         |
|    entropy_loss         | -0.3        |
|    explained_variance   | 0.129       |
|    learning_rate        | 0.0003      |
|    loss                 | 36.4        |
|    n_updates            | 2770        |
|    policy_gradient_loss | -0.00328    |
|    value_loss           | 136         |
-----------------------------------------
FruitCounts | {'Fruit': 1, 'DecayFruit': 0, 'EnemyFruit': 0} |
-----------------------------------------
| rollout/                |             |
|    ep_len_mean          | 164         |
|    ep_rew_mean          | 63.8        |
| time/                   |             |
|    fps                  | 148         |
|    iterations           | 279         |
|    time_elapsed         | 3847        |
|    total_timesteps      | 571392      |
| train/                  |             |
|    approx_kl            | 0.004848551 |
|    clip_fraction        | 0.0727      |
|    clip_range           | 0.2         |
|    entropy_loss         | -0.28       |
|    explained_variance   | 0.188       |
|    learning_rate        | 0.0003      |
|    loss                 | 91.9        |
|    n_updates            | 2780        |
|    policy_gradient_loss | 0.000361    |
|    value_loss           | 87.3        |
-----------------------------------------
FruitCounts | {'Fruit': 6, 'DecayFruit': 0, 'EnemyFruit': 2} |
-----------------------------------------
| rollout/                |             |
|    ep_len_mean          | 158         |
|    ep_rew_mean          | 56          |
| time/                   |             |
|    fps                  | 148         |
|    iterations           | 280         |
|    time_elapsed         | 3860        |
|    total_timesteps      | 573440      |
| train/                  |             |
|    approx_kl            | 0.009046585 |
|    clip_fraction        | 0.0818      |
|    clip_range           | 0.2         |
|    entropy_loss         | -0.298      |
|    explained_variance   | 0.139       |
|    learning_rate        | 0.0003      |
|    loss                 | 21.6        |
|    n_updates            | 2790        |
|    policy_gradient_loss | -0.00372    |
|    value_loss           | 63.5        |
-----------------------------------------
FruitCounts | {'Fruit': 0, 'DecayFruit': 0, 'EnemyFruit': 0} |
-----------------------------------------
| rollout/                |             |
|    ep_len_mean          | 159         |
|    ep_rew_mean          | 58          |
| time/                   |             |
|    fps                  | 148         |
|    iterations           | 281         |
|    time_elapsed         | 3873        |
|    total_timesteps      | 575488      |
| train/                  |             |
|    approx_kl            | 0.008252317 |
|    clip_fraction        | 0.0659      |
|    clip_range           | 0.2         |
|    entropy_loss         | -0.298      |
|    explained_variance   | 0.186       |
|    learning_rate        | 0.0003      |
|    loss                 | 33.6        |
|    n_updates            | 2800        |
|    policy_gradient_loss | -0.00205    |
|    value_loss           | 82.5        |
-----------------------------------------
FruitCounts | {'Fruit': 6, 'DecayFruit': 2, 'EnemyFruit': 2} |
-----------------------------------------
| rollout/                |             |
|    ep_len_mean          | 163         |
|    ep_rew_mean          | 59.9        |
| time/                   |             |
|    fps                  | 148         |
|    iterations           | 282         |
|    time_elapsed         | 3885        |
|    total_timesteps      | 577536      |
| train/                  |             |
|    approx_kl            | 0.006492858 |
|    clip_fraction        | 0.0694      |
|    clip_range           | 0.2         |
|    entropy_loss         | -0.289      |
|    explained_variance   | 0.264       |
|    learning_rate        | 0.0003      |
|    loss                 | 53.1        |
|    n_updates            | 2810        |
|    policy_gradient_loss | -0.00369    |
|    value_loss           | 99.6        |
-----------------------------------------
FruitCounts | {'Fruit': 0, 'DecayFruit': 0, 'EnemyFruit': 0} |
-----------------------------------------
| rollout/                |             |
|    ep_len_mean          | 161         |
|    ep_rew_mean          | 61.8        |
| time/                   |             |
|    fps                  | 148         |
|    iterations           | 283         |
|    time_elapsed         | 3898        |
|    total_timesteps      | 579584      |
| train/                  |             |
|    approx_kl            | 0.007465108 |
|    clip_fraction        | 0.074       |
|    clip_range           | 0.2         |
|    entropy_loss         | -0.287      |
|    explained_variance   | 0.166       |
|    learning_rate        | 0.0003      |
|    loss                 | 67.1        |
|    n_updates            | 2820        |
|    policy_gradient_loss | -0.00191    |
|    value_loss           | 93.7        |
-----------------------------------------
FruitCounts | {'Fruit': 1, 'DecayFruit': 2, 'EnemyFruit': 0} |
------------------------------------------
| rollout/                |              |
|    ep_len_mean          | 162          |
|    ep_rew_mean          | 57.7         |
| time/                   |              |
|    fps                  | 148          |
|    iterations           | 284          |
|    time_elapsed         | 3910         |
|    total_timesteps      | 581632       |
| train/                  |              |
|    approx_kl            | 0.0060325637 |
|    clip_fraction        | 0.0626       |
|    clip_range           | 0.2          |
|    entropy_loss         | -0.302       |
|    explained_variance   | 0.209        |
|    learning_rate        | 0.0003       |
|    loss                 | 51           |
|    n_updates            | 2830         |
|    policy_gradient_loss | -0.00259     |
|    value_loss           | 76.8         |
------------------------------------------
FruitCounts | {'Fruit': 0, 'DecayFruit': 0, 'EnemyFruit': 0} |
-----------------------------------------
| rollout/                |             |
|    ep_len_mean          | 165         |
|    ep_rew_mean          | 59.1        |
| time/                   |             |
|    fps                  | 148         |
|    iterations           | 285         |
|    time_elapsed         | 3922        |
|    total_timesteps      | 583680      |
| train/                  |             |
|    approx_kl            | 0.006994758 |
|    clip_fraction        | 0.0681      |
|    clip_range           | 0.2         |
|    entropy_loss         | -0.309      |
|    explained_variance   | -0.0368     |
|    learning_rate        | 0.0003      |
|    loss                 | 83.3        |
|    n_updates            | 2840        |
|    policy_gradient_loss | -0.0062     |
|    value_loss           | 128         |
-----------------------------------------
FruitCounts | {'Fruit': 5, 'DecayFruit': 0, 'EnemyFruit': 1} |
--------------------------------------
| rollout/                |          |
|    ep_len_mean          | 154      |
|    ep_rew_mean          | 54.5     |
| time/                   |          |
|    fps                  | 148      |
|    iterations           | 286      |
|    time_elapsed         | 3936     |
|    total_timesteps      | 585728   |
| train/                  |          |
|    approx_kl            | 0.006332 |
|    clip_fraction        | 0.0608   |
|    clip_range           | 0.2      |
|    entropy_loss         | -0.297   |
|    explained_variance   | 0.228    |
|    learning_rate        | 0.0003   |
|    loss                 | 21.6     |
|    n_updates            | 2850     |
|    policy_gradient_loss | -0.00345 |
|    value_loss           | 78.3     |
--------------------------------------
FruitCounts | {'Fruit': 7, 'DecayFruit': 0, 'EnemyFruit': 0} |
-----------------------------------------
| rollout/                |             |
|    ep_len_mean          | 153         |
|    ep_rew_mean          | 56.2        |
| time/                   |             |
|    fps                  | 148         |
|    iterations           | 287         |
|    time_elapsed         | 3948        |
|    total_timesteps      | 587776      |
| train/                  |             |
|    approx_kl            | 0.012822604 |
|    clip_fraction        | 0.0908      |
|    clip_range           | 0.2         |
|    entropy_loss         | -0.299      |
|    explained_variance   | 0.23        |
|    learning_rate        | 0.0003      |
|    loss                 | 23.9        |
|    n_updates            | 2860        |
|    policy_gradient_loss | -0.00361    |
|    value_loss           | 75.9        |
-----------------------------------------
FruitCounts | {'Fruit': 3, 'DecayFruit': 0, 'EnemyFruit': 0} |
-----------------------------------------
| rollout/                |             |
|    ep_len_mean          | 167         |
|    ep_rew_mean          | 63.2        |
| time/                   |             |
|    fps                  | 148         |
|    iterations           | 288         |
|    time_elapsed         | 3961        |
|    total_timesteps      | 589824      |
| train/                  |             |
|    approx_kl            | 0.008168692 |
|    clip_fraction        | 0.0779      |
|    clip_range           | 0.2         |
|    entropy_loss         | -0.298      |
|    explained_variance   | -0.0308     |
|    learning_rate        | 0.0003      |
|    loss                 | 35.9        |
|    n_updates            | 2870        |
|    policy_gradient_loss | -0.00149    |
|    value_loss           | 98.1        |
-----------------------------------------
FruitCounts | {'Fruit': 5, 'DecayFruit': 0, 'EnemyFruit': 0} |
-----------------------------------------
| rollout/                |             |
|    ep_len_mean          | 163         |
|    ep_rew_mean          | 63.3        |
| time/                   |             |
|    fps                  | 148         |
|    iterations           | 289         |
|    time_elapsed         | 3974        |
|    total_timesteps      | 591872      |
| train/                  |             |
|    approx_kl            | 0.007042374 |
|    clip_fraction        | 0.0728      |
|    clip_range           | 0.2         |
|    entropy_loss         | -0.303      |
|    explained_variance   | -0.0713     |
|    learning_rate        | 0.0003      |
|    loss                 | 45.9        |
|    n_updates            | 2880        |
|    policy_gradient_loss | -0.00235    |
|    value_loss           | 130         |
-----------------------------------------
FruitCounts | {'Fruit': 3, 'DecayFruit': 0, 'EnemyFruit': 1} |
-----------------------------------------
| rollout/                |             |
|    ep_len_mean          | 162         |
|    ep_rew_mean          | 63          |
| time/                   |             |
|    fps                  | 148         |
|    iterations           | 290         |
|    time_elapsed         | 3987        |
|    total_timesteps      | 593920      |
| train/                  |             |
|    approx_kl            | 0.008276135 |
|    clip_fraction        | 0.0708      |
|    clip_range           | 0.2         |
|    entropy_loss         | -0.287      |
|    explained_variance   | 0.176       |
|    learning_rate        | 0.0003      |
|    loss                 | 33.6        |
|    n_updates            | 2890        |
|    policy_gradient_loss | -0.00209    |
|    value_loss           | 117         |
-----------------------------------------
FruitCounts | {'Fruit': 2, 'DecayFruit': 0, 'EnemyFruit': 0} |
-----------------------------------------
| rollout/                |             |
|    ep_len_mean          | 163         |
|    ep_rew_mean          | 64.9        |
| time/                   |             |
|    fps                  | 148         |
|    iterations           | 291         |
|    time_elapsed         | 4000        |
|    total_timesteps      | 595968      |
| train/                  |             |
|    approx_kl            | 0.024084093 |
|    clip_fraction        | 0.0809      |
|    clip_range           | 0.2         |
|    entropy_loss         | -0.332      |
|    explained_variance   | 0.18        |
|    learning_rate        | 0.0003      |
|    loss                 | 42.1        |
|    n_updates            | 2900        |
|    policy_gradient_loss | -0.00375    |
|    value_loss           | 88.2        |
-----------------------------------------
FruitCounts | {'Fruit': 2, 'DecayFruit': 0, 'EnemyFruit': 0} |
-----------------------------------------
| rollout/                |             |
|    ep_len_mean          | 168         |
|    ep_rew_mean          | 70.6        |
| time/                   |             |
|    fps                  | 149         |
|    iterations           | 292         |
|    time_elapsed         | 4011        |
|    total_timesteps      | 598016      |
| train/                  |             |
|    approx_kl            | 0.006212064 |
|    clip_fraction        | 0.0655      |
|    clip_range           | 0.2         |
|    entropy_loss         | -0.322      |
|    explained_variance   | 0.0534      |
|    learning_rate        | 0.0003      |
|    loss                 | 98.7        |
|    n_updates            | 2910        |
|    policy_gradient_loss | -0.00296    |
|    value_loss           | 182         |
-----------------------------------------
FruitCounts | {'Fruit': 6, 'DecayFruit': 1, 'EnemyFruit': 3} |
------------------------------------------
| rollout/                |              |
|    ep_len_mean          | 164          |
|    ep_rew_mean          | 68.4         |
| time/                   |              |
|    fps                  | 149          |
|    iterations           | 293          |
|    time_elapsed         | 4024         |
|    total_timesteps      | 600064       |
| train/                  |              |
|    approx_kl            | 0.0069727926 |
|    clip_fraction        | 0.0789       |
|    clip_range           | 0.2          |
|    entropy_loss         | -0.314       |
|    explained_variance   | -0.0159      |
|    learning_rate        | 0.0003       |
|    loss                 | 38.6         |
|    n_updates            | 2920         |
|    policy_gradient_loss | -0.000941    |
|    value_loss           | 86.9         |
------------------------------------------
FruitCounts | {'Fruit': 3, 'DecayFruit': 0, 'EnemyFruit': 0} |
-----------------------------------------
| rollout/                |             |
|    ep_len_mean          | 167         |
|    ep_rew_mean          | 70.6        |
| time/                   |             |
|    fps                  | 149         |
|    iterations           | 294         |
|    time_elapsed         | 4037        |
|    total_timesteps      | 602112      |
| train/                  |             |
|    approx_kl            | 0.005724745 |
|    clip_fraction        | 0.0702      |
|    clip_range           | 0.2         |
|    entropy_loss         | -0.309      |
|    explained_variance   | 0.165       |
|    learning_rate        | 0.0003      |
|    loss                 | 61.1        |
|    n_updates            | 2930        |
|    policy_gradient_loss | -0.0046     |
|    value_loss           | 119         |
-----------------------------------------
FruitCounts | {'Fruit': 7, 'DecayFruit': 0, 'EnemyFruit': 3} |
----------------------------------------
| rollout/                |            |
|    ep_len_mean          | 170        |
|    ep_rew_mean          | 72.6       |
| time/                   |            |
|    fps                  | 149        |
|    iterations           | 295        |
|    time_elapsed         | 4050       |
|    total_timesteps      | 604160     |
| train/                  |            |
|    approx_kl            | 0.00628604 |
|    clip_fraction        | 0.0646     |
|    clip_range           | 0.2        |
|    entropy_loss         | -0.29      |
|    explained_variance   | 0.0479     |
|    learning_rate        | 0.0003     |
|    loss                 | 33.9       |
|    n_updates            | 2940       |
|    policy_gradient_loss | -0.00464   |
|    value_loss           | 168        |
----------------------------------------
FruitCounts | {'Fruit': 1, 'DecayFruit': 0, 'EnemyFruit': 0} |
------------------------------------------
| rollout/                |              |
|    ep_len_mean          | 159          |
|    ep_rew_mean          | 69.9         |
| time/                   |              |
|    fps                  | 149          |
|    iterations           | 296          |
|    time_elapsed         | 4063         |
|    total_timesteps      | 606208       |
| train/                  |              |
|    approx_kl            | 0.0067469156 |
|    clip_fraction        | 0.0725       |
|    clip_range           | 0.2          |
|    entropy_loss         | -0.296       |
|    explained_variance   | 0.0777       |
|    learning_rate        | 0.0003       |
|    loss                 | 33.4         |
|    n_updates            | 2950         |
|    policy_gradient_loss | -0.00381     |
|    value_loss           | 114          |
------------------------------------------
FruitCounts | {'Fruit': 7, 'DecayFruit': 0, 'EnemyFruit': 1} |
------------------------------------------
| rollout/                |              |
|    ep_len_mean          | 162          |
|    ep_rew_mean          | 70.1         |
| time/                   |              |
|    fps                  | 149          |
|    iterations           | 297          |
|    time_elapsed         | 4075         |
|    total_timesteps      | 608256       |
| train/                  |              |
|    approx_kl            | 0.0073974915 |
|    clip_fraction        | 0.0729       |
|    clip_range           | 0.2          |
|    entropy_loss         | -0.302       |
|    explained_variance   | 0.00977      |
|    learning_rate        | 0.0003       |
|    loss                 | 45.8         |
|    n_updates            | 2960         |
|    policy_gradient_loss | -0.00337     |
|    value_loss           | 144          |
------------------------------------------
FruitCounts | {'Fruit': 0, 'DecayFruit': 0, 'EnemyFruit': 0} |
-----------------------------------------
| rollout/                |             |
|    ep_len_mean          | 168         |
|    ep_rew_mean          | 74.9        |
| time/                   |             |
|    fps                  | 149         |
|    iterations           | 298         |
|    time_elapsed         | 4088        |
|    total_timesteps      | 610304      |
| train/                  |             |
|    approx_kl            | 0.008080827 |
|    clip_fraction        | 0.0952      |
|    clip_range           | 0.2         |
|    entropy_loss         | -0.313      |
|    explained_variance   | 0.245       |
|    learning_rate        | 0.0003      |
|    loss                 | 82          |
|    n_updates            | 2970        |
|    policy_gradient_loss | -0.00646    |
|    value_loss           | 110         |
-----------------------------------------
FruitCounts | {'Fruit': 3, 'DecayFruit': 0, 'EnemyFruit': 1} |
-----------------------------------------
| rollout/                |             |
|    ep_len_mean          | 165         |
|    ep_rew_mean          | 72.4        |
| time/                   |             |
|    fps                  | 149         |
|    iterations           | 299         |
|    time_elapsed         | 4101        |
|    total_timesteps      | 612352      |
| train/                  |             |
|    approx_kl            | 0.011677239 |
|    clip_fraction        | 0.0781      |
|    clip_range           | 0.2         |
|    entropy_loss         | -0.293      |
|    explained_variance   | 0.164       |
|    learning_rate        | 0.0003      |
|    loss                 | 71.7        |
|    n_updates            | 2980        |
|    policy_gradient_loss | -0.0005     |
|    value_loss           | 131         |
-----------------------------------------
FruitCounts | {'Fruit': 4, 'DecayFruit': 0, 'EnemyFruit': 0} |
-----------------------------------------
| rollout/                |             |
|    ep_len_mean          | 167         |
|    ep_rew_mean          | 70.3        |
| time/                   |             |
|    fps                  | 149         |
|    iterations           | 300         |
|    time_elapsed         | 4113        |
|    total_timesteps      | 614400      |
| train/                  |             |
|    approx_kl            | 0.011374015 |
|    clip_fraction        | 0.0893      |
|    clip_range           | 0.2         |
|    entropy_loss         | -0.293      |
|    explained_variance   | 0.0671      |
|    learning_rate        | 0.0003      |
|    loss                 | 35          |
|    n_updates            | 2990        |
|    policy_gradient_loss | -0.00257    |
|    value_loss           | 98.6        |
-----------------------------------------
FruitCounts | {'Fruit': 6, 'DecayFruit': 0, 'EnemyFruit': 2} |
-----------------------------------------
| rollout/                |             |
|    ep_len_mean          | 164         |
|    ep_rew_mean          | 69.8        |
| time/                   |             |
|    fps                  | 149         |
|    iterations           | 301         |
|    time_elapsed         | 4125        |
|    total_timesteps      | 616448      |
| train/                  |             |
|    approx_kl            | 0.009040183 |
|    clip_fraction        | 0.0732      |
|    clip_range           | 0.2         |
|    entropy_loss         | -0.321      |
|    explained_variance   | 0.167       |
|    learning_rate        | 0.0003      |
|    loss                 | 21.4        |
|    n_updates            | 3000        |
|    policy_gradient_loss | 0.000233    |
|    value_loss           | 67.6        |
-----------------------------------------
FruitCounts | {'Fruit': 4, 'DecayFruit': 0, 'EnemyFruit': 1} |
------------------------------------------
| rollout/                |              |
|    ep_len_mean          | 172          |
|    ep_rew_mean          | 74.2         |
| time/                   |              |
|    fps                  | 149          |
|    iterations           | 302          |
|    time_elapsed         | 4137         |
|    total_timesteps      | 618496       |
| train/                  |              |
|    approx_kl            | 0.0075143557 |
|    clip_fraction        | 0.0888       |
|    clip_range           | 0.2          |
|    entropy_loss         | -0.289       |
|    explained_variance   | 0.0274       |
|    learning_rate        | 0.0003       |
|    loss                 | 58.6         |
|    n_updates            | 3010         |
|    policy_gradient_loss | -0.00563     |
|    value_loss           | 112          |
------------------------------------------
FruitCounts | {'Fruit': 4, 'DecayFruit': 0, 'EnemyFruit': 0} |
-----------------------------------------
| rollout/                |             |
|    ep_len_mean          | 173         |
|    ep_rew_mean          | 76.2        |
| time/                   |             |
|    fps                  | 149         |
|    iterations           | 303         |
|    time_elapsed         | 4150        |
|    total_timesteps      | 620544      |
| train/                  |             |
|    approx_kl            | 0.008576568 |
|    clip_fraction        | 0.0836      |
|    clip_range           | 0.2         |
|    entropy_loss         | -0.287      |
|    explained_variance   | 0.197       |
|    learning_rate        | 0.0003      |
|    loss                 | 38.1        |
|    n_updates            | 3020        |
|    policy_gradient_loss | -0.00483    |
|    value_loss           | 78.9        |
-----------------------------------------
FruitCounts | {'Fruit': 2, 'DecayFruit': 0, 'EnemyFruit': 1} |
-----------------------------------------
| rollout/                |             |
|    ep_len_mean          | 176         |
|    ep_rew_mean          | 76          |
| time/                   |             |
|    fps                  | 149         |
|    iterations           | 304         |
|    time_elapsed         | 4162        |
|    total_timesteps      | 622592      |
| train/                  |             |
|    approx_kl            | 0.005676296 |
|    clip_fraction        | 0.057       |
|    clip_range           | 0.2         |
|    entropy_loss         | -0.3        |
|    explained_variance   | 0.247       |
|    learning_rate        | 0.0003      |
|    loss                 | 29.1        |
|    n_updates            | 3030        |
|    policy_gradient_loss | -0.00248    |
|    value_loss           | 157         |
-----------------------------------------
FruitCounts | {'Fruit': 4, 'DecayFruit': 0, 'EnemyFruit': 1} |
-----------------------------------------
| rollout/                |             |
|    ep_len_mean          | 180         |
|    ep_rew_mean          | 78.8        |
| time/                   |             |
|    fps                  | 149         |
|    iterations           | 305         |
|    time_elapsed         | 4174        |
|    total_timesteps      | 624640      |
| train/                  |             |
|    approx_kl            | 0.006893572 |
|    clip_fraction        | 0.0781      |
|    clip_range           | 0.2         |
|    entropy_loss         | -0.276      |
|    explained_variance   | 0.0552      |
|    learning_rate        | 0.0003      |
|    loss                 | 32.5        |
|    n_updates            | 3040        |
|    policy_gradient_loss | -0.00439    |
|    value_loss           | 92.7        |
-----------------------------------------
FruitCounts | {'Fruit': 4, 'DecayFruit': 0, 'EnemyFruit': 1} |
---------------------------------------
| rollout/                |           |
|    ep_len_mean          | 175       |
|    ep_rew_mean          | 74.7      |
| time/                   |           |
|    fps                  | 149       |
|    iterations           | 306       |
|    time_elapsed         | 4187      |
|    total_timesteps      | 626688    |
| train/                  |           |
|    approx_kl            | 0.0093743 |
|    clip_fraction        | 0.0763    |
|    clip_range           | 0.2       |
|    entropy_loss         | -0.296    |
|    explained_variance   | 0.0313    |
|    learning_rate        | 0.0003    |
|    loss                 | 114       |
|    n_updates            | 3050      |
|    policy_gradient_loss | -0.00327  |
|    value_loss           | 169       |
---------------------------------------
FruitCounts | {'Fruit': 0, 'DecayFruit': 0, 'EnemyFruit': 0} |
------------------------------------------
| rollout/                |              |
|    ep_len_mean          | 172          |
|    ep_rew_mean          | 73.6         |
| time/                   |              |
|    fps                  | 149          |
|    iterations           | 307          |
|    time_elapsed         | 4199         |
|    total_timesteps      | 628736       |
| train/                  |              |
|    approx_kl            | 0.0071301763 |
|    clip_fraction        | 0.0767       |
|    clip_range           | 0.2          |
|    entropy_loss         | -0.304       |
|    explained_variance   | 0.0931       |
|    learning_rate        | 0.0003       |
|    loss                 | 40.8         |
|    n_updates            | 3060         |
|    policy_gradient_loss | -0.00403     |
|    value_loss           | 102          |
------------------------------------------
FruitCounts | {'Fruit': 1, 'DecayFruit': 0, 'EnemyFruit': 0} |
-----------------------------------------
| rollout/                |             |
|    ep_len_mean          | 175         |
|    ep_rew_mean          | 74.7        |
| time/                   |             |
|    fps                  | 149         |
|    iterations           | 308         |
|    time_elapsed         | 4212        |
|    total_timesteps      | 630784      |
| train/                  |             |
|    approx_kl            | 0.010177856 |
|    clip_fraction        | 0.0791      |
|    clip_range           | 0.2         |
|    entropy_loss         | -0.303      |
|    explained_variance   | 0.174       |
|    learning_rate        | 0.0003      |
|    loss                 | 27.5        |
|    n_updates            | 3070        |
|    policy_gradient_loss | -0.00449    |
|    value_loss           | 95          |
-----------------------------------------
FruitCounts | {'Fruit': 6, 'DecayFruit': 0, 'EnemyFruit': 0} |
-----------------------------------------
| rollout/                |             |
|    ep_len_mean          | 170         |
|    ep_rew_mean          | 75          |
| time/                   |             |
|    fps                  | 149         |
|    iterations           | 309         |
|    time_elapsed         | 4224        |
|    total_timesteps      | 632832      |
| train/                  |             |
|    approx_kl            | 0.007924003 |
|    clip_fraction        | 0.0664      |
|    clip_range           | 0.2         |
|    entropy_loss         | -0.303      |
|    explained_variance   | 0.117       |
|    learning_rate        | 0.0003      |
|    loss                 | 27.1        |
|    n_updates            | 3080        |
|    policy_gradient_loss | -0.00342    |
|    value_loss           | 116         |
-----------------------------------------
FruitCounts | {'Fruit': 0, 'DecayFruit': 0, 'EnemyFruit': 0} |
------------------------------------------
| rollout/                |              |
|    ep_len_mean          | 168          |
|    ep_rew_mean          | 70.1         |
| time/                   |              |
|    fps                  | 149          |
|    iterations           | 310          |
|    time_elapsed         | 4237         |
|    total_timesteps      | 634880       |
| train/                  |              |
|    approx_kl            | 0.0067120874 |
|    clip_fraction        | 0.0656       |
|    clip_range           | 0.2          |
|    entropy_loss         | -0.293       |
|    explained_variance   | 0.0536       |
|    learning_rate        | 0.0003       |
|    loss                 | 128          |
|    n_updates            | 3090         |
|    policy_gradient_loss | -0.00265     |
|    value_loss           | 175          |
------------------------------------------
FruitCounts | {'Fruit': 0, 'DecayFruit': 0, 'EnemyFruit': 0} |
-----------------------------------------
| rollout/                |             |
|    ep_len_mean          | 167         |
|    ep_rew_mean          | 72.8        |
| time/                   |             |
|    fps                  | 149         |
|    iterations           | 311         |
|    time_elapsed         | 4249        |
|    total_timesteps      | 636928      |
| train/                  |             |
|    approx_kl            | 0.008703278 |
|    clip_fraction        | 0.083       |
|    clip_range           | 0.2         |
|    entropy_loss         | -0.284      |
|    explained_variance   | 0.126       |
|    learning_rate        | 0.0003      |
|    loss                 | 53.2        |
|    n_updates            | 3100        |
|    policy_gradient_loss | -0.0035     |
|    value_loss           | 99          |
-----------------------------------------
FruitCounts | {'Fruit': 2, 'DecayFruit': 0, 'EnemyFruit': 1} |
-----------------------------------------
| rollout/                |             |
|    ep_len_mean          | 173         |
|    ep_rew_mean          | 72.8        |
| time/                   |             |
|    fps                  | 149         |
|    iterations           | 312         |
|    time_elapsed         | 4261        |
|    total_timesteps      | 638976      |
| train/                  |             |
|    approx_kl            | 0.011341607 |
|    clip_fraction        | 0.0735      |
|    clip_range           | 0.2         |
|    entropy_loss         | -0.289      |
|    explained_variance   | 0.202       |
|    learning_rate        | 0.0003      |
|    loss                 | 56.8        |
|    n_updates            | 3110        |
|    policy_gradient_loss | -0.00407    |
|    value_loss           | 93.5        |
-----------------------------------------
FruitCounts | {'Fruit': 2, 'DecayFruit': 0, 'EnemyFruit': 0} |
-----------------------------------------
| rollout/                |             |
|    ep_len_mean          | 168         |
|    ep_rew_mean          | 72          |
| time/                   |             |
|    fps                  | 149         |
|    iterations           | 313         |
|    time_elapsed         | 4273        |
|    total_timesteps      | 641024      |
| train/                  |             |
|    approx_kl            | 0.013499046 |
|    clip_fraction        | 0.0785      |
|    clip_range           | 0.2         |
|    entropy_loss         | -0.282      |
|    explained_variance   | 0.154       |
|    learning_rate        | 0.0003      |
|    loss                 | 41.4        |
|    n_updates            | 3120        |
|    policy_gradient_loss | -0.0058     |
|    value_loss           | 77.3        |
-----------------------------------------
FruitCounts | {'Fruit': 2, 'DecayFruit': 0, 'EnemyFruit': 0} |
------------------------------------------
| rollout/                |              |
|    ep_len_mean          | 162          |
|    ep_rew_mean          | 74.2         |
| time/                   |              |
|    fps                  | 149          |
|    iterations           | 314          |
|    time_elapsed         | 4287         |
|    total_timesteps      | 643072       |
| train/                  |              |
|    approx_kl            | 0.0055445516 |
|    clip_fraction        | 0.0658       |
|    clip_range           | 0.2          |
|    entropy_loss         | -0.269       |
|    explained_variance   | 0.152        |
|    learning_rate        | 0.0003       |
|    loss                 | 42.8         |
|    n_updates            | 3130         |
|    policy_gradient_loss | -0.00427     |
|    value_loss           | 138          |
------------------------------------------
FruitCounts | {'Fruit': 2, 'DecayFruit': 0, 'EnemyFruit': 0} |
------------------------------------------
| rollout/                |              |
|    ep_len_mean          | 165          |
|    ep_rew_mean          | 76.7         |
| time/                   |              |
|    fps                  | 150          |
|    iterations           | 315          |
|    time_elapsed         | 4299         |
|    total_timesteps      | 645120       |
| train/                  |              |
|    approx_kl            | 0.0065820254 |
|    clip_fraction        | 0.0664       |
|    clip_range           | 0.2          |
|    entropy_loss         | -0.266       |
|    explained_variance   | 0.0787       |
|    learning_rate        | 0.0003       |
|    loss                 | 102          |
|    n_updates            | 3140         |
|    policy_gradient_loss | -0.00449     |
|    value_loss           | 231          |
------------------------------------------
FruitCounts | {'Fruit': 2, 'DecayFruit': 0, 'EnemyFruit': 1} |
-----------------------------------------
| rollout/                |             |
|    ep_len_mean          | 164         |
|    ep_rew_mean          | 78.8        |
| time/                   |             |
|    fps                  | 150         |
|    iterations           | 316         |
|    time_elapsed         | 4311        |
|    total_timesteps      | 647168      |
| train/                  |             |
|    approx_kl            | 0.010106121 |
|    clip_fraction        | 0.0724      |
|    clip_range           | 0.2         |
|    entropy_loss         | -0.279      |
|    explained_variance   | 0.11        |
|    learning_rate        | 0.0003      |
|    loss                 | 111         |
|    n_updates            | 3150        |
|    policy_gradient_loss | -0.00143    |
|    value_loss           | 145         |
-----------------------------------------
FruitCounts | {'Fruit': 3, 'DecayFruit': 0, 'EnemyFruit': 0} |
-----------------------------------------
| rollout/                |             |
|    ep_len_mean          | 162         |
|    ep_rew_mean          | 77.2        |
| time/                   |             |
|    fps                  | 150         |
|    iterations           | 317         |
|    time_elapsed         | 4324        |
|    total_timesteps      | 649216      |
| train/                  |             |
|    approx_kl            | 0.008519789 |
|    clip_fraction        | 0.0615      |
|    clip_range           | 0.2         |
|    entropy_loss         | -0.268      |
|    explained_variance   | 0.181       |
|    learning_rate        | 0.0003      |
|    loss                 | 34.2        |
|    n_updates            | 3160        |
|    policy_gradient_loss | -0.00263    |
|    value_loss           | 133         |
-----------------------------------------
FruitCounts | {'Fruit': 2, 'DecayFruit': 0, 'EnemyFruit': 0} |
-----------------------------------------
| rollout/                |             |
|    ep_len_mean          | 167         |
|    ep_rew_mean          | 78.9        |
| time/                   |             |
|    fps                  | 150         |
|    iterations           | 318         |
|    time_elapsed         | 4336        |
|    total_timesteps      | 651264      |
| train/                  |             |
|    approx_kl            | 0.009548346 |
|    clip_fraction        | 0.0827      |
|    clip_range           | 0.2         |
|    entropy_loss         | -0.283      |
|    explained_variance   | -0.0604     |
|    learning_rate        | 0.0003      |
|    loss                 | 45.3        |
|    n_updates            | 3170        |
|    policy_gradient_loss | -0.0048     |
|    value_loss           | 117         |
-----------------------------------------
FruitCounts | {'Fruit': 2, 'DecayFruit': 0, 'EnemyFruit': 1} |
-----------------------------------------
| rollout/                |             |
|    ep_len_mean          | 166         |
|    ep_rew_mean          | 77          |
| time/                   |             |
|    fps                  | 150         |
|    iterations           | 319         |
|    time_elapsed         | 4347        |
|    total_timesteps      | 653312      |
| train/                  |             |
|    approx_kl            | 0.010049356 |
|    clip_fraction        | 0.0868      |
|    clip_range           | 0.2         |
|    entropy_loss         | -0.281      |
|    explained_variance   | 0.128       |
|    learning_rate        | 0.0003      |
|    loss                 | 24.9        |
|    n_updates            | 3180        |
|    policy_gradient_loss | -0.00225    |
|    value_loss           | 93          |
-----------------------------------------
FruitCounts | {'Fruit': 2, 'DecayFruit': 1, 'EnemyFruit': 1} |
------------------------------------------
| rollout/                |              |
|    ep_len_mean          | 174          |
|    ep_rew_mean          | 82.3         |
| time/                   |              |
|    fps                  | 150          |
|    iterations           | 320          |
|    time_elapsed         | 4359         |
|    total_timesteps      | 655360       |
| train/                  |              |
|    approx_kl            | 0.0057341373 |
|    clip_fraction        | 0.069        |
|    clip_range           | 0.2          |
|    entropy_loss         | -0.275       |
|    explained_variance   | 0.328        |
|    learning_rate        | 0.0003       |
|    loss                 | 17.3         |
|    n_updates            | 3190         |
|    policy_gradient_loss | -0.00185     |
|    value_loss           | 72.8         |
------------------------------------------
FruitCounts | {'Fruit': 3, 'DecayFruit': 0, 'EnemyFruit': 0} |
-----------------------------------------
| rollout/                |             |
|    ep_len_mean          | 176         |
|    ep_rew_mean          | 81.7        |
| time/                   |             |
|    fps                  | 150         |
|    iterations           | 321         |
|    time_elapsed         | 4370        |
|    total_timesteps      | 657408      |
| train/                  |             |
|    approx_kl            | 0.006537366 |
|    clip_fraction        | 0.0652      |
|    clip_range           | 0.2         |
|    entropy_loss         | -0.289      |
|    explained_variance   | 0.0938      |
|    learning_rate        | 0.0003      |
|    loss                 | 49.4        |
|    n_updates            | 3200        |
|    policy_gradient_loss | -0.0019     |
|    value_loss           | 175         |
-----------------------------------------
FruitCounts | {'Fruit': 0, 'DecayFruit': 0, 'EnemyFruit': 0} |
-----------------------------------------
| rollout/                |             |
|    ep_len_mean          | 175         |
|    ep_rew_mean          | 76.2        |
| time/                   |             |
|    fps                  | 150         |
|    iterations           | 322         |
|    time_elapsed         | 4383        |
|    total_timesteps      | 659456      |
| train/                  |             |
|    approx_kl            | 0.011286471 |
|    clip_fraction        | 0.0907      |
|    clip_range           | 0.2         |
|    entropy_loss         | -0.292      |
|    explained_variance   | 0.0933      |
|    learning_rate        | 0.0003      |
|    loss                 | 40.3        |
|    n_updates            | 3210        |
|    policy_gradient_loss | -0.00455    |
|    value_loss           | 101         |
-----------------------------------------
FruitCounts | {'Fruit': 0, 'DecayFruit': 0, 'EnemyFruit': 0} |
-----------------------------------------
| rollout/                |             |
|    ep_len_mean          | 188         |
|    ep_rew_mean          | 79.1        |
| time/                   |             |
|    fps                  | 150         |
|    iterations           | 323         |
|    time_elapsed         | 4394        |
|    total_timesteps      | 661504      |
| train/                  |             |
|    approx_kl            | 0.010700859 |
|    clip_fraction        | 0.0966      |
|    clip_range           | 0.2         |
|    entropy_loss         | -0.293      |
|    explained_variance   | 0.0237      |
|    learning_rate        | 0.0003      |
|    loss                 | 39.3        |
|    n_updates            | 3220        |
|    policy_gradient_loss | -0.0046     |
|    value_loss           | 92.6        |
-----------------------------------------
FruitCounts | {'Fruit': 3, 'DecayFruit': 0, 'EnemyFruit': 1} |
-----------------------------------------
| rollout/                |             |
|    ep_len_mean          | 187         |
|    ep_rew_mean          | 76.2        |
| time/                   |             |
|    fps                  | 150         |
|    iterations           | 324         |
|    time_elapsed         | 4407        |
|    total_timesteps      | 663552      |
| train/                  |             |
|    approx_kl            | 0.009082004 |
|    clip_fraction        | 0.0708      |
|    clip_range           | 0.2         |
|    entropy_loss         | -0.279      |
|    explained_variance   | 0.307       |
|    learning_rate        | 0.0003      |
|    loss                 | 55.6        |
|    n_updates            | 3230        |
|    policy_gradient_loss | -0.00252    |
|    value_loss           | 93.5        |
-----------------------------------------
FruitCounts | {'Fruit': 1, 'DecayFruit': 0, 'EnemyFruit': 0} |
-----------------------------------------
| rollout/                |             |
|    ep_len_mean          | 183         |
|    ep_rew_mean          | 69.7        |
| time/                   |             |
|    fps                  | 150         |
|    iterations           | 325         |
|    time_elapsed         | 4420        |
|    total_timesteps      | 665600      |
| train/                  |             |
|    approx_kl            | 0.010169763 |
|    clip_fraction        | 0.0765      |
|    clip_range           | 0.2         |
|    entropy_loss         | -0.296      |
|    explained_variance   | 0.182       |
|    learning_rate        | 0.0003      |
|    loss                 | 40.5        |
|    n_updates            | 3240        |
|    policy_gradient_loss | -0.00432    |
|    value_loss           | 120         |
-----------------------------------------
FruitCounts | {'Fruit': 1, 'DecayFruit': 0, 'EnemyFruit': 1} |
-----------------------------------------
| rollout/                |             |
|    ep_len_mean          | 182         |
|    ep_rew_mean          | 72.3        |
| time/                   |             |
|    fps                  | 150         |
|    iterations           | 326         |
|    time_elapsed         | 4433        |
|    total_timesteps      | 667648      |
| train/                  |             |
|    approx_kl            | 0.008335097 |
|    clip_fraction        | 0.0793      |
|    clip_range           | 0.2         |
|    entropy_loss         | -0.284      |
|    explained_variance   | 0.118       |
|    learning_rate        | 0.0003      |
|    loss                 | 47.1        |
|    n_updates            | 3250        |
|    policy_gradient_loss | -0.00331    |
|    value_loss           | 82.9        |
-----------------------------------------
FruitCounts | {'Fruit': 1, 'DecayFruit': 0, 'EnemyFruit': 0} |
------------------------------------------
| rollout/                |              |
|    ep_len_mean          | 183          |
|    ep_rew_mean          | 76.2         |
| time/                   |              |
|    fps                  | 150          |
|    iterations           | 327          |
|    time_elapsed         | 4444         |
|    total_timesteps      | 669696       |
| train/                  |              |
|    approx_kl            | 0.0066554695 |
|    clip_fraction        | 0.0625       |
|    clip_range           | 0.2          |
|    entropy_loss         | -0.259       |
|    explained_variance   | 0.085        |
|    learning_rate        | 0.0003       |
|    loss                 | 83           |
|    n_updates            | 3260         |
|    policy_gradient_loss | -0.00395     |
|    value_loss           | 126          |
------------------------------------------
FruitCounts | {'Fruit': 1, 'DecayFruit': 0, 'EnemyFruit': 0} |
-----------------------------------------
| rollout/                |             |
|    ep_len_mean          | 173         |
|    ep_rew_mean          | 70          |
| time/                   |             |
|    fps                  | 150         |
|    iterations           | 328         |
|    time_elapsed         | 4457        |
|    total_timesteps      | 671744      |
| train/                  |             |
|    approx_kl            | 0.009164177 |
|    clip_fraction        | 0.0776      |
|    clip_range           | 0.2         |
|    entropy_loss         | -0.271      |
|    explained_variance   | 0.192       |
|    learning_rate        | 0.0003      |
|    loss                 | 20.6        |
|    n_updates            | 3270        |
|    policy_gradient_loss | -0.00119    |
|    value_loss           | 88.5        |
-----------------------------------------
FruitCounts | {'Fruit': 0, 'DecayFruit': 0, 'EnemyFruit': 0} |
-----------------------------------------
| rollout/                |             |
|    ep_len_mean          | 169         |
|    ep_rew_mean          | 71.6        |
| time/                   |             |
|    fps                  | 150         |
|    iterations           | 329         |
|    time_elapsed         | 4469        |
|    total_timesteps      | 673792      |
| train/                  |             |
|    approx_kl            | 0.011883559 |
|    clip_fraction        | 0.0723      |
|    clip_range           | 0.2         |
|    entropy_loss         | -0.272      |
|    explained_variance   | 0.154       |
|    learning_rate        | 0.0003      |
|    loss                 | 26          |
|    n_updates            | 3280        |
|    policy_gradient_loss | -0.00382    |
|    value_loss           | 95.8        |
-----------------------------------------
FruitCounts | {'Fruit': 5, 'DecayFruit': 1, 'EnemyFruit': 1} |
-----------------------------------------
| rollout/                |             |
|    ep_len_mean          | 170         |
|    ep_rew_mean          | 74.8        |
| time/                   |             |
|    fps                  | 150         |
|    iterations           | 330         |
|    time_elapsed         | 4480        |
|    total_timesteps      | 675840      |
| train/                  |             |
|    approx_kl            | 0.015234503 |
|    clip_fraction        | 0.0769      |
|    clip_range           | 0.2         |
|    entropy_loss         | -0.264      |
|    explained_variance   | 0.199       |
|    learning_rate        | 0.0003      |
|    loss                 | 42.4        |
|    n_updates            | 3290        |
|    policy_gradient_loss | -0.00407    |
|    value_loss           | 126         |
-----------------------------------------
FruitCounts | {'Fruit': 0, 'DecayFruit': 0, 'EnemyFruit': 0} |
-----------------------------------------
| rollout/                |             |
|    ep_len_mean          | 163         |
|    ep_rew_mean          | 73.6        |
| time/                   |             |
|    fps                  | 150         |
|    iterations           | 331         |
|    time_elapsed         | 4493        |
|    total_timesteps      | 677888      |
| train/                  |             |
|    approx_kl            | 0.006806953 |
|    clip_fraction        | 0.0756      |
|    clip_range           | 0.2         |
|    entropy_loss         | -0.262      |
|    explained_variance   | 0.00148     |
|    learning_rate        | 0.0003      |
|    loss                 | 105         |
|    n_updates            | 3300        |
|    policy_gradient_loss | -0.00376    |
|    value_loss           | 237         |
-----------------------------------------
FruitCounts | {'Fruit': 6, 'DecayFruit': 0, 'EnemyFruit': 1} |
------------------------------------------
| rollout/                |              |
|    ep_len_mean          | 168          |
|    ep_rew_mean          | 77.7         |
| time/                   |              |
|    fps                  | 150          |
|    iterations           | 332          |
|    time_elapsed         | 4505         |
|    total_timesteps      | 679936       |
| train/                  |              |
|    approx_kl            | 0.0069866637 |
|    clip_fraction        | 0.0569       |
|    clip_range           | 0.2          |
|    entropy_loss         | -0.251       |
|    explained_variance   | 0.171        |
|    learning_rate        | 0.0003       |
|    loss                 | 46.4         |
|    n_updates            | 3310         |
|    policy_gradient_loss | -0.00481     |
|    value_loss           | 125          |
------------------------------------------
FruitCounts | {'Fruit': 2, 'DecayFruit': 0, 'EnemyFruit': 0} |
-----------------------------------------
| rollout/                |             |
|    ep_len_mean          | 167         |
|    ep_rew_mean          | 79.4        |
| time/                   |             |
|    fps                  | 150         |
|    iterations           | 333         |
|    time_elapsed         | 4518        |
|    total_timesteps      | 681984      |
| train/                  |             |
|    approx_kl            | 0.006816785 |
|    clip_fraction        | 0.0696      |
|    clip_range           | 0.2         |
|    entropy_loss         | -0.268      |
|    explained_variance   | 0.163       |
|    learning_rate        | 0.0003      |
|    loss                 | 47.7        |
|    n_updates            | 3320        |
|    policy_gradient_loss | -0.00282    |
|    value_loss           | 90.6        |
-----------------------------------------
FruitCounts | {'Fruit': 3, 'DecayFruit': 0, 'EnemyFruit': 0} |
-----------------------------------------
| rollout/                |             |
|    ep_len_mean          | 163         |
|    ep_rew_mean          | 77.5        |
| time/                   |             |
|    fps                  | 150         |
|    iterations           | 334         |
|    time_elapsed         | 4533        |
|    total_timesteps      | 684032      |
| train/                  |             |
|    approx_kl            | 0.006232899 |
|    clip_fraction        | 0.0611      |
|    clip_range           | 0.2         |
|    entropy_loss         | -0.255      |
|    explained_variance   | 0.0752      |
|    learning_rate        | 0.0003      |
|    loss                 | 56.3        |
|    n_updates            | 3330        |
|    policy_gradient_loss | -0.00437    |
|    value_loss           | 167         |
-----------------------------------------
FruitCounts | {'Fruit': 1, 'DecayFruit': 0, 'EnemyFruit': 0} |
-----------------------------------------
| rollout/                |             |
|    ep_len_mean          | 153         |
|    ep_rew_mean          | 72.7        |
| time/                   |             |
|    fps                  | 150         |
|    iterations           | 335         |
|    time_elapsed         | 4546        |
|    total_timesteps      | 686080      |
| train/                  |             |
|    approx_kl            | 0.006919677 |
|    clip_fraction        | 0.0659      |
|    clip_range           | 0.2         |
|    entropy_loss         | -0.249      |
|    explained_variance   | 0.134       |
|    learning_rate        | 0.0003      |
|    loss                 | 68.7        |
|    n_updates            | 3340        |
|    policy_gradient_loss | -0.00434    |
|    value_loss           | 174         |
-----------------------------------------
FruitCounts | {'Fruit': 1, 'DecayFruit': 0, 'EnemyFruit': 0} |
-----------------------------------------
| rollout/                |             |
|    ep_len_mean          | 150         |
|    ep_rew_mean          | 74.9        |
| time/                   |             |
|    fps                  | 150         |
|    iterations           | 336         |
|    time_elapsed         | 4560        |
|    total_timesteps      | 688128      |
| train/                  |             |
|    approx_kl            | 0.011427153 |
|    clip_fraction        | 0.0892      |
|    clip_range           | 0.2         |
|    entropy_loss         | -0.253      |
|    explained_variance   | 0.217       |
|    learning_rate        | 0.0003      |
|    loss                 | 52.5        |
|    n_updates            | 3350        |
|    policy_gradient_loss | -0.00546    |
|    value_loss           | 171         |
-----------------------------------------
FruitCounts | {'Fruit': 0, 'DecayFruit': 0, 'EnemyFruit': 0} |
----------------------------------------
| rollout/                |            |
|    ep_len_mean          | 143        |
|    ep_rew_mean          | 71.6       |
| time/                   |            |
|    fps                  | 150        |
|    iterations           | 337        |
|    time_elapsed         | 4575       |
|    total_timesteps      | 690176     |
| train/                  |            |
|    approx_kl            | 0.00695968 |
|    clip_fraction        | 0.0646     |
|    clip_range           | 0.2        |
|    entropy_loss         | -0.261     |
|    explained_variance   | 0.053      |
|    learning_rate        | 0.0003     |
|    loss                 | 140        |
|    n_updates            | 3360       |
|    policy_gradient_loss | -0.00317   |
|    value_loss           | 171        |
----------------------------------------
FruitCounts | {'Fruit': 2, 'DecayFruit': 0, 'EnemyFruit': 0} |
-----------------------------------------
| rollout/                |             |
|    ep_len_mean          | 144         |
|    ep_rew_mean          | 74.8        |
| time/                   |             |
|    fps                  | 150         |
|    iterations           | 338         |
|    time_elapsed         | 4587        |
|    total_timesteps      | 692224      |
| train/                  |             |
|    approx_kl            | 0.007907472 |
|    clip_fraction        | 0.0605      |
|    clip_range           | 0.2         |
|    entropy_loss         | -0.27       |
|    explained_variance   | 0.129       |
|    learning_rate        | 0.0003      |
|    loss                 | 76.2        |
|    n_updates            | 3370        |
|    policy_gradient_loss | -0.00265    |
|    value_loss           | 183         |
-----------------------------------------
FruitCounts | {'Fruit': 1, 'DecayFruit': 0, 'EnemyFruit': 2} |
------------------------------------------
| rollout/                |              |
|    ep_len_mean          | 147          |
|    ep_rew_mean          | 79           |
| time/                   |              |
|    fps                  | 150          |
|    iterations           | 339          |
|    time_elapsed         | 4600         |
|    total_timesteps      | 694272       |
| train/                  |              |
|    approx_kl            | 0.0067297528 |
|    clip_fraction        | 0.0627       |
|    clip_range           | 0.2          |
|    entropy_loss         | -0.26        |
|    explained_variance   | 0.0495       |
|    learning_rate        | 0.0003       |
|    loss                 | 56.8         |
|    n_updates            | 3380         |
|    policy_gradient_loss | -0.00305     |
|    value_loss           | 207          |
------------------------------------------
FruitCounts | {'Fruit': 8, 'DecayFruit': 0, 'EnemyFruit': 1} |
-----------------------------------------
| rollout/                |             |
|    ep_len_mean          | 155         |
|    ep_rew_mean          | 82.8        |
| time/                   |             |
|    fps                  | 150         |
|    iterations           | 340         |
|    time_elapsed         | 4612        |
|    total_timesteps      | 696320      |
| train/                  |             |
|    approx_kl            | 0.011721568 |
|    clip_fraction        | 0.0734      |
|    clip_range           | 0.2         |
|    entropy_loss         | -0.264      |
|    explained_variance   | 0.139       |
|    learning_rate        | 0.0003      |
|    loss                 | 91.9        |
|    n_updates            | 3390        |
|    policy_gradient_loss | 0.000399    |
|    value_loss           | 143         |
-----------------------------------------
FruitCounts | {'Fruit': 0, 'DecayFruit': 0, 'EnemyFruit': 0} |
-----------------------------------------
| rollout/                |             |
|    ep_len_mean          | 161         |
|    ep_rew_mean          | 84.5        |
| time/                   |             |
|    fps                  | 151         |
|    iterations           | 341         |
|    time_elapsed         | 4624        |
|    total_timesteps      | 698368      |
| train/                  |             |
|    approx_kl            | 0.011249882 |
|    clip_fraction        | 0.0858      |
|    clip_range           | 0.2         |
|    entropy_loss         | -0.274      |
|    explained_variance   | 0.242       |
|    learning_rate        | 0.0003      |
|    loss                 | 43.7        |
|    n_updates            | 3400        |
|    policy_gradient_loss | -0.0032     |
|    value_loss           | 105         |
-----------------------------------------
FruitCounts | {'Fruit': 0, 'DecayFruit': 0, 'EnemyFruit': 0} |
------------------------------------------
| rollout/                |              |
|    ep_len_mean          | 163          |
|    ep_rew_mean          | 85.5         |
| time/                   |              |
|    fps                  | 151          |
|    iterations           | 342          |
|    time_elapsed         | 4637         |
|    total_timesteps      | 700416       |
| train/                  |              |
|    approx_kl            | 0.0064766537 |
|    clip_fraction        | 0.076        |
|    clip_range           | 0.2          |
|    entropy_loss         | -0.27        |
|    explained_variance   | 0.255        |
|    learning_rate        | 0.0003       |
|    loss                 | 32           |
|    n_updates            | 3410         |
|    policy_gradient_loss | -0.00361     |
|    value_loss           | 90.4         |
------------------------------------------
FruitCounts | {'Fruit': 1, 'DecayFruit': 0, 'EnemyFruit': 0} |
-----------------------------------------
| rollout/                |             |
|    ep_len_mean          | 168         |
|    ep_rew_mean          | 89.5        |
| time/                   |             |
|    fps                  | 151         |
|    iterations           | 343         |
|    time_elapsed         | 4649        |
|    total_timesteps      | 702464      |
| train/                  |             |
|    approx_kl            | 0.010908654 |
|    clip_fraction        | 0.0687      |
|    clip_range           | 0.2         |
|    entropy_loss         | -0.283      |
|    explained_variance   | 0.169       |
|    learning_rate        | 0.0003      |
|    loss                 | 115         |
|    n_updates            | 3420        |
|    policy_gradient_loss | -0.00341    |
|    value_loss           | 182         |
-----------------------------------------
FruitCounts | {'Fruit': 0, 'DecayFruit': 0, 'EnemyFruit': 0} |
-----------------------------------------
| rollout/                |             |
|    ep_len_mean          | 167         |
|    ep_rew_mean          | 86.8        |
| time/                   |             |
|    fps                  | 151         |
|    iterations           | 344         |
|    time_elapsed         | 4663        |
|    total_timesteps      | 704512      |
| train/                  |             |
|    approx_kl            | 0.008650548 |
|    clip_fraction        | 0.0617      |
|    clip_range           | 0.2         |
|    entropy_loss         | -0.259      |
|    explained_variance   | -0.016      |
|    learning_rate        | 0.0003      |
|    loss                 | 44.2        |
|    n_updates            | 3430        |
|    policy_gradient_loss | -0.00468    |
|    value_loss           | 211         |
-----------------------------------------
FruitCounts | {'Fruit': 7, 'DecayFruit': 0, 'EnemyFruit': 2} |
------------------------------------------
| rollout/                |              |
|    ep_len_mean          | 163          |
|    ep_rew_mean          | 85.5         |
| time/                   |              |
|    fps                  | 151          |
|    iterations           | 345          |
|    time_elapsed         | 4676         |
|    total_timesteps      | 706560       |
| train/                  |              |
|    approx_kl            | 0.0067143403 |
|    clip_fraction        | 0.0672       |
|    clip_range           | 0.2          |
|    entropy_loss         | -0.264       |
|    explained_variance   | 0.0517       |
|    learning_rate        | 0.0003       |
|    loss                 | 58.7         |
|    n_updates            | 3440         |
|    policy_gradient_loss | -0.00201     |
|    value_loss           | 133          |
------------------------------------------
FruitCounts | {'Fruit': 2, 'DecayFruit': 0, 'EnemyFruit': 1} |
------------------------------------------
| rollout/                |              |
|    ep_len_mean          | 169          |
|    ep_rew_mean          | 89.4         |
| time/                   |              |
|    fps                  | 151          |
|    iterations           | 346          |
|    time_elapsed         | 4689         |
|    total_timesteps      | 708608       |
| train/                  |              |
|    approx_kl            | 0.0049760854 |
|    clip_fraction        | 0.0549       |
|    clip_range           | 0.2          |
|    entropy_loss         | -0.275       |
|    explained_variance   | 0.0609       |
|    learning_rate        | 0.0003       |
|    loss                 | 55.8         |
|    n_updates            | 3450         |
|    policy_gradient_loss | -0.00197     |
|    value_loss           | 155          |
------------------------------------------
FruitCounts | {'Fruit': 5, 'DecayFruit': 0, 'EnemyFruit': 3} |
-----------------------------------------
| rollout/                |             |
|    ep_len_mean          | 165         |
|    ep_rew_mean          | 87.4        |
| time/                   |             |
|    fps                  | 151         |
|    iterations           | 347         |
|    time_elapsed         | 4702        |
|    total_timesteps      | 710656      |
| train/                  |             |
|    approx_kl            | 0.009576546 |
|    clip_fraction        | 0.0888      |
|    clip_range           | 0.2         |
|    entropy_loss         | -0.27       |
|    explained_variance   | 0.0386      |
|    learning_rate        | 0.0003      |
|    loss                 | 46.8        |
|    n_updates            | 3460        |
|    policy_gradient_loss | -0.00249    |
|    value_loss           | 126         |
-----------------------------------------
FruitCounts | {'Fruit': 0, 'DecayFruit': 0, 'EnemyFruit': 0} |
-----------------------------------------
| rollout/                |             |
|    ep_len_mean          | 162         |
|    ep_rew_mean          | 86.2        |
| time/                   |             |
|    fps                  | 151         |
|    iterations           | 348         |
|    time_elapsed         | 4714        |
|    total_timesteps      | 712704      |
| train/                  |             |
|    approx_kl            | 0.010389958 |
|    clip_fraction        | 0.0805      |
|    clip_range           | 0.2         |
|    entropy_loss         | -0.255      |
|    explained_variance   | 0.074       |
|    learning_rate        | 0.0003      |
|    loss                 | 76.2        |
|    n_updates            | 3470        |
|    policy_gradient_loss | -0.00265    |
|    value_loss           | 190         |
-----------------------------------------
FruitCounts | {'Fruit': 3, 'DecayFruit': 0, 'EnemyFruit': 0} |
----------------------------------------
| rollout/                |            |
|    ep_len_mean          | 160        |
|    ep_rew_mean          | 89         |
| time/                   |            |
|    fps                  | 151        |
|    iterations           | 349        |
|    time_elapsed         | 4726       |
|    total_timesteps      | 714752     |
| train/                  |            |
|    approx_kl            | 0.00899888 |
|    clip_fraction        | 0.0804     |
|    clip_range           | 0.2        |
|    entropy_loss         | -0.248     |
|    explained_variance   | 0.234      |
|    learning_rate        | 0.0003     |
|    loss                 | 28.9       |
|    n_updates            | 3480       |
|    policy_gradient_loss | -0.00276   |
|    value_loss           | 115        |
----------------------------------------
FruitCounts | {'Fruit': 2, 'DecayFruit': 0, 'EnemyFruit': 1} |
------------------------------------------
| rollout/                |              |
|    ep_len_mean          | 167          |
|    ep_rew_mean          | 92.4         |
| time/                   |              |
|    fps                  | 151          |
|    iterations           | 350          |
|    time_elapsed         | 4738         |
|    total_timesteps      | 716800       |
| train/                  |              |
|    approx_kl            | 0.0061219186 |
|    clip_fraction        | 0.0556       |
|    clip_range           | 0.2          |
|    entropy_loss         | -0.256       |
|    explained_variance   | 0.227        |
|    learning_rate        | 0.0003       |
|    loss                 | 32.1         |
|    n_updates            | 3490         |
|    policy_gradient_loss | -0.00363     |
|    value_loss           | 166          |
------------------------------------------
FruitCounts | {'Fruit': 11, 'DecayFruit': 0, 'EnemyFruit': 5} |
------------------------------------------
| rollout/                |              |
|    ep_len_mean          | 172          |
|    ep_rew_mean          | 95.9         |
| time/                   |              |
|    fps                  | 151          |
|    iterations           | 351          |
|    time_elapsed         | 4749         |
|    total_timesteps      | 718848       |
| train/                  |              |
|    approx_kl            | 0.0047464706 |
|    clip_fraction        | 0.064        |
|    clip_range           | 0.2          |
|    entropy_loss         | -0.234       |
|    explained_variance   | 0.21         |
|    learning_rate        | 0.0003       |
|    loss                 | 81.7         |
|    n_updates            | 3500         |
|    policy_gradient_loss | -0.00033     |
|    value_loss           | 122          |
------------------------------------------
FruitCounts | {'Fruit': 1, 'DecayFruit': 0, 'EnemyFruit': 0} |
-----------------------------------------
| rollout/                |             |
|    ep_len_mean          | 176         |
|    ep_rew_mean          | 97.3        |
| time/                   |             |
|    fps                  | 151         |
|    iterations           | 352         |
|    time_elapsed         | 4762        |
|    total_timesteps      | 720896      |
| train/                  |             |
|    approx_kl            | 0.008639192 |
|    clip_fraction        | 0.069       |
|    clip_range           | 0.2         |
|    entropy_loss         | -0.263      |
|    explained_variance   | 0.126       |
|    learning_rate        | 0.0003      |
|    loss                 | 65.6        |
|    n_updates            | 3510        |
|    policy_gradient_loss | -0.00381    |
|    value_loss           | 156         |
-----------------------------------------
FruitCounts | {'Fruit': 0, 'DecayFruit': 0, 'EnemyFruit': 0} |
-----------------------------------------
| rollout/                |             |
|    ep_len_mean          | 176         |
|    ep_rew_mean          | 94.9        |
| time/                   |             |
|    fps                  | 151         |
|    iterations           | 353         |
|    time_elapsed         | 4775        |
|    total_timesteps      | 722944      |
| train/                  |             |
|    approx_kl            | 0.005253732 |
|    clip_fraction        | 0.0741      |
|    clip_range           | 0.2         |
|    entropy_loss         | -0.275      |
|    explained_variance   | 0.192       |
|    learning_rate        | 0.0003      |
|    loss                 | 51.1        |
|    n_updates            | 3520        |
|    policy_gradient_loss | -0.000515   |
|    value_loss           | 135         |
-----------------------------------------
FruitCounts | {'Fruit': 3, 'DecayFruit': 0, 'EnemyFruit': 0} |
-----------------------------------------
| rollout/                |             |
|    ep_len_mean          | 176         |
|    ep_rew_mean          | 97.5        |
| time/                   |             |
|    fps                  | 151         |
|    iterations           | 354         |
|    time_elapsed         | 4789        |
|    total_timesteps      | 724992      |
| train/                  |             |
|    approx_kl            | 0.008606613 |
|    clip_fraction        | 0.0873      |
|    clip_range           | 0.2         |
|    entropy_loss         | -0.265      |
|    explained_variance   | 0.0544      |
|    learning_rate        | 0.0003      |
|    loss                 | 55.4        |
|    n_updates            | 3530        |
|    policy_gradient_loss | -0.00448    |
|    value_loss           | 122         |
-----------------------------------------
FruitCounts | {'Fruit': 6, 'DecayFruit': 0, 'EnemyFruit': 1} |
-----------------------------------------
| rollout/                |             |
|    ep_len_mean          | 174         |
|    ep_rew_mean          | 92.2        |
| time/                   |             |
|    fps                  | 151         |
|    iterations           | 355         |
|    time_elapsed         | 4802        |
|    total_timesteps      | 727040      |
| train/                  |             |
|    approx_kl            | 0.009422622 |
|    clip_fraction        | 0.0837      |
|    clip_range           | 0.2         |
|    entropy_loss         | -0.262      |
|    explained_variance   | 0.151       |
|    learning_rate        | 0.0003      |
|    loss                 | 76.5        |
|    n_updates            | 3540        |
|    policy_gradient_loss | -0.0015     |
|    value_loss           | 190         |
-----------------------------------------
FruitCounts | {'Fruit': 7, 'DecayFruit': 1, 'EnemyFruit': 1} |
-----------------------------------------
| rollout/                |             |
|    ep_len_mean          | 165         |
|    ep_rew_mean          | 88.4        |
| time/                   |             |
|    fps                  | 151         |
|    iterations           | 356         |
|    time_elapsed         | 4815        |
|    total_timesteps      | 729088      |
| train/                  |             |
|    approx_kl            | 0.008521766 |
|    clip_fraction        | 0.0721      |
|    clip_range           | 0.2         |
|    entropy_loss         | -0.269      |
|    explained_variance   | 0.0873      |
|    learning_rate        | 0.0003      |
|    loss                 | 60.8        |
|    n_updates            | 3550        |
|    policy_gradient_loss | -0.00299    |
|    value_loss           | 129         |
-----------------------------------------
FruitCounts | {'Fruit': 1, 'DecayFruit': 0, 'EnemyFruit': 0} |
-----------------------------------------
| rollout/                |             |
|    ep_len_mean          | 152         |
|    ep_rew_mean          | 82.1        |
| time/                   |             |
|    fps                  | 151         |
|    iterations           | 357         |
|    time_elapsed         | 4829        |
|    total_timesteps      | 731136      |
| train/                  |             |
|    approx_kl            | 0.009644728 |
|    clip_fraction        | 0.0784      |
|    clip_range           | 0.2         |
|    entropy_loss         | -0.292      |
|    explained_variance   | 0.116       |
|    learning_rate        | 0.0003      |
|    loss                 | 61          |
|    n_updates            | 3560        |
|    policy_gradient_loss | -0.00429    |
|    value_loss           | 223         |
-----------------------------------------
FruitCounts | {'Fruit': 4, 'DecayFruit': 0, 'EnemyFruit': 1} |
-----------------------------------------
| rollout/                |             |
|    ep_len_mean          | 147         |
|    ep_rew_mean          | 78.9        |
| time/                   |             |
|    fps                  | 151         |
|    iterations           | 358         |
|    time_elapsed         | 4842        |
|    total_timesteps      | 733184      |
| train/                  |             |
|    approx_kl            | 0.008308051 |
|    clip_fraction        | 0.0762      |
|    clip_range           | 0.2         |
|    entropy_loss         | -0.259      |
|    explained_variance   | 0.044       |
|    learning_rate        | 0.0003      |
|    loss                 | 29.4        |
|    n_updates            | 3570        |
|    policy_gradient_loss | 0.000284    |
|    value_loss           | 116         |
-----------------------------------------
FruitCounts | {'Fruit': 13, 'DecayFruit': 1, 'EnemyFruit': 3} |
-----------------------------------------
| rollout/                |             |
|    ep_len_mean          | 145         |
|    ep_rew_mean          | 77.7        |
| time/                   |             |
|    fps                  | 151         |
|    iterations           | 359         |
|    time_elapsed         | 4854        |
|    total_timesteps      | 735232      |
| train/                  |             |
|    approx_kl            | 0.008866649 |
|    clip_fraction        | 0.0785      |
|    clip_range           | 0.2         |
|    entropy_loss         | -0.27       |
|    explained_variance   | 0.153       |
|    learning_rate        | 0.0003      |
|    loss                 | 74.1        |
|    n_updates            | 3580        |
|    policy_gradient_loss | -0.00489    |
|    value_loss           | 149         |
-----------------------------------------
FruitCounts | {'Fruit': 6, 'DecayFruit': 0, 'EnemyFruit': 2} |
----------------------------------------
| rollout/                |            |
|    ep_len_mean          | 151        |
|    ep_rew_mean          | 79.8       |
| time/                   |            |
|    fps                  | 151        |
|    iterations           | 360        |
|    time_elapsed         | 4866       |
|    total_timesteps      | 737280     |
| train/                  |            |
|    approx_kl            | 0.00892827 |
|    clip_fraction        | 0.0663     |
|    clip_range           | 0.2        |
|    entropy_loss         | -0.271     |
|    explained_variance   | 0.0811     |
|    learning_rate        | 0.0003     |
|    loss                 | 39.8       |
|    n_updates            | 3590       |
|    policy_gradient_loss | -0.000515  |
|    value_loss           | 146        |
----------------------------------------
FruitCounts | {'Fruit': 7, 'DecayFruit': 0, 'EnemyFruit': 0} |
-----------------------------------------
| rollout/                |             |
|    ep_len_mean          | 150         |
|    ep_rew_mean          | 80          |
| time/                   |             |
|    fps                  | 151         |
|    iterations           | 361         |
|    time_elapsed         | 4878        |
|    total_timesteps      | 739328      |
| train/                  |             |
|    approx_kl            | 0.017125566 |
|    clip_fraction        | 0.0822      |
|    clip_range           | 0.2         |
|    entropy_loss         | -0.26       |
|    explained_variance   | 0.159       |
|    learning_rate        | 0.0003      |
|    loss                 | 45.7        |
|    n_updates            | 3600        |
|    policy_gradient_loss | 0.000347    |
|    value_loss           | 111         |
-----------------------------------------
FruitCounts | {'Fruit': 5, 'DecayFruit': 1, 'EnemyFruit': 0} |
----------------------------------------
| rollout/                |            |
|    ep_len_mean          | 152        |
|    ep_rew_mean          | 82.3       |
| time/                   |            |
|    fps                  | 151        |
|    iterations           | 362        |
|    time_elapsed         | 4890       |
|    total_timesteps      | 741376     |
| train/                  |            |
|    approx_kl            | 0.00829798 |
|    clip_fraction        | 0.0688     |
|    clip_range           | 0.2        |
|    entropy_loss         | -0.251     |
|    explained_variance   | 0.15       |
|    learning_rate        | 0.0003     |
|    loss                 | 41.4       |
|    n_updates            | 3610       |
|    policy_gradient_loss | -0.00397   |
|    value_loss           | 149        |
----------------------------------------
FruitCounts | {'Fruit': 1, 'DecayFruit': 0, 'EnemyFruit': 0} |
-----------------------------------------
| rollout/                |             |
|    ep_len_mean          | 158         |
|    ep_rew_mean          | 86.9        |
| time/                   |             |
|    fps                  | 151         |
|    iterations           | 363         |
|    time_elapsed         | 4903        |
|    total_timesteps      | 743424      |
| train/                  |             |
|    approx_kl            | 0.007134999 |
|    clip_fraction        | 0.0565      |
|    clip_range           | 0.2         |
|    entropy_loss         | -0.245      |
|    explained_variance   | 0.0534      |
|    learning_rate        | 0.0003      |
|    loss                 | 89.1        |
|    n_updates            | 3620        |
|    policy_gradient_loss | -0.0025     |
|    value_loss           | 222         |
-----------------------------------------
FruitCounts | {'Fruit': 0, 'DecayFruit': 0, 'EnemyFruit': 0} |
-----------------------------------------
| rollout/                |             |
|    ep_len_mean          | 168         |
|    ep_rew_mean          | 92          |
| time/                   |             |
|    fps                  | 151         |
|    iterations           | 364         |
|    time_elapsed         | 4914        |
|    total_timesteps      | 745472      |
| train/                  |             |
|    approx_kl            | 0.005133371 |
|    clip_fraction        | 0.0479      |
|    clip_range           | 0.2         |
|    entropy_loss         | -0.263      |
|    explained_variance   | 0.118       |
|    learning_rate        | 0.0003      |
|    loss                 | 52          |
|    n_updates            | 3630        |
|    policy_gradient_loss | -0.00188    |
|    value_loss           | 167         |
-----------------------------------------
FruitCounts | {'Fruit': 9, 'DecayFruit': 0, 'EnemyFruit': 0} |
-----------------------------------------
| rollout/                |             |
|    ep_len_mean          | 167         |
|    ep_rew_mean          | 89.3        |
| time/                   |             |
|    fps                  | 151         |
|    iterations           | 365         |
|    time_elapsed         | 4926        |
|    total_timesteps      | 747520      |
| train/                  |             |
|    approx_kl            | 0.017180134 |
|    clip_fraction        | 0.0903      |
|    clip_range           | 0.2         |
|    entropy_loss         | -0.275      |
|    explained_variance   | 0.0986      |
|    learning_rate        | 0.0003      |
|    loss                 | 36.1        |
|    n_updates            | 3640        |
|    policy_gradient_loss | -1.61e-05   |
|    value_loss           | 87.3        |
-----------------------------------------
FruitCounts | {'Fruit': 6, 'DecayFruit': 0, 'EnemyFruit': 0} |
-----------------------------------------
| rollout/                |             |
|    ep_len_mean          | 164         |
|    ep_rew_mean          | 85.4        |
| time/                   |             |
|    fps                  | 151         |
|    iterations           | 366         |
|    time_elapsed         | 4939        |
|    total_timesteps      | 749568      |
| train/                  |             |
|    approx_kl            | 0.020848177 |
|    clip_fraction        | 0.0876      |
|    clip_range           | 0.2         |
|    entropy_loss         | -0.282      |
|    explained_variance   | 0.0832      |
|    learning_rate        | 0.0003      |
|    loss                 | 63.9        |
|    n_updates            | 3650        |
|    policy_gradient_loss | -2.75e-05   |
|    value_loss           | 146         |
-----------------------------------------
FruitCounts | {'Fruit': 4, 'DecayFruit': 0, 'EnemyFruit': 0} |
------------------------------------------
| rollout/                |              |
|    ep_len_mean          | 169          |
|    ep_rew_mean          | 87.6         |
| time/                   |              |
|    fps                  | 151          |
|    iterations           | 367          |
|    time_elapsed         | 4951         |
|    total_timesteps      | 751616       |
| train/                  |              |
|    approx_kl            | 0.0069182236 |
|    clip_fraction        | 0.0742       |
|    clip_range           | 0.2          |
|    entropy_loss         | -0.283       |
|    explained_variance   | 0.0666       |
|    learning_rate        | 0.0003       |
|    loss                 | 45.2         |
|    n_updates            | 3660         |
|    policy_gradient_loss | -0.00217     |
|    value_loss           | 117          |
------------------------------------------
FruitCounts | {'Fruit': 9, 'DecayFruit': 2, 'EnemyFruit': 2} |
------------------------------------------
| rollout/                |              |
|    ep_len_mean          | 163          |
|    ep_rew_mean          | 87.8         |
| time/                   |              |
|    fps                  | 151          |
|    iterations           | 368          |
|    time_elapsed         | 4964         |
|    total_timesteps      | 753664       |
| train/                  |              |
|    approx_kl            | 0.0076728524 |
|    clip_fraction        | 0.0738       |
|    clip_range           | 0.2          |
|    entropy_loss         | -0.269       |
|    explained_variance   | 0.253        |
|    learning_rate        | 0.0003       |
|    loss                 | 35.8         |
|    n_updates            | 3670         |
|    policy_gradient_loss | -0.00378     |
|    value_loss           | 99.3         |
------------------------------------------
FruitCounts | {'Fruit': 0, 'DecayFruit': 0, 'EnemyFruit': 0} |
------------------------------------------
| rollout/                |              |
|    ep_len_mean          | 158          |
|    ep_rew_mean          | 84.6         |
| time/                   |              |
|    fps                  | 151          |
|    iterations           | 369          |
|    time_elapsed         | 4977         |
|    total_timesteps      | 755712       |
| train/                  |              |
|    approx_kl            | 0.0061019436 |
|    clip_fraction        | 0.0642       |
|    clip_range           | 0.2          |
|    entropy_loss         | -0.28        |
|    explained_variance   | 0.0425       |
|    learning_rate        | 0.0003       |
|    loss                 | 58.4         |
|    n_updates            | 3680         |
|    policy_gradient_loss | -0.00395     |
|    value_loss           | 226          |
------------------------------------------
FruitCounts | {'Fruit': 1, 'DecayFruit': 0, 'EnemyFruit': 0} |
-----------------------------------------
| rollout/                |             |
|    ep_len_mean          | 161         |
|    ep_rew_mean          | 85.2        |
| time/                   |             |
|    fps                  | 151         |
|    iterations           | 370         |
|    time_elapsed         | 4988        |
|    total_timesteps      | 757760      |
| train/                  |             |
|    approx_kl            | 0.008875426 |
|    clip_fraction        | 0.0731      |
|    clip_range           | 0.2         |
|    entropy_loss         | -0.278      |
|    explained_variance   | 0.194       |
|    learning_rate        | 0.0003      |
|    loss                 | 39.1        |
|    n_updates            | 3690        |
|    policy_gradient_loss | -0.00274    |
|    value_loss           | 113         |
-----------------------------------------
FruitCounts | {'Fruit': 3, 'DecayFruit': 1, 'EnemyFruit': 2} |
-----------------------------------------
| rollout/                |             |
|    ep_len_mean          | 143         |
|    ep_rew_mean          | 76.4        |
| time/                   |             |
|    fps                  | 151         |
|    iterations           | 371         |
|    time_elapsed         | 5002        |
|    total_timesteps      | 759808      |
| train/                  |             |
|    approx_kl            | 0.008198673 |
|    clip_fraction        | 0.0632      |
|    clip_range           | 0.2         |
|    entropy_loss         | -0.27       |
|    explained_variance   | 0.119       |
|    learning_rate        | 0.0003      |
|    loss                 | 95.3        |
|    n_updates            | 3700        |
|    policy_gradient_loss | -0.00211    |
|    value_loss           | 158         |
-----------------------------------------
FruitCounts | {'Fruit': 0, 'DecayFruit': 0, 'EnemyFruit': 0} |
-----------------------------------------
| rollout/                |             |
|    ep_len_mean          | 155         |
|    ep_rew_mean          | 84.3        |
| time/                   |             |
|    fps                  | 151         |
|    iterations           | 372         |
|    time_elapsed         | 5014        |
|    total_timesteps      | 761856      |
| train/                  |             |
|    approx_kl            | 0.010558095 |
|    clip_fraction        | 0.0682      |
|    clip_range           | 0.2         |
|    entropy_loss         | -0.286      |
|    explained_variance   | 0.134       |
|    learning_rate        | 0.0003      |
|    loss                 | 49.1        |
|    n_updates            | 3710        |
|    policy_gradient_loss | -0.00258    |
|    value_loss           | 207         |
-----------------------------------------
FruitCounts | {'Fruit': 3, 'DecayFruit': 0, 'EnemyFruit': 1} |
-----------------------------------------
| rollout/                |             |
|    ep_len_mean          | 162         |
|    ep_rew_mean          | 89.2        |
| time/                   |             |
|    fps                  | 152         |
|    iterations           | 373         |
|    time_elapsed         | 5025        |
|    total_timesteps      | 763904      |
| train/                  |             |
|    approx_kl            | 0.014070514 |
|    clip_fraction        | 0.0779      |
|    clip_range           | 0.2         |
|    entropy_loss         | -0.268      |
|    explained_variance   | 0.196       |
|    learning_rate        | 0.0003      |
|    loss                 | 68.4        |
|    n_updates            | 3720        |
|    policy_gradient_loss | -0.00332    |
|    value_loss           | 124         |
-----------------------------------------
FruitCounts | {'Fruit': 5, 'DecayFruit': 0, 'EnemyFruit': 1} |
-----------------------------------------
| rollout/                |             |
|    ep_len_mean          | 168         |
|    ep_rew_mean          | 94.3        |
| time/                   |             |
|    fps                  | 152         |
|    iterations           | 374         |
|    time_elapsed         | 5037        |
|    total_timesteps      | 765952      |
| train/                  |             |
|    approx_kl            | 0.011331175 |
|    clip_fraction        | 0.0914      |
|    clip_range           | 0.2         |
|    entropy_loss         | -0.288      |
|    explained_variance   | 0.23        |
|    learning_rate        | 0.0003      |
|    loss                 | 55.5        |
|    n_updates            | 3730        |
|    policy_gradient_loss | -0.00359    |
|    value_loss           | 111         |
-----------------------------------------
FruitCounts | {'Fruit': 0, 'DecayFruit': 0, 'EnemyFruit': 1} |
-----------------------------------------
| rollout/                |             |
|    ep_len_mean          | 163         |
|    ep_rew_mean          | 93.8        |
| time/                   |             |
|    fps                  | 152         |
|    iterations           | 375         |
|    time_elapsed         | 5051        |
|    total_timesteps      | 768000      |
| train/                  |             |
|    approx_kl            | 0.009784378 |
|    clip_fraction        | 0.0709      |
|    clip_range           | 0.2         |
|    entropy_loss         | -0.299      |
|    explained_variance   | 0.0828      |
|    learning_rate        | 0.0003      |
|    loss                 | 28.4        |
|    n_updates            | 3740        |
|    policy_gradient_loss | -0.0017     |
|    value_loss           | 145         |
-----------------------------------------
FruitCounts | {'Fruit': 7, 'DecayFruit': 0, 'EnemyFruit': 1} |
-----------------------------------------
| rollout/                |             |
|    ep_len_mean          | 172         |
|    ep_rew_mean          | 100         |
| time/                   |             |
|    fps                  | 152         |
|    iterations           | 376         |
|    time_elapsed         | 5062        |
|    total_timesteps      | 770048      |
| train/                  |             |
|    approx_kl            | 0.005885658 |
|    clip_fraction        | 0.0763      |
|    clip_range           | 0.2         |
|    entropy_loss         | -0.289      |
|    explained_variance   | 0.144       |
|    learning_rate        | 0.0003      |
|    loss                 | 60.5        |
|    n_updates            | 3750        |
|    policy_gradient_loss | -0.000386   |
|    value_loss           | 115         |
-----------------------------------------
FruitCounts | {'Fruit': 10, 'DecayFruit': 0, 'EnemyFruit': 5} |
-----------------------------------------
| rollout/                |             |
|    ep_len_mean          | 169         |
|    ep_rew_mean          | 98.6        |
| time/                   |             |
|    fps                  | 152         |
|    iterations           | 377         |
|    time_elapsed         | 5075        |
|    total_timesteps      | 772096      |
| train/                  |             |
|    approx_kl            | 0.004294435 |
|    clip_fraction        | 0.0715      |
|    clip_range           | 0.2         |
|    entropy_loss         | -0.27       |
|    explained_variance   | 0.146       |
|    learning_rate        | 0.0003      |
|    loss                 | 70.2        |
|    n_updates            | 3760        |
|    policy_gradient_loss | -2.72e-05   |
|    value_loss           | 156         |
-----------------------------------------
FruitCounts | {'Fruit': 1, 'DecayFruit': 0, 'EnemyFruit': 0} |
-----------------------------------------
| rollout/                |             |
|    ep_len_mean          | 172         |
|    ep_rew_mean          | 99          |
| time/                   |             |
|    fps                  | 152         |
|    iterations           | 378         |
|    time_elapsed         | 5087        |
|    total_timesteps      | 774144      |
| train/                  |             |
|    approx_kl            | 0.008991618 |
|    clip_fraction        | 0.0716      |
|    clip_range           | 0.2         |
|    entropy_loss         | -0.284      |
|    explained_variance   | 0.0493      |
|    learning_rate        | 0.0003      |
|    loss                 | 64.1        |
|    n_updates            | 3770        |
|    policy_gradient_loss | -0.00677    |
|    value_loss           | 187         |
-----------------------------------------
FruitCounts | {'Fruit': 5, 'DecayFruit': 0, 'EnemyFruit': 1} |
-----------------------------------------
| rollout/                |             |
|    ep_len_mean          | 175         |
|    ep_rew_mean          | 103         |
| time/                   |             |
|    fps                  | 152         |
|    iterations           | 379         |
|    time_elapsed         | 5098        |
|    total_timesteps      | 776192      |
| train/                  |             |
|    approx_kl            | 0.011934616 |
|    clip_fraction        | 0.0809      |
|    clip_range           | 0.2         |
|    entropy_loss         | -0.275      |
|    explained_variance   | 0.156       |
|    learning_rate        | 0.0003      |
|    loss                 | 64.2        |
|    n_updates            | 3780        |
|    policy_gradient_loss | -0.00244    |
|    value_loss           | 128         |
-----------------------------------------
FruitCounts | {'Fruit': 0, 'DecayFruit': 0, 'EnemyFruit': 0} |
-----------------------------------------
| rollout/                |             |
|    ep_len_mean          | 186         |
|    ep_rew_mean          | 106         |
| time/                   |             |
|    fps                  | 152         |
|    iterations           | 380         |
|    time_elapsed         | 5110        |
|    total_timesteps      | 778240      |
| train/                  |             |
|    approx_kl            | 0.010362299 |
|    clip_fraction        | 0.072       |
|    clip_range           | 0.2         |
|    entropy_loss         | -0.279      |
|    explained_variance   | 0.163       |
|    learning_rate        | 0.0003      |
|    loss                 | 47.1        |
|    n_updates            | 3790        |
|    policy_gradient_loss | -0.0011     |
|    value_loss           | 156         |
-----------------------------------------
FruitCounts | {'Fruit': 1, 'DecayFruit': 0, 'EnemyFruit': 0} |
----------------------------------------
| rollout/                |            |
|    ep_len_mean          | 179        |
|    ep_rew_mean          | 99.9       |
| time/                   |            |
|    fps                  | 152        |
|    iterations           | 381        |
|    time_elapsed         | 5123       |
|    total_timesteps      | 780288     |
| train/                  |            |
|    approx_kl            | 0.00835102 |
|    clip_fraction        | 0.0836     |
|    clip_range           | 0.2        |
|    entropy_loss         | -0.27      |
|    explained_variance   | 0.0569     |
|    learning_rate        | 0.0003     |
|    loss                 | 73.1       |
|    n_updates            | 3800       |
|    policy_gradient_loss | -0.00142   |
|    value_loss           | 175        |
----------------------------------------
FruitCounts | {'Fruit': 1, 'DecayFruit': 0, 'EnemyFruit': 0} |
-----------------------------------------
| rollout/                |             |
|    ep_len_mean          | 176         |
|    ep_rew_mean          | 98.6        |
| time/                   |             |
|    fps                  | 152         |
|    iterations           | 382         |
|    time_elapsed         | 5135        |
|    total_timesteps      | 782336      |
| train/                  |             |
|    approx_kl            | 0.009186454 |
|    clip_fraction        | 0.0679      |
|    clip_range           | 0.2         |
|    entropy_loss         | -0.281      |
|    explained_variance   | 0.156       |
|    learning_rate        | 0.0003      |
|    loss                 | 61          |
|    n_updates            | 3810        |
|    policy_gradient_loss | -0.00262    |
|    value_loss           | 145         |
-----------------------------------------
FruitCounts | {'Fruit': 1, 'DecayFruit': 0, 'EnemyFruit': 0} |
-----------------------------------------
| rollout/                |             |
|    ep_len_mean          | 175         |
|    ep_rew_mean          | 100         |
| time/                   |             |
|    fps                  | 152         |
|    iterations           | 383         |
|    time_elapsed         | 5147        |
|    total_timesteps      | 784384      |
| train/                  |             |
|    approx_kl            | 0.007454823 |
|    clip_fraction        | 0.0778      |
|    clip_range           | 0.2         |
|    entropy_loss         | -0.274      |
|    explained_variance   | 0.033       |
|    learning_rate        | 0.0003      |
|    loss                 | 99.5        |
|    n_updates            | 3820        |
|    policy_gradient_loss | -0.00247    |
|    value_loss           | 174         |
-----------------------------------------
FruitCounts | {'Fruit': 7, 'DecayFruit': 1, 'EnemyFruit': 0} |
-----------------------------------------
| rollout/                |             |
|    ep_len_mean          | 183         |
|    ep_rew_mean          | 103         |
| time/                   |             |
|    fps                  | 152         |
|    iterations           | 384         |
|    time_elapsed         | 5159        |
|    total_timesteps      | 786432      |
| train/                  |             |
|    approx_kl            | 0.009582495 |
|    clip_fraction        | 0.074       |
|    clip_range           | 0.2         |
|    entropy_loss         | -0.276      |
|    explained_variance   | 0.135       |
|    learning_rate        | 0.0003      |
|    loss                 | 99.1        |
|    n_updates            | 3830        |
|    policy_gradient_loss | -0.00287    |
|    value_loss           | 211         |
-----------------------------------------
FruitCounts | {'Fruit': 1, 'DecayFruit': 0, 'EnemyFruit': 0} |
-----------------------------------------
| rollout/                |             |
|    ep_len_mean          | 177         |
|    ep_rew_mean          | 98.3        |
| time/                   |             |
|    fps                  | 152         |
|    iterations           | 385         |
|    time_elapsed         | 5172        |
|    total_timesteps      | 788480      |
| train/                  |             |
|    approx_kl            | 0.006950049 |
|    clip_fraction        | 0.0761      |
|    clip_range           | 0.2         |
|    entropy_loss         | -0.275      |
|    explained_variance   | 0.138       |
|    learning_rate        | 0.0003      |
|    loss                 | 71          |
|    n_updates            | 3840        |
|    policy_gradient_loss | -0.00301    |
|    value_loss           | 141         |
-----------------------------------------
FruitCounts | {'Fruit': 3, 'DecayFruit': 0, 'EnemyFruit': 1} |
----------------------------------------
| rollout/                |            |
|    ep_len_mean          | 173        |
|    ep_rew_mean          | 95.5       |
| time/                   |            |
|    fps                  | 152        |
|    iterations           | 386        |
|    time_elapsed         | 5185       |
|    total_timesteps      | 790528     |
| train/                  |            |
|    approx_kl            | 0.00862702 |
|    clip_fraction        | 0.0697     |
|    clip_range           | 0.2        |
|    entropy_loss         | -0.272     |
|    explained_variance   | 0.163      |
|    learning_rate        | 0.0003     |
|    loss                 | 126        |
|    n_updates            | 3850       |
|    policy_gradient_loss | -0.00341   |
|    value_loss           | 180        |
----------------------------------------
FruitCounts | {'Fruit': 4, 'DecayFruit': 0, 'EnemyFruit': 1} |
------------------------------------------
| rollout/                |              |
|    ep_len_mean          | 169          |
|    ep_rew_mean          | 93.1         |
| time/                   |              |
|    fps                  | 152          |
|    iterations           | 387          |
|    time_elapsed         | 5197         |
|    total_timesteps      | 792576       |
| train/                  |              |
|    approx_kl            | 0.0070740255 |
|    clip_fraction        | 0.0684       |
|    clip_range           | 0.2          |
|    entropy_loss         | -0.307       |
|    explained_variance   | 0.258        |
|    learning_rate        | 0.0003       |
|    loss                 | 42.2         |
|    n_updates            | 3860         |
|    policy_gradient_loss | -0.00482     |
|    value_loss           | 127          |
------------------------------------------
FruitCounts | {'Fruit': 5, 'DecayFruit': 0, 'EnemyFruit': 1} |
----------------------------------------
| rollout/                |            |
|    ep_len_mean          | 165        |
|    ep_rew_mean          | 91.4       |
| time/                   |            |
|    fps                  | 152        |
|    iterations           | 388        |
|    time_elapsed         | 5210       |
|    total_timesteps      | 794624     |
| train/                  |            |
|    approx_kl            | 0.00941247 |
|    clip_fraction        | 0.0706     |
|    clip_range           | 0.2        |
|    entropy_loss         | -0.273     |
|    explained_variance   | 0.21       |
|    learning_rate        | 0.0003     |
|    loss                 | 43         |
|    n_updates            | 3870       |
|    policy_gradient_loss | -0.0057    |
|    value_loss           | 135        |
----------------------------------------
FruitCounts | {'Fruit': 5, 'DecayFruit': 0, 'EnemyFruit': 3} |
-----------------------------------------
| rollout/                |             |
|    ep_len_mean          | 158         |
|    ep_rew_mean          | 88.9        |
| time/                   |             |
|    fps                  | 152         |
|    iterations           | 389         |
|    time_elapsed         | 5222        |
|    total_timesteps      | 796672      |
| train/                  |             |
|    approx_kl            | 0.010182348 |
|    clip_fraction        | 0.07        |
|    clip_range           | 0.2         |
|    entropy_loss         | -0.268      |
|    explained_variance   | 0.154       |
|    learning_rate        | 0.0003      |
|    loss                 | 43.3        |
|    n_updates            | 3880        |
|    policy_gradient_loss | -0.00472    |
|    value_loss           | 146         |
-----------------------------------------
FruitCounts | {'Fruit': 7, 'DecayFruit': 0, 'EnemyFruit': 0} |
------------------------------------------
| rollout/                |              |
|    ep_len_mean          | 158          |
|    ep_rew_mean          | 88.8         |
| time/                   |              |
|    fps                  | 152          |
|    iterations           | 390          |
|    time_elapsed         | 5234         |
|    total_timesteps      | 798720       |
| train/                  |              |
|    approx_kl            | 0.0093275495 |
|    clip_fraction        | 0.0928       |
|    clip_range           | 0.2          |
|    entropy_loss         | -0.275       |
|    explained_variance   | 0.0919       |
|    learning_rate        | 0.0003       |
|    loss                 | 64.7         |
|    n_updates            | 3890         |
|    policy_gradient_loss | -0.00397     |
|    value_loss           | 133          |
------------------------------------------
FruitCounts | {'Fruit': 5, 'DecayFruit': 0, 'EnemyFruit': 0} |
-----------------------------------------
| rollout/                |             |
|    ep_len_mean          | 161         |
|    ep_rew_mean          | 91.4        |
| time/                   |             |
|    fps                  | 152         |
|    iterations           | 391         |
|    time_elapsed         | 5246        |
|    total_timesteps      | 800768      |
| train/                  |             |
|    approx_kl            | 0.007403532 |
|    clip_fraction        | 0.0586      |
|    clip_range           | 0.2         |
|    entropy_loss         | -0.247      |
|    explained_variance   | 0.201       |
|    learning_rate        | 0.0003      |
|    loss                 | 52.5        |
|    n_updates            | 3900        |
|    policy_gradient_loss | -0.00257    |
|    value_loss           | 187         |
-----------------------------------------
FruitCounts | {'Fruit': 11, 'DecayFruit': 1, 'EnemyFruit': 1} |
---------------------------------------
| rollout/                |           |
|    ep_len_mean          | 151       |
|    ep_rew_mean          | 88.8      |
| time/                   |           |
|    fps                  | 152       |
|    iterations           | 392       |
|    time_elapsed         | 5259      |
|    total_timesteps      | 802816    |
| train/                  |           |
|    approx_kl            | 0.0111496 |
|    clip_fraction        | 0.0686    |
|    clip_range           | 0.2       |
|    entropy_loss         | -0.286    |
|    explained_variance   | 0.0159    |
|    learning_rate        | 0.0003    |
|    loss                 | 118       |
|    n_updates            | 3910      |
|    policy_gradient_loss | -0.00161  |
|    value_loss           | 233       |
---------------------------------------
FruitCounts | {'Fruit': 2, 'DecayFruit': 0, 'EnemyFruit': 0} |
------------------------------------------
| rollout/                |              |
|    ep_len_mean          | 157          |
|    ep_rew_mean          | 92.4         |
| time/                   |              |
|    fps                  | 152          |
|    iterations           | 393          |
|    time_elapsed         | 5272         |
|    total_timesteps      | 804864       |
| train/                  |              |
|    approx_kl            | 0.0067583355 |
|    clip_fraction        | 0.0644       |
|    clip_range           | 0.2          |
|    entropy_loss         | -0.292       |
|    explained_variance   | 0.0406       |
|    learning_rate        | 0.0003       |
|    loss                 | 113          |
|    n_updates            | 3920         |
|    policy_gradient_loss | -0.000288    |
|    value_loss           | 223          |
------------------------------------------
FruitCounts | {'Fruit': 3, 'DecayFruit': 0, 'EnemyFruit': 1} |
-----------------------------------------
| rollout/                |             |
|    ep_len_mean          | 163         |
|    ep_rew_mean          | 96.8        |
| time/                   |             |
|    fps                  | 152         |
|    iterations           | 394         |
|    time_elapsed         | 5283        |
|    total_timesteps      | 806912      |
| train/                  |             |
|    approx_kl            | 0.008109499 |
|    clip_fraction        | 0.0944      |
|    clip_range           | 0.2         |
|    entropy_loss         | -0.296      |
|    explained_variance   | 0.0428      |
|    learning_rate        | 0.0003      |
|    loss                 | 58          |
|    n_updates            | 3930        |
|    policy_gradient_loss | -0.00287    |
|    value_loss           | 118         |
-----------------------------------------
FruitCounts | {'Fruit': 1, 'DecayFruit': 0, 'EnemyFruit': 0} |
-----------------------------------------
| rollout/                |             |
|    ep_len_mean          | 159         |
|    ep_rew_mean          | 95          |
| time/                   |             |
|    fps                  | 152         |
|    iterations           | 395         |
|    time_elapsed         | 5297        |
|    total_timesteps      | 808960      |
| train/                  |             |
|    approx_kl            | 0.009152107 |
|    clip_fraction        | 0.0958      |
|    clip_range           | 0.2         |
|    entropy_loss         | -0.295      |
|    explained_variance   | 0.153       |
|    learning_rate        | 0.0003      |
|    loss                 | 65.7        |
|    n_updates            | 3940        |
|    policy_gradient_loss | -0.00396    |
|    value_loss           | 116         |
-----------------------------------------
FruitCounts | {'Fruit': 3, 'DecayFruit': 0, 'EnemyFruit': 0} |
-----------------------------------------
| rollout/                |             |
|    ep_len_mean          | 165         |
|    ep_rew_mean          | 96.3        |
| time/                   |             |
|    fps                  | 152         |
|    iterations           | 396         |
|    time_elapsed         | 5309        |
|    total_timesteps      | 811008      |
| train/                  |             |
|    approx_kl            | 0.008745052 |
|    clip_fraction        | 0.0883      |
|    clip_range           | 0.2         |
|    entropy_loss         | -0.287      |
|    explained_variance   | 0.0116      |
|    learning_rate        | 0.0003      |
|    loss                 | 49.4        |
|    n_updates            | 3950        |
|    policy_gradient_loss | -0.00492    |
|    value_loss           | 160         |
-----------------------------------------
FruitCounts | {'Fruit': 9, 'DecayFruit': 0, 'EnemyFruit': 0} |
----------------------------------------
| rollout/                |            |
|    ep_len_mean          | 164        |
|    ep_rew_mean          | 98.7       |
| time/                   |            |
|    fps                  | 152        |
|    iterations           | 397        |
|    time_elapsed         | 5322       |
|    total_timesteps      | 813056     |
| train/                  |            |
|    approx_kl            | 0.00790932 |
|    clip_fraction        | 0.0725     |
|    clip_range           | 0.2        |
|    entropy_loss         | -0.266     |
|    explained_variance   | 0.196      |
|    learning_rate        | 0.0003     |
|    loss                 | 36.7       |
|    n_updates            | 3960       |
|    policy_gradient_loss | -0.00208   |
|    value_loss           | 106        |
----------------------------------------
FruitCounts | {'Fruit': 0, 'DecayFruit': 0, 'EnemyFruit': 0} |
-----------------------------------------
| rollout/                |             |
|    ep_len_mean          | 165         |
|    ep_rew_mean          | 99.2        |
| time/                   |             |
|    fps                  | 152         |
|    iterations           | 398         |
|    time_elapsed         | 5336        |
|    total_timesteps      | 815104      |
| train/                  |             |
|    approx_kl            | 0.009843085 |
|    clip_fraction        | 0.0698      |
|    clip_range           | 0.2         |
|    entropy_loss         | -0.294      |
|    explained_variance   | 0.18        |
|    learning_rate        | 0.0003      |
|    loss                 | 68.6        |
|    n_updates            | 3970        |
|    policy_gradient_loss | -0.00281    |
|    value_loss           | 172         |
-----------------------------------------
FruitCounts | {'Fruit': 7, 'DecayFruit': 0, 'EnemyFruit': 1} |
-----------------------------------------
| rollout/                |             |
|    ep_len_mean          | 161         |
|    ep_rew_mean          | 93.3        |
| time/                   |             |
|    fps                  | 152         |
|    iterations           | 399         |
|    time_elapsed         | 5348        |
|    total_timesteps      | 817152      |
| train/                  |             |
|    approx_kl            | 0.009307734 |
|    clip_fraction        | 0.0803      |
|    clip_range           | 0.2         |
|    entropy_loss         | -0.277      |
|    explained_variance   | 0.128       |
|    learning_rate        | 0.0003      |
|    loss                 | 113         |
|    n_updates            | 3980        |
|    policy_gradient_loss | -0.00365    |
|    value_loss           | 182         |
-----------------------------------------
FruitCounts | {'Fruit': 5, 'DecayFruit': 0, 'EnemyFruit': 2} |
-----------------------------------------
| rollout/                |             |
|    ep_len_mean          | 170         |
|    ep_rew_mean          | 99.5        |
| time/                   |             |
|    fps                  | 152         |
|    iterations           | 400         |
|    time_elapsed         | 5361        |
|    total_timesteps      | 819200      |
| train/                  |             |
|    approx_kl            | 0.006675006 |
|    clip_fraction        | 0.0563      |
|    clip_range           | 0.2         |
|    entropy_loss         | -0.275      |
|    explained_variance   | 0.107       |
|    learning_rate        | 0.0003      |
|    loss                 | 53.8        |
|    n_updates            | 3990        |
|    policy_gradient_loss | -0.002      |
|    value_loss           | 163         |
-----------------------------------------
FruitCounts | {'Fruit': 4, 'DecayFruit': 0, 'EnemyFruit': 1} |
-----------------------------------------
| rollout/                |             |
|    ep_len_mean          | 169         |
|    ep_rew_mean          | 98.8        |
| time/                   |             |
|    fps                  | 152         |
|    iterations           | 401         |
|    time_elapsed         | 5373        |
|    total_timesteps      | 821248      |
| train/                  |             |
|    approx_kl            | 0.008867677 |
|    clip_fraction        | 0.0764      |
|    clip_range           | 0.2         |
|    entropy_loss         | -0.283      |
|    explained_variance   | 0.135       |
|    learning_rate        | 0.0003      |
|    loss                 | 55.8        |
|    n_updates            | 4000        |
|    policy_gradient_loss | -0.00205    |
|    value_loss           | 157         |
-----------------------------------------
FruitCounts | {'Fruit': 11, 'DecayFruit': 0, 'EnemyFruit': 2} |
-----------------------------------------
| rollout/                |             |
|    ep_len_mean          | 161         |
|    ep_rew_mean          | 94.5        |
| time/                   |             |
|    fps                  | 152         |
|    iterations           | 402         |
|    time_elapsed         | 5386        |
|    total_timesteps      | 823296      |
| train/                  |             |
|    approx_kl            | 0.005980744 |
|    clip_fraction        | 0.0724      |
|    clip_range           | 0.2         |
|    entropy_loss         | -0.294      |
|    explained_variance   | -0.115      |
|    learning_rate        | 0.0003      |
|    loss                 | 50.4        |
|    n_updates            | 4010        |
|    policy_gradient_loss | -0.000754   |
|    value_loss           | 159         |
-----------------------------------------
FruitCounts | {'Fruit': 1, 'DecayFruit': 0, 'EnemyFruit': 0} |
------------------------------------------
| rollout/                |              |
|    ep_len_mean          | 156          |
|    ep_rew_mean          | 88.9         |
| time/                   |              |
|    fps                  | 152          |
|    iterations           | 403          |
|    time_elapsed         | 5401         |
|    total_timesteps      | 825344       |
| train/                  |              |
|    approx_kl            | 0.0075869076 |
|    clip_fraction        | 0.0598       |
|    clip_range           | 0.2          |
|    entropy_loss         | -0.277       |
|    explained_variance   | 0.147        |
|    learning_rate        | 0.0003       |
|    loss                 | 63.2         |
|    n_updates            | 4020         |
|    policy_gradient_loss | -0.00178     |
|    value_loss           | 143          |
------------------------------------------
FruitCounts | {'Fruit': 2, 'DecayFruit': 0, 'EnemyFruit': 0} |
------------------------------------------
| rollout/                |              |
|    ep_len_mean          | 143          |
|    ep_rew_mean          | 81.2         |
| time/                   |              |
|    fps                  | 152          |
|    iterations           | 404          |
|    time_elapsed         | 5415         |
|    total_timesteps      | 827392       |
| train/                  |              |
|    approx_kl            | 0.0079315305 |
|    clip_fraction        | 0.11         |
|    clip_range           | 0.2          |
|    entropy_loss         | -0.315       |
|    explained_variance   | -0.0943      |
|    learning_rate        | 0.0003       |
|    loss                 | 46.6         |
|    n_updates            | 4030         |
|    policy_gradient_loss | 0.00137      |
|    value_loss           | 159          |
------------------------------------------
FruitCounts | {'Fruit': 2, 'DecayFruit': 0, 'EnemyFruit': 0} |
------------------------------------------
| rollout/                |              |
|    ep_len_mean          | 149          |
|    ep_rew_mean          | 85.2         |
| time/                   |              |
|    fps                  | 152          |
|    iterations           | 405          |
|    time_elapsed         | 5427         |
|    total_timesteps      | 829440       |
| train/                  |              |
|    approx_kl            | 0.0069602104 |
|    clip_fraction        | 0.0785       |
|    clip_range           | 0.2          |
|    entropy_loss         | -0.284       |
|    explained_variance   | 0.0512       |
|    learning_rate        | 0.0003       |
|    loss                 | 59.3         |
|    n_updates            | 4040         |
|    policy_gradient_loss | -0.0046      |
|    value_loss           | 131          |
------------------------------------------
FruitCounts | {'Fruit': 1, 'DecayFruit': 0, 'EnemyFruit': 0} |
----------------------------------------
| rollout/                |            |
|    ep_len_mean          | 152        |
|    ep_rew_mean          | 90.5       |
| time/                   |            |
|    fps                  | 152        |
|    iterations           | 406        |
|    time_elapsed         | 5440       |
|    total_timesteps      | 831488     |
| train/                  |            |
|    approx_kl            | 0.02032388 |
|    clip_fraction        | 0.0794     |
|    clip_range           | 0.2        |
|    entropy_loss         | -0.27      |
|    explained_variance   | 0.161      |
|    learning_rate        | 0.0003     |
|    loss                 | 32.6       |
|    n_updates            | 4050       |
|    policy_gradient_loss | 0.00178    |
|    value_loss           | 108        |
----------------------------------------
FruitCounts | {'Fruit': 1, 'DecayFruit': 0, 'EnemyFruit': 1} |
----------------------------------------
| rollout/                |            |
|    ep_len_mean          | 148        |
|    ep_rew_mean          | 88.1       |
| time/                   |            |
|    fps                  | 152        |
|    iterations           | 407        |
|    time_elapsed         | 5452       |
|    total_timesteps      | 833536     |
| train/                  |            |
|    approx_kl            | 0.00847843 |
|    clip_fraction        | 0.0589     |
|    clip_range           | 0.2        |
|    entropy_loss         | -0.282     |
|    explained_variance   | 0.116      |
|    learning_rate        | 0.0003     |
|    loss                 | 66.5       |
|    n_updates            | 4060       |
|    policy_gradient_loss | -0.00399   |
|    value_loss           | 152        |
----------------------------------------
FruitCounts | {'Fruit': 9, 'DecayFruit': 1, 'EnemyFruit': 1} |
-----------------------------------------
| rollout/                |             |
|    ep_len_mean          | 150         |
|    ep_rew_mean          | 88.9        |
| time/                   |             |
|    fps                  | 152         |
|    iterations           | 408         |
|    time_elapsed         | 5464        |
|    total_timesteps      | 835584      |
| train/                  |             |
|    approx_kl            | 0.005283438 |
|    clip_fraction        | 0.0564      |
|    clip_range           | 0.2         |
|    entropy_loss         | -0.269      |
|    explained_variance   | 0.235       |
|    learning_rate        | 0.0003      |
|    loss                 | 83.3        |
|    n_updates            | 4070        |
|    policy_gradient_loss | -0.00324    |
|    value_loss           | 201         |
-----------------------------------------
FruitCounts | {'Fruit': 5, 'DecayFruit': 0, 'EnemyFruit': 1} |
-----------------------------------------
| rollout/                |             |
|    ep_len_mean          | 151         |
|    ep_rew_mean          | 91.4        |
| time/                   |             |
|    fps                  | 152         |
|    iterations           | 409         |
|    time_elapsed         | 5477        |
|    total_timesteps      | 837632      |
| train/                  |             |
|    approx_kl            | 0.008332897 |
|    clip_fraction        | 0.0678      |
|    clip_range           | 0.2         |
|    entropy_loss         | -0.294      |
|    explained_variance   | -0.185      |
|    learning_rate        | 0.0003      |
|    loss                 | 64          |
|    n_updates            | 4080        |
|    policy_gradient_loss | -0.00444    |
|    value_loss           | 178         |
-----------------------------------------
FruitCounts | {'Fruit': 11, 'DecayFruit': 2, 'EnemyFruit': 3} |
-----------------------------------------
| rollout/                |             |
|    ep_len_mean          | 155         |
|    ep_rew_mean          | 96.2        |
| time/                   |             |
|    fps                  | 152         |
|    iterations           | 410         |
|    time_elapsed         | 5490        |
|    total_timesteps      | 839680      |
| train/                  |             |
|    approx_kl            | 0.008765962 |
|    clip_fraction        | 0.0764      |
|    clip_range           | 0.2         |
|    entropy_loss         | -0.283      |
|    explained_variance   | 0.013       |
|    learning_rate        | 0.0003      |
|    loss                 | 63.9        |
|    n_updates            | 4090        |
|    policy_gradient_loss | -0.006      |
|    value_loss           | 171         |
-----------------------------------------
FruitCounts | {'Fruit': 2, 'DecayFruit': 0, 'EnemyFruit': 0} |
-----------------------------------------
| rollout/                |             |
|    ep_len_mean          | 162         |
|    ep_rew_mean          | 107         |
| time/                   |             |
|    fps                  | 152         |
|    iterations           | 411         |
|    time_elapsed         | 5502        |
|    total_timesteps      | 841728      |
| train/                  |             |
|    approx_kl            | 0.006012908 |
|    clip_fraction        | 0.0672      |
|    clip_range           | 0.2         |
|    entropy_loss         | -0.272      |
|    explained_variance   | 0.17        |
|    learning_rate        | 0.0003      |
|    loss                 | 35          |
|    n_updates            | 4100        |
|    policy_gradient_loss | 0.00173     |
|    value_loss           | 184         |
-----------------------------------------
FruitCounts | {'Fruit': 0, 'DecayFruit': 0, 'EnemyFruit': 0} |
----------------------------------------
| rollout/                |            |
|    ep_len_mean          | 167        |
|    ep_rew_mean          | 114        |
| time/                   |            |
|    fps                  | 152        |
|    iterations           | 412        |
|    time_elapsed         | 5515       |
|    total_timesteps      | 843776     |
| train/                  |            |
|    approx_kl            | 0.00673885 |
|    clip_fraction        | 0.0675     |
|    clip_range           | 0.2        |
|    entropy_loss         | -0.285     |
|    explained_variance   | 0.0381     |
|    learning_rate        | 0.0003     |
|    loss                 | 56.9       |
|    n_updates            | 4110       |
|    policy_gradient_loss | -0.00116   |
|    value_loss           | 177        |
----------------------------------------
FruitCounts | {'Fruit': 3, 'DecayFruit': 0, 'EnemyFruit': 0} |
-----------------------------------------
| rollout/                |             |
|    ep_len_mean          | 173         |
|    ep_rew_mean          | 119         |
| time/                   |             |
|    fps                  | 153         |
|    iterations           | 413         |
|    time_elapsed         | 5527        |
|    total_timesteps      | 845824      |
| train/                  |             |
|    approx_kl            | 0.021626525 |
|    clip_fraction        | 0.0803      |
|    clip_range           | 0.2         |
|    entropy_loss         | -0.272      |
|    explained_variance   | 0.208       |
|    learning_rate        | 0.0003      |
|    loss                 | 75.6        |
|    n_updates            | 4120        |
|    policy_gradient_loss | -0.000541   |
|    value_loss           | 169         |
-----------------------------------------
FruitCounts | {'Fruit': 6, 'DecayFruit': 0, 'EnemyFruit': 2} |
------------------------------------------
| rollout/                |              |
|    ep_len_mean          | 162          |
|    ep_rew_mean          | 113          |
| time/                   |              |
|    fps                  | 153          |
|    iterations           | 414          |
|    time_elapsed         | 5540         |
|    total_timesteps      | 847872       |
| train/                  |              |
|    approx_kl            | 0.0076172724 |
|    clip_fraction        | 0.069        |
|    clip_range           | 0.2          |
|    entropy_loss         | -0.239       |
|    explained_variance   | 0.0818       |
|    learning_rate        | 0.0003       |
|    loss                 | 84.4         |
|    n_updates            | 4130         |
|    policy_gradient_loss | -0.00137     |
|    value_loss           | 156          |
------------------------------------------
FruitCounts | {'Fruit': 6, 'DecayFruit': 0, 'EnemyFruit': 3} |
-----------------------------------------
| rollout/                |             |
|    ep_len_mean          | 157         |
|    ep_rew_mean          | 108         |
| time/                   |             |
|    fps                  | 153         |
|    iterations           | 415         |
|    time_elapsed         | 5552        |
|    total_timesteps      | 849920      |
| train/                  |             |
|    approx_kl            | 0.009443378 |
|    clip_fraction        | 0.0652      |
|    clip_range           | 0.2         |
|    entropy_loss         | -0.257      |
|    explained_variance   | 0.161       |
|    learning_rate        | 0.0003      |
|    loss                 | 60.2        |
|    n_updates            | 4140        |
|    policy_gradient_loss | -0.00512    |
|    value_loss           | 214         |
-----------------------------------------
FruitCounts | {'Fruit': 3, 'DecayFruit': 1, 'EnemyFruit': 0} |
-----------------------------------------
| rollout/                |             |
|    ep_len_mean          | 158         |
|    ep_rew_mean          | 110         |
| time/                   |             |
|    fps                  | 153         |
|    iterations           | 416         |
|    time_elapsed         | 5565        |
|    total_timesteps      | 851968      |
| train/                  |             |
|    approx_kl            | 0.008225454 |
|    clip_fraction        | 0.0747      |
|    clip_range           | 0.2         |
|    entropy_loss         | -0.273      |
|    explained_variance   | 0.0105      |
|    learning_rate        | 0.0003      |
|    loss                 | 63.6        |
|    n_updates            | 4150        |
|    policy_gradient_loss | -0.00293    |
|    value_loss           | 210         |
-----------------------------------------
FruitCounts | {'Fruit': 5, 'DecayFruit': 0, 'EnemyFruit': 1} |
-----------------------------------------
| rollout/                |             |
|    ep_len_mean          | 158         |
|    ep_rew_mean          | 109         |
| time/                   |             |
|    fps                  | 153         |
|    iterations           | 417         |
|    time_elapsed         | 5577        |
|    total_timesteps      | 854016      |
| train/                  |             |
|    approx_kl            | 0.007284335 |
|    clip_fraction        | 0.0691      |
|    clip_range           | 0.2         |
|    entropy_loss         | -0.261      |
|    explained_variance   | 0.087       |
|    learning_rate        | 0.0003      |
|    loss                 | 42.4        |
|    n_updates            | 4160        |
|    policy_gradient_loss | -0.00411    |
|    value_loss           | 172         |
-----------------------------------------
FruitCounts | {'Fruit': 6, 'DecayFruit': 1, 'EnemyFruit': 2} |
----------------------------------------
| rollout/                |            |
|    ep_len_mean          | 161        |
|    ep_rew_mean          | 109        |
| time/                   |            |
|    fps                  | 153        |
|    iterations           | 418        |
|    time_elapsed         | 5590       |
|    total_timesteps      | 856064     |
| train/                  |            |
|    approx_kl            | 0.01260281 |
|    clip_fraction        | 0.0916     |
|    clip_range           | 0.2        |
|    entropy_loss         | -0.255     |
|    explained_variance   | 0.201      |
|    learning_rate        | 0.0003     |
|    loss                 | 71.9       |
|    n_updates            | 4170       |
|    policy_gradient_loss | -0.0032    |
|    value_loss           | 172        |
----------------------------------------
FruitCounts | {'Fruit': 9, 'DecayFruit': 2, 'EnemyFruit': 1} |
------------------------------------------
| rollout/                |              |
|    ep_len_mean          | 166          |
|    ep_rew_mean          | 111          |
| time/                   |              |
|    fps                  | 153          |
|    iterations           | 419          |
|    time_elapsed         | 5601         |
|    total_timesteps      | 858112       |
| train/                  |              |
|    approx_kl            | 0.0083897505 |
|    clip_fraction        | 0.0782       |
|    clip_range           | 0.2          |
|    entropy_loss         | -0.248       |
|    explained_variance   | 0.0127       |
|    learning_rate        | 0.0003       |
|    loss                 | 42.2         |
|    n_updates            | 4180         |
|    policy_gradient_loss | -0.00608     |
|    value_loss           | 157          |
------------------------------------------
FruitCounts | {'Fruit': 0, 'DecayFruit': 0, 'EnemyFruit': 0} |
-----------------------------------------
| rollout/                |             |
|    ep_len_mean          | 169         |
|    ep_rew_mean          | 112         |
| time/                   |             |
|    fps                  | 153         |
|    iterations           | 420         |
|    time_elapsed         | 5614        |
|    total_timesteps      | 860160      |
| train/                  |             |
|    approx_kl            | 0.008855139 |
|    clip_fraction        | 0.0641      |
|    clip_range           | 0.2         |
|    entropy_loss         | -0.24       |
|    explained_variance   | 0.0259      |
|    learning_rate        | 0.0003      |
|    loss                 | 73.5        |
|    n_updates            | 4190        |
|    policy_gradient_loss | -0.00292    |
|    value_loss           | 223         |
-----------------------------------------
FruitCounts | {'Fruit': 8, 'DecayFruit': 0, 'EnemyFruit': 1} |
-----------------------------------------
| rollout/                |             |
|    ep_len_mean          | 172         |
|    ep_rew_mean          | 114         |
| time/                   |             |
|    fps                  | 153         |
|    iterations           | 421         |
|    time_elapsed         | 5627        |
|    total_timesteps      | 862208      |
| train/                  |             |
|    approx_kl            | 0.010108661 |
|    clip_fraction        | 0.0856      |
|    clip_range           | 0.2         |
|    entropy_loss         | -0.249      |
|    explained_variance   | 0.0117      |
|    learning_rate        | 0.0003      |
|    loss                 | 138         |
|    n_updates            | 4200        |
|    policy_gradient_loss | -0.00472    |
|    value_loss           | 312         |
-----------------------------------------
FruitCounts | {'Fruit': 5, 'DecayFruit': 0, 'EnemyFruit': 0} |
------------------------------------------
| rollout/                |              |
|    ep_len_mean          | 166          |
|    ep_rew_mean          | 109          |
| time/                   |              |
|    fps                  | 153          |
|    iterations           | 422          |
|    time_elapsed         | 5640         |
|    total_timesteps      | 864256       |
| train/                  |              |
|    approx_kl            | 0.0077715702 |
|    clip_fraction        | 0.0689       |
|    clip_range           | 0.2          |
|    entropy_loss         | -0.265       |
|    explained_variance   | 0.0155       |
|    learning_rate        | 0.0003       |
|    loss                 | 83.1         |
|    n_updates            | 4210         |
|    policy_gradient_loss | -0.000913    |
|    value_loss           | 226          |
------------------------------------------
FruitCounts | {'Fruit': 7, 'DecayFruit': 0, 'EnemyFruit': 1} |
----------------------------------------
| rollout/                |            |
|    ep_len_mean          | 174        |
|    ep_rew_mean          | 114        |
| time/                   |            |
|    fps                  | 153        |
|    iterations           | 423        |
|    time_elapsed         | 5652       |
|    total_timesteps      | 866304     |
| train/                  |            |
|    approx_kl            | 0.00891426 |
|    clip_fraction        | 0.0838     |
|    clip_range           | 0.2        |
|    entropy_loss         | -0.27      |
|    explained_variance   | 0.121      |
|    learning_rate        | 0.0003     |
|    loss                 | 65.2       |
|    n_updates            | 4220       |
|    policy_gradient_loss | -0.00261   |
|    value_loss           | 212        |
----------------------------------------
FruitCounts | {'Fruit': 5, 'DecayFruit': 0, 'EnemyFruit': 2} |
-----------------------------------------
| rollout/                |             |
|    ep_len_mean          | 176         |
|    ep_rew_mean          | 111         |
| time/                   |             |
|    fps                  | 153         |
|    iterations           | 424         |
|    time_elapsed         | 5664        |
|    total_timesteps      | 868352      |
| train/                  |             |
|    approx_kl            | 0.011441322 |
|    clip_fraction        | 0.058       |
|    clip_range           | 0.2         |
|    entropy_loss         | -0.24       |
|    explained_variance   | 0.0989      |
|    learning_rate        | 0.0003      |
|    loss                 | 53.4        |
|    n_updates            | 4230        |
|    policy_gradient_loss | -0.00111    |
|    value_loss           | 160         |
-----------------------------------------
FruitCounts | {'Fruit': 8, 'DecayFruit': 1, 'EnemyFruit': 0} |
----------------------------------------
| rollout/                |            |
|    ep_len_mean          | 177        |
|    ep_rew_mean          | 113        |
| time/                   |            |
|    fps                  | 153        |
|    iterations           | 425        |
|    time_elapsed         | 5677       |
|    total_timesteps      | 870400     |
| train/                  |            |
|    approx_kl            | 0.01281452 |
|    clip_fraction        | 0.0916     |
|    clip_range           | 0.2        |
|    entropy_loss         | -0.243     |
|    explained_variance   | 0.0836     |
|    learning_rate        | 0.0003     |
|    loss                 | 53.1       |
|    n_updates            | 4240       |
|    policy_gradient_loss | -0.00139   |
|    value_loss           | 179        |
----------------------------------------
FruitCounts | {'Fruit': 6, 'DecayFruit': 1, 'EnemyFruit': 1} |
-----------------------------------------
| rollout/                |             |
|    ep_len_mean          | 178         |
|    ep_rew_mean          | 118         |
| time/                   |             |
|    fps                  | 153         |
|    iterations           | 426         |
|    time_elapsed         | 5689        |
|    total_timesteps      | 872448      |
| train/                  |             |
|    approx_kl            | 0.007176211 |
|    clip_fraction        | 0.0766      |
|    clip_range           | 0.2         |
|    entropy_loss         | -0.248      |
|    explained_variance   | 0.249       |
|    learning_rate        | 0.0003      |
|    loss                 | 57          |
|    n_updates            | 4250        |
|    policy_gradient_loss | -0.00252    |
|    value_loss           | 137         |
-----------------------------------------
FruitCounts | {'Fruit': 2, 'DecayFruit': 0, 'EnemyFruit': 0} |
-----------------------------------------
| rollout/                |             |
|    ep_len_mean          | 174         |
|    ep_rew_mean          | 112         |
| time/                   |             |
|    fps                  | 153         |
|    iterations           | 427         |
|    time_elapsed         | 5702        |
|    total_timesteps      | 874496      |
| train/                  |             |
|    approx_kl            | 0.005060075 |
|    clip_fraction        | 0.0647      |
|    clip_range           | 0.2         |
|    entropy_loss         | -0.233      |
|    explained_variance   | 0.195       |
|    learning_rate        | 0.0003      |
|    loss                 | 78.8        |
|    n_updates            | 4260        |
|    policy_gradient_loss | -0.00163    |
|    value_loss           | 239         |
-----------------------------------------
FruitCounts | {'Fruit': 6, 'DecayFruit': 0, 'EnemyFruit': 2} |
-----------------------------------------
| rollout/                |             |
|    ep_len_mean          | 168         |
|    ep_rew_mean          | 104         |
| time/                   |             |
|    fps                  | 153         |
|    iterations           | 428         |
|    time_elapsed         | 5715        |
|    total_timesteps      | 876544      |
| train/                  |             |
|    approx_kl            | 0.008393739 |
|    clip_fraction        | 0.0866      |
|    clip_range           | 0.2         |
|    entropy_loss         | -0.252      |
|    explained_variance   | 0.149       |
|    learning_rate        | 0.0003      |
|    loss                 | 47.2        |
|    n_updates            | 4270        |
|    policy_gradient_loss | 0.000655    |
|    value_loss           | 139         |
-----------------------------------------
FruitCounts | {'Fruit': 8, 'DecayFruit': 0, 'EnemyFruit': 1} |
------------------------------------------
| rollout/                |              |
|    ep_len_mean          | 168          |
|    ep_rew_mean          | 102          |
| time/                   |              |
|    fps                  | 153          |
|    iterations           | 429          |
|    time_elapsed         | 5727         |
|    total_timesteps      | 878592       |
| train/                  |              |
|    approx_kl            | 0.0126666445 |
|    clip_fraction        | 0.0775       |
|    clip_range           | 0.2          |
|    entropy_loss         | -0.242       |
|    explained_variance   | 0.229        |
|    learning_rate        | 0.0003       |
|    loss                 | 52.2         |
|    n_updates            | 4280         |
|    policy_gradient_loss | -0.000449    |
|    value_loss           | 122          |
------------------------------------------
FruitCounts | {'Fruit': 3, 'DecayFruit': 0, 'EnemyFruit': 0} |
-----------------------------------------
| rollout/                |             |
|    ep_len_mean          | 169         |
|    ep_rew_mean          | 101         |
| time/                   |             |
|    fps                  | 153         |
|    iterations           | 430         |
|    time_elapsed         | 5740        |
|    total_timesteps      | 880640      |
| train/                  |             |
|    approx_kl            | 0.010936667 |
|    clip_fraction        | 0.0852      |
|    clip_range           | 0.2         |
|    entropy_loss         | -0.246      |
|    explained_variance   | 0.228       |
|    learning_rate        | 0.0003      |
|    loss                 | 69.3        |
|    n_updates            | 4290        |
|    policy_gradient_loss | 0.000924    |
|    value_loss           | 127         |
-----------------------------------------
FruitCounts | {'Fruit': 8, 'DecayFruit': 0, 'EnemyFruit': 0} |
-----------------------------------------
| rollout/                |             |
|    ep_len_mean          | 174         |
|    ep_rew_mean          | 103         |
| time/                   |             |
|    fps                  | 153         |
|    iterations           | 431         |
|    time_elapsed         | 5751        |
|    total_timesteps      | 882688      |
| train/                  |             |
|    approx_kl            | 0.006790716 |
|    clip_fraction        | 0.0635      |
|    clip_range           | 0.2         |
|    entropy_loss         | -0.236      |
|    explained_variance   | 0.168       |
|    learning_rate        | 0.0003      |
|    loss                 | 81.3        |
|    n_updates            | 4300        |
|    policy_gradient_loss | -0.0048     |
|    value_loss           | 193         |
-----------------------------------------
FruitCounts | {'Fruit': 11, 'DecayFruit': 0, 'EnemyFruit': 1} |
-----------------------------------------
| rollout/                |             |
|    ep_len_mean          | 164         |
|    ep_rew_mean          | 96.4        |
| time/                   |             |
|    fps                  | 153         |
|    iterations           | 432         |
|    time_elapsed         | 5764        |
|    total_timesteps      | 884736      |
| train/                  |             |
|    approx_kl            | 0.019010624 |
|    clip_fraction        | 0.0725      |
|    clip_range           | 0.2         |
|    entropy_loss         | -0.238      |
|    explained_variance   | 0.0364      |
|    learning_rate        | 0.0003      |
|    loss                 | 49.3        |
|    n_updates            | 4310        |
|    policy_gradient_loss | -0.000934   |
|    value_loss           | 99.7        |
-----------------------------------------
FruitCounts | {'Fruit': 3, 'DecayFruit': 0, 'EnemyFruit': 1} |
-----------------------------------------
| rollout/                |             |
|    ep_len_mean          | 169         |
|    ep_rew_mean          | 99.5        |
| time/                   |             |
|    fps                  | 153         |
|    iterations           | 433         |
|    time_elapsed         | 5776        |
|    total_timesteps      | 886784      |
| train/                  |             |
|    approx_kl            | 0.014136581 |
|    clip_fraction        | 0.0663      |
|    clip_range           | 0.2         |
|    entropy_loss         | -0.223      |
|    explained_variance   | -0.0566     |
|    learning_rate        | 0.0003      |
|    loss                 | 72.6        |
|    n_updates            | 4320        |
|    policy_gradient_loss | -0.00462    |
|    value_loss           | 207         |
-----------------------------------------
FruitCounts | {'Fruit': 7, 'DecayFruit': 0, 'EnemyFruit': 1} |
------------------------------------------
| rollout/                |              |
|    ep_len_mean          | 179          |
|    ep_rew_mean          | 107          |
| time/                   |              |
|    fps                  | 153          |
|    iterations           | 434          |
|    time_elapsed         | 5787         |
|    total_timesteps      | 888832       |
| train/                  |              |
|    approx_kl            | 0.0056671645 |
|    clip_fraction        | 0.0636       |
|    clip_range           | 0.2          |
|    entropy_loss         | -0.239       |
|    explained_variance   | 0.158        |
|    learning_rate        | 0.0003       |
|    loss                 | 32.4         |
|    n_updates            | 4330         |
|    policy_gradient_loss | -0.00232     |
|    value_loss           | 157          |
------------------------------------------
FruitCounts | {'Fruit': 0, 'DecayFruit': 0, 'EnemyFruit': 0} |
-----------------------------------------
| rollout/                |             |
|    ep_len_mean          | 175         |
|    ep_rew_mean          | 105         |
| time/                   |             |
|    fps                  | 153         |
|    iterations           | 435         |
|    time_elapsed         | 5800        |
|    total_timesteps      | 890880      |
| train/                  |             |
|    approx_kl            | 0.012690116 |
|    clip_fraction        | 0.0684      |
|    clip_range           | 0.2         |
|    entropy_loss         | -0.228      |
|    explained_variance   | 0.125       |
|    learning_rate        | 0.0003      |
|    loss                 | 63.5        |
|    n_updates            | 4340        |
|    policy_gradient_loss | -0.000613   |
|    value_loss           | 127         |
-----------------------------------------
FruitCounts | {'Fruit': 4, 'DecayFruit': 0, 'EnemyFruit': 2} |
-----------------------------------------
| rollout/                |             |
|    ep_len_mean          | 182         |
|    ep_rew_mean          | 110         |
| time/                   |             |
|    fps                  | 153         |
|    iterations           | 436         |
|    time_elapsed         | 5812        |
|    total_timesteps      | 892928      |
| train/                  |             |
|    approx_kl            | 0.008281893 |
|    clip_fraction        | 0.0683      |
|    clip_range           | 0.2         |
|    entropy_loss         | -0.268      |
|    explained_variance   | 0.0511      |
|    learning_rate        | 0.0003      |
|    loss                 | 199         |
|    n_updates            | 4350        |
|    policy_gradient_loss | -0.00578    |
|    value_loss           | 282         |
-----------------------------------------
FruitCounts | {'Fruit': 2, 'DecayFruit': 0, 'EnemyFruit': 0} |
-----------------------------------------
| rollout/                |             |
|    ep_len_mean          | 182         |
|    ep_rew_mean          | 111         |
| time/                   |             |
|    fps                  | 153         |
|    iterations           | 437         |
|    time_elapsed         | 5824        |
|    total_timesteps      | 894976      |
| train/                  |             |
|    approx_kl            | 0.008125946 |
|    clip_fraction        | 0.076       |
|    clip_range           | 0.2         |
|    entropy_loss         | -0.241      |
|    explained_variance   | 0.277       |
|    learning_rate        | 0.0003      |
|    loss                 | 79.4        |
|    n_updates            | 4360        |
|    policy_gradient_loss | -0.00081    |
|    value_loss           | 134         |
-----------------------------------------
FruitCounts | {'Fruit': 6, 'DecayFruit': 0, 'EnemyFruit': 0} |
-----------------------------------------
| rollout/                |             |
|    ep_len_mean          | 176         |
|    ep_rew_mean          | 107         |
| time/                   |             |
|    fps                  | 153         |
|    iterations           | 438         |
|    time_elapsed         | 5836        |
|    total_timesteps      | 897024      |
| train/                  |             |
|    approx_kl            | 0.010473015 |
|    clip_fraction        | 0.0726      |
|    clip_range           | 0.2         |
|    entropy_loss         | -0.266      |
|    explained_variance   | 0.167       |
|    learning_rate        | 0.0003      |
|    loss                 | 40.5        |
|    n_updates            | 4370        |
|    policy_gradient_loss | -0.00375    |
|    value_loss           | 122         |
-----------------------------------------
FruitCounts | {'Fruit': 4, 'DecayFruit': 0, 'EnemyFruit': 1} |
------------------------------------------
| rollout/                |              |
|    ep_len_mean          | 180          |
|    ep_rew_mean          | 108          |
| time/                   |              |
|    fps                  | 153          |
|    iterations           | 439          |
|    time_elapsed         | 5848         |
|    total_timesteps      | 899072       |
| train/                  |              |
|    approx_kl            | 0.0088853575 |
|    clip_fraction        | 0.0798       |
|    clip_range           | 0.2          |
|    entropy_loss         | -0.252       |
|    explained_variance   | 0.192        |
|    learning_rate        | 0.0003       |
|    loss                 | 41.8         |
|    n_updates            | 4380         |
|    policy_gradient_loss | -0.00236     |
|    value_loss           | 136          |
------------------------------------------
FruitCounts | {'Fruit': 5, 'DecayFruit': 0, 'EnemyFruit': 1} |
-----------------------------------------
| rollout/                |             |
|    ep_len_mean          | 172         |
|    ep_rew_mean          | 105         |
| time/                   |             |
|    fps                  | 153         |
|    iterations           | 440         |
|    time_elapsed         | 5860        |
|    total_timesteps      | 901120      |
| train/                  |             |
|    approx_kl            | 0.008322416 |
|    clip_fraction        | 0.0659      |
|    clip_range           | 0.2         |
|    entropy_loss         | -0.22       |
|    explained_variance   | 0.199       |
|    learning_rate        | 0.0003      |
|    loss                 | 62.8        |
|    n_updates            | 4390        |
|    policy_gradient_loss | -0.000364   |
|    value_loss           | 123         |
-----------------------------------------
FruitCounts | {'Fruit': 11, 'DecayFruit': 0, 'EnemyFruit': 3} |
-----------------------------------------
| rollout/                |             |
|    ep_len_mean          | 181         |
|    ep_rew_mean          | 110         |
| time/                   |             |
|    fps                  | 153         |
|    iterations           | 441         |
|    time_elapsed         | 5871        |
|    total_timesteps      | 903168      |
| train/                  |             |
|    approx_kl            | 0.005506851 |
|    clip_fraction        | 0.0597      |
|    clip_range           | 0.2         |
|    entropy_loss         | -0.238      |
|    explained_variance   | 0.212       |
|    learning_rate        | 0.0003      |
|    loss                 | 59.7        |
|    n_updates            | 4400        |
|    policy_gradient_loss | -0.00372    |
|    value_loss           | 109         |
-----------------------------------------
FruitCounts | {'Fruit': 2, 'DecayFruit': 0, 'EnemyFruit': 1} |
------------------------------------------
| rollout/                |              |
|    ep_len_mean          | 184          |
|    ep_rew_mean          | 110          |
| time/                   |              |
|    fps                  | 153          |
|    iterations           | 442          |
|    time_elapsed         | 5882         |
|    total_timesteps      | 905216       |
| train/                  |              |
|    approx_kl            | 0.0062990105 |
|    clip_fraction        | 0.0674       |
|    clip_range           | 0.2          |
|    entropy_loss         | -0.238       |
|    explained_variance   | 0.161        |
|    learning_rate        | 0.0003       |
|    loss                 | 54.4         |
|    n_updates            | 4410         |
|    policy_gradient_loss | -0.00137     |
|    value_loss           | 133          |
------------------------------------------
FruitCounts | {'Fruit': 3, 'DecayFruit': 0, 'EnemyFruit': 1} |
-----------------------------------------
| rollout/                |             |
|    ep_len_mean          | 173         |
|    ep_rew_mean          | 97.6        |
| time/                   |             |
|    fps                  | 153         |
|    iterations           | 443         |
|    time_elapsed         | 5894        |
|    total_timesteps      | 907264      |
| train/                  |             |
|    approx_kl            | 0.012673062 |
|    clip_fraction        | 0.0719      |
|    clip_range           | 0.2         |
|    entropy_loss         | -0.238      |
|    explained_variance   | 0.0635      |
|    learning_rate        | 0.0003      |
|    loss                 | 55.8        |
|    n_updates            | 4420        |
|    policy_gradient_loss | 0.00176     |
|    value_loss           | 92.5        |
-----------------------------------------
FruitCounts | {'Fruit': 8, 'DecayFruit': 0, 'EnemyFruit': 3} |
-----------------------------------------
| rollout/                |             |
|    ep_len_mean          | 182         |
|    ep_rew_mean          | 99.6        |
| time/                   |             |
|    fps                  | 153         |
|    iterations           | 444         |
|    time_elapsed         | 5906        |
|    total_timesteps      | 909312      |
| train/                  |             |
|    approx_kl            | 0.006073492 |
|    clip_fraction        | 0.0617      |
|    clip_range           | 0.2         |
|    entropy_loss         | -0.251      |
|    explained_variance   | 0.234       |
|    learning_rate        | 0.0003      |
|    loss                 | 26.8        |
|    n_updates            | 4430        |
|    policy_gradient_loss | -0.00298    |
|    value_loss           | 120         |
-----------------------------------------
FruitCounts | {'Fruit': 3, 'DecayFruit': 1, 'EnemyFruit': 0} |
----------------------------------------
| rollout/                |            |
|    ep_len_mean          | 186        |
|    ep_rew_mean          | 103        |
| time/                   |            |
|    fps                  | 154        |
|    iterations           | 445        |
|    time_elapsed         | 5917       |
|    total_timesteps      | 911360     |
| train/                  |            |
|    approx_kl            | 0.00778675 |
|    clip_fraction        | 0.0722     |
|    clip_range           | 0.2        |
|    entropy_loss         | -0.262     |
|    explained_variance   | 0.273      |
|    learning_rate        | 0.0003     |
|    loss                 | 29.1       |
|    n_updates            | 4440       |
|    policy_gradient_loss | -0.000213  |
|    value_loss           | 121        |
----------------------------------------
FruitCounts | {'Fruit': 0, 'DecayFruit': 0, 'EnemyFruit': 0} |
-----------------------------------------
| rollout/                |             |
|    ep_len_mean          | 188         |
|    ep_rew_mean          | 103         |
| time/                   |             |
|    fps                  | 154         |
|    iterations           | 446         |
|    time_elapsed         | 5928        |
|    total_timesteps      | 913408      |
| train/                  |             |
|    approx_kl            | 0.006068744 |
|    clip_fraction        | 0.054       |
|    clip_range           | 0.2         |
|    entropy_loss         | -0.233      |
|    explained_variance   | 0.127       |
|    learning_rate        | 0.0003      |
|    loss                 | 74.6        |
|    n_updates            | 4450        |
|    policy_gradient_loss | -0.00381    |
|    value_loss           | 169         |
-----------------------------------------
FruitCounts | {'Fruit': 7, 'DecayFruit': 1, 'EnemyFruit': 1} |
-----------------------------------------
| rollout/                |             |
|    ep_len_mean          | 190         |
|    ep_rew_mean          | 110         |
| time/                   |             |
|    fps                  | 154         |
|    iterations           | 447         |
|    time_elapsed         | 5940        |
|    total_timesteps      | 915456      |
| train/                  |             |
|    approx_kl            | 0.005666308 |
|    clip_fraction        | 0.0677      |
|    clip_range           | 0.2         |
|    entropy_loss         | -0.24       |
|    explained_variance   | 0.15        |
|    learning_rate        | 0.0003      |
|    loss                 | 42.4        |
|    n_updates            | 4460        |
|    policy_gradient_loss | -0.00384    |
|    value_loss           | 149         |
-----------------------------------------
FruitCounts | {'Fruit': 5, 'DecayFruit': 0, 'EnemyFruit': 0} |
------------------------------------------
| rollout/                |              |
|    ep_len_mean          | 197          |
|    ep_rew_mean          | 117          |
| time/                   |              |
|    fps                  | 154          |
|    iterations           | 448          |
|    time_elapsed         | 5952         |
|    total_timesteps      | 917504       |
| train/                  |              |
|    approx_kl            | 0.0044446895 |
|    clip_fraction        | 0.0576       |
|    clip_range           | 0.2          |
|    entropy_loss         | -0.243       |
|    explained_variance   | 0.0522       |
|    learning_rate        | 0.0003       |
|    loss                 | 78.2         |
|    n_updates            | 4470         |
|    policy_gradient_loss | -0.00107     |
|    value_loss           | 186          |
------------------------------------------
FruitCounts | {'Fruit': 2, 'DecayFruit': 0, 'EnemyFruit': 1} |
-----------------------------------------
| rollout/                |             |
|    ep_len_mean          | 195         |
|    ep_rew_mean          | 118         |
| time/                   |             |
|    fps                  | 154         |
|    iterations           | 449         |
|    time_elapsed         | 5964        |
|    total_timesteps      | 919552      |
| train/                  |             |
|    approx_kl            | 0.013040435 |
|    clip_fraction        | 0.0673      |
|    clip_range           | 0.2         |
|    entropy_loss         | -0.256      |
|    explained_variance   | 0.194       |
|    learning_rate        | 0.0003      |
|    loss                 | 46.3        |
|    n_updates            | 4480        |
|    policy_gradient_loss | -0.00284    |
|    value_loss           | 155         |
-----------------------------------------
FruitCounts | {'Fruit': 1, 'DecayFruit': 0, 'EnemyFruit': 0} |
------------------------------------------
| rollout/                |              |
|    ep_len_mean          | 181          |
|    ep_rew_mean          | 108          |
| time/                   |              |
|    fps                  | 154          |
|    iterations           | 450          |
|    time_elapsed         | 5977         |
|    total_timesteps      | 921600       |
| train/                  |              |
|    approx_kl            | 0.0066935667 |
|    clip_fraction        | 0.0633       |
|    clip_range           | 0.2          |
|    entropy_loss         | -0.275       |
|    explained_variance   | 0.19         |
|    learning_rate        | 0.0003       |
|    loss                 | 104          |
|    n_updates            | 4490         |
|    policy_gradient_loss | -0.00202     |
|    value_loss           | 184          |
------------------------------------------
FruitCounts | {'Fruit': 10, 'DecayFruit': 1, 'EnemyFruit': 1} |
-----------------------------------------
| rollout/                |             |
|    ep_len_mean          | 169         |
|    ep_rew_mean          | 104         |
| time/                   |             |
|    fps                  | 154         |
|    iterations           | 451         |
|    time_elapsed         | 5989        |
|    total_timesteps      | 923648      |
| train/                  |             |
|    approx_kl            | 0.007221018 |
|    clip_fraction        | 0.0728      |
|    clip_range           | 0.2         |
|    entropy_loss         | -0.25       |
|    explained_variance   | 0.168       |
|    learning_rate        | 0.0003      |
|    loss                 | 113         |
|    n_updates            | 4500        |
|    policy_gradient_loss | -0.00197    |
|    value_loss           | 164         |
-----------------------------------------
FruitCounts | {'Fruit': 2, 'DecayFruit': 0, 'EnemyFruit': 0} |
-----------------------------------------
| rollout/                |             |
|    ep_len_mean          | 171         |
|    ep_rew_mean          | 110         |
| time/                   |             |
|    fps                  | 154         |
|    iterations           | 452         |
|    time_elapsed         | 6001        |
|    total_timesteps      | 925696      |
| train/                  |             |
|    approx_kl            | 0.006036711 |
|    clip_fraction        | 0.0567      |
|    clip_range           | 0.2         |
|    entropy_loss         | -0.268      |
|    explained_variance   | 0.135       |
|    learning_rate        | 0.0003      |
|    loss                 | 41.5        |
|    n_updates            | 4510        |
|    policy_gradient_loss | -0.000852   |
|    value_loss           | 137         |
-----------------------------------------
FruitCounts | {'Fruit': 0, 'DecayFruit': 0, 'EnemyFruit': 0} |
-----------------------------------------
| rollout/                |             |
|    ep_len_mean          | 163         |
|    ep_rew_mean          | 108         |
| time/                   |             |
|    fps                  | 154         |
|    iterations           | 453         |
|    time_elapsed         | 6014        |
|    total_timesteps      | 927744      |
| train/                  |             |
|    approx_kl            | 0.006265344 |
|    clip_fraction        | 0.0617      |
|    clip_range           | 0.2         |
|    entropy_loss         | -0.253      |
|    explained_variance   | 0.105       |
|    learning_rate        | 0.0003      |
|    loss                 | 77.5        |
|    n_updates            | 4520        |
|    policy_gradient_loss | -0.00137    |
|    value_loss           | 257         |
-----------------------------------------
FruitCounts | {'Fruit': 6, 'DecayFruit': 0, 'EnemyFruit': 0} |
-----------------------------------------
| rollout/                |             |
|    ep_len_mean          | 163         |
|    ep_rew_mean          | 109         |
| time/                   |             |
|    fps                  | 154         |
|    iterations           | 454         |
|    time_elapsed         | 6026        |
|    total_timesteps      | 929792      |
| train/                  |             |
|    approx_kl            | 0.006151744 |
|    clip_fraction        | 0.0559      |
|    clip_range           | 0.2         |
|    entropy_loss         | -0.261      |
|    explained_variance   | 0.199       |
|    learning_rate        | 0.0003      |
|    loss                 | 85.3        |
|    n_updates            | 4530        |
|    policy_gradient_loss | -0.00211    |
|    value_loss           | 177         |
-----------------------------------------
FruitCounts | {'Fruit': 6, 'DecayFruit': 0, 'EnemyFruit': 1} |
------------------------------------------
| rollout/                |              |
|    ep_len_mean          | 171          |
|    ep_rew_mean          | 112          |
| time/                   |              |
|    fps                  | 154          |
|    iterations           | 455          |
|    time_elapsed         | 6036         |
|    total_timesteps      | 931840       |
| train/                  |              |
|    approx_kl            | 0.0070668226 |
|    clip_fraction        | 0.0739       |
|    clip_range           | 0.2          |
|    entropy_loss         | -0.269       |
|    explained_variance   | 0.381        |
|    learning_rate        | 0.0003       |
|    loss                 | 41.1         |
|    n_updates            | 4540         |
|    policy_gradient_loss | -0.000552    |
|    value_loss           | 112          |
------------------------------------------
FruitCounts | {'Fruit': 0, 'DecayFruit': 0, 'EnemyFruit': 0} |
-----------------------------------------
| rollout/                |             |
|    ep_len_mean          | 165         |
|    ep_rew_mean          | 106         |
| time/                   |             |
|    fps                  | 154         |
|    iterations           | 456         |
|    time_elapsed         | 6049        |
|    total_timesteps      | 933888      |
| train/                  |             |
|    approx_kl            | 0.011977698 |
|    clip_fraction        | 0.0704      |
|    clip_range           | 0.2         |
|    entropy_loss         | -0.266      |
|    explained_variance   | 0.0797      |
|    learning_rate        | 0.0003      |
|    loss                 | 44          |
|    n_updates            | 4550        |
|    policy_gradient_loss | -0.000938   |
|    value_loss           | 133         |
-----------------------------------------
FruitCounts | {'Fruit': 0, 'DecayFruit': 0, 'EnemyFruit': 0} |
-----------------------------------------
| rollout/                |             |
|    ep_len_mean          | 158         |
|    ep_rew_mean          | 101         |
| time/                   |             |
|    fps                  | 154         |
|    iterations           | 457         |
|    time_elapsed         | 6063        |
|    total_timesteps      | 935936      |
| train/                  |             |
|    approx_kl            | 0.007331495 |
|    clip_fraction        | 0.0708      |
|    clip_range           | 0.2         |
|    entropy_loss         | -0.258      |
|    explained_variance   | 0.109       |
|    learning_rate        | 0.0003      |
|    loss                 | 120         |
|    n_updates            | 4560        |
|    policy_gradient_loss | -0.00543    |
|    value_loss           | 235         |
-----------------------------------------
FruitCounts | {'Fruit': 1, 'DecayFruit': 0, 'EnemyFruit': 0} |
-----------------------------------------
| rollout/                |             |
|    ep_len_mean          | 152         |
|    ep_rew_mean          | 99.1        |
| time/                   |             |
|    fps                  | 154         |
|    iterations           | 458         |
|    time_elapsed         | 6076        |
|    total_timesteps      | 937984      |
| train/                  |             |
|    approx_kl            | 0.011537772 |
|    clip_fraction        | 0.0727      |
|    clip_range           | 0.2         |
|    entropy_loss         | -0.258      |
|    explained_variance   | 0.174       |
|    learning_rate        | 0.0003      |
|    loss                 | 54          |
|    n_updates            | 4570        |
|    policy_gradient_loss | -0.00403    |
|    value_loss           | 196         |
-----------------------------------------
FruitCounts | {'Fruit': 17, 'DecayFruit': 0, 'EnemyFruit': 5} |
-----------------------------------------
| rollout/                |             |
|    ep_len_mean          | 155         |
|    ep_rew_mean          | 100         |
| time/                   |             |
|    fps                  | 154         |
|    iterations           | 459         |
|    time_elapsed         | 6087        |
|    total_timesteps      | 940032      |
| train/                  |             |
|    approx_kl            | 0.009635362 |
|    clip_fraction        | 0.067       |
|    clip_range           | 0.2         |
|    entropy_loss         | -0.266      |
|    explained_variance   | 0.369       |
|    learning_rate        | 0.0003      |
|    loss                 | 46          |
|    n_updates            | 4580        |
|    policy_gradient_loss | -0.00427    |
|    value_loss           | 104         |
-----------------------------------------
FruitCounts | {'Fruit': 0, 'DecayFruit': 0, 'EnemyFruit': 0} |
------------------------------------------
| rollout/                |              |
|    ep_len_mean          | 167          |
|    ep_rew_mean          | 107          |
| time/                   |              |
|    fps                  | 154          |
|    iterations           | 460          |
|    time_elapsed         | 6098         |
|    total_timesteps      | 942080       |
| train/                  |              |
|    approx_kl            | 0.0050693573 |
|    clip_fraction        | 0.0701       |
|    clip_range           | 0.2          |
|    entropy_loss         | -0.264       |
|    explained_variance   | 0.228        |
|    learning_rate        | 0.0003       |
|    loss                 | 35.4         |
|    n_updates            | 4590         |
|    policy_gradient_loss | 0.00112      |
|    value_loss           | 105          |
------------------------------------------
FruitCounts | {'Fruit': 15, 'DecayFruit': 2, 'EnemyFruit': 4} |
-----------------------------------------
| rollout/                |             |
|    ep_len_mean          | 172         |
|    ep_rew_mean          | 107         |
| time/                   |             |
|    fps                  | 154         |
|    iterations           | 461         |
|    time_elapsed         | 6109        |
|    total_timesteps      | 944128      |
| train/                  |             |
|    approx_kl            | 0.005862397 |
|    clip_fraction        | 0.064       |
|    clip_range           | 0.2         |
|    entropy_loss         | -0.268      |
|    explained_variance   | 0.373       |
|    learning_rate        | 0.0003      |
|    loss                 | 36.7        |
|    n_updates            | 4600        |
|    policy_gradient_loss | -0.000434   |
|    value_loss           | 130         |
-----------------------------------------
FruitCounts | {'Fruit': 3, 'DecayFruit': 0, 'EnemyFruit': 1} |
-----------------------------------------
| rollout/                |             |
|    ep_len_mean          | 175         |
|    ep_rew_mean          | 111         |
| time/                   |             |
|    fps                  | 154         |
|    iterations           | 462         |
|    time_elapsed         | 6121        |
|    total_timesteps      | 946176      |
| train/                  |             |
|    approx_kl            | 0.008305909 |
|    clip_fraction        | 0.082       |
|    clip_range           | 0.2         |
|    entropy_loss         | -0.262      |
|    explained_variance   | 0.102       |
|    learning_rate        | 0.0003      |
|    loss                 | 59.5        |
|    n_updates            | 4610        |
|    policy_gradient_loss | -0.00417    |
|    value_loss           | 214         |
-----------------------------------------
FruitCounts | {'Fruit': 2, 'DecayFruit': 0, 'EnemyFruit': 1} |
-----------------------------------------
| rollout/                |             |
|    ep_len_mean          | 172         |
|    ep_rew_mean          | 109         |
| time/                   |             |
|    fps                  | 154         |
|    iterations           | 463         |
|    time_elapsed         | 6132        |
|    total_timesteps      | 948224      |
| train/                  |             |
|    approx_kl            | 0.008397112 |
|    clip_fraction        | 0.0621      |
|    clip_range           | 0.2         |
|    entropy_loss         | -0.287      |
|    explained_variance   | 0.0943      |
|    learning_rate        | 0.0003      |
|    loss                 | 96.5        |
|    n_updates            | 4620        |
|    policy_gradient_loss | -0.00297    |
|    value_loss           | 189         |
-----------------------------------------
FruitCounts | {'Fruit': 8, 'DecayFruit': 1, 'EnemyFruit': 3} |
-----------------------------------------
| rollout/                |             |
|    ep_len_mean          | 174         |
|    ep_rew_mean          | 108         |
| time/                   |             |
|    fps                  | 154         |
|    iterations           | 464         |
|    time_elapsed         | 6144        |
|    total_timesteps      | 950272      |
| train/                  |             |
|    approx_kl            | 0.008116781 |
|    clip_fraction        | 0.0726      |
|    clip_range           | 0.2         |
|    entropy_loss         | -0.252      |
|    explained_variance   | 0.149       |
|    learning_rate        | 0.0003      |
|    loss                 | 35.3        |
|    n_updates            | 4630        |
|    policy_gradient_loss | -0.00246    |
|    value_loss           | 153         |
-----------------------------------------
FruitCounts | {'Fruit': 0, 'DecayFruit': 0, 'EnemyFruit': 0} |
----------------------------------------
| rollout/                |            |
|    ep_len_mean          | 175        |
|    ep_rew_mean          | 112        |
| time/                   |            |
|    fps                  | 154        |
|    iterations           | 465        |
|    time_elapsed         | 6157       |
|    total_timesteps      | 952320     |
| train/                  |            |
|    approx_kl            | 0.00865793 |
|    clip_fraction        | 0.0693     |
|    clip_range           | 0.2        |
|    entropy_loss         | -0.256     |
|    explained_variance   | 0.0907     |
|    learning_rate        | 0.0003     |
|    loss                 | 45.7       |
|    n_updates            | 4640       |
|    policy_gradient_loss | -0.00473   |
|    value_loss           | 198        |
----------------------------------------
FruitCounts | {'Fruit': 5, 'DecayFruit': 1, 'EnemyFruit': 1} |
------------------------------------------
| rollout/                |              |
|    ep_len_mean          | 182          |
|    ep_rew_mean          | 117          |
| time/                   |              |
|    fps                  | 154          |
|    iterations           | 466          |
|    time_elapsed         | 6169         |
|    total_timesteps      | 954368       |
| train/                  |              |
|    approx_kl            | 0.0083074495 |
|    clip_fraction        | 0.0739       |
|    clip_range           | 0.2          |
|    entropy_loss         | -0.262       |
|    explained_variance   | -0.0483      |
|    learning_rate        | 0.0003       |
|    loss                 | 58.4         |
|    n_updates            | 4650         |
|    policy_gradient_loss | -0.00242     |
|    value_loss           | 259          |
------------------------------------------
FruitCounts | {'Fruit': 2, 'DecayFruit': 0, 'EnemyFruit': 0} |
----------------------------------------
| rollout/                |            |
|    ep_len_mean          | 192        |
|    ep_rew_mean          | 125        |
| time/                   |            |
|    fps                  | 154        |
|    iterations           | 467        |
|    time_elapsed         | 6181       |
|    total_timesteps      | 956416     |
| train/                  |            |
|    approx_kl            | 0.00809098 |
|    clip_fraction        | 0.0757     |
|    clip_range           | 0.2        |
|    entropy_loss         | -0.258     |
|    explained_variance   | 0.0818     |
|    learning_rate        | 0.0003     |
|    loss                 | 114        |
|    n_updates            | 4660       |
|    policy_gradient_loss | -0.000418  |
|    value_loss           | 186        |
----------------------------------------
FruitCounts | {'Fruit': 3, 'DecayFruit': 0, 'EnemyFruit': 0} |
-----------------------------------------
| rollout/                |             |
|    ep_len_mean          | 182         |
|    ep_rew_mean          | 117         |
| time/                   |             |
|    fps                  | 154         |
|    iterations           | 468         |
|    time_elapsed         | 6193        |
|    total_timesteps      | 958464      |
| train/                  |             |
|    approx_kl            | 0.017591491 |
|    clip_fraction        | 0.0845      |
|    clip_range           | 0.2         |
|    entropy_loss         | -0.264      |
|    explained_variance   | 0.196       |
|    learning_rate        | 0.0003      |
|    loss                 | 35          |
|    n_updates            | 4670        |
|    policy_gradient_loss | -0.00351    |
|    value_loss           | 127         |
-----------------------------------------
FruitCounts | {'Fruit': 5, 'DecayFruit': 0, 'EnemyFruit': 0} |
-----------------------------------------
| rollout/                |             |
|    ep_len_mean          | 175         |
|    ep_rew_mean          | 114         |
| time/                   |             |
|    fps                  | 154         |
|    iterations           | 469         |
|    time_elapsed         | 6205        |
|    total_timesteps      | 960512      |
| train/                  |             |
|    approx_kl            | 0.012279888 |
|    clip_fraction        | 0.0717      |
|    clip_range           | 0.2         |
|    entropy_loss         | -0.279      |
|    explained_variance   | 0.117       |
|    learning_rate        | 0.0003      |
|    loss                 | 39.4        |
|    n_updates            | 4680        |
|    policy_gradient_loss | -0.00339    |
|    value_loss           | 137         |
-----------------------------------------
FruitCounts | {'Fruit': 3, 'DecayFruit': 0, 'EnemyFruit': 0} |
-----------------------------------------
| rollout/                |             |
|    ep_len_mean          | 161         |
|    ep_rew_mean          | 106         |
| time/                   |             |
|    fps                  | 154         |
|    iterations           | 470         |
|    time_elapsed         | 6218        |
|    total_timesteps      | 962560      |
| train/                  |             |
|    approx_kl            | 0.007355929 |
|    clip_fraction        | 0.0678      |
|    clip_range           | 0.2         |
|    entropy_loss         | -0.281      |
|    explained_variance   | -0.0413     |
|    learning_rate        | 0.0003      |
|    loss                 | 96.9        |
|    n_updates            | 4690        |
|    policy_gradient_loss | -0.00173    |
|    value_loss           | 194         |
-----------------------------------------
FruitCounts | {'Fruit': 10, 'DecayFruit': 0, 'EnemyFruit': 1} |
----------------------------------------
| rollout/                |            |
|    ep_len_mean          | 161        |
|    ep_rew_mean          | 107        |
| time/                   |            |
|    fps                  | 154        |
|    iterations           | 471        |
|    time_elapsed         | 6229       |
|    total_timesteps      | 964608     |
| train/                  |            |
|    approx_kl            | 0.00944516 |
|    clip_fraction        | 0.0654     |
|    clip_range           | 0.2        |
|    entropy_loss         | -0.273     |
|    explained_variance   | 0.0797     |
|    learning_rate        | 0.0003     |
|    loss                 | 69.6       |
|    n_updates            | 4700       |
|    policy_gradient_loss | -0.00351   |
|    value_loss           | 177        |
----------------------------------------
FruitCounts | {'Fruit': 0, 'DecayFruit': 0, 'EnemyFruit': 0} |
-----------------------------------------
| rollout/                |             |
|    ep_len_mean          | 162         |
|    ep_rew_mean          | 107         |
| time/                   |             |
|    fps                  | 154         |
|    iterations           | 472         |
|    time_elapsed         | 6241        |
|    total_timesteps      | 966656      |
| train/                  |             |
|    approx_kl            | 0.008204961 |
|    clip_fraction        | 0.0835      |
|    clip_range           | 0.2         |
|    entropy_loss         | -0.272      |
|    explained_variance   | 0.18        |
|    learning_rate        | 0.0003      |
|    loss                 | 98.1        |
|    n_updates            | 4710        |
|    policy_gradient_loss | -0.00376    |
|    value_loss           | 147         |
-----------------------------------------
FruitCounts | {'Fruit': 14, 'DecayFruit': 0, 'EnemyFruit': 0} |
------------------------------------------
| rollout/                |              |
|    ep_len_mean          | 169          |
|    ep_rew_mean          | 112          |
| time/                   |              |
|    fps                  | 154          |
|    iterations           | 473          |
|    time_elapsed         | 6252         |
|    total_timesteps      | 968704       |
| train/                  |              |
|    approx_kl            | 0.0051032566 |
|    clip_fraction        | 0.0587       |
|    clip_range           | 0.2          |
|    entropy_loss         | -0.235       |
|    explained_variance   | 0.204        |
|    learning_rate        | 0.0003       |
|    loss                 | 49.4         |
|    n_updates            | 4720         |
|    policy_gradient_loss | -0.0038      |
|    value_loss           | 138          |
------------------------------------------
FruitCounts | {'Fruit': 14, 'DecayFruit': 0, 'EnemyFruit': 0} |
-----------------------------------------
| rollout/                |             |
|    ep_len_mean          | 171         |
|    ep_rew_mean          | 111         |
| time/                   |             |
|    fps                  | 154         |
|    iterations           | 474         |
|    time_elapsed         | 6264        |
|    total_timesteps      | 970752      |
| train/                  |             |
|    approx_kl            | 0.015309397 |
|    clip_fraction        | 0.0736      |
|    clip_range           | 0.2         |
|    entropy_loss         | -0.24       |
|    explained_variance   | 0.273       |
|    learning_rate        | 0.0003      |
|    loss                 | 52          |
|    n_updates            | 4730        |
|    policy_gradient_loss | -0.000874   |
|    value_loss           | 129         |
-----------------------------------------
FruitCounts | {'Fruit': 3, 'DecayFruit': 0, 'EnemyFruit': 0} |
-----------------------------------------
| rollout/                |             |
|    ep_len_mean          | 163         |
|    ep_rew_mean          | 102         |
| time/                   |             |
|    fps                  | 154         |
|    iterations           | 475         |
|    time_elapsed         | 6277        |
|    total_timesteps      | 972800      |
| train/                  |             |
|    approx_kl            | 0.009635396 |
|    clip_fraction        | 0.0695      |
|    clip_range           | 0.2         |
|    entropy_loss         | -0.25       |
|    explained_variance   | 0.136       |
|    learning_rate        | 0.0003      |
|    loss                 | 68.3        |
|    n_updates            | 4740        |
|    policy_gradient_loss | -0.000647   |
|    value_loss           | 118         |
-----------------------------------------
FruitCounts | {'Fruit': 2, 'DecayFruit': 0, 'EnemyFruit': 0} |
-----------------------------------------
| rollout/                |             |
|    ep_len_mean          | 157         |
|    ep_rew_mean          | 102         |
| time/                   |             |
|    fps                  | 154         |
|    iterations           | 476         |
|    time_elapsed         | 6289        |
|    total_timesteps      | 974848      |
| train/                  |             |
|    approx_kl            | 0.006671268 |
|    clip_fraction        | 0.0554      |
|    clip_range           | 0.2         |
|    entropy_loss         | -0.248      |
|    explained_variance   | 0.159       |
|    learning_rate        | 0.0003      |
|    loss                 | 88.1        |
|    n_updates            | 4750        |
|    policy_gradient_loss | -0.00249    |
|    value_loss           | 201         |
-----------------------------------------
FruitCounts | {'Fruit': 9, 'DecayFruit': 0, 'EnemyFruit': 2} |
----------------------------------------
| rollout/                |            |
|    ep_len_mean          | 162        |
|    ep_rew_mean          | 107        |
| time/                   |            |
|    fps                  | 155        |
|    iterations           | 477        |
|    time_elapsed         | 6301       |
|    total_timesteps      | 976896     |
| train/                  |            |
|    approx_kl            | 0.00911947 |
|    clip_fraction        | 0.082      |
|    clip_range           | 0.2        |
|    entropy_loss         | -0.247     |
|    explained_variance   | 0.091      |
|    learning_rate        | 0.0003     |
|    loss                 | 153        |
|    n_updates            | 4760       |
|    policy_gradient_loss | -0.00763   |
|    value_loss           | 216        |
----------------------------------------
FruitCounts | {'Fruit': 17, 'DecayFruit': 1, 'EnemyFruit': 3} |
-----------------------------------------
| rollout/                |             |
|    ep_len_mean          | 172         |
|    ep_rew_mean          | 113         |
| time/                   |             |
|    fps                  | 155         |
|    iterations           | 478         |
|    time_elapsed         | 6311        |
|    total_timesteps      | 978944      |
| train/                  |             |
|    approx_kl            | 0.010442277 |
|    clip_fraction        | 0.0607      |
|    clip_range           | 0.2         |
|    entropy_loss         | -0.268      |
|    explained_variance   | 0.0679      |
|    learning_rate        | 0.0003      |
|    loss                 | 61.7        |
|    n_updates            | 4770        |
|    policy_gradient_loss | 0.000212    |
|    value_loss           | 145         |
-----------------------------------------
FruitCounts | {'Fruit': 4, 'DecayFruit': 0, 'EnemyFruit': 0} |
-----------------------------------------
| rollout/                |             |
|    ep_len_mean          | 179         |
|    ep_rew_mean          | 114         |
| time/                   |             |
|    fps                  | 155         |
|    iterations           | 479         |
|    time_elapsed         | 6323        |
|    total_timesteps      | 980992      |
| train/                  |             |
|    approx_kl            | 0.009503014 |
|    clip_fraction        | 0.104       |
|    clip_range           | 0.2         |
|    entropy_loss         | -0.253      |
|    explained_variance   | 0.3         |
|    learning_rate        | 0.0003      |
|    loss                 | 45.7        |
|    n_updates            | 4780        |
|    policy_gradient_loss | 0.00421     |
|    value_loss           | 101         |
-----------------------------------------
FruitCounts | {'Fruit': 12, 'DecayFruit': 0, 'EnemyFruit': 3} |
-----------------------------------------
| rollout/                |             |
|    ep_len_mean          | 176         |
|    ep_rew_mean          | 114         |
| time/                   |             |
|    fps                  | 155         |
|    iterations           | 480         |
|    time_elapsed         | 6335        |
|    total_timesteps      | 983040      |
| train/                  |             |
|    approx_kl            | 0.008033022 |
|    clip_fraction        | 0.0625      |
|    clip_range           | 0.2         |
|    entropy_loss         | -0.285      |
|    explained_variance   | 0.197       |
|    learning_rate        | 0.0003      |
|    loss                 | 48          |
|    n_updates            | 4790        |
|    policy_gradient_loss | -0.00452    |
|    value_loss           | 145         |
-----------------------------------------
FruitCounts | {'Fruit': 1, 'DecayFruit': 0, 'EnemyFruit': 0} |
-----------------------------------------
| rollout/                |             |
|    ep_len_mean          | 160         |
|    ep_rew_mean          | 108         |
| time/                   |             |
|    fps                  | 155         |
|    iterations           | 481         |
|    time_elapsed         | 6349        |
|    total_timesteps      | 985088      |
| train/                  |             |
|    approx_kl            | 0.009913349 |
|    clip_fraction        | 0.0669      |
|    clip_range           | 0.2         |
|    entropy_loss         | -0.254      |
|    explained_variance   | 0.0303      |
|    learning_rate        | 0.0003      |
|    loss                 | 103         |
|    n_updates            | 4800        |
|    policy_gradient_loss | -0.00402    |
|    value_loss           | 199         |
-----------------------------------------
FruitCounts | {'Fruit': 4, 'DecayFruit': 0, 'EnemyFruit': 1} |
-----------------------------------------
| rollout/                |             |
|    ep_len_mean          | 157         |
|    ep_rew_mean          | 106         |
| time/                   |             |
|    fps                  | 155         |
|    iterations           | 482         |
|    time_elapsed         | 6361        |
|    total_timesteps      | 987136      |
| train/                  |             |
|    approx_kl            | 0.007448041 |
|    clip_fraction        | 0.0661      |
|    clip_range           | 0.2         |
|    entropy_loss         | -0.272      |
|    explained_variance   | 0.0892      |
|    learning_rate        | 0.0003      |
|    loss                 | 148         |
|    n_updates            | 4810        |
|    policy_gradient_loss | -0.00297    |
|    value_loss           | 267         |
-----------------------------------------
FruitCounts | {'Fruit': 11, 'DecayFruit': 0, 'EnemyFruit': 3} |
------------------------------------------
| rollout/                |              |
|    ep_len_mean          | 160          |
|    ep_rew_mean          | 112          |
| time/                   |              |
|    fps                  | 155          |
|    iterations           | 483          |
|    time_elapsed         | 6374         |
|    total_timesteps      | 989184       |
| train/                  |              |
|    approx_kl            | 0.0059848465 |
|    clip_fraction        | 0.0597       |
|    clip_range           | 0.2          |
|    entropy_loss         | -0.276       |
|    explained_variance   | 0.104        |
|    learning_rate        | 0.0003       |
|    loss                 | 102          |
|    n_updates            | 4820         |
|    policy_gradient_loss | -0.00272     |
|    value_loss           | 240          |
------------------------------------------
FruitCounts | {'Fruit': 6, 'DecayFruit': 0, 'EnemyFruit': 4} |
-----------------------------------------
| rollout/                |             |
|    ep_len_mean          | 163         |
|    ep_rew_mean          | 115         |
| time/                   |             |
|    fps                  | 155         |
|    iterations           | 484         |
|    time_elapsed         | 6386        |
|    total_timesteps      | 991232      |
| train/                  |             |
|    approx_kl            | 0.008737685 |
|    clip_fraction        | 0.0671      |
|    clip_range           | 0.2         |
|    entropy_loss         | -0.262      |
|    explained_variance   | 0.174       |
|    learning_rate        | 0.0003      |
|    loss                 | 120         |
|    n_updates            | 4830        |
|    policy_gradient_loss | -0.00449    |
|    value_loss           | 226         |
-----------------------------------------
FruitCounts | {'Fruit': 7, 'DecayFruit': 0, 'EnemyFruit': 1} |
------------------------------------------
| rollout/                |              |
|    ep_len_mean          | 156          |
|    ep_rew_mean          | 109          |
| time/                   |              |
|    fps                  | 155          |
|    iterations           | 485          |
|    time_elapsed         | 6398         |
|    total_timesteps      | 993280       |
| train/                  |              |
|    approx_kl            | 0.0069671376 |
|    clip_fraction        | 0.0683       |
|    clip_range           | 0.2          |
|    entropy_loss         | -0.256       |
|    explained_variance   | 0.164        |
|    learning_rate        | 0.0003       |
|    loss                 | 85.9         |
|    n_updates            | 4840         |
|    policy_gradient_loss | -0.00484     |
|    value_loss           | 177          |
------------------------------------------
FruitCounts | {'Fruit': 6, 'DecayFruit': 0, 'EnemyFruit': 2} |
----------------------------------------
| rollout/                |            |
|    ep_len_mean          | 143        |
|    ep_rew_mean          | 101        |
| time/                   |            |
|    fps                  | 155        |
|    iterations           | 486        |
|    time_elapsed         | 6411       |
|    total_timesteps      | 995328     |
| train/                  |            |
|    approx_kl            | 0.01151734 |
|    clip_fraction        | 0.0835     |
|    clip_range           | 0.2        |
|    entropy_loss         | -0.271     |
|    explained_variance   | 0.147      |
|    learning_rate        | 0.0003     |
|    loss                 | 47.9       |
|    n_updates            | 4850       |
|    policy_gradient_loss | -0.00394   |
|    value_loss           | 149        |
----------------------------------------
FruitCounts | {'Fruit': 2, 'DecayFruit': 0, 'EnemyFruit': 0} |
-----------------------------------------
| rollout/                |             |
|    ep_len_mean          | 151         |
|    ep_rew_mean          | 106         |
| time/                   |             |
|    fps                  | 155         |
|    iterations           | 487         |
|    time_elapsed         | 6423        |
|    total_timesteps      | 997376      |
| train/                  |             |
|    approx_kl            | 0.009674407 |
|    clip_fraction        | 0.0817      |
|    clip_range           | 0.2         |
|    entropy_loss         | -0.282      |
|    explained_variance   | 0.0509      |
|    learning_rate        | 0.0003      |
|    loss                 | 60.8        |
|    n_updates            | 4860        |
|    policy_gradient_loss | -0.0012     |
|    value_loss           | 169         |
-----------------------------------------
FruitCounts | {'Fruit': 0, 'DecayFruit': 0, 'EnemyFruit': 0} |
-----------------------------------------
| rollout/                |             |
|    ep_len_mean          | 154         |
|    ep_rew_mean          | 106         |
| time/                   |             |
|    fps                  | 155         |
|    iterations           | 488         |
|    time_elapsed         | 6434        |
|    total_timesteps      | 999424      |
| train/                  |             |
|    approx_kl            | 0.015217376 |
|    clip_fraction        | 0.09        |
|    clip_range           | 0.2         |
|    entropy_loss         | -0.279      |
|    explained_variance   | 0.15        |
|    learning_rate        | 0.0003      |
|    loss                 | 84.4        |
|    n_updates            | 4870        |
|    policy_gradient_loss | -0.00309    |
|    value_loss           | 199         |
-----------------------------------------
FruitCounts | {'Fruit': 7, 'DecayFruit': 0, 'EnemyFruit': 2} |
-----------------------------------------
| rollout/                |             |
|    ep_len_mean          | 158         |
|    ep_rew_mean          | 106         |
| time/                   |             |
|    fps                  | 155         |
|    iterations           | 489         |
|    time_elapsed         | 6447        |
|    total_timesteps      | 1001472     |
| train/                  |             |
|    approx_kl            | 0.010379535 |
|    clip_fraction        | 0.0786      |
|    clip_range           | 0.2         |
|    entropy_loss         | -0.283      |
|    explained_variance   | 0.167       |
|    learning_rate        | 0.0003      |
|    loss                 | 89.3        |
|    n_updates            | 4880        |
|    policy_gradient_loss | -0.00244    |
|    value_loss           | 214         |
-----------------------------------------
Average Reward: 42.62
Average Episode Length: 144.5
