/data/class/cs175/sdzhigne/.conda/envs/rl/lib/python3.11/site-packages/pygame/pkgdata.py:25: UserWarning: pkg_resources is deprecated as an API. See https://setuptools.pypa.io/en/latest/pkg_resources.html. The pkg_resources package is slated for removal as early as 2025-11-30. Refrain from using this package or pin to Setuptools<81.
  from pkg_resources import resource_stream, resource_exists
2026-03-04 19:37:20.300561: I tensorflow/core/platform/cpu_feature_guard.cc:210] This TensorFlow binary is optimized to use available CPU instructions in performance-critical operations.
To enable the following instructions: AVX2 AVX512F FMA, in other operations, rebuild TensorFlow with the appropriate compiler flags.
Failed to create secure directory (/run/user/2173138/pulse): No such file or directory
No checkpoints found. Starting fresh training.
Using cuda device
Wrapping the env with a `Monitor` wrapper
Wrapping the env in a DummyVecEnv.
FruitCounts | {'Fruit': 0, 'DecayFruit': 0, 'EnemyFruit': 0} |
---------------------------------
| rollout/           |          |
|    ep_len_mean     | 23.1     |
|    ep_rew_mean     | -9.93    |
| time/              |          |
|    fps             | 73       |
|    iterations      | 1        |
|    time_elapsed    | 27       |
|    total_timesteps | 2048     |
---------------------------------
FruitCounts | {'Fruit': 0, 'DecayFruit': 0, 'EnemyFruit': 0} |
------------------------------------------
| rollout/                |              |
|    ep_len_mean          | 22.1         |
|    ep_rew_mean          | -9.68        |
| time/                   |              |
|    fps                  | 73           |
|    iterations           | 2            |
|    time_elapsed         | 55           |
|    total_timesteps      | 4096         |
| train/                  |              |
|    approx_kl            | 0.0076953247 |
|    clip_fraction        | 0.0646       |
|    clip_range           | 0.2          |
|    entropy_loss         | -1.38        |
|    explained_variance   | 0.00633      |
|    learning_rate        | 0.0003       |
|    loss                 | 5.44         |
|    n_updates            | 10           |
|    policy_gradient_loss | -0.00881     |
|    value_loss           | 12.1         |
------------------------------------------
FruitCounts | {'Fruit': 0, 'DecayFruit': 0, 'EnemyFruit': 0} |
----------------------------------------
| rollout/                |            |
|    ep_len_mean          | 24.4       |
|    ep_rew_mean          | -9.97      |
| time/                   |            |
|    fps                  | 76         |
|    iterations           | 3          |
|    time_elapsed         | 80         |
|    total_timesteps      | 6144       |
| train/                  |            |
|    approx_kl            | 0.00814381 |
|    clip_fraction        | 0.0511     |
|    clip_range           | 0.2        |
|    entropy_loss         | -1.37      |
|    explained_variance   | 0.000519   |
|    learning_rate        | 0.0003     |
|    loss                 | 4.63       |
|    n_updates            | 20         |
|    policy_gradient_loss | -0.00805   |
|    value_loss           | 7.63       |
----------------------------------------
FruitCounts | {'Fruit': 0, 'DecayFruit': 0, 'EnemyFruit': 0} |
-----------------------------------------
| rollout/                |             |
|    ep_len_mean          | 24.5        |
|    ep_rew_mean          | -9.72       |
| time/                   |             |
|    fps                  | 76          |
|    iterations           | 4           |
|    time_elapsed         | 106         |
|    total_timesteps      | 8192        |
| train/                  |             |
|    approx_kl            | 0.008479489 |
|    clip_fraction        | 0.0706      |
|    clip_range           | 0.2         |
|    entropy_loss         | -1.36       |
|    explained_variance   | -0.0155     |
|    learning_rate        | 0.0003      |
|    loss                 | 0.742       |
|    n_updates            | 30          |
|    policy_gradient_loss | -0.01       |
|    value_loss           | 2.66        |
-----------------------------------------
FruitCounts | {'Fruit': 0, 'DecayFruit': 0, 'EnemyFruit': 0} |
------------------------------------------
| rollout/                |              |
|    ep_len_mean          | 28.1         |
|    ep_rew_mean          | -10          |
| time/                   |              |
|    fps                  | 78           |
|    iterations           | 5            |
|    time_elapsed         | 130          |
|    total_timesteps      | 10240        |
| train/                  |              |
|    approx_kl            | 0.0073574586 |
|    clip_fraction        | 0.0408       |
|    clip_range           | 0.2          |
|    entropy_loss         | -1.33        |
|    explained_variance   | -0.0451      |
|    learning_rate        | 0.0003       |
|    loss                 | 2.43         |
|    n_updates            | 40           |
|    policy_gradient_loss | -0.00546     |
|    value_loss           | 4.56         |
------------------------------------------
FruitCounts | {'Fruit': 0, 'DecayFruit': 0, 'EnemyFruit': 0} |
-----------------------------------------
| rollout/                |             |
|    ep_len_mean          | 32          |
|    ep_rew_mean          | -9.98       |
| time/                   |             |
|    fps                  | 81          |
|    iterations           | 6           |
|    time_elapsed         | 150         |
|    total_timesteps      | 12288       |
| train/                  |             |
|    approx_kl            | 0.010470683 |
|    clip_fraction        | 0.0863      |
|    clip_range           | 0.2         |
|    entropy_loss         | -1.29       |
|    explained_variance   | 0.0303      |
|    learning_rate        | 0.0003      |
|    loss                 | 0.64        |
|    n_updates            | 50          |
|    policy_gradient_loss | -0.0107     |
|    value_loss           | 1.34        |
-----------------------------------------
FruitCounts | {'Fruit': 0, 'DecayFruit': 1, 'EnemyFruit': 1} |
----------------------------------------
| rollout/                |            |
|    ep_len_mean          | 35         |
|    ep_rew_mean          | -10        |
| time/                   |            |
|    fps                  | 83         |
|    iterations           | 7          |
|    time_elapsed         | 171        |
|    total_timesteps      | 14336      |
| train/                  |            |
|    approx_kl            | 0.00968952 |
|    clip_fraction        | 0.0672     |
|    clip_range           | 0.2        |
|    entropy_loss         | -1.26      |
|    explained_variance   | -0.00566   |
|    learning_rate        | 0.0003     |
|    loss                 | 1.75       |
|    n_updates            | 60         |
|    policy_gradient_loss | -0.00763   |
|    value_loss           | 4.77       |
----------------------------------------
FruitCounts | {'Fruit': 0, 'DecayFruit': 0, 'EnemyFruit': 1} |
-----------------------------------------
| rollout/                |             |
|    ep_len_mean          | 36.6        |
|    ep_rew_mean          | -9.27       |
| time/                   |             |
|    fps                  | 85          |
|    iterations           | 8           |
|    time_elapsed         | 190         |
|    total_timesteps      | 16384       |
| train/                  |             |
|    approx_kl            | 0.005245555 |
|    clip_fraction        | 0.0697      |
|    clip_range           | 0.2         |
|    entropy_loss         | -1.23       |
|    explained_variance   | -0.0406     |
|    learning_rate        | 0.0003      |
|    loss                 | 1           |
|    n_updates            | 70          |
|    policy_gradient_loss | -0.00806    |
|    value_loss           | 5.13        |
-----------------------------------------
FruitCounts | {'Fruit': 0, 'DecayFruit': 0, 'EnemyFruit': 0} |
------------------------------------------
| rollout/                |              |
|    ep_len_mean          | 47.4         |
|    ep_rew_mean          | -9.36        |
| time/                   |              |
|    fps                  | 89           |
|    iterations           | 9            |
|    time_elapsed         | 205          |
|    total_timesteps      | 18432        |
| train/                  |              |
|    approx_kl            | 0.0073859487 |
|    clip_fraction        | 0.024        |
|    clip_range           | 0.2          |
|    entropy_loss         | -1.2         |
|    explained_variance   | 0.00461      |
|    learning_rate        | 0.0003       |
|    loss                 | 6.47         |
|    n_updates            | 80           |
|    policy_gradient_loss | -0.00374     |
|    value_loss           | 12.4         |
------------------------------------------
FruitCounts | {'Fruit': 0, 'DecayFruit': 0, 'EnemyFruit': 0} |
-----------------------------------------
| rollout/                |             |
|    ep_len_mean          | 53          |
|    ep_rew_mean          | -10.1       |
| time/                   |             |
|    fps                  | 92          |
|    iterations           | 10          |
|    time_elapsed         | 222         |
|    total_timesteps      | 20480       |
| train/                  |             |
|    approx_kl            | 0.009215439 |
|    clip_fraction        | 0.0872      |
|    clip_range           | 0.2         |
|    entropy_loss         | -1.19       |
|    explained_variance   | -0.0322     |
|    learning_rate        | 0.0003      |
|    loss                 | 0.743       |
|    n_updates            | 90          |
|    policy_gradient_loss | -0.00887    |
|    value_loss           | 2.42        |
-----------------------------------------
FruitCounts | {'Fruit': 0, 'DecayFruit': 0, 'EnemyFruit': 1} |
-----------------------------------------
| rollout/                |             |
|    ep_len_mean          | 57.6        |
|    ep_rew_mean          | -10.6       |
| time/                   |             |
|    fps                  | 94          |
|    iterations           | 11          |
|    time_elapsed         | 238         |
|    total_timesteps      | 22528       |
| train/                  |             |
|    approx_kl            | 0.007219846 |
|    clip_fraction        | 0.0756      |
|    clip_range           | 0.2         |
|    entropy_loss         | -1.16       |
|    explained_variance   | 0.0406      |
|    learning_rate        | 0.0003      |
|    loss                 | 0.767       |
|    n_updates            | 100         |
|    policy_gradient_loss | -0.00761    |
|    value_loss           | 1.18        |
-----------------------------------------
FruitCounts | {'Fruit': 0, 'DecayFruit': 0, 'EnemyFruit': 2} |
-----------------------------------------
| rollout/                |             |
|    ep_len_mean          | 67.8        |
|    ep_rew_mean          | -10.7       |
| time/                   |             |
|    fps                  | 98          |
|    iterations           | 12          |
|    time_elapsed         | 249         |
|    total_timesteps      | 24576       |
| train/                  |             |
|    approx_kl            | 0.008893258 |
|    clip_fraction        | 0.118       |
|    clip_range           | 0.2         |
|    entropy_loss         | -1.16       |
|    explained_variance   | 0.0969      |
|    learning_rate        | 0.0003      |
|    loss                 | 0.47        |
|    n_updates            | 110         |
|    policy_gradient_loss | -0.0123     |
|    value_loss           | 1.14        |
-----------------------------------------
FruitCounts | {'Fruit': 1, 'DecayFruit': 0, 'EnemyFruit': 3} |
-----------------------------------------
| rollout/                |             |
|    ep_len_mean          | 73.4        |
|    ep_rew_mean          | -10.3       |
| time/                   |             |
|    fps                  | 101         |
|    iterations           | 13          |
|    time_elapsed         | 261         |
|    total_timesteps      | 26624       |
| train/                  |             |
|    approx_kl            | 0.009488106 |
|    clip_fraction        | 0.122       |
|    clip_range           | 0.2         |
|    entropy_loss         | -1.16       |
|    explained_variance   | 0.14        |
|    learning_rate        | 0.0003      |
|    loss                 | 0.455       |
|    n_updates            | 120         |
|    policy_gradient_loss | -0.0104     |
|    value_loss           | 1.42        |
-----------------------------------------
FruitCounts | {'Fruit': 0, 'DecayFruit': 1, 'EnemyFruit': 0} |
-----------------------------------------
| rollout/                |             |
|    ep_len_mean          | 93.5        |
|    ep_rew_mean          | -10.5       |
| time/                   |             |
|    fps                  | 105         |
|    iterations           | 14          |
|    time_elapsed         | 272         |
|    total_timesteps      | 28672       |
| train/                  |             |
|    approx_kl            | 0.012471114 |
|    clip_fraction        | 0.112       |
|    clip_range           | 0.2         |
|    entropy_loss         | -1.12       |
|    explained_variance   | 0.0312      |
|    learning_rate        | 0.0003      |
|    loss                 | 1.88        |
|    n_updates            | 130         |
|    policy_gradient_loss | -0.0114     |
|    value_loss           | 4.69        |
-----------------------------------------
FruitCounts | {'Fruit': 0, 'DecayFruit': 0, 'EnemyFruit': 0} |
-----------------------------------------
| rollout/                |             |
|    ep_len_mean          | 102         |
|    ep_rew_mean          | -9.3        |
| time/                   |             |
|    fps                  | 108         |
|    iterations           | 15          |
|    time_elapsed         | 284         |
|    total_timesteps      | 30720       |
| train/                  |             |
|    approx_kl            | 0.008468792 |
|    clip_fraction        | 0.0574      |
|    clip_range           | 0.2         |
|    entropy_loss         | -1.13       |
|    explained_variance   | 0.054       |
|    learning_rate        | 0.0003      |
|    loss                 | 0.309       |
|    n_updates            | 140         |
|    policy_gradient_loss | -0.00831    |
|    value_loss           | 2.47        |
-----------------------------------------
FruitCounts | {'Fruit': 0, 'DecayFruit': 0, 'EnemyFruit': 2} |
------------------------------------------
| rollout/                |              |
|    ep_len_mean          | 114          |
|    ep_rew_mean          | -9.44        |
| time/                   |              |
|    fps                  | 111          |
|    iterations           | 16           |
|    time_elapsed         | 293          |
|    total_timesteps      | 32768        |
| train/                  |              |
|    approx_kl            | 0.0082597695 |
|    clip_fraction        | 0.0788       |
|    clip_range           | 0.2          |
|    entropy_loss         | -1.07        |
|    explained_variance   | -0.021       |
|    learning_rate        | 0.0003       |
|    loss                 | 3.76         |
|    n_updates            | 150          |
|    policy_gradient_loss | -0.00887     |
|    value_loss           | 9            |
------------------------------------------
FruitCounts | {'Fruit': 0, 'DecayFruit': 0, 'EnemyFruit': 0} |
-----------------------------------------
| rollout/                |             |
|    ep_len_mean          | 127         |
|    ep_rew_mean          | -9.51       |
| time/                   |             |
|    fps                  | 114         |
|    iterations           | 17          |
|    time_elapsed         | 303         |
|    total_timesteps      | 34816       |
| train/                  |             |
|    approx_kl            | 0.011454411 |
|    clip_fraction        | 0.14        |
|    clip_range           | 0.2         |
|    entropy_loss         | -1.08       |
|    explained_variance   | -0.0256     |
|    learning_rate        | 0.0003      |
|    loss                 | 0.481       |
|    n_updates            | 160         |
|    policy_gradient_loss | -0.0101     |
|    value_loss           | 1.13        |
-----------------------------------------
FruitCounts | {'Fruit': 0, 'DecayFruit': 0, 'EnemyFruit': 0} |
----------------------------------------
| rollout/                |            |
|    ep_len_mean          | 145        |
|    ep_rew_mean          | -9.51      |
| time/                   |            |
|    fps                  | 117        |
|    iterations           | 18         |
|    time_elapsed         | 313        |
|    total_timesteps      | 36864      |
| train/                  |            |
|    approx_kl            | 0.00982268 |
|    clip_fraction        | 0.0904     |
|    clip_range           | 0.2        |
|    entropy_loss         | -1.05      |
|    explained_variance   | 0.124      |
|    learning_rate        | 0.0003     |
|    loss                 | 1          |
|    n_updates            | 170        |
|    policy_gradient_loss | -0.00728   |
|    value_loss           | 2.01       |
----------------------------------------
FruitCounts | {'Fruit': 0, 'DecayFruit': 0, 'EnemyFruit': 2} |
----------------------------------------
| rollout/                |            |
|    ep_len_mean          | 152        |
|    ep_rew_mean          | -8.93      |
| time/                   |            |
|    fps                  | 120        |
|    iterations           | 19         |
|    time_elapsed         | 323        |
|    total_timesteps      | 38912      |
| train/                  |            |
|    approx_kl            | 0.00970561 |
|    clip_fraction        | 0.136      |
|    clip_range           | 0.2        |
|    entropy_loss         | -1.04      |
|    explained_variance   | 0.0775     |
|    learning_rate        | 0.0003     |
|    loss                 | 1.16       |
|    n_updates            | 180        |
|    policy_gradient_loss | -0.00944   |
|    value_loss           | 1.99       |
----------------------------------------
FruitCounts | {'Fruit': 0, 'DecayFruit': 0, 'EnemyFruit': 1} |
-----------------------------------------
| rollout/                |             |
|    ep_len_mean          | 171         |
|    ep_rew_mean          | -8.76       |
| time/                   |             |
|    fps                  | 123         |
|    iterations           | 20          |
|    time_elapsed         | 332         |
|    total_timesteps      | 40960       |
| train/                  |             |
|    approx_kl            | 0.009666296 |
|    clip_fraction        | 0.06        |
|    clip_range           | 0.2         |
|    entropy_loss         | -1.05       |
|    explained_variance   | -0.0166     |
|    learning_rate        | 0.0003      |
|    loss                 | 6           |
|    n_updates            | 190         |
|    policy_gradient_loss | -0.00543    |
|    value_loss           | 8.39        |
-----------------------------------------
FruitCounts | {'Fruit': 0, 'DecayFruit': 0, 'EnemyFruit': 2} |
-----------------------------------------
| rollout/                |             |
|    ep_len_mean          | 182         |
|    ep_rew_mean          | -8.72       |
| time/                   |             |
|    fps                  | 126         |
|    iterations           | 21          |
|    time_elapsed         | 340         |
|    total_timesteps      | 43008       |
| train/                  |             |
|    approx_kl            | 0.007697561 |
|    clip_fraction        | 0.0873      |
|    clip_range           | 0.2         |
|    entropy_loss         | -1.06       |
|    explained_variance   | 0.00953     |
|    learning_rate        | 0.0003      |
|    loss                 | 0.491       |
|    n_updates            | 200         |
|    policy_gradient_loss | -0.00575    |
|    value_loss           | 4.65        |
-----------------------------------------
FruitCounts | {'Fruit': 0, 'DecayFruit': 0, 'EnemyFruit': 3} |
----------------------------------------
| rollout/                |            |
|    ep_len_mean          | 196        |
|    ep_rew_mean          | -9.11      |
| time/                   |            |
|    fps                  | 128        |
|    iterations           | 22         |
|    time_elapsed         | 350        |
|    total_timesteps      | 45056      |
| train/                  |            |
|    approx_kl            | 0.01277789 |
|    clip_fraction        | 0.14       |
|    clip_range           | 0.2        |
|    entropy_loss         | -1.08      |
|    explained_variance   | 0.023      |
|    learning_rate        | 0.0003     |
|    loss                 | 1.23       |
|    n_updates            | 210        |
|    policy_gradient_loss | -0.0121    |
|    value_loss           | 2.47       |
----------------------------------------
FruitCounts | {'Fruit': 0, 'DecayFruit': 0, 'EnemyFruit': 0} |
------------------------------------------
| rollout/                |              |
|    ep_len_mean          | 210          |
|    ep_rew_mean          | -8.58        |
| time/                   |              |
|    fps                  | 130          |
|    iterations           | 23           |
|    time_elapsed         | 359          |
|    total_timesteps      | 47104        |
| train/                  |              |
|    approx_kl            | 0.0067946436 |
|    clip_fraction        | 0.0739       |
|    clip_range           | 0.2          |
|    entropy_loss         | -1.05        |
|    explained_variance   | 0.00644      |
|    learning_rate        | 0.0003       |
|    loss                 | 0.808        |
|    n_updates            | 220          |
|    policy_gradient_loss | -0.0055      |
|    value_loss           | 4.96         |
------------------------------------------
FruitCounts | {'Fruit': 0, 'DecayFruit': 0, 'EnemyFruit': 0} |
-----------------------------------------
| rollout/                |             |
|    ep_len_mean          | 219         |
|    ep_rew_mean          | -8.69       |
| time/                   |             |
|    fps                  | 133         |
|    iterations           | 24          |
|    time_elapsed         | 367         |
|    total_timesteps      | 49152       |
| train/                  |             |
|    approx_kl            | 0.006126996 |
|    clip_fraction        | 0.077       |
|    clip_range           | 0.2         |
|    entropy_loss         | -1.04       |
|    explained_variance   | -0.00912    |
|    learning_rate        | 0.0003      |
|    loss                 | 2.35        |
|    n_updates            | 230         |
|    policy_gradient_loss | -0.00275    |
|    value_loss           | 7.52        |
-----------------------------------------
FruitCounts | {'Fruit': 0, 'DecayFruit': 0, 'EnemyFruit': 2} |
-----------------------------------------
| rollout/                |             |
|    ep_len_mean          | 221         |
|    ep_rew_mean          | -8.49       |
| time/                   |             |
|    fps                  | 135         |
|    iterations           | 25          |
|    time_elapsed         | 377         |
|    total_timesteps      | 51200       |
| train/                  |             |
|    approx_kl            | 0.010453565 |
|    clip_fraction        | 0.106       |
|    clip_range           | 0.2         |
|    entropy_loss         | -0.998      |
|    explained_variance   | 0.0545      |
|    learning_rate        | 0.0003      |
|    loss                 | 1.84        |
|    n_updates            | 240         |
|    policy_gradient_loss | -0.00474    |
|    value_loss           | 2.54        |
-----------------------------------------
FruitCounts | {'Fruit': 0, 'DecayFruit': 0, 'EnemyFruit': 0} |
----------------------------------------
| rollout/                |            |
|    ep_len_mean          | 238        |
|    ep_rew_mean          | -8.72      |
| time/                   |            |
|    fps                  | 137        |
|    iterations           | 26         |
|    time_elapsed         | 385        |
|    total_timesteps      | 53248      |
| train/                  |            |
|    approx_kl            | 0.01124431 |
|    clip_fraction        | 0.14       |
|    clip_range           | 0.2        |
|    entropy_loss         | -0.979     |
|    explained_variance   | -0.0235    |
|    learning_rate        | 0.0003     |
|    loss                 | 0.717      |
|    n_updates            | 250        |
|    policy_gradient_loss | -0.00917   |
|    value_loss           | 3.93       |
----------------------------------------
FruitCounts | {'Fruit': 1, 'DecayFruit': 0, 'EnemyFruit': 2} |
----------------------------------------
| rollout/                |            |
|    ep_len_mean          | 245        |
|    ep_rew_mean          | -9.43      |
| time/                   |            |
|    fps                  | 140        |
|    iterations           | 27         |
|    time_elapsed         | 394        |
|    total_timesteps      | 55296      |
| train/                  |            |
|    approx_kl            | 0.00782322 |
|    clip_fraction        | 0.0813     |
|    clip_range           | 0.2        |
|    entropy_loss         | -0.99      |
|    explained_variance   | 0.0328     |
|    learning_rate        | 0.0003     |
|    loss                 | 1.38       |
|    n_updates            | 260        |
|    policy_gradient_loss | -0.00439   |
|    value_loss           | 4.17       |
----------------------------------------
FruitCounts | {'Fruit': 0, 'DecayFruit': 0, 'EnemyFruit': 1} |
-----------------------------------------
| rollout/                |             |
|    ep_len_mean          | 262         |
|    ep_rew_mean          | -9.32       |
| time/                   |             |
|    fps                  | 141         |
|    iterations           | 28          |
|    time_elapsed         | 403         |
|    total_timesteps      | 57344       |
| train/                  |             |
|    approx_kl            | 0.008340185 |
|    clip_fraction        | 0.0804      |
|    clip_range           | 0.2         |
|    entropy_loss         | -0.964      |
|    explained_variance   | 0.0245      |
|    learning_rate        | 0.0003      |
|    loss                 | 0.585       |
|    n_updates            | 270         |
|    policy_gradient_loss | -0.00605    |
|    value_loss           | 1.95        |
-----------------------------------------
FruitCounts | {'Fruit': 0, 'DecayFruit': 0, 'EnemyFruit': 0} |
-----------------------------------------
| rollout/                |             |
|    ep_len_mean          | 279         |
|    ep_rew_mean          | -9.36       |
| time/                   |             |
|    fps                  | 144         |
|    iterations           | 29          |
|    time_elapsed         | 412         |
|    total_timesteps      | 59392       |
| train/                  |             |
|    approx_kl            | 0.007907796 |
|    clip_fraction        | 0.0844      |
|    clip_range           | 0.2         |
|    entropy_loss         | -0.909      |
|    explained_variance   | -0.00853    |
|    learning_rate        | 0.0003      |
|    loss                 | 2.84        |
|    n_updates            | 280         |
|    policy_gradient_loss | -0.0048     |
|    value_loss           | 4.24        |
-----------------------------------------
FruitCounts | {'Fruit': 0, 'DecayFruit': 0, 'EnemyFruit': 1} |
-----------------------------------------
| rollout/                |             |
|    ep_len_mean          | 280         |
|    ep_rew_mean          | -8.84       |
| time/                   |             |
|    fps                  | 145         |
|    iterations           | 30          |
|    time_elapsed         | 421         |
|    total_timesteps      | 61440       |
| train/                  |             |
|    approx_kl            | 0.009492952 |
|    clip_fraction        | 0.13        |
|    clip_range           | 0.2         |
|    entropy_loss         | -0.883      |
|    explained_variance   | 0.104       |
|    learning_rate        | 0.0003      |
|    loss                 | 1.73        |
|    n_updates            | 290         |
|    policy_gradient_loss | -0.00789    |
|    value_loss           | 2.25        |
-----------------------------------------
FruitCounts | {'Fruit': 0, 'DecayFruit': 0, 'EnemyFruit': 0} |
------------------------------------------
| rollout/                |              |
|    ep_len_mean          | 282          |
|    ep_rew_mean          | -8.34        |
| time/                   |              |
|    fps                  | 147          |
|    iterations           | 31           |
|    time_elapsed         | 430          |
|    total_timesteps      | 63488        |
| train/                  |              |
|    approx_kl            | 0.0061334567 |
|    clip_fraction        | 0.0568       |
|    clip_range           | 0.2          |
|    entropy_loss         | -0.844       |
|    explained_variance   | 0.102        |
|    learning_rate        | 0.0003       |
|    loss                 | 2.44         |
|    n_updates            | 300          |
|    policy_gradient_loss | -0.00613     |
|    value_loss           | 6.34         |
------------------------------------------
FruitCounts | {'Fruit': 1, 'DecayFruit': 0, 'EnemyFruit': 4} |
-----------------------------------------
| rollout/                |             |
|    ep_len_mean          | 278         |
|    ep_rew_mean          | -8.43       |
| time/                   |             |
|    fps                  | 149         |
|    iterations           | 32          |
|    time_elapsed         | 438         |
|    total_timesteps      | 65536       |
| train/                  |             |
|    approx_kl            | 0.008711403 |
|    clip_fraction        | 0.0702      |
|    clip_range           | 0.2         |
|    entropy_loss         | -0.833      |
|    explained_variance   | -0.0838     |
|    learning_rate        | 0.0003      |
|    loss                 | 2.01        |
|    n_updates            | 310         |
|    policy_gradient_loss | -0.00611    |
|    value_loss           | 6.53        |
-----------------------------------------
FruitCounts | {'Fruit': 1, 'DecayFruit': 1, 'EnemyFruit': 4} |
-----------------------------------------
| rollout/                |             |
|    ep_len_mean          | 292         |
|    ep_rew_mean          | -8.88       |
| time/                   |             |
|    fps                  | 151         |
|    iterations           | 33          |
|    time_elapsed         | 447         |
|    total_timesteps      | 67584       |
| train/                  |             |
|    approx_kl            | 0.011354785 |
|    clip_fraction        | 0.133       |
|    clip_range           | 0.2         |
|    entropy_loss         | -0.878      |
|    explained_variance   | -0.0613     |
|    learning_rate        | 0.0003      |
|    loss                 | 0.33        |
|    n_updates            | 320         |
|    policy_gradient_loss | -0.00923    |
|    value_loss           | 1.2         |
-----------------------------------------
FruitCounts | {'Fruit': 0, 'DecayFruit': 1, 'EnemyFruit': 2} |
-----------------------------------------
| rollout/                |             |
|    ep_len_mean          | 313         |
|    ep_rew_mean          | -8.89       |
| time/                   |             |
|    fps                  | 152         |
|    iterations           | 34          |
|    time_elapsed         | 456         |
|    total_timesteps      | 69632       |
| train/                  |             |
|    approx_kl            | 0.009659553 |
|    clip_fraction        | 0.106       |
|    clip_range           | 0.2         |
|    entropy_loss         | -0.882      |
|    explained_variance   | 0.0356      |
|    learning_rate        | 0.0003      |
|    loss                 | 0.434       |
|    n_updates            | 330         |
|    policy_gradient_loss | -0.0042     |
|    value_loss           | 0.868       |
-----------------------------------------
FruitCounts | {'Fruit': 0, 'DecayFruit': 0, 'EnemyFruit': 0} |
-----------------------------------------
| rollout/                |             |
|    ep_len_mean          | 318         |
|    ep_rew_mean          | -9.14       |
| time/                   |             |
|    fps                  | 153         |
|    iterations           | 35          |
|    time_elapsed         | 465         |
|    total_timesteps      | 71680       |
| train/                  |             |
|    approx_kl            | 0.005632163 |
|    clip_fraction        | 0.0755      |
|    clip_range           | 0.2         |
|    entropy_loss         | -0.81       |
|    explained_variance   | -0.0018     |
|    learning_rate        | 0.0003      |
|    loss                 | 2.57        |
|    n_updates            | 340         |
|    policy_gradient_loss | -0.00512    |
|    value_loss           | 5.61        |
-----------------------------------------
FruitCounts | {'Fruit': 0, 'DecayFruit': 0, 'EnemyFruit': 2} |
------------------------------------------
| rollout/                |              |
|    ep_len_mean          | 308          |
|    ep_rew_mean          | -8.87        |
| time/                   |              |
|    fps                  | 155          |
|    iterations           | 36           |
|    time_elapsed         | 473          |
|    total_timesteps      | 73728        |
| train/                  |              |
|    approx_kl            | 0.0058479775 |
|    clip_fraction        | 0.0604       |
|    clip_range           | 0.2          |
|    entropy_loss         | -0.815       |
|    explained_variance   | 0.0408       |
|    learning_rate        | 0.0003       |
|    loss                 | 0.613        |
|    n_updates            | 350          |
|    policy_gradient_loss | -0.00508     |
|    value_loss           | 1.76         |
------------------------------------------
FruitCounts | {'Fruit': 1, 'DecayFruit': 1, 'EnemyFruit': 1} |
-----------------------------------------
| rollout/                |             |
|    ep_len_mean          | 312         |
|    ep_rew_mean          | -8.21       |
| time/                   |             |
|    fps                  | 157         |
|    iterations           | 37          |
|    time_elapsed         | 482         |
|    total_timesteps      | 75776       |
| train/                  |             |
|    approx_kl            | 0.006294011 |
|    clip_fraction        | 0.0716      |
|    clip_range           | 0.2         |
|    entropy_loss         | -0.806      |
|    explained_variance   | 0.0214      |
|    learning_rate        | 0.0003      |
|    loss                 | 0.805       |
|    n_updates            | 360         |
|    policy_gradient_loss | -0.00454    |
|    value_loss           | 4.4         |
-----------------------------------------
FruitCounts | {'Fruit': 0, 'DecayFruit': 0, 'EnemyFruit': 2} |
------------------------------------------
| rollout/                |              |
|    ep_len_mean          | 325          |
|    ep_rew_mean          | -8.37        |
| time/                   |              |
|    fps                  | 158          |
|    iterations           | 38           |
|    time_elapsed         | 491          |
|    total_timesteps      | 77824        |
| train/                  |              |
|    approx_kl            | 0.0054127043 |
|    clip_fraction        | 0.0813       |
|    clip_range           | 0.2          |
|    entropy_loss         | -0.802       |
|    explained_variance   | -0.0363      |
|    learning_rate        | 0.0003       |
|    loss                 | 4.72         |
|    n_updates            | 370          |
|    policy_gradient_loss | -0.0052      |
|    value_loss           | 9.55         |
------------------------------------------
FruitCounts | {'Fruit': 1, 'DecayFruit': 1, 'EnemyFruit': 4} |
-----------------------------------------
| rollout/                |             |
|    ep_len_mean          | 327         |
|    ep_rew_mean          | -8.42       |
| time/                   |             |
|    fps                  | 159         |
|    iterations           | 39          |
|    time_elapsed         | 499         |
|    total_timesteps      | 79872       |
| train/                  |             |
|    approx_kl            | 0.010048576 |
|    clip_fraction        | 0.0775      |
|    clip_range           | 0.2         |
|    entropy_loss         | -0.806      |
|    explained_variance   | -0.03       |
|    learning_rate        | 0.0003      |
|    loss                 | 1.27        |
|    n_updates            | 380         |
|    policy_gradient_loss | -0.00916    |
|    value_loss           | 4.98        |
-----------------------------------------
FruitCounts | {'Fruit': 0, 'DecayFruit': 0, 'EnemyFruit': 1} |
-----------------------------------------
| rollout/                |             |
|    ep_len_mean          | 324         |
|    ep_rew_mean          | -8.09       |
| time/                   |             |
|    fps                  | 160         |
|    iterations           | 40          |
|    time_elapsed         | 509         |
|    total_timesteps      | 81920       |
| train/                  |             |
|    approx_kl            | 0.012638962 |
|    clip_fraction        | 0.13        |
|    clip_range           | 0.2         |
|    entropy_loss         | -0.829      |
|    explained_variance   | -0.0284     |
|    learning_rate        | 0.0003      |
|    loss                 | 0.163       |
|    n_updates            | 390         |
|    policy_gradient_loss | -0.00546    |
|    value_loss           | 2.84        |
-----------------------------------------
FruitCounts | {'Fruit': 0, 'DecayFruit': 0, 'EnemyFruit': 0} |
-----------------------------------------
| rollout/                |             |
|    ep_len_mean          | 335         |
|    ep_rew_mean          | -7.53       |
| time/                   |             |
|    fps                  | 162         |
|    iterations           | 41          |
|    time_elapsed         | 518         |
|    total_timesteps      | 83968       |
| train/                  |             |
|    approx_kl            | 0.015062826 |
|    clip_fraction        | 0.139       |
|    clip_range           | 0.2         |
|    entropy_loss         | -0.828      |
|    explained_variance   | 0.0148      |
|    learning_rate        | 0.0003      |
|    loss                 | 2.04        |
|    n_updates            | 400         |
|    policy_gradient_loss | -0.00976    |
|    value_loss           | 7.29        |
-----------------------------------------
FruitCounts | {'Fruit': 2, 'DecayFruit': 3, 'EnemyFruit': 9} |
------------------------------------------
| rollout/                |              |
|    ep_len_mean          | 340          |
|    ep_rew_mean          | -7.47        |
| time/                   |              |
|    fps                  | 163          |
|    iterations           | 42           |
|    time_elapsed         | 525          |
|    total_timesteps      | 86016        |
| train/                  |              |
|    approx_kl            | 0.0069548488 |
|    clip_fraction        | 0.083        |
|    clip_range           | 0.2          |
|    entropy_loss         | -0.868       |
|    explained_variance   | -0.00168     |
|    learning_rate        | 0.0003       |
|    loss                 | 1.8          |
|    n_updates            | 410          |
|    policy_gradient_loss | -0.00599     |
|    value_loss           | 6.6          |
------------------------------------------
FruitCounts | {'Fruit': 0, 'DecayFruit': 1, 'EnemyFruit': 3} |
-----------------------------------------
| rollout/                |             |
|    ep_len_mean          | 348         |
|    ep_rew_mean          | -6.76       |
| time/                   |             |
|    fps                  | 165         |
|    iterations           | 43          |
|    time_elapsed         | 533         |
|    total_timesteps      | 88064       |
| train/                  |             |
|    approx_kl            | 0.008516756 |
|    clip_fraction        | 0.112       |
|    clip_range           | 0.2         |
|    entropy_loss         | -0.788      |
|    explained_variance   | 0.0553      |
|    learning_rate        | 0.0003      |
|    loss                 | 2.7         |
|    n_updates            | 420         |
|    policy_gradient_loss | -0.0073     |
|    value_loss           | 5.29        |
-----------------------------------------
FruitCounts | {'Fruit': 0, 'DecayFruit': 0, 'EnemyFruit': 0} |
-----------------------------------------
| rollout/                |             |
|    ep_len_mean          | 363         |
|    ep_rew_mean          | -6.78       |
| time/                   |             |
|    fps                  | 165         |
|    iterations           | 44          |
|    time_elapsed         | 543         |
|    total_timesteps      | 90112       |
| train/                  |             |
|    approx_kl            | 0.008992199 |
|    clip_fraction        | 0.119       |
|    clip_range           | 0.2         |
|    entropy_loss         | -0.841      |
|    explained_variance   | -0.0537     |
|    learning_rate        | 0.0003      |
|    loss                 | 4.12        |
|    n_updates            | 430         |
|    policy_gradient_loss | -0.00676    |
|    value_loss           | 10.3        |
-----------------------------------------
FruitCounts | {'Fruit': 0, 'DecayFruit': 0, 'EnemyFruit': 3} |
------------------------------------------
| rollout/                |              |
|    ep_len_mean          | 363          |
|    ep_rew_mean          | -6.78        |
| time/                   |              |
|    fps                  | 167          |
|    iterations           | 45           |
|    time_elapsed         | 549          |
|    total_timesteps      | 92160        |
| train/                  |              |
|    approx_kl            | 0.0071883514 |
|    clip_fraction        | 0.0793       |
|    clip_range           | 0.2          |
|    entropy_loss         | -0.808       |
|    explained_variance   | 0.0767       |
|    learning_rate        | 0.0003       |
|    loss                 | 3.24         |
|    n_updates            | 440          |
|    policy_gradient_loss | -0.00609     |
|    value_loss           | 4.55         |
------------------------------------------
FruitCounts | {'Fruit': 0, 'DecayFruit': 0, 'EnemyFruit': 0} |
-----------------------------------------
| rollout/                |             |
|    ep_len_mean          | 395         |
|    ep_rew_mean          | -7.05       |
| time/                   |             |
|    fps                  | 168         |
|    iterations           | 46          |
|    time_elapsed         | 560         |
|    total_timesteps      | 94208       |
| train/                  |             |
|    approx_kl            | 0.010418588 |
|    clip_fraction        | 0.136       |
|    clip_range           | 0.2         |
|    entropy_loss         | -0.787      |
|    explained_variance   | -0.612      |
|    learning_rate        | 0.0003      |
|    loss                 | -0.00571    |
|    n_updates            | 450         |
|    policy_gradient_loss | -0.00882    |
|    value_loss           | 0.0343      |
-----------------------------------------
FruitCounts | {'Fruit': 0, 'DecayFruit': 1, 'EnemyFruit': 3} |
------------------------------------------
| rollout/                |              |
|    ep_len_mean          | 393          |
|    ep_rew_mean          | -6.94        |
| time/                   |              |
|    fps                  | 169          |
|    iterations           | 47           |
|    time_elapsed         | 569          |
|    total_timesteps      | 96256        |
| train/                  |              |
|    approx_kl            | 0.0070635015 |
|    clip_fraction        | 0.0638       |
|    clip_range           | 0.2          |
|    entropy_loss         | -0.721       |
|    explained_variance   | 0.0326       |
|    learning_rate        | 0.0003       |
|    loss                 | 0.681        |
|    n_updates            | 460          |
|    policy_gradient_loss | -0.0065      |
|    value_loss           | 7.16         |
------------------------------------------
FruitCounts | {'Fruit': 0, 'DecayFruit': 0, 'EnemyFruit': 1} |
-----------------------------------------
| rollout/                |             |
|    ep_len_mean          | 378         |
|    ep_rew_mean          | -7.34       |
| time/                   |             |
|    fps                  | 170         |
|    iterations           | 48          |
|    time_elapsed         | 577         |
|    total_timesteps      | 98304       |
| train/                  |             |
|    approx_kl            | 0.007975316 |
|    clip_fraction        | 0.0836      |
|    clip_range           | 0.2         |
|    entropy_loss         | -0.729      |
|    explained_variance   | 0.0272      |
|    learning_rate        | 0.0003      |
|    loss                 | 0.805       |
|    n_updates            | 470         |
|    policy_gradient_loss | -0.00511    |
|    value_loss           | 2.94        |
-----------------------------------------
FruitCounts | {'Fruit': 0, 'DecayFruit': 0, 'EnemyFruit': 1} |
-----------------------------------------
| rollout/                |             |
|    ep_len_mean          | 394         |
|    ep_rew_mean          | -7.04       |
| time/                   |             |
|    fps                  | 170         |
|    iterations           | 49          |
|    time_elapsed         | 587         |
|    total_timesteps      | 100352      |
| train/                  |             |
|    approx_kl            | 0.008364049 |
|    clip_fraction        | 0.117       |
|    clip_range           | 0.2         |
|    entropy_loss         | -0.736      |
|    explained_variance   | -0.0456     |
|    learning_rate        | 0.0003      |
|    loss                 | 1.01        |
|    n_updates            | 480         |
|    policy_gradient_loss | -0.0061     |
|    value_loss           | 4.66        |
-----------------------------------------
FruitCounts | {'Fruit': 0, 'DecayFruit': 0, 'EnemyFruit': 1} |
-----------------------------------------
| rollout/                |             |
|    ep_len_mean          | 409         |
|    ep_rew_mean          | -7.01       |
| time/                   |             |
|    fps                  | 172         |
|    iterations           | 50          |
|    time_elapsed         | 594         |
|    total_timesteps      | 102400      |
| train/                  |             |
|    approx_kl            | 0.005082094 |
|    clip_fraction        | 0.055       |
|    clip_range           | 0.2         |
|    entropy_loss         | -0.676      |
|    explained_variance   | 0.0303      |
|    learning_rate        | 0.0003      |
|    loss                 | 3.43        |
|    n_updates            | 490         |
|    policy_gradient_loss | -0.00496    |
|    value_loss           | 7.09        |
-----------------------------------------
FruitCounts | {'Fruit': 1, 'DecayFruit': 2, 'EnemyFruit': 0} |
------------------------------------------
| rollout/                |              |
|    ep_len_mean          | 418          |
|    ep_rew_mean          | -7.46        |
| time/                   |              |
|    fps                  | 173          |
|    iterations           | 51           |
|    time_elapsed         | 602          |
|    total_timesteps      | 104448       |
| train/                  |              |
|    approx_kl            | 0.0072990465 |
|    clip_fraction        | 0.0818       |
|    clip_range           | 0.2          |
|    entropy_loss         | -0.711       |
|    explained_variance   | -0.0863      |
|    learning_rate        | 0.0003       |
|    loss                 | 0.231        |
|    n_updates            | 500          |
|    policy_gradient_loss | -0.00574     |
|    value_loss           | 1.53         |
------------------------------------------
FruitCounts | {'Fruit': 1, 'DecayFruit': 0, 'EnemyFruit': 1} |
-----------------------------------------
| rollout/                |             |
|    ep_len_mean          | 434         |
|    ep_rew_mean          | -7.69       |
| time/                   |             |
|    fps                  | 174         |
|    iterations           | 52          |
|    time_elapsed         | 611         |
|    total_timesteps      | 106496      |
| train/                  |             |
|    approx_kl            | 0.011513457 |
|    clip_fraction        | 0.105       |
|    clip_range           | 0.2         |
|    entropy_loss         | -0.678      |
|    explained_variance   | 0.0328      |
|    learning_rate        | 0.0003      |
|    loss                 | 0.201       |
|    n_updates            | 510         |
|    policy_gradient_loss | -0.00923    |
|    value_loss           | 1.52        |
-----------------------------------------
FruitCounts | {'Fruit': 2, 'DecayFruit': 0, 'EnemyFruit': 1} |
------------------------------------------
| rollout/                |              |
|    ep_len_mean          | 438          |
|    ep_rew_mean          | -7.01        |
| time/                   |              |
|    fps                  | 174          |
|    iterations           | 53           |
|    time_elapsed         | 620          |
|    total_timesteps      | 108544       |
| train/                  |              |
|    approx_kl            | 0.0075319116 |
|    clip_fraction        | 0.0898       |
|    clip_range           | 0.2          |
|    entropy_loss         | -0.664       |
|    explained_variance   | 0.049        |
|    learning_rate        | 0.0003       |
|    loss                 | 1.78         |
|    n_updates            | 520          |
|    policy_gradient_loss | -0.00733     |
|    value_loss           | 1.68         |
------------------------------------------
FruitCounts | {'Fruit': 0, 'DecayFruit': 0, 'EnemyFruit': 3} |
-----------------------------------------
| rollout/                |             |
|    ep_len_mean          | 434         |
|    ep_rew_mean          | -6.61       |
| time/                   |             |
|    fps                  | 175         |
|    iterations           | 54          |
|    time_elapsed         | 628         |
|    total_timesteps      | 110592      |
| train/                  |             |
|    approx_kl            | 0.004534455 |
|    clip_fraction        | 0.0601      |
|    clip_range           | 0.2         |
|    entropy_loss         | -0.719      |
|    explained_variance   | 0.0122      |
|    learning_rate        | 0.0003      |
|    loss                 | 2.23        |
|    n_updates            | 530         |
|    policy_gradient_loss | -0.0029     |
|    value_loss           | 6.87        |
-----------------------------------------
FruitCounts | {'Fruit': 0, 'DecayFruit': 1, 'EnemyFruit': 0} |
-----------------------------------------
| rollout/                |             |
|    ep_len_mean          | 446         |
|    ep_rew_mean          | -6.97       |
| time/                   |             |
|    fps                  | 176         |
|    iterations           | 55          |
|    time_elapsed         | 637         |
|    total_timesteps      | 112640      |
| train/                  |             |
|    approx_kl            | 0.010860684 |
|    clip_fraction        | 0.101       |
|    clip_range           | 0.2         |
|    entropy_loss         | -0.708      |
|    explained_variance   | 0.0299      |
|    learning_rate        | 0.0003      |
|    loss                 | 1.15        |
|    n_updates            | 540         |
|    policy_gradient_loss | -0.00659    |
|    value_loss           | 2.65        |
-----------------------------------------
FruitCounts | {'Fruit': 0, 'DecayFruit': 0, 'EnemyFruit': 1} |
-----------------------------------------
| rollout/                |             |
|    ep_len_mean          | 453         |
|    ep_rew_mean          | -7.02       |
| time/                   |             |
|    fps                  | 177         |
|    iterations           | 56          |
|    time_elapsed         | 645         |
|    total_timesteps      | 114688      |
| train/                  |             |
|    approx_kl            | 0.007079676 |
|    clip_fraction        | 0.0823      |
|    clip_range           | 0.2         |
|    entropy_loss         | -0.746      |
|    explained_variance   | 0.0807      |
|    learning_rate        | 0.0003      |
|    loss                 | 0.386       |
|    n_updates            | 550         |
|    policy_gradient_loss | -0.00529    |
|    value_loss           | 1.99        |
-----------------------------------------
FruitCounts | {'Fruit': 0, 'DecayFruit': 2, 'EnemyFruit': 6} |
-----------------------------------------
| rollout/                |             |
|    ep_len_mean          | 457         |
|    ep_rew_mean          | -7.13       |
| time/                   |             |
|    fps                  | 178         |
|    iterations           | 57          |
|    time_elapsed         | 653         |
|    total_timesteps      | 116736      |
| train/                  |             |
|    approx_kl            | 0.007231403 |
|    clip_fraction        | 0.0813      |
|    clip_range           | 0.2         |
|    entropy_loss         | -0.719      |
|    explained_variance   | -0.0383     |
|    learning_rate        | 0.0003      |
|    loss                 | 2.25        |
|    n_updates            | 560         |
|    policy_gradient_loss | -0.00742    |
|    value_loss           | 4.38        |
-----------------------------------------
FruitCounts | {'Fruit': 1, 'DecayFruit': 2, 'EnemyFruit': 3} |
------------------------------------------
| rollout/                |              |
|    ep_len_mean          | 467          |
|    ep_rew_mean          | -6.66        |
| time/                   |              |
|    fps                  | 179          |
|    iterations           | 58           |
|    time_elapsed         | 661          |
|    total_timesteps      | 118784       |
| train/                  |              |
|    approx_kl            | 0.0076954337 |
|    clip_fraction        | 0.0892       |
|    clip_range           | 0.2          |
|    entropy_loss         | -0.733       |
|    explained_variance   | -0.0469      |
|    learning_rate        | 0.0003       |
|    loss                 | 1.86         |
|    n_updates            | 570          |
|    policy_gradient_loss | -0.0063      |
|    value_loss           | 4.28         |
------------------------------------------
FruitCounts | {'Fruit': 1, 'DecayFruit': 2, 'EnemyFruit': 0} |
-----------------------------------------
| rollout/                |             |
|    ep_len_mean          | 464         |
|    ep_rew_mean          | -6.48       |
| time/                   |             |
|    fps                  | 180         |
|    iterations           | 59          |
|    time_elapsed         | 670         |
|    total_timesteps      | 120832      |
| train/                  |             |
|    approx_kl            | 0.009825436 |
|    clip_fraction        | 0.0732      |
|    clip_range           | 0.2         |
|    entropy_loss         | -0.683      |
|    explained_variance   | 0.0122      |
|    learning_rate        | 0.0003      |
|    loss                 | 2.39        |
|    n_updates            | 580         |
|    policy_gradient_loss | -0.00252    |
|    value_loss           | 8.1         |
-----------------------------------------
FruitCounts | {'Fruit': 1, 'DecayFruit': 2, 'EnemyFruit': 5} |
-----------------------------------------
| rollout/                |             |
|    ep_len_mean          | 476         |
|    ep_rew_mean          | -6.59       |
| time/                   |             |
|    fps                  | 181         |
|    iterations           | 60          |
|    time_elapsed         | 678         |
|    total_timesteps      | 122880      |
| train/                  |             |
|    approx_kl            | 0.007823672 |
|    clip_fraction        | 0.0864      |
|    clip_range           | 0.2         |
|    entropy_loss         | -0.654      |
|    explained_variance   | -0.0308     |
|    learning_rate        | 0.0003      |
|    loss                 | 2.95        |
|    n_updates            | 590         |
|    policy_gradient_loss | -0.00833    |
|    value_loss           | 7.01        |
-----------------------------------------
FruitCounts | {'Fruit': 1, 'DecayFruit': 0, 'EnemyFruit': 1} |
------------------------------------------
| rollout/                |              |
|    ep_len_mean          | 478          |
|    ep_rew_mean          | -6.29        |
| time/                   |              |
|    fps                  | 181          |
|    iterations           | 61           |
|    time_elapsed         | 687          |
|    total_timesteps      | 124928       |
| train/                  |              |
|    approx_kl            | 0.0076200385 |
|    clip_fraction        | 0.0939       |
|    clip_range           | 0.2          |
|    entropy_loss         | -0.651       |
|    explained_variance   | -0.0351      |
|    learning_rate        | 0.0003       |
|    loss                 | 0.954        |
|    n_updates            | 600          |
|    policy_gradient_loss | -0.00443     |
|    value_loss           | 2.98         |
------------------------------------------
FruitCounts | {'Fruit': 1, 'DecayFruit': 0, 'EnemyFruit': 1} |
------------------------------------------
| rollout/                |              |
|    ep_len_mean          | 488          |
|    ep_rew_mean          | -5.6         |
| time/                   |              |
|    fps                  | 182          |
|    iterations           | 62           |
|    time_elapsed         | 695          |
|    total_timesteps      | 126976       |
| train/                  |              |
|    approx_kl            | 0.0062916474 |
|    clip_fraction        | 0.073        |
|    clip_range           | 0.2          |
|    entropy_loss         | -0.633       |
|    explained_variance   | 0.0278       |
|    learning_rate        | 0.0003       |
|    loss                 | 3.49         |
|    n_updates            | 610          |
|    policy_gradient_loss | -0.00451     |
|    value_loss           | 8.01         |
------------------------------------------
FruitCounts | {'Fruit': 0, 'DecayFruit': 0, 'EnemyFruit': 1} |
------------------------------------------
| rollout/                |              |
|    ep_len_mean          | 484          |
|    ep_rew_mean          | -5.66        |
| time/                   |              |
|    fps                  | 183          |
|    iterations           | 63           |
|    time_elapsed         | 703          |
|    total_timesteps      | 129024       |
| train/                  |              |
|    approx_kl            | 0.0070318016 |
|    clip_fraction        | 0.0518       |
|    clip_range           | 0.2          |
|    entropy_loss         | -0.633       |
|    explained_variance   | 0.00678      |
|    learning_rate        | 0.0003       |
|    loss                 | 6.3          |
|    n_updates            | 620          |
|    policy_gradient_loss | -0.00516     |
|    value_loss           | 12.9         |
------------------------------------------
FruitCounts | {'Fruit': 0, 'DecayFruit': 0, 'EnemyFruit': 1} |
------------------------------------------
| rollout/                |              |
|    ep_len_mean          | 493          |
|    ep_rew_mean          | -5.55        |
| time/                   |              |
|    fps                  | 184          |
|    iterations           | 64           |
|    time_elapsed         | 711          |
|    total_timesteps      | 131072       |
| train/                  |              |
|    approx_kl            | 0.0077025667 |
|    clip_fraction        | 0.0814       |
|    clip_range           | 0.2          |
|    entropy_loss         | -0.61        |
|    explained_variance   | 0.0402       |
|    learning_rate        | 0.0003       |
|    loss                 | 1.28         |
|    n_updates            | 630          |
|    policy_gradient_loss | -0.00751     |
|    value_loss           | 6.19         |
------------------------------------------
FruitCounts | {'Fruit': 0, 'DecayFruit': 3, 'EnemyFruit': 2} |
------------------------------------------
| rollout/                |              |
|    ep_len_mean          | 494          |
|    ep_rew_mean          | -6.16        |
| time/                   |              |
|    fps                  | 184          |
|    iterations           | 65           |
|    time_elapsed         | 720          |
|    total_timesteps      | 133120       |
| train/                  |              |
|    approx_kl            | 0.0076097716 |
|    clip_fraction        | 0.091        |
|    clip_range           | 0.2          |
|    entropy_loss         | -0.615       |
|    explained_variance   | 0.0853       |
|    learning_rate        | 0.0003       |
|    loss                 | 0.676        |
|    n_updates            | 640          |
|    policy_gradient_loss | -0.00451     |
|    value_loss           | 2.93         |
------------------------------------------
FruitCounts | {'Fruit': 0, 'DecayFruit': 1, 'EnemyFruit': 1} |
-----------------------------------------
| rollout/                |             |
|    ep_len_mean          | 490         |
|    ep_rew_mean          | -6.4        |
| time/                   |             |
|    fps                  | 185         |
|    iterations           | 66          |
|    time_elapsed         | 729         |
|    total_timesteps      | 135168      |
| train/                  |             |
|    approx_kl            | 0.008454785 |
|    clip_fraction        | 0.0871      |
|    clip_range           | 0.2         |
|    entropy_loss         | -0.559      |
|    explained_variance   | 0.0969      |
|    learning_rate        | 0.0003      |
|    loss                 | 10.5        |
|    n_updates            | 650         |
|    policy_gradient_loss | -0.00587    |
|    value_loss           | 10.1        |
-----------------------------------------
FruitCounts | {'Fruit': 1, 'DecayFruit': 1, 'EnemyFruit': 3} |
-----------------------------------------
| rollout/                |             |
|    ep_len_mean          | 477         |
|    ep_rew_mean          | -6.54       |
| time/                   |             |
|    fps                  | 185         |
|    iterations           | 67          |
|    time_elapsed         | 738         |
|    total_timesteps      | 137216      |
| train/                  |             |
|    approx_kl            | 0.007153133 |
|    clip_fraction        | 0.0769      |
|    clip_range           | 0.2         |
|    entropy_loss         | -0.524      |
|    explained_variance   | 0.159       |
|    learning_rate        | 0.0003      |
|    loss                 | 1.44        |
|    n_updates            | 660         |
|    policy_gradient_loss | -0.00647    |
|    value_loss           | 4.97        |
-----------------------------------------
FruitCounts | {'Fruit': 0, 'DecayFruit': 0, 'EnemyFruit': 1} |
-----------------------------------------
| rollout/                |             |
|    ep_len_mean          | 452         |
|    ep_rew_mean          | -6.05       |
| time/                   |             |
|    fps                  | 186         |
|    iterations           | 68          |
|    time_elapsed         | 746         |
|    total_timesteps      | 139264      |
| train/                  |             |
|    approx_kl            | 0.007083875 |
|    clip_fraction        | 0.0716      |
|    clip_range           | 0.2         |
|    entropy_loss         | -0.508      |
|    explained_variance   | 0.0153      |
|    learning_rate        | 0.0003      |
|    loss                 | 3.08        |
|    n_updates            | 670         |
|    policy_gradient_loss | -0.00505    |
|    value_loss           | 7.26        |
-----------------------------------------
FruitCounts | {'Fruit': 0, 'DecayFruit': 0, 'EnemyFruit': 1} |
-----------------------------------------
| rollout/                |             |
|    ep_len_mean          | 468         |
|    ep_rew_mean          | -6.55       |
| time/                   |             |
|    fps                  | 187         |
|    iterations           | 69          |
|    time_elapsed         | 754         |
|    total_timesteps      | 141312      |
| train/                  |             |
|    approx_kl            | 0.010436931 |
|    clip_fraction        | 0.0944      |
|    clip_range           | 0.2         |
|    entropy_loss         | -0.515      |
|    explained_variance   | -0.208      |
|    learning_rate        | 0.0003      |
|    loss                 | 0.583       |
|    n_updates            | 680         |
|    policy_gradient_loss | -0.00127    |
|    value_loss           | 0.795       |
-----------------------------------------
FruitCounts | {'Fruit': 0, 'DecayFruit': 0, 'EnemyFruit': 0} |
------------------------------------------
| rollout/                |              |
|    ep_len_mean          | 483          |
|    ep_rew_mean          | -6.6         |
| time/                   |              |
|    fps                  | 187          |
|    iterations           | 70           |
|    time_elapsed         | 763          |
|    total_timesteps      | 143360       |
| train/                  |              |
|    approx_kl            | 0.0068323025 |
|    clip_fraction        | 0.0862       |
|    clip_range           | 0.2          |
|    entropy_loss         | -0.483       |
|    explained_variance   | -0.000159    |
|    learning_rate        | 0.0003       |
|    loss                 | 0.468        |
|    n_updates            | 690          |
|    policy_gradient_loss | -0.00352     |
|    value_loss           | 1.97         |
------------------------------------------
FruitCounts | {'Fruit': 0, 'DecayFruit': 2, 'EnemyFruit': 4} |
-----------------------------------------
| rollout/                |             |
|    ep_len_mean          | 482         |
|    ep_rew_mean          | -6.43       |
| time/                   |             |
|    fps                  | 188         |
|    iterations           | 71          |
|    time_elapsed         | 771         |
|    total_timesteps      | 145408      |
| train/                  |             |
|    approx_kl            | 0.008092085 |
|    clip_fraction        | 0.0628      |
|    clip_range           | 0.2         |
|    entropy_loss         | -0.463      |
|    explained_variance   | -0.042      |
|    learning_rate        | 0.0003      |
|    loss                 | 0.467       |
|    n_updates            | 700         |
|    policy_gradient_loss | -0.00451    |
|    value_loss           | 1.98        |
-----------------------------------------
FruitCounts | {'Fruit': 0, 'DecayFruit': 2, 'EnemyFruit': 3} |
-----------------------------------------
| rollout/                |             |
|    ep_len_mean          | 476         |
|    ep_rew_mean          | -6.05       |
| time/                   |             |
|    fps                  | 188         |
|    iterations           | 72          |
|    time_elapsed         | 780         |
|    total_timesteps      | 147456      |
| train/                  |             |
|    approx_kl            | 0.005302746 |
|    clip_fraction        | 0.0529      |
|    clip_range           | 0.2         |
|    entropy_loss         | -0.481      |
|    explained_variance   | 0.00757     |
|    learning_rate        | 0.0003      |
|    loss                 | 10.2        |
|    n_updates            | 710         |
|    policy_gradient_loss | -0.004      |
|    value_loss           | 11.2        |
-----------------------------------------
FruitCounts | {'Fruit': 0, 'DecayFruit': 1, 'EnemyFruit': 3} |
-----------------------------------------
| rollout/                |             |
|    ep_len_mean          | 485         |
|    ep_rew_mean          | -5.84       |
| time/                   |             |
|    fps                  | 189         |
|    iterations           | 73          |
|    time_elapsed         | 788         |
|    total_timesteps      | 149504      |
| train/                  |             |
|    approx_kl            | 0.006958762 |
|    clip_fraction        | 0.0497      |
|    clip_range           | 0.2         |
|    entropy_loss         | -0.471      |
|    explained_variance   | 0.0535      |
|    learning_rate        | 0.0003      |
|    loss                 | 4.12        |
|    n_updates            | 720         |
|    policy_gradient_loss | -0.00336    |
|    value_loss           | 9.16        |
-----------------------------------------
FruitCounts | {'Fruit': 0, 'DecayFruit': 0, 'EnemyFruit': 0} |
-----------------------------------------
| rollout/                |             |
|    ep_len_mean          | 489         |
|    ep_rew_mean          | -5.4        |
| time/                   |             |
|    fps                  | 190         |
|    iterations           | 74          |
|    time_elapsed         | 797         |
|    total_timesteps      | 151552      |
| train/                  |             |
|    approx_kl            | 0.006984951 |
|    clip_fraction        | 0.0715      |
|    clip_range           | 0.2         |
|    entropy_loss         | -0.47       |
|    explained_variance   | 0.0378      |
|    learning_rate        | 0.0003      |
|    loss                 | 0.567       |
|    n_updates            | 730         |
|    policy_gradient_loss | -0.00295    |
|    value_loss           | 4.28        |
-----------------------------------------
FruitCounts | {'Fruit': 0, 'DecayFruit': 1, 'EnemyFruit': 2} |
------------------------------------------
| rollout/                |              |
|    ep_len_mean          | 485          |
|    ep_rew_mean          | -4.47        |
| time/                   |              |
|    fps                  | 190          |
|    iterations           | 75           |
|    time_elapsed         | 806          |
|    total_timesteps      | 153600       |
| train/                  |              |
|    approx_kl            | 0.0069745136 |
|    clip_fraction        | 0.0563       |
|    clip_range           | 0.2          |
|    entropy_loss         | -0.471       |
|    explained_variance   | 0.0227       |
|    learning_rate        | 0.0003       |
|    loss                 | 1.77         |
|    n_updates            | 740          |
|    policy_gradient_loss | -0.00187     |
|    value_loss           | 6.56         |
------------------------------------------
FruitCounts | {'Fruit': 0, 'DecayFruit': 1, 'EnemyFruit': 0} |
------------------------------------------
| rollout/                |              |
|    ep_len_mean          | 484          |
|    ep_rew_mean          | -4.61        |
| time/                   |              |
|    fps                  | 190          |
|    iterations           | 76           |
|    time_elapsed         | 815          |
|    total_timesteps      | 155648       |
| train/                  |              |
|    approx_kl            | 0.0047827633 |
|    clip_fraction        | 0.0619       |
|    clip_range           | 0.2          |
|    entropy_loss         | -0.448       |
|    explained_variance   | 0.0153       |
|    learning_rate        | 0.0003       |
|    loss                 | 8.39         |
|    n_updates            | 750          |
|    policy_gradient_loss | -0.00438     |
|    value_loss           | 14.4         |
------------------------------------------
FruitCounts | {'Fruit': 3, 'DecayFruit': 0, 'EnemyFruit': 3} |
-----------------------------------------
| rollout/                |             |
|    ep_len_mean          | 478         |
|    ep_rew_mean          | -3.93       |
| time/                   |             |
|    fps                  | 191         |
|    iterations           | 77          |
|    time_elapsed         | 822         |
|    total_timesteps      | 157696      |
| train/                  |             |
|    approx_kl            | 0.008365365 |
|    clip_fraction        | 0.0723      |
|    clip_range           | 0.2         |
|    entropy_loss         | -0.432      |
|    explained_variance   | 0.0599      |
|    learning_rate        | 0.0003      |
|    loss                 | 1.58        |
|    n_updates            | 760         |
|    policy_gradient_loss | -0.00401    |
|    value_loss           | 3.27        |
-----------------------------------------
FruitCounts | {'Fruit': 0, 'DecayFruit': 0, 'EnemyFruit': 1} |
-----------------------------------------
| rollout/                |             |
|    ep_len_mean          | 467         |
|    ep_rew_mean          | -2.77       |
| time/                   |             |
|    fps                  | 192         |
|    iterations           | 78          |
|    time_elapsed         | 831         |
|    total_timesteps      | 159744      |
| train/                  |             |
|    approx_kl            | 0.004242073 |
|    clip_fraction        | 0.0477      |
|    clip_range           | 0.2         |
|    entropy_loss         | -0.401      |
|    explained_variance   | 0.101       |
|    learning_rate        | 0.0003      |
|    loss                 | 0.821       |
|    n_updates            | 770         |
|    policy_gradient_loss | -0.00335    |
|    value_loss           | 6.38        |
-----------------------------------------
FruitCounts | {'Fruit': 0, 'DecayFruit': 2, 'EnemyFruit': 2} |
------------------------------------------
| rollout/                |              |
|    ep_len_mean          | 467          |
|    ep_rew_mean          | -2.77        |
| time/                   |              |
|    fps                  | 193          |
|    iterations           | 79           |
|    time_elapsed         | 838          |
|    total_timesteps      | 161792       |
| train/                  |              |
|    approx_kl            | 0.0041341055 |
|    clip_fraction        | 0.0524       |
|    clip_range           | 0.2          |
|    entropy_loss         | -0.421       |
|    explained_variance   | 0.115        |
|    learning_rate        | 0.0003       |
|    loss                 | 14.7         |
|    n_updates            | 780          |
|    policy_gradient_loss | -0.00364     |
|    value_loss           | 14.6         |
------------------------------------------
FruitCounts | {'Fruit': 1, 'DecayFruit': 2, 'EnemyFruit': 6} |
------------------------------------------
| rollout/                |              |
|    ep_len_mean          | 491          |
|    ep_rew_mean          | -3.1         |
| time/                   |              |
|    fps                  | 193          |
|    iterations           | 80           |
|    time_elapsed         | 848          |
|    total_timesteps      | 163840       |
| train/                  |              |
|    approx_kl            | 0.0066764364 |
|    clip_fraction        | 0.0811       |
|    clip_range           | 0.2          |
|    entropy_loss         | -0.423       |
|    explained_variance   | -0.00913     |
|    learning_rate        | 0.0003       |
|    loss                 | 3.07         |
|    n_updates            | 790          |
|    policy_gradient_loss | -0.00225     |
|    value_loss           | 1.86         |
------------------------------------------
FruitCounts | {'Fruit': 0, 'DecayFruit': 1, 'EnemyFruit': 1} |
------------------------------------------
| rollout/                |              |
|    ep_len_mean          | 507          |
|    ep_rew_mean          | -3.08        |
| time/                   |              |
|    fps                  | 193          |
|    iterations           | 81           |
|    time_elapsed         | 856          |
|    total_timesteps      | 165888       |
| train/                  |              |
|    approx_kl            | 0.0047367495 |
|    clip_fraction        | 0.0629       |
|    clip_range           | 0.2          |
|    entropy_loss         | -0.39        |
|    explained_variance   | 0.189        |
|    learning_rate        | 0.0003       |
|    loss                 | 9.6          |
|    n_updates            | 800          |
|    policy_gradient_loss | -0.00354     |
|    value_loss           | 6.25         |
------------------------------------------
FruitCounts | {'Fruit': 1, 'DecayFruit': 2, 'EnemyFruit': 2} |
------------------------------------------
| rollout/                |              |
|    ep_len_mean          | 519          |
|    ep_rew_mean          | -2.73        |
| time/                   |              |
|    fps                  | 194          |
|    iterations           | 82           |
|    time_elapsed         | 864          |
|    total_timesteps      | 167936       |
| train/                  |              |
|    approx_kl            | 0.0068682656 |
|    clip_fraction        | 0.0792       |
|    clip_range           | 0.2          |
|    entropy_loss         | -0.405       |
|    explained_variance   | 0.0708       |
|    learning_rate        | 0.0003       |
|    loss                 | 0.693        |
|    n_updates            | 810          |
|    policy_gradient_loss | -0.00417     |
|    value_loss           | 1.43         |
------------------------------------------
FruitCounts | {'Fruit': 0, 'DecayFruit': 1, 'EnemyFruit': 3} |
------------------------------------------
| rollout/                |              |
|    ep_len_mean          | 514          |
|    ep_rew_mean          | -2.27        |
| time/                   |              |
|    fps                  | 194          |
|    iterations           | 83           |
|    time_elapsed         | 872          |
|    total_timesteps      | 169984       |
| train/                  |              |
|    approx_kl            | 0.0063435636 |
|    clip_fraction        | 0.0756       |
|    clip_range           | 0.2          |
|    entropy_loss         | -0.39        |
|    explained_variance   | 0.153        |
|    learning_rate        | 0.0003       |
|    loss                 | 2.6          |
|    n_updates            | 820          |
|    policy_gradient_loss | -0.00491     |
|    value_loss           | 7.77         |
------------------------------------------
FruitCounts | {'Fruit': 0, 'DecayFruit': 0, 'EnemyFruit': 0} |
------------------------------------------
| rollout/                |              |
|    ep_len_mean          | 535          |
|    ep_rew_mean          | -2.63        |
| time/                   |              |
|    fps                  | 195          |
|    iterations           | 84           |
|    time_elapsed         | 881          |
|    total_timesteps      | 172032       |
| train/                  |              |
|    approx_kl            | 0.0062359096 |
|    clip_fraction        | 0.0639       |
|    clip_range           | 0.2          |
|    entropy_loss         | -0.391       |
|    explained_variance   | 0.173        |
|    learning_rate        | 0.0003       |
|    loss                 | 5.39         |
|    n_updates            | 830          |
|    policy_gradient_loss | -0.00467     |
|    value_loss           | 6.42         |
------------------------------------------
FruitCounts | {'Fruit': 1, 'DecayFruit': 1, 'EnemyFruit': 2} |
-----------------------------------------
| rollout/                |             |
|    ep_len_mean          | 528         |
|    ep_rew_mean          | -2.73       |
| time/                   |             |
|    fps                  | 195         |
|    iterations           | 85          |
|    time_elapsed         | 889         |
|    total_timesteps      | 174080      |
| train/                  |             |
|    approx_kl            | 0.008062704 |
|    clip_fraction        | 0.0723      |
|    clip_range           | 0.2         |
|    entropy_loss         | -0.382      |
|    explained_variance   | 0.313       |
|    learning_rate        | 0.0003      |
|    loss                 | 0.0562      |
|    n_updates            | 840         |
|    policy_gradient_loss | -0.0018     |
|    value_loss           | 0.753       |
-----------------------------------------
FruitCounts | {'Fruit': 0, 'DecayFruit': 0, 'EnemyFruit': 0} |
-----------------------------------------
| rollout/                |             |
|    ep_len_mean          | 552         |
|    ep_rew_mean          | -2.92       |
| time/                   |             |
|    fps                  | 196         |
|    iterations           | 86          |
|    time_elapsed         | 898         |
|    total_timesteps      | 176128      |
| train/                  |             |
|    approx_kl            | 0.005298281 |
|    clip_fraction        | 0.0646      |
|    clip_range           | 0.2         |
|    entropy_loss         | -0.374      |
|    explained_variance   | -0.0183     |
|    learning_rate        | 0.0003      |
|    loss                 | 0.821       |
|    n_updates            | 850         |
|    policy_gradient_loss | -0.00459    |
|    value_loss           | 5.98        |
-----------------------------------------
FruitCounts | {'Fruit': 0, 'DecayFruit': 0, 'EnemyFruit': 0} |
------------------------------------------
| rollout/                |              |
|    ep_len_mean          | 539          |
|    ep_rew_mean          | -3.26        |
| time/                   |              |
|    fps                  | 196          |
|    iterations           | 87           |
|    time_elapsed         | 906          |
|    total_timesteps      | 178176       |
| train/                  |              |
|    approx_kl            | 0.0035532652 |
|    clip_fraction        | 0.0581       |
|    clip_range           | 0.2          |
|    entropy_loss         | -0.349       |
|    explained_variance   | 0.145        |
|    learning_rate        | 0.0003       |
|    loss                 | 5.29         |
|    n_updates            | 860          |
|    policy_gradient_loss | -0.0029      |
|    value_loss           | 5.95         |
------------------------------------------
FruitCounts | {'Fruit': 2, 'DecayFruit': 0, 'EnemyFruit': 1} |
-----------------------------------------
| rollout/                |             |
|    ep_len_mean          | 535         |
|    ep_rew_mean          | -3.87       |
| time/                   |             |
|    fps                  | 197         |
|    iterations           | 88          |
|    time_elapsed         | 914         |
|    total_timesteps      | 180224      |
| train/                  |             |
|    approx_kl            | 0.008562803 |
|    clip_fraction        | 0.0686      |
|    clip_range           | 0.2         |
|    entropy_loss         | -0.344      |
|    explained_variance   | -0.0511     |
|    learning_rate        | 0.0003      |
|    loss                 | 2.55        |
|    n_updates            | 870         |
|    policy_gradient_loss | -0.0021     |
|    value_loss           | 2.9         |
-----------------------------------------
FruitCounts | {'Fruit': 0, 'DecayFruit': 2, 'EnemyFruit': 3} |
------------------------------------------
| rollout/                |              |
|    ep_len_mean          | 546          |
|    ep_rew_mean          | -4.29        |
| time/                   |              |
|    fps                  | 197          |
|    iterations           | 89           |
|    time_elapsed         | 922          |
|    total_timesteps      | 182272       |
| train/                  |              |
|    approx_kl            | 0.0071963817 |
|    clip_fraction        | 0.0671       |
|    clip_range           | 0.2          |
|    entropy_loss         | -0.361       |
|    explained_variance   | 0.0375       |
|    learning_rate        | 0.0003       |
|    loss                 | 0.64         |
|    n_updates            | 880          |
|    policy_gradient_loss | -0.00722     |
|    value_loss           | 3.75         |
------------------------------------------
FruitCounts | {'Fruit': 0, 'DecayFruit': 0, 'EnemyFruit': 1} |
-----------------------------------------
| rollout/                |             |
|    ep_len_mean          | 544         |
|    ep_rew_mean          | -4.01       |
| time/                   |             |
|    fps                  | 197         |
|    iterations           | 90          |
|    time_elapsed         | 931         |
|    total_timesteps      | 184320      |
| train/                  |             |
|    approx_kl            | 0.010015239 |
|    clip_fraction        | 0.0649      |
|    clip_range           | 0.2         |
|    entropy_loss         | -0.343      |
|    explained_variance   | -0.0971     |
|    learning_rate        | 0.0003      |
|    loss                 | 1.3         |
|    n_updates            | 890         |
|    policy_gradient_loss | -0.00296    |
|    value_loss           | 4.8         |
-----------------------------------------
FruitCounts | {'Fruit': 0, 'DecayFruit': 0, 'EnemyFruit': 0} |
------------------------------------------
| rollout/                |              |
|    ep_len_mean          | 548          |
|    ep_rew_mean          | -4.2         |
| time/                   |              |
|    fps                  | 198          |
|    iterations           | 91           |
|    time_elapsed         | 939          |
|    total_timesteps      | 186368       |
| train/                  |              |
|    approx_kl            | 0.0045604235 |
|    clip_fraction        | 0.0768       |
|    clip_range           | 0.2          |
|    entropy_loss         | -0.359       |
|    explained_variance   | 0.17         |
|    learning_rate        | 0.0003       |
|    loss                 | 1.67         |
|    n_updates            | 900          |
|    policy_gradient_loss | -0.0022      |
|    value_loss           | 4.76         |
------------------------------------------
FruitCounts | {'Fruit': 1, 'DecayFruit': 0, 'EnemyFruit': 2} |
-----------------------------------------
| rollout/                |             |
|    ep_len_mean          | 561         |
|    ep_rew_mean          | -4.06       |
| time/                   |             |
|    fps                  | 198         |
|    iterations           | 92          |
|    time_elapsed         | 947         |
|    total_timesteps      | 188416      |
| train/                  |             |
|    approx_kl            | 0.008132447 |
|    clip_fraction        | 0.0649      |
|    clip_range           | 0.2         |
|    entropy_loss         | -0.364      |
|    explained_variance   | 0.158       |
|    learning_rate        | 0.0003      |
|    loss                 | 0.523       |
|    n_updates            | 910         |
|    policy_gradient_loss | -0.0075     |
|    value_loss           | 2.33        |
-----------------------------------------
FruitCounts | {'Fruit': 0, 'DecayFruit': 1, 'EnemyFruit': 1} |
------------------------------------------
| rollout/                |              |
|    ep_len_mean          | 577          |
|    ep_rew_mean          | -3.54        |
| time/                   |              |
|    fps                  | 199          |
|    iterations           | 93           |
|    time_elapsed         | 955          |
|    total_timesteps      | 190464       |
| train/                  |              |
|    approx_kl            | 0.0064597363 |
|    clip_fraction        | 0.0556       |
|    clip_range           | 0.2          |
|    entropy_loss         | -0.354       |
|    explained_variance   | -0.0156      |
|    learning_rate        | 0.0003       |
|    loss                 | 1.42         |
|    n_updates            | 920          |
|    policy_gradient_loss | -0.00247     |
|    value_loss           | 4.67         |
------------------------------------------
FruitCounts | {'Fruit': 0, 'DecayFruit': 0, 'EnemyFruit': 0} |
------------------------------------------
| rollout/                |              |
|    ep_len_mean          | 598          |
|    ep_rew_mean          | -3.73        |
| time/                   |              |
|    fps                  | 199          |
|    iterations           | 94           |
|    time_elapsed         | 963          |
|    total_timesteps      | 192512       |
| train/                  |              |
|    approx_kl            | 0.0051090783 |
|    clip_fraction        | 0.053        |
|    clip_range           | 0.2          |
|    entropy_loss         | -0.37        |
|    explained_variance   | 0.0938       |
|    learning_rate        | 0.0003       |
|    loss                 | 6.53         |
|    n_updates            | 930          |
|    policy_gradient_loss | -0.00306     |
|    value_loss           | 5.76         |
------------------------------------------
FruitCounts | {'Fruit': 0, 'DecayFruit': 0, 'EnemyFruit': 3} |
------------------------------------------
| rollout/                |              |
|    ep_len_mean          | 599          |
|    ep_rew_mean          | -3.7         |
| time/                   |              |
|    fps                  | 200          |
|    iterations           | 95           |
|    time_elapsed         | 971          |
|    total_timesteps      | 194560       |
| train/                  |              |
|    approx_kl            | 0.0053618466 |
|    clip_fraction        | 0.0657       |
|    clip_range           | 0.2          |
|    entropy_loss         | -0.376       |
|    explained_variance   | 0.189        |
|    learning_rate        | 0.0003       |
|    loss                 | 0.349        |
|    n_updates            | 940          |
|    policy_gradient_loss | -0.00107     |
|    value_loss           | 1.42         |
------------------------------------------
FruitCounts | {'Fruit': 0, 'DecayFruit': 0, 'EnemyFruit': 0} |
-----------------------------------------
| rollout/                |             |
|    ep_len_mean          | 612         |
|    ep_rew_mean          | -3.28       |
| time/                   |             |
|    fps                  | 200         |
|    iterations           | 96          |
|    time_elapsed         | 979         |
|    total_timesteps      | 196608      |
| train/                  |             |
|    approx_kl            | 0.011620467 |
|    clip_fraction        | 0.104       |
|    clip_range           | 0.2         |
|    entropy_loss         | -0.368      |
|    explained_variance   | 0.155       |
|    learning_rate        | 0.0003      |
|    loss                 | 1.93        |
|    n_updates            | 950         |
|    policy_gradient_loss | -0.00622    |
|    value_loss           | 2.66        |
-----------------------------------------
FruitCounts | {'Fruit': 0, 'DecayFruit': 0, 'EnemyFruit': 0} |
-----------------------------------------
| rollout/                |             |
|    ep_len_mean          | 623         |
|    ep_rew_mean          | -3.39       |
| time/                   |             |
|    fps                  | 201         |
|    iterations           | 97          |
|    time_elapsed         | 987         |
|    total_timesteps      | 198656      |
| train/                  |             |
|    approx_kl            | 0.004815165 |
|    clip_fraction        | 0.0511      |
|    clip_range           | 0.2         |
|    entropy_loss         | -0.35       |
|    explained_variance   | -0.0287     |
|    learning_rate        | 0.0003      |
|    loss                 | 3.55        |
|    n_updates            | 960         |
|    policy_gradient_loss | -0.00305    |
|    value_loss           | 7.14        |
-----------------------------------------
FruitCounts | {'Fruit': 0, 'DecayFruit': 3, 'EnemyFruit': 1} |
-----------------------------------------
| rollout/                |             |
|    ep_len_mean          | 594         |
|    ep_rew_mean          | -2.67       |
| time/                   |             |
|    fps                  | 201         |
|    iterations           | 98          |
|    time_elapsed         | 995         |
|    total_timesteps      | 200704      |
| train/                  |             |
|    approx_kl            | 0.007920815 |
|    clip_fraction        | 0.0842      |
|    clip_range           | 0.2         |
|    entropy_loss         | -0.35       |
|    explained_variance   | -0.00537    |
|    learning_rate        | 0.0003      |
|    loss                 | 0.596       |
|    n_updates            | 970         |
|    policy_gradient_loss | -0.0033     |
|    value_loss           | 2.21        |
-----------------------------------------
FruitCounts | {'Fruit': 3, 'DecayFruit': 2, 'EnemyFruit': 6} |
-----------------------------------------
| rollout/                |             |
|    ep_len_mean          | 605         |
|    ep_rew_mean          | -2.08       |
| time/                   |             |
|    fps                  | 201         |
|    iterations           | 99          |
|    time_elapsed         | 1004        |
|    total_timesteps      | 202752      |
| train/                  |             |
|    approx_kl            | 0.004781406 |
|    clip_fraction        | 0.0508      |
|    clip_range           | 0.2         |
|    entropy_loss         | -0.352      |
|    explained_variance   | -0.0157     |
|    learning_rate        | 0.0003      |
|    loss                 | 5.09        |
|    n_updates            | 980         |
|    policy_gradient_loss | -0.00386    |
|    value_loss           | 7           |
-----------------------------------------
FruitCounts | {'Fruit': 2, 'DecayFruit': 3, 'EnemyFruit': 8} |
------------------------------------------
| rollout/                |              |
|    ep_len_mean          | 615          |
|    ep_rew_mean          | -1.69        |
| time/                   |              |
|    fps                  | 202          |
|    iterations           | 100          |
|    time_elapsed         | 1012         |
|    total_timesteps      | 204800       |
| train/                  |              |
|    approx_kl            | 0.0054707145 |
|    clip_fraction        | 0.0551       |
|    clip_range           | 0.2          |
|    entropy_loss         | -0.355       |
|    explained_variance   | 0.0876       |
|    learning_rate        | 0.0003       |
|    loss                 | 2.03         |
|    n_updates            | 990          |
|    policy_gradient_loss | -0.00245     |
|    value_loss           | 4.97         |
------------------------------------------
FruitCounts | {'Fruit': 0, 'DecayFruit': 0, 'EnemyFruit': 0} |
------------------------------------------
| rollout/                |              |
|    ep_len_mean          | 628          |
|    ep_rew_mean          | -0.382       |
| time/                   |              |
|    fps                  | 202          |
|    iterations           | 101          |
|    time_elapsed         | 1021         |
|    total_timesteps      | 206848       |
| train/                  |              |
|    approx_kl            | 0.0051101977 |
|    clip_fraction        | 0.0496       |
|    clip_range           | 0.2          |
|    entropy_loss         | -0.321       |
|    explained_variance   | 0.0846       |
|    learning_rate        | 0.0003       |
|    loss                 | 1.95         |
|    n_updates            | 1000         |
|    policy_gradient_loss | -0.00135     |
|    value_loss           | 4.39         |
------------------------------------------
FruitCounts | {'Fruit': 0, 'DecayFruit': 2, 'EnemyFruit': 1} |
------------------------------------------
| rollout/                |              |
|    ep_len_mean          | 637          |
|    ep_rew_mean          | -0.817       |
| time/                   |              |
|    fps                  | 202          |
|    iterations           | 102          |
|    time_elapsed         | 1029         |
|    total_timesteps      | 208896       |
| train/                  |              |
|    approx_kl            | 0.0031997391 |
|    clip_fraction        | 0.0392       |
|    clip_range           | 0.2          |
|    entropy_loss         | -0.324       |
|    explained_variance   | 0.145        |
|    learning_rate        | 0.0003       |
|    loss                 | 6.4          |
|    n_updates            | 1010         |
|    policy_gradient_loss | -0.0026      |
|    value_loss           | 9.45         |
------------------------------------------
FruitCounts | {'Fruit': 0, 'DecayFruit': 1, 'EnemyFruit': 3} |
-----------------------------------------
| rollout/                |             |
|    ep_len_mean          | 638         |
|    ep_rew_mean          | -0.531      |
| time/                   |             |
|    fps                  | 203         |
|    iterations           | 103         |
|    time_elapsed         | 1037        |
|    total_timesteps      | 210944      |
| train/                  |             |
|    approx_kl            | 0.009533796 |
|    clip_fraction        | 0.0622      |
|    clip_range           | 0.2         |
|    entropy_loss         | -0.328      |
|    explained_variance   | 0.225       |
|    learning_rate        | 0.0003      |
|    loss                 | 0.796       |
|    n_updates            | 1020        |
|    policy_gradient_loss | -0.00139    |
|    value_loss           | 2.03        |
-----------------------------------------
FruitCounts | {'Fruit': 1, 'DecayFruit': 0, 'EnemyFruit': 1} |
------------------------------------------
| rollout/                |              |
|    ep_len_mean          | 647          |
|    ep_rew_mean          | -1.06        |
| time/                   |              |
|    fps                  | 203          |
|    iterations           | 104          |
|    time_elapsed         | 1045         |
|    total_timesteps      | 212992       |
| train/                  |              |
|    approx_kl            | 0.0034194337 |
|    clip_fraction        | 0.05         |
|    clip_range           | 0.2          |
|    entropy_loss         | -0.35        |
|    explained_variance   | -0.00344     |
|    learning_rate        | 0.0003       |
|    loss                 | 9.98         |
|    n_updates            | 1030         |
|    policy_gradient_loss | -0.00351     |
|    value_loss           | 9.93         |
------------------------------------------
FruitCounts | {'Fruit': 3, 'DecayFruit': 0, 'EnemyFruit': 3} |
-----------------------------------------
| rollout/                |             |
|    ep_len_mean          | 639         |
|    ep_rew_mean          | -0.845      |
| time/                   |             |
|    fps                  | 204         |
|    iterations           | 105         |
|    time_elapsed         | 1053        |
|    total_timesteps      | 215040      |
| train/                  |             |
|    approx_kl            | 0.005918873 |
|    clip_fraction        | 0.0566      |
|    clip_range           | 0.2         |
|    entropy_loss         | -0.344      |
|    explained_variance   | 0.211       |
|    learning_rate        | 0.0003      |
|    loss                 | 2.28        |
|    n_updates            | 1040        |
|    policy_gradient_loss | -0.00254    |
|    value_loss           | 2.48        |
-----------------------------------------
FruitCounts | {'Fruit': 3, 'DecayFruit': 0, 'EnemyFruit': 1} |
------------------------------------------
| rollout/                |              |
|    ep_len_mean          | 641          |
|    ep_rew_mean          | -0.859       |
| time/                   |              |
|    fps                  | 204          |
|    iterations           | 106          |
|    time_elapsed         | 1062         |
|    total_timesteps      | 217088       |
| train/                  |              |
|    approx_kl            | 0.0072367974 |
|    clip_fraction        | 0.0618       |
|    clip_range           | 0.2          |
|    entropy_loss         | -0.329       |
|    explained_variance   | -0.0794      |
|    learning_rate        | 0.0003       |
|    loss                 | 0.804        |
|    n_updates            | 1050         |
|    policy_gradient_loss | -0.00357     |
|    value_loss           | 4.17         |
------------------------------------------
FruitCounts | {'Fruit': 0, 'DecayFruit': 1, 'EnemyFruit': 2} |
------------------------------------------
| rollout/                |              |
|    ep_len_mean          | 648          |
|    ep_rew_mean          | -0.789       |
| time/                   |              |
|    fps                  | 204          |
|    iterations           | 107          |
|    time_elapsed         | 1070         |
|    total_timesteps      | 219136       |
| train/                  |              |
|    approx_kl            | 0.0033347122 |
|    clip_fraction        | 0.0512       |
|    clip_range           | 0.2          |
|    entropy_loss         | -0.31        |
|    explained_variance   | 0.108        |
|    learning_rate        | 0.0003       |
|    loss                 | 1.97         |
|    n_updates            | 1060         |
|    policy_gradient_loss | -0.00187     |
|    value_loss           | 7.12         |
------------------------------------------
FruitCounts | {'Fruit': 0, 'DecayFruit': 0, 'EnemyFruit': 1} |
-----------------------------------------
| rollout/                |             |
|    ep_len_mean          | 655         |
|    ep_rew_mean          | -0.75       |
| time/                   |             |
|    fps                  | 205         |
|    iterations           | 108         |
|    time_elapsed         | 1078        |
|    total_timesteps      | 221184      |
| train/                  |             |
|    approx_kl            | 0.009146943 |
|    clip_fraction        | 0.0667      |
|    clip_range           | 0.2         |
|    entropy_loss         | -0.298      |
|    explained_variance   | 0.0281      |
|    learning_rate        | 0.0003      |
|    loss                 | 2.28        |
|    n_updates            | 1070        |
|    policy_gradient_loss | -0.00546    |
|    value_loss           | 6.58        |
-----------------------------------------
FruitCounts | {'Fruit': 1, 'DecayFruit': 0, 'EnemyFruit': 0} |
------------------------------------------
| rollout/                |              |
|    ep_len_mean          | 638          |
|    ep_rew_mean          | -1.93        |
| time/                   |              |
|    fps                  | 205          |
|    iterations           | 109          |
|    time_elapsed         | 1087         |
|    total_timesteps      | 223232       |
| train/                  |              |
|    approx_kl            | 0.0051773894 |
|    clip_fraction        | 0.0627       |
|    clip_range           | 0.2          |
|    entropy_loss         | -0.31        |
|    explained_variance   | 0.0986       |
|    learning_rate        | 0.0003       |
|    loss                 | 4.7          |
|    n_updates            | 1080         |
|    policy_gradient_loss | -0.000565    |
|    value_loss           | 5.71         |
------------------------------------------
FruitCounts | {'Fruit': 1, 'DecayFruit': 1, 'EnemyFruit': 6} |
-----------------------------------------
| rollout/                |             |
|    ep_len_mean          | 621         |
|    ep_rew_mean          | -1.17       |
| time/                   |             |
|    fps                  | 205         |
|    iterations           | 110         |
|    time_elapsed         | 1095        |
|    total_timesteps      | 225280      |
| train/                  |             |
|    approx_kl            | 0.004508245 |
|    clip_fraction        | 0.0543      |
|    clip_range           | 0.2         |
|    entropy_loss         | -0.33       |
|    explained_variance   | 0.0592      |
|    learning_rate        | 0.0003      |
|    loss                 | 3.12        |
|    n_updates            | 1090        |
|    policy_gradient_loss | -0.00254    |
|    value_loss           | 5.77        |
-----------------------------------------
FruitCounts | {'Fruit': 0, 'DecayFruit': 0, 'EnemyFruit': 0} |
-----------------------------------------
| rollout/                |             |
|    ep_len_mean          | 621         |
|    ep_rew_mean          | -0.905      |
| time/                   |             |
|    fps                  | 205         |
|    iterations           | 111         |
|    time_elapsed         | 1104        |
|    total_timesteps      | 227328      |
| train/                  |             |
|    approx_kl            | 0.007881526 |
|    clip_fraction        | 0.0802      |
|    clip_range           | 0.2         |
|    entropy_loss         | -0.332      |
|    explained_variance   | 0.279       |
|    learning_rate        | 0.0003      |
|    loss                 | 1.4         |
|    n_updates            | 1100        |
|    policy_gradient_loss | -0.00241    |
|    value_loss           | 3.69        |
-----------------------------------------
FruitCounts | {'Fruit': 0, 'DecayFruit': 0, 'EnemyFruit': 0} |
------------------------------------------
| rollout/                |              |
|    ep_len_mean          | 602          |
|    ep_rew_mean          | -1.49        |
| time/                   |              |
|    fps                  | 206          |
|    iterations           | 112          |
|    time_elapsed         | 1112         |
|    total_timesteps      | 229376       |
| train/                  |              |
|    approx_kl            | 0.0063498095 |
|    clip_fraction        | 0.065        |
|    clip_range           | 0.2          |
|    entropy_loss         | -0.296       |
|    explained_variance   | 0.195        |
|    learning_rate        | 0.0003       |
|    loss                 | 2.61         |
|    n_updates            | 1110         |
|    policy_gradient_loss | -0.00264     |
|    value_loss           | 4.37         |
------------------------------------------
FruitCounts | {'Fruit': 2, 'DecayFruit': 1, 'EnemyFruit': 1} |
-----------------------------------------
| rollout/                |             |
|    ep_len_mean          | 618         |
|    ep_rew_mean          | -1.36       |
| time/                   |             |
|    fps                  | 206         |
|    iterations           | 113         |
|    time_elapsed         | 1120        |
|    total_timesteps      | 231424      |
| train/                  |             |
|    approx_kl            | 0.006513971 |
|    clip_fraction        | 0.0721      |
|    clip_range           | 0.2         |
|    entropy_loss         | -0.326      |
|    explained_variance   | 0.0855      |
|    learning_rate        | 0.0003      |
|    loss                 | 2.63        |
|    n_updates            | 1120        |
|    policy_gradient_loss | -0.00391    |
|    value_loss           | 5.02        |
-----------------------------------------
FruitCounts | {'Fruit': 0, 'DecayFruit': 0, 'EnemyFruit': 0} |
-----------------------------------------
| rollout/                |             |
|    ep_len_mean          | 577         |
|    ep_rew_mean          | -0.0485     |
| time/                   |             |
|    fps                  | 206         |
|    iterations           | 114         |
|    time_elapsed         | 1129        |
|    total_timesteps      | 233472      |
| train/                  |             |
|    approx_kl            | 0.006829136 |
|    clip_fraction        | 0.0502      |
|    clip_range           | 0.2         |
|    entropy_loss         | -0.328      |
|    explained_variance   | 0.225       |
|    learning_rate        | 0.0003      |
|    loss                 | 3.9         |
|    n_updates            | 1130        |
|    policy_gradient_loss | -0.000961   |
|    value_loss           | 5.5         |
-----------------------------------------
FruitCounts | {'Fruit': 0, 'DecayFruit': 0, 'EnemyFruit': 2} |
------------------------------------------
| rollout/                |              |
|    ep_len_mean          | 581          |
|    ep_rew_mean          | 0.048        |
| time/                   |              |
|    fps                  | 207          |
|    iterations           | 115          |
|    time_elapsed         | 1137         |
|    total_timesteps      | 235520       |
| train/                  |              |
|    approx_kl            | 0.0064170063 |
|    clip_fraction        | 0.0501       |
|    clip_range           | 0.2          |
|    entropy_loss         | -0.296       |
|    explained_variance   | 0.154        |
|    learning_rate        | 0.0003       |
|    loss                 | 5.3          |
|    n_updates            | 1140         |
|    policy_gradient_loss | -0.00188     |
|    value_loss           | 13.4         |
------------------------------------------
FruitCounts | {'Fruit': 0, 'DecayFruit': 0, 'EnemyFruit': 1} |
-----------------------------------------
| rollout/                |             |
|    ep_len_mean          | 591         |
|    ep_rew_mean          | 0.00744     |
| time/                   |             |
|    fps                  | 207         |
|    iterations           | 116         |
|    time_elapsed         | 1145        |
|    total_timesteps      | 237568      |
| train/                  |             |
|    approx_kl            | 0.008335358 |
|    clip_fraction        | 0.0668      |
|    clip_range           | 0.2         |
|    entropy_loss         | -0.298      |
|    explained_variance   | 0.155       |
|    learning_rate        | 0.0003      |
|    loss                 | 2.23        |
|    n_updates            | 1150        |
|    policy_gradient_loss | -0.00274    |
|    value_loss           | 4.71        |
-----------------------------------------
FruitCounts | {'Fruit': 1, 'DecayFruit': 1, 'EnemyFruit': 1} |
------------------------------------------
| rollout/                |              |
|    ep_len_mean          | 606          |
|    ep_rew_mean          | -0.233       |
| time/                   |              |
|    fps                  | 207          |
|    iterations           | 117          |
|    time_elapsed         | 1153         |
|    total_timesteps      | 239616       |
| train/                  |              |
|    approx_kl            | 0.0071047214 |
|    clip_fraction        | 0.066        |
|    clip_range           | 0.2          |
|    entropy_loss         | -0.283       |
|    explained_variance   | 0.132        |
|    learning_rate        | 0.0003       |
|    loss                 | 1.92         |
|    n_updates            | 1160         |
|    policy_gradient_loss | -0.00413     |
|    value_loss           | 2.38         |
------------------------------------------
FruitCounts | {'Fruit': 0, 'DecayFruit': 0, 'EnemyFruit': 2} |
------------------------------------------
| rollout/                |              |
|    ep_len_mean          | 585          |
|    ep_rew_mean          | 0.265        |
| time/                   |              |
|    fps                  | 207          |
|    iterations           | 118          |
|    time_elapsed         | 1162         |
|    total_timesteps      | 241664       |
| train/                  |              |
|    approx_kl            | 0.0056933165 |
|    clip_fraction        | 0.0493       |
|    clip_range           | 0.2          |
|    entropy_loss         | -0.277       |
|    explained_variance   | -0.0329      |
|    learning_rate        | 0.0003       |
|    loss                 | 3.56         |
|    n_updates            | 1170         |
|    policy_gradient_loss | -0.00113     |
|    value_loss           | 3.78         |
------------------------------------------
FruitCounts | {'Fruit': 2, 'DecayFruit': 2, 'EnemyFruit': 8} |
-----------------------------------------
| rollout/                |             |
|    ep_len_mean          | 584         |
|    ep_rew_mean          | 0.436       |
| time/                   |             |
|    fps                  | 208         |
|    iterations           | 119         |
|    time_elapsed         | 1170        |
|    total_timesteps      | 243712      |
| train/                  |             |
|    approx_kl            | 0.005162156 |
|    clip_fraction        | 0.0566      |
|    clip_range           | 0.2         |
|    entropy_loss         | -0.309      |
|    explained_variance   | 0.213       |
|    learning_rate        | 0.0003      |
|    loss                 | 0.513       |
|    n_updates            | 1180        |
|    policy_gradient_loss | -0.00477    |
|    value_loss           | 5.64        |
-----------------------------------------
FruitCounts | {'Fruit': 1, 'DecayFruit': 2, 'EnemyFruit': 0} |
-----------------------------------------
| rollout/                |             |
|    ep_len_mean          | 567         |
|    ep_rew_mean          | 0.671       |
| time/                   |             |
|    fps                  | 208         |
|    iterations           | 120         |
|    time_elapsed         | 1179        |
|    total_timesteps      | 245760      |
| train/                  |             |
|    approx_kl            | 0.005411307 |
|    clip_fraction        | 0.0603      |
|    clip_range           | 0.2         |
|    entropy_loss         | -0.301      |
|    explained_variance   | 0.0393      |
|    learning_rate        | 0.0003      |
|    loss                 | 2.23        |
|    n_updates            | 1190        |
|    policy_gradient_loss | -0.00427    |
|    value_loss           | 7.71        |
-----------------------------------------
FruitCounts | {'Fruit': 0, 'DecayFruit': 0, 'EnemyFruit': 0} |
------------------------------------------
| rollout/                |              |
|    ep_len_mean          | 547          |
|    ep_rew_mean          | 1.24         |
| time/                   |              |
|    fps                  | 208          |
|    iterations           | 121          |
|    time_elapsed         | 1187         |
|    total_timesteps      | 247808       |
| train/                  |              |
|    approx_kl            | 0.0047754496 |
|    clip_fraction        | 0.0451       |
|    clip_range           | 0.2          |
|    entropy_loss         | -0.283       |
|    explained_variance   | 0.0883       |
|    learning_rate        | 0.0003       |
|    loss                 | 11.3         |
|    n_updates            | 1200         |
|    policy_gradient_loss | -0.00371     |
|    value_loss           | 7.82         |
------------------------------------------
FruitCounts | {'Fruit': 0, 'DecayFruit': 0, 'EnemyFruit': 0} |
-----------------------------------------
| rollout/                |             |
|    ep_len_mean          | 533         |
|    ep_rew_mean          | 0.714       |
| time/                   |             |
|    fps                  | 208         |
|    iterations           | 122         |
|    time_elapsed         | 1196        |
|    total_timesteps      | 249856      |
| train/                  |             |
|    approx_kl            | 0.006656338 |
|    clip_fraction        | 0.0596      |
|    clip_range           | 0.2         |
|    entropy_loss         | -0.284      |
|    explained_variance   | 0.0146      |
|    learning_rate        | 0.0003      |
|    loss                 | 2.85        |
|    n_updates            | 1210        |
|    policy_gradient_loss | -0.00114    |
|    value_loss           | 7.3         |
-----------------------------------------
FruitCounts | {'Fruit': 0, 'DecayFruit': 1, 'EnemyFruit': 0} |
------------------------------------------
| rollout/                |              |
|    ep_len_mean          | 520          |
|    ep_rew_mean          | 0.732        |
| time/                   |              |
|    fps                  | 209          |
|    iterations           | 123          |
|    time_elapsed         | 1204         |
|    total_timesteps      | 251904       |
| train/                  |              |
|    approx_kl            | 0.0135201905 |
|    clip_fraction        | 0.0851       |
|    clip_range           | 0.2          |
|    entropy_loss         | -0.277       |
|    explained_variance   | 0.185        |
|    learning_rate        | 0.0003       |
|    loss                 | 2.05         |
|    n_updates            | 1220         |
|    policy_gradient_loss | -0.0031      |
|    value_loss           | 3.7          |
------------------------------------------
FruitCounts | {'Fruit': 1, 'DecayFruit': 0, 'EnemyFruit': 2} |
----------------------------------------
| rollout/                |            |
|    ep_len_mean          | 488        |
|    ep_rew_mean          | 0.301      |
| time/                   |            |
|    fps                  | 209        |
|    iterations           | 124        |
|    time_elapsed         | 1213       |
|    total_timesteps      | 253952     |
| train/                  |            |
|    approx_kl            | 0.00395853 |
|    clip_fraction        | 0.0576     |
|    clip_range           | 0.2        |
|    entropy_loss         | -0.306     |
|    explained_variance   | 0.429      |
|    learning_rate        | 0.0003     |
|    loss                 | 0.547      |
|    n_updates            | 1230       |
|    policy_gradient_loss | -0.00158   |
|    value_loss           | 1.96       |
----------------------------------------
FruitCounts | {'Fruit': 0, 'DecayFruit': 3, 'EnemyFruit': 9} |
-----------------------------------------
| rollout/                |             |
|    ep_len_mean          | 486         |
|    ep_rew_mean          | 0.341       |
| time/                   |             |
|    fps                  | 209         |
|    iterations           | 125         |
|    time_elapsed         | 1220        |
|    total_timesteps      | 256000      |
| train/                  |             |
|    approx_kl            | 0.004466068 |
|    clip_fraction        | 0.0429      |
|    clip_range           | 0.2         |
|    entropy_loss         | -0.337      |
|    explained_variance   | -0.0826     |
|    learning_rate        | 0.0003      |
|    loss                 | 3.58        |
|    n_updates            | 1240        |
|    policy_gradient_loss | -0.00213    |
|    value_loss           | 11.4        |
-----------------------------------------
FruitCounts | {'Fruit': 0, 'DecayFruit': 0, 'EnemyFruit': 1} |
-----------------------------------------
| rollout/                |             |
|    ep_len_mean          | 499         |
|    ep_rew_mean          | -0.388      |
| time/                   |             |
|    fps                  | 209         |
|    iterations           | 126         |
|    time_elapsed         | 1229        |
|    total_timesteps      | 258048      |
| train/                  |             |
|    approx_kl            | 0.009460672 |
|    clip_fraction        | 0.0591      |
|    clip_range           | 0.2         |
|    entropy_loss         | -0.294      |
|    explained_variance   | 0.105       |
|    learning_rate        | 0.0003      |
|    loss                 | 2.78        |
|    n_updates            | 1250        |
|    policy_gradient_loss | -0.00243    |
|    value_loss           | 4.68        |
-----------------------------------------
FruitCounts | {'Fruit': 0, 'DecayFruit': 2, 'EnemyFruit': 2} |
-----------------------------------------
| rollout/                |             |
|    ep_len_mean          | 495         |
|    ep_rew_mean          | -0.904      |
| time/                   |             |
|    fps                  | 210         |
|    iterations           | 127         |
|    time_elapsed         | 1238        |
|    total_timesteps      | 260096      |
| train/                  |             |
|    approx_kl            | 0.010356331 |
|    clip_fraction        | 0.0775      |
|    clip_range           | 0.2         |
|    entropy_loss         | -0.283      |
|    explained_variance   | 0.0999      |
|    learning_rate        | 0.0003      |
|    loss                 | 0.789       |
|    n_updates            | 1260        |
|    policy_gradient_loss | -0.00348    |
|    value_loss           | 1.8         |
-----------------------------------------
FruitCounts | {'Fruit': 1, 'DecayFruit': 2, 'EnemyFruit': 2} |
----------------------------------------
| rollout/                |            |
|    ep_len_mean          | 495        |
|    ep_rew_mean          | -0.716     |
| time/                   |            |
|    fps                  | 210        |
|    iterations           | 128        |
|    time_elapsed         | 1246       |
|    total_timesteps      | 262144     |
| train/                  |            |
|    approx_kl            | 0.00519944 |
|    clip_fraction        | 0.0686     |
|    clip_range           | 0.2        |
|    entropy_loss         | -0.282     |
|    explained_variance   | 0.125      |
|    learning_rate        | 0.0003     |
|    loss                 | 0.714      |
|    n_updates            | 1270       |
|    policy_gradient_loss | -0.00311   |
|    value_loss           | 5.33       |
----------------------------------------
FruitCounts | {'Fruit': 0, 'DecayFruit': 1, 'EnemyFruit': 3} |
-----------------------------------------
| rollout/                |             |
|    ep_len_mean          | 480         |
|    ep_rew_mean          | 0.199       |
| time/                   |             |
|    fps                  | 210         |
|    iterations           | 129         |
|    time_elapsed         | 1255        |
|    total_timesteps      | 264192      |
| train/                  |             |
|    approx_kl            | 0.004038645 |
|    clip_fraction        | 0.0458      |
|    clip_range           | 0.2         |
|    entropy_loss         | -0.3        |
|    explained_variance   | 0.0906      |
|    learning_rate        | 0.0003      |
|    loss                 | 2           |
|    n_updates            | 1280        |
|    policy_gradient_loss | -0.000926   |
|    value_loss           | 4.95        |
-----------------------------------------
FruitCounts | {'Fruit': 4, 'DecayFruit': 1, 'EnemyFruit': 5} |
------------------------------------------
| rollout/                |              |
|    ep_len_mean          | 483          |
|    ep_rew_mean          | 0.288        |
| time/                   |              |
|    fps                  | 210          |
|    iterations           | 130          |
|    time_elapsed         | 1262         |
|    total_timesteps      | 266240       |
| train/                  |              |
|    approx_kl            | 0.0045565595 |
|    clip_fraction        | 0.0454       |
|    clip_range           | 0.2          |
|    entropy_loss         | -0.285       |
|    explained_variance   | 0.165        |
|    learning_rate        | 0.0003       |
|    loss                 | 2.43         |
|    n_updates            | 1290         |
|    policy_gradient_loss | -0.00238     |
|    value_loss           | 7.87         |
------------------------------------------
FruitCounts | {'Fruit': 0, 'DecayFruit': 1, 'EnemyFruit': 1} |
-----------------------------------------
| rollout/                |             |
|    ep_len_mean          | 494         |
|    ep_rew_mean          | -0.885      |
| time/                   |             |
|    fps                  | 210         |
|    iterations           | 131         |
|    time_elapsed         | 1271        |
|    total_timesteps      | 268288      |
| train/                  |             |
|    approx_kl            | 0.005966026 |
|    clip_fraction        | 0.0621      |
|    clip_range           | 0.2         |
|    entropy_loss         | -0.287      |
|    explained_variance   | 0.163       |
|    learning_rate        | 0.0003      |
|    loss                 | 0.0993      |
|    n_updates            | 1300        |
|    policy_gradient_loss | -0.00185    |
|    value_loss           | 0.769       |
-----------------------------------------
FruitCounts | {'Fruit': 1, 'DecayFruit': 1, 'EnemyFruit': 3} |
------------------------------------------
| rollout/                |              |
|    ep_len_mean          | 492          |
|    ep_rew_mean          | -0.0178      |
| time/                   |              |
|    fps                  | 211          |
|    iterations           | 132          |
|    time_elapsed         | 1280         |
|    total_timesteps      | 270336       |
| train/                  |              |
|    approx_kl            | 0.0034022972 |
|    clip_fraction        | 0.037        |
|    clip_range           | 0.2          |
|    entropy_loss         | -0.291       |
|    explained_variance   | 0.0252       |
|    learning_rate        | 0.0003       |
|    loss                 | 4.14         |
|    n_updates            | 1310         |
|    policy_gradient_loss | -0.0031      |
|    value_loss           | 4.23         |
------------------------------------------
FruitCounts | {'Fruit': 0, 'DecayFruit': 2, 'EnemyFruit': 4} |
-----------------------------------------
| rollout/                |             |
|    ep_len_mean          | 494         |
|    ep_rew_mean          | 0.793       |
| time/                   |             |
|    fps                  | 211         |
|    iterations           | 133         |
|    time_elapsed         | 1288        |
|    total_timesteps      | 272384      |
| train/                  |             |
|    approx_kl            | 0.003213734 |
|    clip_fraction        | 0.0373      |
|    clip_range           | 0.2         |
|    entropy_loss         | -0.295      |
|    explained_variance   | 0.128       |
|    learning_rate        | 0.0003      |
|    loss                 | 11.4        |
|    n_updates            | 1320        |
|    policy_gradient_loss | -0.000801   |
|    value_loss           | 9.09        |
-----------------------------------------
FruitCounts | {'Fruit': 0, 'DecayFruit': 1, 'EnemyFruit': 2} |
-----------------------------------------
| rollout/                |             |
|    ep_len_mean          | 508         |
|    ep_rew_mean          | 1.6         |
| time/                   |             |
|    fps                  | 211         |
|    iterations           | 134         |
|    time_elapsed         | 1297        |
|    total_timesteps      | 274432      |
| train/                  |             |
|    approx_kl            | 0.002632879 |
|    clip_fraction        | 0.0357      |
|    clip_range           | 0.2         |
|    entropy_loss         | -0.294      |
|    explained_variance   | 0.154       |
|    learning_rate        | 0.0003      |
|    loss                 | 4.12        |
|    n_updates            | 1330        |
|    policy_gradient_loss | -0.0022     |
|    value_loss           | 12.2        |
-----------------------------------------
FruitCounts | {'Fruit': 2, 'DecayFruit': 1, 'EnemyFruit': 4} |
-----------------------------------------
| rollout/                |             |
|    ep_len_mean          | 510         |
|    ep_rew_mean          | 1.1         |
| time/                   |             |
|    fps                  | 211         |
|    iterations           | 135         |
|    time_elapsed         | 1304        |
|    total_timesteps      | 276480      |
| train/                  |             |
|    approx_kl            | 0.007153044 |
|    clip_fraction        | 0.0581      |
|    clip_range           | 0.2         |
|    entropy_loss         | -0.297      |
|    explained_variance   | 0.398       |
|    learning_rate        | 0.0003      |
|    loss                 | 0.641       |
|    n_updates            | 1340        |
|    policy_gradient_loss | -0.00299    |
|    value_loss           | 5.21        |
-----------------------------------------
FruitCounts | {'Fruit': 2, 'DecayFruit': 1, 'EnemyFruit': 4} |
-----------------------------------------
| rollout/                |             |
|    ep_len_mean          | 511         |
|    ep_rew_mean          | 1.21        |
| time/                   |             |
|    fps                  | 212         |
|    iterations           | 136         |
|    time_elapsed         | 1313        |
|    total_timesteps      | 278528      |
| train/                  |             |
|    approx_kl            | 0.007223073 |
|    clip_fraction        | 0.0595      |
|    clip_range           | 0.2         |
|    entropy_loss         | -0.273      |
|    explained_variance   | 0.232       |
|    learning_rate        | 0.0003      |
|    loss                 | 0.978       |
|    n_updates            | 1350        |
|    policy_gradient_loss | -0.00503    |
|    value_loss           | 2.63        |
-----------------------------------------
FruitCounts | {'Fruit': 5, 'DecayFruit': 1, 'EnemyFruit': 6} |
------------------------------------------
| rollout/                |              |
|    ep_len_mean          | 508          |
|    ep_rew_mean          | 1.64         |
| time/                   |              |
|    fps                  | 212          |
|    iterations           | 137          |
|    time_elapsed         | 1321         |
|    total_timesteps      | 280576       |
| train/                  |              |
|    approx_kl            | 0.0039757756 |
|    clip_fraction        | 0.0672       |
|    clip_range           | 0.2          |
|    entropy_loss         | -0.281       |
|    explained_variance   | 0.383        |
|    learning_rate        | 0.0003       |
|    loss                 | 2.17         |
|    n_updates            | 1360         |
|    policy_gradient_loss | -0.00286     |
|    value_loss           | 3.32         |
------------------------------------------
FruitCounts | {'Fruit': 2, 'DecayFruit': 0, 'EnemyFruit': 4} |
-----------------------------------------
| rollout/                |             |
|    ep_len_mean          | 503         |
|    ep_rew_mean          | 1.3         |
| time/                   |             |
|    fps                  | 212         |
|    iterations           | 138         |
|    time_elapsed         | 1329        |
|    total_timesteps      | 282624      |
| train/                  |             |
|    approx_kl            | 0.005174862 |
|    clip_fraction        | 0.042       |
|    clip_range           | 0.2         |
|    entropy_loss         | -0.289      |
|    explained_variance   | 0.0438      |
|    learning_rate        | 0.0003      |
|    loss                 | 2.96        |
|    n_updates            | 1370        |
|    policy_gradient_loss | -0.00314    |
|    value_loss           | 8.43        |
-----------------------------------------
FruitCounts | {'Fruit': 2, 'DecayFruit': 1, 'EnemyFruit': 1} |
------------------------------------------
| rollout/                |              |
|    ep_len_mean          | 513          |
|    ep_rew_mean          | 0.768        |
| time/                   |              |
|    fps                  | 212          |
|    iterations           | 139          |
|    time_elapsed         | 1338         |
|    total_timesteps      | 284672       |
| train/                  |              |
|    approx_kl            | 0.0050868634 |
|    clip_fraction        | 0.0473       |
|    clip_range           | 0.2          |
|    entropy_loss         | -0.277       |
|    explained_variance   | 0.171        |
|    learning_rate        | 0.0003       |
|    loss                 | 2.13         |
|    n_updates            | 1380         |
|    policy_gradient_loss | -0.00313     |
|    value_loss           | 6.56         |
------------------------------------------
FruitCounts | {'Fruit': 0, 'DecayFruit': 0, 'EnemyFruit': 0} |
------------------------------------------
| rollout/                |              |
|    ep_len_mean          | 487          |
|    ep_rew_mean          | 0.429        |
| time/                   |              |
|    fps                  | 212          |
|    iterations           | 140          |
|    time_elapsed         | 1347         |
|    total_timesteps      | 286720       |
| train/                  |              |
|    approx_kl            | 0.0036311503 |
|    clip_fraction        | 0.0489       |
|    clip_range           | 0.2          |
|    entropy_loss         | -0.28        |
|    explained_variance   | 0.0881       |
|    learning_rate        | 0.0003       |
|    loss                 | 0.443        |
|    n_updates            | 1390         |
|    policy_gradient_loss | -0.00291     |
|    value_loss           | 3.03         |
------------------------------------------
FruitCounts | {'Fruit': 1, 'DecayFruit': 0, 'EnemyFruit': 0} |
-----------------------------------------
| rollout/                |             |
|    ep_len_mean          | 474         |
|    ep_rew_mean          | 0.757       |
| time/                   |             |
|    fps                  | 212         |
|    iterations           | 141         |
|    time_elapsed         | 1355        |
|    total_timesteps      | 288768      |
| train/                  |             |
|    approx_kl            | 0.005188392 |
|    clip_fraction        | 0.0638      |
|    clip_range           | 0.2         |
|    entropy_loss         | -0.291      |
|    explained_variance   | 0.197       |
|    learning_rate        | 0.0003      |
|    loss                 | 1.21        |
|    n_updates            | 1400        |
|    policy_gradient_loss | -0.00526    |
|    value_loss           | 3.69        |
-----------------------------------------
FruitCounts | {'Fruit': 0, 'DecayFruit': 0, 'EnemyFruit': 0} |
------------------------------------------
| rollout/                |              |
|    ep_len_mean          | 482          |
|    ep_rew_mean          | 0.537        |
| time/                   |              |
|    fps                  | 213          |
|    iterations           | 142          |
|    time_elapsed         | 1364         |
|    total_timesteps      | 290816       |
| train/                  |              |
|    approx_kl            | 0.0077770967 |
|    clip_fraction        | 0.0632       |
|    clip_range           | 0.2          |
|    entropy_loss         | -0.294       |
|    explained_variance   | 0.125        |
|    learning_rate        | 0.0003       |
|    loss                 | 1.72         |
|    n_updates            | 1410         |
|    policy_gradient_loss | -0.00384     |
|    value_loss           | 6.64         |
------------------------------------------
FruitCounts | {'Fruit': 0, 'DecayFruit': 1, 'EnemyFruit': 3} |
------------------------------------------
| rollout/                |              |
|    ep_len_mean          | 477          |
|    ep_rew_mean          | 0.157        |
| time/                   |              |
|    fps                  | 213          |
|    iterations           | 143          |
|    time_elapsed         | 1372         |
|    total_timesteps      | 292864       |
| train/                  |              |
|    approx_kl            | 0.0039480245 |
|    clip_fraction        | 0.057        |
|    clip_range           | 0.2          |
|    entropy_loss         | -0.279       |
|    explained_variance   | 0.00422      |
|    learning_rate        | 0.0003       |
|    loss                 | 2.04         |
|    n_updates            | 1420         |
|    policy_gradient_loss | -0.00306     |
|    value_loss           | 6.68         |
------------------------------------------
FruitCounts | {'Fruit': 0, 'DecayFruit': 0, 'EnemyFruit': 0} |
-----------------------------------------
| rollout/                |             |
|    ep_len_mean          | 494         |
|    ep_rew_mean          | 0.329       |
| time/                   |             |
|    fps                  | 213         |
|    iterations           | 144         |
|    time_elapsed         | 1380        |
|    total_timesteps      | 294912      |
| train/                  |             |
|    approx_kl            | 0.005239036 |
|    clip_fraction        | 0.0477      |
|    clip_range           | 0.2         |
|    entropy_loss         | -0.285      |
|    explained_variance   | 0.148       |
|    learning_rate        | 0.0003      |
|    loss                 | 0.929       |
|    n_updates            | 1430        |
|    policy_gradient_loss | -0.00107    |
|    value_loss           | 2.55        |
-----------------------------------------
FruitCounts | {'Fruit': 1, 'DecayFruit': 1, 'EnemyFruit': 2} |
------------------------------------------
| rollout/                |              |
|    ep_len_mean          | 486          |
|    ep_rew_mean          | -0.259       |
| time/                   |              |
|    fps                  | 213          |
|    iterations           | 145          |
|    time_elapsed         | 1388         |
|    total_timesteps      | 296960       |
| train/                  |              |
|    approx_kl            | 0.0048697824 |
|    clip_fraction        | 0.0617       |
|    clip_range           | 0.2          |
|    entropy_loss         | -0.3         |
|    explained_variance   | 0.0426       |
|    learning_rate        | 0.0003       |
|    loss                 | 7.63         |
|    n_updates            | 1440         |
|    policy_gradient_loss | -0.00327     |
|    value_loss           | 5.13         |
------------------------------------------
FruitCounts | {'Fruit': 2, 'DecayFruit': 3, 'EnemyFruit': 4} |
-----------------------------------------
| rollout/                |             |
|    ep_len_mean          | 503         |
|    ep_rew_mean          | -0.418      |
| time/                   |             |
|    fps                  | 214         |
|    iterations           | 146         |
|    time_elapsed         | 1396        |
|    total_timesteps      | 299008      |
| train/                  |             |
|    approx_kl            | 0.005469149 |
|    clip_fraction        | 0.0589      |
|    clip_range           | 0.2         |
|    entropy_loss         | -0.304      |
|    explained_variance   | 0.0976      |
|    learning_rate        | 0.0003      |
|    loss                 | 1.84        |
|    n_updates            | 1450        |
|    policy_gradient_loss | -0.00473    |
|    value_loss           | 4.18        |
-----------------------------------------
FruitCounts | {'Fruit': 1, 'DecayFruit': 4, 'EnemyFruit': 2} |
------------------------------------------
| rollout/                |              |
|    ep_len_mean          | 505          |
|    ep_rew_mean          | 0.679        |
| time/                   |              |
|    fps                  | 214          |
|    iterations           | 147          |
|    time_elapsed         | 1404         |
|    total_timesteps      | 301056       |
| train/                  |              |
|    approx_kl            | 0.0069152545 |
|    clip_fraction        | 0.0631       |
|    clip_range           | 0.2          |
|    entropy_loss         | -0.288       |
|    explained_variance   | -0.105       |
|    learning_rate        | 0.0003       |
|    loss                 | 3.06         |
|    n_updates            | 1460         |
|    policy_gradient_loss | -0.003       |
|    value_loss           | 4.69         |
------------------------------------------
FruitCounts | {'Fruit': 0, 'DecayFruit': 1, 'EnemyFruit': 1} |
------------------------------------------
| rollout/                |              |
|    ep_len_mean          | 517          |
|    ep_rew_mean          | 1.33         |
| time/                   |              |
|    fps                  | 214          |
|    iterations           | 148          |
|    time_elapsed         | 1412         |
|    total_timesteps      | 303104       |
| train/                  |              |
|    approx_kl            | 0.0036299066 |
|    clip_fraction        | 0.0509       |
|    clip_range           | 0.2          |
|    entropy_loss         | -0.283       |
|    explained_variance   | 0.0569       |
|    learning_rate        | 0.0003       |
|    loss                 | 3.89         |
|    n_updates            | 1470         |
|    policy_gradient_loss | -0.00354     |
|    value_loss           | 9.74         |
------------------------------------------
FruitCounts | {'Fruit': 2, 'DecayFruit': 2, 'EnemyFruit': 5} |
-----------------------------------------
| rollout/                |             |
|    ep_len_mean          | 512         |
|    ep_rew_mean          | 1.07        |
| time/                   |             |
|    fps                  | 214         |
|    iterations           | 149         |
|    time_elapsed         | 1420        |
|    total_timesteps      | 305152      |
| train/                  |             |
|    approx_kl            | 0.009000619 |
|    clip_fraction        | 0.0724      |
|    clip_range           | 0.2         |
|    entropy_loss         | -0.289      |
|    explained_variance   | 0.0492      |
|    learning_rate        | 0.0003      |
|    loss                 | 0.876       |
|    n_updates            | 1480        |
|    policy_gradient_loss | -0.00262    |
|    value_loss           | 3.86        |
-----------------------------------------
FruitCounts | {'Fruit': 0, 'DecayFruit': 0, 'EnemyFruit': 1} |
------------------------------------------
| rollout/                |              |
|    ep_len_mean          | 537          |
|    ep_rew_mean          | 1.11         |
| time/                   |              |
|    fps                  | 215          |
|    iterations           | 150          |
|    time_elapsed         | 1428         |
|    total_timesteps      | 307200       |
| train/                  |              |
|    approx_kl            | 0.0061778277 |
|    clip_fraction        | 0.0742       |
|    clip_range           | 0.2          |
|    entropy_loss         | -0.293       |
|    explained_variance   | 0.0476       |
|    learning_rate        | 0.0003       |
|    loss                 | 1.08         |
|    n_updates            | 1490         |
|    policy_gradient_loss | -0.00406     |
|    value_loss           | 3.22         |
------------------------------------------
FruitCounts | {'Fruit': 3, 'DecayFruit': 4, 'EnemyFruit': 4} |
-----------------------------------------
| rollout/                |             |
|    ep_len_mean          | 543         |
|    ep_rew_mean          | 0.854       |
| time/                   |             |
|    fps                  | 215         |
|    iterations           | 151         |
|    time_elapsed         | 1436        |
|    total_timesteps      | 309248      |
| train/                  |             |
|    approx_kl            | 0.005592167 |
|    clip_fraction        | 0.0519      |
|    clip_range           | 0.2         |
|    entropy_loss         | -0.31       |
|    explained_variance   | -0.0311     |
|    learning_rate        | 0.0003      |
|    loss                 | 1.18        |
|    n_updates            | 1500        |
|    policy_gradient_loss | -0.00313    |
|    value_loss           | 3.6         |
-----------------------------------------
FruitCounts | {'Fruit': 0, 'DecayFruit': 4, 'EnemyFruit': 1} |
-----------------------------------------
| rollout/                |             |
|    ep_len_mean          | 564         |
|    ep_rew_mean          | 1.16        |
| time/                   |             |
|    fps                  | 215         |
|    iterations           | 152         |
|    time_elapsed         | 1444        |
|    total_timesteps      | 311296      |
| train/                  |             |
|    approx_kl            | 0.004718628 |
|    clip_fraction        | 0.0578      |
|    clip_range           | 0.2         |
|    entropy_loss         | -0.279      |
|    explained_variance   | 0.0341      |
|    learning_rate        | 0.0003      |
|    loss                 | 0.463       |
|    n_updates            | 1510        |
|    policy_gradient_loss | -0.0023     |
|    value_loss           | 4.09        |
-----------------------------------------
FruitCounts | {'Fruit': 1, 'DecayFruit': 0, 'EnemyFruit': 0} |
----------------------------------------
| rollout/                |            |
|    ep_len_mean          | 554        |
|    ep_rew_mean          | 1.56       |
| time/                   |            |
|    fps                  | 215        |
|    iterations           | 153        |
|    time_elapsed         | 1454       |
|    total_timesteps      | 313344     |
| train/                  |            |
|    approx_kl            | 0.00600604 |
|    clip_fraction        | 0.0535     |
|    clip_range           | 0.2        |
|    entropy_loss         | -0.273     |
|    explained_variance   | 0.0195     |
|    learning_rate        | 0.0003     |
|    loss                 | 3.94       |
|    n_updates            | 1520       |
|    policy_gradient_loss | -0.00174   |
|    value_loss           | 5.71       |
----------------------------------------
FruitCounts | {'Fruit': 0, 'DecayFruit': 0, 'EnemyFruit': 2} |
------------------------------------------
| rollout/                |              |
|    ep_len_mean          | 568          |
|    ep_rew_mean          | 2.08         |
| time/                   |              |
|    fps                  | 215          |
|    iterations           | 154          |
|    time_elapsed         | 1462         |
|    total_timesteps      | 315392       |
| train/                  |              |
|    approx_kl            | 0.0035249651 |
|    clip_fraction        | 0.0539       |
|    clip_range           | 0.2          |
|    entropy_loss         | -0.275       |
|    explained_variance   | 0.0771       |
|    learning_rate        | 0.0003       |
|    loss                 | 2.96         |
|    n_updates            | 1530         |
|    policy_gradient_loss | -0.00215     |
|    value_loss           | 8.89         |
------------------------------------------
FruitCounts | {'Fruit': 1, 'DecayFruit': 0, 'EnemyFruit': 1} |
-----------------------------------------
| rollout/                |             |
|    ep_len_mean          | 553         |
|    ep_rew_mean          | 3.36        |
| time/                   |             |
|    fps                  | 215         |
|    iterations           | 155         |
|    time_elapsed         | 1470        |
|    total_timesteps      | 317440      |
| train/                  |             |
|    approx_kl            | 0.004245679 |
|    clip_fraction        | 0.0507      |
|    clip_range           | 0.2         |
|    entropy_loss         | -0.281      |
|    explained_variance   | 0.188       |
|    learning_rate        | 0.0003      |
|    loss                 | 1.89        |
|    n_updates            | 1540        |
|    policy_gradient_loss | -0.00128    |
|    value_loss           | 5.57        |
-----------------------------------------
FruitCounts | {'Fruit': 1, 'DecayFruit': 2, 'EnemyFruit': 1} |
-----------------------------------------
| rollout/                |             |
|    ep_len_mean          | 562         |
|    ep_rew_mean          | 3.52        |
| time/                   |             |
|    fps                  | 216         |
|    iterations           | 156         |
|    time_elapsed         | 1478        |
|    total_timesteps      | 319488      |
| train/                  |             |
|    approx_kl            | 0.004963332 |
|    clip_fraction        | 0.0296      |
|    clip_range           | 0.2         |
|    entropy_loss         | -0.288      |
|    explained_variance   | 0.248       |
|    learning_rate        | 0.0003      |
|    loss                 | 8.99        |
|    n_updates            | 1550        |
|    policy_gradient_loss | -0.00235    |
|    value_loss           | 15          |
-----------------------------------------
FruitCounts | {'Fruit': 0, 'DecayFruit': 1, 'EnemyFruit': 1} |
-----------------------------------------
| rollout/                |             |
|    ep_len_mean          | 573         |
|    ep_rew_mean          | 3.09        |
| time/                   |             |
|    fps                  | 216         |
|    iterations           | 157         |
|    time_elapsed         | 1486        |
|    total_timesteps      | 321536      |
| train/                  |             |
|    approx_kl            | 0.005816194 |
|    clip_fraction        | 0.0477      |
|    clip_range           | 0.2         |
|    entropy_loss         | -0.288      |
|    explained_variance   | 0.228       |
|    learning_rate        | 0.0003      |
|    loss                 | 3.66        |
|    n_updates            | 1560        |
|    policy_gradient_loss | -0.00254    |
|    value_loss           | 7.03        |
-----------------------------------------
FruitCounts | {'Fruit': 0, 'DecayFruit': 4, 'EnemyFruit': 0} |
------------------------------------------
| rollout/                |              |
|    ep_len_mean          | 566          |
|    ep_rew_mean          | 3.54         |
| time/                   |              |
|    fps                  | 216          |
|    iterations           | 158          |
|    time_elapsed         | 1495         |
|    total_timesteps      | 323584       |
| train/                  |              |
|    approx_kl            | 0.0053631268 |
|    clip_fraction        | 0.0576       |
|    clip_range           | 0.2          |
|    entropy_loss         | -0.294       |
|    explained_variance   | 0.148        |
|    learning_rate        | 0.0003       |
|    loss                 | 1.17         |
|    n_updates            | 1570         |
|    policy_gradient_loss | -0.0039      |
|    value_loss           | 6.73         |
------------------------------------------
FruitCounts | {'Fruit': 0, 'DecayFruit': 1, 'EnemyFruit': 2} |
------------------------------------------
| rollout/                |              |
|    ep_len_mean          | 562          |
|    ep_rew_mean          | 3.8          |
| time/                   |              |
|    fps                  | 216          |
|    iterations           | 159          |
|    time_elapsed         | 1503         |
|    total_timesteps      | 325632       |
| train/                  |              |
|    approx_kl            | 0.0062081655 |
|    clip_fraction        | 0.072        |
|    clip_range           | 0.2          |
|    entropy_loss         | -0.3         |
|    explained_variance   | -0.0464      |
|    learning_rate        | 0.0003       |
|    loss                 | 5.6          |
|    n_updates            | 1580         |
|    policy_gradient_loss | -0.00363     |
|    value_loss           | 11.5         |
------------------------------------------
FruitCounts | {'Fruit': 2, 'DecayFruit': 2, 'EnemyFruit': 7} |
-----------------------------------------
| rollout/                |             |
|    ep_len_mean          | 564         |
|    ep_rew_mean          | 3.65        |
| time/                   |             |
|    fps                  | 216         |
|    iterations           | 160         |
|    time_elapsed         | 1511        |
|    total_timesteps      | 327680      |
| train/                  |             |
|    approx_kl            | 0.008512089 |
|    clip_fraction        | 0.067       |
|    clip_range           | 0.2         |
|    entropy_loss         | -0.262      |
|    explained_variance   | 0.00697     |
|    learning_rate        | 0.0003      |
|    loss                 | 2.68        |
|    n_updates            | 1590        |
|    policy_gradient_loss | -0.00214    |
|    value_loss           | 5.25        |
-----------------------------------------
FruitCounts | {'Fruit': 1, 'DecayFruit': 1, 'EnemyFruit': 4} |
------------------------------------------
| rollout/                |              |
|    ep_len_mean          | 575          |
|    ep_rew_mean          | 2.97         |
| time/                   |              |
|    fps                  | 216          |
|    iterations           | 161          |
|    time_elapsed         | 1520         |
|    total_timesteps      | 329728       |
| train/                  |              |
|    approx_kl            | 0.0062255235 |
|    clip_fraction        | 0.0645       |
|    clip_range           | 0.2          |
|    entropy_loss         | -0.281       |
|    explained_variance   | 0.237        |
|    learning_rate        | 0.0003       |
|    loss                 | 2.03         |
|    n_updates            | 1600         |
|    policy_gradient_loss | -0.00228     |
|    value_loss           | 5.11         |
------------------------------------------
FruitCounts | {'Fruit': 3, 'DecayFruit': 3, 'EnemyFruit': 8} |
-----------------------------------------
| rollout/                |             |
|    ep_len_mean          | 585         |
|    ep_rew_mean          | 3.06        |
| time/                   |             |
|    fps                  | 217         |
|    iterations           | 162         |
|    time_elapsed         | 1527        |
|    total_timesteps      | 331776      |
| train/                  |             |
|    approx_kl            | 0.008055856 |
|    clip_fraction        | 0.0567      |
|    clip_range           | 0.2         |
|    entropy_loss         | -0.266      |
|    explained_variance   | 0.25        |
|    learning_rate        | 0.0003      |
|    loss                 | 2.11        |
|    n_updates            | 1610        |
|    policy_gradient_loss | -0.00452    |
|    value_loss           | 4.59        |
-----------------------------------------
FruitCounts | {'Fruit': 0, 'DecayFruit': 3, 'EnemyFruit': 4} |
-----------------------------------------
| rollout/                |             |
|    ep_len_mean          | 601         |
|    ep_rew_mean          | 3.02        |
| time/                   |             |
|    fps                  | 217         |
|    iterations           | 163         |
|    time_elapsed         | 1536        |
|    total_timesteps      | 333824      |
| train/                  |             |
|    approx_kl            | 0.008005905 |
|    clip_fraction        | 0.0749      |
|    clip_range           | 0.2         |
|    entropy_loss         | -0.264      |
|    explained_variance   | 0.333       |
|    learning_rate        | 0.0003      |
|    loss                 | 1.05        |
|    n_updates            | 1620        |
|    policy_gradient_loss | -0.0026     |
|    value_loss           | 3.07        |
-----------------------------------------
FruitCounts | {'Fruit': 0, 'DecayFruit': 0, 'EnemyFruit': 1} |
-----------------------------------------
| rollout/                |             |
|    ep_len_mean          | 601         |
|    ep_rew_mean          | 3.13        |
| time/                   |             |
|    fps                  | 217         |
|    iterations           | 164         |
|    time_elapsed         | 1544        |
|    total_timesteps      | 335872      |
| train/                  |             |
|    approx_kl            | 0.004509815 |
|    clip_fraction        | 0.056       |
|    clip_range           | 0.2         |
|    entropy_loss         | -0.266      |
|    explained_variance   | -0.136      |
|    learning_rate        | 0.0003      |
|    loss                 | 1.84        |
|    n_updates            | 1630        |
|    policy_gradient_loss | -0.00319    |
|    value_loss           | 5.82        |
-----------------------------------------
FruitCounts | {'Fruit': 0, 'DecayFruit': 3, 'EnemyFruit': 7} |
----------------------------------------
| rollout/                |            |
|    ep_len_mean          | 597        |
|    ep_rew_mean          | 3.16       |
| time/                   |            |
|    fps                  | 217        |
|    iterations           | 165        |
|    time_elapsed         | 1551       |
|    total_timesteps      | 337920     |
| train/                  |            |
|    approx_kl            | 0.00414285 |
|    clip_fraction        | 0.0623     |
|    clip_range           | 0.2        |
|    entropy_loss         | -0.259     |
|    explained_variance   | -0.0777    |
|    learning_rate        | 0.0003     |
|    loss                 | 1.27       |
|    n_updates            | 1640       |
|    policy_gradient_loss | -0.00189   |
|    value_loss           | 2.9        |
----------------------------------------
FruitCounts | {'Fruit': 1, 'DecayFruit': 1, 'EnemyFruit': 1} |
------------------------------------------
| rollout/                |              |
|    ep_len_mean          | 602          |
|    ep_rew_mean          | 2.66         |
| time/                   |              |
|    fps                  | 217          |
|    iterations           | 166          |
|    time_elapsed         | 1560         |
|    total_timesteps      | 339968       |
| train/                  |              |
|    approx_kl            | 0.0053763525 |
|    clip_fraction        | 0.057        |
|    clip_range           | 0.2          |
|    entropy_loss         | -0.28        |
|    explained_variance   | 0.0148       |
|    learning_rate        | 0.0003       |
|    loss                 | 2.41         |
|    n_updates            | 1650         |
|    policy_gradient_loss | -0.00194     |
|    value_loss           | 5.33         |
------------------------------------------
FruitCounts | {'Fruit': 0, 'DecayFruit': 0, 'EnemyFruit': 0} |
-----------------------------------------
| rollout/                |             |
|    ep_len_mean          | 607         |
|    ep_rew_mean          | 2.11        |
| time/                   |             |
|    fps                  | 218         |
|    iterations           | 167         |
|    time_elapsed         | 1568        |
|    total_timesteps      | 342016      |
| train/                  |             |
|    approx_kl            | 0.008353548 |
|    clip_fraction        | 0.072       |
|    clip_range           | 0.2         |
|    entropy_loss         | -0.264      |
|    explained_variance   | -0.0824     |
|    learning_rate        | 0.0003      |
|    loss                 | 1.38        |
|    n_updates            | 1660        |
|    policy_gradient_loss | -0.00442    |
|    value_loss           | 3.28        |
-----------------------------------------
FruitCounts | {'Fruit': 0, 'DecayFruit': 1, 'EnemyFruit': 1} |
------------------------------------------
| rollout/                |              |
|    ep_len_mean          | 620          |
|    ep_rew_mean          | 1.58         |
| time/                   |              |
|    fps                  | 218          |
|    iterations           | 168          |
|    time_elapsed         | 1577         |
|    total_timesteps      | 344064       |
| train/                  |              |
|    approx_kl            | 0.0058413474 |
|    clip_fraction        | 0.0716       |
|    clip_range           | 0.2          |
|    entropy_loss         | -0.283       |
|    explained_variance   | 0.0993       |
|    learning_rate        | 0.0003       |
|    loss                 | 1.72         |
|    n_updates            | 1670         |
|    policy_gradient_loss | -0.00409     |
|    value_loss           | 4.57         |
------------------------------------------
FruitCounts | {'Fruit': 0, 'DecayFruit': 1, 'EnemyFruit': 2} |
-----------------------------------------
| rollout/                |             |
|    ep_len_mean          | 607         |
|    ep_rew_mean          | 2.08        |
| time/                   |             |
|    fps                  | 218         |
|    iterations           | 169         |
|    time_elapsed         | 1585        |
|    total_timesteps      | 346112      |
| train/                  |             |
|    approx_kl            | 0.013903994 |
|    clip_fraction        | 0.0779      |
|    clip_range           | 0.2         |
|    entropy_loss         | -0.274      |
|    explained_variance   | 0.0419      |
|    learning_rate        | 0.0003      |
|    loss                 | 1.55        |
|    n_updates            | 1680        |
|    policy_gradient_loss | -0.00441    |
|    value_loss           | 4.56        |
-----------------------------------------
FruitCounts | {'Fruit': 0, 'DecayFruit': 0, 'EnemyFruit': 1} |
-----------------------------------------
| rollout/                |             |
|    ep_len_mean          | 610         |
|    ep_rew_mean          | 1.96        |
| time/                   |             |
|    fps                  | 218         |
|    iterations           | 170         |
|    time_elapsed         | 1594        |
|    total_timesteps      | 348160      |
| train/                  |             |
|    approx_kl            | 0.005378542 |
|    clip_fraction        | 0.0503      |
|    clip_range           | 0.2         |
|    entropy_loss         | -0.272      |
|    explained_variance   | -0.108      |
|    learning_rate        | 0.0003      |
|    loss                 | 1.72        |
|    n_updates            | 1690        |
|    policy_gradient_loss | -0.00156    |
|    value_loss           | 7.52        |
-----------------------------------------
FruitCounts | {'Fruit': 0, 'DecayFruit': 1, 'EnemyFruit': 2} |
-----------------------------------------
| rollout/                |             |
|    ep_len_mean          | 612         |
|    ep_rew_mean          | 2.21        |
| time/                   |             |
|    fps                  | 218         |
|    iterations           | 171         |
|    time_elapsed         | 1602        |
|    total_timesteps      | 350208      |
| train/                  |             |
|    approx_kl            | 0.005575028 |
|    clip_fraction        | 0.0533      |
|    clip_range           | 0.2         |
|    entropy_loss         | -0.272      |
|    explained_variance   | -0.000796   |
|    learning_rate        | 0.0003      |
|    loss                 | 8.87        |
|    n_updates            | 1700        |
|    policy_gradient_loss | -0.00308    |
|    value_loss           | 4.59        |
-----------------------------------------
FruitCounts | {'Fruit': 0, 'DecayFruit': 1, 'EnemyFruit': 1} |
-----------------------------------------
| rollout/                |             |
|    ep_len_mean          | 637         |
|    ep_rew_mean          | 2.18        |
| time/                   |             |
|    fps                  | 218         |
|    iterations           | 172         |
|    time_elapsed         | 1610        |
|    total_timesteps      | 352256      |
| train/                  |             |
|    approx_kl            | 0.007392621 |
|    clip_fraction        | 0.0684      |
|    clip_range           | 0.2         |
|    entropy_loss         | -0.257      |
|    explained_variance   | 0.0682      |
|    learning_rate        | 0.0003      |
|    loss                 | 1.59        |
|    n_updates            | 1710        |
|    policy_gradient_loss | -0.00238    |
|    value_loss           | 6.02        |
-----------------------------------------
FruitCounts | {'Fruit': 0, 'DecayFruit': 0, 'EnemyFruit': 1} |
-----------------------------------------
| rollout/                |             |
|    ep_len_mean          | 647         |
|    ep_rew_mean          | 2.78        |
| time/                   |             |
|    fps                  | 218         |
|    iterations           | 173         |
|    time_elapsed         | 1618        |
|    total_timesteps      | 354304      |
| train/                  |             |
|    approx_kl            | 0.004683462 |
|    clip_fraction        | 0.0563      |
|    clip_range           | 0.2         |
|    entropy_loss         | -0.238      |
|    explained_variance   | -0.0571     |
|    learning_rate        | 0.0003      |
|    loss                 | 1.05        |
|    n_updates            | 1720        |
|    policy_gradient_loss | -0.00305    |
|    value_loss           | 6.02        |
-----------------------------------------
FruitCounts | {'Fruit': 1, 'DecayFruit': 3, 'EnemyFruit': 8} |
------------------------------------------
| rollout/                |              |
|    ep_len_mean          | 651          |
|    ep_rew_mean          | 3.01         |
| time/                   |              |
|    fps                  | 219          |
|    iterations           | 174          |
|    time_elapsed         | 1626         |
|    total_timesteps      | 356352       |
| train/                  |              |
|    approx_kl            | 0.0030939905 |
|    clip_fraction        | 0.0457       |
|    clip_range           | 0.2          |
|    entropy_loss         | -0.238       |
|    explained_variance   | -0.133       |
|    learning_rate        | 0.0003       |
|    loss                 | 0.953        |
|    n_updates            | 1730         |
|    policy_gradient_loss | -0.0036      |
|    value_loss           | 10.6         |
------------------------------------------
FruitCounts | {'Fruit': 0, 'DecayFruit': 0, 'EnemyFruit': 1} |
-----------------------------------------
| rollout/                |             |
|    ep_len_mean          | 675         |
|    ep_rew_mean          | 3.99        |
| time/                   |             |
|    fps                  | 219         |
|    iterations           | 175         |
|    time_elapsed         | 1634        |
|    total_timesteps      | 358400      |
| train/                  |             |
|    approx_kl            | 0.004731254 |
|    clip_fraction        | 0.0481      |
|    clip_range           | 0.2         |
|    entropy_loss         | -0.258      |
|    explained_variance   | -0.0671     |
|    learning_rate        | 0.0003      |
|    loss                 | 2.53        |
|    n_updates            | 1740        |
|    policy_gradient_loss | -0.00218    |
|    value_loss           | 5.36        |
-----------------------------------------
FruitCounts | {'Fruit': 0, 'DecayFruit': 9, 'EnemyFruit': 8} |
-----------------------------------------
| rollout/                |             |
|    ep_len_mean          | 665         |
|    ep_rew_mean          | 4.11        |
| time/                   |             |
|    fps                  | 219         |
|    iterations           | 176         |
|    time_elapsed         | 1641        |
|    total_timesteps      | 360448      |
| train/                  |             |
|    approx_kl            | 0.003461632 |
|    clip_fraction        | 0.0344      |
|    clip_range           | 0.2         |
|    entropy_loss         | -0.257      |
|    explained_variance   | 0.113       |
|    learning_rate        | 0.0003      |
|    loss                 | 6.01        |
|    n_updates            | 1750        |
|    policy_gradient_loss | -0.00154    |
|    value_loss           | 7.81        |
-----------------------------------------
FruitCounts | {'Fruit': 0, 'DecayFruit': 1, 'EnemyFruit': 1} |
---------------------------------------
| rollout/                |           |
|    ep_len_mean          | 674       |
|    ep_rew_mean          | 4.72      |
| time/                   |           |
|    fps                  | 219       |
|    iterations           | 177       |
|    time_elapsed         | 1651      |
|    total_timesteps      | 362496    |
| train/                  |           |
|    approx_kl            | 0.0080698 |
|    clip_fraction        | 0.053     |
|    clip_range           | 0.2       |
|    entropy_loss         | -0.25     |
|    explained_variance   | -0.138    |
|    learning_rate        | 0.0003    |
|    loss                 | 2.57      |
|    n_updates            | 1760      |
|    policy_gradient_loss | -0.000314 |
|    value_loss           | 4.54      |
---------------------------------------
FruitCounts | {'Fruit': 0, 'DecayFruit': 0, 'EnemyFruit': 1} |
----------------------------------------
| rollout/                |            |
|    ep_len_mean          | 664        |
|    ep_rew_mean          | 5.61       |
| time/                   |            |
|    fps                  | 219        |
|    iterations           | 178        |
|    time_elapsed         | 1660       |
|    total_timesteps      | 364544     |
| train/                  |            |
|    approx_kl            | 0.00802757 |
|    clip_fraction        | 0.0578     |
|    clip_range           | 0.2        |
|    entropy_loss         | -0.238     |
|    explained_variance   | 0.0111     |
|    learning_rate        | 0.0003     |
|    loss                 | 2.89       |
|    n_updates            | 1770       |
|    policy_gradient_loss | -0.00389   |
|    value_loss           | 8.34       |
----------------------------------------
FruitCounts | {'Fruit': 2, 'DecayFruit': 4, 'EnemyFruit': 2} |
-----------------------------------------
| rollout/                |             |
|    ep_len_mean          | 654         |
|    ep_rew_mean          | 4.83        |
| time/                   |             |
|    fps                  | 219         |
|    iterations           | 179         |
|    time_elapsed         | 1668        |
|    total_timesteps      | 366592      |
| train/                  |             |
|    approx_kl            | 0.007091988 |
|    clip_fraction        | 0.0651      |
|    clip_range           | 0.2         |
|    entropy_loss         | -0.255      |
|    explained_variance   | 0.138       |
|    learning_rate        | 0.0003      |
|    loss                 | 1.99        |
|    n_updates            | 1780        |
|    policy_gradient_loss | -0.0027     |
|    value_loss           | 5.96        |
-----------------------------------------
FruitCounts | {'Fruit': 3, 'DecayFruit': 4, 'EnemyFruit': 10} |
------------------------------------------
| rollout/                |              |
|    ep_len_mean          | 663          |
|    ep_rew_mean          | 5.78         |
| time/                   |              |
|    fps                  | 219          |
|    iterations           | 180          |
|    time_elapsed         | 1676         |
|    total_timesteps      | 368640       |
| train/                  |              |
|    approx_kl            | 0.0061479528 |
|    clip_fraction        | 0.0648       |
|    clip_range           | 0.2          |
|    entropy_loss         | -0.243       |
|    explained_variance   | -0.0914      |
|    learning_rate        | 0.0003       |
|    loss                 | 2.2          |
|    n_updates            | 1790         |
|    policy_gradient_loss | -0.00104     |
|    value_loss           | 8.52         |
------------------------------------------
FruitCounts | {'Fruit': 2, 'DecayFruit': 1, 'EnemyFruit': 3} |
------------------------------------------
| rollout/                |              |
|    ep_len_mean          | 663          |
|    ep_rew_mean          | 5.56         |
| time/                   |              |
|    fps                  | 220          |
|    iterations           | 181          |
|    time_elapsed         | 1684         |
|    total_timesteps      | 370688       |
| train/                  |              |
|    approx_kl            | 0.0057790475 |
|    clip_fraction        | 0.056        |
|    clip_range           | 0.2          |
|    entropy_loss         | -0.245       |
|    explained_variance   | 0.119        |
|    learning_rate        | 0.0003       |
|    loss                 | 1.35         |
|    n_updates            | 1800         |
|    policy_gradient_loss | -0.00288     |
|    value_loss           | 9.49         |
------------------------------------------
FruitCounts | {'Fruit': 1, 'DecayFruit': 2, 'EnemyFruit': 3} |
------------------------------------------
| rollout/                |              |
|    ep_len_mean          | 664          |
|    ep_rew_mean          | 5.81         |
| time/                   |              |
|    fps                  | 220          |
|    iterations           | 182          |
|    time_elapsed         | 1692         |
|    total_timesteps      | 372736       |
| train/                  |              |
|    approx_kl            | 0.0082334215 |
|    clip_fraction        | 0.0685       |
|    clip_range           | 0.2          |
|    entropy_loss         | -0.27        |
|    explained_variance   | -0.00191     |
|    learning_rate        | 0.0003       |
|    loss                 | 2.53         |
|    n_updates            | 1810         |
|    policy_gradient_loss | -0.00302     |
|    value_loss           | 5.08         |
------------------------------------------
FruitCounts | {'Fruit': 0, 'DecayFruit': 1, 'EnemyFruit': 1} |
------------------------------------------
| rollout/                |              |
|    ep_len_mean          | 626          |
|    ep_rew_mean          | 5.62         |
| time/                   |              |
|    fps                  | 220          |
|    iterations           | 183          |
|    time_elapsed         | 1701         |
|    total_timesteps      | 374784       |
| train/                  |              |
|    approx_kl            | 0.0069808587 |
|    clip_fraction        | 0.0653       |
|    clip_range           | 0.2          |
|    entropy_loss         | -0.246       |
|    explained_variance   | 0.122        |
|    learning_rate        | 0.0003       |
|    loss                 | 1.96         |
|    n_updates            | 1820         |
|    policy_gradient_loss | -0.00133     |
|    value_loss           | 3.26         |
------------------------------------------
FruitCounts | {'Fruit': 0, 'DecayFruit': 0, 'EnemyFruit': 0} |
-----------------------------------------
| rollout/                |             |
|    ep_len_mean          | 633         |
|    ep_rew_mean          | 6.23        |
| time/                   |             |
|    fps                  | 220         |
|    iterations           | 184         |
|    time_elapsed         | 1709        |
|    total_timesteps      | 376832      |
| train/                  |             |
|    approx_kl            | 0.006496023 |
|    clip_fraction        | 0.0521      |
|    clip_range           | 0.2         |
|    entropy_loss         | -0.247      |
|    explained_variance   | -0.0636     |
|    learning_rate        | 0.0003      |
|    loss                 | 4.58        |
|    n_updates            | 1830        |
|    policy_gradient_loss | -0.00257    |
|    value_loss           | 10.7        |
-----------------------------------------
FruitCounts | {'Fruit': 0, 'DecayFruit': 1, 'EnemyFruit': 2} |
------------------------------------------
| rollout/                |              |
|    ep_len_mean          | 627          |
|    ep_rew_mean          | 6.22         |
| time/                   |              |
|    fps                  | 220          |
|    iterations           | 185          |
|    time_elapsed         | 1717         |
|    total_timesteps      | 378880       |
| train/                  |              |
|    approx_kl            | 0.0036280681 |
|    clip_fraction        | 0.0405       |
|    clip_range           | 0.2          |
|    entropy_loss         | -0.259       |
|    explained_variance   | 0.0255       |
|    learning_rate        | 0.0003       |
|    loss                 | 2.8          |
|    n_updates            | 1840         |
|    policy_gradient_loss | -0.000562    |
|    value_loss           | 8.65         |
------------------------------------------
FruitCounts | {'Fruit': 0, 'DecayFruit': 3, 'EnemyFruit': 5} |
-----------------------------------------
| rollout/                |             |
|    ep_len_mean          | 634         |
|    ep_rew_mean          | 5.7         |
| time/                   |             |
|    fps                  | 220         |
|    iterations           | 186         |
|    time_elapsed         | 1725        |
|    total_timesteps      | 380928      |
| train/                  |             |
|    approx_kl            | 0.009551467 |
|    clip_fraction        | 0.0696      |
|    clip_range           | 0.2         |
|    entropy_loss         | -0.284      |
|    explained_variance   | 0.114       |
|    learning_rate        | 0.0003      |
|    loss                 | 3.84        |
|    n_updates            | 1850        |
|    policy_gradient_loss | -0.00472    |
|    value_loss           | 7.51        |
-----------------------------------------
FruitCounts | {'Fruit': 1, 'DecayFruit': 0, 'EnemyFruit': 2} |
-----------------------------------------
| rollout/                |             |
|    ep_len_mean          | 625         |
|    ep_rew_mean          | 4.5         |
| time/                   |             |
|    fps                  | 220         |
|    iterations           | 187         |
|    time_elapsed         | 1733        |
|    total_timesteps      | 382976      |
| train/                  |             |
|    approx_kl            | 0.010614114 |
|    clip_fraction        | 0.0744      |
|    clip_range           | 0.2         |
|    entropy_loss         | -0.274      |
|    explained_variance   | 0.262       |
|    learning_rate        | 0.0003      |
|    loss                 | 0.826       |
|    n_updates            | 1860        |
|    policy_gradient_loss | -0.00298    |
|    value_loss           | 3.95        |
-----------------------------------------
FruitCounts | {'Fruit': 0, 'DecayFruit': 1, 'EnemyFruit': 0} |
-----------------------------------------
| rollout/                |             |
|    ep_len_mean          | 640         |
|    ep_rew_mean          | 4.34        |
| time/                   |             |
|    fps                  | 221         |
|    iterations           | 188         |
|    time_elapsed         | 1741        |
|    total_timesteps      | 385024      |
| train/                  |             |
|    approx_kl            | 0.006283139 |
|    clip_fraction        | 0.0718      |
|    clip_range           | 0.2         |
|    entropy_loss         | -0.265      |
|    explained_variance   | 0.085       |
|    learning_rate        | 0.0003      |
|    loss                 | 1.67        |
|    n_updates            | 1870        |
|    policy_gradient_loss | -0.00393    |
|    value_loss           | 5.84        |
-----------------------------------------
FruitCounts | {'Fruit': 1, 'DecayFruit': 0, 'EnemyFruit': 3} |
-----------------------------------------
| rollout/                |             |
|    ep_len_mean          | 641         |
|    ep_rew_mean          | 4.52        |
| time/                   |             |
|    fps                  | 221         |
|    iterations           | 189         |
|    time_elapsed         | 1749        |
|    total_timesteps      | 387072      |
| train/                  |             |
|    approx_kl            | 0.008630523 |
|    clip_fraction        | 0.0801      |
|    clip_range           | 0.2         |
|    entropy_loss         | -0.265      |
|    explained_variance   | 0.213       |
|    learning_rate        | 0.0003      |
|    loss                 | 0.351       |
|    n_updates            | 1880        |
|    policy_gradient_loss | -0.000578   |
|    value_loss           | 1.21        |
-----------------------------------------
FruitCounts | {'Fruit': 0, 'DecayFruit': 1, 'EnemyFruit': 5} |
-----------------------------------------
| rollout/                |             |
|    ep_len_mean          | 651         |
|    ep_rew_mean          | 4.87        |
| time/                   |             |
|    fps                  | 221         |
|    iterations           | 190         |
|    time_elapsed         | 1757        |
|    total_timesteps      | 389120      |
| train/                  |             |
|    approx_kl            | 0.005005249 |
|    clip_fraction        | 0.0488      |
|    clip_range           | 0.2         |
|    entropy_loss         | -0.25       |
|    explained_variance   | -0.0181     |
|    learning_rate        | 0.0003      |
|    loss                 | 1.64        |
|    n_updates            | 1890        |
|    policy_gradient_loss | -0.00208    |
|    value_loss           | 4.43        |
-----------------------------------------
FruitCounts | {'Fruit': 0, 'DecayFruit': 2, 'EnemyFruit': 6} |
------------------------------------------
| rollout/                |              |
|    ep_len_mean          | 655          |
|    ep_rew_mean          | 4.36         |
| time/                   |              |
|    fps                  | 221          |
|    iterations           | 191          |
|    time_elapsed         | 1765         |
|    total_timesteps      | 391168       |
| train/                  |              |
|    approx_kl            | 0.0060967943 |
|    clip_fraction        | 0.0608       |
|    clip_range           | 0.2          |
|    entropy_loss         | -0.242       |
|    explained_variance   | -0.00568     |
|    learning_rate        | 0.0003       |
|    loss                 | 1.53         |
|    n_updates            | 1900         |
|    policy_gradient_loss | 0.000431     |
|    value_loss           | 5.81         |
------------------------------------------
FruitCounts | {'Fruit': 0, 'DecayFruit': 1, 'EnemyFruit': 1} |
-----------------------------------------
| rollout/                |             |
|    ep_len_mean          | 653         |
|    ep_rew_mean          | 4.98        |
| time/                   |             |
|    fps                  | 221         |
|    iterations           | 192         |
|    time_elapsed         | 1774        |
|    total_timesteps      | 393216      |
| train/                  |             |
|    approx_kl            | 0.005454329 |
|    clip_fraction        | 0.0741      |
|    clip_range           | 0.2         |
|    entropy_loss         | -0.252      |
|    explained_variance   | 0.0709      |
|    learning_rate        | 0.0003      |
|    loss                 | 2.36        |
|    n_updates            | 1910        |
|    policy_gradient_loss | -0.00386    |
|    value_loss           | 5.88        |
-----------------------------------------
FruitCounts | {'Fruit': 1, 'DecayFruit': 1, 'EnemyFruit': 2} |
-----------------------------------------
| rollout/                |             |
|    ep_len_mean          | 621         |
|    ep_rew_mean          | 4.61        |
| time/                   |             |
|    fps                  | 221         |
|    iterations           | 193         |
|    time_elapsed         | 1783        |
|    total_timesteps      | 395264      |
| train/                  |             |
|    approx_kl            | 0.004735968 |
|    clip_fraction        | 0.0533      |
|    clip_range           | 0.2         |
|    entropy_loss         | -0.254      |
|    explained_variance   | 0.0433      |
|    learning_rate        | 0.0003      |
|    loss                 | 1.88        |
|    n_updates            | 1920        |
|    policy_gradient_loss | -0.00418    |
|    value_loss           | 8.68        |
-----------------------------------------
FruitCounts | {'Fruit': 0, 'DecayFruit': 0, 'EnemyFruit': 1} |
------------------------------------------
| rollout/                |              |
|    ep_len_mean          | 622          |
|    ep_rew_mean          | 4.83         |
| time/                   |              |
|    fps                  | 221          |
|    iterations           | 194          |
|    time_elapsed         | 1791         |
|    total_timesteps      | 397312       |
| train/                  |              |
|    approx_kl            | 0.0038536412 |
|    clip_fraction        | 0.0355       |
|    clip_range           | 0.2          |
|    entropy_loss         | -0.253       |
|    explained_variance   | 0.078        |
|    learning_rate        | 0.0003       |
|    loss                 | 3.15         |
|    n_updates            | 1930         |
|    policy_gradient_loss | -0.0026      |
|    value_loss           | 6.82         |
------------------------------------------
FruitCounts | {'Fruit': 2, 'DecayFruit': 3, 'EnemyFruit': 10} |
------------------------------------------
| rollout/                |              |
|    ep_len_mean          | 624          |
|    ep_rew_mean          | 5.36         |
| time/                   |              |
|    fps                  | 222          |
|    iterations           | 195          |
|    time_elapsed         | 1798         |
|    total_timesteps      | 399360       |
| train/                  |              |
|    approx_kl            | 0.0033016691 |
|    clip_fraction        | 0.0474       |
|    clip_range           | 0.2          |
|    entropy_loss         | -0.25        |
|    explained_variance   | 0.0255       |
|    learning_rate        | 0.0003       |
|    loss                 | 3.01         |
|    n_updates            | 1940         |
|    policy_gradient_loss | -0.00173     |
|    value_loss           | 7.15         |
------------------------------------------
FruitCounts | {'Fruit': 1, 'DecayFruit': 2, 'EnemyFruit': 5} |
------------------------------------------
| rollout/                |              |
|    ep_len_mean          | 638          |
|    ep_rew_mean          | 5.59         |
| time/                   |              |
|    fps                  | 222          |
|    iterations           | 196          |
|    time_elapsed         | 1806         |
|    total_timesteps      | 401408       |
| train/                  |              |
|    approx_kl            | 0.0036170275 |
|    clip_fraction        | 0.0439       |
|    clip_range           | 0.2          |
|    entropy_loss         | -0.245       |
|    explained_variance   | -0.00467     |
|    learning_rate        | 0.0003       |
|    loss                 | 1.13         |
|    n_updates            | 1950         |
|    policy_gradient_loss | -0.000774    |
|    value_loss           | 5.65         |
------------------------------------------
FruitCounts | {'Fruit': 0, 'DecayFruit': 0, 'EnemyFruit': 1} |
------------------------------------------
| rollout/                |              |
|    ep_len_mean          | 628          |
|    ep_rew_mean          | 6.69         |
| time/                   |              |
|    fps                  | 222          |
|    iterations           | 197          |
|    time_elapsed         | 1814         |
|    total_timesteps      | 403456       |
| train/                  |              |
|    approx_kl            | 0.0077291983 |
|    clip_fraction        | 0.063        |
|    clip_range           | 0.2          |
|    entropy_loss         | -0.227       |
|    explained_variance   | 0.255        |
|    learning_rate        | 0.0003       |
|    loss                 | 0.351        |
|    n_updates            | 1960         |
|    policy_gradient_loss | -0.00123     |
|    value_loss           | 2.61         |
------------------------------------------
FruitCounts | {'Fruit': 1, 'DecayFruit': 4, 'EnemyFruit': 3} |
-----------------------------------------
| rollout/                |             |
|    ep_len_mean          | 627         |
|    ep_rew_mean          | 6.76        |
| time/                   |             |
|    fps                  | 222         |
|    iterations           | 198         |
|    time_elapsed         | 1821        |
|    total_timesteps      | 405504      |
| train/                  |             |
|    approx_kl            | 0.004137127 |
|    clip_fraction        | 0.0539      |
|    clip_range           | 0.2         |
|    entropy_loss         | -0.237      |
|    explained_variance   | 0.0421      |
|    learning_rate        | 0.0003      |
|    loss                 | 5.18        |
|    n_updates            | 1970        |
|    policy_gradient_loss | -0.00271    |
|    value_loss           | 11.8        |
-----------------------------------------
FruitCounts | {'Fruit': 0, 'DecayFruit': 0, 'EnemyFruit': 0} |
------------------------------------------
| rollout/                |              |
|    ep_len_mean          | 626          |
|    ep_rew_mean          | 6.92         |
| time/                   |              |
|    fps                  | 222          |
|    iterations           | 199          |
|    time_elapsed         | 1831         |
|    total_timesteps      | 407552       |
| train/                  |              |
|    approx_kl            | 0.0062592616 |
|    clip_fraction        | 0.0589       |
|    clip_range           | 0.2          |
|    entropy_loss         | -0.259       |
|    explained_variance   | -0.133       |
|    learning_rate        | 0.0003       |
|    loss                 | 2.31         |
|    n_updates            | 1980         |
|    policy_gradient_loss | -0.000594    |
|    value_loss           | 4.38         |
------------------------------------------
FruitCounts | {'Fruit': 0, 'DecayFruit': 1, 'EnemyFruit': 2} |
-----------------------------------------
| rollout/                |             |
|    ep_len_mean          | 635         |
|    ep_rew_mean          | 6.34        |
| time/                   |             |
|    fps                  | 222         |
|    iterations           | 200         |
|    time_elapsed         | 1839        |
|    total_timesteps      | 409600      |
| train/                  |             |
|    approx_kl            | 0.006603866 |
|    clip_fraction        | 0.0631      |
|    clip_range           | 0.2         |
|    entropy_loss         | -0.273      |
|    explained_variance   | 0.13        |
|    learning_rate        | 0.0003      |
|    loss                 | 1.31        |
|    n_updates            | 1990        |
|    policy_gradient_loss | -0.000161   |
|    value_loss           | 4.66        |
-----------------------------------------
FruitCounts | {'Fruit': 0, 'DecayFruit': 2, 'EnemyFruit': 1} |
------------------------------------------
| rollout/                |              |
|    ep_len_mean          | 637          |
|    ep_rew_mean          | 6.96         |
| time/                   |              |
|    fps                  | 222          |
|    iterations           | 201          |
|    time_elapsed         | 1847         |
|    total_timesteps      | 411648       |
| train/                  |              |
|    approx_kl            | 0.0052420124 |
|    clip_fraction        | 0.0522       |
|    clip_range           | 0.2          |
|    entropy_loss         | -0.254       |
|    explained_variance   | -0.104       |
|    learning_rate        | 0.0003       |
|    loss                 | 1.53         |
|    n_updates            | 2000         |
|    policy_gradient_loss | -0.0023      |
|    value_loss           | 2.63         |
------------------------------------------
FruitCounts | {'Fruit': 0, 'DecayFruit': 0, 'EnemyFruit': 1} |
------------------------------------------
| rollout/                |              |
|    ep_len_mean          | 646          |
|    ep_rew_mean          | 7.04         |
| time/                   |              |
|    fps                  | 222          |
|    iterations           | 202          |
|    time_elapsed         | 1855         |
|    total_timesteps      | 413696       |
| train/                  |              |
|    approx_kl            | 0.0058741085 |
|    clip_fraction        | 0.053        |
|    clip_range           | 0.2          |
|    entropy_loss         | -0.262       |
|    explained_variance   | -0.0136      |
|    learning_rate        | 0.0003       |
|    loss                 | 2.83         |
|    n_updates            | 2010         |
|    policy_gradient_loss | -0.000502    |
|    value_loss           | 6.59         |
------------------------------------------
FruitCounts | {'Fruit': 0, 'DecayFruit': 1, 'EnemyFruit': 1} |
-----------------------------------------
| rollout/                |             |
|    ep_len_mean          | 645         |
|    ep_rew_mean          | 6.72        |
| time/                   |             |
|    fps                  | 223         |
|    iterations           | 203         |
|    time_elapsed         | 1863        |
|    total_timesteps      | 415744      |
| train/                  |             |
|    approx_kl            | 0.007652502 |
|    clip_fraction        | 0.0828      |
|    clip_range           | 0.2         |
|    entropy_loss         | -0.279      |
|    explained_variance   | 0.102       |
|    learning_rate        | 0.0003      |
|    loss                 | 2.78        |
|    n_updates            | 2020        |
|    policy_gradient_loss | -0.00279    |
|    value_loss           | 2.8         |
-----------------------------------------
FruitCounts | {'Fruit': 2, 'DecayFruit': 0, 'EnemyFruit': 5} |
------------------------------------------
| rollout/                |              |
|    ep_len_mean          | 616          |
|    ep_rew_mean          | 5.76         |
| time/                   |              |
|    fps                  | 223          |
|    iterations           | 204          |
|    time_elapsed         | 1872         |
|    total_timesteps      | 417792       |
| train/                  |              |
|    approx_kl            | 0.0054192785 |
|    clip_fraction        | 0.0664       |
|    clip_range           | 0.2          |
|    entropy_loss         | -0.282       |
|    explained_variance   | 0.0545       |
|    learning_rate        | 0.0003       |
|    loss                 | 1.36         |
|    n_updates            | 2030         |
|    policy_gradient_loss | -0.00112     |
|    value_loss           | 2.79         |
------------------------------------------
FruitCounts | {'Fruit': 0, 'DecayFruit': 5, 'EnemyFruit': 14} |
-----------------------------------------
| rollout/                |             |
|    ep_len_mean          | 603         |
|    ep_rew_mean          | 4.97        |
| time/                   |             |
|    fps                  | 223         |
|    iterations           | 205         |
|    time_elapsed         | 1879        |
|    total_timesteps      | 419840      |
| train/                  |             |
|    approx_kl            | 0.004045288 |
|    clip_fraction        | 0.049       |
|    clip_range           | 0.2         |
|    entropy_loss         | -0.256      |
|    explained_variance   | 0.19        |
|    learning_rate        | 0.0003      |
|    loss                 | 1.06        |
|    n_updates            | 2040        |
|    policy_gradient_loss | -0.00373    |
|    value_loss           | 6.12        |
-----------------------------------------
FruitCounts | {'Fruit': 0, 'DecayFruit': 0, 'EnemyFruit': 1} |
-----------------------------------------
| rollout/                |             |
|    ep_len_mean          | 605         |
|    ep_rew_mean          | 4.87        |
| time/                   |             |
|    fps                  | 223         |
|    iterations           | 206         |
|    time_elapsed         | 1888        |
|    total_timesteps      | 421888      |
| train/                  |             |
|    approx_kl            | 0.004800437 |
|    clip_fraction        | 0.0399      |
|    clip_range           | 0.2         |
|    entropy_loss         | -0.255      |
|    explained_variance   | -0.0533     |
|    learning_rate        | 0.0003      |
|    loss                 | 0.986       |
|    n_updates            | 2050        |
|    policy_gradient_loss | -0.0017     |
|    value_loss           | 5.14        |
-----------------------------------------
FruitCounts | {'Fruit': 0, 'DecayFruit': 1, 'EnemyFruit': 2} |
------------------------------------------
| rollout/                |              |
|    ep_len_mean          | 611          |
|    ep_rew_mean          | 5.06         |
| time/                   |              |
|    fps                  | 223          |
|    iterations           | 207          |
|    time_elapsed         | 1896         |
|    total_timesteps      | 423936       |
| train/                  |              |
|    approx_kl            | 0.0063303667 |
|    clip_fraction        | 0.0546       |
|    clip_range           | 0.2          |
|    entropy_loss         | -0.231       |
|    explained_variance   | 0.32         |
|    learning_rate        | 0.0003       |
|    loss                 | 1.57         |
|    n_updates            | 2060         |
|    policy_gradient_loss | -0.0053      |
|    value_loss           | 4.68         |
------------------------------------------
FruitCounts | {'Fruit': 1, 'DecayFruit': 5, 'EnemyFruit': 10} |
-----------------------------------------
| rollout/                |             |
|    ep_len_mean          | 613         |
|    ep_rew_mean          | 5.01        |
| time/                   |             |
|    fps                  | 223         |
|    iterations           | 208         |
|    time_elapsed         | 1903        |
|    total_timesteps      | 425984      |
| train/                  |             |
|    approx_kl            | 0.007586001 |
|    clip_fraction        | 0.047       |
|    clip_range           | 0.2         |
|    entropy_loss         | -0.243      |
|    explained_variance   | 0.212       |
|    learning_rate        | 0.0003      |
|    loss                 | 5.57        |
|    n_updates            | 2070        |
|    policy_gradient_loss | -0.00222    |
|    value_loss           | 8.07        |
-----------------------------------------
FruitCounts | {'Fruit': 1, 'DecayFruit': 2, 'EnemyFruit': 4} |
-----------------------------------------
| rollout/                |             |
|    ep_len_mean          | 629         |
|    ep_rew_mean          | 6.06        |
| time/                   |             |
|    fps                  | 223         |
|    iterations           | 209         |
|    time_elapsed         | 1912        |
|    total_timesteps      | 428032      |
| train/                  |             |
|    approx_kl            | 0.005207391 |
|    clip_fraction        | 0.0608      |
|    clip_range           | 0.2         |
|    entropy_loss         | -0.246      |
|    explained_variance   | -0.00813    |
|    learning_rate        | 0.0003      |
|    loss                 | 1.69        |
|    n_updates            | 2080        |
|    policy_gradient_loss | -0.0027     |
|    value_loss           | 3.62        |
-----------------------------------------
FruitCounts | {'Fruit': 3, 'DecayFruit': 1, 'EnemyFruit': 4} |
------------------------------------------
| rollout/                |              |
|    ep_len_mean          | 619          |
|    ep_rew_mean          | 5.57         |
| time/                   |              |
|    fps                  | 223          |
|    iterations           | 210          |
|    time_elapsed         | 1921         |
|    total_timesteps      | 430080       |
| train/                  |              |
|    approx_kl            | 0.0026992066 |
|    clip_fraction        | 0.0426       |
|    clip_range           | 0.2          |
|    entropy_loss         | -0.246       |
|    explained_variance   | 0.1          |
|    learning_rate        | 0.0003       |
|    loss                 | 9.95         |
|    n_updates            | 2090         |
|    policy_gradient_loss | -0.00215     |
|    value_loss           | 13.5         |
------------------------------------------
FruitCounts | {'Fruit': 0, 'DecayFruit': 1, 'EnemyFruit': 0} |
------------------------------------------
| rollout/                |              |
|    ep_len_mean          | 602          |
|    ep_rew_mean          | 5.27         |
| time/                   |              |
|    fps                  | 223          |
|    iterations           | 211          |
|    time_elapsed         | 1929         |
|    total_timesteps      | 432128       |
| train/                  |              |
|    approx_kl            | 0.0044330936 |
|    clip_fraction        | 0.0469       |
|    clip_range           | 0.2          |
|    entropy_loss         | -0.253       |
|    explained_variance   | 0.171        |
|    learning_rate        | 0.0003       |
|    loss                 | 7.29         |
|    n_updates            | 2100         |
|    policy_gradient_loss | -0.00192     |
|    value_loss           | 10.1         |
------------------------------------------
FruitCounts | {'Fruit': 0, 'DecayFruit': 0, 'EnemyFruit': 1} |
-----------------------------------------
| rollout/                |             |
|    ep_len_mean          | 604         |
|    ep_rew_mean          | 4.94        |
| time/                   |             |
|    fps                  | 224         |
|    iterations           | 212         |
|    time_elapsed         | 1937        |
|    total_timesteps      | 434176      |
| train/                  |             |
|    approx_kl            | 0.004577979 |
|    clip_fraction        | 0.0528      |
|    clip_range           | 0.2         |
|    entropy_loss         | -0.222      |
|    explained_variance   | 0.178       |
|    learning_rate        | 0.0003      |
|    loss                 | 1.19        |
|    n_updates            | 2110        |
|    policy_gradient_loss | -0.00245    |
|    value_loss           | 3.73        |
-----------------------------------------
FruitCounts | {'Fruit': 0, 'DecayFruit': 1, 'EnemyFruit': 1} |
-----------------------------------------
| rollout/                |             |
|    ep_len_mean          | 614         |
|    ep_rew_mean          | 4.63        |
| time/                   |             |
|    fps                  | 224         |
|    iterations           | 213         |
|    time_elapsed         | 1945        |
|    total_timesteps      | 436224      |
| train/                  |             |
|    approx_kl            | 0.013292291 |
|    clip_fraction        | 0.0776      |
|    clip_range           | 0.2         |
|    entropy_loss         | -0.232      |
|    explained_variance   | 0.133       |
|    learning_rate        | 0.0003      |
|    loss                 | 0.891       |
|    n_updates            | 2120        |
|    policy_gradient_loss | -0.00457    |
|    value_loss           | 5.38        |
-----------------------------------------
FruitCounts | {'Fruit': 0, 'DecayFruit': 1, 'EnemyFruit': 3} |
-----------------------------------------
| rollout/                |             |
|    ep_len_mean          | 621         |
|    ep_rew_mean          | 5.17        |
| time/                   |             |
|    fps                  | 224         |
|    iterations           | 214         |
|    time_elapsed         | 1953        |
|    total_timesteps      | 438272      |
| train/                  |             |
|    approx_kl            | 0.009163243 |
|    clip_fraction        | 0.0829      |
|    clip_range           | 0.2         |
|    entropy_loss         | -0.232      |
|    explained_variance   | -0.0858     |
|    learning_rate        | 0.0003      |
|    loss                 | 0.213       |
|    n_updates            | 2130        |
|    policy_gradient_loss | -0.00345    |
|    value_loss           | 2.18        |
-----------------------------------------
FruitCounts | {'Fruit': 0, 'DecayFruit': 6, 'EnemyFruit': 5} |
-----------------------------------------
| rollout/                |             |
|    ep_len_mean          | 626         |
|    ep_rew_mean          | 5.57        |
| time/                   |             |
|    fps                  | 224         |
|    iterations           | 215         |
|    time_elapsed         | 1961        |
|    total_timesteps      | 440320      |
| train/                  |             |
|    approx_kl            | 0.005679572 |
|    clip_fraction        | 0.0472      |
|    clip_range           | 0.2         |
|    entropy_loss         | -0.225      |
|    explained_variance   | 0.271       |
|    learning_rate        | 0.0003      |
|    loss                 | 2.97        |
|    n_updates            | 2140        |
|    policy_gradient_loss | -0.0037     |
|    value_loss           | 6.74        |
-----------------------------------------
FruitCounts | {'Fruit': 1, 'DecayFruit': 1, 'EnemyFruit': 4} |
------------------------------------------
| rollout/                |              |
|    ep_len_mean          | 632          |
|    ep_rew_mean          | 6.48         |
| time/                   |              |
|    fps                  | 224          |
|    iterations           | 216          |
|    time_elapsed         | 1970         |
|    total_timesteps      | 442368       |
| train/                  |              |
|    approx_kl            | 0.0039649913 |
|    clip_fraction        | 0.0525       |
|    clip_range           | 0.2          |
|    entropy_loss         | -0.229       |
|    explained_variance   | 0.0215       |
|    learning_rate        | 0.0003       |
|    loss                 | 5.54         |
|    n_updates            | 2150         |
|    policy_gradient_loss | -0.00431     |
|    value_loss           | 8.75         |
------------------------------------------
FruitCounts | {'Fruit': 0, 'DecayFruit': 0, 'EnemyFruit': 2} |
-----------------------------------------
| rollout/                |             |
|    ep_len_mean          | 634         |
|    ep_rew_mean          | 6.17        |
| time/                   |             |
|    fps                  | 224         |
|    iterations           | 217         |
|    time_elapsed         | 1978        |
|    total_timesteps      | 444416      |
| train/                  |             |
|    approx_kl            | 0.005640354 |
|    clip_fraction        | 0.0489      |
|    clip_range           | 0.2         |
|    entropy_loss         | -0.222      |
|    explained_variance   | 0.0832      |
|    learning_rate        | 0.0003      |
|    loss                 | 4.99        |
|    n_updates            | 2160        |
|    policy_gradient_loss | -0.00278    |
|    value_loss           | 7.9         |
-----------------------------------------
FruitCounts | {'Fruit': 0, 'DecayFruit': 5, 'EnemyFruit': 9} |
------------------------------------------
| rollout/                |              |
|    ep_len_mean          | 643          |
|    ep_rew_mean          | 6.39         |
| time/                   |              |
|    fps                  | 224          |
|    iterations           | 218          |
|    time_elapsed         | 1985         |
|    total_timesteps      | 446464       |
| train/                  |              |
|    approx_kl            | 0.0049331104 |
|    clip_fraction        | 0.0558       |
|    clip_range           | 0.2          |
|    entropy_loss         | -0.225       |
|    explained_variance   | 0.0527       |
|    learning_rate        | 0.0003       |
|    loss                 | 1.23         |
|    n_updates            | 2170         |
|    policy_gradient_loss | -0.00345     |
|    value_loss           | 4.79         |
------------------------------------------
FruitCounts | {'Fruit': 1, 'DecayFruit': 0, 'EnemyFruit': 4} |
------------------------------------------
| rollout/                |              |
|    ep_len_mean          | 655          |
|    ep_rew_mean          | 7.39         |
| time/                   |              |
|    fps                  | 224          |
|    iterations           | 219          |
|    time_elapsed         | 1994         |
|    total_timesteps      | 448512       |
| train/                  |              |
|    approx_kl            | 0.0041862545 |
|    clip_fraction        | 0.0414       |
|    clip_range           | 0.2          |
|    entropy_loss         | -0.235       |
|    explained_variance   | 0.08         |
|    learning_rate        | 0.0003       |
|    loss                 | 10.7         |
|    n_updates            | 2180         |
|    policy_gradient_loss | -0.00167     |
|    value_loss           | 7.76         |
------------------------------------------
FruitCounts | {'Fruit': 0, 'DecayFruit': 0, 'EnemyFruit': 1} |
------------------------------------------
| rollout/                |              |
|    ep_len_mean          | 606          |
|    ep_rew_mean          | 6.95         |
| time/                   |              |
|    fps                  | 224          |
|    iterations           | 220          |
|    time_elapsed         | 2003         |
|    total_timesteps      | 450560       |
| train/                  |              |
|    approx_kl            | 0.0053338828 |
|    clip_fraction        | 0.0383       |
|    clip_range           | 0.2          |
|    entropy_loss         | -0.218       |
|    explained_variance   | 0.288        |
|    learning_rate        | 0.0003       |
|    loss                 | 5.69         |
|    n_updates            | 2190         |
|    policy_gradient_loss | -0.000602    |
|    value_loss           | 7.2          |
------------------------------------------
FruitCounts | {'Fruit': 1, 'DecayFruit': 2, 'EnemyFruit': 4} |
-----------------------------------------
| rollout/                |             |
|    ep_len_mean          | 620         |
|    ep_rew_mean          | 7.25        |
| time/                   |             |
|    fps                  | 225         |
|    iterations           | 221         |
|    time_elapsed         | 2010        |
|    total_timesteps      | 452608      |
| train/                  |             |
|    approx_kl            | 0.004558905 |
|    clip_fraction        | 0.0472      |
|    clip_range           | 0.2         |
|    entropy_loss         | -0.248      |
|    explained_variance   | 0.0802      |
|    learning_rate        | 0.0003      |
|    loss                 | 3.71        |
|    n_updates            | 2200        |
|    policy_gradient_loss | -0.00312    |
|    value_loss           | 8.11        |
-----------------------------------------
FruitCounts | {'Fruit': 0, 'DecayFruit': 1, 'EnemyFruit': 2} |
-----------------------------------------
| rollout/                |             |
|    ep_len_mean          | 621         |
|    ep_rew_mean          | 7.12        |
| time/                   |             |
|    fps                  | 225         |
|    iterations           | 222         |
|    time_elapsed         | 2019        |
|    total_timesteps      | 454656      |
| train/                  |             |
|    approx_kl            | 0.004374965 |
|    clip_fraction        | 0.0607      |
|    clip_range           | 0.2         |
|    entropy_loss         | -0.224      |
|    explained_variance   | 0.0639      |
|    learning_rate        | 0.0003      |
|    loss                 | 3.68        |
|    n_updates            | 2210        |
|    policy_gradient_loss | -0.00147    |
|    value_loss           | 4.44        |
-----------------------------------------
FruitCounts | {'Fruit': 1, 'DecayFruit': 1, 'EnemyFruit': 2} |
-----------------------------------------
| rollout/                |             |
|    ep_len_mean          | 620         |
|    ep_rew_mean          | 6.39        |
| time/                   |             |
|    fps                  | 225         |
|    iterations           | 223         |
|    time_elapsed         | 2027        |
|    total_timesteps      | 456704      |
| train/                  |             |
|    approx_kl            | 0.008727081 |
|    clip_fraction        | 0.0618      |
|    clip_range           | 0.2         |
|    entropy_loss         | -0.223      |
|    explained_variance   | -0.072      |
|    learning_rate        | 0.0003      |
|    loss                 | 1.36        |
|    n_updates            | 2220        |
|    policy_gradient_loss | -0.000448   |
|    value_loss           | 2.89        |
-----------------------------------------
FruitCounts | {'Fruit': 1, 'DecayFruit': 4, 'EnemyFruit': 2} |
----------------------------------------
| rollout/                |            |
|    ep_len_mean          | 632        |
|    ep_rew_mean          | 6.49       |
| time/                   |            |
|    fps                  | 225        |
|    iterations           | 224        |
|    time_elapsed         | 2035       |
|    total_timesteps      | 458752     |
| train/                  |            |
|    approx_kl            | 0.00786418 |
|    clip_fraction        | 0.0646     |
|    clip_range           | 0.2        |
|    entropy_loss         | -0.215     |
|    explained_variance   | 0.0906     |
|    learning_rate        | 0.0003     |
|    loss                 | 2.02       |
|    n_updates            | 2230       |
|    policy_gradient_loss | -0.00267   |
|    value_loss           | 5.21       |
----------------------------------------
FruitCounts | {'Fruit': 0, 'DecayFruit': 1, 'EnemyFruit': 0} |
------------------------------------------
| rollout/                |              |
|    ep_len_mean          | 653          |
|    ep_rew_mean          | 6.81         |
| time/                   |              |
|    fps                  | 225          |
|    iterations           | 225          |
|    time_elapsed         | 2043         |
|    total_timesteps      | 460800       |
| train/                  |              |
|    approx_kl            | 0.0059978403 |
|    clip_fraction        | 0.0429       |
|    clip_range           | 0.2          |
|    entropy_loss         | -0.212       |
|    explained_variance   | 0.367        |
|    learning_rate        | 0.0003       |
|    loss                 | 1.72         |
|    n_updates            | 2240         |
|    policy_gradient_loss | -0.000597    |
|    value_loss           | 2.77         |
------------------------------------------
FruitCounts | {'Fruit': 0, 'DecayFruit': 2, 'EnemyFruit': 3} |
-----------------------------------------
| rollout/                |             |
|    ep_len_mean          | 640         |
|    ep_rew_mean          | 6.25        |
| time/                   |             |
|    fps                  | 225         |
|    iterations           | 226         |
|    time_elapsed         | 2051        |
|    total_timesteps      | 462848      |
| train/                  |             |
|    approx_kl            | 0.003818532 |
|    clip_fraction        | 0.0559      |
|    clip_range           | 0.2         |
|    entropy_loss         | -0.234      |
|    explained_variance   | 0.167       |
|    learning_rate        | 0.0003      |
|    loss                 | 3.25        |
|    n_updates            | 2250        |
|    policy_gradient_loss | -0.00177    |
|    value_loss           | 5.45        |
-----------------------------------------
FruitCounts | {'Fruit': 2, 'DecayFruit': 4, 'EnemyFruit': 7} |
------------------------------------------
| rollout/                |              |
|    ep_len_mean          | 625          |
|    ep_rew_mean          | 6.41         |
| time/                   |              |
|    fps                  | 225          |
|    iterations           | 227          |
|    time_elapsed         | 2059         |
|    total_timesteps      | 464896       |
| train/                  |              |
|    approx_kl            | 0.0045006047 |
|    clip_fraction        | 0.0465       |
|    clip_range           | 0.2          |
|    entropy_loss         | -0.209       |
|    explained_variance   | 0.0849       |
|    learning_rate        | 0.0003       |
|    loss                 | 2.19         |
|    n_updates            | 2260         |
|    policy_gradient_loss | -0.00267     |
|    value_loss           | 4.12         |
------------------------------------------
FruitCounts | {'Fruit': 3, 'DecayFruit': 2, 'EnemyFruit': 6} |
------------------------------------------
| rollout/                |              |
|    ep_len_mean          | 629          |
|    ep_rew_mean          | 6.13         |
| time/                   |              |
|    fps                  | 225          |
|    iterations           | 228          |
|    time_elapsed         | 2067         |
|    total_timesteps      | 466944       |
| train/                  |              |
|    approx_kl            | 0.0044616107 |
|    clip_fraction        | 0.0323       |
|    clip_range           | 0.2          |
|    entropy_loss         | -0.197       |
|    explained_variance   | -0.0704      |
|    learning_rate        | 0.0003       |
|    loss                 | 5.84         |
|    n_updates            | 2270         |
|    policy_gradient_loss | -0.00273     |
|    value_loss           | 16.4         |
------------------------------------------
FruitCounts | {'Fruit': 0, 'DecayFruit': 0, 'EnemyFruit': 0} |
-----------------------------------------
| rollout/                |             |
|    ep_len_mean          | 652         |
|    ep_rew_mean          | 6.53        |
| time/                   |             |
|    fps                  | 225         |
|    iterations           | 229         |
|    time_elapsed         | 2075        |
|    total_timesteps      | 468992      |
| train/                  |             |
|    approx_kl            | 0.007861334 |
|    clip_fraction        | 0.0658      |
|    clip_range           | 0.2         |
|    entropy_loss         | -0.212      |
|    explained_variance   | 0.349       |
|    learning_rate        | 0.0003      |
|    loss                 | 2.04        |
|    n_updates            | 2280        |
|    policy_gradient_loss | -0.00258    |
|    value_loss           | 3.24        |
-----------------------------------------
FruitCounts | {'Fruit': 2, 'DecayFruit': 2, 'EnemyFruit': 3} |
-----------------------------------------
| rollout/                |             |
|    ep_len_mean          | 647         |
|    ep_rew_mean          | 6.89        |
| time/                   |             |
|    fps                  | 226         |
|    iterations           | 230         |
|    time_elapsed         | 2083        |
|    total_timesteps      | 471040      |
| train/                  |             |
|    approx_kl            | 0.007852342 |
|    clip_fraction        | 0.0652      |
|    clip_range           | 0.2         |
|    entropy_loss         | -0.199      |
|    explained_variance   | 0.217       |
|    learning_rate        | 0.0003      |
|    loss                 | 1.28        |
|    n_updates            | 2290        |
|    policy_gradient_loss | -0.00436    |
|    value_loss           | 3.55        |
-----------------------------------------
FruitCounts | {'Fruit': 0, 'DecayFruit': 1, 'EnemyFruit': 0} |
----------------------------------------
| rollout/                |            |
|    ep_len_mean          | 659        |
|    ep_rew_mean          | 7.95       |
| time/                   |            |
|    fps                  | 226        |
|    iterations           | 231        |
|    time_elapsed         | 2091       |
|    total_timesteps      | 473088     |
| train/                  |            |
|    approx_kl            | 0.00409751 |
|    clip_fraction        | 0.0583     |
|    clip_range           | 0.2        |
|    entropy_loss         | -0.192     |
|    explained_variance   | 0.0828     |
|    learning_rate        | 0.0003     |
|    loss                 | 0.816      |
|    n_updates            | 2300       |
|    policy_gradient_loss | -2.69e-05  |
|    value_loss           | 4.69       |
----------------------------------------
FruitCounts | {'Fruit': 1, 'DecayFruit': 5, 'EnemyFruit': 5} |
------------------------------------------
| rollout/                |              |
|    ep_len_mean          | 667          |
|    ep_rew_mean          | 8.1          |
| time/                   |              |
|    fps                  | 226          |
|    iterations           | 232          |
|    time_elapsed         | 2099         |
|    total_timesteps      | 475136       |
| train/                  |              |
|    approx_kl            | 0.0069830674 |
|    clip_fraction        | 0.0518       |
|    clip_range           | 0.2          |
|    entropy_loss         | -0.212       |
|    explained_variance   | 0.147        |
|    learning_rate        | 0.0003       |
|    loss                 | 3.65         |
|    n_updates            | 2310         |
|    policy_gradient_loss | -0.00235     |
|    value_loss           | 7.28         |
------------------------------------------
FruitCounts | {'Fruit': 1, 'DecayFruit': 2, 'EnemyFruit': 2} |
---------------------------------------
| rollout/                |           |
|    ep_len_mean          | 671       |
|    ep_rew_mean          | 9.2       |
| time/                   |           |
|    fps                  | 226       |
|    iterations           | 233       |
|    time_elapsed         | 2107      |
|    total_timesteps      | 477184    |
| train/                  |           |
|    approx_kl            | 0.0080308 |
|    clip_fraction        | 0.0564    |
|    clip_range           | 0.2       |
|    entropy_loss         | -0.208    |
|    explained_variance   | 0.114     |
|    learning_rate        | 0.0003    |
|    loss                 | 1.33      |
|    n_updates            | 2320      |
|    policy_gradient_loss | -0.0026   |
|    value_loss           | 9.71      |
---------------------------------------
FruitCounts | {'Fruit': 0, 'DecayFruit': 4, 'EnemyFruit': 6} |
-----------------------------------------
| rollout/                |             |
|    ep_len_mean          | 674         |
|    ep_rew_mean          | 9.69        |
| time/                   |             |
|    fps                  | 226         |
|    iterations           | 234         |
|    time_elapsed         | 2115        |
|    total_timesteps      | 479232      |
| train/                  |             |
|    approx_kl            | 0.005670332 |
|    clip_fraction        | 0.0435      |
|    clip_range           | 0.2         |
|    entropy_loss         | -0.188      |
|    explained_variance   | 0.255       |
|    learning_rate        | 0.0003      |
|    loss                 | 1.51        |
|    n_updates            | 2330        |
|    policy_gradient_loss | -0.00272    |
|    value_loss           | 5.27        |
-----------------------------------------
FruitCounts | {'Fruit': 0, 'DecayFruit': 0, 'EnemyFruit': 0} |
------------------------------------------
| rollout/                |              |
|    ep_len_mean          | 686          |
|    ep_rew_mean          | 9.74         |
| time/                   |              |
|    fps                  | 226          |
|    iterations           | 235          |
|    time_elapsed         | 2124         |
|    total_timesteps      | 481280       |
| train/                  |              |
|    approx_kl            | 0.0028231223 |
|    clip_fraction        | 0.0371       |
|    clip_range           | 0.2          |
|    entropy_loss         | -0.2         |
|    explained_variance   | 0.234        |
|    learning_rate        | 0.0003       |
|    loss                 | 4.78         |
|    n_updates            | 2340         |
|    policy_gradient_loss | -0.00421     |
|    value_loss           | 10.4         |
------------------------------------------
FruitCounts | {'Fruit': 0, 'DecayFruit': 0, 'EnemyFruit': 0} |
-----------------------------------------
| rollout/                |             |
|    ep_len_mean          | 678         |
|    ep_rew_mean          | 10.7        |
| time/                   |             |
|    fps                  | 226         |
|    iterations           | 236         |
|    time_elapsed         | 2132        |
|    total_timesteps      | 483328      |
| train/                  |             |
|    approx_kl            | 0.008005395 |
|    clip_fraction        | 0.0551      |
|    clip_range           | 0.2         |
|    entropy_loss         | -0.206      |
|    explained_variance   | -0.0679     |
|    learning_rate        | 0.0003      |
|    loss                 | 0.542       |
|    n_updates            | 2350        |
|    policy_gradient_loss | -0.00145    |
|    value_loss           | 3.58        |
-----------------------------------------
FruitCounts | {'Fruit': 0, 'DecayFruit': 1, 'EnemyFruit': 2} |
-----------------------------------------
| rollout/                |             |
|    ep_len_mean          | 682         |
|    ep_rew_mean          | 10.2        |
| time/                   |             |
|    fps                  | 226         |
|    iterations           | 237         |
|    time_elapsed         | 2140        |
|    total_timesteps      | 485376      |
| train/                  |             |
|    approx_kl            | 0.002735856 |
|    clip_fraction        | 0.0335      |
|    clip_range           | 0.2         |
|    entropy_loss         | -0.181      |
|    explained_variance   | -0.171      |
|    learning_rate        | 0.0003      |
|    loss                 | 4.23        |
|    n_updates            | 2360        |
|    policy_gradient_loss | -0.000843   |
|    value_loss           | 9.38        |
-----------------------------------------
FruitCounts | {'Fruit': 0, 'DecayFruit': 3, 'EnemyFruit': 3} |
------------------------------------------
| rollout/                |              |
|    ep_len_mean          | 665          |
|    ep_rew_mean          | 10.4         |
| time/                   |              |
|    fps                  | 226          |
|    iterations           | 238          |
|    time_elapsed         | 2148         |
|    total_timesteps      | 487424       |
| train/                  |              |
|    approx_kl            | 0.0038024664 |
|    clip_fraction        | 0.0651       |
|    clip_range           | 0.2          |
|    entropy_loss         | -0.218       |
|    explained_variance   | -0.244       |
|    learning_rate        | 0.0003       |
|    loss                 | 1.27         |
|    n_updates            | 2370         |
|    policy_gradient_loss | 0.00203      |
|    value_loss           | 4.34         |
------------------------------------------
FruitCounts | {'Fruit': 1, 'DecayFruit': 4, 'EnemyFruit': 3} |
------------------------------------------
| rollout/                |              |
|    ep_len_mean          | 665          |
|    ep_rew_mean          | 9.98         |
| time/                   |              |
|    fps                  | 227          |
|    iterations           | 239          |
|    time_elapsed         | 2156         |
|    total_timesteps      | 489472       |
| train/                  |              |
|    approx_kl            | 0.0053218408 |
|    clip_fraction        | 0.0611       |
|    clip_range           | 0.2          |
|    entropy_loss         | -0.19        |
|    explained_variance   | 0.0531       |
|    learning_rate        | 0.0003       |
|    loss                 | 1.53         |
|    n_updates            | 2380         |
|    policy_gradient_loss | -0.00415     |
|    value_loss           | 3.24         |
------------------------------------------
FruitCounts | {'Fruit': 2, 'DecayFruit': 3, 'EnemyFruit': 4} |
------------------------------------------
| rollout/                |              |
|    ep_len_mean          | 673          |
|    ep_rew_mean          | 10           |
| time/                   |              |
|    fps                  | 227          |
|    iterations           | 240          |
|    time_elapsed         | 2164         |
|    total_timesteps      | 491520       |
| train/                  |              |
|    approx_kl            | 0.0099957045 |
|    clip_fraction        | 0.0556       |
|    clip_range           | 0.2          |
|    entropy_loss         | -0.183       |
|    explained_variance   | 0.0572       |
|    learning_rate        | 0.0003       |
|    loss                 | 0.734        |
|    n_updates            | 2390         |
|    policy_gradient_loss | -0.00149     |
|    value_loss           | 3.24         |
------------------------------------------
FruitCounts | {'Fruit': 1, 'DecayFruit': 2, 'EnemyFruit': 0} |
-----------------------------------------
| rollout/                |             |
|    ep_len_mean          | 688         |
|    ep_rew_mean          | 10          |
| time/                   |             |
|    fps                  | 227         |
|    iterations           | 241         |
|    time_elapsed         | 2172        |
|    total_timesteps      | 493568      |
| train/                  |             |
|    approx_kl            | 0.004079314 |
|    clip_fraction        | 0.0459      |
|    clip_range           | 0.2         |
|    entropy_loss         | -0.192      |
|    explained_variance   | 0.207       |
|    learning_rate        | 0.0003      |
|    loss                 | 1.03        |
|    n_updates            | 2400        |
|    policy_gradient_loss | -0.000744   |
|    value_loss           | 2.63        |
-----------------------------------------
FruitCounts | {'Fruit': 3, 'DecayFruit': 2, 'EnemyFruit': 3} |
-----------------------------------------
| rollout/                |             |
|    ep_len_mean          | 680         |
|    ep_rew_mean          | 9.28        |
| time/                   |             |
|    fps                  | 227         |
|    iterations           | 242         |
|    time_elapsed         | 2180        |
|    total_timesteps      | 495616      |
| train/                  |             |
|    approx_kl            | 0.004420539 |
|    clip_fraction        | 0.0513      |
|    clip_range           | 0.2         |
|    entropy_loss         | -0.2        |
|    explained_variance   | 0.129       |
|    learning_rate        | 0.0003      |
|    loss                 | 1.9         |
|    n_updates            | 2410        |
|    policy_gradient_loss | -0.0011     |
|    value_loss           | 5           |
-----------------------------------------
FruitCounts | {'Fruit': 0, 'DecayFruit': 2, 'EnemyFruit': 5} |
------------------------------------------
| rollout/                |              |
|    ep_len_mean          | 683          |
|    ep_rew_mean          | 9.04         |
| time/                   |              |
|    fps                  | 227          |
|    iterations           | 243          |
|    time_elapsed         | 2188         |
|    total_timesteps      | 497664       |
| train/                  |              |
|    approx_kl            | 0.0056981076 |
|    clip_fraction        | 0.054        |
|    clip_range           | 0.2          |
|    entropy_loss         | -0.2         |
|    explained_variance   | 0.161        |
|    learning_rate        | 0.0003       |
|    loss                 | 2.69         |
|    n_updates            | 2420         |
|    policy_gradient_loss | -0.00104     |
|    value_loss           | 4.14         |
------------------------------------------
FruitCounts | {'Fruit': 3, 'DecayFruit': 7, 'EnemyFruit': 8} |
-----------------------------------------
| rollout/                |             |
|    ep_len_mean          | 694         |
|    ep_rew_mean          | 8.77        |
| time/                   |             |
|    fps                  | 227         |
|    iterations           | 244         |
|    time_elapsed         | 2195        |
|    total_timesteps      | 499712      |
| train/                  |             |
|    approx_kl            | 0.004748744 |
|    clip_fraction        | 0.044       |
|    clip_range           | 0.2         |
|    entropy_loss         | -0.19       |
|    explained_variance   | 0.0956      |
|    learning_rate        | 0.0003      |
|    loss                 | 2.38        |
|    n_updates            | 2430        |
|    policy_gradient_loss | -0.00145    |
|    value_loss           | 5.49        |
-----------------------------------------
FruitCounts | {'Fruit': 0, 'DecayFruit': 3, 'EnemyFruit': 1} |
------------------------------------------
| rollout/                |              |
|    ep_len_mean          | 713          |
|    ep_rew_mean          | 10           |
| time/                   |              |
|    fps                  | 227          |
|    iterations           | 245          |
|    time_elapsed         | 2204         |
|    total_timesteps      | 501760       |
| train/                  |              |
|    approx_kl            | 0.0038135576 |
|    clip_fraction        | 0.0402       |
|    clip_range           | 0.2          |
|    entropy_loss         | -0.204       |
|    explained_variance   | 0.0735       |
|    learning_rate        | 0.0003       |
|    loss                 | 1.37         |
|    n_updates            | 2440         |
|    policy_gradient_loss | -9.32e-05    |
|    value_loss           | 3.23         |
------------------------------------------
FruitCounts | {'Fruit': 0, 'DecayFruit': 0, 'EnemyFruit': 0} |
------------------------------------------
| rollout/                |              |
|    ep_len_mean          | 706          |
|    ep_rew_mean          | 10.1         |
| time/                   |              |
|    fps                  | 227          |
|    iterations           | 246          |
|    time_elapsed         | 2213         |
|    total_timesteps      | 503808       |
| train/                  |              |
|    approx_kl            | 0.0035855917 |
|    clip_fraction        | 0.0264       |
|    clip_range           | 0.2          |
|    entropy_loss         | -0.192       |
|    explained_variance   | 0.0568       |
|    learning_rate        | 0.0003       |
|    loss                 | 8.33         |
|    n_updates            | 2450         |
|    policy_gradient_loss | -0.00103     |
|    value_loss           | 11.9         |
------------------------------------------
FruitCounts | {'Fruit': 0, 'DecayFruit': 0, 'EnemyFruit': 0} |
------------------------------------------
| rollout/                |              |
|    ep_len_mean          | 716          |
|    ep_rew_mean          | 10.6         |
| time/                   |              |
|    fps                  | 227          |
|    iterations           | 247          |
|    time_elapsed         | 2221         |
|    total_timesteps      | 505856       |
| train/                  |              |
|    approx_kl            | 0.0024139723 |
|    clip_fraction        | 0.0314       |
|    clip_range           | 0.2          |
|    entropy_loss         | -0.192       |
|    explained_variance   | 0.242        |
|    learning_rate        | 0.0003       |
|    loss                 | 3.9          |
|    n_updates            | 2460         |
|    policy_gradient_loss | -0.00194     |
|    value_loss           | 7.98         |
------------------------------------------
FruitCounts | {'Fruit': 0, 'DecayFruit': 4, 'EnemyFruit': 3} |
------------------------------------------
| rollout/                |              |
|    ep_len_mean          | 700          |
|    ep_rew_mean          | 11.8         |
| time/                   |              |
|    fps                  | 227          |
|    iterations           | 248          |
|    time_elapsed         | 2229         |
|    total_timesteps      | 507904       |
| train/                  |              |
|    approx_kl            | 0.0033851592 |
|    clip_fraction        | 0.0468       |
|    clip_range           | 0.2          |
|    entropy_loss         | -0.182       |
|    explained_variance   | -0.0425      |
|    learning_rate        | 0.0003       |
|    loss                 | 1.19         |
|    n_updates            | 2470         |
|    policy_gradient_loss | -0.00381     |
|    value_loss           | 6.14         |
------------------------------------------
FruitCounts | {'Fruit': 4, 'DecayFruit': 0, 'EnemyFruit': 0} |
------------------------------------------
| rollout/                |              |
|    ep_len_mean          | 702          |
|    ep_rew_mean          | 11.7         |
| time/                   |              |
|    fps                  | 227          |
|    iterations           | 249          |
|    time_elapsed         | 2237         |
|    total_timesteps      | 509952       |
| train/                  |              |
|    approx_kl            | 0.0039871773 |
|    clip_fraction        | 0.0325       |
|    clip_range           | 0.2          |
|    entropy_loss         | -0.168       |
|    explained_variance   | 0.19         |
|    learning_rate        | 0.0003       |
|    loss                 | 4.48         |
|    n_updates            | 2480         |
|    policy_gradient_loss | -0.00184     |
|    value_loss           | 9.5          |
------------------------------------------
FruitCounts | {'Fruit': 2, 'DecayFruit': 4, 'EnemyFruit': 2} |
------------------------------------------
| rollout/                |              |
|    ep_len_mean          | 701          |
|    ep_rew_mean          | 11.6         |
| time/                   |              |
|    fps                  | 228          |
|    iterations           | 250          |
|    time_elapsed         | 2245         |
|    total_timesteps      | 512000       |
| train/                  |              |
|    approx_kl            | 0.0057105804 |
|    clip_fraction        | 0.0403       |
|    clip_range           | 0.2          |
|    entropy_loss         | -0.18        |
|    explained_variance   | 0.0991       |
|    learning_rate        | 0.0003       |
|    loss                 | 2.41         |
|    n_updates            | 2490         |
|    policy_gradient_loss | -0.00166     |
|    value_loss           | 7.16         |
------------------------------------------
FruitCounts | {'Fruit': 1, 'DecayFruit': 0, 'EnemyFruit': 2} |
-----------------------------------------
| rollout/                |             |
|    ep_len_mean          | 712         |
|    ep_rew_mean          | 12.5        |
| time/                   |             |
|    fps                  | 228         |
|    iterations           | 251         |
|    time_elapsed         | 2253        |
|    total_timesteps      | 514048      |
| train/                  |             |
|    approx_kl            | 0.004864145 |
|    clip_fraction        | 0.0466      |
|    clip_range           | 0.2         |
|    entropy_loss         | -0.172      |
|    explained_variance   | 0.0102      |
|    learning_rate        | 0.0003      |
|    loss                 | 0.995       |
|    n_updates            | 2500        |
|    policy_gradient_loss | -0.00125    |
|    value_loss           | 7.64        |
-----------------------------------------
FruitCounts | {'Fruit': 4, 'DecayFruit': 9, 'EnemyFruit': 9} |
------------------------------------------
| rollout/                |              |
|    ep_len_mean          | 710          |
|    ep_rew_mean          | 12           |
| time/                   |              |
|    fps                  | 228          |
|    iterations           | 252          |
|    time_elapsed         | 2260         |
|    total_timesteps      | 516096       |
| train/                  |              |
|    approx_kl            | 0.0045626294 |
|    clip_fraction        | 0.0478       |
|    clip_range           | 0.2          |
|    entropy_loss         | -0.191       |
|    explained_variance   | 0.297        |
|    learning_rate        | 0.0003       |
|    loss                 | 2.88         |
|    n_updates            | 2510         |
|    policy_gradient_loss | -0.00308     |
|    value_loss           | 4.82         |
------------------------------------------
FruitCounts | {'Fruit': 2, 'DecayFruit': 6, 'EnemyFruit': 8} |
------------------------------------------
| rollout/                |              |
|    ep_len_mean          | 718          |
|    ep_rew_mean          | 13           |
| time/                   |              |
|    fps                  | 228          |
|    iterations           | 253          |
|    time_elapsed         | 2268         |
|    total_timesteps      | 518144       |
| train/                  |              |
|    approx_kl            | 0.0052617453 |
|    clip_fraction        | 0.0381       |
|    clip_range           | 0.2          |
|    entropy_loss         | -0.157       |
|    explained_variance   | 0.342        |
|    learning_rate        | 0.0003       |
|    loss                 | 1.11         |
|    n_updates            | 2520         |
|    policy_gradient_loss | -0.000249    |
|    value_loss           | 4.99         |
------------------------------------------
FruitCounts | {'Fruit': 0, 'DecayFruit': 2, 'EnemyFruit': 4} |
------------------------------------------
| rollout/                |              |
|    ep_len_mean          | 707          |
|    ep_rew_mean          | 12.2         |
| time/                   |              |
|    fps                  | 228          |
|    iterations           | 254          |
|    time_elapsed         | 2277         |
|    total_timesteps      | 520192       |
| train/                  |              |
|    approx_kl            | 0.0056535425 |
|    clip_fraction        | 0.0491       |
|    clip_range           | 0.2          |
|    entropy_loss         | -0.2         |
|    explained_variance   | 0.0371       |
|    learning_rate        | 0.0003       |
|    loss                 | 2.98         |
|    n_updates            | 2530         |
|    policy_gradient_loss | 0.000506     |
|    value_loss           | 8.48         |
------------------------------------------
FruitCounts | {'Fruit': 1, 'DecayFruit': 1, 'EnemyFruit': 3} |
-----------------------------------------
| rollout/                |             |
|    ep_len_mean          | 716         |
|    ep_rew_mean          | 12.5        |
| time/                   |             |
|    fps                  | 228         |
|    iterations           | 255         |
|    time_elapsed         | 2285        |
|    total_timesteps      | 522240      |
| train/                  |             |
|    approx_kl            | 0.003849435 |
|    clip_fraction        | 0.0381      |
|    clip_range           | 0.2         |
|    entropy_loss         | -0.174      |
|    explained_variance   | -0.165      |
|    learning_rate        | 0.0003      |
|    loss                 | 2.59        |
|    n_updates            | 2540        |
|    policy_gradient_loss | -0.00179    |
|    value_loss           | 7.4         |
-----------------------------------------
FruitCounts | {'Fruit': 1, 'DecayFruit': 7, 'EnemyFruit': 10} |
------------------------------------------
| rollout/                |              |
|    ep_len_mean          | 726          |
|    ep_rew_mean          | 12.9         |
| time/                   |              |
|    fps                  | 228          |
|    iterations           | 256          |
|    time_elapsed         | 2292         |
|    total_timesteps      | 524288       |
| train/                  |              |
|    approx_kl            | 0.0050903484 |
|    clip_fraction        | 0.0476       |
|    clip_range           | 0.2          |
|    entropy_loss         | -0.185       |
|    explained_variance   | 0.24         |
|    learning_rate        | 0.0003       |
|    loss                 | 3.18         |
|    n_updates            | 2550         |
|    policy_gradient_loss | -0.000434    |
|    value_loss           | 4.09         |
------------------------------------------
FruitCounts | {'Fruit': 1, 'DecayFruit': 3, 'EnemyFruit': 6} |
------------------------------------------
| rollout/                |              |
|    ep_len_mean          | 713          |
|    ep_rew_mean          | 13.6         |
| time/                   |              |
|    fps                  | 228          |
|    iterations           | 257          |
|    time_elapsed         | 2300         |
|    total_timesteps      | 526336       |
| train/                  |              |
|    approx_kl            | 0.0035966644 |
|    clip_fraction        | 0.0335       |
|    clip_range           | 0.2          |
|    entropy_loss         | -0.169       |
|    explained_variance   | 0.0301       |
|    learning_rate        | 0.0003       |
|    loss                 | 4.99         |
|    n_updates            | 2560         |
|    policy_gradient_loss | -0.000982    |
|    value_loss           | 8.52         |
------------------------------------------
FruitCounts | {'Fruit': 0, 'DecayFruit': 0, 'EnemyFruit': 1} |
------------------------------------------
| rollout/                |              |
|    ep_len_mean          | 720          |
|    ep_rew_mean          | 14.5         |
| time/                   |              |
|    fps                  | 228          |
|    iterations           | 258          |
|    time_elapsed         | 2309         |
|    total_timesteps      | 528384       |
| train/                  |              |
|    approx_kl            | 0.0045041433 |
|    clip_fraction        | 0.0463       |
|    clip_range           | 0.2          |
|    entropy_loss         | -0.17        |
|    explained_variance   | 0.039        |
|    learning_rate        | 0.0003       |
|    loss                 | 3.18         |
|    n_updates            | 2570         |
|    policy_gradient_loss | -0.00291     |
|    value_loss           | 9            |
------------------------------------------
FruitCounts | {'Fruit': 0, 'DecayFruit': 2, 'EnemyFruit': 0} |
------------------------------------------
| rollout/                |              |
|    ep_len_mean          | 721          |
|    ep_rew_mean          | 14.8         |
| time/                   |              |
|    fps                  | 228          |
|    iterations           | 259          |
|    time_elapsed         | 2317         |
|    total_timesteps      | 530432       |
| train/                  |              |
|    approx_kl            | 0.0046169916 |
|    clip_fraction        | 0.0442       |
|    clip_range           | 0.2          |
|    entropy_loss         | -0.166       |
|    explained_variance   | 0.148        |
|    learning_rate        | 0.0003       |
|    loss                 | 0.575        |
|    n_updates            | 2580         |
|    policy_gradient_loss | -0.00357     |
|    value_loss           | 5.17         |
------------------------------------------
FruitCounts | {'Fruit': 0, 'DecayFruit': 0, 'EnemyFruit': 1} |
------------------------------------------
| rollout/                |              |
|    ep_len_mean          | 692          |
|    ep_rew_mean          | 14.3         |
| time/                   |              |
|    fps                  | 228          |
|    iterations           | 260          |
|    time_elapsed         | 2326         |
|    total_timesteps      | 532480       |
| train/                  |              |
|    approx_kl            | 0.0060284776 |
|    clip_fraction        | 0.0422       |
|    clip_range           | 0.2          |
|    entropy_loss         | -0.161       |
|    explained_variance   | 0.261        |
|    learning_rate        | 0.0003       |
|    loss                 | 0.816        |
|    n_updates            | 2590         |
|    policy_gradient_loss | -0.00122     |
|    value_loss           | 4.53         |
------------------------------------------
FruitCounts | {'Fruit': 3, 'DecayFruit': 2, 'EnemyFruit': 4} |
----------------------------------------
| rollout/                |            |
|    ep_len_mean          | 694        |
|    ep_rew_mean          | 15.3       |
| time/                   |            |
|    fps                  | 229        |
|    iterations           | 261        |
|    time_elapsed         | 2334       |
|    total_timesteps      | 534528     |
| train/                  |            |
|    approx_kl            | 0.00562377 |
|    clip_fraction        | 0.0431     |
|    clip_range           | 0.2        |
|    entropy_loss         | -0.19      |
|    explained_variance   | 0.0227     |
|    learning_rate        | 0.0003     |
|    loss                 | 1.66       |
|    n_updates            | 2600       |
|    policy_gradient_loss | -0.00133   |
|    value_loss           | 8.04       |
----------------------------------------
FruitCounts | {'Fruit': 0, 'DecayFruit': 0, 'EnemyFruit': 0} |
------------------------------------------
| rollout/                |              |
|    ep_len_mean          | 685          |
|    ep_rew_mean          | 14.7         |
| time/                   |              |
|    fps                  | 229          |
|    iterations           | 262          |
|    time_elapsed         | 2342         |
|    total_timesteps      | 536576       |
| train/                  |              |
|    approx_kl            | 0.0036632787 |
|    clip_fraction        | 0.0516       |
|    clip_range           | 0.2          |
|    entropy_loss         | -0.189       |
|    explained_variance   | 0.128        |
|    learning_rate        | 0.0003       |
|    loss                 | 7.6          |
|    n_updates            | 2610         |
|    policy_gradient_loss | -0.00135     |
|    value_loss           | 9.11         |
------------------------------------------
FruitCounts | {'Fruit': 0, 'DecayFruit': 1, 'EnemyFruit': 0} |
------------------------------------------
| rollout/                |              |
|    ep_len_mean          | 682          |
|    ep_rew_mean          | 15.1         |
| time/                   |              |
|    fps                  | 229          |
|    iterations           | 263          |
|    time_elapsed         | 2350         |
|    total_timesteps      | 538624       |
| train/                  |              |
|    approx_kl            | 0.0057982644 |
|    clip_fraction        | 0.0706       |
|    clip_range           | 0.2          |
|    entropy_loss         | -0.186       |
|    explained_variance   | 0.0984       |
|    learning_rate        | 0.0003       |
|    loss                 | 0.679        |
|    n_updates            | 2620         |
|    policy_gradient_loss | -0.00112     |
|    value_loss           | 2.96         |
------------------------------------------
FruitCounts | {'Fruit': 2, 'DecayFruit': 1, 'EnemyFruit': 1} |
------------------------------------------
| rollout/                |              |
|    ep_len_mean          | 684          |
|    ep_rew_mean          | 16           |
| time/                   |              |
|    fps                  | 229          |
|    iterations           | 264          |
|    time_elapsed         | 2357         |
|    total_timesteps      | 540672       |
| train/                  |              |
|    approx_kl            | 0.0031899086 |
|    clip_fraction        | 0.0366       |
|    clip_range           | 0.2          |
|    entropy_loss         | -0.185       |
|    explained_variance   | 0.119        |
|    learning_rate        | 0.0003       |
|    loss                 | 3.28         |
|    n_updates            | 2630         |
|    policy_gradient_loss | -0.0021      |
|    value_loss           | 6.92         |
------------------------------------------
FruitCounts | {'Fruit': 0, 'DecayFruit': 0, 'EnemyFruit': 0} |
------------------------------------------
| rollout/                |              |
|    ep_len_mean          | 698          |
|    ep_rew_mean          | 15.8         |
| time/                   |              |
|    fps                  | 229          |
|    iterations           | 265          |
|    time_elapsed         | 2366         |
|    total_timesteps      | 542720       |
| train/                  |              |
|    approx_kl            | 0.0027451562 |
|    clip_fraction        | 0.037        |
|    clip_range           | 0.2          |
|    entropy_loss         | -0.187       |
|    explained_variance   | 0.0166       |
|    learning_rate        | 0.0003       |
|    loss                 | 2.89         |
|    n_updates            | 2640         |
|    policy_gradient_loss | -0.00221     |
|    value_loss           | 9.64         |
------------------------------------------
FruitCounts | {'Fruit': 2, 'DecayFruit': 2, 'EnemyFruit': 2} |
-----------------------------------------
| rollout/                |             |
|    ep_len_mean          | 704         |
|    ep_rew_mean          | 16.5        |
| time/                   |             |
|    fps                  | 229         |
|    iterations           | 266         |
|    time_elapsed         | 2374        |
|    total_timesteps      | 544768      |
| train/                  |             |
|    approx_kl            | 0.004419869 |
|    clip_fraction        | 0.041       |
|    clip_range           | 0.2         |
|    entropy_loss         | -0.178      |
|    explained_variance   | 0.0389      |
|    learning_rate        | 0.0003      |
|    loss                 | 1.24        |
|    n_updates            | 2650        |
|    policy_gradient_loss | -0.00328    |
|    value_loss           | 5.31        |
-----------------------------------------
FruitCounts | {'Fruit': 0, 'DecayFruit': 2, 'EnemyFruit': 3} |
------------------------------------------
| rollout/                |              |
|    ep_len_mean          | 695          |
|    ep_rew_mean          | 16.4         |
| time/                   |              |
|    fps                  | 229          |
|    iterations           | 267          |
|    time_elapsed         | 2382         |
|    total_timesteps      | 546816       |
| train/                  |              |
|    approx_kl            | 0.0052062646 |
|    clip_fraction        | 0.0657       |
|    clip_range           | 0.2          |
|    entropy_loss         | -0.189       |
|    explained_variance   | -0.023       |
|    learning_rate        | 0.0003       |
|    loss                 | 3.42         |
|    n_updates            | 2660         |
|    policy_gradient_loss | -0.000348    |
|    value_loss           | 9.06         |
------------------------------------------
FruitCounts | {'Fruit': 0, 'DecayFruit': 0, 'EnemyFruit': 0} |
------------------------------------------
| rollout/                |              |
|    ep_len_mean          | 674          |
|    ep_rew_mean          | 16.8         |
| time/                   |              |
|    fps                  | 229          |
|    iterations           | 268          |
|    time_elapsed         | 2391         |
|    total_timesteps      | 548864       |
| train/                  |              |
|    approx_kl            | 0.0056684567 |
|    clip_fraction        | 0.061        |
|    clip_range           | 0.2          |
|    entropy_loss         | -0.182       |
|    explained_variance   | 0.0638       |
|    learning_rate        | 0.0003       |
|    loss                 | 2.76         |
|    n_updates            | 2670         |
|    policy_gradient_loss | -0.00248     |
|    value_loss           | 8.29         |
------------------------------------------
FruitCounts | {'Fruit': 2, 'DecayFruit': 6, 'EnemyFruit': 5} |
------------------------------------------
| rollout/                |              |
|    ep_len_mean          | 679          |
|    ep_rew_mean          | 16.6         |
| time/                   |              |
|    fps                  | 229          |
|    iterations           | 269          |
|    time_elapsed         | 2399         |
|    total_timesteps      | 550912       |
| train/                  |              |
|    approx_kl            | 0.0043036444 |
|    clip_fraction        | 0.0418       |
|    clip_range           | 0.2          |
|    entropy_loss         | -0.175       |
|    explained_variance   | 0.0846       |
|    learning_rate        | 0.0003       |
|    loss                 | 9.3          |
|    n_updates            | 2680         |
|    policy_gradient_loss | -0.00212     |
|    value_loss           | 12.5         |
------------------------------------------
FruitCounts | {'Fruit': 0, 'DecayFruit': 0, 'EnemyFruit': 0} |
-----------------------------------------
| rollout/                |             |
|    ep_len_mean          | 675         |
|    ep_rew_mean          | 17.9        |
| time/                   |             |
|    fps                  | 229         |
|    iterations           | 270         |
|    time_elapsed         | 2407        |
|    total_timesteps      | 552960      |
| train/                  |             |
|    approx_kl            | 0.005264216 |
|    clip_fraction        | 0.0549      |
|    clip_range           | 0.2         |
|    entropy_loss         | -0.168      |
|    explained_variance   | 0.168       |
|    learning_rate        | 0.0003      |
|    loss                 | 5.2         |
|    n_updates            | 2690        |
|    policy_gradient_loss | -0.00081    |
|    value_loss           | 8.77        |
-----------------------------------------
FruitCounts | {'Fruit': 0, 'DecayFruit': 4, 'EnemyFruit': 3} |
-----------------------------------------
| rollout/                |             |
|    ep_len_mean          | 681         |
|    ep_rew_mean          | 18.1        |
| time/                   |             |
|    fps                  | 229         |
|    iterations           | 271         |
|    time_elapsed         | 2415        |
|    total_timesteps      | 555008      |
| train/                  |             |
|    approx_kl            | 0.004865472 |
|    clip_fraction        | 0.0496      |
|    clip_range           | 0.2         |
|    entropy_loss         | -0.174      |
|    explained_variance   | 0.246       |
|    learning_rate        | 0.0003      |
|    loss                 | 4.77        |
|    n_updates            | 2700        |
|    policy_gradient_loss | -0.0034     |
|    value_loss           | 7.12        |
-----------------------------------------
FruitCounts | {'Fruit': 1, 'DecayFruit': 2, 'EnemyFruit': 1} |
------------------------------------------
| rollout/                |              |
|    ep_len_mean          | 697          |
|    ep_rew_mean          | 18.7         |
| time/                   |              |
|    fps                  | 229          |
|    iterations           | 272          |
|    time_elapsed         | 2423         |
|    total_timesteps      | 557056       |
| train/                  |              |
|    approx_kl            | 0.0065316455 |
|    clip_fraction        | 0.0468       |
|    clip_range           | 0.2          |
|    entropy_loss         | -0.159       |
|    explained_variance   | 0.16         |
|    learning_rate        | 0.0003       |
|    loss                 | 2            |
|    n_updates            | 2710         |
|    policy_gradient_loss | -0.00271     |
|    value_loss           | 5.65         |
------------------------------------------
FruitCounts | {'Fruit': 0, 'DecayFruit': 2, 'EnemyFruit': 1} |
-----------------------------------------
| rollout/                |             |
|    ep_len_mean          | 688         |
|    ep_rew_mean          | 19.2        |
| time/                   |             |
|    fps                  | 229         |
|    iterations           | 273         |
|    time_elapsed         | 2431        |
|    total_timesteps      | 559104      |
| train/                  |             |
|    approx_kl            | 0.005516386 |
|    clip_fraction        | 0.0352      |
|    clip_range           | 0.2         |
|    entropy_loss         | -0.163      |
|    explained_variance   | -0.0898     |
|    learning_rate        | 0.0003      |
|    loss                 | 1.99        |
|    n_updates            | 2720        |
|    policy_gradient_loss | -0.00035    |
|    value_loss           | 4.96        |
-----------------------------------------
FruitCounts | {'Fruit': 0, 'DecayFruit': 6, 'EnemyFruit': 3} |
-----------------------------------------
| rollout/                |             |
|    ep_len_mean          | 672         |
|    ep_rew_mean          | 19.5        |
| time/                   |             |
|    fps                  | 230         |
|    iterations           | 274         |
|    time_elapsed         | 2439        |
|    total_timesteps      | 561152      |
| train/                  |             |
|    approx_kl            | 0.003362198 |
|    clip_fraction        | 0.0319      |
|    clip_range           | 0.2         |
|    entropy_loss         | -0.163      |
|    explained_variance   | 0.0337      |
|    learning_rate        | 0.0003      |
|    loss                 | 1.4         |
|    n_updates            | 2730        |
|    policy_gradient_loss | -0.00168    |
|    value_loss           | 9.28        |
-----------------------------------------
FruitCounts | {'Fruit': 1, 'DecayFruit': 3, 'EnemyFruit': 1} |
------------------------------------------
| rollout/                |              |
|    ep_len_mean          | 676          |
|    ep_rew_mean          | 20.7         |
| time/                   |              |
|    fps                  | 230          |
|    iterations           | 275          |
|    time_elapsed         | 2447         |
|    total_timesteps      | 563200       |
| train/                  |              |
|    approx_kl            | 0.0045271376 |
|    clip_fraction        | 0.0487       |
|    clip_range           | 0.2          |
|    entropy_loss         | -0.172       |
|    explained_variance   | 0.135        |
|    learning_rate        | 0.0003       |
|    loss                 | 5.05         |
|    n_updates            | 2740         |
|    policy_gradient_loss | -0.00431     |
|    value_loss           | 7.88         |
------------------------------------------
FruitCounts | {'Fruit': 2, 'DecayFruit': 5, 'EnemyFruit': 2} |
------------------------------------------
| rollout/                |              |
|    ep_len_mean          | 681          |
|    ep_rew_mean          | 21.3         |
| time/                   |              |
|    fps                  | 230          |
|    iterations           | 276          |
|    time_elapsed         | 2455         |
|    total_timesteps      | 565248       |
| train/                  |              |
|    approx_kl            | 0.0045959433 |
|    clip_fraction        | 0.0419       |
|    clip_range           | 0.2          |
|    entropy_loss         | -0.159       |
|    explained_variance   | 0.106        |
|    learning_rate        | 0.0003       |
|    loss                 | 3.65         |
|    n_updates            | 2750         |
|    policy_gradient_loss | -0.00307     |
|    value_loss           | 11.8         |
------------------------------------------
FruitCounts | {'Fruit': 0, 'DecayFruit': 3, 'EnemyFruit': 1} |
-----------------------------------------
| rollout/                |             |
|    ep_len_mean          | 664         |
|    ep_rew_mean          | 22          |
| time/                   |             |
|    fps                  | 230         |
|    iterations           | 277         |
|    time_elapsed         | 2463        |
|    total_timesteps      | 567296      |
| train/                  |             |
|    approx_kl            | 0.006707649 |
|    clip_fraction        | 0.0449      |
|    clip_range           | 0.2         |
|    entropy_loss         | -0.162      |
|    explained_variance   | 0.152       |
|    learning_rate        | 0.0003      |
|    loss                 | 2.58        |
|    n_updates            | 2760        |
|    policy_gradient_loss | -0.00314    |
|    value_loss           | 9.54        |
-----------------------------------------
FruitCounts | {'Fruit': 0, 'DecayFruit': 1, 'EnemyFruit': 5} |
------------------------------------------
| rollout/                |              |
|    ep_len_mean          | 663          |
|    ep_rew_mean          | 21.9         |
| time/                   |              |
|    fps                  | 230          |
|    iterations           | 278          |
|    time_elapsed         | 2471         |
|    total_timesteps      | 569344       |
| train/                  |              |
|    approx_kl            | 0.0056177946 |
|    clip_fraction        | 0.0583       |
|    clip_range           | 0.2          |
|    entropy_loss         | -0.185       |
|    explained_variance   | 0.133        |
|    learning_rate        | 0.0003       |
|    loss                 | 1.92         |
|    n_updates            | 2770         |
|    policy_gradient_loss | -0.00153     |
|    value_loss           | 7.55         |
------------------------------------------
FruitCounts | {'Fruit': 0, 'DecayFruit': 1, 'EnemyFruit': 0} |
-----------------------------------------
| rollout/                |             |
|    ep_len_mean          | 679         |
|    ep_rew_mean          | 21.2        |
| time/                   |             |
|    fps                  | 230         |
|    iterations           | 279         |
|    time_elapsed         | 2479        |
|    total_timesteps      | 571392      |
| train/                  |             |
|    approx_kl            | 0.006993123 |
|    clip_fraction        | 0.0536      |
|    clip_range           | 0.2         |
|    entropy_loss         | -0.186      |
|    explained_variance   | 0.215       |
|    learning_rate        | 0.0003      |
|    loss                 | 4.21        |
|    n_updates            | 2780        |
|    policy_gradient_loss | -0.00279    |
|    value_loss           | 7.97        |
-----------------------------------------
FruitCounts | {'Fruit': 4, 'DecayFruit': 2, 'EnemyFruit': 0} |
------------------------------------------
| rollout/                |              |
|    ep_len_mean          | 683          |
|    ep_rew_mean          | 21.8         |
| time/                   |              |
|    fps                  | 230          |
|    iterations           | 280          |
|    time_elapsed         | 2487         |
|    total_timesteps      | 573440       |
| train/                  |              |
|    approx_kl            | 0.0063667474 |
|    clip_fraction        | 0.0615       |
|    clip_range           | 0.2          |
|    entropy_loss         | -0.179       |
|    explained_variance   | 0.0502       |
|    learning_rate        | 0.0003       |
|    loss                 | 3.61         |
|    n_updates            | 2790         |
|    policy_gradient_loss | -0.00157     |
|    value_loss           | 4.79         |
------------------------------------------
FruitCounts | {'Fruit': 2, 'DecayFruit': 7, 'EnemyFruit': 4} |
-----------------------------------------
| rollout/                |             |
|    ep_len_mean          | 678         |
|    ep_rew_mean          | 21.4        |
| time/                   |             |
|    fps                  | 230         |
|    iterations           | 281         |
|    time_elapsed         | 2495        |
|    total_timesteps      | 575488      |
| train/                  |             |
|    approx_kl            | 0.002913016 |
|    clip_fraction        | 0.0482      |
|    clip_range           | 0.2         |
|    entropy_loss         | -0.151      |
|    explained_variance   | 0.0259      |
|    learning_rate        | 0.0003      |
|    loss                 | 4.18        |
|    n_updates            | 2800        |
|    policy_gradient_loss | -0.00154    |
|    value_loss           | 6.59        |
-----------------------------------------
FruitCounts | {'Fruit': 0, 'DecayFruit': 0, 'EnemyFruit': 1} |
-----------------------------------------
| rollout/                |             |
|    ep_len_mean          | 686         |
|    ep_rew_mean          | 23.1        |
| time/                   |             |
|    fps                  | 230         |
|    iterations           | 282         |
|    time_elapsed         | 2504        |
|    total_timesteps      | 577536      |
| train/                  |             |
|    approx_kl            | 0.004214375 |
|    clip_fraction        | 0.0341      |
|    clip_range           | 0.2         |
|    entropy_loss         | -0.157      |
|    explained_variance   | -0.0345     |
|    learning_rate        | 0.0003      |
|    loss                 | 4.08        |
|    n_updates            | 2810        |
|    policy_gradient_loss | -0.00102    |
|    value_loss           | 10.1        |
-----------------------------------------
FruitCounts | {'Fruit': 0, 'DecayFruit': 1, 'EnemyFruit': 0} |
-----------------------------------------
| rollout/                |             |
|    ep_len_mean          | 674         |
|    ep_rew_mean          | 22.4        |
| time/                   |             |
|    fps                  | 230         |
|    iterations           | 283         |
|    time_elapsed         | 2512        |
|    total_timesteps      | 579584      |
| train/                  |             |
|    approx_kl            | 0.005716916 |
|    clip_fraction        | 0.0464      |
|    clip_range           | 0.2         |
|    entropy_loss         | -0.171      |
|    explained_variance   | 0.111       |
|    learning_rate        | 0.0003      |
|    loss                 | 13.9        |
|    n_updates            | 2820        |
|    policy_gradient_loss | -0.0019     |
|    value_loss           | 19.8        |
-----------------------------------------
FruitCounts | {'Fruit': 0, 'DecayFruit': 2, 'EnemyFruit': 1} |
-----------------------------------------
| rollout/                |             |
|    ep_len_mean          | 675         |
|    ep_rew_mean          | 23          |
| time/                   |             |
|    fps                  | 230         |
|    iterations           | 284         |
|    time_elapsed         | 2520        |
|    total_timesteps      | 581632      |
| train/                  |             |
|    approx_kl            | 0.006232487 |
|    clip_fraction        | 0.0508      |
|    clip_range           | 0.2         |
|    entropy_loss         | -0.162      |
|    explained_variance   | 0.186       |
|    learning_rate        | 0.0003      |
|    loss                 | 6.13        |
|    n_updates            | 2830        |
|    policy_gradient_loss | -0.00366    |
|    value_loss           | 11.3        |
-----------------------------------------
FruitCounts | {'Fruit': 2, 'DecayFruit': 3, 'EnemyFruit': 5} |
-----------------------------------------
| rollout/                |             |
|    ep_len_mean          | 661         |
|    ep_rew_mean          | 22.8        |
| time/                   |             |
|    fps                  | 230         |
|    iterations           | 285         |
|    time_elapsed         | 2528        |
|    total_timesteps      | 583680      |
| train/                  |             |
|    approx_kl            | 0.011474913 |
|    clip_fraction        | 0.0562      |
|    clip_range           | 0.2         |
|    entropy_loss         | -0.17       |
|    explained_variance   | -0.031      |
|    learning_rate        | 0.0003      |
|    loss                 | 3.45        |
|    n_updates            | 2840        |
|    policy_gradient_loss | -0.000978   |
|    value_loss           | 9.83        |
-----------------------------------------
FruitCounts | {'Fruit': 1, 'DecayFruit': 1, 'EnemyFruit': 1} |
-----------------------------------------
| rollout/                |             |
|    ep_len_mean          | 669         |
|    ep_rew_mean          | 22.9        |
| time/                   |             |
|    fps                  | 230         |
|    iterations           | 286         |
|    time_elapsed         | 2536        |
|    total_timesteps      | 585728      |
| train/                  |             |
|    approx_kl            | 0.007453084 |
|    clip_fraction        | 0.0656      |
|    clip_range           | 0.2         |
|    entropy_loss         | -0.169      |
|    explained_variance   | 0.0581      |
|    learning_rate        | 0.0003      |
|    loss                 | 1.56        |
|    n_updates            | 2850        |
|    policy_gradient_loss | -0.00383    |
|    value_loss           | 5.47        |
-----------------------------------------
FruitCounts | {'Fruit': 0, 'DecayFruit': 2, 'EnemyFruit': 0} |
-----------------------------------------
| rollout/                |             |
|    ep_len_mean          | 661         |
|    ep_rew_mean          | 23.9        |
| time/                   |             |
|    fps                  | 230         |
|    iterations           | 287         |
|    time_elapsed         | 2545        |
|    total_timesteps      | 587776      |
| train/                  |             |
|    approx_kl            | 0.006206398 |
|    clip_fraction        | 0.0515      |
|    clip_range           | 0.2         |
|    entropy_loss         | -0.166      |
|    explained_variance   | -0.0278     |
|    learning_rate        | 0.0003      |
|    loss                 | 5.15        |
|    n_updates            | 2860        |
|    policy_gradient_loss | -0.00103    |
|    value_loss           | 6.91        |
-----------------------------------------
FruitCounts | {'Fruit': 0, 'DecayFruit': 0, 'EnemyFruit': 0} |
-----------------------------------------
| rollout/                |             |
|    ep_len_mean          | 670         |
|    ep_rew_mean          | 24.1        |
| time/                   |             |
|    fps                  | 231         |
|    iterations           | 288         |
|    time_elapsed         | 2552        |
|    total_timesteps      | 589824      |
| train/                  |             |
|    approx_kl            | 0.006525908 |
|    clip_fraction        | 0.0521      |
|    clip_range           | 0.2         |
|    entropy_loss         | -0.186      |
|    explained_variance   | 0.0762      |
|    learning_rate        | 0.0003      |
|    loss                 | 3.55        |
|    n_updates            | 2870        |
|    policy_gradient_loss | -0.00205    |
|    value_loss           | 11.4        |
-----------------------------------------
FruitCounts | {'Fruit': 0, 'DecayFruit': 0, 'EnemyFruit': 0} |
-----------------------------------------
| rollout/                |             |
|    ep_len_mean          | 666         |
|    ep_rew_mean          | 22.7        |
| time/                   |             |
|    fps                  | 231         |
|    iterations           | 289         |
|    time_elapsed         | 2560        |
|    total_timesteps      | 591872      |
| train/                  |             |
|    approx_kl            | 0.005903584 |
|    clip_fraction        | 0.058       |
|    clip_range           | 0.2         |
|    entropy_loss         | -0.169      |
|    explained_variance   | 0.025       |
|    learning_rate        | 0.0003      |
|    loss                 | 2.68        |
|    n_updates            | 2880        |
|    policy_gradient_loss | -0.00172    |
|    value_loss           | 5.47        |
-----------------------------------------
FruitCounts | {'Fruit': 0, 'DecayFruit': 2, 'EnemyFruit': 0} |
------------------------------------------
| rollout/                |              |
|    ep_len_mean          | 649          |
|    ep_rew_mean          | 22.9         |
| time/                   |              |
|    fps                  | 231          |
|    iterations           | 290          |
|    time_elapsed         | 2568         |
|    total_timesteps      | 593920       |
| train/                  |              |
|    approx_kl            | 0.0077763237 |
|    clip_fraction        | 0.0442       |
|    clip_range           | 0.2          |
|    entropy_loss         | -0.152       |
|    explained_variance   | -0.228       |
|    learning_rate        | 0.0003       |
|    loss                 | 1.73         |
|    n_updates            | 2890         |
|    policy_gradient_loss | -0.00281     |
|    value_loss           | 4.83         |
------------------------------------------
FruitCounts | {'Fruit': 0, 'DecayFruit': 0, 'EnemyFruit': 0} |
------------------------------------------
| rollout/                |              |
|    ep_len_mean          | 655          |
|    ep_rew_mean          | 23.9         |
| time/                   |              |
|    fps                  | 231          |
|    iterations           | 291          |
|    time_elapsed         | 2576         |
|    total_timesteps      | 595968       |
| train/                  |              |
|    approx_kl            | 0.0038057382 |
|    clip_fraction        | 0.0404       |
|    clip_range           | 0.2          |
|    entropy_loss         | -0.166       |
|    explained_variance   | -0.0477      |
|    learning_rate        | 0.0003       |
|    loss                 | 4.71         |
|    n_updates            | 2900         |
|    policy_gradient_loss | -0.00231     |
|    value_loss           | 10.7         |
------------------------------------------
FruitCounts | {'Fruit': 1, 'DecayFruit': 3, 'EnemyFruit': 4} |
------------------------------------------
| rollout/                |              |
|    ep_len_mean          | 651          |
|    ep_rew_mean          | 23.9         |
| time/                   |              |
|    fps                  | 231          |
|    iterations           | 292          |
|    time_elapsed         | 2584         |
|    total_timesteps      | 598016       |
| train/                  |              |
|    approx_kl            | 0.0043242145 |
|    clip_fraction        | 0.0569       |
|    clip_range           | 0.2          |
|    entropy_loss         | -0.191       |
|    explained_variance   | 0.111        |
|    learning_rate        | 0.0003       |
|    loss                 | 2.11         |
|    n_updates            | 2910         |
|    policy_gradient_loss | -0.00336     |
|    value_loss           | 10.3         |
------------------------------------------
FruitCounts | {'Fruit': 0, 'DecayFruit': 0, 'EnemyFruit': 1} |
-----------------------------------------
| rollout/                |             |
|    ep_len_mean          | 660         |
|    ep_rew_mean          | 23          |
| time/                   |             |
|    fps                  | 231         |
|    iterations           | 293         |
|    time_elapsed         | 2593        |
|    total_timesteps      | 600064      |
| train/                  |             |
|    approx_kl            | 0.004748359 |
|    clip_fraction        | 0.0539      |
|    clip_range           | 0.2         |
|    entropy_loss         | -0.174      |
|    explained_variance   | 0.0933      |
|    learning_rate        | 0.0003      |
|    loss                 | 2.96        |
|    n_updates            | 2920        |
|    policy_gradient_loss | -0.0009     |
|    value_loss           | 8.66        |
-----------------------------------------
FruitCounts | {'Fruit': 0, 'DecayFruit': 1, 'EnemyFruit': 1} |
------------------------------------------
| rollout/                |              |
|    ep_len_mean          | 655          |
|    ep_rew_mean          | 23.6         |
| time/                   |              |
|    fps                  | 231          |
|    iterations           | 294          |
|    time_elapsed         | 2601         |
|    total_timesteps      | 602112       |
| train/                  |              |
|    approx_kl            | 0.0049279453 |
|    clip_fraction        | 0.051        |
|    clip_range           | 0.2          |
|    entropy_loss         | -0.174       |
|    explained_variance   | 0.0706       |
|    learning_rate        | 0.0003       |
|    loss                 | 1.26         |
|    n_updates            | 2930         |
|    policy_gradient_loss | -0.000796    |
|    value_loss           | 8.16         |
------------------------------------------
FruitCounts | {'Fruit': 2, 'DecayFruit': 4, 'EnemyFruit': 6} |
------------------------------------------
| rollout/                |              |
|    ep_len_mean          | 644          |
|    ep_rew_mean          | 23.2         |
| time/                   |              |
|    fps                  | 231          |
|    iterations           | 295          |
|    time_elapsed         | 2608         |
|    total_timesteps      | 604160       |
| train/                  |              |
|    approx_kl            | 0.0071263216 |
|    clip_fraction        | 0.0584       |
|    clip_range           | 0.2          |
|    entropy_loss         | -0.181       |
|    explained_variance   | 0.0336       |
|    learning_rate        | 0.0003       |
|    loss                 | 2.42         |
|    n_updates            | 2940         |
|    policy_gradient_loss | -0.00295     |
|    value_loss           | 7.07         |
------------------------------------------
FruitCounts | {'Fruit': 0, 'DecayFruit': 0, 'EnemyFruit': 0} |
-----------------------------------------
| rollout/                |             |
|    ep_len_mean          | 635         |
|    ep_rew_mean          | 22.2        |
| time/                   |             |
|    fps                  | 231         |
|    iterations           | 296         |
|    time_elapsed         | 2617        |
|    total_timesteps      | 606208      |
| train/                  |             |
|    approx_kl            | 0.008648716 |
|    clip_fraction        | 0.0768      |
|    clip_range           | 0.2         |
|    entropy_loss         | -0.17       |
|    explained_variance   | 0.206       |
|    learning_rate        | 0.0003      |
|    loss                 | 1.13        |
|    n_updates            | 2950        |
|    policy_gradient_loss | -0.00127    |
|    value_loss           | 4.54        |
-----------------------------------------
FruitCounts | {'Fruit': 0, 'DecayFruit': 0, 'EnemyFruit': 0} |
------------------------------------------
| rollout/                |              |
|    ep_len_mean          | 637          |
|    ep_rew_mean          | 22.4         |
| time/                   |              |
|    fps                  | 231          |
|    iterations           | 297          |
|    time_elapsed         | 2625         |
|    total_timesteps      | 608256       |
| train/                  |              |
|    approx_kl            | 0.0053431746 |
|    clip_fraction        | 0.0481       |
|    clip_range           | 0.2          |
|    entropy_loss         | -0.153       |
|    explained_variance   | 0.109        |
|    learning_rate        | 0.0003       |
|    loss                 | 1.83         |
|    n_updates            | 2960         |
|    policy_gradient_loss | -0.00221     |
|    value_loss           | 7.14         |
------------------------------------------
FruitCounts | {'Fruit': 1, 'DecayFruit': 0, 'EnemyFruit': 1} |
------------------------------------------
| rollout/                |              |
|    ep_len_mean          | 641          |
|    ep_rew_mean          | 22.4         |
| time/                   |              |
|    fps                  | 231          |
|    iterations           | 298          |
|    time_elapsed         | 2634         |
|    total_timesteps      | 610304       |
| train/                  |              |
|    approx_kl            | 0.0043799034 |
|    clip_fraction        | 0.0447       |
|    clip_range           | 0.2          |
|    entropy_loss         | -0.163       |
|    explained_variance   | -0.0461      |
|    learning_rate        | 0.0003       |
|    loss                 | 3.31         |
|    n_updates            | 2970         |
|    policy_gradient_loss | -0.000767    |
|    value_loss           | 4.61         |
------------------------------------------
FruitCounts | {'Fruit': 0, 'DecayFruit': 0, 'EnemyFruit': 0} |
------------------------------------------
| rollout/                |              |
|    ep_len_mean          | 654          |
|    ep_rew_mean          | 22.7         |
| time/                   |              |
|    fps                  | 231          |
|    iterations           | 299          |
|    time_elapsed         | 2643         |
|    total_timesteps      | 612352       |
| train/                  |              |
|    approx_kl            | 0.0042342423 |
|    clip_fraction        | 0.0386       |
|    clip_range           | 0.2          |
|    entropy_loss         | -0.154       |
|    explained_variance   | 0.161        |
|    learning_rate        | 0.0003       |
|    loss                 | 5.8          |
|    n_updates            | 2980         |
|    policy_gradient_loss | 0.000323     |
|    value_loss           | 5.53         |
------------------------------------------
FruitCounts | {'Fruit': 1, 'DecayFruit': 0, 'EnemyFruit': 0} |
------------------------------------------
| rollout/                |              |
|    ep_len_mean          | 663          |
|    ep_rew_mean          | 23.2         |
| time/                   |              |
|    fps                  | 231          |
|    iterations           | 300          |
|    time_elapsed         | 2650         |
|    total_timesteps      | 614400       |
| train/                  |              |
|    approx_kl            | 0.0052732686 |
|    clip_fraction        | 0.0441       |
|    clip_range           | 0.2          |
|    entropy_loss         | -0.175       |
|    explained_variance   | 0.00231      |
|    learning_rate        | 0.0003       |
|    loss                 | 2.25         |
|    n_updates            | 2990         |
|    policy_gradient_loss | -0.00314     |
|    value_loss           | 6.33         |
------------------------------------------
FruitCounts | {'Fruit': 0, 'DecayFruit': 5, 'EnemyFruit': 3} |
-----------------------------------------
| rollout/                |             |
|    ep_len_mean          | 670         |
|    ep_rew_mean          | 23.4        |
| time/                   |             |
|    fps                  | 231         |
|    iterations           | 301         |
|    time_elapsed         | 2658        |
|    total_timesteps      | 616448      |
| train/                  |             |
|    approx_kl            | 0.005951818 |
|    clip_fraction        | 0.0447      |
|    clip_range           | 0.2         |
|    entropy_loss         | -0.161      |
|    explained_variance   | 0.119       |
|    learning_rate        | 0.0003      |
|    loss                 | 2.54        |
|    n_updates            | 3000        |
|    policy_gradient_loss | -0.00261    |
|    value_loss           | 8.6         |
-----------------------------------------
FruitCounts | {'Fruit': 0, 'DecayFruit': 2, 'EnemyFruit': 0} |
-----------------------------------------
| rollout/                |             |
|    ep_len_mean          | 664         |
|    ep_rew_mean          | 23.7        |
| time/                   |             |
|    fps                  | 231         |
|    iterations           | 302         |
|    time_elapsed         | 2666        |
|    total_timesteps      | 618496      |
| train/                  |             |
|    approx_kl            | 0.004422469 |
|    clip_fraction        | 0.0438      |
|    clip_range           | 0.2         |
|    entropy_loss         | -0.17       |
|    explained_variance   | -0.0239     |
|    learning_rate        | 0.0003      |
|    loss                 | 3.72        |
|    n_updates            | 3010        |
|    policy_gradient_loss | -0.00232    |
|    value_loss           | 7.14        |
-----------------------------------------
FruitCounts | {'Fruit': 0, 'DecayFruit': 0, 'EnemyFruit': 1} |
------------------------------------------
| rollout/                |              |
|    ep_len_mean          | 675          |
|    ep_rew_mean          | 24.7         |
| time/                   |              |
|    fps                  | 231          |
|    iterations           | 303          |
|    time_elapsed         | 2675         |
|    total_timesteps      | 620544       |
| train/                  |              |
|    approx_kl            | 0.0072695776 |
|    clip_fraction        | 0.0442       |
|    clip_range           | 0.2          |
|    entropy_loss         | -0.16        |
|    explained_variance   | 0.0975       |
|    learning_rate        | 0.0003       |
|    loss                 | 2.83         |
|    n_updates            | 3020         |
|    policy_gradient_loss | -0.000563    |
|    value_loss           | 9.79         |
------------------------------------------
FruitCounts | {'Fruit': 0, 'DecayFruit': 1, 'EnemyFruit': 1} |
------------------------------------------
| rollout/                |              |
|    ep_len_mean          | 640          |
|    ep_rew_mean          | 24           |
| time/                   |              |
|    fps                  | 231          |
|    iterations           | 304          |
|    time_elapsed         | 2684         |
|    total_timesteps      | 622592       |
| train/                  |              |
|    approx_kl            | 0.0061654495 |
|    clip_fraction        | 0.0359       |
|    clip_range           | 0.2          |
|    entropy_loss         | -0.163       |
|    explained_variance   | -0.0459      |
|    learning_rate        | 0.0003       |
|    loss                 | 2.4          |
|    n_updates            | 3030         |
|    policy_gradient_loss | -0.00236     |
|    value_loss           | 8.91         |
------------------------------------------
FruitCounts | {'Fruit': 2, 'DecayFruit': 5, 'EnemyFruit': 7} |
-----------------------------------------
| rollout/                |             |
|    ep_len_mean          | 649         |
|    ep_rew_mean          | 24.2        |
| time/                   |             |
|    fps                  | 232         |
|    iterations           | 305         |
|    time_elapsed         | 2691        |
|    total_timesteps      | 624640      |
| train/                  |             |
|    approx_kl            | 0.008285265 |
|    clip_fraction        | 0.0603      |
|    clip_range           | 0.2         |
|    entropy_loss         | -0.164      |
|    explained_variance   | 0.00174     |
|    learning_rate        | 0.0003      |
|    loss                 | 1.71        |
|    n_updates            | 3040        |
|    policy_gradient_loss | -0.00273    |
|    value_loss           | 7.32        |
-----------------------------------------
FruitCounts | {'Fruit': 0, 'DecayFruit': 2, 'EnemyFruit': 2} |
-----------------------------------------
| rollout/                |             |
|    ep_len_mean          | 647         |
|    ep_rew_mean          | 23.3        |
| time/                   |             |
|    fps                  | 232         |
|    iterations           | 306         |
|    time_elapsed         | 2700        |
|    total_timesteps      | 626688      |
| train/                  |             |
|    approx_kl            | 0.005883855 |
|    clip_fraction        | 0.0478      |
|    clip_range           | 0.2         |
|    entropy_loss         | -0.163      |
|    explained_variance   | 0.266       |
|    learning_rate        | 0.0003      |
|    loss                 | 0.719       |
|    n_updates            | 3050        |
|    policy_gradient_loss | -0.000827   |
|    value_loss           | 4.03        |
-----------------------------------------
FruitCounts | {'Fruit': 1, 'DecayFruit': 0, 'EnemyFruit': 1} |
----------------------------------------
| rollout/                |            |
|    ep_len_mean          | 658        |
|    ep_rew_mean          | 24.1       |
| time/                   |            |
|    fps                  | 232        |
|    iterations           | 307        |
|    time_elapsed         | 2708       |
|    total_timesteps      | 628736     |
| train/                  |            |
|    approx_kl            | 0.00670417 |
|    clip_fraction        | 0.045      |
|    clip_range           | 0.2        |
|    entropy_loss         | -0.165     |
|    explained_variance   | -0.075     |
|    learning_rate        | 0.0003     |
|    loss                 | 1.04       |
|    n_updates            | 3060       |
|    policy_gradient_loss | -0.00301   |
|    value_loss           | 5.33       |
----------------------------------------
FruitCounts | {'Fruit': 0, 'DecayFruit': 0, 'EnemyFruit': 0} |
------------------------------------------
| rollout/                |              |
|    ep_len_mean          | 646          |
|    ep_rew_mean          | 22.6         |
| time/                   |              |
|    fps                  | 232          |
|    iterations           | 308          |
|    time_elapsed         | 2717         |
|    total_timesteps      | 630784       |
| train/                  |              |
|    approx_kl            | 0.0024899177 |
|    clip_fraction        | 0.0322       |
|    clip_range           | 0.2          |
|    entropy_loss         | -0.16        |
|    explained_variance   | 0.129        |
|    learning_rate        | 0.0003       |
|    loss                 | 2.58         |
|    n_updates            | 3070         |
|    policy_gradient_loss | -0.000506    |
|    value_loss           | 11.7         |
------------------------------------------
FruitCounts | {'Fruit': 0, 'DecayFruit': 5, 'EnemyFruit': 8} |
------------------------------------------
| rollout/                |              |
|    ep_len_mean          | 643          |
|    ep_rew_mean          | 22.9         |
| time/                   |              |
|    fps                  | 232          |
|    iterations           | 309          |
|    time_elapsed         | 2724         |
|    total_timesteps      | 632832       |
| train/                  |              |
|    approx_kl            | 0.0071614394 |
|    clip_fraction        | 0.0536       |
|    clip_range           | 0.2          |
|    entropy_loss         | -0.183       |
|    explained_variance   | 0.0529       |
|    learning_rate        | 0.0003       |
|    loss                 | 1.99         |
|    n_updates            | 3080         |
|    policy_gradient_loss | -0.00163     |
|    value_loss           | 4.97         |
------------------------------------------
FruitCounts | {'Fruit': 0, 'DecayFruit': 1, 'EnemyFruit': 0} |
------------------------------------------
| rollout/                |              |
|    ep_len_mean          | 642          |
|    ep_rew_mean          | 24.1         |
| time/                   |              |
|    fps                  | 232          |
|    iterations           | 310          |
|    time_elapsed         | 2733         |
|    total_timesteps      | 634880       |
| train/                  |              |
|    approx_kl            | 0.0054165176 |
|    clip_fraction        | 0.0499       |
|    clip_range           | 0.2          |
|    entropy_loss         | -0.162       |
|    explained_variance   | 0.208        |
|    learning_rate        | 0.0003       |
|    loss                 | 1.25         |
|    n_updates            | 3090         |
|    policy_gradient_loss | -0.000764    |
|    value_loss           | 6.75         |
------------------------------------------
FruitCounts | {'Fruit': 4, 'DecayFruit': 4, 'EnemyFruit': 4} |
-----------------------------------------
| rollout/                |             |
|    ep_len_mean          | 652         |
|    ep_rew_mean          | 24.9        |
| time/                   |             |
|    fps                  | 232         |
|    iterations           | 311         |
|    time_elapsed         | 2740        |
|    total_timesteps      | 636928      |
| train/                  |             |
|    approx_kl            | 0.004051747 |
|    clip_fraction        | 0.0369      |
|    clip_range           | 0.2         |
|    entropy_loss         | -0.165      |
|    explained_variance   | 0.0514      |
|    learning_rate        | 0.0003      |
|    loss                 | 3.26        |
|    n_updates            | 3100        |
|    policy_gradient_loss | -0.00223    |
|    value_loss           | 14.3        |
-----------------------------------------
FruitCounts | {'Fruit': 4, 'DecayFruit': 4, 'EnemyFruit': 7} |
------------------------------------------
| rollout/                |              |
|    ep_len_mean          | 654          |
|    ep_rew_mean          | 25.2         |
| time/                   |              |
|    fps                  | 232          |
|    iterations           | 312          |
|    time_elapsed         | 2748         |
|    total_timesteps      | 638976       |
| train/                  |              |
|    approx_kl            | 0.0062716966 |
|    clip_fraction        | 0.0466       |
|    clip_range           | 0.2          |
|    entropy_loss         | -0.176       |
|    explained_variance   | 0.329        |
|    learning_rate        | 0.0003       |
|    loss                 | 1.49         |
|    n_updates            | 3110         |
|    policy_gradient_loss | -0.00253     |
|    value_loss           | 6.64         |
------------------------------------------
FruitCounts | {'Fruit': 0, 'DecayFruit': 0, 'EnemyFruit': 1} |
-----------------------------------------
| rollout/                |             |
|    ep_len_mean          | 644         |
|    ep_rew_mean          | 23.6        |
| time/                   |             |
|    fps                  | 232         |
|    iterations           | 313         |
|    time_elapsed         | 2757        |
|    total_timesteps      | 641024      |
| train/                  |             |
|    approx_kl            | 0.004085102 |
|    clip_fraction        | 0.0475      |
|    clip_range           | 0.2         |
|    entropy_loss         | -0.179      |
|    explained_variance   | 0.296       |
|    learning_rate        | 0.0003      |
|    loss                 | 3.15        |
|    n_updates            | 3120        |
|    policy_gradient_loss | -0.00134    |
|    value_loss           | 7.91        |
-----------------------------------------
FruitCounts | {'Fruit': 0, 'DecayFruit': 2, 'EnemyFruit': 3} |
-----------------------------------------
| rollout/                |             |
|    ep_len_mean          | 648         |
|    ep_rew_mean          | 23.8        |
| time/                   |             |
|    fps                  | 232         |
|    iterations           | 314         |
|    time_elapsed         | 2765        |
|    total_timesteps      | 643072      |
| train/                  |             |
|    approx_kl            | 0.004393653 |
|    clip_fraction        | 0.0437      |
|    clip_range           | 0.2         |
|    entropy_loss         | -0.165      |
|    explained_variance   | 0.0242      |
|    learning_rate        | 0.0003      |
|    loss                 | 2.09        |
|    n_updates            | 3130        |
|    policy_gradient_loss | -0.00528    |
|    value_loss           | 7.7         |
-----------------------------------------
FruitCounts | {'Fruit': 1, 'DecayFruit': 0, 'EnemyFruit': 2} |
------------------------------------------
| rollout/                |              |
|    ep_len_mean          | 641          |
|    ep_rew_mean          | 23.6         |
| time/                   |              |
|    fps                  | 232          |
|    iterations           | 315          |
|    time_elapsed         | 2773         |
|    total_timesteps      | 645120       |
| train/                  |              |
|    approx_kl            | 0.0044364235 |
|    clip_fraction        | 0.0337       |
|    clip_range           | 0.2          |
|    entropy_loss         | -0.175       |
|    explained_variance   | 0.203        |
|    learning_rate        | 0.0003       |
|    loss                 | 11.1         |
|    n_updates            | 3140         |
|    policy_gradient_loss | -0.0019      |
|    value_loss           | 21.7         |
------------------------------------------
FruitCounts | {'Fruit': 0, 'DecayFruit': 0, 'EnemyFruit': 0} |
-----------------------------------------
| rollout/                |             |
|    ep_len_mean          | 643         |
|    ep_rew_mean          | 23.8        |
| time/                   |             |
|    fps                  | 232         |
|    iterations           | 316         |
|    time_elapsed         | 2781        |
|    total_timesteps      | 647168      |
| train/                  |             |
|    approx_kl            | 0.004662513 |
|    clip_fraction        | 0.0443      |
|    clip_range           | 0.2         |
|    entropy_loss         | -0.161      |
|    explained_variance   | 0.199       |
|    learning_rate        | 0.0003      |
|    loss                 | 6.02        |
|    n_updates            | 3150        |
|    policy_gradient_loss | -0.00403    |
|    value_loss           | 8.99        |
-----------------------------------------
FruitCounts | {'Fruit': 3, 'DecayFruit': 1, 'EnemyFruit': 0} |
-----------------------------------------
| rollout/                |             |
|    ep_len_mean          | 625         |
|    ep_rew_mean          | 23.2        |
| time/                   |             |
|    fps                  | 232         |
|    iterations           | 317         |
|    time_elapsed         | 2789        |
|    total_timesteps      | 649216      |
| train/                  |             |
|    approx_kl            | 0.006945397 |
|    clip_fraction        | 0.0563      |
|    clip_range           | 0.2         |
|    entropy_loss         | -0.188      |
|    explained_variance   | 0.097       |
|    learning_rate        | 0.0003      |
|    loss                 | 4.96        |
|    n_updates            | 3160        |
|    policy_gradient_loss | -0.00186    |
|    value_loss           | 8.78        |
-----------------------------------------
FruitCounts | {'Fruit': 0, 'DecayFruit': 6, 'EnemyFruit': 3} |
------------------------------------------
| rollout/                |              |
|    ep_len_mean          | 637          |
|    ep_rew_mean          | 23.9         |
| time/                   |              |
|    fps                  | 232          |
|    iterations           | 318          |
|    time_elapsed         | 2797         |
|    total_timesteps      | 651264       |
| train/                  |              |
|    approx_kl            | 0.0029843329 |
|    clip_fraction        | 0.0332       |
|    clip_range           | 0.2          |
|    entropy_loss         | -0.166       |
|    explained_variance   | 0.123        |
|    learning_rate        | 0.0003       |
|    loss                 | 2.08         |
|    n_updates            | 3170         |
|    policy_gradient_loss | -0.000699    |
|    value_loss           | 11.1         |
------------------------------------------
FruitCounts | {'Fruit': 1, 'DecayFruit': 1, 'EnemyFruit': 0} |
-----------------------------------------
| rollout/                |             |
|    ep_len_mean          | 614         |
|    ep_rew_mean          | 24.9        |
| time/                   |             |
|    fps                  | 232         |
|    iterations           | 319         |
|    time_elapsed         | 2805        |
|    total_timesteps      | 653312      |
| train/                  |             |
|    approx_kl            | 0.006020982 |
|    clip_fraction        | 0.0423      |
|    clip_range           | 0.2         |
|    entropy_loss         | -0.156      |
|    explained_variance   | 0.145       |
|    learning_rate        | 0.0003      |
|    loss                 | 4.4         |
|    n_updates            | 3180        |
|    policy_gradient_loss | -0.00326    |
|    value_loss           | 8.91        |
-----------------------------------------
FruitCounts | {'Fruit': 0, 'DecayFruit': 0, 'EnemyFruit': 0} |
------------------------------------------
| rollout/                |              |
|    ep_len_mean          | 617          |
|    ep_rew_mean          | 25.2         |
| time/                   |              |
|    fps                  | 232          |
|    iterations           | 320          |
|    time_elapsed         | 2814         |
|    total_timesteps      | 655360       |
| train/                  |              |
|    approx_kl            | 0.0036243177 |
|    clip_fraction        | 0.0428       |
|    clip_range           | 0.2          |
|    entropy_loss         | -0.176       |
|    explained_variance   | 0.283        |
|    learning_rate        | 0.0003       |
|    loss                 | 7.83         |
|    n_updates            | 3190         |
|    policy_gradient_loss | -0.00212     |
|    value_loss           | 14.1         |
------------------------------------------
FruitCounts | {'Fruit': 2, 'DecayFruit': 1, 'EnemyFruit': 2} |
------------------------------------------
| rollout/                |              |
|    ep_len_mean          | 608          |
|    ep_rew_mean          | 24.7         |
| time/                   |              |
|    fps                  | 232          |
|    iterations           | 321          |
|    time_elapsed         | 2822         |
|    total_timesteps      | 657408       |
| train/                  |              |
|    approx_kl            | 0.0051923413 |
|    clip_fraction        | 0.0534       |
|    clip_range           | 0.2          |
|    entropy_loss         | -0.176       |
|    explained_variance   | 0.14         |
|    learning_rate        | 0.0003       |
|    loss                 | 7.68         |
|    n_updates            | 3200         |
|    policy_gradient_loss | -0.0032      |
|    value_loss           | 9.54         |
------------------------------------------
FruitCounts | {'Fruit': 0, 'DecayFruit': 4, 'EnemyFruit': 5} |
----------------------------------------
| rollout/                |            |
|    ep_len_mean          | 599        |
|    ep_rew_mean          | 25.2       |
| time/                   |            |
|    fps                  | 232        |
|    iterations           | 322        |
|    time_elapsed         | 2830       |
|    total_timesteps      | 659456     |
| train/                  |            |
|    approx_kl            | 0.01037583 |
|    clip_fraction        | 0.0527     |
|    clip_range           | 0.2        |
|    entropy_loss         | -0.169     |
|    explained_variance   | 0.128      |
|    learning_rate        | 0.0003     |
|    loss                 | 5.86       |
|    n_updates            | 3210       |
|    policy_gradient_loss | -0.00272   |
|    value_loss           | 14         |
----------------------------------------
FruitCounts | {'Fruit': 1, 'DecayFruit': 4, 'EnemyFruit': 2} |
-----------------------------------------
| rollout/                |             |
|    ep_len_mean          | 603         |
|    ep_rew_mean          | 25.8        |
| time/                   |             |
|    fps                  | 233         |
|    iterations           | 323         |
|    time_elapsed         | 2838        |
|    total_timesteps      | 661504      |
| train/                  |             |
|    approx_kl            | 0.005159425 |
|    clip_fraction        | 0.0488      |
|    clip_range           | 0.2         |
|    entropy_loss         | -0.185      |
|    explained_variance   | 0.286       |
|    learning_rate        | 0.0003      |
|    loss                 | 5.24        |
|    n_updates            | 3220        |
|    policy_gradient_loss | -0.00187    |
|    value_loss           | 11.4        |
-----------------------------------------
FruitCounts | {'Fruit': 2, 'DecayFruit': 4, 'EnemyFruit': 1} |
-----------------------------------------
| rollout/                |             |
|    ep_len_mean          | 576         |
|    ep_rew_mean          | 25          |
| time/                   |             |
|    fps                  | 233         |
|    iterations           | 324         |
|    time_elapsed         | 2846        |
|    total_timesteps      | 663552      |
| train/                  |             |
|    approx_kl            | 0.004912962 |
|    clip_fraction        | 0.0459      |
|    clip_range           | 0.2         |
|    entropy_loss         | -0.155      |
|    explained_variance   | 0.0258      |
|    learning_rate        | 0.0003      |
|    loss                 | 4.38        |
|    n_updates            | 3230        |
|    policy_gradient_loss | -0.00112    |
|    value_loss           | 10.1        |
-----------------------------------------
FruitCounts | {'Fruit': 1, 'DecayFruit': 0, 'EnemyFruit': 0} |
------------------------------------------
| rollout/                |              |
|    ep_len_mean          | 598          |
|    ep_rew_mean          | 27           |
| time/                   |              |
|    fps                  | 233          |
|    iterations           | 325          |
|    time_elapsed         | 2854         |
|    total_timesteps      | 665600       |
| train/                  |              |
|    approx_kl            | 0.0058586244 |
|    clip_fraction        | 0.0485       |
|    clip_range           | 0.2          |
|    entropy_loss         | -0.169       |
|    explained_variance   | 0.197        |
|    learning_rate        | 0.0003       |
|    loss                 | 4.31         |
|    n_updates            | 3240         |
|    policy_gradient_loss | -0.00382     |
|    value_loss           | 11.4         |
------------------------------------------
FruitCounts | {'Fruit': 1, 'DecayFruit': 2, 'EnemyFruit': 4} |
------------------------------------------
| rollout/                |              |
|    ep_len_mean          | 594          |
|    ep_rew_mean          | 27.7         |
| time/                   |              |
|    fps                  | 233          |
|    iterations           | 326          |
|    time_elapsed         | 2862         |
|    total_timesteps      | 667648       |
| train/                  |              |
|    approx_kl            | 0.0053548976 |
|    clip_fraction        | 0.0466       |
|    clip_range           | 0.2          |
|    entropy_loss         | -0.166       |
|    explained_variance   | 0.26         |
|    learning_rate        | 0.0003       |
|    loss                 | 5.85         |
|    n_updates            | 3250         |
|    policy_gradient_loss | -0.00353     |
|    value_loss           | 11.1         |
------------------------------------------
FruitCounts | {'Fruit': 2, 'DecayFruit': 1, 'EnemyFruit': 1} |
-----------------------------------------
| rollout/                |             |
|    ep_len_mean          | 573         |
|    ep_rew_mean          | 26.9        |
| time/                   |             |
|    fps                  | 233         |
|    iterations           | 327         |
|    time_elapsed         | 2870        |
|    total_timesteps      | 669696      |
| train/                  |             |
|    approx_kl            | 0.003784144 |
|    clip_fraction        | 0.0409      |
|    clip_range           | 0.2         |
|    entropy_loss         | -0.16       |
|    explained_variance   | 0.17        |
|    learning_rate        | 0.0003      |
|    loss                 | 4.38        |
|    n_updates            | 3260        |
|    policy_gradient_loss | -0.00191    |
|    value_loss           | 8.97        |
-----------------------------------------
FruitCounts | {'Fruit': 0, 'DecayFruit': 1, 'EnemyFruit': 0} |
------------------------------------------
| rollout/                |              |
|    ep_len_mean          | 565          |
|    ep_rew_mean          | 28           |
| time/                   |              |
|    fps                  | 233          |
|    iterations           | 328          |
|    time_elapsed         | 2879         |
|    total_timesteps      | 671744       |
| train/                  |              |
|    approx_kl            | 0.0032111323 |
|    clip_fraction        | 0.0467       |
|    clip_range           | 0.2          |
|    entropy_loss         | -0.169       |
|    explained_variance   | 0.314        |
|    learning_rate        | 0.0003       |
|    loss                 | 2.33         |
|    n_updates            | 3270         |
|    policy_gradient_loss | 0.000704     |
|    value_loss           | 7.65         |
------------------------------------------
FruitCounts | {'Fruit': 1, 'DecayFruit': 6, 'EnemyFruit': 5} |
------------------------------------------
| rollout/                |              |
|    ep_len_mean          | 553          |
|    ep_rew_mean          | 27.1         |
| time/                   |              |
|    fps                  | 233          |
|    iterations           | 329          |
|    time_elapsed         | 2887         |
|    total_timesteps      | 673792       |
| train/                  |              |
|    approx_kl            | 0.0038016045 |
|    clip_fraction        | 0.0325       |
|    clip_range           | 0.2          |
|    entropy_loss         | -0.165       |
|    explained_variance   | 0.0846       |
|    learning_rate        | 0.0003       |
|    loss                 | 3.36         |
|    n_updates            | 3280         |
|    policy_gradient_loss | 3.09e-06     |
|    value_loss           | 14.2         |
------------------------------------------
FruitCounts | {'Fruit': 0, 'DecayFruit': 1, 'EnemyFruit': 0} |
-----------------------------------------
| rollout/                |             |
|    ep_len_mean          | 553         |
|    ep_rew_mean          | 26.9        |
| time/                   |             |
|    fps                  | 233         |
|    iterations           | 330         |
|    time_elapsed         | 2895        |
|    total_timesteps      | 675840      |
| train/                  |             |
|    approx_kl            | 0.004797958 |
|    clip_fraction        | 0.0446      |
|    clip_range           | 0.2         |
|    entropy_loss         | -0.17       |
|    explained_variance   | 0.307       |
|    learning_rate        | 0.0003      |
|    loss                 | 2.93        |
|    n_updates            | 3290        |
|    policy_gradient_loss | -0.00142    |
|    value_loss           | 10.3        |
-----------------------------------------
FruitCounts | {'Fruit': 0, 'DecayFruit': 4, 'EnemyFruit': 1} |
------------------------------------------
| rollout/                |              |
|    ep_len_mean          | 553          |
|    ep_rew_mean          | 26.9         |
| time/                   |              |
|    fps                  | 233          |
|    iterations           | 331          |
|    time_elapsed         | 2904         |
|    total_timesteps      | 677888       |
| train/                  |              |
|    approx_kl            | 0.0055083097 |
|    clip_fraction        | 0.0476       |
|    clip_range           | 0.2          |
|    entropy_loss         | -0.162       |
|    explained_variance   | 0.141        |
|    learning_rate        | 0.0003       |
|    loss                 | 4.81         |
|    n_updates            | 3300         |
|    policy_gradient_loss | -0.00311     |
|    value_loss           | 11           |
------------------------------------------
FruitCounts | {'Fruit': 0, 'DecayFruit': 2, 'EnemyFruit': 2} |
------------------------------------------
| rollout/                |              |
|    ep_len_mean          | 558          |
|    ep_rew_mean          | 27.9         |
| time/                   |              |
|    fps                  | 233          |
|    iterations           | 332          |
|    time_elapsed         | 2912         |
|    total_timesteps      | 679936       |
| train/                  |              |
|    approx_kl            | 0.0033843524 |
|    clip_fraction        | 0.0481       |
|    clip_range           | 0.2          |
|    entropy_loss         | -0.17        |
|    explained_variance   | 0.0435       |
|    learning_rate        | 0.0003       |
|    loss                 | 7            |
|    n_updates            | 3310         |
|    policy_gradient_loss | -0.000346    |
|    value_loss           | 13.3         |
------------------------------------------
FruitCounts | {'Fruit': 1, 'DecayFruit': 4, 'EnemyFruit': 4} |
-----------------------------------------
| rollout/                |             |
|    ep_len_mean          | 560         |
|    ep_rew_mean          | 28.6        |
| time/                   |             |
|    fps                  | 233         |
|    iterations           | 333         |
|    time_elapsed         | 2920        |
|    total_timesteps      | 681984      |
| train/                  |             |
|    approx_kl            | 0.005463154 |
|    clip_fraction        | 0.0542      |
|    clip_range           | 0.2         |
|    entropy_loss         | -0.156      |
|    explained_variance   | 0.186       |
|    learning_rate        | 0.0003      |
|    loss                 | 1.98        |
|    n_updates            | 3320        |
|    policy_gradient_loss | -0.0022     |
|    value_loss           | 7.64        |
-----------------------------------------
FruitCounts | {'Fruit': 0, 'DecayFruit': 2, 'EnemyFruit': 4} |
-----------------------------------------
| rollout/                |             |
|    ep_len_mean          | 550         |
|    ep_rew_mean          | 28.9        |
| time/                   |             |
|    fps                  | 233         |
|    iterations           | 334         |
|    time_elapsed         | 2928        |
|    total_timesteps      | 684032      |
| train/                  |             |
|    approx_kl            | 0.003970435 |
|    clip_fraction        | 0.0482      |
|    clip_range           | 0.2         |
|    entropy_loss         | -0.142      |
|    explained_variance   | 0.203       |
|    learning_rate        | 0.0003      |
|    loss                 | 4.1         |
|    n_updates            | 3330        |
|    policy_gradient_loss | -0.002      |
|    value_loss           | 10.7        |
-----------------------------------------
FruitCounts | {'Fruit': 0, 'DecayFruit': 3, 'EnemyFruit': 0} |
------------------------------------------
| rollout/                |              |
|    ep_len_mean          | 552          |
|    ep_rew_mean          | 29.6         |
| time/                   |              |
|    fps                  | 233          |
|    iterations           | 335          |
|    time_elapsed         | 2936         |
|    total_timesteps      | 686080       |
| train/                  |              |
|    approx_kl            | 0.0054291924 |
|    clip_fraction        | 0.0557       |
|    clip_range           | 0.2          |
|    entropy_loss         | -0.163       |
|    explained_variance   | 0.248        |
|    learning_rate        | 0.0003       |
|    loss                 | 2.98         |
|    n_updates            | 3340         |
|    policy_gradient_loss | -0.00124     |
|    value_loss           | 10.8         |
------------------------------------------
FruitCounts | {'Fruit': 0, 'DecayFruit': 3, 'EnemyFruit': 0} |
------------------------------------------
| rollout/                |              |
|    ep_len_mean          | 547          |
|    ep_rew_mean          | 29.8         |
| time/                   |              |
|    fps                  | 233          |
|    iterations           | 336          |
|    time_elapsed         | 2944         |
|    total_timesteps      | 688128       |
| train/                  |              |
|    approx_kl            | 0.0067219017 |
|    clip_fraction        | 0.0466       |
|    clip_range           | 0.2          |
|    entropy_loss         | -0.143       |
|    explained_variance   | 0.213        |
|    learning_rate        | 0.0003       |
|    loss                 | 3.89         |
|    n_updates            | 3350         |
|    policy_gradient_loss | -0.00104     |
|    value_loss           | 9.2          |
------------------------------------------
FruitCounts | {'Fruit': 0, 'DecayFruit': 0, 'EnemyFruit': 0} |
------------------------------------------
| rollout/                |              |
|    ep_len_mean          | 536          |
|    ep_rew_mean          | 29.5         |
| time/                   |              |
|    fps                  | 233          |
|    iterations           | 337          |
|    time_elapsed         | 2952         |
|    total_timesteps      | 690176       |
| train/                  |              |
|    approx_kl            | 0.0028180168 |
|    clip_fraction        | 0.0365       |
|    clip_range           | 0.2          |
|    entropy_loss         | -0.15        |
|    explained_variance   | 0.289        |
|    learning_rate        | 0.0003       |
|    loss                 | 4.31         |
|    n_updates            | 3360         |
|    policy_gradient_loss | -0.000641    |
|    value_loss           | 8.62         |
------------------------------------------
FruitCounts | {'Fruit': 0, 'DecayFruit': 1, 'EnemyFruit': 0} |
-----------------------------------------
| rollout/                |             |
|    ep_len_mean          | 500         |
|    ep_rew_mean          | 28.3        |
| time/                   |             |
|    fps                  | 233         |
|    iterations           | 338         |
|    time_elapsed         | 2962        |
|    total_timesteps      | 692224      |
| train/                  |             |
|    approx_kl            | 0.005945948 |
|    clip_fraction        | 0.0465      |
|    clip_range           | 0.2         |
|    entropy_loss         | -0.167      |
|    explained_variance   | 0.0699      |
|    learning_rate        | 0.0003      |
|    loss                 | 4.42        |
|    n_updates            | 3370        |
|    policy_gradient_loss | -0.00178    |
|    value_loss           | 9.69        |
-----------------------------------------
FruitCounts | {'Fruit': 1, 'DecayFruit': 2, 'EnemyFruit': 1} |
------------------------------------------
| rollout/                |              |
|    ep_len_mean          | 499          |
|    ep_rew_mean          | 28.8         |
| time/                   |              |
|    fps                  | 233          |
|    iterations           | 339          |
|    time_elapsed         | 2970         |
|    total_timesteps      | 694272       |
| train/                  |              |
|    approx_kl            | 0.0041517504 |
|    clip_fraction        | 0.0326       |
|    clip_range           | 0.2          |
|    entropy_loss         | -0.151       |
|    explained_variance   | 0.195        |
|    learning_rate        | 0.0003       |
|    loss                 | 8.61         |
|    n_updates            | 3380         |
|    policy_gradient_loss | -0.00276     |
|    value_loss           | 15.7         |
------------------------------------------
FruitCounts | {'Fruit': 0, 'DecayFruit': 2, 'EnemyFruit': 1} |
------------------------------------------
| rollout/                |              |
|    ep_len_mean          | 493          |
|    ep_rew_mean          | 28.9         |
| time/                   |              |
|    fps                  | 233          |
|    iterations           | 340          |
|    time_elapsed         | 2978         |
|    total_timesteps      | 696320       |
| train/                  |              |
|    approx_kl            | 0.0035756638 |
|    clip_fraction        | 0.0361       |
|    clip_range           | 0.2          |
|    entropy_loss         | -0.155       |
|    explained_variance   | 0.148        |
|    learning_rate        | 0.0003       |
|    loss                 | 3.68         |
|    n_updates            | 3390         |
|    policy_gradient_loss | -0.000668    |
|    value_loss           | 12.2         |
------------------------------------------
FruitCounts | {'Fruit': 1, 'DecayFruit': 5, 'EnemyFruit': 6} |
-----------------------------------------
| rollout/                |             |
|    ep_len_mean          | 496         |
|    ep_rew_mean          | 29.3        |
| time/                   |             |
|    fps                  | 233         |
|    iterations           | 341         |
|    time_elapsed         | 2985        |
|    total_timesteps      | 698368      |
| train/                  |             |
|    approx_kl            | 0.006487644 |
|    clip_fraction        | 0.0536      |
|    clip_range           | 0.2         |
|    entropy_loss         | -0.159      |
|    explained_variance   | 0.218       |
|    learning_rate        | 0.0003      |
|    loss                 | 2.87        |
|    n_updates            | 3400        |
|    policy_gradient_loss | 0.000204    |
|    value_loss           | 9.99        |
-----------------------------------------
FruitCounts | {'Fruit': 0, 'DecayFruit': 2, 'EnemyFruit': 2} |
-----------------------------------------
| rollout/                |             |
|    ep_len_mean          | 516         |
|    ep_rew_mean          | 30.2        |
| time/                   |             |
|    fps                  | 233         |
|    iterations           | 342         |
|    time_elapsed         | 2993        |
|    total_timesteps      | 700416      |
| train/                  |             |
|    approx_kl            | 0.006998449 |
|    clip_fraction        | 0.0437      |
|    clip_range           | 0.2         |
|    entropy_loss         | -0.156      |
|    explained_variance   | 0.128       |
|    learning_rate        | 0.0003      |
|    loss                 | 3.92        |
|    n_updates            | 3410        |
|    policy_gradient_loss | -0.00015    |
|    value_loss           | 9.16        |
-----------------------------------------
FruitCounts | {'Fruit': 0, 'DecayFruit': 0, 'EnemyFruit': 0} |
------------------------------------------
| rollout/                |              |
|    ep_len_mean          | 521          |
|    ep_rew_mean          | 31           |
| time/                   |              |
|    fps                  | 234          |
|    iterations           | 343          |
|    time_elapsed         | 3001         |
|    total_timesteps      | 702464       |
| train/                  |              |
|    approx_kl            | 0.0031341407 |
|    clip_fraction        | 0.0374       |
|    clip_range           | 0.2          |
|    entropy_loss         | -0.152       |
|    explained_variance   | 0.184        |
|    learning_rate        | 0.0003       |
|    loss                 | 3.25         |
|    n_updates            | 3420         |
|    policy_gradient_loss | -0.00231     |
|    value_loss           | 12.8         |
------------------------------------------
FruitCounts | {'Fruit': 0, 'DecayFruit': 2, 'EnemyFruit': 2} |
------------------------------------------
| rollout/                |              |
|    ep_len_mean          | 511          |
|    ep_rew_mean          | 30           |
| time/                   |              |
|    fps                  | 234          |
|    iterations           | 344          |
|    time_elapsed         | 3010         |
|    total_timesteps      | 704512       |
| train/                  |              |
|    approx_kl            | 0.0050221663 |
|    clip_fraction        | 0.0406       |
|    clip_range           | 0.2          |
|    entropy_loss         | -0.15        |
|    explained_variance   | -0.0613      |
|    learning_rate        | 0.0003       |
|    loss                 | 4.68         |
|    n_updates            | 3430         |
|    policy_gradient_loss | -0.00271     |
|    value_loss           | 14.2         |
------------------------------------------
FruitCounts | {'Fruit': 0, 'DecayFruit': 0, 'EnemyFruit': 0} |
------------------------------------------
| rollout/                |              |
|    ep_len_mean          | 503          |
|    ep_rew_mean          | 30.5         |
| time/                   |              |
|    fps                  | 234          |
|    iterations           | 345          |
|    time_elapsed         | 3019         |
|    total_timesteps      | 706560       |
| train/                  |              |
|    approx_kl            | 0.0072565647 |
|    clip_fraction        | 0.0613       |
|    clip_range           | 0.2          |
|    entropy_loss         | -0.159       |
|    explained_variance   | 0.27         |
|    learning_rate        | 0.0003       |
|    loss                 | 3.15         |
|    n_updates            | 3440         |
|    policy_gradient_loss | -0.00319     |
|    value_loss           | 8.69         |
------------------------------------------
FruitCounts | {'Fruit': 0, 'DecayFruit': 0, 'EnemyFruit': 0} |
-----------------------------------------
| rollout/                |             |
|    ep_len_mean          | 515         |
|    ep_rew_mean          | 31.3        |
| time/                   |             |
|    fps                  | 234         |
|    iterations           | 346         |
|    time_elapsed         | 3027        |
|    total_timesteps      | 708608      |
| train/                  |             |
|    approx_kl            | 0.008016887 |
|    clip_fraction        | 0.028       |
|    clip_range           | 0.2         |
|    entropy_loss         | -0.14       |
|    explained_variance   | -0.0714     |
|    learning_rate        | 0.0003      |
|    loss                 | 10.8        |
|    n_updates            | 3450        |
|    policy_gradient_loss | -0.00189    |
|    value_loss           | 23          |
-----------------------------------------
FruitCounts | {'Fruit': 0, 'DecayFruit': 1, 'EnemyFruit': 0} |
------------------------------------------
| rollout/                |              |
|    ep_len_mean          | 526          |
|    ep_rew_mean          | 31.7         |
| time/                   |              |
|    fps                  | 234          |
|    iterations           | 347          |
|    time_elapsed         | 3035         |
|    total_timesteps      | 710656       |
| train/                  |              |
|    approx_kl            | 0.0032594474 |
|    clip_fraction        | 0.0471       |
|    clip_range           | 0.2          |
|    entropy_loss         | -0.138       |
|    explained_variance   | -0.162       |
|    learning_rate        | 0.0003       |
|    loss                 | 3.13         |
|    n_updates            | 3460         |
|    policy_gradient_loss | 0.000336     |
|    value_loss           | 14.1         |
------------------------------------------
FruitCounts | {'Fruit': 1, 'DecayFruit': 2, 'EnemyFruit': 2} |
-----------------------------------------
| rollout/                |             |
|    ep_len_mean          | 525         |
|    ep_rew_mean          | 31.3        |
| time/                   |             |
|    fps                  | 234         |
|    iterations           | 348         |
|    time_elapsed         | 3043        |
|    total_timesteps      | 712704      |
| train/                  |             |
|    approx_kl            | 0.007897558 |
|    clip_fraction        | 0.0581      |
|    clip_range           | 0.2         |
|    entropy_loss         | -0.145      |
|    explained_variance   | 0.0316      |
|    learning_rate        | 0.0003      |
|    loss                 | 1.83        |
|    n_updates            | 3470        |
|    policy_gradient_loss | -0.000878   |
|    value_loss           | 5.3         |
-----------------------------------------
FruitCounts | {'Fruit': 0, 'DecayFruit': 0, 'EnemyFruit': 2} |
------------------------------------------
| rollout/                |              |
|    ep_len_mean          | 539          |
|    ep_rew_mean          | 31.4         |
| time/                   |              |
|    fps                  | 234          |
|    iterations           | 349          |
|    time_elapsed         | 3051         |
|    total_timesteps      | 714752       |
| train/                  |              |
|    approx_kl            | 0.0025642687 |
|    clip_fraction        | 0.043        |
|    clip_range           | 0.2          |
|    entropy_loss         | -0.147       |
|    explained_variance   | 0.185        |
|    learning_rate        | 0.0003       |
|    loss                 | 6.22         |
|    n_updates            | 3480         |
|    policy_gradient_loss | -0.000961    |
|    value_loss           | 11.3         |
------------------------------------------
FruitCounts | {'Fruit': 0, 'DecayFruit': 2, 'EnemyFruit': 4} |
------------------------------------------
| rollout/                |              |
|    ep_len_mean          | 534          |
|    ep_rew_mean          | 31.9         |
| time/                   |              |
|    fps                  | 234          |
|    iterations           | 350          |
|    time_elapsed         | 3058         |
|    total_timesteps      | 716800       |
| train/                  |              |
|    approx_kl            | 0.0058434773 |
|    clip_fraction        | 0.0425       |
|    clip_range           | 0.2          |
|    entropy_loss         | -0.147       |
|    explained_variance   | -0.0298      |
|    learning_rate        | 0.0003       |
|    loss                 | 2.32         |
|    n_updates            | 3490         |
|    policy_gradient_loss | -0.00111     |
|    value_loss           | 6.77         |
------------------------------------------
FruitCounts | {'Fruit': 1, 'DecayFruit': 6, 'EnemyFruit': 5} |
-----------------------------------------
| rollout/                |             |
|    ep_len_mean          | 555         |
|    ep_rew_mean          | 32.5        |
| time/                   |             |
|    fps                  | 234         |
|    iterations           | 351         |
|    time_elapsed         | 3067        |
|    total_timesteps      | 718848      |
| train/                  |             |
|    approx_kl            | 0.005159333 |
|    clip_fraction        | 0.0479      |
|    clip_range           | 0.2         |
|    entropy_loss         | -0.136      |
|    explained_variance   | 0.338       |
|    learning_rate        | 0.0003      |
|    loss                 | 1.85        |
|    n_updates            | 3500        |
|    policy_gradient_loss | -0.00246    |
|    value_loss           | 6.7         |
-----------------------------------------
FruitCounts | {'Fruit': 0, 'DecayFruit': 7, 'EnemyFruit': 5} |
------------------------------------------
| rollout/                |              |
|    ep_len_mean          | 558          |
|    ep_rew_mean          | 32.1         |
| time/                   |              |
|    fps                  | 234          |
|    iterations           | 352          |
|    time_elapsed         | 3075         |
|    total_timesteps      | 720896       |
| train/                  |              |
|    approx_kl            | 0.0051678168 |
|    clip_fraction        | 0.0478       |
|    clip_range           | 0.2          |
|    entropy_loss         | -0.157       |
|    explained_variance   | -0.0882      |
|    learning_rate        | 0.0003       |
|    loss                 | 2.74         |
|    n_updates            | 3510         |
|    policy_gradient_loss | -0.00182     |
|    value_loss           | 6.21         |
------------------------------------------
FruitCounts | {'Fruit': 0, 'DecayFruit': 0, 'EnemyFruit': 0} |
----------------------------------------
| rollout/                |            |
|    ep_len_mean          | 558        |
|    ep_rew_mean          | 33.5       |
| time/                   |            |
|    fps                  | 234        |
|    iterations           | 353        |
|    time_elapsed         | 3084       |
|    total_timesteps      | 722944     |
| train/                  |            |
|    approx_kl            | 0.00675954 |
|    clip_fraction        | 0.0459     |
|    clip_range           | 0.2        |
|    entropy_loss         | -0.138     |
|    explained_variance   | 0.111      |
|    learning_rate        | 0.0003     |
|    loss                 | 5.81       |
|    n_updates            | 3520       |
|    policy_gradient_loss | -0.000914  |
|    value_loss           | 11.4       |
----------------------------------------
FruitCounts | {'Fruit': 2, 'DecayFruit': 4, 'EnemyFruit': 2} |
------------------------------------------
| rollout/                |              |
|    ep_len_mean          | 555          |
|    ep_rew_mean          | 33.1         |
| time/                   |              |
|    fps                  | 234          |
|    iterations           | 354          |
|    time_elapsed         | 3092         |
|    total_timesteps      | 724992       |
| train/                  |              |
|    approx_kl            | 0.0038812803 |
|    clip_fraction        | 0.0328       |
|    clip_range           | 0.2          |
|    entropy_loss         | -0.143       |
|    explained_variance   | 0.204        |
|    learning_rate        | 0.0003       |
|    loss                 | 10           |
|    n_updates            | 3530         |
|    policy_gradient_loss | -0.00181     |
|    value_loss           | 17           |
------------------------------------------
FruitCounts | {'Fruit': 3, 'DecayFruit': 10, 'EnemyFruit': 10} |
------------------------------------------
| rollout/                |              |
|    ep_len_mean          | 544          |
|    ep_rew_mean          | 32.5         |
| time/                   |              |
|    fps                  | 234          |
|    iterations           | 355          |
|    time_elapsed         | 3099         |
|    total_timesteps      | 727040       |
| train/                  |              |
|    approx_kl            | 0.0037074569 |
|    clip_fraction        | 0.0314       |
|    clip_range           | 0.2          |
|    entropy_loss         | -0.155       |
|    explained_variance   | 0.127        |
|    learning_rate        | 0.0003       |
|    loss                 | 4.22         |
|    n_updates            | 3540         |
|    policy_gradient_loss | -0.000641    |
|    value_loss           | 12.9         |
------------------------------------------
FruitCounts | {'Fruit': 0, 'DecayFruit': 0, 'EnemyFruit': 1} |
-----------------------------------------
| rollout/                |             |
|    ep_len_mean          | 565         |
|    ep_rew_mean          | 32.7        |
| time/                   |             |
|    fps                  | 234         |
|    iterations           | 356         |
|    time_elapsed         | 3108        |
|    total_timesteps      | 729088      |
| train/                  |             |
|    approx_kl            | 0.007921662 |
|    clip_fraction        | 0.0593      |
|    clip_range           | 0.2         |
|    entropy_loss         | -0.14       |
|    explained_variance   | 0.369       |
|    learning_rate        | 0.0003      |
|    loss                 | 2.73        |
|    n_updates            | 3550        |
|    policy_gradient_loss | -0.000884   |
|    value_loss           | 5.31        |
-----------------------------------------
FruitCounts | {'Fruit': 1, 'DecayFruit': 2, 'EnemyFruit': 2} |
------------------------------------------
| rollout/                |              |
|    ep_len_mean          | 577          |
|    ep_rew_mean          | 33.2         |
| time/                   |              |
|    fps                  | 234          |
|    iterations           | 357          |
|    time_elapsed         | 3117         |
|    total_timesteps      | 731136       |
| train/                  |              |
|    approx_kl            | 0.0049884706 |
|    clip_fraction        | 0.0448       |
|    clip_range           | 0.2          |
|    entropy_loss         | -0.147       |
|    explained_variance   | 0.133        |
|    learning_rate        | 0.0003       |
|    loss                 | 5.04         |
|    n_updates            | 3560         |
|    policy_gradient_loss | -0.000101    |
|    value_loss           | 9.97         |
------------------------------------------
FruitCounts | {'Fruit': 0, 'DecayFruit': 1, 'EnemyFruit': 1} |
-----------------------------------------
| rollout/                |             |
|    ep_len_mean          | 574         |
|    ep_rew_mean          | 34.3        |
| time/                   |             |
|    fps                  | 234         |
|    iterations           | 358         |
|    time_elapsed         | 3125        |
|    total_timesteps      | 733184      |
| train/                  |             |
|    approx_kl            | 0.005827058 |
|    clip_fraction        | 0.0449      |
|    clip_range           | 0.2         |
|    entropy_loss         | -0.16       |
|    explained_variance   | 0.335       |
|    learning_rate        | 0.0003      |
|    loss                 | 5.51        |
|    n_updates            | 3570        |
|    policy_gradient_loss | -0.00175    |
|    value_loss           | 10.3        |
-----------------------------------------
FruitCounts | {'Fruit': 1, 'DecayFruit': 9, 'EnemyFruit': 15} |
-----------------------------------------
| rollout/                |             |
|    ep_len_mean          | 564         |
|    ep_rew_mean          | 34.3        |
| time/                   |             |
|    fps                  | 234         |
|    iterations           | 359         |
|    time_elapsed         | 3132        |
|    total_timesteps      | 735232      |
| train/                  |             |
|    approx_kl            | 0.004770507 |
|    clip_fraction        | 0.0403      |
|    clip_range           | 0.2         |
|    entropy_loss         | -0.151      |
|    explained_variance   | 0.168       |
|    learning_rate        | 0.0003      |
|    loss                 | 11.3        |
|    n_updates            | 3580        |
|    policy_gradient_loss | -0.00496    |
|    value_loss           | 17.3        |
-----------------------------------------
FruitCounts | {'Fruit': 0, 'DecayFruit': 0, 'EnemyFruit': 1} |
------------------------------------------
| rollout/                |              |
|    ep_len_mean          | 596          |
|    ep_rew_mean          | 36.5         |
| time/                   |              |
|    fps                  | 234          |
|    iterations           | 360          |
|    time_elapsed         | 3142         |
|    total_timesteps      | 737280       |
| train/                  |              |
|    approx_kl            | 0.0056917937 |
|    clip_fraction        | 0.0376       |
|    clip_range           | 0.2          |
|    entropy_loss         | -0.142       |
|    explained_variance   | 0.236        |
|    learning_rate        | 0.0003       |
|    loss                 | 7.4          |
|    n_updates            | 3590         |
|    policy_gradient_loss | -0.000297    |
|    value_loss           | 8.96         |
------------------------------------------
FruitCounts | {'Fruit': 0, 'DecayFruit': 3, 'EnemyFruit': 3} |
------------------------------------------
| rollout/                |              |
|    ep_len_mean          | 585          |
|    ep_rew_mean          | 36.7         |
| time/                   |              |
|    fps                  | 234          |
|    iterations           | 361          |
|    time_elapsed         | 3150         |
|    total_timesteps      | 739328       |
| train/                  |              |
|    approx_kl            | 0.0070529124 |
|    clip_fraction        | 0.0401       |
|    clip_range           | 0.2          |
|    entropy_loss         | -0.14        |
|    explained_variance   | 0.0355       |
|    learning_rate        | 0.0003       |
|    loss                 | 3.15         |
|    n_updates            | 3600         |
|    policy_gradient_loss | -0.0019      |
|    value_loss           | 12.6         |
------------------------------------------
FruitCounts | {'Fruit': 0, 'DecayFruit': 0, 'EnemyFruit': 0} |
-----------------------------------------
| rollout/                |             |
|    ep_len_mean          | 580         |
|    ep_rew_mean          | 36.2        |
| time/                   |             |
|    fps                  | 234         |
|    iterations           | 362         |
|    time_elapsed         | 3159        |
|    total_timesteps      | 741376      |
| train/                  |             |
|    approx_kl            | 0.004538441 |
|    clip_fraction        | 0.0454      |
|    clip_range           | 0.2         |
|    entropy_loss         | -0.164      |
|    explained_variance   | 0.26        |
|    learning_rate        | 0.0003      |
|    loss                 | 5.48        |
|    n_updates            | 3610        |
|    policy_gradient_loss | -0.000814   |
|    value_loss           | 13.8        |
-----------------------------------------
FruitCounts | {'Fruit': 0, 'DecayFruit': 1, 'EnemyFruit': 0} |
------------------------------------------
| rollout/                |              |
|    ep_len_mean          | 591          |
|    ep_rew_mean          | 36.5         |
| time/                   |              |
|    fps                  | 234          |
|    iterations           | 363          |
|    time_elapsed         | 3167         |
|    total_timesteps      | 743424       |
| train/                  |              |
|    approx_kl            | 0.0029354966 |
|    clip_fraction        | 0.0381       |
|    clip_range           | 0.2          |
|    entropy_loss         | -0.151       |
|    explained_variance   | 0.0429       |
|    learning_rate        | 0.0003       |
|    loss                 | 1.61         |
|    n_updates            | 3620         |
|    policy_gradient_loss | -0.000284    |
|    value_loss           | 10.7         |
------------------------------------------
FruitCounts | {'Fruit': 0, 'DecayFruit': 3, 'EnemyFruit': 0} |
-----------------------------------------
| rollout/                |             |
|    ep_len_mean          | 564         |
|    ep_rew_mean          | 34.4        |
| time/                   |             |
|    fps                  | 234         |
|    iterations           | 364         |
|    time_elapsed         | 3176        |
|    total_timesteps      | 745472      |
| train/                  |             |
|    approx_kl            | 0.007015717 |
|    clip_fraction        | 0.05        |
|    clip_range           | 0.2         |
|    entropy_loss         | -0.14       |
|    explained_variance   | 0.255       |
|    learning_rate        | 0.0003      |
|    loss                 | 2.47        |
|    n_updates            | 3630        |
|    policy_gradient_loss | -7.94e-05   |
|    value_loss           | 5.9         |
-----------------------------------------
FruitCounts | {'Fruit': 2, 'DecayFruit': 4, 'EnemyFruit': 0} |
------------------------------------------
| rollout/                |              |
|    ep_len_mean          | 565          |
|    ep_rew_mean          | 35.4         |
| time/                   |              |
|    fps                  | 234          |
|    iterations           | 365          |
|    time_elapsed         | 3184         |
|    total_timesteps      | 747520       |
| train/                  |              |
|    approx_kl            | 0.0038477792 |
|    clip_fraction        | 0.032        |
|    clip_range           | 0.2          |
|    entropy_loss         | -0.147       |
|    explained_variance   | 0.0183       |
|    learning_rate        | 0.0003       |
|    loss                 | 7.14         |
|    n_updates            | 3640         |
|    policy_gradient_loss | -0.00111     |
|    value_loss           | 16.9         |
------------------------------------------
FruitCounts | {'Fruit': 0, 'DecayFruit': 7, 'EnemyFruit': 8} |
-----------------------------------------
| rollout/                |             |
|    ep_len_mean          | 580         |
|    ep_rew_mean          | 37.2        |
| time/                   |             |
|    fps                  | 234         |
|    iterations           | 366         |
|    time_elapsed         | 3192        |
|    total_timesteps      | 749568      |
| train/                  |             |
|    approx_kl            | 0.007450305 |
|    clip_fraction        | 0.04        |
|    clip_range           | 0.2         |
|    entropy_loss         | -0.154      |
|    explained_variance   | 0.165       |
|    learning_rate        | 0.0003      |
|    loss                 | 5.51        |
|    n_updates            | 3650        |
|    policy_gradient_loss | -0.000595   |
|    value_loss           | 15.8        |
-----------------------------------------
FruitCounts | {'Fruit': 0, 'DecayFruit': 2, 'EnemyFruit': 1} |
------------------------------------------
| rollout/                |              |
|    ep_len_mean          | 597          |
|    ep_rew_mean          | 38.9         |
| time/                   |              |
|    fps                  | 234          |
|    iterations           | 367          |
|    time_elapsed         | 3200         |
|    total_timesteps      | 751616       |
| train/                  |              |
|    approx_kl            | 0.0049911635 |
|    clip_fraction        | 0.0486       |
|    clip_range           | 0.2          |
|    entropy_loss         | -0.139       |
|    explained_variance   | 0.224        |
|    learning_rate        | 0.0003       |
|    loss                 | 6.35         |
|    n_updates            | 3660         |
|    policy_gradient_loss | -0.000827    |
|    value_loss           | 11.7         |
------------------------------------------
FruitCounts | {'Fruit': 0, 'DecayFruit': 1, 'EnemyFruit': 0} |
------------------------------------------
| rollout/                |              |
|    ep_len_mean          | 608          |
|    ep_rew_mean          | 39.7         |
| time/                   |              |
|    fps                  | 234          |
|    iterations           | 368          |
|    time_elapsed         | 3208         |
|    total_timesteps      | 753664       |
| train/                  |              |
|    approx_kl            | 0.0055327555 |
|    clip_fraction        | 0.0384       |
|    clip_range           | 0.2          |
|    entropy_loss         | -0.16        |
|    explained_variance   | 0.078        |
|    learning_rate        | 0.0003       |
|    loss                 | 5.4          |
|    n_updates            | 3670         |
|    policy_gradient_loss | 3.35e-06     |
|    value_loss           | 12.7         |
------------------------------------------
FruitCounts | {'Fruit': 0, 'DecayFruit': 2, 'EnemyFruit': 1} |
------------------------------------------
| rollout/                |              |
|    ep_len_mean          | 613          |
|    ep_rew_mean          | 38.7         |
| time/                   |              |
|    fps                  | 234          |
|    iterations           | 369          |
|    time_elapsed         | 3216         |
|    total_timesteps      | 755712       |
| train/                  |              |
|    approx_kl            | 0.0050034313 |
|    clip_fraction        | 0.0394       |
|    clip_range           | 0.2          |
|    entropy_loss         | -0.161       |
|    explained_variance   | 3.86e-05     |
|    learning_rate        | 0.0003       |
|    loss                 | 5.41         |
|    n_updates            | 3680         |
|    policy_gradient_loss | -0.00253     |
|    value_loss           | 15.6         |
------------------------------------------
FruitCounts | {'Fruit': 1, 'DecayFruit': 3, 'EnemyFruit': 3} |
------------------------------------------
| rollout/                |              |
|    ep_len_mean          | 606          |
|    ep_rew_mean          | 38.2         |
| time/                   |              |
|    fps                  | 234          |
|    iterations           | 370          |
|    time_elapsed         | 3224         |
|    total_timesteps      | 757760       |
| train/                  |              |
|    approx_kl            | 0.0049355635 |
|    clip_fraction        | 0.0489       |
|    clip_range           | 0.2          |
|    entropy_loss         | -0.159       |
|    explained_variance   | 0.000174     |
|    learning_rate        | 0.0003       |
|    loss                 | 3.83         |
|    n_updates            | 3690         |
|    policy_gradient_loss | -0.000468    |
|    value_loss           | 12.4         |
------------------------------------------
FruitCounts | {'Fruit': 0, 'DecayFruit': 12, 'EnemyFruit': 12} |
------------------------------------------
| rollout/                |              |
|    ep_len_mean          | 615          |
|    ep_rew_mean          | 38.8         |
| time/                   |              |
|    fps                  | 235          |
|    iterations           | 371          |
|    time_elapsed         | 3232         |
|    total_timesteps      | 759808       |
| train/                  |              |
|    approx_kl            | 0.0053393035 |
|    clip_fraction        | 0.0467       |
|    clip_range           | 0.2          |
|    entropy_loss         | -0.165       |
|    explained_variance   | -0.0417      |
|    learning_rate        | 0.0003       |
|    loss                 | 2.27         |
|    n_updates            | 3700         |
|    policy_gradient_loss | -0.00232     |
|    value_loss           | 11.7         |
------------------------------------------
FruitCounts | {'Fruit': 1, 'DecayFruit': 5, 'EnemyFruit': 3} |
-----------------------------------------
| rollout/                |             |
|    ep_len_mean          | 598         |
|    ep_rew_mean          | 37.2        |
| time/                   |             |
|    fps                  | 235         |
|    iterations           | 372         |
|    time_elapsed         | 3240        |
|    total_timesteps      | 761856      |
| train/                  |             |
|    approx_kl            | 0.006699198 |
|    clip_fraction        | 0.0474      |
|    clip_range           | 0.2         |
|    entropy_loss         | -0.14       |
|    explained_variance   | 0.137       |
|    learning_rate        | 0.0003      |
|    loss                 | 2.07        |
|    n_updates            | 3710        |
|    policy_gradient_loss | -0.000493   |
|    value_loss           | 5.73        |
-----------------------------------------
FruitCounts | {'Fruit': 1, 'DecayFruit': 4, 'EnemyFruit': 6} |
-----------------------------------------
| rollout/                |             |
|    ep_len_mean          | 606         |
|    ep_rew_mean          | 39.1        |
| time/                   |             |
|    fps                  | 235         |
|    iterations           | 373         |
|    time_elapsed         | 3248        |
|    total_timesteps      | 763904      |
| train/                  |             |
|    approx_kl            | 0.005173551 |
|    clip_fraction        | 0.054       |
|    clip_range           | 0.2         |
|    entropy_loss         | -0.148      |
|    explained_variance   | 0.0196      |
|    learning_rate        | 0.0003      |
|    loss                 | 2.95        |
|    n_updates            | 3720        |
|    policy_gradient_loss | -0.00245    |
|    value_loss           | 10.2        |
-----------------------------------------
FruitCounts | {'Fruit': 1, 'DecayFruit': 10, 'EnemyFruit': 10} |
-----------------------------------------
| rollout/                |             |
|    ep_len_mean          | 608         |
|    ep_rew_mean          | 39.3        |
| time/                   |             |
|    fps                  | 235         |
|    iterations           | 374         |
|    time_elapsed         | 3256        |
|    total_timesteps      | 765952      |
| train/                  |             |
|    approx_kl            | 0.004653116 |
|    clip_fraction        | 0.0396      |
|    clip_range           | 0.2         |
|    entropy_loss         | -0.141      |
|    explained_variance   | 0.195       |
|    learning_rate        | 0.0003      |
|    loss                 | 3.42        |
|    n_updates            | 3730        |
|    policy_gradient_loss | -0.0015     |
|    value_loss           | 10.1        |
-----------------------------------------
FruitCounts | {'Fruit': 0, 'DecayFruit': 3, 'EnemyFruit': 2} |
----------------------------------------
| rollout/                |            |
|    ep_len_mean          | 629        |
|    ep_rew_mean          | 41.7       |
| time/                   |            |
|    fps                  | 235        |
|    iterations           | 375        |
|    time_elapsed         | 3264       |
|    total_timesteps      | 768000     |
| train/                  |            |
|    approx_kl            | 0.00592897 |
|    clip_fraction        | 0.0416     |
|    clip_range           | 0.2        |
|    entropy_loss         | -0.163     |
|    explained_variance   | 0.181      |
|    learning_rate        | 0.0003     |
|    loss                 | 5.2        |
|    n_updates            | 3740       |
|    policy_gradient_loss | -0.00284   |
|    value_loss           | 12.1       |
----------------------------------------
FruitCounts | {'Fruit': 1, 'DecayFruit': 11, 'EnemyFruit': 7} |
------------------------------------------
| rollout/                |              |
|    ep_len_mean          | 636          |
|    ep_rew_mean          | 41           |
| time/                   |              |
|    fps                  | 235          |
|    iterations           | 376          |
|    time_elapsed         | 3272         |
|    total_timesteps      | 770048       |
| train/                  |              |
|    approx_kl            | 0.0075238124 |
|    clip_fraction        | 0.0534       |
|    clip_range           | 0.2          |
|    entropy_loss         | -0.159       |
|    explained_variance   | 0.276        |
|    learning_rate        | 0.0003       |
|    loss                 | 5.2          |
|    n_updates            | 3750         |
|    policy_gradient_loss | -0.00014     |
|    value_loss           | 8.86         |
------------------------------------------
FruitCounts | {'Fruit': 0, 'DecayFruit': 0, 'EnemyFruit': 0} |
------------------------------------------
| rollout/                |              |
|    ep_len_mean          | 613          |
|    ep_rew_mean          | 41.1         |
| time/                   |              |
|    fps                  | 235          |
|    iterations           | 377          |
|    time_elapsed         | 3281         |
|    total_timesteps      | 772096       |
| train/                  |              |
|    approx_kl            | 0.0047511514 |
|    clip_fraction        | 0.0457       |
|    clip_range           | 0.2          |
|    entropy_loss         | -0.159       |
|    explained_variance   | 0.108        |
|    learning_rate        | 0.0003       |
|    loss                 | 6.81         |
|    n_updates            | 3760         |
|    policy_gradient_loss | -0.000968    |
|    value_loss           | 14           |
------------------------------------------
FruitCounts | {'Fruit': 0, 'DecayFruit': 5, 'EnemyFruit': 1} |
------------------------------------------
| rollout/                |              |
|    ep_len_mean          | 617          |
|    ep_rew_mean          | 42           |
| time/                   |              |
|    fps                  | 235          |
|    iterations           | 378          |
|    time_elapsed         | 3289         |
|    total_timesteps      | 774144       |
| train/                  |              |
|    approx_kl            | 0.0050830073 |
|    clip_fraction        | 0.0379       |
|    clip_range           | 0.2          |
|    entropy_loss         | -0.159       |
|    explained_variance   | 0.263        |
|    learning_rate        | 0.0003       |
|    loss                 | 8.18         |
|    n_updates            | 3770         |
|    policy_gradient_loss | -0.00206     |
|    value_loss           | 17.1         |
------------------------------------------
FruitCounts | {'Fruit': 0, 'DecayFruit': 5, 'EnemyFruit': 3} |
------------------------------------------
| rollout/                |              |
|    ep_len_mean          | 606          |
|    ep_rew_mean          | 43.4         |
| time/                   |              |
|    fps                  | 235          |
|    iterations           | 379          |
|    time_elapsed         | 3297         |
|    total_timesteps      | 776192       |
| train/                  |              |
|    approx_kl            | 0.0051946035 |
|    clip_fraction        | 0.0505       |
|    clip_range           | 0.2          |
|    entropy_loss         | -0.18        |
|    explained_variance   | 0.244        |
|    learning_rate        | 0.0003       |
|    loss                 | 5.23         |
|    n_updates            | 3780         |
|    policy_gradient_loss | -0.00391     |
|    value_loss           | 17.7         |
------------------------------------------
FruitCounts | {'Fruit': 0, 'DecayFruit': 0, 'EnemyFruit': 0} |
------------------------------------------
| rollout/                |              |
|    ep_len_mean          | 585          |
|    ep_rew_mean          | 44.4         |
| time/                   |              |
|    fps                  | 235          |
|    iterations           | 380          |
|    time_elapsed         | 3306         |
|    total_timesteps      | 778240       |
| train/                  |              |
|    approx_kl            | 0.0082107335 |
|    clip_fraction        | 0.0423       |
|    clip_range           | 0.2          |
|    entropy_loss         | -0.154       |
|    explained_variance   | 0.199        |
|    learning_rate        | 0.0003       |
|    loss                 | 3.19         |
|    n_updates            | 3790         |
|    policy_gradient_loss | 0.00135      |
|    value_loss           | 14           |
------------------------------------------
FruitCounts | {'Fruit': 0, 'DecayFruit': 2, 'EnemyFruit': 0} |
----------------------------------------
| rollout/                |            |
|    ep_len_mean          | 577        |
|    ep_rew_mean          | 42.7       |
| time/                   |            |
|    fps                  | 235        |
|    iterations           | 381        |
|    time_elapsed         | 3314       |
|    total_timesteps      | 780288     |
| train/                  |            |
|    approx_kl            | 0.00698186 |
|    clip_fraction        | 0.0553     |
|    clip_range           | 0.2        |
|    entropy_loss         | -0.167     |
|    explained_variance   | 0.12       |
|    learning_rate        | 0.0003     |
|    loss                 | 5.54       |
|    n_updates            | 3800       |
|    policy_gradient_loss | -0.00102   |
|    value_loss           | 14.7       |
----------------------------------------
FruitCounts | {'Fruit': 0, 'DecayFruit': 9, 'EnemyFruit': 1} |
-----------------------------------------
| rollout/                |             |
|    ep_len_mean          | 579         |
|    ep_rew_mean          | 43.4        |
| time/                   |             |
|    fps                  | 235         |
|    iterations           | 382         |
|    time_elapsed         | 3321        |
|    total_timesteps      | 782336      |
| train/                  |             |
|    approx_kl            | 0.008201338 |
|    clip_fraction        | 0.0523      |
|    clip_range           | 0.2         |
|    entropy_loss         | -0.165      |
|    explained_variance   | 0.169       |
|    learning_rate        | 0.0003      |
|    loss                 | 7.66        |
|    n_updates            | 3810        |
|    policy_gradient_loss | -0.00355    |
|    value_loss           | 13.2        |
-----------------------------------------
FruitCounts | {'Fruit': 0, 'DecayFruit': 5, 'EnemyFruit': 2} |
-----------------------------------------
| rollout/                |             |
|    ep_len_mean          | 593         |
|    ep_rew_mean          | 44.4        |
| time/                   |             |
|    fps                  | 235         |
|    iterations           | 383         |
|    time_elapsed         | 3329        |
|    total_timesteps      | 784384      |
| train/                  |             |
|    approx_kl            | 0.005238732 |
|    clip_fraction        | 0.0496      |
|    clip_range           | 0.2         |
|    entropy_loss         | -0.158      |
|    explained_variance   | 0.153       |
|    learning_rate        | 0.0003      |
|    loss                 | 4.23        |
|    n_updates            | 3820        |
|    policy_gradient_loss | -0.00109    |
|    value_loss           | 9.65        |
-----------------------------------------
FruitCounts | {'Fruit': 0, 'DecayFruit': 6, 'EnemyFruit': 1} |
----------------------------------------
| rollout/                |            |
|    ep_len_mean          | 577        |
|    ep_rew_mean          | 44.1       |
| time/                   |            |
|    fps                  | 235        |
|    iterations           | 384        |
|    time_elapsed         | 3338       |
|    total_timesteps      | 786432     |
| train/                  |            |
|    approx_kl            | 0.00799906 |
|    clip_fraction        | 0.0664     |
|    clip_range           | 0.2        |
|    entropy_loss         | -0.169     |
|    explained_variance   | 0.229      |
|    learning_rate        | 0.0003     |
|    loss                 | 3.92       |
|    n_updates            | 3830       |
|    policy_gradient_loss | 0.000935   |
|    value_loss           | 9.13       |
----------------------------------------
FruitCounts | {'Fruit': 0, 'DecayFruit': 1, 'EnemyFruit': 2} |
------------------------------------------
| rollout/                |              |
|    ep_len_mean          | 564          |
|    ep_rew_mean          | 43.3         |
| time/                   |              |
|    fps                  | 235          |
|    iterations           | 385          |
|    time_elapsed         | 3346         |
|    total_timesteps      | 788480       |
| train/                  |              |
|    approx_kl            | 0.0059626894 |
|    clip_fraction        | 0.0485       |
|    clip_range           | 0.2          |
|    entropy_loss         | -0.165       |
|    explained_variance   | 0.347        |
|    learning_rate        | 0.0003       |
|    loss                 | 3.62         |
|    n_updates            | 3840         |
|    policy_gradient_loss | -0.00137     |
|    value_loss           | 13.6         |
------------------------------------------
FruitCounts | {'Fruit': 1, 'DecayFruit': 5, 'EnemyFruit': 3} |
-----------------------------------------
| rollout/                |             |
|    ep_len_mean          | 565         |
|    ep_rew_mean          | 42.3        |
| time/                   |             |
|    fps                  | 235         |
|    iterations           | 386         |
|    time_elapsed         | 3354        |
|    total_timesteps      | 790528      |
| train/                  |             |
|    approx_kl            | 0.005970938 |
|    clip_fraction        | 0.0515      |
|    clip_range           | 0.2         |
|    entropy_loss         | -0.162      |
|    explained_variance   | 0.339       |
|    learning_rate        | 0.0003      |
|    loss                 | 5.17        |
|    n_updates            | 3850        |
|    policy_gradient_loss | -0.000344   |
|    value_loss           | 11.9        |
-----------------------------------------
FruitCounts | {'Fruit': 0, 'DecayFruit': 1, 'EnemyFruit': 3} |
------------------------------------------
| rollout/                |              |
|    ep_len_mean          | 544          |
|    ep_rew_mean          | 40.7         |
| time/                   |              |
|    fps                  | 235          |
|    iterations           | 387          |
|    time_elapsed         | 3363         |
|    total_timesteps      | 792576       |
| train/                  |              |
|    approx_kl            | 0.0049346276 |
|    clip_fraction        | 0.0528       |
|    clip_range           | 0.2          |
|    entropy_loss         | -0.149       |
|    explained_variance   | 0.172        |
|    learning_rate        | 0.0003       |
|    loss                 | 1.5          |
|    n_updates            | 3860         |
|    policy_gradient_loss | -0.000395    |
|    value_loss           | 7.37         |
------------------------------------------
FruitCounts | {'Fruit': 0, 'DecayFruit': 1, 'EnemyFruit': 1} |
------------------------------------------
| rollout/                |              |
|    ep_len_mean          | 533          |
|    ep_rew_mean          | 39.9         |
| time/                   |              |
|    fps                  | 235          |
|    iterations           | 388          |
|    time_elapsed         | 3371         |
|    total_timesteps      | 794624       |
| train/                  |              |
|    approx_kl            | 0.0044220383 |
|    clip_fraction        | 0.0378       |
|    clip_range           | 0.2          |
|    entropy_loss         | -0.167       |
|    explained_variance   | 0.23         |
|    learning_rate        | 0.0003       |
|    loss                 | 5.02         |
|    n_updates            | 3870         |
|    policy_gradient_loss | -7.7e-05     |
|    value_loss           | 14.4         |
------------------------------------------
FruitCounts | {'Fruit': 0, 'DecayFruit': 0, 'EnemyFruit': 0} |
-----------------------------------------
| rollout/                |             |
|    ep_len_mean          | 526         |
|    ep_rew_mean          | 41.3        |
| time/                   |             |
|    fps                  | 235         |
|    iterations           | 389         |
|    time_elapsed         | 3380        |
|    total_timesteps      | 796672      |
| train/                  |             |
|    approx_kl            | 0.005570782 |
|    clip_fraction        | 0.0394      |
|    clip_range           | 0.2         |
|    entropy_loss         | -0.168      |
|    explained_variance   | 0.0114      |
|    learning_rate        | 0.0003      |
|    loss                 | 3.92        |
|    n_updates            | 3880        |
|    policy_gradient_loss | -0.00342    |
|    value_loss           | 19.4        |
-----------------------------------------
FruitCounts | {'Fruit': 1, 'DecayFruit': 0, 'EnemyFruit': 0} |
-----------------------------------------
| rollout/                |             |
|    ep_len_mean          | 535         |
|    ep_rew_mean          | 41.7        |
| time/                   |             |
|    fps                  | 235         |
|    iterations           | 390         |
|    time_elapsed         | 3388        |
|    total_timesteps      | 798720      |
| train/                  |             |
|    approx_kl            | 0.003917011 |
|    clip_fraction        | 0.0351      |
|    clip_range           | 0.2         |
|    entropy_loss         | -0.163      |
|    explained_variance   | 0.113       |
|    learning_rate        | 0.0003      |
|    loss                 | 6.73        |
|    n_updates            | 3890        |
|    policy_gradient_loss | -0.000299   |
|    value_loss           | 20.5        |
-----------------------------------------
FruitCounts | {'Fruit': 3, 'DecayFruit': 4, 'EnemyFruit': 2} |
------------------------------------------
| rollout/                |              |
|    ep_len_mean          | 528          |
|    ep_rew_mean          | 41.3         |
| time/                   |              |
|    fps                  | 235          |
|    iterations           | 391          |
|    time_elapsed         | 3396         |
|    total_timesteps      | 800768       |
| train/                  |              |
|    approx_kl            | 0.0074871825 |
|    clip_fraction        | 0.0513       |
|    clip_range           | 0.2          |
|    entropy_loss         | -0.162       |
|    explained_variance   | -0.0246      |
|    learning_rate        | 0.0003       |
|    loss                 | 5.96         |
|    n_updates            | 3900         |
|    policy_gradient_loss | -0.00174     |
|    value_loss           | 10.7         |
------------------------------------------
FruitCounts | {'Fruit': 0, 'DecayFruit': 3, 'EnemyFruit': 0} |
------------------------------------------
| rollout/                |              |
|    ep_len_mean          | 536          |
|    ep_rew_mean          | 40.7         |
| time/                   |              |
|    fps                  | 235          |
|    iterations           | 392          |
|    time_elapsed         | 3404         |
|    total_timesteps      | 802816       |
| train/                  |              |
|    approx_kl            | 0.0062563075 |
|    clip_fraction        | 0.0526       |
|    clip_range           | 0.2          |
|    entropy_loss         | -0.185       |
|    explained_variance   | 0.138        |
|    learning_rate        | 0.0003       |
|    loss                 | 9.42         |
|    n_updates            | 3910         |
|    policy_gradient_loss | -0.00206     |
|    value_loss           | 20.6         |
------------------------------------------
FruitCounts | {'Fruit': 0, 'DecayFruit': 0, 'EnemyFruit': 0} |
-----------------------------------------
| rollout/                |             |
|    ep_len_mean          | 511         |
|    ep_rew_mean          | 38.5        |
| time/                   |             |
|    fps                  | 235         |
|    iterations           | 393         |
|    time_elapsed         | 3413        |
|    total_timesteps      | 804864      |
| train/                  |             |
|    approx_kl            | 0.008572557 |
|    clip_fraction        | 0.0515      |
|    clip_range           | 0.2         |
|    entropy_loss         | -0.17       |
|    explained_variance   | 0.0941      |
|    learning_rate        | 0.0003      |
|    loss                 | 2.22        |
|    n_updates            | 3920        |
|    policy_gradient_loss | -0.0012     |
|    value_loss           | 5.71        |
-----------------------------------------
FruitCounts | {'Fruit': 0, 'DecayFruit': 2, 'EnemyFruit': 1} |
-----------------------------------------
| rollout/                |             |
|    ep_len_mean          | 504         |
|    ep_rew_mean          | 38.8        |
| time/                   |             |
|    fps                  | 235         |
|    iterations           | 394         |
|    time_elapsed         | 3421        |
|    total_timesteps      | 806912      |
| train/                  |             |
|    approx_kl            | 0.004893106 |
|    clip_fraction        | 0.0406      |
|    clip_range           | 0.2         |
|    entropy_loss         | -0.145      |
|    explained_variance   | 0.16        |
|    learning_rate        | 0.0003      |
|    loss                 | 8.54        |
|    n_updates            | 3930        |
|    policy_gradient_loss | -0.00281    |
|    value_loss           | 17.3        |
-----------------------------------------
FruitCounts | {'Fruit': 0, 'DecayFruit': 2, 'EnemyFruit': 0} |
------------------------------------------
| rollout/                |              |
|    ep_len_mean          | 487          |
|    ep_rew_mean          | 38.3         |
| time/                   |              |
|    fps                  | 235          |
|    iterations           | 395          |
|    time_elapsed         | 3429         |
|    total_timesteps      | 808960       |
| train/                  |              |
|    approx_kl            | 0.0038631842 |
|    clip_fraction        | 0.0599       |
|    clip_range           | 0.2          |
|    entropy_loss         | -0.169       |
|    explained_variance   | 0.232        |
|    learning_rate        | 0.0003       |
|    loss                 | 5.47         |
|    n_updates            | 3940         |
|    policy_gradient_loss | -0.00157     |
|    value_loss           | 9.05         |
------------------------------------------
FruitCounts | {'Fruit': 0, 'DecayFruit': 5, 'EnemyFruit': 2} |
-----------------------------------------
| rollout/                |             |
|    ep_len_mean          | 481         |
|    ep_rew_mean          | 38.6        |
| time/                   |             |
|    fps                  | 235         |
|    iterations           | 396         |
|    time_elapsed         | 3438        |
|    total_timesteps      | 811008      |
| train/                  |             |
|    approx_kl            | 0.005647569 |
|    clip_fraction        | 0.0476      |
|    clip_range           | 0.2         |
|    entropy_loss         | -0.167      |
|    explained_variance   | 0.183       |
|    learning_rate        | 0.0003      |
|    loss                 | 4.41        |
|    n_updates            | 3950        |
|    policy_gradient_loss | -0.00269    |
|    value_loss           | 14.1        |
-----------------------------------------
FruitCounts | {'Fruit': 1, 'DecayFruit': 5, 'EnemyFruit': 1} |
------------------------------------------
| rollout/                |              |
|    ep_len_mean          | 480          |
|    ep_rew_mean          | 38.8         |
| time/                   |              |
|    fps                  | 235          |
|    iterations           | 397          |
|    time_elapsed         | 3446         |
|    total_timesteps      | 813056       |
| train/                  |              |
|    approx_kl            | 0.0041773776 |
|    clip_fraction        | 0.05         |
|    clip_range           | 0.2          |
|    entropy_loss         | -0.175       |
|    explained_variance   | 0.184        |
|    learning_rate        | 0.0003       |
|    loss                 | 11           |
|    n_updates            | 3960         |
|    policy_gradient_loss | -0.00225     |
|    value_loss           | 18.6         |
------------------------------------------
FruitCounts | {'Fruit': 1, 'DecayFruit': 4, 'EnemyFruit': 1} |
-----------------------------------------
| rollout/                |             |
|    ep_len_mean          | 459         |
|    ep_rew_mean          | 37.2        |
| time/                   |             |
|    fps                  | 235         |
|    iterations           | 398         |
|    time_elapsed         | 3454        |
|    total_timesteps      | 815104      |
| train/                  |             |
|    approx_kl            | 0.006638333 |
|    clip_fraction        | 0.0653      |
|    clip_range           | 0.2         |
|    entropy_loss         | -0.152      |
|    explained_variance   | 0.227       |
|    learning_rate        | 0.0003      |
|    loss                 | 4           |
|    n_updates            | 3970        |
|    policy_gradient_loss | -0.00205    |
|    value_loss           | 10.6        |
-----------------------------------------
FruitCounts | {'Fruit': 0, 'DecayFruit': 2, 'EnemyFruit': 0} |
------------------------------------------
| rollout/                |              |
|    ep_len_mean          | 458          |
|    ep_rew_mean          | 37.5         |
| time/                   |              |
|    fps                  | 235          |
|    iterations           | 399          |
|    time_elapsed         | 3463         |
|    total_timesteps      | 817152       |
| train/                  |              |
|    approx_kl            | 0.0047087334 |
|    clip_fraction        | 0.0405       |
|    clip_range           | 0.2          |
|    entropy_loss         | -0.159       |
|    explained_variance   | -0.00516     |
|    learning_rate        | 0.0003       |
|    loss                 | 9.59         |
|    n_updates            | 3980         |
|    policy_gradient_loss | -0.00194     |
|    value_loss           | 21.3         |
------------------------------------------
FruitCounts | {'Fruit': 0, 'DecayFruit': 1, 'EnemyFruit': 0} |
------------------------------------------
| rollout/                |              |
|    ep_len_mean          | 471          |
|    ep_rew_mean          | 38.9         |
| time/                   |              |
|    fps                  | 235          |
|    iterations           | 400          |
|    time_elapsed         | 3471         |
|    total_timesteps      | 819200       |
| train/                  |              |
|    approx_kl            | 0.0046931873 |
|    clip_fraction        | 0.0368       |
|    clip_range           | 0.2          |
|    entropy_loss         | -0.163       |
|    explained_variance   | 0.228        |
|    learning_rate        | 0.0003       |
|    loss                 | 11.5         |
|    n_updates            | 3990         |
|    policy_gradient_loss | -0.000998    |
|    value_loss           | 19.8         |
------------------------------------------
FruitCounts | {'Fruit': 0, 'DecayFruit': 4, 'EnemyFruit': 2} |
------------------------------------------
| rollout/                |              |
|    ep_len_mean          | 457          |
|    ep_rew_mean          | 36.5         |
| time/                   |              |
|    fps                  | 235          |
|    iterations           | 401          |
|    time_elapsed         | 3480         |
|    total_timesteps      | 821248       |
| train/                  |              |
|    approx_kl            | 0.0049593467 |
|    clip_fraction        | 0.0604       |
|    clip_range           | 0.2          |
|    entropy_loss         | -0.163       |
|    explained_variance   | 0.331        |
|    learning_rate        | 0.0003       |
|    loss                 | 5.76         |
|    n_updates            | 4000         |
|    policy_gradient_loss | -0.00136     |
|    value_loss           | 14           |
------------------------------------------
FruitCounts | {'Fruit': 1, 'DecayFruit': 6, 'EnemyFruit': 6} |
----------------------------------------
| rollout/                |            |
|    ep_len_mean          | 426        |
|    ep_rew_mean          | 33         |
| time/                   |            |
|    fps                  | 235        |
|    iterations           | 402        |
|    time_elapsed         | 3488       |
|    total_timesteps      | 823296     |
| train/                  |            |
|    approx_kl            | 0.00453511 |
|    clip_fraction        | 0.0465     |
|    clip_range           | 0.2        |
|    entropy_loss         | -0.177     |
|    explained_variance   | 0.294      |
|    learning_rate        | 0.0003     |
|    loss                 | 7          |
|    n_updates            | 4010       |
|    policy_gradient_loss | -0.00295   |
|    value_loss           | 15.9       |
----------------------------------------
FruitCounts | {'Fruit': 1, 'DecayFruit': 3, 'EnemyFruit': 1} |
-----------------------------------------
| rollout/                |             |
|    ep_len_mean          | 436         |
|    ep_rew_mean          | 32.6        |
| time/                   |             |
|    fps                  | 235         |
|    iterations           | 403         |
|    time_elapsed         | 3497        |
|    total_timesteps      | 825344      |
| train/                  |             |
|    approx_kl            | 0.006509334 |
|    clip_fraction        | 0.0598      |
|    clip_range           | 0.2         |
|    entropy_loss         | -0.162      |
|    explained_variance   | 0.16        |
|    learning_rate        | 0.0003      |
|    loss                 | 4.12        |
|    n_updates            | 4020        |
|    policy_gradient_loss | -0.00262    |
|    value_loss           | 10.2        |
-----------------------------------------
FruitCounts | {'Fruit': 0, 'DecayFruit': 4, 'EnemyFruit': 2} |
-----------------------------------------
| rollout/                |             |
|    ep_len_mean          | 413         |
|    ep_rew_mean          | 31.8        |
| time/                   |             |
|    fps                  | 235         |
|    iterations           | 404         |
|    time_elapsed         | 3506        |
|    total_timesteps      | 827392      |
| train/                  |             |
|    approx_kl            | 0.007953617 |
|    clip_fraction        | 0.0623      |
|    clip_range           | 0.2         |
|    entropy_loss         | -0.167      |
|    explained_variance   | 0.0912      |
|    learning_rate        | 0.0003      |
|    loss                 | 2.69        |
|    n_updates            | 4030        |
|    policy_gradient_loss | -0.0016     |
|    value_loss           | 11.4        |
-----------------------------------------
FruitCounts | {'Fruit': 0, 'DecayFruit': 11, 'EnemyFruit': 8} |
-----------------------------------------
| rollout/                |             |
|    ep_len_mean          | 420         |
|    ep_rew_mean          | 31.5        |
| time/                   |             |
|    fps                  | 236         |
|    iterations           | 405         |
|    time_elapsed         | 3513        |
|    total_timesteps      | 829440      |
| train/                  |             |
|    approx_kl            | 0.006637018 |
|    clip_fraction        | 0.0449      |
|    clip_range           | 0.2         |
|    entropy_loss         | -0.163      |
|    explained_variance   | 0.07        |
|    learning_rate        | 0.0003      |
|    loss                 | 5.58        |
|    n_updates            | 4040        |
|    policy_gradient_loss | -0.00123    |
|    value_loss           | 19.5        |
-----------------------------------------
FruitCounts | {'Fruit': 1, 'DecayFruit': 8, 'EnemyFruit': 3} |
-----------------------------------------
| rollout/                |             |
|    ep_len_mean          | 429         |
|    ep_rew_mean          | 32.8        |
| time/                   |             |
|    fps                  | 236         |
|    iterations           | 406         |
|    time_elapsed         | 3522        |
|    total_timesteps      | 831488      |
| train/                  |             |
|    approx_kl            | 0.011490525 |
|    clip_fraction        | 0.0566      |
|    clip_range           | 0.2         |
|    entropy_loss         | -0.161      |
|    explained_variance   | 0.0376      |
|    learning_rate        | 0.0003      |
|    loss                 | 3.84        |
|    n_updates            | 4050        |
|    policy_gradient_loss | -0.00165    |
|    value_loss           | 6.51        |
-----------------------------------------
FruitCounts | {'Fruit': 0, 'DecayFruit': 0, 'EnemyFruit': 1} |
-----------------------------------------
| rollout/                |             |
|    ep_len_mean          | 421         |
|    ep_rew_mean          | 34          |
| time/                   |             |
|    fps                  | 236         |
|    iterations           | 407         |
|    time_elapsed         | 3531        |
|    total_timesteps      | 833536      |
| train/                  |             |
|    approx_kl            | 0.006032671 |
|    clip_fraction        | 0.0611      |
|    clip_range           | 0.2         |
|    entropy_loss         | -0.186      |
|    explained_variance   | 0.222       |
|    learning_rate        | 0.0003      |
|    loss                 | 7.98        |
|    n_updates            | 4060        |
|    policy_gradient_loss | 0.000323    |
|    value_loss           | 13.2        |
-----------------------------------------
FruitCounts | {'Fruit': 0, 'DecayFruit': 1, 'EnemyFruit': 0} |
-----------------------------------------
| rollout/                |             |
|    ep_len_mean          | 432         |
|    ep_rew_mean          | 33.9        |
| time/                   |             |
|    fps                  | 236         |
|    iterations           | 408         |
|    time_elapsed         | 3538        |
|    total_timesteps      | 835584      |
| train/                  |             |
|    approx_kl            | 0.005186083 |
|    clip_fraction        | 0.0471      |
|    clip_range           | 0.2         |
|    entropy_loss         | -0.173      |
|    explained_variance   | 0.104       |
|    learning_rate        | 0.0003      |
|    loss                 | 9.99        |
|    n_updates            | 4070        |
|    policy_gradient_loss | -0.00354    |
|    value_loss           | 15.1        |
-----------------------------------------
FruitCounts | {'Fruit': 0, 'DecayFruit': 3, 'EnemyFruit': 4} |
------------------------------------------
| rollout/                |              |
|    ep_len_mean          | 413          |
|    ep_rew_mean          | 31.3         |
| time/                   |              |
|    fps                  | 236          |
|    iterations           | 409          |
|    time_elapsed         | 3547         |
|    total_timesteps      | 837632       |
| train/                  |              |
|    approx_kl            | 0.0049664024 |
|    clip_fraction        | 0.0523       |
|    clip_range           | 0.2          |
|    entropy_loss         | -0.175       |
|    explained_variance   | 0.262        |
|    learning_rate        | 0.0003       |
|    loss                 | 2.61         |
|    n_updates            | 4080         |
|    policy_gradient_loss | -0.000401    |
|    value_loss           | 7.41         |
------------------------------------------
FruitCounts | {'Fruit': 0, 'DecayFruit': 3, 'EnemyFruit': 3} |
------------------------------------------
| rollout/                |              |
|    ep_len_mean          | 424          |
|    ep_rew_mean          | 32.2         |
| time/                   |              |
|    fps                  | 236          |
|    iterations           | 410          |
|    time_elapsed         | 3555         |
|    total_timesteps      | 839680       |
| train/                  |              |
|    approx_kl            | 0.0062166383 |
|    clip_fraction        | 0.0541       |
|    clip_range           | 0.2          |
|    entropy_loss         | -0.188       |
|    explained_variance   | 0.069        |
|    learning_rate        | 0.0003       |
|    loss                 | 7.75         |
|    n_updates            | 4090         |
|    policy_gradient_loss | -0.0013      |
|    value_loss           | 14.2         |
------------------------------------------
FruitCounts | {'Fruit': 0, 'DecayFruit': 2, 'EnemyFruit': 2} |
-----------------------------------------
| rollout/                |             |
|    ep_len_mean          | 420         |
|    ep_rew_mean          | 32.2        |
| time/                   |             |
|    fps                  | 236         |
|    iterations           | 411         |
|    time_elapsed         | 3564        |
|    total_timesteps      | 841728      |
| train/                  |             |
|    approx_kl            | 0.008370054 |
|    clip_fraction        | 0.0563      |
|    clip_range           | 0.2         |
|    entropy_loss         | -0.169      |
|    explained_variance   | 0.18        |
|    learning_rate        | 0.0003      |
|    loss                 | 2.82        |
|    n_updates            | 4100        |
|    policy_gradient_loss | -0.000975   |
|    value_loss           | 9.01        |
-----------------------------------------
FruitCounts | {'Fruit': 0, 'DecayFruit': 5, 'EnemyFruit': 2} |
------------------------------------------
| rollout/                |              |
|    ep_len_mean          | 417          |
|    ep_rew_mean          | 32           |
| time/                   |              |
|    fps                  | 236          |
|    iterations           | 412          |
|    time_elapsed         | 3572         |
|    total_timesteps      | 843776       |
| train/                  |              |
|    approx_kl            | 0.0041744076 |
|    clip_fraction        | 0.035        |
|    clip_range           | 0.2          |
|    entropy_loss         | -0.185       |
|    explained_variance   | 0.185        |
|    learning_rate        | 0.0003       |
|    loss                 | 5.68         |
|    n_updates            | 4110         |
|    policy_gradient_loss | -0.000838    |
|    value_loss           | 15.9         |
------------------------------------------
FruitCounts | {'Fruit': 0, 'DecayFruit': 0, 'EnemyFruit': 0} |
------------------------------------------
| rollout/                |              |
|    ep_len_mean          | 420          |
|    ep_rew_mean          | 32.8         |
| time/                   |              |
|    fps                  | 236          |
|    iterations           | 413          |
|    time_elapsed         | 3580         |
|    total_timesteps      | 845824       |
| train/                  |              |
|    approx_kl            | 0.0049465653 |
|    clip_fraction        | 0.0484       |
|    clip_range           | 0.2          |
|    entropy_loss         | -0.188       |
|    explained_variance   | -0.0229      |
|    learning_rate        | 0.0003       |
|    loss                 | 4.48         |
|    n_updates            | 4120         |
|    policy_gradient_loss | -0.00209     |
|    value_loss           | 12.4         |
------------------------------------------
FruitCounts | {'Fruit': 1, 'DecayFruit': 11, 'EnemyFruit': 10} |
------------------------------------------
| rollout/                |              |
|    ep_len_mean          | 409          |
|    ep_rew_mean          | 32.4         |
| time/                   |              |
|    fps                  | 236          |
|    iterations           | 414          |
|    time_elapsed         | 3589         |
|    total_timesteps      | 847872       |
| train/                  |              |
|    approx_kl            | 0.0058691613 |
|    clip_fraction        | 0.0522       |
|    clip_range           | 0.2          |
|    entropy_loss         | -0.172       |
|    explained_variance   | 0.0211       |
|    learning_rate        | 0.0003       |
|    loss                 | 3.32         |
|    n_updates            | 4130         |
|    policy_gradient_loss | -0.000834    |
|    value_loss           | 8.21         |
------------------------------------------
FruitCounts | {'Fruit': 0, 'DecayFruit': 9, 'EnemyFruit': 3} |
-----------------------------------------
| rollout/                |             |
|    ep_len_mean          | 405         |
|    ep_rew_mean          | 31.8        |
| time/                   |             |
|    fps                  | 236         |
|    iterations           | 415         |
|    time_elapsed         | 3597        |
|    total_timesteps      | 849920      |
| train/                  |             |
|    approx_kl            | 0.004572831 |
|    clip_fraction        | 0.0397      |
|    clip_range           | 0.2         |
|    entropy_loss         | -0.161      |
|    explained_variance   | 0.146       |
|    learning_rate        | 0.0003      |
|    loss                 | 10.3        |
|    n_updates            | 4140        |
|    policy_gradient_loss | -0.00143    |
|    value_loss           | 15.6        |
-----------------------------------------
FruitCounts | {'Fruit': 0, 'DecayFruit': 5, 'EnemyFruit': 0} |
-----------------------------------------
| rollout/                |             |
|    ep_len_mean          | 402         |
|    ep_rew_mean          | 31.1        |
| time/                   |             |
|    fps                  | 236         |
|    iterations           | 416         |
|    time_elapsed         | 3606        |
|    total_timesteps      | 851968      |
| train/                  |             |
|    approx_kl            | 0.004949142 |
|    clip_fraction        | 0.0464      |
|    clip_range           | 0.2         |
|    entropy_loss         | -0.153      |
|    explained_variance   | 0.226       |
|    learning_rate        | 0.0003      |
|    loss                 | 6.94        |
|    n_updates            | 4150        |
|    policy_gradient_loss | -0.00423    |
|    value_loss           | 16.3        |
-----------------------------------------
FruitCounts | {'Fruit': 1, 'DecayFruit': 0, 'EnemyFruit': 1} |
------------------------------------------
| rollout/                |              |
|    ep_len_mean          | 399          |
|    ep_rew_mean          | 31           |
| time/                   |              |
|    fps                  | 236          |
|    iterations           | 417          |
|    time_elapsed         | 3615         |
|    total_timesteps      | 854016       |
| train/                  |              |
|    approx_kl            | 0.0070209666 |
|    clip_fraction        | 0.0497       |
|    clip_range           | 0.2          |
|    entropy_loss         | -0.172       |
|    explained_variance   | 0.148        |
|    learning_rate        | 0.0003       |
|    loss                 | 7.59         |
|    n_updates            | 4160         |
|    policy_gradient_loss | -0.00222     |
|    value_loss           | 15.3         |
------------------------------------------
FruitCounts | {'Fruit': 0, 'DecayFruit': 1, 'EnemyFruit': 0} |
------------------------------------------
| rollout/                |              |
|    ep_len_mean          | 401          |
|    ep_rew_mean          | 31.1         |
| time/                   |              |
|    fps                  | 236          |
|    iterations           | 418          |
|    time_elapsed         | 3623         |
|    total_timesteps      | 856064       |
| train/                  |              |
|    approx_kl            | 0.0038236806 |
|    clip_fraction        | 0.04         |
|    clip_range           | 0.2          |
|    entropy_loss         | -0.162       |
|    explained_variance   | 0.235        |
|    learning_rate        | 0.0003       |
|    loss                 | 4.78         |
|    n_updates            | 4170         |
|    policy_gradient_loss | -0.0012      |
|    value_loss           | 13.1         |
------------------------------------------
FruitCounts | {'Fruit': 0, 'DecayFruit': 3, 'EnemyFruit': 2} |
-----------------------------------------
| rollout/                |             |
|    ep_len_mean          | 385         |
|    ep_rew_mean          | 29          |
| time/                   |             |
|    fps                  | 236         |
|    iterations           | 419         |
|    time_elapsed         | 3632        |
|    total_timesteps      | 858112      |
| train/                  |             |
|    approx_kl            | 0.006143503 |
|    clip_fraction        | 0.0503      |
|    clip_range           | 0.2         |
|    entropy_loss         | -0.174      |
|    explained_variance   | 0.172       |
|    learning_rate        | 0.0003      |
|    loss                 | 5.61        |
|    n_updates            | 4180        |
|    policy_gradient_loss | -0.00117    |
|    value_loss           | 14.7        |
-----------------------------------------
FruitCounts | {'Fruit': 1, 'DecayFruit': 5, 'EnemyFruit': 5} |
----------------------------------------
| rollout/                |            |
|    ep_len_mean          | 392        |
|    ep_rew_mean          | 30         |
| time/                   |            |
|    fps                  | 236        |
|    iterations           | 420        |
|    time_elapsed         | 3639       |
|    total_timesteps      | 860160     |
| train/                  |            |
|    approx_kl            | 0.00795108 |
|    clip_fraction        | 0.0548     |
|    clip_range           | 0.2        |
|    entropy_loss         | -0.161     |
|    explained_variance   | 0.192      |
|    learning_rate        | 0.0003     |
|    loss                 | 7.98       |
|    n_updates            | 4190       |
|    policy_gradient_loss | -0.0022    |
|    value_loss           | 13.2       |
----------------------------------------
FruitCounts | {'Fruit': 0, 'DecayFruit': 0, 'EnemyFruit': 0} |
------------------------------------------
| rollout/                |              |
|    ep_len_mean          | 413          |
|    ep_rew_mean          | 31.3         |
| time/                   |              |
|    fps                  | 236          |
|    iterations           | 421          |
|    time_elapsed         | 3648         |
|    total_timesteps      | 862208       |
| train/                  |              |
|    approx_kl            | 0.0062135905 |
|    clip_fraction        | 0.0592       |
|    clip_range           | 0.2          |
|    entropy_loss         | -0.177       |
|    explained_variance   | 0.00212      |
|    learning_rate        | 0.0003       |
|    loss                 | 2.6          |
|    n_updates            | 4200         |
|    policy_gradient_loss | -0.00062     |
|    value_loss           | 9.06         |
------------------------------------------
FruitCounts | {'Fruit': 0, 'DecayFruit': 1, 'EnemyFruit': 1} |
------------------------------------------
| rollout/                |              |
|    ep_len_mean          | 421          |
|    ep_rew_mean          | 33.2         |
| time/                   |              |
|    fps                  | 236          |
|    iterations           | 422          |
|    time_elapsed         | 3656         |
|    total_timesteps      | 864256       |
| train/                  |              |
|    approx_kl            | 0.0071204444 |
|    clip_fraction        | 0.0532       |
|    clip_range           | 0.2          |
|    entropy_loss         | -0.197       |
|    explained_variance   | 0.17         |
|    learning_rate        | 0.0003       |
|    loss                 | 6.52         |
|    n_updates            | 4210         |
|    policy_gradient_loss | -0.000534    |
|    value_loss           | 18.3         |
------------------------------------------
FruitCounts | {'Fruit': 0, 'DecayFruit': 1, 'EnemyFruit': 0} |
------------------------------------------
| rollout/                |              |
|    ep_len_mean          | 435          |
|    ep_rew_mean          | 35.4         |
| time/                   |              |
|    fps                  | 236          |
|    iterations           | 423          |
|    time_elapsed         | 3664         |
|    total_timesteps      | 866304       |
| train/                  |              |
|    approx_kl            | 0.0054314993 |
|    clip_fraction        | 0.0508       |
|    clip_range           | 0.2          |
|    entropy_loss         | -0.188       |
|    explained_variance   | 0.111        |
|    learning_rate        | 0.0003       |
|    loss                 | 3.9          |
|    n_updates            | 4220         |
|    policy_gradient_loss | -0.00131     |
|    value_loss           | 12.8         |
------------------------------------------
FruitCounts | {'Fruit': 0, 'DecayFruit': 0, 'EnemyFruit': 0} |
------------------------------------------
| rollout/                |              |
|    ep_len_mean          | 429          |
|    ep_rew_mean          | 35.5         |
| time/                   |              |
|    fps                  | 236          |
|    iterations           | 424          |
|    time_elapsed         | 3672         |
|    total_timesteps      | 868352       |
| train/                  |              |
|    approx_kl            | 0.0047321813 |
|    clip_fraction        | 0.0511       |
|    clip_range           | 0.2          |
|    entropy_loss         | -0.189       |
|    explained_variance   | 0.192        |
|    learning_rate        | 0.0003       |
|    loss                 | 4.26         |
|    n_updates            | 4230         |
|    policy_gradient_loss | -0.00368     |
|    value_loss           | 12.1         |
------------------------------------------
FruitCounts | {'Fruit': 0, 'DecayFruit': 5, 'EnemyFruit': 1} |
------------------------------------------
| rollout/                |              |
|    ep_len_mean          | 432          |
|    ep_rew_mean          | 35.9         |
| time/                   |              |
|    fps                  | 236          |
|    iterations           | 425          |
|    time_elapsed         | 3680         |
|    total_timesteps      | 870400       |
| train/                  |              |
|    approx_kl            | 0.0066750157 |
|    clip_fraction        | 0.0542       |
|    clip_range           | 0.2          |
|    entropy_loss         | -0.177       |
|    explained_variance   | 0.284        |
|    learning_rate        | 0.0003       |
|    loss                 | 4.45         |
|    n_updates            | 4240         |
|    policy_gradient_loss | -0.002       |
|    value_loss           | 10.2         |
------------------------------------------
FruitCounts | {'Fruit': 0, 'DecayFruit': 0, 'EnemyFruit': 0} |
------------------------------------------
| rollout/                |              |
|    ep_len_mean          | 420          |
|    ep_rew_mean          | 35.2         |
| time/                   |              |
|    fps                  | 236          |
|    iterations           | 426          |
|    time_elapsed         | 3689         |
|    total_timesteps      | 872448       |
| train/                  |              |
|    approx_kl            | 0.0073436634 |
|    clip_fraction        | 0.053        |
|    clip_range           | 0.2          |
|    entropy_loss         | -0.189       |
|    explained_variance   | 0.296        |
|    learning_rate        | 0.0003       |
|    loss                 | 4.92         |
|    n_updates            | 4250         |
|    policy_gradient_loss | -0.00274     |
|    value_loss           | 14           |
------------------------------------------
FruitCounts | {'Fruit': 0, 'DecayFruit': 2, 'EnemyFruit': 1} |
------------------------------------------
| rollout/                |              |
|    ep_len_mean          | 414          |
|    ep_rew_mean          | 33.1         |
| time/                   |              |
|    fps                  | 236          |
|    iterations           | 427          |
|    time_elapsed         | 3697         |
|    total_timesteps      | 874496       |
| train/                  |              |
|    approx_kl            | 0.0045684245 |
|    clip_fraction        | 0.05         |
|    clip_range           | 0.2          |
|    entropy_loss         | -0.184       |
|    explained_variance   | -0.0255      |
|    learning_rate        | 0.0003       |
|    loss                 | 13.8         |
|    n_updates            | 4260         |
|    policy_gradient_loss | -0.00158     |
|    value_loss           | 18.9         |
------------------------------------------
FruitCounts | {'Fruit': 0, 'DecayFruit': 5, 'EnemyFruit': 1} |
-----------------------------------------
| rollout/                |             |
|    ep_len_mean          | 416         |
|    ep_rew_mean          | 33.5        |
| time/                   |             |
|    fps                  | 236         |
|    iterations           | 428         |
|    time_elapsed         | 3705        |
|    total_timesteps      | 876544      |
| train/                  |             |
|    approx_kl            | 0.009956633 |
|    clip_fraction        | 0.0597      |
|    clip_range           | 0.2         |
|    entropy_loss         | -0.177      |
|    explained_variance   | -0.14       |
|    learning_rate        | 0.0003      |
|    loss                 | 4.65        |
|    n_updates            | 4270        |
|    policy_gradient_loss | -0.00296    |
|    value_loss           | 10.6        |
-----------------------------------------
FruitCounts | {'Fruit': 0, 'DecayFruit': 0, 'EnemyFruit': 0} |
------------------------------------------
| rollout/                |              |
|    ep_len_mean          | 424          |
|    ep_rew_mean          | 35.3         |
| time/                   |              |
|    fps                  | 236          |
|    iterations           | 429          |
|    time_elapsed         | 3714         |
|    total_timesteps      | 878592       |
| train/                  |              |
|    approx_kl            | 0.0031360253 |
|    clip_fraction        | 0.0423       |
|    clip_range           | 0.2          |
|    entropy_loss         | -0.183       |
|    explained_variance   | 0.18         |
|    learning_rate        | 0.0003       |
|    loss                 | 10.1         |
|    n_updates            | 4280         |
|    policy_gradient_loss | -0.00114     |
|    value_loss           | 16.8         |
------------------------------------------
FruitCounts | {'Fruit': 1, 'DecayFruit': 3, 'EnemyFruit': 1} |
-----------------------------------------
| rollout/                |             |
|    ep_len_mean          | 435         |
|    ep_rew_mean          | 36.6        |
| time/                   |             |
|    fps                  | 236         |
|    iterations           | 430         |
|    time_elapsed         | 3721        |
|    total_timesteps      | 880640      |
| train/                  |             |
|    approx_kl            | 0.004520439 |
|    clip_fraction        | 0.0621      |
|    clip_range           | 0.2         |
|    entropy_loss         | -0.186      |
|    explained_variance   | 0.382       |
|    learning_rate        | 0.0003      |
|    loss                 | 3.64        |
|    n_updates            | 4290        |
|    policy_gradient_loss | -0.00234    |
|    value_loss           | 10.2        |
-----------------------------------------
FruitCounts | {'Fruit': 0, 'DecayFruit': 1, 'EnemyFruit': 0} |
------------------------------------------
| rollout/                |              |
|    ep_len_mean          | 440          |
|    ep_rew_mean          | 37.5         |
| time/                   |              |
|    fps                  | 236          |
|    iterations           | 431          |
|    time_elapsed         | 3729         |
|    total_timesteps      | 882688       |
| train/                  |              |
|    approx_kl            | 0.0065713576 |
|    clip_fraction        | 0.0469       |
|    clip_range           | 0.2          |
|    entropy_loss         | -0.176       |
|    explained_variance   | 0.284        |
|    learning_rate        | 0.0003       |
|    loss                 | 4.41         |
|    n_updates            | 4300         |
|    policy_gradient_loss | -0.000913    |
|    value_loss           | 9.86         |
------------------------------------------
FruitCounts | {'Fruit': 1, 'DecayFruit': 0, 'EnemyFruit': 0} |
-----------------------------------------
| rollout/                |             |
|    ep_len_mean          | 431         |
|    ep_rew_mean          | 35.4        |
| time/                   |             |
|    fps                  | 236         |
|    iterations           | 432         |
|    time_elapsed         | 3738        |
|    total_timesteps      | 884736      |
| train/                  |             |
|    approx_kl            | 0.008169608 |
|    clip_fraction        | 0.0621      |
|    clip_range           | 0.2         |
|    entropy_loss         | -0.187      |
|    explained_variance   | 0.272       |
|    learning_rate        | 0.0003      |
|    loss                 | 9.29        |
|    n_updates            | 4310        |
|    policy_gradient_loss | -0.00315    |
|    value_loss           | 15.8        |
-----------------------------------------
FruitCounts | {'Fruit': 1, 'DecayFruit': 4, 'EnemyFruit': 3} |
-----------------------------------------
| rollout/                |             |
|    ep_len_mean          | 409         |
|    ep_rew_mean          | 35.2        |
| time/                   |             |
|    fps                  | 236         |
|    iterations           | 433         |
|    time_elapsed         | 3747        |
|    total_timesteps      | 886784      |
| train/                  |             |
|    approx_kl            | 0.006245235 |
|    clip_fraction        | 0.0502      |
|    clip_range           | 0.2         |
|    entropy_loss         | -0.193      |
|    explained_variance   | 0.225       |
|    learning_rate        | 0.0003      |
|    loss                 | 7.87        |
|    n_updates            | 4320        |
|    policy_gradient_loss | -0.00318    |
|    value_loss           | 19.1        |
-----------------------------------------
FruitCounts | {'Fruit': 0, 'DecayFruit': 2, 'EnemyFruit': 4} |
------------------------------------------
| rollout/                |              |
|    ep_len_mean          | 417          |
|    ep_rew_mean          | 36.4         |
| time/                   |              |
|    fps                  | 236          |
|    iterations           | 434          |
|    time_elapsed         | 3756         |
|    total_timesteps      | 888832       |
| train/                  |              |
|    approx_kl            | 0.0043428615 |
|    clip_fraction        | 0.0463       |
|    clip_range           | 0.2          |
|    entropy_loss         | -0.187       |
|    explained_variance   | 0.103        |
|    learning_rate        | 0.0003       |
|    loss                 | 11           |
|    n_updates            | 4330         |
|    policy_gradient_loss | -0.00297     |
|    value_loss           | 28.9         |
------------------------------------------
FruitCounts | {'Fruit': 0, 'DecayFruit': 0, 'EnemyFruit': 0} |
----------------------------------------
| rollout/                |            |
|    ep_len_mean          | 418        |
|    ep_rew_mean          | 36.3       |
| time/                   |            |
|    fps                  | 236        |
|    iterations           | 435        |
|    time_elapsed         | 3764       |
|    total_timesteps      | 890880     |
| train/                  |            |
|    approx_kl            | 0.00797159 |
|    clip_fraction        | 0.0602     |
|    clip_range           | 0.2        |
|    entropy_loss         | -0.181     |
|    explained_variance   | 0.222      |
|    learning_rate        | 0.0003     |
|    loss                 | 7.61       |
|    n_updates            | 4340       |
|    policy_gradient_loss | -0.00103   |
|    value_loss           | 15.9       |
----------------------------------------
FruitCounts | {'Fruit': 0, 'DecayFruit': 0, 'EnemyFruit': 0} |
-----------------------------------------
| rollout/                |             |
|    ep_len_mean          | 413         |
|    ep_rew_mean          | 35.6        |
| time/                   |             |
|    fps                  | 236         |
|    iterations           | 436         |
|    time_elapsed         | 3773        |
|    total_timesteps      | 892928      |
| train/                  |             |
|    approx_kl            | 0.007972248 |
|    clip_fraction        | 0.0521      |
|    clip_range           | 0.2         |
|    entropy_loss         | -0.159      |
|    explained_variance   | 0.0396      |
|    learning_rate        | 0.0003      |
|    loss                 | 8.05        |
|    n_updates            | 4350        |
|    policy_gradient_loss | -0.000823   |
|    value_loss           | 16          |
-----------------------------------------
FruitCounts | {'Fruit': 0, 'DecayFruit': 1, 'EnemyFruit': 1} |
------------------------------------------
| rollout/                |              |
|    ep_len_mean          | 394          |
|    ep_rew_mean          | 34.8         |
| time/                   |              |
|    fps                  | 236          |
|    iterations           | 437          |
|    time_elapsed         | 3782         |
|    total_timesteps      | 894976       |
| train/                  |              |
|    approx_kl            | 0.0048007695 |
|    clip_fraction        | 0.0535       |
|    clip_range           | 0.2          |
|    entropy_loss         | -0.194       |
|    explained_variance   | 0.177        |
|    learning_rate        | 0.0003       |
|    loss                 | 8.82         |
|    n_updates            | 4360         |
|    policy_gradient_loss | -0.00173     |
|    value_loss           | 16.9         |
------------------------------------------
FruitCounts | {'Fruit': 0, 'DecayFruit': 1, 'EnemyFruit': 0} |
-----------------------------------------
| rollout/                |             |
|    ep_len_mean          | 384         |
|    ep_rew_mean          | 33.9        |
| time/                   |             |
|    fps                  | 236         |
|    iterations           | 438         |
|    time_elapsed         | 3791        |
|    total_timesteps      | 897024      |
| train/                  |             |
|    approx_kl            | 0.006914447 |
|    clip_fraction        | 0.0423      |
|    clip_range           | 0.2         |
|    entropy_loss         | -0.184      |
|    explained_variance   | 0.206       |
|    learning_rate        | 0.0003      |
|    loss                 | 14.6        |
|    n_updates            | 4370        |
|    policy_gradient_loss | -0.00191    |
|    value_loss           | 26.5        |
-----------------------------------------
FruitCounts | {'Fruit': 0, 'DecayFruit': 1, 'EnemyFruit': 1} |
----------------------------------------
| rollout/                |            |
|    ep_len_mean          | 365        |
|    ep_rew_mean          | 32.6       |
| time/                   |            |
|    fps                  | 236        |
|    iterations           | 439        |
|    time_elapsed         | 3799       |
|    total_timesteps      | 899072     |
| train/                  |            |
|    approx_kl            | 0.00967815 |
|    clip_fraction        | 0.0651     |
|    clip_range           | 0.2        |
|    entropy_loss         | -0.198     |
|    explained_variance   | 0.0874     |
|    learning_rate        | 0.0003     |
|    loss                 | 4.46       |
|    n_updates            | 4380       |
|    policy_gradient_loss | -0.00179   |
|    value_loss           | 14         |
----------------------------------------
FruitCounts | {'Fruit': 1, 'DecayFruit': 0, 'EnemyFruit': 0} |
----------------------------------------
| rollout/                |            |
|    ep_len_mean          | 349        |
|    ep_rew_mean          | 28.6       |
| time/                   |            |
|    fps                  | 236        |
|    iterations           | 440        |
|    time_elapsed         | 3808       |
|    total_timesteps      | 901120     |
| train/                  |            |
|    approx_kl            | 0.01251838 |
|    clip_fraction        | 0.0638     |
|    clip_range           | 0.2        |
|    entropy_loss         | -0.184     |
|    explained_variance   | -0.0291    |
|    learning_rate        | 0.0003     |
|    loss                 | 7.51       |
|    n_updates            | 4390       |
|    policy_gradient_loss | 0.00218    |
|    value_loss           | 15.6       |
----------------------------------------
FruitCounts | {'Fruit': 0, 'DecayFruit': 0, 'EnemyFruit': 1} |
-----------------------------------------
| rollout/                |             |
|    ep_len_mean          | 346         |
|    ep_rew_mean          | 27.7        |
| time/                   |             |
|    fps                  | 236         |
|    iterations           | 441         |
|    time_elapsed         | 3817        |
|    total_timesteps      | 903168      |
| train/                  |             |
|    approx_kl            | 0.009382967 |
|    clip_fraction        | 0.0698      |
|    clip_range           | 0.2         |
|    entropy_loss         | -0.216      |
|    explained_variance   | 0.238       |
|    learning_rate        | 0.0003      |
|    loss                 | 3.18        |
|    n_updates            | 4400        |
|    policy_gradient_loss | -0.0026     |
|    value_loss           | 10.2        |
-----------------------------------------
FruitCounts | {'Fruit': 0, 'DecayFruit': 5, 'EnemyFruit': 4} |
-----------------------------------------
| rollout/                |             |
|    ep_len_mean          | 353         |
|    ep_rew_mean          | 27.8        |
| time/                   |             |
|    fps                  | 236         |
|    iterations           | 442         |
|    time_elapsed         | 3825        |
|    total_timesteps      | 905216      |
| train/                  |             |
|    approx_kl            | 0.005582326 |
|    clip_fraction        | 0.0612      |
|    clip_range           | 0.2         |
|    entropy_loss         | -0.186      |
|    explained_variance   | -0.0137     |
|    learning_rate        | 0.0003      |
|    loss                 | 3.67        |
|    n_updates            | 4410        |
|    policy_gradient_loss | -0.00278    |
|    value_loss           | 14.6        |
-----------------------------------------
FruitCounts | {'Fruit': 0, 'DecayFruit': 4, 'EnemyFruit': 4} |
------------------------------------------
| rollout/                |              |
|    ep_len_mean          | 357          |
|    ep_rew_mean          | 27.4         |
| time/                   |              |
|    fps                  | 236          |
|    iterations           | 443          |
|    time_elapsed         | 3833         |
|    total_timesteps      | 907264       |
| train/                  |              |
|    approx_kl            | 0.0052884454 |
|    clip_fraction        | 0.0556       |
|    clip_range           | 0.2          |
|    entropy_loss         | -0.214       |
|    explained_variance   | 0.132        |
|    learning_rate        | 0.0003       |
|    loss                 | 3.31         |
|    n_updates            | 4420         |
|    policy_gradient_loss | -0.00112     |
|    value_loss           | 9.72         |
------------------------------------------
FruitCounts | {'Fruit': 0, 'DecayFruit': 4, 'EnemyFruit': 3} |
---------------------------------------
| rollout/                |           |
|    ep_len_mean          | 363       |
|    ep_rew_mean          | 27.8      |
| time/                   |           |
|    fps                  | 236       |
|    iterations           | 444       |
|    time_elapsed         | 3841      |
|    total_timesteps      | 909312    |
| train/                  |           |
|    approx_kl            | 0.0083966 |
|    clip_fraction        | 0.0701    |
|    clip_range           | 0.2       |
|    entropy_loss         | -0.203    |
|    explained_variance   | 0.101     |
|    learning_rate        | 0.0003    |
|    loss                 | 5.5       |
|    n_updates            | 4430      |
|    policy_gradient_loss | -0.000366 |
|    value_loss           | 12.7      |
---------------------------------------
FruitCounts | {'Fruit': 1, 'DecayFruit': 5, 'EnemyFruit': 5} |
-----------------------------------------
| rollout/                |             |
|    ep_len_mean          | 358         |
|    ep_rew_mean          | 28.5        |
| time/                   |             |
|    fps                  | 236         |
|    iterations           | 445         |
|    time_elapsed         | 3850        |
|    total_timesteps      | 911360      |
| train/                  |             |
|    approx_kl            | 0.005115645 |
|    clip_fraction        | 0.0614      |
|    clip_range           | 0.2         |
|    entropy_loss         | -0.206      |
|    explained_variance   | 0.35        |
|    learning_rate        | 0.0003      |
|    loss                 | 7.12        |
|    n_updates            | 4440        |
|    policy_gradient_loss | -0.00363    |
|    value_loss           | 12.1        |
-----------------------------------------
FruitCounts | {'Fruit': 1, 'DecayFruit': 4, 'EnemyFruit': 2} |
------------------------------------------
| rollout/                |              |
|    ep_len_mean          | 325          |
|    ep_rew_mean          | 25.5         |
| time/                   |              |
|    fps                  | 236          |
|    iterations           | 446          |
|    time_elapsed         | 3859         |
|    total_timesteps      | 913408       |
| train/                  |              |
|    approx_kl            | 0.0027346117 |
|    clip_fraction        | 0.0452       |
|    clip_range           | 0.2          |
|    entropy_loss         | -0.207       |
|    explained_variance   | 0.296        |
|    learning_rate        | 0.0003       |
|    loss                 | 7.62         |
|    n_updates            | 4450         |
|    policy_gradient_loss | -0.000839    |
|    value_loss           | 14.5         |
------------------------------------------
FruitCounts | {'Fruit': 0, 'DecayFruit': 5, 'EnemyFruit': 3} |
----------------------------------------
| rollout/                |            |
|    ep_len_mean          | 314        |
|    ep_rew_mean          | 25.7       |
| time/                   |            |
|    fps                  | 236        |
|    iterations           | 447        |
|    time_elapsed         | 3868       |
|    total_timesteps      | 915456     |
| train/                  |            |
|    approx_kl            | 0.00650929 |
|    clip_fraction        | 0.0683     |
|    clip_range           | 0.2        |
|    entropy_loss         | -0.206     |
|    explained_variance   | 0.281      |
|    learning_rate        | 0.0003     |
|    loss                 | 7.39       |
|    n_updates            | 4460       |
|    policy_gradient_loss | -0.00223   |
|    value_loss           | 15.3       |
----------------------------------------
FruitCounts | {'Fruit': 0, 'DecayFruit': 0, 'EnemyFruit': 0} |
------------------------------------------
| rollout/                |              |
|    ep_len_mean          | 319          |
|    ep_rew_mean          | 26.1         |
| time/                   |              |
|    fps                  | 236          |
|    iterations           | 448          |
|    time_elapsed         | 3877         |
|    total_timesteps      | 917504       |
| train/                  |              |
|    approx_kl            | 0.0089435745 |
|    clip_fraction        | 0.0629       |
|    clip_range           | 0.2          |
|    entropy_loss         | -0.206       |
|    explained_variance   | 0.271        |
|    learning_rate        | 0.0003       |
|    loss                 | 7.08         |
|    n_updates            | 4470         |
|    policy_gradient_loss | -0.00267     |
|    value_loss           | 11.1         |
------------------------------------------
FruitCounts | {'Fruit': 0, 'DecayFruit': 3, 'EnemyFruit': 3} |
------------------------------------------
| rollout/                |              |
|    ep_len_mean          | 321          |
|    ep_rew_mean          | 24.3         |
| time/                   |              |
|    fps                  | 236          |
|    iterations           | 449          |
|    time_elapsed         | 3886         |
|    total_timesteps      | 919552       |
| train/                  |              |
|    approx_kl            | 0.0074027567 |
|    clip_fraction        | 0.0471       |
|    clip_range           | 0.2          |
|    entropy_loss         | -0.187       |
|    explained_variance   | 0.0354       |
|    learning_rate        | 0.0003       |
|    loss                 | 4.03         |
|    n_updates            | 4480         |
|    policy_gradient_loss | -0.00172     |
|    value_loss           | 15.6         |
------------------------------------------
FruitCounts | {'Fruit': 0, 'DecayFruit': 2, 'EnemyFruit': 0} |
-----------------------------------------
| rollout/                |             |
|    ep_len_mean          | 330         |
|    ep_rew_mean          | 24          |
| time/                   |             |
|    fps                  | 236         |
|    iterations           | 450         |
|    time_elapsed         | 3894        |
|    total_timesteps      | 921600      |
| train/                  |             |
|    approx_kl            | 0.007248342 |
|    clip_fraction        | 0.0707      |
|    clip_range           | 0.2         |
|    entropy_loss         | -0.216      |
|    explained_variance   | 0.119       |
|    learning_rate        | 0.0003      |
|    loss                 | 7.67        |
|    n_updates            | 4490        |
|    policy_gradient_loss | -0.000742   |
|    value_loss           | 11.3        |
-----------------------------------------
FruitCounts | {'Fruit': 0, 'DecayFruit': 2, 'EnemyFruit': 0} |
-----------------------------------------
| rollout/                |             |
|    ep_len_mean          | 327         |
|    ep_rew_mean          | 24.5        |
| time/                   |             |
|    fps                  | 236         |
|    iterations           | 451         |
|    time_elapsed         | 3903        |
|    total_timesteps      | 923648      |
| train/                  |             |
|    approx_kl            | 0.016774286 |
|    clip_fraction        | 0.0556      |
|    clip_range           | 0.2         |
|    entropy_loss         | -0.198      |
|    explained_variance   | 0.123       |
|    learning_rate        | 0.0003      |
|    loss                 | 3.4         |
|    n_updates            | 4500        |
|    policy_gradient_loss | -0.00306    |
|    value_loss           | 11.7        |
-----------------------------------------
FruitCounts | {'Fruit': 0, 'DecayFruit': 1, 'EnemyFruit': 0} |
-----------------------------------------
| rollout/                |             |
|    ep_len_mean          | 322         |
|    ep_rew_mean          | 25.5        |
| time/                   |             |
|    fps                  | 236         |
|    iterations           | 452         |
|    time_elapsed         | 3912        |
|    total_timesteps      | 925696      |
| train/                  |             |
|    approx_kl            | 0.008495282 |
|    clip_fraction        | 0.0646      |
|    clip_range           | 0.2         |
|    entropy_loss         | -0.23       |
|    explained_variance   | -0.0244     |
|    learning_rate        | 0.0003      |
|    loss                 | 8.31        |
|    n_updates            | 4510        |
|    policy_gradient_loss | -0.00428    |
|    value_loss           | 18.4        |
-----------------------------------------
FruitCounts | {'Fruit': 1, 'DecayFruit': 5, 'EnemyFruit': 3} |
------------------------------------------
| rollout/                |              |
|    ep_len_mean          | 326          |
|    ep_rew_mean          | 25.3         |
| time/                   |              |
|    fps                  | 236          |
|    iterations           | 453          |
|    time_elapsed         | 3920         |
|    total_timesteps      | 927744       |
| train/                  |              |
|    approx_kl            | 0.0060425214 |
|    clip_fraction        | 0.0482       |
|    clip_range           | 0.2          |
|    entropy_loss         | -0.231       |
|    explained_variance   | 0.226        |
|    learning_rate        | 0.0003       |
|    loss                 | 10.1         |
|    n_updates            | 4520         |
|    policy_gradient_loss | -0.000321    |
|    value_loss           | 28.4         |
------------------------------------------
FruitCounts | {'Fruit': 0, 'DecayFruit': 0, 'EnemyFruit': 0} |
-----------------------------------------
| rollout/                |             |
|    ep_len_mean          | 336         |
|    ep_rew_mean          | 25.5        |
| time/                   |             |
|    fps                  | 236         |
|    iterations           | 454         |
|    time_elapsed         | 3929        |
|    total_timesteps      | 929792      |
| train/                  |             |
|    approx_kl            | 0.004986719 |
|    clip_fraction        | 0.0492      |
|    clip_range           | 0.2         |
|    entropy_loss         | -0.193      |
|    explained_variance   | 0.0317      |
|    learning_rate        | 0.0003      |
|    loss                 | 2.25        |
|    n_updates            | 4530        |
|    policy_gradient_loss | -0.00198    |
|    value_loss           | 15.1        |
-----------------------------------------
FruitCounts | {'Fruit': 1, 'DecayFruit': 6, 'EnemyFruit': 1} |
-----------------------------------------
| rollout/                |             |
|    ep_len_mean          | 341         |
|    ep_rew_mean          | 26.5        |
| time/                   |             |
|    fps                  | 236         |
|    iterations           | 455         |
|    time_elapsed         | 3937        |
|    total_timesteps      | 931840      |
| train/                  |             |
|    approx_kl            | 0.008705636 |
|    clip_fraction        | 0.056       |
|    clip_range           | 0.2         |
|    entropy_loss         | -0.211      |
|    explained_variance   | 0.0944      |
|    learning_rate        | 0.0003      |
|    loss                 | 9.69        |
|    n_updates            | 4540        |
|    policy_gradient_loss | -0.000457   |
|    value_loss           | 14.7        |
-----------------------------------------
FruitCounts | {'Fruit': 0, 'DecayFruit': 0, 'EnemyFruit': 0} |
-----------------------------------------
| rollout/                |             |
|    ep_len_mean          | 338         |
|    ep_rew_mean          | 26.6        |
| time/                   |             |
|    fps                  | 236         |
|    iterations           | 456         |
|    time_elapsed         | 3947        |
|    total_timesteps      | 933888      |
| train/                  |             |
|    approx_kl            | 0.007424522 |
|    clip_fraction        | 0.0603      |
|    clip_range           | 0.2         |
|    entropy_loss         | -0.214      |
|    explained_variance   | 0.0936      |
|    learning_rate        | 0.0003      |
|    loss                 | 3.01        |
|    n_updates            | 4550        |
|    policy_gradient_loss | -0.00187    |
|    value_loss           | 11.4        |
-----------------------------------------
FruitCounts | {'Fruit': 0, 'DecayFruit': 0, 'EnemyFruit': 0} |
-----------------------------------------
| rollout/                |             |
|    ep_len_mean          | 334         |
|    ep_rew_mean          | 28          |
| time/                   |             |
|    fps                  | 236         |
|    iterations           | 457         |
|    time_elapsed         | 3955        |
|    total_timesteps      | 935936      |
| train/                  |             |
|    approx_kl            | 0.007585061 |
|    clip_fraction        | 0.0623      |
|    clip_range           | 0.2         |
|    entropy_loss         | -0.2        |
|    explained_variance   | 0.097       |
|    learning_rate        | 0.0003      |
|    loss                 | 4.97        |
|    n_updates            | 4560        |
|    policy_gradient_loss | -0.00432    |
|    value_loss           | 19.7        |
-----------------------------------------
FruitCounts | {'Fruit': 0, 'DecayFruit': 3, 'EnemyFruit': 1} |
-----------------------------------------
| rollout/                |             |
|    ep_len_mean          | 332         |
|    ep_rew_mean          | 29.7        |
| time/                   |             |
|    fps                  | 236         |
|    iterations           | 458         |
|    time_elapsed         | 3964        |
|    total_timesteps      | 937984      |
| train/                  |             |
|    approx_kl            | 0.004937277 |
|    clip_fraction        | 0.0428      |
|    clip_range           | 0.2         |
|    entropy_loss         | -0.192      |
|    explained_variance   | 0.199       |
|    learning_rate        | 0.0003      |
|    loss                 | 7.76        |
|    n_updates            | 4570        |
|    policy_gradient_loss | -0.00258    |
|    value_loss           | 17.5        |
-----------------------------------------
FruitCounts | {'Fruit': 0, 'DecayFruit': 0, 'EnemyFruit': 0} |
------------------------------------------
| rollout/                |              |
|    ep_len_mean          | 318          |
|    ep_rew_mean          | 29.4         |
| time/                   |              |
|    fps                  | 236          |
|    iterations           | 459          |
|    time_elapsed         | 3973         |
|    total_timesteps      | 940032       |
| train/                  |              |
|    approx_kl            | 0.0046674646 |
|    clip_fraction        | 0.0417       |
|    clip_range           | 0.2          |
|    entropy_loss         | -0.212       |
|    explained_variance   | 0.167        |
|    learning_rate        | 0.0003       |
|    loss                 | 5.07         |
|    n_updates            | 4580         |
|    policy_gradient_loss | -0.00122     |
|    value_loss           | 17.7         |
------------------------------------------
FruitCounts | {'Fruit': 1, 'DecayFruit': 6, 'EnemyFruit': 5} |
------------------------------------------
| rollout/                |              |
|    ep_len_mean          | 300          |
|    ep_rew_mean          | 28.8         |
| time/                   |              |
|    fps                  | 236          |
|    iterations           | 460          |
|    time_elapsed         | 3982         |
|    total_timesteps      | 942080       |
| train/                  |              |
|    approx_kl            | 0.0054218257 |
|    clip_fraction        | 0.0601       |
|    clip_range           | 0.2          |
|    entropy_loss         | -0.203       |
|    explained_variance   | 0.22         |
|    learning_rate        | 0.0003       |
|    loss                 | 9.57         |
|    n_updates            | 4590         |
|    policy_gradient_loss | -0.00218     |
|    value_loss           | 20.6         |
------------------------------------------
FruitCounts | {'Fruit': 0, 'DecayFruit': 3, 'EnemyFruit': 6} |
----------------------------------------
| rollout/                |            |
|    ep_len_mean          | 308        |
|    ep_rew_mean          | 28.5       |
| time/                   |            |
|    fps                  | 236        |
|    iterations           | 461        |
|    time_elapsed         | 3990       |
|    total_timesteps      | 944128     |
| train/                  |            |
|    approx_kl            | 0.00535513 |
|    clip_fraction        | 0.0702     |
|    clip_range           | 0.2        |
|    entropy_loss         | -0.225     |
|    explained_variance   | 0.203      |
|    learning_rate        | 0.0003     |
|    loss                 | 6.69       |
|    n_updates            | 4600       |
|    policy_gradient_loss | -0.00078   |
|    value_loss           | 20.6       |
----------------------------------------
FruitCounts | {'Fruit': 1, 'DecayFruit': 3, 'EnemyFruit': 0} |
-----------------------------------------
| rollout/                |             |
|    ep_len_mean          | 315         |
|    ep_rew_mean          | 30.3        |
| time/                   |             |
|    fps                  | 236         |
|    iterations           | 462         |
|    time_elapsed         | 3999        |
|    total_timesteps      | 946176      |
| train/                  |             |
|    approx_kl            | 0.014846793 |
|    clip_fraction        | 0.0706      |
|    clip_range           | 0.2         |
|    entropy_loss         | -0.215      |
|    explained_variance   | 0.186       |
|    learning_rate        | 0.0003      |
|    loss                 | 5.86        |
|    n_updates            | 4610        |
|    policy_gradient_loss | 0.000941    |
|    value_loss           | 11.5        |
-----------------------------------------
FruitCounts | {'Fruit': 0, 'DecayFruit': 4, 'EnemyFruit': 1} |
------------------------------------------
| rollout/                |              |
|    ep_len_mean          | 306          |
|    ep_rew_mean          | 30.2         |
| time/                   |              |
|    fps                  | 236          |
|    iterations           | 463          |
|    time_elapsed         | 4008         |
|    total_timesteps      | 948224       |
| train/                  |              |
|    approx_kl            | 0.0067904387 |
|    clip_fraction        | 0.0544       |
|    clip_range           | 0.2          |
|    entropy_loss         | -0.214       |
|    explained_variance   | 0.117        |
|    learning_rate        | 0.0003       |
|    loss                 | 5.51         |
|    n_updates            | 4620         |
|    policy_gradient_loss | -0.00371     |
|    value_loss           | 25.8         |
------------------------------------------
FruitCounts | {'Fruit': 0, 'DecayFruit': 0, 'EnemyFruit': 0} |
------------------------------------------
| rollout/                |              |
|    ep_len_mean          | 298          |
|    ep_rew_mean          | 31.4         |
| time/                   |              |
|    fps                  | 236          |
|    iterations           | 464          |
|    time_elapsed         | 4018         |
|    total_timesteps      | 950272       |
| train/                  |              |
|    approx_kl            | 0.0069378777 |
|    clip_fraction        | 0.0641       |
|    clip_range           | 0.2          |
|    entropy_loss         | -0.232       |
|    explained_variance   | 0.25         |
|    learning_rate        | 0.0003       |
|    loss                 | 5.44         |
|    n_updates            | 4630         |
|    policy_gradient_loss | -0.00253     |
|    value_loss           | 13.1         |
------------------------------------------
FruitCounts | {'Fruit': 1, 'DecayFruit': 1, 'EnemyFruit': 1} |
-----------------------------------------
| rollout/                |             |
|    ep_len_mean          | 285         |
|    ep_rew_mean          | 30          |
| time/                   |             |
|    fps                  | 236         |
|    iterations           | 465         |
|    time_elapsed         | 4027        |
|    total_timesteps      | 952320      |
| train/                  |             |
|    approx_kl            | 0.008747465 |
|    clip_fraction        | 0.0571      |
|    clip_range           | 0.2         |
|    entropy_loss         | -0.217      |
|    explained_variance   | 0.115       |
|    learning_rate        | 0.0003      |
|    loss                 | 11.3        |
|    n_updates            | 4640        |
|    policy_gradient_loss | -0.00249    |
|    value_loss           | 22.6        |
-----------------------------------------
FruitCounts | {'Fruit': 0, 'DecayFruit': 2, 'EnemyFruit': 0} |
-----------------------------------------
| rollout/                |             |
|    ep_len_mean          | 292         |
|    ep_rew_mean          | 31.4        |
| time/                   |             |
|    fps                  | 236         |
|    iterations           | 466         |
|    time_elapsed         | 4035        |
|    total_timesteps      | 954368      |
| train/                  |             |
|    approx_kl            | 0.004645128 |
|    clip_fraction        | 0.0431      |
|    clip_range           | 0.2         |
|    entropy_loss         | -0.209      |
|    explained_variance   | 0.162       |
|    learning_rate        | 0.0003      |
|    loss                 | 10.2        |
|    n_updates            | 4650        |
|    policy_gradient_loss | -0.000338   |
|    value_loss           | 29          |
-----------------------------------------
FruitCounts | {'Fruit': 0, 'DecayFruit': 3, 'EnemyFruit': 0} |
-----------------------------------------
| rollout/                |             |
|    ep_len_mean          | 298         |
|    ep_rew_mean          | 31.5        |
| time/                   |             |
|    fps                  | 236         |
|    iterations           | 467         |
|    time_elapsed         | 4044        |
|    total_timesteps      | 956416      |
| train/                  |             |
|    approx_kl            | 0.005292127 |
|    clip_fraction        | 0.0566      |
|    clip_range           | 0.2         |
|    entropy_loss         | -0.2        |
|    explained_variance   | 0.187       |
|    learning_rate        | 0.0003      |
|    loss                 | 8.93        |
|    n_updates            | 4660        |
|    policy_gradient_loss | -0.00158    |
|    value_loss           | 18.3        |
-----------------------------------------
FruitCounts | {'Fruit': 0, 'DecayFruit': 1, 'EnemyFruit': 0} |
-----------------------------------------
| rollout/                |             |
|    ep_len_mean          | 286         |
|    ep_rew_mean          | 32.8        |
| time/                   |             |
|    fps                  | 236         |
|    iterations           | 468         |
|    time_elapsed         | 4053        |
|    total_timesteps      | 958464      |
| train/                  |             |
|    approx_kl            | 0.007915492 |
|    clip_fraction        | 0.06        |
|    clip_range           | 0.2         |
|    entropy_loss         | -0.218      |
|    explained_variance   | 0.132       |
|    learning_rate        | 0.0003      |
|    loss                 | 3.69        |
|    n_updates            | 4670        |
|    policy_gradient_loss | -0.00185    |
|    value_loss           | 17.3        |
-----------------------------------------
FruitCounts | {'Fruit': 0, 'DecayFruit': 1, 'EnemyFruit': 0} |
-----------------------------------------
| rollout/                |             |
|    ep_len_mean          | 282         |
|    ep_rew_mean          | 32.7        |
| time/                   |             |
|    fps                  | 236         |
|    iterations           | 469         |
|    time_elapsed         | 4062        |
|    total_timesteps      | 960512      |
| train/                  |             |
|    approx_kl            | 0.006502651 |
|    clip_fraction        | 0.0506      |
|    clip_range           | 0.2         |
|    entropy_loss         | -0.221      |
|    explained_variance   | 0.129       |
|    learning_rate        | 0.0003      |
|    loss                 | 9.31        |
|    n_updates            | 4680        |
|    policy_gradient_loss | -0.00166    |
|    value_loss           | 21.1        |
-----------------------------------------
FruitCounts | {'Fruit': 0, 'DecayFruit': 3, 'EnemyFruit': 0} |
------------------------------------------
| rollout/                |              |
|    ep_len_mean          | 270          |
|    ep_rew_mean          | 31.1         |
| time/                   |              |
|    fps                  | 236          |
|    iterations           | 470          |
|    time_elapsed         | 4072         |
|    total_timesteps      | 962560       |
| train/                  |              |
|    approx_kl            | 0.0056739263 |
|    clip_fraction        | 0.0575       |
|    clip_range           | 0.2          |
|    entropy_loss         | -0.227       |
|    explained_variance   | 0.201        |
|    learning_rate        | 0.0003       |
|    loss                 | 5.71         |
|    n_updates            | 4690         |
|    policy_gradient_loss | -0.00172     |
|    value_loss           | 19.7         |
------------------------------------------
FruitCounts | {'Fruit': 0, 'DecayFruit': 3, 'EnemyFruit': 0} |
----------------------------------------
| rollout/                |            |
|    ep_len_mean          | 263        |
|    ep_rew_mean          | 30         |
| time/                   |            |
|    fps                  | 236        |
|    iterations           | 471        |
|    time_elapsed         | 4081       |
|    total_timesteps      | 964608     |
| train/                  |            |
|    approx_kl            | 0.00794947 |
|    clip_fraction        | 0.062      |
|    clip_range           | 0.2        |
|    entropy_loss         | -0.248     |
|    explained_variance   | 0.0255     |
|    learning_rate        | 0.0003     |
|    loss                 | 12.7       |
|    n_updates            | 4700       |
|    policy_gradient_loss | -0.00243   |
|    value_loss           | 22.9       |
----------------------------------------
FruitCounts | {'Fruit': 1, 'DecayFruit': 2, 'EnemyFruit': 0} |
-----------------------------------------
| rollout/                |             |
|    ep_len_mean          | 269         |
|    ep_rew_mean          | 30.9        |
| time/                   |             |
|    fps                  | 236         |
|    iterations           | 472         |
|    time_elapsed         | 4089        |
|    total_timesteps      | 966656      |
| train/                  |             |
|    approx_kl            | 0.009098839 |
|    clip_fraction        | 0.0786      |
|    clip_range           | 0.2         |
|    entropy_loss         | -0.221      |
|    explained_variance   | 0.156       |
|    learning_rate        | 0.0003      |
|    loss                 | 13.5        |
|    n_updates            | 4710        |
|    policy_gradient_loss | -0.00701    |
|    value_loss           | 25.4        |
-----------------------------------------
FruitCounts | {'Fruit': 0, 'DecayFruit': 1, 'EnemyFruit': 0} |
-----------------------------------------
| rollout/                |             |
|    ep_len_mean          | 277         |
|    ep_rew_mean          | 31.5        |
| time/                   |             |
|    fps                  | 236         |
|    iterations           | 473         |
|    time_elapsed         | 4098        |
|    total_timesteps      | 968704      |
| train/                  |             |
|    approx_kl            | 0.008644952 |
|    clip_fraction        | 0.0837      |
|    clip_range           | 0.2         |
|    entropy_loss         | -0.227      |
|    explained_variance   | 0.198       |
|    learning_rate        | 0.0003      |
|    loss                 | 4.22        |
|    n_updates            | 4720        |
|    policy_gradient_loss | -0.00172    |
|    value_loss           | 12.3        |
-----------------------------------------
FruitCounts | {'Fruit': 1, 'DecayFruit': 3, 'EnemyFruit': 1} |
------------------------------------------
| rollout/                |              |
|    ep_len_mean          | 283          |
|    ep_rew_mean          | 32.6         |
| time/                   |              |
|    fps                  | 236          |
|    iterations           | 474          |
|    time_elapsed         | 4107         |
|    total_timesteps      | 970752       |
| train/                  |              |
|    approx_kl            | 0.0062066354 |
|    clip_fraction        | 0.0628       |
|    clip_range           | 0.2          |
|    entropy_loss         | -0.22        |
|    explained_variance   | 0.258        |
|    learning_rate        | 0.0003       |
|    loss                 | 9.98         |
|    n_updates            | 4730         |
|    policy_gradient_loss | -0.00374     |
|    value_loss           | 15.8         |
------------------------------------------
FruitCounts | {'Fruit': 1, 'DecayFruit': 1, 'EnemyFruit': 0} |
-----------------------------------------
| rollout/                |             |
|    ep_len_mean          | 269         |
|    ep_rew_mean          | 30.6        |
| time/                   |             |
|    fps                  | 236         |
|    iterations           | 475         |
|    time_elapsed         | 4116        |
|    total_timesteps      | 972800      |
| train/                  |             |
|    approx_kl            | 0.007434991 |
|    clip_fraction        | 0.0609      |
|    clip_range           | 0.2         |
|    entropy_loss         | -0.21       |
|    explained_variance   | 0.23        |
|    learning_rate        | 0.0003      |
|    loss                 | 5.46        |
|    n_updates            | 4740        |
|    policy_gradient_loss | -0.00414    |
|    value_loss           | 18.7        |
-----------------------------------------
FruitCounts | {'Fruit': 1, 'DecayFruit': 6, 'EnemyFruit': 2} |
-----------------------------------------
| rollout/                |             |
|    ep_len_mean          | 276         |
|    ep_rew_mean          | 31.3        |
| time/                   |             |
|    fps                  | 236         |
|    iterations           | 476         |
|    time_elapsed         | 4125        |
|    total_timesteps      | 974848      |
| train/                  |             |
|    approx_kl            | 0.010330709 |
|    clip_fraction        | 0.0623      |
|    clip_range           | 0.2         |
|    entropy_loss         | -0.202      |
|    explained_variance   | 0.0749      |
|    learning_rate        | 0.0003      |
|    loss                 | 10.1        |
|    n_updates            | 4750        |
|    policy_gradient_loss | -0.00129    |
|    value_loss           | 19.3        |
-----------------------------------------
FruitCounts | {'Fruit': 0, 'DecayFruit': 0, 'EnemyFruit': 0} |
-----------------------------------------
| rollout/                |             |
|    ep_len_mean          | 279         |
|    ep_rew_mean          | 33.2        |
| time/                   |             |
|    fps                  | 236         |
|    iterations           | 477         |
|    time_elapsed         | 4134        |
|    total_timesteps      | 976896      |
| train/                  |             |
|    approx_kl            | 0.010457767 |
|    clip_fraction        | 0.0664      |
|    clip_range           | 0.2         |
|    entropy_loss         | -0.214      |
|    explained_variance   | 0.201       |
|    learning_rate        | 0.0003      |
|    loss                 | 3.07        |
|    n_updates            | 4760        |
|    policy_gradient_loss | -0.00279    |
|    value_loss           | 15.3        |
-----------------------------------------
FruitCounts | {'Fruit': 0, 'DecayFruit': 1, 'EnemyFruit': 0} |
------------------------------------------
| rollout/                |              |
|    ep_len_mean          | 292          |
|    ep_rew_mean          | 35.6         |
| time/                   |              |
|    fps                  | 236          |
|    iterations           | 478          |
|    time_elapsed         | 4142         |
|    total_timesteps      | 978944       |
| train/                  |              |
|    approx_kl            | 0.0065506184 |
|    clip_fraction        | 0.0622       |
|    clip_range           | 0.2          |
|    entropy_loss         | -0.234       |
|    explained_variance   | 0.0996       |
|    learning_rate        | 0.0003       |
|    loss                 | 6.38         |
|    n_updates            | 4770         |
|    policy_gradient_loss | -0.00107     |
|    value_loss           | 25.3         |
------------------------------------------
FruitCounts | {'Fruit': 0, 'DecayFruit': 2, 'EnemyFruit': 0} |
-----------------------------------------
| rollout/                |             |
|    ep_len_mean          | 294         |
|    ep_rew_mean          | 36.3        |
| time/                   |             |
|    fps                  | 236         |
|    iterations           | 479         |
|    time_elapsed         | 4151        |
|    total_timesteps      | 980992      |
| train/                  |             |
|    approx_kl            | 0.009498175 |
|    clip_fraction        | 0.0686      |
|    clip_range           | 0.2         |
|    entropy_loss         | -0.247      |
|    explained_variance   | 0.252       |
|    learning_rate        | 0.0003      |
|    loss                 | 8.72        |
|    n_updates            | 4780        |
|    policy_gradient_loss | -0.000772   |
|    value_loss           | 25.1        |
-----------------------------------------
FruitCounts | {'Fruit': 0, 'DecayFruit': 3, 'EnemyFruit': 2} |
-----------------------------------------
| rollout/                |             |
|    ep_len_mean          | 300         |
|    ep_rew_mean          | 37.7        |
| time/                   |             |
|    fps                  | 236         |
|    iterations           | 480         |
|    time_elapsed         | 4160        |
|    total_timesteps      | 983040      |
| train/                  |             |
|    approx_kl            | 0.017036948 |
|    clip_fraction        | 0.0577      |
|    clip_range           | 0.2         |
|    entropy_loss         | -0.22       |
|    explained_variance   | 0.126       |
|    learning_rate        | 0.0003      |
|    loss                 | 10.3        |
|    n_updates            | 4790        |
|    policy_gradient_loss | 0.000581    |
|    value_loss           | 17.4        |
-----------------------------------------
FruitCounts | {'Fruit': 0, 'DecayFruit': 1, 'EnemyFruit': 2} |
------------------------------------------
| rollout/                |              |
|    ep_len_mean          | 289          |
|    ep_rew_mean          | 36.6         |
| time/                   |              |
|    fps                  | 236          |
|    iterations           | 481          |
|    time_elapsed         | 4168         |
|    total_timesteps      | 985088       |
| train/                  |              |
|    approx_kl            | 0.0074434914 |
|    clip_fraction        | 0.0634       |
|    clip_range           | 0.2          |
|    entropy_loss         | -0.216       |
|    explained_variance   | 0.285        |
|    learning_rate        | 0.0003       |
|    loss                 | 3.12         |
|    n_updates            | 4800         |
|    policy_gradient_loss | -0.00221     |
|    value_loss           | 17.3         |
------------------------------------------
FruitCounts | {'Fruit': 0, 'DecayFruit': 1, 'EnemyFruit': 0} |
------------------------------------------
| rollout/                |              |
|    ep_len_mean          | 300          |
|    ep_rew_mean          | 38           |
| time/                   |              |
|    fps                  | 236          |
|    iterations           | 482          |
|    time_elapsed         | 4177         |
|    total_timesteps      | 987136       |
| train/                  |              |
|    approx_kl            | 0.0069354614 |
|    clip_fraction        | 0.0614       |
|    clip_range           | 0.2          |
|    entropy_loss         | -0.237       |
|    explained_variance   | -0.121       |
|    learning_rate        | 0.0003       |
|    loss                 | 17.9         |
|    n_updates            | 4810         |
|    policy_gradient_loss | -0.00206     |
|    value_loss           | 23.9         |
------------------------------------------
FruitCounts | {'Fruit': 0, 'DecayFruit': 1, 'EnemyFruit': 1} |
-----------------------------------------
| rollout/                |             |
|    ep_len_mean          | 298         |
|    ep_rew_mean          | 37          |
| time/                   |             |
|    fps                  | 236         |
|    iterations           | 483         |
|    time_elapsed         | 4186        |
|    total_timesteps      | 989184      |
| train/                  |             |
|    approx_kl            | 0.006462976 |
|    clip_fraction        | 0.065       |
|    clip_range           | 0.2         |
|    entropy_loss         | -0.223      |
|    explained_variance   | 0.184       |
|    learning_rate        | 0.0003      |
|    loss                 | 8.39        |
|    n_updates            | 4820        |
|    policy_gradient_loss | -0.00195    |
|    value_loss           | 18.6        |
-----------------------------------------
FruitCounts | {'Fruit': 0, 'DecayFruit': 1, 'EnemyFruit': 0} |
------------------------------------------
| rollout/                |              |
|    ep_len_mean          | 297          |
|    ep_rew_mean          | 36.1         |
| time/                   |              |
|    fps                  | 236          |
|    iterations           | 484          |
|    time_elapsed         | 4196         |
|    total_timesteps      | 991232       |
| train/                  |              |
|    approx_kl            | 0.0063432036 |
|    clip_fraction        | 0.0633       |
|    clip_range           | 0.2          |
|    entropy_loss         | -0.247       |
|    explained_variance   | 0.046        |
|    learning_rate        | 0.0003       |
|    loss                 | 11.2         |
|    n_updates            | 4830         |
|    policy_gradient_loss | -0.00287     |
|    value_loss           | 27.5         |
------------------------------------------
FruitCounts | {'Fruit': 0, 'DecayFruit': 0, 'EnemyFruit': 0} |
-----------------------------------------
| rollout/                |             |
|    ep_len_mean          | 290         |
|    ep_rew_mean          | 34.7        |
| time/                   |             |
|    fps                  | 236         |
|    iterations           | 485         |
|    time_elapsed         | 4205        |
|    total_timesteps      | 993280      |
| train/                  |             |
|    approx_kl            | 0.008239313 |
|    clip_fraction        | 0.0777      |
|    clip_range           | 0.2         |
|    entropy_loss         | -0.233      |
|    explained_variance   | 0.156       |
|    learning_rate        | 0.0003      |
|    loss                 | 4.96        |
|    n_updates            | 4840        |
|    policy_gradient_loss | -0.000569   |
|    value_loss           | 16.8        |
-----------------------------------------
FruitCounts | {'Fruit': 0, 'DecayFruit': 0, 'EnemyFruit': 0} |
-----------------------------------------
| rollout/                |             |
|    ep_len_mean          | 274         |
|    ep_rew_mean          | 33.6        |
| time/                   |             |
|    fps                  | 236         |
|    iterations           | 486         |
|    time_elapsed         | 4215        |
|    total_timesteps      | 995328      |
| train/                  |             |
|    approx_kl            | 0.009556094 |
|    clip_fraction        | 0.0759      |
|    clip_range           | 0.2         |
|    entropy_loss         | -0.222      |
|    explained_variance   | 0.0647      |
|    learning_rate        | 0.0003      |
|    loss                 | 7.45        |
|    n_updates            | 4850        |
|    policy_gradient_loss | -0.0036     |
|    value_loss           | 21.7        |
-----------------------------------------
FruitCounts | {'Fruit': 0, 'DecayFruit': 1, 'EnemyFruit': 1} |
-----------------------------------------
| rollout/                |             |
|    ep_len_mean          | 273         |
|    ep_rew_mean          | 33.3        |
| time/                   |             |
|    fps                  | 236         |
|    iterations           | 487         |
|    time_elapsed         | 4223        |
|    total_timesteps      | 997376      |
| train/                  |             |
|    approx_kl            | 0.009566294 |
|    clip_fraction        | 0.067       |
|    clip_range           | 0.2         |
|    entropy_loss         | -0.248      |
|    explained_variance   | 0.113       |
|    learning_rate        | 0.0003      |
|    loss                 | 7.9         |
|    n_updates            | 4860        |
|    policy_gradient_loss | -0.00347    |
|    value_loss           | 19          |
-----------------------------------------
FruitCounts | {'Fruit': 0, 'DecayFruit': 5, 'EnemyFruit': 2} |
-----------------------------------------
| rollout/                |             |
|    ep_len_mean          | 274         |
|    ep_rew_mean          | 33.7        |
| time/                   |             |
|    fps                  | 236         |
|    iterations           | 488         |
|    time_elapsed         | 4232        |
|    total_timesteps      | 999424      |
| train/                  |             |
|    approx_kl            | 0.008809765 |
|    clip_fraction        | 0.0542      |
|    clip_range           | 0.2         |
|    entropy_loss         | -0.208      |
|    explained_variance   | 0.193       |
|    learning_rate        | 0.0003      |
|    loss                 | 6.25        |
|    n_updates            | 4870        |
|    policy_gradient_loss | -0.00208    |
|    value_loss           | 18.1        |
-----------------------------------------
FruitCounts | {'Fruit': 2, 'DecayFruit': 5, 'EnemyFruit': 3} |
------------------------------------------
| rollout/                |              |
|    ep_len_mean          | 271          |
|    ep_rew_mean          | 33.7         |
| time/                   |              |
|    fps                  | 236          |
|    iterations           | 489          |
|    time_elapsed         | 4241         |
|    total_timesteps      | 1001472      |
| train/                  |              |
|    approx_kl            | 0.0073814387 |
|    clip_fraction        | 0.0685       |
|    clip_range           | 0.2          |
|    entropy_loss         | -0.236       |
|    explained_variance   | 0.215        |
|    learning_rate        | 0.0003       |
|    loss                 | 7.05         |
|    n_updates            | 4880         |
|    policy_gradient_loss | -0.00434     |
|    value_loss           | 17.5         |
------------------------------------------
Average Reward: 9.77
Average Episode Length: 367.0
