/data/class/cs175/sdzhigne/.conda/envs/rl/lib/python3.11/site-packages/pygame/pkgdata.py:25: UserWarning: pkg_resources is deprecated as an API. See https://setuptools.pypa.io/en/latest/pkg_resources.html. The pkg_resources package is slated for removal as early as 2025-11-30. Refrain from using this package or pin to Setuptools<81.
  from pkg_resources import resource_stream, resource_exists
2026-03-08 18:04:08.342164: I tensorflow/core/platform/cpu_feature_guard.cc:210] This TensorFlow binary is optimized to use available CPU instructions in performance-critical operations.
To enable the following instructions: AVX2 AVX512F FMA, in other operations, rebuild TensorFlow with the appropriate compiler flags.
Failed to create secure directory (/run/user/2173138/pulse): No such file or directory
No checkpoints found. Starting fresh training.
Using cuda device
Wrapping the env with a `Monitor` wrapper
Wrapping the env in a DummyVecEnv.
FruitCounts | {'Fruit': 0, 'DecayFruit': 0, 'EnemyFruit': 0} |
---------------------------------
| rollout/           |          |
|    ep_len_mean     | 21.8     |
|    ep_rew_mean     | -11.4    |
| time/              |          |
|    fps             | 59       |
|    iterations      | 1        |
|    time_elapsed    | 34       |
|    total_timesteps | 2048     |
---------------------------------
FruitCounts | {'Fruit': 0, 'DecayFruit': 0, 'EnemyFruit': 0} |
-----------------------------------------
| rollout/                |             |
|    ep_len_mean          | 22.2        |
|    ep_rew_mean          | -11         |
| time/                   |             |
|    fps                  | 61          |
|    iterations           | 2           |
|    time_elapsed         | 66          |
|    total_timesteps      | 4096        |
| train/                  |             |
|    approx_kl            | 0.007756681 |
|    clip_fraction        | 0.065       |
|    clip_range           | 0.2         |
|    entropy_loss         | -1.38       |
|    explained_variance   | -0.00289    |
|    learning_rate        | 0.0003      |
|    loss                 | 10.4        |
|    n_updates            | 10          |
|    policy_gradient_loss | -0.00756    |
|    value_loss           | 24.4        |
-----------------------------------------
FruitCounts | {'Fruit': 0, 'DecayFruit': 0, 'EnemyFruit': 0} |
-----------------------------------------
| rollout/                |             |
|    ep_len_mean          | 25.5        |
|    ep_rew_mean          | -11.6       |
| time/                   |             |
|    fps                  | 63          |
|    iterations           | 3           |
|    time_elapsed         | 96          |
|    total_timesteps      | 6144        |
| train/                  |             |
|    approx_kl            | 0.009838778 |
|    clip_fraction        | 0.069       |
|    clip_range           | 0.2         |
|    entropy_loss         | -1.37       |
|    explained_variance   | 0.0275      |
|    learning_rate        | 0.0003      |
|    loss                 | 4.63        |
|    n_updates            | 20          |
|    policy_gradient_loss | -0.0127     |
|    value_loss           | 12          |
-----------------------------------------
FruitCounts | {'Fruit': 0, 'DecayFruit': 0, 'EnemyFruit': 0} |
-----------------------------------------
| rollout/                |             |
|    ep_len_mean          | 23.7        |
|    ep_rew_mean          | -11.1       |
| time/                   |             |
|    fps                  | 64          |
|    iterations           | 4           |
|    time_elapsed         | 127         |
|    total_timesteps      | 8192        |
| train/                  |             |
|    approx_kl            | 0.010088578 |
|    clip_fraction        | 0.0812      |
|    clip_range           | 0.2         |
|    entropy_loss         | -1.36       |
|    explained_variance   | -0.0795     |
|    learning_rate        | 0.0003      |
|    loss                 | 2.1         |
|    n_updates            | 30          |
|    policy_gradient_loss | -0.0141     |
|    value_loss           | 5.43        |
-----------------------------------------
FruitCounts | {'Fruit': 0, 'DecayFruit': 0, 'EnemyFruit': 0} |
-----------------------------------------
| rollout/                |             |
|    ep_len_mean          | 31.1        |
|    ep_rew_mean          | -10.1       |
| time/                   |             |
|    fps                  | 68          |
|    iterations           | 5           |
|    time_elapsed         | 150         |
|    total_timesteps      | 10240       |
| train/                  |             |
|    approx_kl            | 0.013731029 |
|    clip_fraction        | 0.101       |
|    clip_range           | 0.2         |
|    entropy_loss         | -1.34       |
|    explained_variance   | -0.0297     |
|    learning_rate        | 0.0003      |
|    loss                 | 1.81        |
|    n_updates            | 40          |
|    policy_gradient_loss | -0.0181     |
|    value_loss           | 4.45        |
-----------------------------------------
FruitCounts | {'Fruit': 0, 'DecayFruit': 0, 'EnemyFruit': 0} |
-----------------------------------------
| rollout/                |             |
|    ep_len_mean          | 30.7        |
|    ep_rew_mean          | -8.47       |
| time/                   |             |
|    fps                  | 69          |
|    iterations           | 6           |
|    time_elapsed         | 177         |
|    total_timesteps      | 12288       |
| train/                  |             |
|    approx_kl            | 0.010268921 |
|    clip_fraction        | 0.107       |
|    clip_range           | 0.2         |
|    entropy_loss         | -1.33       |
|    explained_variance   | -0.0498     |
|    learning_rate        | 0.0003      |
|    loss                 | 1.34        |
|    n_updates            | 50          |
|    policy_gradient_loss | -0.00769    |
|    value_loss           | 9.8         |
-----------------------------------------
FruitCounts | {'Fruit': 0, 'DecayFruit': 1, 'EnemyFruit': 0} |
-----------------------------------------
| rollout/                |             |
|    ep_len_mean          | 34.2        |
|    ep_rew_mean          | -8.18       |
| time/                   |             |
|    fps                  | 70          |
|    iterations           | 7           |
|    time_elapsed         | 202         |
|    total_timesteps      | 14336       |
| train/                  |             |
|    approx_kl            | 0.007613626 |
|    clip_fraction        | 0.0528      |
|    clip_range           | 0.2         |
|    entropy_loss         | -1.31       |
|    explained_variance   | 0.00199     |
|    learning_rate        | 0.0003      |
|    loss                 | 4.57        |
|    n_updates            | 60          |
|    policy_gradient_loss | -0.00825    |
|    value_loss           | 8.47        |
-----------------------------------------
FruitCounts | {'Fruit': 1, 'DecayFruit': 0, 'EnemyFruit': 3} |
-----------------------------------------
| rollout/                |             |
|    ep_len_mean          | 42.3        |
|    ep_rew_mean          | -7.77       |
| time/                   |             |
|    fps                  | 74          |
|    iterations           | 8           |
|    time_elapsed         | 219         |
|    total_timesteps      | 16384       |
| train/                  |             |
|    approx_kl            | 0.012778685 |
|    clip_fraction        | 0.135       |
|    clip_range           | 0.2         |
|    entropy_loss         | -1.3        |
|    explained_variance   | 0.0538      |
|    learning_rate        | 0.0003      |
|    loss                 | 2.71        |
|    n_updates            | 70          |
|    policy_gradient_loss | -0.00916    |
|    value_loss           | 9.82        |
-----------------------------------------
FruitCounts | {'Fruit': 0, 'DecayFruit': 0, 'EnemyFruit': 0} |
-----------------------------------------
| rollout/                |             |
|    ep_len_mean          | 58.3        |
|    ep_rew_mean          | -7.56       |
| time/                   |             |
|    fps                  | 78          |
|    iterations           | 9           |
|    time_elapsed         | 236         |
|    total_timesteps      | 18432       |
| train/                  |             |
|    approx_kl            | 0.010075828 |
|    clip_fraction        | 0.112       |
|    clip_range           | 0.2         |
|    entropy_loss         | -1.27       |
|    explained_variance   | 0.00441     |
|    learning_rate        | 0.0003      |
|    loss                 | 1.62        |
|    n_updates            | 80          |
|    policy_gradient_loss | -0.0101     |
|    value_loss           | 6.03        |
-----------------------------------------
FruitCounts | {'Fruit': 0, 'DecayFruit': 0, 'EnemyFruit': 0} |
-----------------------------------------
| rollout/                |             |
|    ep_len_mean          | 71.3        |
|    ep_rew_mean          | -7.3        |
| time/                   |             |
|    fps                  | 80          |
|    iterations           | 10          |
|    time_elapsed         | 253         |
|    total_timesteps      | 20480       |
| train/                  |             |
|    approx_kl            | 0.013904751 |
|    clip_fraction        | 0.0981      |
|    clip_range           | 0.2         |
|    entropy_loss         | -1.27       |
|    explained_variance   | -0.0803     |
|    learning_rate        | 0.0003      |
|    loss                 | 1.85        |
|    n_updates            | 90          |
|    policy_gradient_loss | -0.0049     |
|    value_loss           | 4.17        |
-----------------------------------------
FruitCounts | {'Fruit': 0, 'DecayFruit': 0, 'EnemyFruit': 0} |
-----------------------------------------
| rollout/                |             |
|    ep_len_mean          | 80.7        |
|    ep_rew_mean          | -7.67       |
| time/                   |             |
|    fps                  | 83          |
|    iterations           | 11          |
|    time_elapsed         | 269         |
|    total_timesteps      | 22528       |
| train/                  |             |
|    approx_kl            | 0.010723889 |
|    clip_fraction        | 0.108       |
|    clip_range           | 0.2         |
|    entropy_loss         | -1.24       |
|    explained_variance   | 0.0415      |
|    learning_rate        | 0.0003      |
|    loss                 | 8.32        |
|    n_updates            | 100         |
|    policy_gradient_loss | -0.00775    |
|    value_loss           | 6.78        |
-----------------------------------------
FruitCounts | {'Fruit': 0, 'DecayFruit': 0, 'EnemyFruit': 2} |
-----------------------------------------
| rollout/                |             |
|    ep_len_mean          | 92          |
|    ep_rew_mean          | -7.54       |
| time/                   |             |
|    fps                  | 87          |
|    iterations           | 12          |
|    time_elapsed         | 281         |
|    total_timesteps      | 24576       |
| train/                  |             |
|    approx_kl            | 0.009686013 |
|    clip_fraction        | 0.0868      |
|    clip_range           | 0.2         |
|    entropy_loss         | -1.21       |
|    explained_variance   | -0.0451     |
|    learning_rate        | 0.0003      |
|    loss                 | 1.02        |
|    n_updates            | 110         |
|    policy_gradient_loss | -0.00727    |
|    value_loss           | 8.53        |
-----------------------------------------
FruitCounts | {'Fruit': 0, 'DecayFruit': 0, 'EnemyFruit': 2} |
-----------------------------------------
| rollout/                |             |
|    ep_len_mean          | 99.6        |
|    ep_rew_mean          | -7.17       |
| time/                   |             |
|    fps                  | 90          |
|    iterations           | 13          |
|    time_elapsed         | 294         |
|    total_timesteps      | 26624       |
| train/                  |             |
|    approx_kl            | 0.007555956 |
|    clip_fraction        | 0.0609      |
|    clip_range           | 0.2         |
|    entropy_loss         | -1.21       |
|    explained_variance   | -0.0568     |
|    learning_rate        | 0.0003      |
|    loss                 | 0.733       |
|    n_updates            | 120         |
|    policy_gradient_loss | -0.00511    |
|    value_loss           | 2.92        |
-----------------------------------------
FruitCounts | {'Fruit': 0, 'DecayFruit': 0, 'EnemyFruit': 0} |
-----------------------------------------
| rollout/                |             |
|    ep_len_mean          | 104         |
|    ep_rew_mean          | -7.6        |
| time/                   |             |
|    fps                  | 92          |
|    iterations           | 14          |
|    time_elapsed         | 311         |
|    total_timesteps      | 28672       |
| train/                  |             |
|    approx_kl            | 0.009293912 |
|    clip_fraction        | 0.126       |
|    clip_range           | 0.2         |
|    entropy_loss         | -1.19       |
|    explained_variance   | -0.0296     |
|    learning_rate        | 0.0003      |
|    loss                 | 0.454       |
|    n_updates            | 130         |
|    policy_gradient_loss | -0.0109     |
|    value_loss           | 1.72        |
-----------------------------------------
FruitCounts | {'Fruit': 0, 'DecayFruit': 1, 'EnemyFruit': 0} |
----------------------------------------
| rollout/                |            |
|    ep_len_mean          | 103        |
|    ep_rew_mean          | -7.73      |
| time/                   |            |
|    fps                  | 93         |
|    iterations           | 15         |
|    time_elapsed         | 329        |
|    total_timesteps      | 30720      |
| train/                  |            |
|    approx_kl            | 0.00850594 |
|    clip_fraction        | 0.0815     |
|    clip_range           | 0.2        |
|    entropy_loss         | -1.14      |
|    explained_variance   | 0.0535     |
|    learning_rate        | 0.0003     |
|    loss                 | 1.06       |
|    n_updates            | 140        |
|    policy_gradient_loss | -0.00814   |
|    value_loss           | 5.32       |
----------------------------------------
FruitCounts | {'Fruit': 0, 'DecayFruit': 0, 'EnemyFruit': 0} |
----------------------------------------
| rollout/                |            |
|    ep_len_mean          | 111        |
|    ep_rew_mean          | -6.86      |
| time/                   |            |
|    fps                  | 95         |
|    iterations           | 16         |
|    time_elapsed         | 343        |
|    total_timesteps      | 32768      |
| train/                  |            |
|    approx_kl            | 0.00819468 |
|    clip_fraction        | 0.0584     |
|    clip_range           | 0.2        |
|    entropy_loss         | -1.12      |
|    explained_variance   | 0.0333     |
|    learning_rate        | 0.0003     |
|    loss                 | 5.9        |
|    n_updates            | 150        |
|    policy_gradient_loss | -0.00665   |
|    value_loss           | 12.1       |
----------------------------------------
FruitCounts | {'Fruit': 0, 'DecayFruit': 0, 'EnemyFruit': 1} |
------------------------------------------
| rollout/                |              |
|    ep_len_mean          | 122          |
|    ep_rew_mean          | -6.36        |
| time/                   |              |
|    fps                  | 97           |
|    iterations           | 17           |
|    time_elapsed         | 356          |
|    total_timesteps      | 34816        |
| train/                  |              |
|    approx_kl            | 0.0077260896 |
|    clip_fraction        | 0.0512       |
|    clip_range           | 0.2          |
|    entropy_loss         | -1.09        |
|    explained_variance   | -0.0378      |
|    learning_rate        | 0.0003       |
|    loss                 | 7.53         |
|    n_updates            | 160          |
|    policy_gradient_loss | -0.0052      |
|    value_loss           | 14.3         |
------------------------------------------
FruitCounts | {'Fruit': 0, 'DecayFruit': 1, 'EnemyFruit': 3} |
-----------------------------------------
| rollout/                |             |
|    ep_len_mean          | 111         |
|    ep_rew_mean          | -6.19       |
| time/                   |             |
|    fps                  | 99          |
|    iterations           | 18          |
|    time_elapsed         | 369         |
|    total_timesteps      | 36864       |
| train/                  |             |
|    approx_kl            | 0.009644486 |
|    clip_fraction        | 0.129       |
|    clip_range           | 0.2         |
|    entropy_loss         | -1.08       |
|    explained_variance   | -0.0457     |
|    learning_rate        | 0.0003      |
|    loss                 | 2.42        |
|    n_updates            | 170         |
|    policy_gradient_loss | -0.00614    |
|    value_loss           | 10.4        |
-----------------------------------------
FruitCounts | {'Fruit': 0, 'DecayFruit': 0, 'EnemyFruit': 0} |
------------------------------------------
| rollout/                |              |
|    ep_len_mean          | 111          |
|    ep_rew_mean          | -5.84        |
| time/                   |              |
|    fps                  | 101          |
|    iterations           | 19           |
|    time_elapsed         | 384          |
|    total_timesteps      | 38912        |
| train/                  |              |
|    approx_kl            | 0.0108063985 |
|    clip_fraction        | 0.112        |
|    clip_range           | 0.2          |
|    entropy_loss         | -1.04        |
|    explained_variance   | -0.0493      |
|    learning_rate        | 0.0003       |
|    loss                 | 1.83         |
|    n_updates            | 180          |
|    policy_gradient_loss | -0.00791     |
|    value_loss           | 11.3         |
------------------------------------------
FruitCounts | {'Fruit': 0, 'DecayFruit': 0, 'EnemyFruit': 1} |
----------------------------------------
| rollout/                |            |
|    ep_len_mean          | 125        |
|    ep_rew_mean          | -5.86      |
| time/                   |            |
|    fps                  | 103        |
|    iterations           | 20         |
|    time_elapsed         | 397        |
|    total_timesteps      | 40960      |
| train/                  |            |
|    approx_kl            | 0.00886758 |
|    clip_fraction        | 0.0838     |
|    clip_range           | 0.2        |
|    entropy_loss         | -1.02      |
|    explained_variance   | 0.013      |
|    learning_rate        | 0.0003     |
|    loss                 | 2.13       |
|    n_updates            | 190        |
|    policy_gradient_loss | -0.00578   |
|    value_loss           | 4.4        |
----------------------------------------
FruitCounts | {'Fruit': 0, 'DecayFruit': 1, 'EnemyFruit': 2} |
-----------------------------------------
| rollout/                |             |
|    ep_len_mean          | 137         |
|    ep_rew_mean          | -6.14       |
| time/                   |             |
|    fps                  | 104         |
|    iterations           | 21          |
|    time_elapsed         | 410         |
|    total_timesteps      | 43008       |
| train/                  |             |
|    approx_kl            | 0.010268964 |
|    clip_fraction        | 0.135       |
|    clip_range           | 0.2         |
|    entropy_loss         | -1.03       |
|    explained_variance   | 0.0789      |
|    learning_rate        | 0.0003      |
|    loss                 | 2.02        |
|    n_updates            | 200         |
|    policy_gradient_loss | -0.00986    |
|    value_loss           | 2.6         |
-----------------------------------------
FruitCounts | {'Fruit': 3, 'DecayFruit': 0, 'EnemyFruit': 2} |
-----------------------------------------
| rollout/                |             |
|    ep_len_mean          | 151         |
|    ep_rew_mean          | -6.59       |
| time/                   |             |
|    fps                  | 106         |
|    iterations           | 22          |
|    time_elapsed         | 421         |
|    total_timesteps      | 45056       |
| train/                  |             |
|    approx_kl            | 0.008130653 |
|    clip_fraction        | 0.0904      |
|    clip_range           | 0.2         |
|    entropy_loss         | -1.02       |
|    explained_variance   | 0.00543     |
|    learning_rate        | 0.0003      |
|    loss                 | 0.533       |
|    n_updates            | 210         |
|    policy_gradient_loss | -0.007      |
|    value_loss           | 6.92        |
-----------------------------------------
FruitCounts | {'Fruit': 0, 'DecayFruit': 0, 'EnemyFruit': 3} |
----------------------------------------
| rollout/                |            |
|    ep_len_mean          | 161        |
|    ep_rew_mean          | -6.4       |
| time/                   |            |
|    fps                  | 108        |
|    iterations           | 23         |
|    time_elapsed         | 432        |
|    total_timesteps      | 47104      |
| train/                  |            |
|    approx_kl            | 0.00709614 |
|    clip_fraction        | 0.104      |
|    clip_range           | 0.2        |
|    entropy_loss         | -0.994     |
|    explained_variance   | 0.0309     |
|    learning_rate        | 0.0003     |
|    loss                 | 3.01       |
|    n_updates            | 220        |
|    policy_gradient_loss | -0.0105    |
|    value_loss           | 8.6        |
----------------------------------------
FruitCounts | {'Fruit': 0, 'DecayFruit': 0, 'EnemyFruit': 3} |
------------------------------------------
| rollout/                |              |
|    ep_len_mean          | 161          |
|    ep_rew_mean          | -6.4         |
| time/                   |              |
|    fps                  | 111          |
|    iterations           | 24           |
|    time_elapsed         | 441          |
|    total_timesteps      | 49152        |
| train/                  |              |
|    approx_kl            | 0.0102248825 |
|    clip_fraction        | 0.0875       |
|    clip_range           | 0.2          |
|    entropy_loss         | -0.981       |
|    explained_variance   | 0.0133       |
|    learning_rate        | 0.0003       |
|    loss                 | 1.1          |
|    n_updates            | 230          |
|    policy_gradient_loss | -0.00495     |
|    value_loss           | 3.22         |
------------------------------------------
FruitCounts | {'Fruit': 0, 'DecayFruit': 0, 'EnemyFruit': 0} |
-----------------------------------------
| rollout/                |             |
|    ep_len_mean          | 207         |
|    ep_rew_mean          | -6.23       |
| time/                   |             |
|    fps                  | 112         |
|    iterations           | 25          |
|    time_elapsed         | 455         |
|    total_timesteps      | 51200       |
| train/                  |             |
|    approx_kl            | 0.010359263 |
|    clip_fraction        | 0.127       |
|    clip_range           | 0.2         |
|    entropy_loss         | -0.952      |
|    explained_variance   | -0.71       |
|    learning_rate        | 0.0003      |
|    loss                 | 0.0231      |
|    n_updates            | 240         |
|    policy_gradient_loss | -0.00584    |
|    value_loss           | 0.0295      |
-----------------------------------------
FruitCounts | {'Fruit': 0, 'DecayFruit': 0, 'EnemyFruit': 0} |
------------------------------------------
| rollout/                |              |
|    ep_len_mean          | 209          |
|    ep_rew_mean          | -7.25        |
| time/                   |              |
|    fps                  | 113          |
|    iterations           | 26           |
|    time_elapsed         | 469          |
|    total_timesteps      | 53248        |
| train/                  |              |
|    approx_kl            | 0.0038665673 |
|    clip_fraction        | 0.0514       |
|    clip_range           | 0.2          |
|    entropy_loss         | -0.967       |
|    explained_variance   | -0.0028      |
|    learning_rate        | 0.0003       |
|    loss                 | 3.59         |
|    n_updates            | 250          |
|    policy_gradient_loss | -0.00397     |
|    value_loss           | 8.54         |
------------------------------------------
FruitCounts | {'Fruit': 0, 'DecayFruit': 0, 'EnemyFruit': 1} |
------------------------------------------
| rollout/                |              |
|    ep_len_mean          | 220          |
|    ep_rew_mean          | -7.68        |
| time/                   |              |
|    fps                  | 114          |
|    iterations           | 27           |
|    time_elapsed         | 481          |
|    total_timesteps      | 55296        |
| train/                  |              |
|    approx_kl            | 0.0053429217 |
|    clip_fraction        | 0.0561       |
|    clip_range           | 0.2          |
|    entropy_loss         | -0.953       |
|    explained_variance   | -0.0858      |
|    learning_rate        | 0.0003       |
|    loss                 | 2.51         |
|    n_updates            | 260          |
|    policy_gradient_loss | -0.00403     |
|    value_loss           | 7.33         |
------------------------------------------
FruitCounts | {'Fruit': 0, 'DecayFruit': 0, 'EnemyFruit': 0} |
------------------------------------------
| rollout/                |              |
|    ep_len_mean          | 237          |
|    ep_rew_mean          | -7.92        |
| time/                   |              |
|    fps                  | 116          |
|    iterations           | 28           |
|    time_elapsed         | 492          |
|    total_timesteps      | 57344        |
| train/                  |              |
|    approx_kl            | 0.0043392815 |
|    clip_fraction        | 0.0634       |
|    clip_range           | 0.2          |
|    entropy_loss         | -0.949       |
|    explained_variance   | 4.6e-05      |
|    learning_rate        | 0.0003       |
|    loss                 | 9.29         |
|    n_updates            | 270          |
|    policy_gradient_loss | -0.00382     |
|    value_loss           | 10.8         |
------------------------------------------
FruitCounts | {'Fruit': 0, 'DecayFruit': 0, 'EnemyFruit': 0} |
----------------------------------------
| rollout/                |            |
|    ep_len_mean          | 249        |
|    ep_rew_mean          | -8.06      |
| time/                   |            |
|    fps                  | 117        |
|    iterations           | 29         |
|    time_elapsed         | 504        |
|    total_timesteps      | 59392      |
| train/                  |            |
|    approx_kl            | 0.01051891 |
|    clip_fraction        | 0.11       |
|    clip_range           | 0.2        |
|    entropy_loss         | -0.944     |
|    explained_variance   | -0.0886    |
|    learning_rate        | 0.0003     |
|    loss                 | 0.156      |
|    n_updates            | 280        |
|    policy_gradient_loss | -0.00729   |
|    value_loss           | 0.718      |
----------------------------------------
FruitCounts | {'Fruit': 0, 'DecayFruit': 0, 'EnemyFruit': 2} |
-----------------------------------------
| rollout/                |             |
|    ep_len_mean          | 256         |
|    ep_rew_mean          | -7.99       |
| time/                   |             |
|    fps                  | 119         |
|    iterations           | 30          |
|    time_elapsed         | 515         |
|    total_timesteps      | 61440       |
| train/                  |             |
|    approx_kl            | 0.007175341 |
|    clip_fraction        | 0.0826      |
|    clip_range           | 0.2         |
|    entropy_loss         | -0.939      |
|    explained_variance   | -0.00278    |
|    learning_rate        | 0.0003      |
|    loss                 | 2.25        |
|    n_updates            | 290         |
|    policy_gradient_loss | -0.00412    |
|    value_loss           | 5.61        |
-----------------------------------------
FruitCounts | {'Fruit': 0, 'DecayFruit': 0, 'EnemyFruit': 0} |
-----------------------------------------
| rollout/                |             |
|    ep_len_mean          | 272         |
|    ep_rew_mean          | -8.27       |
| time/                   |             |
|    fps                  | 120         |
|    iterations           | 31          |
|    time_elapsed         | 526         |
|    total_timesteps      | 63488       |
| train/                  |             |
|    approx_kl            | 0.008944361 |
|    clip_fraction        | 0.0792      |
|    clip_range           | 0.2         |
|    entropy_loss         | -0.932      |
|    explained_variance   | 0.123       |
|    learning_rate        | 0.0003      |
|    loss                 | 6.22        |
|    n_updates            | 300         |
|    policy_gradient_loss | -0.00379    |
|    value_loss           | 6.11        |
-----------------------------------------
FruitCounts | {'Fruit': 0, 'DecayFruit': 0, 'EnemyFruit': 0} |
-----------------------------------------
| rollout/                |             |
|    ep_len_mean          | 286         |
|    ep_rew_mean          | -7.66       |
| time/                   |             |
|    fps                  | 121         |
|    iterations           | 32          |
|    time_elapsed         | 539         |
|    total_timesteps      | 65536       |
| train/                  |             |
|    approx_kl            | 0.008694903 |
|    clip_fraction        | 0.0869      |
|    clip_range           | 0.2         |
|    entropy_loss         | -0.903      |
|    explained_variance   | 0.131       |
|    learning_rate        | 0.0003      |
|    loss                 | 5.44        |
|    n_updates            | 310         |
|    policy_gradient_loss | -0.00586    |
|    value_loss           | 5.95        |
-----------------------------------------
FruitCounts | {'Fruit': 0, 'DecayFruit': 0, 'EnemyFruit': 1} |
------------------------------------------
| rollout/                |              |
|    ep_len_mean          | 291          |
|    ep_rew_mean          | -7.46        |
| time/                   |              |
|    fps                  | 122          |
|    iterations           | 33           |
|    time_elapsed         | 550          |
|    total_timesteps      | 67584        |
| train/                  |              |
|    approx_kl            | 0.0066832807 |
|    clip_fraction        | 0.0626       |
|    clip_range           | 0.2          |
|    entropy_loss         | -0.901       |
|    explained_variance   | -0.0264      |
|    learning_rate        | 0.0003       |
|    loss                 | 1.93         |
|    n_updates            | 320          |
|    policy_gradient_loss | -0.00584     |
|    value_loss           | 15.4         |
------------------------------------------
FruitCounts | {'Fruit': 1, 'DecayFruit': 0, 'EnemyFruit': 1} |
-----------------------------------------
| rollout/                |             |
|    ep_len_mean          | 310         |
|    ep_rew_mean          | -7.01       |
| time/                   |             |
|    fps                  | 124         |
|    iterations           | 34          |
|    time_elapsed         | 560         |
|    total_timesteps      | 69632       |
| train/                  |             |
|    approx_kl            | 0.012789907 |
|    clip_fraction        | 0.162       |
|    clip_range           | 0.2         |
|    entropy_loss         | -0.875      |
|    explained_variance   | 0.0613      |
|    learning_rate        | 0.0003      |
|    loss                 | 6.05        |
|    n_updates            | 330         |
|    policy_gradient_loss | -0.00987    |
|    value_loss           | 7.18        |
-----------------------------------------
FruitCounts | {'Fruit': 2, 'DecayFruit': 0, 'EnemyFruit': 1} |
------------------------------------------
| rollout/                |              |
|    ep_len_mean          | 323          |
|    ep_rew_mean          | -6.81        |
| time/                   |              |
|    fps                  | 125          |
|    iterations           | 35           |
|    time_elapsed         | 572          |
|    total_timesteps      | 71680        |
| train/                  |              |
|    approx_kl            | 0.0074596778 |
|    clip_fraction        | 0.0703       |
|    clip_range           | 0.2          |
|    entropy_loss         | -0.854       |
|    explained_variance   | 0.0737       |
|    learning_rate        | 0.0003       |
|    loss                 | 1.14         |
|    n_updates            | 340          |
|    policy_gradient_loss | -0.00516     |
|    value_loss           | 7.32         |
------------------------------------------
FruitCounts | {'Fruit': 0, 'DecayFruit': 0, 'EnemyFruit': 0} |
-----------------------------------------
| rollout/                |             |
|    ep_len_mean          | 327         |
|    ep_rew_mean          | -5.63       |
| time/                   |             |
|    fps                  | 126         |
|    iterations           | 36          |
|    time_elapsed         | 584         |
|    total_timesteps      | 73728       |
| train/                  |             |
|    approx_kl            | 0.010583046 |
|    clip_fraction        | 0.123       |
|    clip_range           | 0.2         |
|    entropy_loss         | -0.839      |
|    explained_variance   | 0.206       |
|    learning_rate        | 0.0003      |
|    loss                 | 1.98        |
|    n_updates            | 350         |
|    policy_gradient_loss | -0.00836    |
|    value_loss           | 6.23        |
-----------------------------------------
FruitCounts | {'Fruit': 0, 'DecayFruit': 1, 'EnemyFruit': 0} |
------------------------------------------
| rollout/                |              |
|    ep_len_mean          | 332          |
|    ep_rew_mean          | -5.38        |
| time/                   |              |
|    fps                  | 126          |
|    iterations           | 37           |
|    time_elapsed         | 596          |
|    total_timesteps      | 75776        |
| train/                  |              |
|    approx_kl            | 0.0068617947 |
|    clip_fraction        | 0.0644       |
|    clip_range           | 0.2          |
|    entropy_loss         | -0.842       |
|    explained_variance   | 0.108        |
|    learning_rate        | 0.0003       |
|    loss                 | 4.01         |
|    n_updates            | 360          |
|    policy_gradient_loss | -0.00613     |
|    value_loss           | 11.1         |
------------------------------------------
FruitCounts | {'Fruit': 0, 'DecayFruit': 0, 'EnemyFruit': 1} |
-----------------------------------------
| rollout/                |             |
|    ep_len_mean          | 332         |
|    ep_rew_mean          | -5.39       |
| time/                   |             |
|    fps                  | 127         |
|    iterations           | 38          |
|    time_elapsed         | 609         |
|    total_timesteps      | 77824       |
| train/                  |             |
|    approx_kl            | 0.011208748 |
|    clip_fraction        | 0.0859      |
|    clip_range           | 0.2         |
|    entropy_loss         | -0.844      |
|    explained_variance   | 0.155       |
|    learning_rate        | 0.0003      |
|    loss                 | 2.7         |
|    n_updates            | 370         |
|    policy_gradient_loss | -0.00615    |
|    value_loss           | 13.9        |
-----------------------------------------
FruitCounts | {'Fruit': 2, 'DecayFruit': 0, 'EnemyFruit': 0} |
-----------------------------------------
| rollout/                |             |
|    ep_len_mean          | 338         |
|    ep_rew_mean          | -5.37       |
| time/                   |             |
|    fps                  | 128         |
|    iterations           | 39          |
|    time_elapsed         | 620         |
|    total_timesteps      | 79872       |
| train/                  |             |
|    approx_kl            | 0.008775635 |
|    clip_fraction        | 0.0939      |
|    clip_range           | 0.2         |
|    entropy_loss         | -0.844      |
|    explained_variance   | 0.174       |
|    learning_rate        | 0.0003      |
|    loss                 | 4.88        |
|    n_updates            | 380         |
|    policy_gradient_loss | -0.00773    |
|    value_loss           | 8.66        |
-----------------------------------------
FruitCounts | {'Fruit': 3, 'DecayFruit': 1, 'EnemyFruit': 0} |
-----------------------------------------
| rollout/                |             |
|    ep_len_mean          | 318         |
|    ep_rew_mean          | -4.85       |
| time/                   |             |
|    fps                  | 129         |
|    iterations           | 40          |
|    time_elapsed         | 631         |
|    total_timesteps      | 81920       |
| train/                  |             |
|    approx_kl            | 0.009851444 |
|    clip_fraction        | 0.0958      |
|    clip_range           | 0.2         |
|    entropy_loss         | -0.864      |
|    explained_variance   | -0.049      |
|    learning_rate        | 0.0003      |
|    loss                 | 1.49        |
|    n_updates            | 390         |
|    policy_gradient_loss | -0.00727    |
|    value_loss           | 6.12        |
-----------------------------------------
FruitCounts | {'Fruit': 0, 'DecayFruit': 0, 'EnemyFruit': 0} |
-----------------------------------------
| rollout/                |             |
|    ep_len_mean          | 318         |
|    ep_rew_mean          | -4.84       |
| time/                   |             |
|    fps                  | 130         |
|    iterations           | 41          |
|    time_elapsed         | 644         |
|    total_timesteps      | 83968       |
| train/                  |             |
|    approx_kl            | 0.009595713 |
|    clip_fraction        | 0.0889      |
|    clip_range           | 0.2         |
|    entropy_loss         | -0.864      |
|    explained_variance   | 0.0247      |
|    learning_rate        | 0.0003      |
|    loss                 | 1.19        |
|    n_updates            | 400         |
|    policy_gradient_loss | -0.00523    |
|    value_loss           | 6.96        |
-----------------------------------------
FruitCounts | {'Fruit': 1, 'DecayFruit': 0, 'EnemyFruit': 2} |
-----------------------------------------
| rollout/                |             |
|    ep_len_mean          | 331         |
|    ep_rew_mean          | -4.76       |
| time/                   |             |
|    fps                  | 131         |
|    iterations           | 42          |
|    time_elapsed         | 655         |
|    total_timesteps      | 86016       |
| train/                  |             |
|    approx_kl            | 0.010971539 |
|    clip_fraction        | 0.118       |
|    clip_range           | 0.2         |
|    entropy_loss         | -0.846      |
|    explained_variance   | 0.082       |
|    learning_rate        | 0.0003      |
|    loss                 | 10.7        |
|    n_updates            | 410         |
|    policy_gradient_loss | -0.00961    |
|    value_loss           | 10.4        |
-----------------------------------------
FruitCounts | {'Fruit': 0, 'DecayFruit': 2, 'EnemyFruit': 1} |
-----------------------------------------
| rollout/                |             |
|    ep_len_mean          | 345         |
|    ep_rew_mean          | -4.51       |
| time/                   |             |
|    fps                  | 132         |
|    iterations           | 43          |
|    time_elapsed         | 666         |
|    total_timesteps      | 88064       |
| train/                  |             |
|    approx_kl            | 0.006701408 |
|    clip_fraction        | 0.0834      |
|    clip_range           | 0.2         |
|    entropy_loss         | -0.851      |
|    explained_variance   | -0.0529     |
|    learning_rate        | 0.0003      |
|    loss                 | 8.72        |
|    n_updates            | 420         |
|    policy_gradient_loss | -0.00388    |
|    value_loss           | 7.95        |
-----------------------------------------
FruitCounts | {'Fruit': 0, 'DecayFruit': 1, 'EnemyFruit': 2} |
-----------------------------------------
| rollout/                |             |
|    ep_len_mean          | 325         |
|    ep_rew_mean          | -3.56       |
| time/                   |             |
|    fps                  | 132         |
|    iterations           | 44          |
|    time_elapsed         | 678         |
|    total_timesteps      | 90112       |
| train/                  |             |
|    approx_kl            | 0.008008519 |
|    clip_fraction        | 0.0636      |
|    clip_range           | 0.2         |
|    entropy_loss         | -0.819      |
|    explained_variance   | 0.0443      |
|    learning_rate        | 0.0003      |
|    loss                 | 2.15        |
|    n_updates            | 430         |
|    policy_gradient_loss | -0.00425    |
|    value_loss           | 9.06        |
-----------------------------------------
FruitCounts | {'Fruit': 0, 'DecayFruit': 0, 'EnemyFruit': 1} |
-----------------------------------------
| rollout/                |             |
|    ep_len_mean          | 326         |
|    ep_rew_mean          | -2.39       |
| time/                   |             |
|    fps                  | 133         |
|    iterations           | 45          |
|    time_elapsed         | 690         |
|    total_timesteps      | 92160       |
| train/                  |             |
|    approx_kl            | 0.008953853 |
|    clip_fraction        | 0.0775      |
|    clip_range           | 0.2         |
|    entropy_loss         | -0.8        |
|    explained_variance   | -0.0335     |
|    learning_rate        | 0.0003      |
|    loss                 | 10.7        |
|    n_updates            | 440         |
|    policy_gradient_loss | -0.00523    |
|    value_loss           | 12.9        |
-----------------------------------------
FruitCounts | {'Fruit': 0, 'DecayFruit': 0, 'EnemyFruit': 1} |
-----------------------------------------
| rollout/                |             |
|    ep_len_mean          | 314         |
|    ep_rew_mean          | -1.96       |
| time/                   |             |
|    fps                  | 134         |
|    iterations           | 46          |
|    time_elapsed         | 702         |
|    total_timesteps      | 94208       |
| train/                  |             |
|    approx_kl            | 0.008107004 |
|    clip_fraction        | 0.0951      |
|    clip_range           | 0.2         |
|    entropy_loss         | -0.79       |
|    explained_variance   | 0.0391      |
|    learning_rate        | 0.0003      |
|    loss                 | 3.87        |
|    n_updates            | 450         |
|    policy_gradient_loss | -0.00642    |
|    value_loss           | 13.3        |
-----------------------------------------
FruitCounts | {'Fruit': 0, 'DecayFruit': 1, 'EnemyFruit': 3} |
-----------------------------------------
| rollout/                |             |
|    ep_len_mean          | 312         |
|    ep_rew_mean          | -1.72       |
| time/                   |             |
|    fps                  | 135         |
|    iterations           | 47          |
|    time_elapsed         | 711         |
|    total_timesteps      | 96256       |
| train/                  |             |
|    approx_kl            | 0.010754272 |
|    clip_fraction        | 0.113       |
|    clip_range           | 0.2         |
|    entropy_loss         | -0.804      |
|    explained_variance   | -0.123      |
|    learning_rate        | 0.0003      |
|    loss                 | 7.36        |
|    n_updates            | 460         |
|    policy_gradient_loss | -0.00739    |
|    value_loss           | 8.06        |
-----------------------------------------
FruitCounts | {'Fruit': 1, 'DecayFruit': 1, 'EnemyFruit': 2} |
-----------------------------------------
| rollout/                |             |
|    ep_len_mean          | 328         |
|    ep_rew_mean          | -2.58       |
| time/                   |             |
|    fps                  | 135         |
|    iterations           | 48          |
|    time_elapsed         | 724         |
|    total_timesteps      | 98304       |
| train/                  |             |
|    approx_kl            | 0.008801858 |
|    clip_fraction        | 0.0937      |
|    clip_range           | 0.2         |
|    entropy_loss         | -0.775      |
|    explained_variance   | -0.0103     |
|    learning_rate        | 0.0003      |
|    loss                 | 1.38        |
|    n_updates            | 470         |
|    policy_gradient_loss | -0.00358    |
|    value_loss           | 5.49        |
-----------------------------------------
FruitCounts | {'Fruit': 0, 'DecayFruit': 1, 'EnemyFruit': 1} |
-----------------------------------------
| rollout/                |             |
|    ep_len_mean          | 330         |
|    ep_rew_mean          | -3.38       |
| time/                   |             |
|    fps                  | 136         |
|    iterations           | 49          |
|    time_elapsed         | 735         |
|    total_timesteps      | 100352      |
| train/                  |             |
|    approx_kl            | 0.008129999 |
|    clip_fraction        | 0.101       |
|    clip_range           | 0.2         |
|    entropy_loss         | -0.755      |
|    explained_variance   | 0.036       |
|    learning_rate        | 0.0003      |
|    loss                 | 5.78        |
|    n_updates            | 480         |
|    policy_gradient_loss | -0.00582    |
|    value_loss           | 6.57        |
-----------------------------------------
FruitCounts | {'Fruit': 0, 'DecayFruit': 1, 'EnemyFruit': 1} |
---------------------------------------
| rollout/                |           |
|    ep_len_mean          | 323       |
|    ep_rew_mean          | -3.54     |
| time/                   |           |
|    fps                  | 137       |
|    iterations           | 50        |
|    time_elapsed         | 747       |
|    total_timesteps      | 102400    |
| train/                  |           |
|    approx_kl            | 0.0122275 |
|    clip_fraction        | 0.0795    |
|    clip_range           | 0.2       |
|    entropy_loss         | -0.737    |
|    explained_variance   | -0.163    |
|    learning_rate        | 0.0003    |
|    loss                 | 8.68      |
|    n_updates            | 490       |
|    policy_gradient_loss | -0.00345  |
|    value_loss           | 7.37      |
---------------------------------------
FruitCounts | {'Fruit': 0, 'DecayFruit': 0, 'EnemyFruit': 1} |
------------------------------------------
| rollout/                |              |
|    ep_len_mean          | 326          |
|    ep_rew_mean          | -2.76        |
| time/                   |              |
|    fps                  | 137          |
|    iterations           | 51           |
|    time_elapsed         | 757          |
|    total_timesteps      | 104448       |
| train/                  |              |
|    approx_kl            | 0.0074986964 |
|    clip_fraction        | 0.0928       |
|    clip_range           | 0.2          |
|    entropy_loss         | -0.737       |
|    explained_variance   | 0.0283       |
|    learning_rate        | 0.0003       |
|    loss                 | 3.96         |
|    n_updates            | 500          |
|    policy_gradient_loss | -0.00478     |
|    value_loss           | 5.5          |
------------------------------------------
FruitCounts | {'Fruit': 1, 'DecayFruit': 0, 'EnemyFruit': 3} |
-----------------------------------------
| rollout/                |             |
|    ep_len_mean          | 334         |
|    ep_rew_mean          | -2.48       |
| time/                   |             |
|    fps                  | 138         |
|    iterations           | 52          |
|    time_elapsed         | 769         |
|    total_timesteps      | 106496      |
| train/                  |             |
|    approx_kl            | 0.007535365 |
|    clip_fraction        | 0.108       |
|    clip_range           | 0.2         |
|    entropy_loss         | -0.728      |
|    explained_variance   | 0.112       |
|    learning_rate        | 0.0003      |
|    loss                 | 6.85        |
|    n_updates            | 510         |
|    policy_gradient_loss | -0.00676    |
|    value_loss           | 13.6        |
-----------------------------------------
FruitCounts | {'Fruit': 0, 'DecayFruit': 0, 'EnemyFruit': 0} |
-----------------------------------------
| rollout/                |             |
|    ep_len_mean          | 340         |
|    ep_rew_mean          | -3.51       |
| time/                   |             |
|    fps                  | 139         |
|    iterations           | 53          |
|    time_elapsed         | 780         |
|    total_timesteps      | 108544      |
| train/                  |             |
|    approx_kl            | 0.009151953 |
|    clip_fraction        | 0.0837      |
|    clip_range           | 0.2         |
|    entropy_loss         | -0.732      |
|    explained_variance   | 0.0175      |
|    learning_rate        | 0.0003      |
|    loss                 | 9.84        |
|    n_updates            | 520         |
|    policy_gradient_loss | -0.00639    |
|    value_loss           | 12.7        |
-----------------------------------------
FruitCounts | {'Fruit': 0, 'DecayFruit': 0, 'EnemyFruit': 2} |
------------------------------------------
| rollout/                |              |
|    ep_len_mean          | 353          |
|    ep_rew_mean          | -3.63        |
| time/                   |              |
|    fps                  | 139          |
|    iterations           | 54           |
|    time_elapsed         | 791          |
|    total_timesteps      | 110592       |
| train/                  |              |
|    approx_kl            | 0.0098764375 |
|    clip_fraction        | 0.0907       |
|    clip_range           | 0.2          |
|    entropy_loss         | -0.71        |
|    explained_variance   | -0.0982      |
|    learning_rate        | 0.0003       |
|    loss                 | 1.91         |
|    n_updates            | 530          |
|    policy_gradient_loss | -0.00519     |
|    value_loss           | 5.37         |
------------------------------------------
FruitCounts | {'Fruit': 0, 'DecayFruit': 0, 'EnemyFruit': 0} |
-----------------------------------------
| rollout/                |             |
|    ep_len_mean          | 364         |
|    ep_rew_mean          | -3.34       |
| time/                   |             |
|    fps                  | 140         |
|    iterations           | 55          |
|    time_elapsed         | 803         |
|    total_timesteps      | 112640      |
| train/                  |             |
|    approx_kl            | 0.009990877 |
|    clip_fraction        | 0.0989      |
|    clip_range           | 0.2         |
|    entropy_loss         | -0.709      |
|    explained_variance   | 0.0168      |
|    learning_rate        | 0.0003      |
|    loss                 | 0.594       |
|    n_updates            | 540         |
|    policy_gradient_loss | -0.00518    |
|    value_loss           | 4.17        |
-----------------------------------------
FruitCounts | {'Fruit': 1, 'DecayFruit': 0, 'EnemyFruit': 0} |
------------------------------------------
| rollout/                |              |
|    ep_len_mean          | 371          |
|    ep_rew_mean          | -2.84        |
| time/                   |              |
|    fps                  | 140          |
|    iterations           | 56           |
|    time_elapsed         | 813          |
|    total_timesteps      | 114688       |
| train/                  |              |
|    approx_kl            | 0.0075929426 |
|    clip_fraction        | 0.0771       |
|    clip_range           | 0.2          |
|    entropy_loss         | -0.692       |
|    explained_variance   | 0.0808       |
|    learning_rate        | 0.0003       |
|    loss                 | 2.19         |
|    n_updates            | 550          |
|    policy_gradient_loss | -0.00555     |
|    value_loss           | 4.65         |
------------------------------------------
FruitCounts | {'Fruit': 0, 'DecayFruit': 0, 'EnemyFruit': 2} |
------------------------------------------
| rollout/                |              |
|    ep_len_mean          | 384          |
|    ep_rew_mean          | -2.65        |
| time/                   |              |
|    fps                  | 141          |
|    iterations           | 57           |
|    time_elapsed         | 825          |
|    total_timesteps      | 116736       |
| train/                  |              |
|    approx_kl            | 0.0071940534 |
|    clip_fraction        | 0.107        |
|    clip_range           | 0.2          |
|    entropy_loss         | -0.713       |
|    explained_variance   | 0.111        |
|    learning_rate        | 0.0003       |
|    loss                 | 6.18         |
|    n_updates            | 560          |
|    policy_gradient_loss | -0.00501     |
|    value_loss           | 8.55         |
------------------------------------------
FruitCounts | {'Fruit': 1, 'DecayFruit': 0, 'EnemyFruit': 0} |
------------------------------------------
| rollout/                |              |
|    ep_len_mean          | 397          |
|    ep_rew_mean          | -2.59        |
| time/                   |              |
|    fps                  | 142          |
|    iterations           | 58           |
|    time_elapsed         | 835          |
|    total_timesteps      | 118784       |
| train/                  |              |
|    approx_kl            | 0.0039561344 |
|    clip_fraction        | 0.0511       |
|    clip_range           | 0.2          |
|    entropy_loss         | -0.686       |
|    explained_variance   | 0.0649       |
|    learning_rate        | 0.0003       |
|    loss                 | 2.49         |
|    n_updates            | 570          |
|    policy_gradient_loss | -0.00182     |
|    value_loss           | 12.7         |
------------------------------------------
FruitCounts | {'Fruit': 1, 'DecayFruit': 0, 'EnemyFruit': 2} |
------------------------------------------
| rollout/                |              |
|    ep_len_mean          | 411          |
|    ep_rew_mean          | -2.26        |
| time/                   |              |
|    fps                  | 142          |
|    iterations           | 59           |
|    time_elapsed         | 845          |
|    total_timesteps      | 120832       |
| train/                  |              |
|    approx_kl            | 0.0079345815 |
|    clip_fraction        | 0.124        |
|    clip_range           | 0.2          |
|    entropy_loss         | -0.705       |
|    explained_variance   | 0.364        |
|    learning_rate        | 0.0003       |
|    loss                 | 0.513        |
|    n_updates            | 580          |
|    policy_gradient_loss | -0.00433     |
|    value_loss           | 1.48         |
------------------------------------------
FruitCounts | {'Fruit': 0, 'DecayFruit': 0, 'EnemyFruit': 1} |
-----------------------------------------
| rollout/                |             |
|    ep_len_mean          | 412         |
|    ep_rew_mean          | -2.2        |
| time/                   |             |
|    fps                  | 143         |
|    iterations           | 60          |
|    time_elapsed         | 855         |
|    total_timesteps      | 122880      |
| train/                  |             |
|    approx_kl            | 0.012645854 |
|    clip_fraction        | 0.0849      |
|    clip_range           | 0.2         |
|    entropy_loss         | -0.683      |
|    explained_variance   | -0.00479    |
|    learning_rate        | 0.0003      |
|    loss                 | 1.61        |
|    n_updates            | 590         |
|    policy_gradient_loss | -0.004      |
|    value_loss           | 5.98        |
-----------------------------------------
FruitCounts | {'Fruit': 0, 'DecayFruit': 1, 'EnemyFruit': 0} |
-----------------------------------------
| rollout/                |             |
|    ep_len_mean          | 420         |
|    ep_rew_mean          | -2.92       |
| time/                   |             |
|    fps                  | 143         |
|    iterations           | 61          |
|    time_elapsed         | 867         |
|    total_timesteps      | 124928      |
| train/                  |             |
|    approx_kl            | 0.009021525 |
|    clip_fraction        | 0.091       |
|    clip_range           | 0.2         |
|    entropy_loss         | -0.679      |
|    explained_variance   | -0.0141     |
|    learning_rate        | 0.0003      |
|    loss                 | 0.446       |
|    n_updates            | 600         |
|    policy_gradient_loss | -0.00774    |
|    value_loss           | 3.22        |
-----------------------------------------
FruitCounts | {'Fruit': 0, 'DecayFruit': 0, 'EnemyFruit': 2} |
------------------------------------------
| rollout/                |              |
|    ep_len_mean          | 422          |
|    ep_rew_mean          | -2.82        |
| time/                   |              |
|    fps                  | 144          |
|    iterations           | 62           |
|    time_elapsed         | 877          |
|    total_timesteps      | 126976       |
| train/                  |              |
|    approx_kl            | 0.0069355555 |
|    clip_fraction        | 0.0871       |
|    clip_range           | 0.2          |
|    entropy_loss         | -0.699       |
|    explained_variance   | -0.0351      |
|    learning_rate        | 0.0003       |
|    loss                 | 2.31         |
|    n_updates            | 610          |
|    policy_gradient_loss | -0.00555     |
|    value_loss           | 3.27         |
------------------------------------------
FruitCounts | {'Fruit': 0, 'DecayFruit': 0, 'EnemyFruit': 1} |
-----------------------------------------
| rollout/                |             |
|    ep_len_mean          | 450         |
|    ep_rew_mean          | -2.62       |
| time/                   |             |
|    fps                  | 144         |
|    iterations           | 63          |
|    time_elapsed         | 889         |
|    total_timesteps      | 129024      |
| train/                  |             |
|    approx_kl            | 0.009869928 |
|    clip_fraction        | 0.139       |
|    clip_range           | 0.2         |
|    entropy_loss         | -0.674      |
|    explained_variance   | 0.0963      |
|    learning_rate        | 0.0003      |
|    loss                 | 0.0188      |
|    n_updates            | 620         |
|    policy_gradient_loss | -0.0062     |
|    value_loss           | 0.239       |
-----------------------------------------
FruitCounts | {'Fruit': 0, 'DecayFruit': 0, 'EnemyFruit': 1} |
----------------------------------------
| rollout/                |            |
|    ep_len_mean          | 465        |
|    ep_rew_mean          | -2.32      |
| time/                   |            |
|    fps                  | 145        |
|    iterations           | 64         |
|    time_elapsed         | 899        |
|    total_timesteps      | 131072     |
| train/                  |            |
|    approx_kl            | 0.00619088 |
|    clip_fraction        | 0.0673     |
|    clip_range           | 0.2        |
|    entropy_loss         | -0.686     |
|    explained_variance   | 0.055      |
|    learning_rate        | 0.0003     |
|    loss                 | 6.45       |
|    n_updates            | 630        |
|    policy_gradient_loss | -0.00637   |
|    value_loss           | 7.55       |
----------------------------------------
FruitCounts | {'Fruit': 0, 'DecayFruit': 0, 'EnemyFruit': 1} |
-----------------------------------------
| rollout/                |             |
|    ep_len_mean          | 456         |
|    ep_rew_mean          | -2.38       |
| time/                   |             |
|    fps                  | 146         |
|    iterations           | 65          |
|    time_elapsed         | 910         |
|    total_timesteps      | 133120      |
| train/                  |             |
|    approx_kl            | 0.009975091 |
|    clip_fraction        | 0.0798      |
|    clip_range           | 0.2         |
|    entropy_loss         | -0.678      |
|    explained_variance   | 0.129       |
|    learning_rate        | 0.0003      |
|    loss                 | 2.83        |
|    n_updates            | 640         |
|    policy_gradient_loss | -0.00539    |
|    value_loss           | 11.2        |
-----------------------------------------
FruitCounts | {'Fruit': 4, 'DecayFruit': 1, 'EnemyFruit': 1} |
------------------------------------------
| rollout/                |              |
|    ep_len_mean          | 448          |
|    ep_rew_mean          | -2.07        |
| time/                   |              |
|    fps                  | 146          |
|    iterations           | 66           |
|    time_elapsed         | 922          |
|    total_timesteps      | 135168       |
| train/                  |              |
|    approx_kl            | 0.0076909005 |
|    clip_fraction        | 0.0798       |
|    clip_range           | 0.2          |
|    entropy_loss         | -0.685       |
|    explained_variance   | 0.202        |
|    learning_rate        | 0.0003       |
|    loss                 | 2.62         |
|    n_updates            | 650          |
|    policy_gradient_loss | -0.00509     |
|    value_loss           | 5.18         |
------------------------------------------
FruitCounts | {'Fruit': 0, 'DecayFruit': 0, 'EnemyFruit': 0} |
------------------------------------------
| rollout/                |              |
|    ep_len_mean          | 451          |
|    ep_rew_mean          | -2.93        |
| time/                   |              |
|    fps                  | 146          |
|    iterations           | 67           |
|    time_elapsed         | 933          |
|    total_timesteps      | 137216       |
| train/                  |              |
|    approx_kl            | 0.0059675127 |
|    clip_fraction        | 0.0577       |
|    clip_range           | 0.2          |
|    entropy_loss         | -0.677       |
|    explained_variance   | -0.0745      |
|    learning_rate        | 0.0003       |
|    loss                 | 13.1         |
|    n_updates            | 660          |
|    policy_gradient_loss | -0.00587     |
|    value_loss           | 24.4         |
------------------------------------------
FruitCounts | {'Fruit': 1, 'DecayFruit': 0, 'EnemyFruit': 2} |
------------------------------------------
| rollout/                |              |
|    ep_len_mean          | 451          |
|    ep_rew_mean          | -3.7         |
| time/                   |              |
|    fps                  | 147          |
|    iterations           | 68           |
|    time_elapsed         | 943          |
|    total_timesteps      | 139264       |
| train/                  |              |
|    approx_kl            | 0.0089156255 |
|    clip_fraction        | 0.083        |
|    clip_range           | 0.2          |
|    entropy_loss         | -0.678       |
|    explained_variance   | 0.147        |
|    learning_rate        | 0.0003       |
|    loss                 | 0.376        |
|    n_updates            | 670          |
|    policy_gradient_loss | -0.00349     |
|    value_loss           | 3.25         |
------------------------------------------
FruitCounts | {'Fruit': 0, 'DecayFruit': 0, 'EnemyFruit': 1} |
-----------------------------------------
| rollout/                |             |
|    ep_len_mean          | 476         |
|    ep_rew_mean          | -3.7        |
| time/                   |             |
|    fps                  | 148         |
|    iterations           | 69          |
|    time_elapsed         | 954         |
|    total_timesteps      | 141312      |
| train/                  |             |
|    approx_kl            | 0.008939793 |
|    clip_fraction        | 0.105       |
|    clip_range           | 0.2         |
|    entropy_loss         | -0.686      |
|    explained_variance   | 0.114       |
|    learning_rate        | 0.0003      |
|    loss                 | 0.569       |
|    n_updates            | 680         |
|    policy_gradient_loss | -0.00841    |
|    value_loss           | 1.29        |
-----------------------------------------
FruitCounts | {'Fruit': 0, 'DecayFruit': 0, 'EnemyFruit': 1} |
-----------------------------------------
| rollout/                |             |
|    ep_len_mean          | 466         |
|    ep_rew_mean          | -3.34       |
| time/                   |             |
|    fps                  | 148         |
|    iterations           | 70          |
|    time_elapsed         | 965         |
|    total_timesteps      | 143360      |
| train/                  |             |
|    approx_kl            | 0.011795107 |
|    clip_fraction        | 0.0897      |
|    clip_range           | 0.2         |
|    entropy_loss         | -0.699      |
|    explained_variance   | 0.281       |
|    learning_rate        | 0.0003      |
|    loss                 | 1.43        |
|    n_updates            | 690         |
|    policy_gradient_loss | -0.00174    |
|    value_loss           | 2.19        |
-----------------------------------------
FruitCounts | {'Fruit': 0, 'DecayFruit': 0, 'EnemyFruit': 1} |
----------------------------------------
| rollout/                |            |
|    ep_len_mean          | 486        |
|    ep_rew_mean          | -3         |
| time/                   |            |
|    fps                  | 148        |
|    iterations           | 71         |
|    time_elapsed         | 976        |
|    total_timesteps      | 145408     |
| train/                  |            |
|    approx_kl            | 0.00965126 |
|    clip_fraction        | 0.0949     |
|    clip_range           | 0.2        |
|    entropy_loss         | -0.647     |
|    explained_variance   | -0.0663    |
|    learning_rate        | 0.0003     |
|    loss                 | 3.36       |
|    n_updates            | 700        |
|    policy_gradient_loss | -0.00749   |
|    value_loss           | 11.3       |
----------------------------------------
FruitCounts | {'Fruit': 0, 'DecayFruit': 0, 'EnemyFruit': 1} |
------------------------------------------
| rollout/                |              |
|    ep_len_mean          | 489          |
|    ep_rew_mean          | -2.69        |
| time/                   |              |
|    fps                  | 149          |
|    iterations           | 72           |
|    time_elapsed         | 985          |
|    total_timesteps      | 147456       |
| train/                  |              |
|    approx_kl            | 0.0066915704 |
|    clip_fraction        | 0.0784       |
|    clip_range           | 0.2          |
|    entropy_loss         | -0.633       |
|    explained_variance   | 0.0554       |
|    learning_rate        | 0.0003       |
|    loss                 | 8.1          |
|    n_updates            | 710          |
|    policy_gradient_loss | -0.0049      |
|    value_loss           | 6.89         |
------------------------------------------
FruitCounts | {'Fruit': 0, 'DecayFruit': 1, 'EnemyFruit': 3} |
-----------------------------------------
| rollout/                |             |
|    ep_len_mean          | 503         |
|    ep_rew_mean          | -2.46       |
| time/                   |             |
|    fps                  | 149         |
|    iterations           | 73          |
|    time_elapsed         | 997         |
|    total_timesteps      | 149504      |
| train/                  |             |
|    approx_kl            | 0.009199229 |
|    clip_fraction        | 0.0813      |
|    clip_range           | 0.2         |
|    entropy_loss         | -0.663      |
|    explained_variance   | 0.128       |
|    learning_rate        | 0.0003      |
|    loss                 | 1.15        |
|    n_updates            | 720         |
|    policy_gradient_loss | -0.00178    |
|    value_loss           | 5.49        |
-----------------------------------------
FruitCounts | {'Fruit': 0, 'DecayFruit': 2, 'EnemyFruit': 3} |
-----------------------------------------
| rollout/                |             |
|    ep_len_mean          | 509         |
|    ep_rew_mean          | -2.29       |
| time/                   |             |
|    fps                  | 150         |
|    iterations           | 74          |
|    time_elapsed         | 1006        |
|    total_timesteps      | 151552      |
| train/                  |             |
|    approx_kl            | 0.006859489 |
|    clip_fraction        | 0.0737      |
|    clip_range           | 0.2         |
|    entropy_loss         | -0.614      |
|    explained_variance   | 0.064       |
|    learning_rate        | 0.0003      |
|    loss                 | 9.32        |
|    n_updates            | 730         |
|    policy_gradient_loss | -0.0062     |
|    value_loss           | 18.4        |
-----------------------------------------
FruitCounts | {'Fruit': 0, 'DecayFruit': 1, 'EnemyFruit': 1} |
------------------------------------------
| rollout/                |              |
|    ep_len_mean          | 537          |
|    ep_rew_mean          | -2.29        |
| time/                   |              |
|    fps                  | 150          |
|    iterations           | 75           |
|    time_elapsed         | 1019         |
|    total_timesteps      | 153600       |
| train/                  |              |
|    approx_kl            | 0.0067849346 |
|    clip_fraction        | 0.11         |
|    clip_range           | 0.2          |
|    entropy_loss         | -0.614       |
|    explained_variance   | 0.0656       |
|    learning_rate        | 0.0003       |
|    loss                 | 1.05         |
|    n_updates            | 740          |
|    policy_gradient_loss | -0.00466     |
|    value_loss           | 1.09         |
------------------------------------------
FruitCounts | {'Fruit': 1, 'DecayFruit': 5, 'EnemyFruit': 9} |
----------------------------------------
| rollout/                |            |
|    ep_len_mean          | 537        |
|    ep_rew_mean          | -2.29      |
| time/                   |            |
|    fps                  | 151        |
|    iterations           | 76         |
|    time_elapsed         | 1027       |
|    total_timesteps      | 155648     |
| train/                  |            |
|    approx_kl            | 0.01208427 |
|    clip_fraction        | 0.0949     |
|    clip_range           | 0.2        |
|    entropy_loss         | -0.624     |
|    explained_variance   | 0.098      |
|    learning_rate        | 0.0003     |
|    loss                 | 2.92       |
|    n_updates            | 750        |
|    policy_gradient_loss | -0.00607   |
|    value_loss           | 8.61       |
----------------------------------------
FruitCounts | {'Fruit': 1, 'DecayFruit': 1, 'EnemyFruit': 1} |
-----------------------------------------
| rollout/                |             |
|    ep_len_mean          | 571         |
|    ep_rew_mean          | -1.38       |
| time/                   |             |
|    fps                  | 151         |
|    iterations           | 77          |
|    time_elapsed         | 1039        |
|    total_timesteps      | 157696      |
| train/                  |             |
|    approx_kl            | 0.008371314 |
|    clip_fraction        | 0.0753      |
|    clip_range           | 0.2         |
|    entropy_loss         | -0.581      |
|    explained_variance   | 0.00532     |
|    learning_rate        | 0.0003      |
|    loss                 | 7.66        |
|    n_updates            | 760         |
|    policy_gradient_loss | -0.00374    |
|    value_loss           | 4.93        |
-----------------------------------------
FruitCounts | {'Fruit': 0, 'DecayFruit': 0, 'EnemyFruit': 1} |
-----------------------------------------
| rollout/                |             |
|    ep_len_mean          | 583         |
|    ep_rew_mean          | -1.29       |
| time/                   |             |
|    fps                  | 152         |
|    iterations           | 78          |
|    time_elapsed         | 1050        |
|    total_timesteps      | 159744      |
| train/                  |             |
|    approx_kl            | 0.007836862 |
|    clip_fraction        | 0.0935      |
|    clip_range           | 0.2         |
|    entropy_loss         | -0.597      |
|    explained_variance   | 0.0433      |
|    learning_rate        | 0.0003      |
|    loss                 | 0.577       |
|    n_updates            | 770         |
|    policy_gradient_loss | -0.0052     |
|    value_loss           | 3.77        |
-----------------------------------------
FruitCounts | {'Fruit': 3, 'DecayFruit': 0, 'EnemyFruit': 3} |
-----------------------------------------
| rollout/                |             |
|    ep_len_mean          | 583         |
|    ep_rew_mean          | -1.29       |
| time/                   |             |
|    fps                  | 152         |
|    iterations           | 79          |
|    time_elapsed         | 1059        |
|    total_timesteps      | 161792      |
| train/                  |             |
|    approx_kl            | 0.008721495 |
|    clip_fraction        | 0.0822      |
|    clip_range           | 0.2         |
|    entropy_loss         | -0.578      |
|    explained_variance   | 0.0468      |
|    learning_rate        | 0.0003      |
|    loss                 | 7.15        |
|    n_updates            | 780         |
|    policy_gradient_loss | -0.00286    |
|    value_loss           | 6.4         |
-----------------------------------------
FruitCounts | {'Fruit': 1, 'DecayFruit': 0, 'EnemyFruit': 2} |
-----------------------------------------
| rollout/                |             |
|    ep_len_mean          | 616         |
|    ep_rew_mean          | -1.58       |
| time/                   |             |
|    fps                  | 152         |
|    iterations           | 80          |
|    time_elapsed         | 1073        |
|    total_timesteps      | 163840      |
| train/                  |             |
|    approx_kl            | 0.006194588 |
|    clip_fraction        | 0.105       |
|    clip_range           | 0.2         |
|    entropy_loss         | -0.592      |
|    explained_variance   | 0.0847      |
|    learning_rate        | 0.0003      |
|    loss                 | 0.0596      |
|    n_updates            | 790         |
|    policy_gradient_loss | -0.00486    |
|    value_loss           | 0.53        |
-----------------------------------------
FruitCounts | {'Fruit': 0, 'DecayFruit': 0, 'EnemyFruit': 0} |
-----------------------------------------
| rollout/                |             |
|    ep_len_mean          | 620         |
|    ep_rew_mean          | -1.8        |
| time/                   |             |
|    fps                  | 152         |
|    iterations           | 81          |
|    time_elapsed         | 1084        |
|    total_timesteps      | 165888      |
| train/                  |             |
|    approx_kl            | 0.010674665 |
|    clip_fraction        | 0.104       |
|    clip_range           | 0.2         |
|    entropy_loss         | -0.544      |
|    explained_variance   | 0.0778      |
|    learning_rate        | 0.0003      |
|    loss                 | 1.05        |
|    n_updates            | 800         |
|    policy_gradient_loss | -0.00328    |
|    value_loss           | 1.85        |
-----------------------------------------
FruitCounts | {'Fruit': 0, 'DecayFruit': 2, 'EnemyFruit': 0} |
-----------------------------------------
| rollout/                |             |
|    ep_len_mean          | 622         |
|    ep_rew_mean          | -1.63       |
| time/                   |             |
|    fps                  | 153         |
|    iterations           | 82          |
|    time_elapsed         | 1094        |
|    total_timesteps      | 167936      |
| train/                  |             |
|    approx_kl            | 0.013792744 |
|    clip_fraction        | 0.0939      |
|    clip_range           | 0.2         |
|    entropy_loss         | -0.566      |
|    explained_variance   | 0.0397      |
|    learning_rate        | 0.0003      |
|    loss                 | 2.99        |
|    n_updates            | 810         |
|    policy_gradient_loss | -0.00311    |
|    value_loss           | 14.2        |
-----------------------------------------
FruitCounts | {'Fruit': 0, 'DecayFruit': 1, 'EnemyFruit': 0} |
------------------------------------------
| rollout/                |              |
|    ep_len_mean          | 633          |
|    ep_rew_mean          | -0.935       |
| time/                   |              |
|    fps                  | 153          |
|    iterations           | 83           |
|    time_elapsed         | 1104         |
|    total_timesteps      | 169984       |
| train/                  |              |
|    approx_kl            | 0.0052935164 |
|    clip_fraction        | 0.0571       |
|    clip_range           | 0.2          |
|    entropy_loss         | -0.556       |
|    explained_variance   | 0.0513       |
|    learning_rate        | 0.0003       |
|    loss                 | 4.7          |
|    n_updates            | 820          |
|    policy_gradient_loss | -0.00252     |
|    value_loss           | 6.72         |
------------------------------------------
FruitCounts | {'Fruit': 0, 'DecayFruit': 0, 'EnemyFruit': 0} |
-----------------------------------------
| rollout/                |             |
|    ep_len_mean          | 647         |
|    ep_rew_mean          | -1.55       |
| time/                   |             |
|    fps                  | 154         |
|    iterations           | 84          |
|    time_elapsed         | 1115        |
|    total_timesteps      | 172032      |
| train/                  |             |
|    approx_kl            | 0.006876774 |
|    clip_fraction        | 0.0794      |
|    clip_range           | 0.2         |
|    entropy_loss         | -0.546      |
|    explained_variance   | 0.258       |
|    learning_rate        | 0.0003      |
|    loss                 | 0.434       |
|    n_updates            | 830         |
|    policy_gradient_loss | -0.00234    |
|    value_loss           | 5.52        |
-----------------------------------------
FruitCounts | {'Fruit': 0, 'DecayFruit': 0, 'EnemyFruit': 0} |
-----------------------------------------
| rollout/                |             |
|    ep_len_mean          | 659         |
|    ep_rew_mean          | -1.33       |
| time/                   |             |
|    fps                  | 154         |
|    iterations           | 85          |
|    time_elapsed         | 1125        |
|    total_timesteps      | 174080      |
| train/                  |             |
|    approx_kl            | 0.006173156 |
|    clip_fraction        | 0.0565      |
|    clip_range           | 0.2         |
|    entropy_loss         | -0.537      |
|    explained_variance   | 0.108       |
|    learning_rate        | 0.0003      |
|    loss                 | 3.72        |
|    n_updates            | 840         |
|    policy_gradient_loss | -0.00385    |
|    value_loss           | 8.75        |
-----------------------------------------
FruitCounts | {'Fruit': 0, 'DecayFruit': 0, 'EnemyFruit': 3} |
-----------------------------------------
| rollout/                |             |
|    ep_len_mean          | 669         |
|    ep_rew_mean          | -1.66       |
| time/                   |             |
|    fps                  | 155         |
|    iterations           | 86          |
|    time_elapsed         | 1136        |
|    total_timesteps      | 176128      |
| train/                  |             |
|    approx_kl            | 0.006450688 |
|    clip_fraction        | 0.0566      |
|    clip_range           | 0.2         |
|    entropy_loss         | -0.506      |
|    explained_variance   | -0.0132     |
|    learning_rate        | 0.0003      |
|    loss                 | 9.96        |
|    n_updates            | 850         |
|    policy_gradient_loss | -0.00256    |
|    value_loss           | 4.48        |
-----------------------------------------
FruitCounts | {'Fruit': 0, 'DecayFruit': 0, 'EnemyFruit': 0} |
-----------------------------------------
| rollout/                |             |
|    ep_len_mean          | 671         |
|    ep_rew_mean          | -0.931      |
| time/                   |             |
|    fps                  | 155         |
|    iterations           | 87          |
|    time_elapsed         | 1146        |
|    total_timesteps      | 178176      |
| train/                  |             |
|    approx_kl            | 0.008892849 |
|    clip_fraction        | 0.0878      |
|    clip_range           | 0.2         |
|    entropy_loss         | -0.48       |
|    explained_variance   | -0.00254    |
|    learning_rate        | 0.0003      |
|    loss                 | 0.282       |
|    n_updates            | 860         |
|    policy_gradient_loss | -0.0047     |
|    value_loss           | 4.21        |
-----------------------------------------
FruitCounts | {'Fruit': 0, 'DecayFruit': 0, 'EnemyFruit': 0} |
------------------------------------------
| rollout/                |              |
|    ep_len_mean          | 679          |
|    ep_rew_mean          | -1.16        |
| time/                   |              |
|    fps                  | 155          |
|    iterations           | 88           |
|    time_elapsed         | 1157         |
|    total_timesteps      | 180224       |
| train/                  |              |
|    approx_kl            | 0.0069052805 |
|    clip_fraction        | 0.0625       |
|    clip_range           | 0.2          |
|    entropy_loss         | -0.501       |
|    explained_variance   | 0.0463       |
|    learning_rate        | 0.0003       |
|    loss                 | 0.807        |
|    n_updates            | 870          |
|    policy_gradient_loss | -0.00261     |
|    value_loss           | 8.07         |
------------------------------------------
FruitCounts | {'Fruit': 4, 'DecayFruit': 2, 'EnemyFruit': 8} |
------------------------------------------
| rollout/                |              |
|    ep_len_mean          | 668          |
|    ep_rew_mean          | -1.73        |
| time/                   |              |
|    fps                  | 156          |
|    iterations           | 89           |
|    time_elapsed         | 1167         |
|    total_timesteps      | 182272       |
| train/                  |              |
|    approx_kl            | 0.0073226523 |
|    clip_fraction        | 0.101        |
|    clip_range           | 0.2          |
|    entropy_loss         | -0.517       |
|    explained_variance   | 0.242        |
|    learning_rate        | 0.0003       |
|    loss                 | 0.836        |
|    n_updates            | 880          |
|    policy_gradient_loss | -0.0074      |
|    value_loss           | 4.75         |
------------------------------------------
FruitCounts | {'Fruit': 3, 'DecayFruit': 1, 'EnemyFruit': 1} |
-----------------------------------------
| rollout/                |             |
|    ep_len_mean          | 671         |
|    ep_rew_mean          | -1.43       |
| time/                   |             |
|    fps                  | 156         |
|    iterations           | 90          |
|    time_elapsed         | 1179        |
|    total_timesteps      | 184320      |
| train/                  |             |
|    approx_kl            | 0.005622028 |
|    clip_fraction        | 0.0662      |
|    clip_range           | 0.2         |
|    entropy_loss         | -0.54       |
|    explained_variance   | 0.122       |
|    learning_rate        | 0.0003      |
|    loss                 | 6.54        |
|    n_updates            | 890         |
|    policy_gradient_loss | -0.00291    |
|    value_loss           | 11          |
-----------------------------------------
FruitCounts | {'Fruit': 2, 'DecayFruit': 0, 'EnemyFruit': 0} |
------------------------------------------
| rollout/                |              |
|    ep_len_mean          | 672          |
|    ep_rew_mean          | -1.09        |
| time/                   |              |
|    fps                  | 156          |
|    iterations           | 91           |
|    time_elapsed         | 1190         |
|    total_timesteps      | 186368       |
| train/                  |              |
|    approx_kl            | 0.0048473338 |
|    clip_fraction        | 0.065        |
|    clip_range           | 0.2          |
|    entropy_loss         | -0.539       |
|    explained_variance   | 0.216        |
|    learning_rate        | 0.0003       |
|    loss                 | 6.31         |
|    n_updates            | 900          |
|    policy_gradient_loss | -0.00234     |
|    value_loss           | 4.67         |
------------------------------------------
FruitCounts | {'Fruit': 0, 'DecayFruit': 3, 'EnemyFruit': 11} |
------------------------------------------
| rollout/                |              |
|    ep_len_mean          | 679          |
|    ep_rew_mean          | -1.29        |
| time/                   |              |
|    fps                  | 156          |
|    iterations           | 92           |
|    time_elapsed         | 1200         |
|    total_timesteps      | 188416       |
| train/                  |              |
|    approx_kl            | 0.0055887904 |
|    clip_fraction        | 0.0705       |
|    clip_range           | 0.2          |
|    entropy_loss         | -0.507       |
|    explained_variance   | 0.083        |
|    learning_rate        | 0.0003       |
|    loss                 | 3.15         |
|    n_updates            | 910          |
|    policy_gradient_loss | -0.00286     |
|    value_loss           | 8.13         |
------------------------------------------
FruitCounts | {'Fruit': 0, 'DecayFruit': 0, 'EnemyFruit': 1} |
-----------------------------------------
| rollout/                |             |
|    ep_len_mean          | 691         |
|    ep_rew_mean          | -0.944      |
| time/                   |             |
|    fps                  | 156         |
|    iterations           | 93          |
|    time_elapsed         | 1213        |
|    total_timesteps      | 190464      |
| train/                  |             |
|    approx_kl            | 0.005526452 |
|    clip_fraction        | 0.0597      |
|    clip_range           | 0.2         |
|    entropy_loss         | -0.527      |
|    explained_variance   | 0.00429     |
|    learning_rate        | 0.0003      |
|    loss                 | 1.73        |
|    n_updates            | 920         |
|    policy_gradient_loss | -0.00282    |
|    value_loss           | 9.14        |
-----------------------------------------
FruitCounts | {'Fruit': 0, 'DecayFruit': 2, 'EnemyFruit': 0} |
-----------------------------------------
| rollout/                |             |
|    ep_len_mean          | 705         |
|    ep_rew_mean          | -0.672      |
| time/                   |             |
|    fps                  | 157         |
|    iterations           | 94          |
|    time_elapsed         | 1223        |
|    total_timesteps      | 192512      |
| train/                  |             |
|    approx_kl            | 0.009321485 |
|    clip_fraction        | 0.0783      |
|    clip_range           | 0.2         |
|    entropy_loss         | -0.55       |
|    explained_variance   | 0.208       |
|    learning_rate        | 0.0003      |
|    loss                 | 0.26        |
|    n_updates            | 930         |
|    policy_gradient_loss | -0.00366    |
|    value_loss           | 2.28        |
-----------------------------------------
FruitCounts | {'Fruit': 1, 'DecayFruit': 1, 'EnemyFruit': 3} |
-----------------------------------------
| rollout/                |             |
|    ep_len_mean          | 706         |
|    ep_rew_mean          | 0.386       |
| time/                   |             |
|    fps                  | 157         |
|    iterations           | 95          |
|    time_elapsed         | 1233        |
|    total_timesteps      | 194560      |
| train/                  |             |
|    approx_kl            | 0.003924796 |
|    clip_fraction        | 0.0559      |
|    clip_range           | 0.2         |
|    entropy_loss         | -0.556      |
|    explained_variance   | 0.103       |
|    learning_rate        | 0.0003      |
|    loss                 | 0.632       |
|    n_updates            | 940         |
|    policy_gradient_loss | -0.00118    |
|    value_loss           | 6.38        |
-----------------------------------------
FruitCounts | {'Fruit': 0, 'DecayFruit': 0, 'EnemyFruit': 0} |
------------------------------------------
| rollout/                |              |
|    ep_len_mean          | 722          |
|    ep_rew_mean          | 0.627        |
| time/                   |              |
|    fps                  | 158          |
|    iterations           | 96           |
|    time_elapsed         | 1244         |
|    total_timesteps      | 196608       |
| train/                  |              |
|    approx_kl            | 0.0069282604 |
|    clip_fraction        | 0.0723       |
|    clip_range           | 0.2          |
|    entropy_loss         | -0.515       |
|    explained_variance   | 0.25         |
|    learning_rate        | 0.0003       |
|    loss                 | 3.51         |
|    n_updates            | 950          |
|    policy_gradient_loss | -0.00576     |
|    value_loss           | 8.53         |
------------------------------------------
FruitCounts | {'Fruit': 0, 'DecayFruit': 0, 'EnemyFruit': 2} |
-----------------------------------------
| rollout/                |             |
|    ep_len_mean          | 731         |
|    ep_rew_mean          | 0.34        |
| time/                   |             |
|    fps                  | 158         |
|    iterations           | 97          |
|    time_elapsed         | 1255        |
|    total_timesteps      | 198656      |
| train/                  |             |
|    approx_kl            | 0.008900625 |
|    clip_fraction        | 0.119       |
|    clip_range           | 0.2         |
|    entropy_loss         | -0.523      |
|    explained_variance   | -0.0297     |
|    learning_rate        | 0.0003      |
|    loss                 | 0.654       |
|    n_updates            | 960         |
|    policy_gradient_loss | -0.00275    |
|    value_loss           | 1.92        |
-----------------------------------------
FruitCounts | {'Fruit': 0, 'DecayFruit': 0, 'EnemyFruit': 0} |
-----------------------------------------
| rollout/                |             |
|    ep_len_mean          | 705         |
|    ep_rew_mean          | 0.923       |
| time/                   |             |
|    fps                  | 158         |
|    iterations           | 98          |
|    time_elapsed         | 1266        |
|    total_timesteps      | 200704      |
| train/                  |             |
|    approx_kl            | 0.009915656 |
|    clip_fraction        | 0.108       |
|    clip_range           | 0.2         |
|    entropy_loss         | -0.512      |
|    explained_variance   | 0.312       |
|    learning_rate        | 0.0003      |
|    loss                 | 0.984       |
|    n_updates            | 970         |
|    policy_gradient_loss | -0.00509    |
|    value_loss           | 3.02        |
-----------------------------------------
FruitCounts | {'Fruit': 0, 'DecayFruit': 1, 'EnemyFruit': 3} |
------------------------------------------
| rollout/                |              |
|    ep_len_mean          | 706          |
|    ep_rew_mean          | 1.04         |
| time/                   |              |
|    fps                  | 158          |
|    iterations           | 99           |
|    time_elapsed         | 1275         |
|    total_timesteps      | 202752       |
| train/                  |              |
|    approx_kl            | 0.0033680804 |
|    clip_fraction        | 0.0484       |
|    clip_range           | 0.2          |
|    entropy_loss         | -0.507       |
|    explained_variance   | 0.0324       |
|    learning_rate        | 0.0003       |
|    loss                 | 7.18         |
|    n_updates            | 980          |
|    policy_gradient_loss | -0.00185     |
|    value_loss           | 16.8         |
------------------------------------------
FruitCounts | {'Fruit': 0, 'DecayFruit': 4, 'EnemyFruit': 5} |
----------------------------------------
| rollout/                |            |
|    ep_len_mean          | 706        |
|    ep_rew_mean          | 1.04       |
| time/                   |            |
|    fps                  | 159        |
|    iterations           | 100        |
|    time_elapsed         | 1285       |
|    total_timesteps      | 204800     |
| train/                  |            |
|    approx_kl            | 0.00701293 |
|    clip_fraction        | 0.0944     |
|    clip_range           | 0.2        |
|    entropy_loss         | -0.549     |
|    explained_variance   | 0.148      |
|    learning_rate        | 0.0003     |
|    loss                 | 1.4        |
|    n_updates            | 990        |
|    policy_gradient_loss | -0.00513   |
|    value_loss           | 7.95       |
----------------------------------------
FruitCounts | {'Fruit': 0, 'DecayFruit': 0, 'EnemyFruit': 0} |
------------------------------------------
| rollout/                |              |
|    ep_len_mean          | 737          |
|    ep_rew_mean          | 0.998        |
| time/                   |              |
|    fps                  | 159          |
|    iterations           | 101          |
|    time_elapsed         | 1299         |
|    total_timesteps      | 206848       |
| train/                  |              |
|    approx_kl            | 0.0059157736 |
|    clip_fraction        | 0.1          |
|    clip_range           | 0.2          |
|    entropy_loss         | -0.485       |
|    explained_variance   | 0.0318       |
|    learning_rate        | 0.0003       |
|    loss                 | 0.868        |
|    n_updates            | 1000         |
|    policy_gradient_loss | -0.0025      |
|    value_loss           | 1.35         |
------------------------------------------
FruitCounts | {'Fruit': 1, 'DecayFruit': 0, 'EnemyFruit': 1} |
-----------------------------------------
| rollout/                |             |
|    ep_len_mean          | 748         |
|    ep_rew_mean          | 0.533       |
| time/                   |             |
|    fps                  | 159         |
|    iterations           | 102         |
|    time_elapsed         | 1310        |
|    total_timesteps      | 208896      |
| train/                  |             |
|    approx_kl            | 0.008924093 |
|    clip_fraction        | 0.0611      |
|    clip_range           | 0.2         |
|    entropy_loss         | -0.504      |
|    explained_variance   | 0.00511     |
|    learning_rate        | 0.0003      |
|    loss                 | 6.17        |
|    n_updates            | 1010        |
|    policy_gradient_loss | -0.00274    |
|    value_loss           | 15.5        |
-----------------------------------------
FruitCounts | {'Fruit': 0, 'DecayFruit': 0, 'EnemyFruit': 0} |
------------------------------------------
| rollout/                |              |
|    ep_len_mean          | 770          |
|    ep_rew_mean          | 0.446        |
| time/                   |              |
|    fps                  | 159          |
|    iterations           | 103          |
|    time_elapsed         | 1321         |
|    total_timesteps      | 210944       |
| train/                  |              |
|    approx_kl            | 0.0042865267 |
|    clip_fraction        | 0.0683       |
|    clip_range           | 0.2          |
|    entropy_loss         | -0.488       |
|    explained_variance   | 0.33         |
|    learning_rate        | 0.0003       |
|    loss                 | 0.351        |
|    n_updates            | 1020         |
|    policy_gradient_loss | -0.00209     |
|    value_loss           | 1.47         |
------------------------------------------
FruitCounts | {'Fruit': 1, 'DecayFruit': 1, 'EnemyFruit': 4} |
-----------------------------------------
| rollout/                |             |
|    ep_len_mean          | 788         |
|    ep_rew_mean          | 0.499       |
| time/                   |             |
|    fps                  | 159         |
|    iterations           | 104         |
|    time_elapsed         | 1331        |
|    total_timesteps      | 212992      |
| train/                  |             |
|    approx_kl            | 0.006762936 |
|    clip_fraction        | 0.0633      |
|    clip_range           | 0.2         |
|    entropy_loss         | -0.468      |
|    explained_variance   | -0.0409     |
|    learning_rate        | 0.0003      |
|    loss                 | 1.06        |
|    n_updates            | 1030        |
|    policy_gradient_loss | -0.00358    |
|    value_loss           | 8.01        |
-----------------------------------------
FruitCounts | {'Fruit': 1, 'DecayFruit': 2, 'EnemyFruit': 0} |
------------------------------------------
| rollout/                |              |
|    ep_len_mean          | 810          |
|    ep_rew_mean          | 1.92         |
| time/                   |              |
|    fps                  | 160          |
|    iterations           | 105          |
|    time_elapsed         | 1343         |
|    total_timesteps      | 215040       |
| train/                  |              |
|    approx_kl            | 0.0067136567 |
|    clip_fraction        | 0.0846       |
|    clip_range           | 0.2          |
|    entropy_loss         | -0.489       |
|    explained_variance   | 0.238        |
|    learning_rate        | 0.0003       |
|    loss                 | 0.934        |
|    n_updates            | 1040         |
|    policy_gradient_loss | -0.00253     |
|    value_loss           | 2.07         |
------------------------------------------
FruitCounts | {'Fruit': 0, 'DecayFruit': 0, 'EnemyFruit': 0} |
------------------------------------------
| rollout/                |              |
|    ep_len_mean          | 812          |
|    ep_rew_mean          | 1.83         |
| time/                   |              |
|    fps                  | 160          |
|    iterations           | 106          |
|    time_elapsed         | 1354         |
|    total_timesteps      | 217088       |
| train/                  |              |
|    approx_kl            | 0.0043218294 |
|    clip_fraction        | 0.037        |
|    clip_range           | 0.2          |
|    entropy_loss         | -0.519       |
|    explained_variance   | 0.163        |
|    learning_rate        | 0.0003       |
|    loss                 | 3.15         |
|    n_updates            | 1050         |
|    policy_gradient_loss | -0.00209     |
|    value_loss           | 18.1         |
------------------------------------------
FruitCounts | {'Fruit': 0, 'DecayFruit': 0, 'EnemyFruit': 0} |
-----------------------------------------
| rollout/                |             |
|    ep_len_mean          | 822         |
|    ep_rew_mean          | 1.3         |
| time/                   |             |
|    fps                  | 160         |
|    iterations           | 107         |
|    time_elapsed         | 1365        |
|    total_timesteps      | 219136      |
| train/                  |             |
|    approx_kl            | 0.007926294 |
|    clip_fraction        | 0.0585      |
|    clip_range           | 0.2         |
|    entropy_loss         | -0.459      |
|    explained_variance   | -0.0391     |
|    learning_rate        | 0.0003      |
|    loss                 | 3.2         |
|    n_updates            | 1060        |
|    policy_gradient_loss | -0.0031     |
|    value_loss           | 11.5        |
-----------------------------------------
FruitCounts | {'Fruit': 1, 'DecayFruit': 5, 'EnemyFruit': 2} |
-----------------------------------------
| rollout/                |             |
|    ep_len_mean          | 832         |
|    ep_rew_mean          | 1.4         |
| time/                   |             |
|    fps                  | 160         |
|    iterations           | 108         |
|    time_elapsed         | 1374        |
|    total_timesteps      | 221184      |
| train/                  |             |
|    approx_kl            | 0.009364732 |
|    clip_fraction        | 0.0754      |
|    clip_range           | 0.2         |
|    entropy_loss         | -0.444      |
|    explained_variance   | 0.00413     |
|    learning_rate        | 0.0003      |
|    loss                 | 0.796       |
|    n_updates            | 1070        |
|    policy_gradient_loss | -0.00416    |
|    value_loss           | 1.64        |
-----------------------------------------
FruitCounts | {'Fruit': 0, 'DecayFruit': 0, 'EnemyFruit': 0} |
------------------------------------------
| rollout/                |              |
|    ep_len_mean          | 813          |
|    ep_rew_mean          | 2.27         |
| time/                   |              |
|    fps                  | 160          |
|    iterations           | 109          |
|    time_elapsed         | 1386         |
|    total_timesteps      | 223232       |
| train/                  |              |
|    approx_kl            | 0.0038095703 |
|    clip_fraction        | 0.0661       |
|    clip_range           | 0.2          |
|    entropy_loss         | -0.433       |
|    explained_variance   | 0.126        |
|    learning_rate        | 0.0003       |
|    loss                 | 8.9          |
|    n_updates            | 1080         |
|    policy_gradient_loss | -0.00211     |
|    value_loss           | 8.82         |
------------------------------------------
FruitCounts | {'Fruit': 1, 'DecayFruit': 0, 'EnemyFruit': 0} |
------------------------------------------
| rollout/                |              |
|    ep_len_mean          | 826          |
|    ep_rew_mean          | 2.48         |
| time/                   |              |
|    fps                  | 161          |
|    iterations           | 110          |
|    time_elapsed         | 1397         |
|    total_timesteps      | 225280       |
| train/                  |              |
|    approx_kl            | 0.0037494972 |
|    clip_fraction        | 0.055        |
|    clip_range           | 0.2          |
|    entropy_loss         | -0.419       |
|    explained_variance   | -0.0534      |
|    learning_rate        | 0.0003       |
|    loss                 | 3.29         |
|    n_updates            | 1090         |
|    policy_gradient_loss | -0.00147     |
|    value_loss           | 6.69         |
------------------------------------------
FruitCounts | {'Fruit': 0, 'DecayFruit': 2, 'EnemyFruit': 0} |
-----------------------------------------
| rollout/                |             |
|    ep_len_mean          | 833         |
|    ep_rew_mean          | 3.73        |
| time/                   |             |
|    fps                  | 161         |
|    iterations           | 111         |
|    time_elapsed         | 1409        |
|    total_timesteps      | 227328      |
| train/                  |             |
|    approx_kl            | 0.007129536 |
|    clip_fraction        | 0.061       |
|    clip_range           | 0.2         |
|    entropy_loss         | -0.451      |
|    explained_variance   | 0.0662      |
|    learning_rate        | 0.0003      |
|    loss                 | 8.66        |
|    n_updates            | 1100        |
|    policy_gradient_loss | -0.00136    |
|    value_loss           | 10.4        |
-----------------------------------------
FruitCounts | {'Fruit': 0, 'DecayFruit': 1, 'EnemyFruit': 0} |
-----------------------------------------
| rollout/                |             |
|    ep_len_mean          | 833         |
|    ep_rew_mean          | 4.01        |
| time/                   |             |
|    fps                  | 161         |
|    iterations           | 112         |
|    time_elapsed         | 1420        |
|    total_timesteps      | 229376      |
| train/                  |             |
|    approx_kl            | 0.005701683 |
|    clip_fraction        | 0.0663      |
|    clip_range           | 0.2         |
|    entropy_loss         | -0.449      |
|    explained_variance   | 0.0305      |
|    learning_rate        | 0.0003      |
|    loss                 | 7.23        |
|    n_updates            | 1110        |
|    policy_gradient_loss | -0.00474    |
|    value_loss           | 19.9        |
-----------------------------------------
FruitCounts | {'Fruit': 0, 'DecayFruit': 5, 'EnemyFruit': 0} |
-----------------------------------------
| rollout/                |             |
|    ep_len_mean          | 833         |
|    ep_rew_mean          | 4.01        |
| time/                   |             |
|    fps                  | 161         |
|    iterations           | 113         |
|    time_elapsed         | 1429        |
|    total_timesteps      | 231424      |
| train/                  |             |
|    approx_kl            | 0.009352924 |
|    clip_fraction        | 0.0642      |
|    clip_range           | 0.2         |
|    entropy_loss         | -0.446      |
|    explained_variance   | 0.064       |
|    learning_rate        | 0.0003      |
|    loss                 | 2.35        |
|    n_updates            | 1120        |
|    policy_gradient_loss | -0.0039     |
|    value_loss           | 10.7        |
-----------------------------------------
FruitCounts | {'Fruit': 3, 'DecayFruit': 2, 'EnemyFruit': 0} |
------------------------------------------
| rollout/                |              |
|    ep_len_mean          | 824          |
|    ep_rew_mean          | 4.06         |
| time/                   |              |
|    fps                  | 161          |
|    iterations           | 114          |
|    time_elapsed         | 1441         |
|    total_timesteps      | 233472       |
| train/                  |              |
|    approx_kl            | 0.0064542666 |
|    clip_fraction        | 0.0697       |
|    clip_range           | 0.2          |
|    entropy_loss         | -0.403       |
|    explained_variance   | -0.0917      |
|    learning_rate        | 0.0003       |
|    loss                 | 4.92         |
|    n_updates            | 1130         |
|    policy_gradient_loss | -0.00373     |
|    value_loss           | 9.04         |
------------------------------------------
FruitCounts | {'Fruit': 0, 'DecayFruit': 1, 'EnemyFruit': 0} |
-----------------------------------------
| rollout/                |             |
|    ep_len_mean          | 761         |
|    ep_rew_mean          | 3.85        |
| time/                   |             |
|    fps                  | 162         |
|    iterations           | 115         |
|    time_elapsed         | 1453        |
|    total_timesteps      | 235520      |
| train/                  |             |
|    approx_kl            | 0.006478674 |
|    clip_fraction        | 0.0739      |
|    clip_range           | 0.2         |
|    entropy_loss         | -0.488      |
|    explained_variance   | 0.0335      |
|    learning_rate        | 0.0003      |
|    loss                 | 6.36        |
|    n_updates            | 1140        |
|    policy_gradient_loss | -0.00407    |
|    value_loss           | 10.6        |
-----------------------------------------
FruitCounts | {'Fruit': 0, 'DecayFruit': 0, 'EnemyFruit': 0} |
------------------------------------------
| rollout/                |              |
|    ep_len_mean          | 719          |
|    ep_rew_mean          | 4.56         |
| time/                   |              |
|    fps                  | 162          |
|    iterations           | 116          |
|    time_elapsed         | 1465         |
|    total_timesteps      | 237568       |
| train/                  |              |
|    approx_kl            | 0.0065807262 |
|    clip_fraction        | 0.0819       |
|    clip_range           | 0.2          |
|    entropy_loss         | -0.464       |
|    explained_variance   | 0.0831       |
|    learning_rate        | 0.0003       |
|    loss                 | 1.9          |
|    n_updates            | 1150         |
|    policy_gradient_loss | -0.00247     |
|    value_loss           | 11.6         |
------------------------------------------
FruitCounts | {'Fruit': 0, 'DecayFruit': 1, 'EnemyFruit': 1} |
------------------------------------------
| rollout/                |              |
|    ep_len_mean          | 694          |
|    ep_rew_mean          | 4.27         |
| time/                   |              |
|    fps                  | 162          |
|    iterations           | 117          |
|    time_elapsed         | 1476         |
|    total_timesteps      | 239616       |
| train/                  |              |
|    approx_kl            | 0.0056549776 |
|    clip_fraction        | 0.0625       |
|    clip_range           | 0.2          |
|    entropy_loss         | -0.462       |
|    explained_variance   | -0.00514     |
|    learning_rate        | 0.0003       |
|    loss                 | 6.05         |
|    n_updates            | 1160         |
|    policy_gradient_loss | -0.000858    |
|    value_loss           | 15.9         |
------------------------------------------
FruitCounts | {'Fruit': 1, 'DecayFruit': 1, 'EnemyFruit': 0} |
-----------------------------------------
| rollout/                |             |
|    ep_len_mean          | 699         |
|    ep_rew_mean          | 5.16        |
| time/                   |             |
|    fps                  | 162         |
|    iterations           | 118         |
|    time_elapsed         | 1487        |
|    total_timesteps      | 241664      |
| train/                  |             |
|    approx_kl            | 0.009829396 |
|    clip_fraction        | 0.077       |
|    clip_range           | 0.2         |
|    entropy_loss         | -0.452      |
|    explained_variance   | 0.06        |
|    learning_rate        | 0.0003      |
|    loss                 | 3.4         |
|    n_updates            | 1170        |
|    policy_gradient_loss | -0.00171    |
|    value_loss           | 12.9        |
-----------------------------------------
FruitCounts | {'Fruit': 0, 'DecayFruit': 0, 'EnemyFruit': 0} |
-----------------------------------------
| rollout/                |             |
|    ep_len_mean          | 683         |
|    ep_rew_mean          | 5.85        |
| time/                   |             |
|    fps                  | 162         |
|    iterations           | 119         |
|    time_elapsed         | 1496        |
|    total_timesteps      | 243712      |
| train/                  |             |
|    approx_kl            | 0.010125225 |
|    clip_fraction        | 0.072       |
|    clip_range           | 0.2         |
|    entropy_loss         | -0.43       |
|    explained_variance   | 0.205       |
|    learning_rate        | 0.0003      |
|    loss                 | 3.23        |
|    n_updates            | 1180        |
|    policy_gradient_loss | -0.00306    |
|    value_loss           | 10.4        |
-----------------------------------------
FruitCounts | {'Fruit': 0, 'DecayFruit': 2, 'EnemyFruit': 4} |
-----------------------------------------
| rollout/                |             |
|    ep_len_mean          | 695         |
|    ep_rew_mean          | 6.31        |
| time/                   |             |
|    fps                  | 162         |
|    iterations           | 120         |
|    time_elapsed         | 1508        |
|    total_timesteps      | 245760      |
| train/                  |             |
|    approx_kl            | 0.007996412 |
|    clip_fraction        | 0.0582      |
|    clip_range           | 0.2         |
|    entropy_loss         | -0.42       |
|    explained_variance   | -0.0385     |
|    learning_rate        | 0.0003      |
|    loss                 | 2.12        |
|    n_updates            | 1190        |
|    policy_gradient_loss | -0.00261    |
|    value_loss           | 10.4        |
-----------------------------------------
FruitCounts | {'Fruit': 0, 'DecayFruit': 1, 'EnemyFruit': 0} |
-----------------------------------------
| rollout/                |             |
|    ep_len_mean          | 697         |
|    ep_rew_mean          | 6.04        |
| time/                   |             |
|    fps                  | 163         |
|    iterations           | 121         |
|    time_elapsed         | 1519        |
|    total_timesteps      | 247808      |
| train/                  |             |
|    approx_kl            | 0.004440793 |
|    clip_fraction        | 0.0532      |
|    clip_range           | 0.2         |
|    entropy_loss         | -0.41       |
|    explained_variance   | -0.00517    |
|    learning_rate        | 0.0003      |
|    loss                 | 1.16        |
|    n_updates            | 1200        |
|    policy_gradient_loss | -0.00175    |
|    value_loss           | 10          |
-----------------------------------------
FruitCounts | {'Fruit': 1, 'DecayFruit': 1, 'EnemyFruit': 1} |
-----------------------------------------
| rollout/                |             |
|    ep_len_mean          | 708         |
|    ep_rew_mean          | 7.82        |
| time/                   |             |
|    fps                  | 163         |
|    iterations           | 122         |
|    time_elapsed         | 1530        |
|    total_timesteps      | 249856      |
| train/                  |             |
|    approx_kl            | 0.012520725 |
|    clip_fraction        | 0.101       |
|    clip_range           | 0.2         |
|    entropy_loss         | -0.44       |
|    explained_variance   | 0.136       |
|    learning_rate        | 0.0003      |
|    loss                 | 3.23        |
|    n_updates            | 1210        |
|    policy_gradient_loss | -0.00433    |
|    value_loss           | 8.94        |
-----------------------------------------
FruitCounts | {'Fruit': 1, 'DecayFruit': 1, 'EnemyFruit': 0} |
-----------------------------------------
| rollout/                |             |
|    ep_len_mean          | 717         |
|    ep_rew_mean          | 7.88        |
| time/                   |             |
|    fps                  | 163         |
|    iterations           | 123         |
|    time_elapsed         | 1540        |
|    total_timesteps      | 251904      |
| train/                  |             |
|    approx_kl            | 0.005647937 |
|    clip_fraction        | 0.0555      |
|    clip_range           | 0.2         |
|    entropy_loss         | -0.427      |
|    explained_variance   | -0.00226    |
|    learning_rate        | 0.0003      |
|    loss                 | 5.66        |
|    n_updates            | 1220        |
|    policy_gradient_loss | -0.00317    |
|    value_loss           | 16.9        |
-----------------------------------------
FruitCounts | {'Fruit': 0, 'DecayFruit': 1, 'EnemyFruit': 1} |
-----------------------------------------
| rollout/                |             |
|    ep_len_mean          | 722         |
|    ep_rew_mean          | 7.98        |
| time/                   |             |
|    fps                  | 163         |
|    iterations           | 124         |
|    time_elapsed         | 1551        |
|    total_timesteps      | 253952      |
| train/                  |             |
|    approx_kl            | 0.012555273 |
|    clip_fraction        | 0.103       |
|    clip_range           | 0.2         |
|    entropy_loss         | -0.391      |
|    explained_variance   | 0.288       |
|    learning_rate        | 0.0003      |
|    loss                 | 1.18        |
|    n_updates            | 1230        |
|    policy_gradient_loss | -0.00231    |
|    value_loss           | 3.33        |
-----------------------------------------
FruitCounts | {'Fruit': 0, 'DecayFruit': 1, 'EnemyFruit': 3} |
------------------------------------------
| rollout/                |              |
|    ep_len_mean          | 735          |
|    ep_rew_mean          | 7.9          |
| time/                   |              |
|    fps                  | 163          |
|    iterations           | 125          |
|    time_elapsed         | 1561         |
|    total_timesteps      | 256000       |
| train/                  |              |
|    approx_kl            | 0.0035575777 |
|    clip_fraction        | 0.0995       |
|    clip_range           | 0.2          |
|    entropy_loss         | -0.404       |
|    explained_variance   | 0.0337       |
|    learning_rate        | 0.0003       |
|    loss                 | 1.72         |
|    n_updates            | 1240         |
|    policy_gradient_loss | -0.00327     |
|    value_loss           | 11.3         |
------------------------------------------
FruitCounts | {'Fruit': 0, 'DecayFruit': 0, 'EnemyFruit': 0} |
-----------------------------------------
| rollout/                |             |
|    ep_len_mean          | 747         |
|    ep_rew_mean          | 7.22        |
| time/                   |             |
|    fps                  | 164         |
|    iterations           | 126         |
|    time_elapsed         | 1572        |
|    total_timesteps      | 258048      |
| train/                  |             |
|    approx_kl            | 0.008668905 |
|    clip_fraction        | 0.0762      |
|    clip_range           | 0.2         |
|    entropy_loss         | -0.392      |
|    explained_variance   | -0.12       |
|    learning_rate        | 0.0003      |
|    loss                 | 0.52        |
|    n_updates            | 1250        |
|    policy_gradient_loss | -0.00196    |
|    value_loss           | 1.23        |
-----------------------------------------
FruitCounts | {'Fruit': 0, 'DecayFruit': 0, 'EnemyFruit': 0} |
------------------------------------------
| rollout/                |              |
|    ep_len_mean          | 764          |
|    ep_rew_mean          | 7.31         |
| time/                   |              |
|    fps                  | 164          |
|    iterations           | 127          |
|    time_elapsed         | 1584         |
|    total_timesteps      | 260096       |
| train/                  |              |
|    approx_kl            | 0.0048996597 |
|    clip_fraction        | 0.0743       |
|    clip_range           | 0.2          |
|    entropy_loss         | -0.422       |
|    explained_variance   | 0.0626       |
|    learning_rate        | 0.0003       |
|    loss                 | 1.09         |
|    n_updates            | 1260         |
|    policy_gradient_loss | -0.00281     |
|    value_loss           | 4.07         |
------------------------------------------
FruitCounts | {'Fruit': 4, 'DecayFruit': 2, 'EnemyFruit': 1} |
-----------------------------------------
| rollout/                |             |
|    ep_len_mean          | 767         |
|    ep_rew_mean          | 7.63        |
| time/                   |             |
|    fps                  | 164         |
|    iterations           | 128         |
|    time_elapsed         | 1593        |
|    total_timesteps      | 262144      |
| train/                  |             |
|    approx_kl            | 0.011752732 |
|    clip_fraction        | 0.0844      |
|    clip_range           | 0.2         |
|    entropy_loss         | -0.407      |
|    explained_variance   | -0.0118     |
|    learning_rate        | 0.0003      |
|    loss                 | 2.6         |
|    n_updates            | 1270        |
|    policy_gradient_loss | -0.00208    |
|    value_loss           | 4.37        |
-----------------------------------------
FruitCounts | {'Fruit': 0, 'DecayFruit': 1, 'EnemyFruit': 1} |
----------------------------------------
| rollout/                |            |
|    ep_len_mean          | 776        |
|    ep_rew_mean          | 7.83       |
| time/                   |            |
|    fps                  | 164        |
|    iterations           | 129        |
|    time_elapsed         | 1604       |
|    total_timesteps      | 264192     |
| train/                  |            |
|    approx_kl            | 0.00954368 |
|    clip_fraction        | 0.0511     |
|    clip_range           | 0.2        |
|    entropy_loss         | -0.415     |
|    explained_variance   | 0.104      |
|    learning_rate        | 0.0003     |
|    loss                 | 2.39       |
|    n_updates            | 1280       |
|    policy_gradient_loss | -0.0023    |
|    value_loss           | 6.73       |
----------------------------------------
FruitCounts | {'Fruit': 0, 'DecayFruit': 0, 'EnemyFruit': 0} |
----------------------------------------
| rollout/                |            |
|    ep_len_mean          | 762        |
|    ep_rew_mean          | 7.14       |
| time/                   |            |
|    fps                  | 164        |
|    iterations           | 130        |
|    time_elapsed         | 1616       |
|    total_timesteps      | 266240     |
| train/                  |            |
|    approx_kl            | 0.00638245 |
|    clip_fraction        | 0.0854     |
|    clip_range           | 0.2        |
|    entropy_loss         | -0.398     |
|    explained_variance   | -0.282     |
|    learning_rate        | 0.0003     |
|    loss                 | 0.865      |
|    n_updates            | 1290       |
|    policy_gradient_loss | -0.0041    |
|    value_loss           | 1.56       |
----------------------------------------
FruitCounts | {'Fruit': 0, 'DecayFruit': 0, 'EnemyFruit': 0} |
-----------------------------------------
| rollout/                |             |
|    ep_len_mean          | 767         |
|    ep_rew_mean          | 7.46        |
| time/                   |             |
|    fps                  | 164         |
|    iterations           | 131         |
|    time_elapsed         | 1626        |
|    total_timesteps      | 268288      |
| train/                  |             |
|    approx_kl            | 0.005257395 |
|    clip_fraction        | 0.0632      |
|    clip_range           | 0.2         |
|    entropy_loss         | -0.398      |
|    explained_variance   | 0.0806      |
|    learning_rate        | 0.0003      |
|    loss                 | 7.07        |
|    n_updates            | 1300        |
|    policy_gradient_loss | -0.00567    |
|    value_loss           | 6.73        |
-----------------------------------------
FruitCounts | {'Fruit': 0, 'DecayFruit': 5, 'EnemyFruit': 0} |
-----------------------------------------
| rollout/                |             |
|    ep_len_mean          | 767         |
|    ep_rew_mean          | 7.46        |
| time/                   |             |
|    fps                  | 165         |
|    iterations           | 132         |
|    time_elapsed         | 1635        |
|    total_timesteps      | 270336      |
| train/                  |             |
|    approx_kl            | 0.008132357 |
|    clip_fraction        | 0.0633      |
|    clip_range           | 0.2         |
|    entropy_loss         | -0.402      |
|    explained_variance   | 0.0138      |
|    learning_rate        | 0.0003      |
|    loss                 | 0.738       |
|    n_updates            | 1310        |
|    policy_gradient_loss | -0.00198    |
|    value_loss           | 8.38        |
-----------------------------------------
FruitCounts | {'Fruit': 1, 'DecayFruit': 2, 'EnemyFruit': 4} |
------------------------------------------
| rollout/                |              |
|    ep_len_mean          | 778          |
|    ep_rew_mean          | 7.32         |
| time/                   |              |
|    fps                  | 165          |
|    iterations           | 133          |
|    time_elapsed         | 1647         |
|    total_timesteps      | 272384       |
| train/                  |              |
|    approx_kl            | 0.0060071927 |
|    clip_fraction        | 0.0885       |
|    clip_range           | 0.2          |
|    entropy_loss         | -0.36        |
|    explained_variance   | 0.0446       |
|    learning_rate        | 0.0003       |
|    loss                 | 10.9         |
|    n_updates            | 1320         |
|    policy_gradient_loss | -0.00383     |
|    value_loss           | 7.39         |
------------------------------------------
FruitCounts | {'Fruit': 0, 'DecayFruit': 0, 'EnemyFruit': 0} |
------------------------------------------
| rollout/                |              |
|    ep_len_mean          | 769          |
|    ep_rew_mean          | 7.22         |
| time/                   |              |
|    fps                  | 165          |
|    iterations           | 134          |
|    time_elapsed         | 1659         |
|    total_timesteps      | 274432       |
| train/                  |              |
|    approx_kl            | 0.0057814205 |
|    clip_fraction        | 0.0649       |
|    clip_range           | 0.2          |
|    entropy_loss         | -0.425       |
|    explained_variance   | 0.0344       |
|    learning_rate        | 0.0003       |
|    loss                 | 1.08         |
|    n_updates            | 1330         |
|    policy_gradient_loss | -0.000959    |
|    value_loss           | 4.06         |
------------------------------------------
FruitCounts | {'Fruit': 0, 'DecayFruit': 4, 'EnemyFruit': 3} |
-----------------------------------------
| rollout/                |             |
|    ep_len_mean          | 773         |
|    ep_rew_mean          | 7.64        |
| time/                   |             |
|    fps                  | 165         |
|    iterations           | 135         |
|    time_elapsed         | 1670        |
|    total_timesteps      | 276480      |
| train/                  |             |
|    approx_kl            | 0.006570714 |
|    clip_fraction        | 0.075       |
|    clip_range           | 0.2         |
|    entropy_loss         | -0.408      |
|    explained_variance   | 0.0413      |
|    learning_rate        | 0.0003      |
|    loss                 | 7.51        |
|    n_updates            | 1340        |
|    policy_gradient_loss | -0.00288    |
|    value_loss           | 10.7        |
-----------------------------------------
FruitCounts | {'Fruit': 1, 'DecayFruit': 2, 'EnemyFruit': 2} |
----------------------------------------
| rollout/                |            |
|    ep_len_mean          | 783        |
|    ep_rew_mean          | 8.77       |
| time/                   |            |
|    fps                  | 165        |
|    iterations           | 136        |
|    time_elapsed         | 1680       |
|    total_timesteps      | 278528     |
| train/                  |            |
|    approx_kl            | 0.00421736 |
|    clip_fraction        | 0.0678     |
|    clip_range           | 0.2        |
|    entropy_loss         | -0.398     |
|    explained_variance   | 0.0402     |
|    learning_rate        | 0.0003     |
|    loss                 | 0.759      |
|    n_updates            | 1350       |
|    policy_gradient_loss | -0.00417   |
|    value_loss           | 8.19       |
----------------------------------------
FruitCounts | {'Fruit': 1, 'DecayFruit': 1, 'EnemyFruit': 2} |
------------------------------------------
| rollout/                |              |
|    ep_len_mean          | 788          |
|    ep_rew_mean          | 8.34         |
| time/                   |              |
|    fps                  | 165          |
|    iterations           | 137          |
|    time_elapsed         | 1690         |
|    total_timesteps      | 280576       |
| train/                  |              |
|    approx_kl            | 0.0079659205 |
|    clip_fraction        | 0.0589       |
|    clip_range           | 0.2          |
|    entropy_loss         | -0.37        |
|    explained_variance   | -0.0799      |
|    learning_rate        | 0.0003       |
|    loss                 | 6.68         |
|    n_updates            | 1360         |
|    policy_gradient_loss | -0.00169     |
|    value_loss           | 9.03         |
------------------------------------------
FruitCounts | {'Fruit': 0, 'DecayFruit': 1, 'EnemyFruit': 0} |
-----------------------------------------
| rollout/                |             |
|    ep_len_mean          | 808         |
|    ep_rew_mean          | 8.4         |
| time/                   |             |
|    fps                  | 166         |
|    iterations           | 138         |
|    time_elapsed         | 1701        |
|    total_timesteps      | 282624      |
| train/                  |             |
|    approx_kl            | 0.013738563 |
|    clip_fraction        | 0.106       |
|    clip_range           | 0.2         |
|    entropy_loss         | -0.412      |
|    explained_variance   | 0.306       |
|    learning_rate        | 0.0003      |
|    loss                 | 0.265       |
|    n_updates            | 1370        |
|    policy_gradient_loss | -0.00492    |
|    value_loss           | 1.45        |
-----------------------------------------
FruitCounts | {'Fruit': 0, 'DecayFruit': 1, 'EnemyFruit': 4} |
------------------------------------------
| rollout/                |              |
|    ep_len_mean          | 824          |
|    ep_rew_mean          | 8.78         |
| time/                   |              |
|    fps                  | 166          |
|    iterations           | 139          |
|    time_elapsed         | 1712         |
|    total_timesteps      | 284672       |
| train/                  |              |
|    approx_kl            | 0.0048585385 |
|    clip_fraction        | 0.0571       |
|    clip_range           | 0.2          |
|    entropy_loss         | -0.398       |
|    explained_variance   | 0.147        |
|    learning_rate        | 0.0003       |
|    loss                 | 1.17         |
|    n_updates            | 1380         |
|    policy_gradient_loss | -0.00316     |
|    value_loss           | 12.2         |
------------------------------------------
FruitCounts | {'Fruit': 0, 'DecayFruit': 1, 'EnemyFruit': 1} |
-----------------------------------------
| rollout/                |             |
|    ep_len_mean          | 850         |
|    ep_rew_mean          | 8           |
| time/                   |             |
|    fps                  | 166         |
|    iterations           | 140         |
|    time_elapsed         | 1724        |
|    total_timesteps      | 286720      |
| train/                  |             |
|    approx_kl            | 0.007926736 |
|    clip_fraction        | 0.0624      |
|    clip_range           | 0.2         |
|    entropy_loss         | -0.37       |
|    explained_variance   | -0.144      |
|    learning_rate        | 0.0003      |
|    loss                 | 6.51        |
|    n_updates            | 1390        |
|    policy_gradient_loss | -0.00299    |
|    value_loss           | 5.28        |
-----------------------------------------
FruitCounts | {'Fruit': 0, 'DecayFruit': 0, 'EnemyFruit': 0} |
------------------------------------------
| rollout/                |              |
|    ep_len_mean          | 836          |
|    ep_rew_mean          | 9.53         |
| time/                   |              |
|    fps                  | 166          |
|    iterations           | 141          |
|    time_elapsed         | 1735         |
|    total_timesteps      | 288768       |
| train/                  |              |
|    approx_kl            | 0.0061207465 |
|    clip_fraction        | 0.0658       |
|    clip_range           | 0.2          |
|    entropy_loss         | -0.375       |
|    explained_variance   | 0.0407       |
|    learning_rate        | 0.0003       |
|    loss                 | 1.09         |
|    n_updates            | 1400         |
|    policy_gradient_loss | -0.00176     |
|    value_loss           | 4.57         |
------------------------------------------
FruitCounts | {'Fruit': 0, 'DecayFruit': 1, 'EnemyFruit': 3} |
-----------------------------------------
| rollout/                |             |
|    ep_len_mean          | 846         |
|    ep_rew_mean          | 10.1        |
| time/                   |             |
|    fps                  | 166         |
|    iterations           | 142         |
|    time_elapsed         | 1744        |
|    total_timesteps      | 290816      |
| train/                  |             |
|    approx_kl            | 0.005254958 |
|    clip_fraction        | 0.0519      |
|    clip_range           | 0.2         |
|    entropy_loss         | -0.38       |
|    explained_variance   | 0.478       |
|    learning_rate        | 0.0003      |
|    loss                 | 2.42        |
|    n_updates            | 1410        |
|    policy_gradient_loss | -0.00242    |
|    value_loss           | 10.2        |
-----------------------------------------
FruitCounts | {'Fruit': 3, 'DecayFruit': 2, 'EnemyFruit': 4} |
------------------------------------------
| rollout/                |              |
|    ep_len_mean          | 861          |
|    ep_rew_mean          | 11           |
| time/                   |              |
|    fps                  | 166          |
|    iterations           | 143          |
|    time_elapsed         | 1754         |
|    total_timesteps      | 292864       |
| train/                  |              |
|    approx_kl            | 0.0054612095 |
|    clip_fraction        | 0.0581       |
|    clip_range           | 0.2          |
|    entropy_loss         | -0.345       |
|    explained_variance   | 0.128        |
|    learning_rate        | 0.0003       |
|    loss                 | 2.66         |
|    n_updates            | 1420         |
|    policy_gradient_loss | -0.003       |
|    value_loss           | 12.8         |
------------------------------------------
FruitCounts | {'Fruit': 0, 'DecayFruit': 0, 'EnemyFruit': 1} |
------------------------------------------
| rollout/                |              |
|    ep_len_mean          | 850          |
|    ep_rew_mean          | 11.2         |
| time/                   |              |
|    fps                  | 166          |
|    iterations           | 144          |
|    time_elapsed         | 1766         |
|    total_timesteps      | 294912       |
| train/                  |              |
|    approx_kl            | 0.0043162117 |
|    clip_fraction        | 0.0516       |
|    clip_range           | 0.2          |
|    entropy_loss         | -0.344       |
|    explained_variance   | -0.0522      |
|    learning_rate        | 0.0003       |
|    loss                 | 7.52         |
|    n_updates            | 1430         |
|    policy_gradient_loss | -0.00161     |
|    value_loss           | 14.4         |
------------------------------------------
FruitCounts | {'Fruit': 0, 'DecayFruit': 1, 'EnemyFruit': 3} |
------------------------------------------
| rollout/                |              |
|    ep_len_mean          | 862          |
|    ep_rew_mean          | 11.5         |
| time/                   |              |
|    fps                  | 167          |
|    iterations           | 145          |
|    time_elapsed         | 1776         |
|    total_timesteps      | 296960       |
| train/                  |              |
|    approx_kl            | 0.0070098797 |
|    clip_fraction        | 0.0837       |
|    clip_range           | 0.2          |
|    entropy_loss         | -0.384       |
|    explained_variance   | 0.0379       |
|    learning_rate        | 0.0003       |
|    loss                 | 1.48         |
|    n_updates            | 1440         |
|    policy_gradient_loss | -0.00442     |
|    value_loss           | 7.68         |
------------------------------------------
FruitCounts | {'Fruit': 0, 'DecayFruit': 1, 'EnemyFruit': 1} |
-----------------------------------------
| rollout/                |             |
|    ep_len_mean          | 853         |
|    ep_rew_mean          | 12.1        |
| time/                   |             |
|    fps                  | 167         |
|    iterations           | 146         |
|    time_elapsed         | 1785        |
|    total_timesteps      | 299008      |
| train/                  |             |
|    approx_kl            | 0.004302222 |
|    clip_fraction        | 0.0678      |
|    clip_range           | 0.2         |
|    entropy_loss         | -0.356      |
|    explained_variance   | 0.00512     |
|    learning_rate        | 0.0003      |
|    loss                 | 10.3        |
|    n_updates            | 1450        |
|    policy_gradient_loss | 0.000265    |
|    value_loss           | 6.51        |
-----------------------------------------
FruitCounts | {'Fruit': 0, 'DecayFruit': 0, 'EnemyFruit': 1} |
-----------------------------------------
| rollout/                |             |
|    ep_len_mean          | 851         |
|    ep_rew_mean          | 11.4        |
| time/                   |             |
|    fps                  | 167         |
|    iterations           | 147         |
|    time_elapsed         | 1798        |
|    total_timesteps      | 301056      |
| train/                  |             |
|    approx_kl            | 0.005818852 |
|    clip_fraction        | 0.0697      |
|    clip_range           | 0.2         |
|    entropy_loss         | -0.333      |
|    explained_variance   | 0.0675      |
|    learning_rate        | 0.0003      |
|    loss                 | 3.38        |
|    n_updates            | 1460        |
|    policy_gradient_loss | -0.00335    |
|    value_loss           | 6.46        |
-----------------------------------------
FruitCounts | {'Fruit': 2, 'DecayFruit': 2, 'EnemyFruit': 1} |
-----------------------------------------
| rollout/                |             |
|    ep_len_mean          | 850         |
|    ep_rew_mean          | 11.2        |
| time/                   |             |
|    fps                  | 167         |
|    iterations           | 148         |
|    time_elapsed         | 1808        |
|    total_timesteps      | 303104      |
| train/                  |             |
|    approx_kl            | 0.005989418 |
|    clip_fraction        | 0.0554      |
|    clip_range           | 0.2         |
|    entropy_loss         | -0.347      |
|    explained_variance   | 0.049       |
|    learning_rate        | 0.0003      |
|    loss                 | 10.2        |
|    n_updates            | 1470        |
|    policy_gradient_loss | -0.00337    |
|    value_loss           | 16.5        |
-----------------------------------------
FruitCounts | {'Fruit': 0, 'DecayFruit': 2, 'EnemyFruit': 0} |
------------------------------------------
| rollout/                |              |
|    ep_len_mean          | 840          |
|    ep_rew_mean          | 11.7         |
| time/                   |              |
|    fps                  | 167          |
|    iterations           | 149          |
|    time_elapsed         | 1818         |
|    total_timesteps      | 305152       |
| train/                  |              |
|    approx_kl            | 0.0089129675 |
|    clip_fraction        | 0.0562       |
|    clip_range           | 0.2          |
|    entropy_loss         | -0.392       |
|    explained_variance   | 0.0308       |
|    learning_rate        | 0.0003       |
|    loss                 | 0.819        |
|    n_updates            | 1480         |
|    policy_gradient_loss | -0.00199     |
|    value_loss           | 9.8          |
------------------------------------------
FruitCounts | {'Fruit': 0, 'DecayFruit': 2, 'EnemyFruit': 5} |
-----------------------------------------
| rollout/                |             |
|    ep_len_mean          | 841         |
|    ep_rew_mean          | 11.4        |
| time/                   |             |
|    fps                  | 168         |
|    iterations           | 150         |
|    time_elapsed         | 1828        |
|    total_timesteps      | 307200      |
| train/                  |             |
|    approx_kl            | 0.009477213 |
|    clip_fraction        | 0.072       |
|    clip_range           | 0.2         |
|    entropy_loss         | -0.355      |
|    explained_variance   | 0.143       |
|    learning_rate        | 0.0003      |
|    loss                 | 1.53        |
|    n_updates            | 1490        |
|    policy_gradient_loss | -0.00287    |
|    value_loss           | 5.57        |
-----------------------------------------
FruitCounts | {'Fruit': 0, 'DecayFruit': 0, 'EnemyFruit': 2} |
------------------------------------------
| rollout/                |              |
|    ep_len_mean          | 864          |
|    ep_rew_mean          | 12.4         |
| time/                   |              |
|    fps                  | 168          |
|    iterations           | 151          |
|    time_elapsed         | 1840         |
|    total_timesteps      | 309248       |
| train/                  |              |
|    approx_kl            | 0.0063214386 |
|    clip_fraction        | 0.0795       |
|    clip_range           | 0.2          |
|    entropy_loss         | -0.367       |
|    explained_variance   | -0.0627      |
|    learning_rate        | 0.0003       |
|    loss                 | 1.01         |
|    n_updates            | 1500         |
|    policy_gradient_loss | -0.000998    |
|    value_loss           | 4.79         |
------------------------------------------
FruitCounts | {'Fruit': 0, 'DecayFruit': 0, 'EnemyFruit': 2} |
------------------------------------------
| rollout/                |              |
|    ep_len_mean          | 856          |
|    ep_rew_mean          | 13.2         |
| time/                   |              |
|    fps                  | 168          |
|    iterations           | 152          |
|    time_elapsed         | 1850         |
|    total_timesteps      | 311296       |
| train/                  |              |
|    approx_kl            | 0.0076547074 |
|    clip_fraction        | 0.0709       |
|    clip_range           | 0.2          |
|    entropy_loss         | -0.357       |
|    explained_variance   | -0.0178      |
|    learning_rate        | 0.0003       |
|    loss                 | 2.17         |
|    n_updates            | 1510         |
|    policy_gradient_loss | -0.00314     |
|    value_loss           | 11           |
------------------------------------------
FruitCounts | {'Fruit': 0, 'DecayFruit': 0, 'EnemyFruit': 1} |
-----------------------------------------
| rollout/                |             |
|    ep_len_mean          | 867         |
|    ep_rew_mean          | 12.4        |
| time/                   |             |
|    fps                  | 168         |
|    iterations           | 153         |
|    time_elapsed         | 1861        |
|    total_timesteps      | 313344      |
| train/                  |             |
|    approx_kl            | 0.004638168 |
|    clip_fraction        | 0.0347      |
|    clip_range           | 0.2         |
|    entropy_loss         | -0.395      |
|    explained_variance   | 0.0551      |
|    learning_rate        | 0.0003      |
|    loss                 | 4.61        |
|    n_updates            | 1520        |
|    policy_gradient_loss | -0.00261    |
|    value_loss           | 23.5        |
-----------------------------------------
FruitCounts | {'Fruit': 0, 'DecayFruit': 0, 'EnemyFruit': 3} |
------------------------------------------
| rollout/                |              |
|    ep_len_mean          | 884          |
|    ep_rew_mean          | 12.5         |
| time/                   |              |
|    fps                  | 168          |
|    iterations           | 154          |
|    time_elapsed         | 1871         |
|    total_timesteps      | 315392       |
| train/                  |              |
|    approx_kl            | 0.0065514925 |
|    clip_fraction        | 0.0717       |
|    clip_range           | 0.2          |
|    entropy_loss         | -0.372       |
|    explained_variance   | 0.201        |
|    learning_rate        | 0.0003       |
|    loss                 | 1.23         |
|    n_updates            | 1530         |
|    policy_gradient_loss | -0.0018      |
|    value_loss           | 4.81         |
------------------------------------------
FruitCounts | {'Fruit': 0, 'DecayFruit': 3, 'EnemyFruit': 4} |
------------------------------------------
| rollout/                |              |
|    ep_len_mean          | 881          |
|    ep_rew_mean          | 12           |
| time/                   |              |
|    fps                  | 168          |
|    iterations           | 155          |
|    time_elapsed         | 1881         |
|    total_timesteps      | 317440       |
| train/                  |              |
|    approx_kl            | 0.0076400675 |
|    clip_fraction        | 0.0778       |
|    clip_range           | 0.2          |
|    entropy_loss         | -0.341       |
|    explained_variance   | 0.098        |
|    learning_rate        | 0.0003       |
|    loss                 | 1.09         |
|    n_updates            | 1540         |
|    policy_gradient_loss | -0.00284     |
|    value_loss           | 6.32         |
------------------------------------------
FruitCounts | {'Fruit': 0, 'DecayFruit': 2, 'EnemyFruit': 0} |
------------------------------------------
| rollout/                |              |
|    ep_len_mean          | 896          |
|    ep_rew_mean          | 12.3         |
| time/                   |              |
|    fps                  | 168          |
|    iterations           | 156          |
|    time_elapsed         | 1892         |
|    total_timesteps      | 319488       |
| train/                  |              |
|    approx_kl            | 0.0049666828 |
|    clip_fraction        | 0.0727       |
|    clip_range           | 0.2          |
|    entropy_loss         | -0.394       |
|    explained_variance   | -0.0958      |
|    learning_rate        | 0.0003       |
|    loss                 | 2.98         |
|    n_updates            | 1550         |
|    policy_gradient_loss | 0.000594     |
|    value_loss           | 5.03         |
------------------------------------------
FruitCounts | {'Fruit': 0, 'DecayFruit': 0, 'EnemyFruit': 0} |
----------------------------------------
| rollout/                |            |
|    ep_len_mean          | 897        |
|    ep_rew_mean          | 12.4       |
| time/                   |            |
|    fps                  | 168        |
|    iterations           | 157        |
|    time_elapsed         | 1903       |
|    total_timesteps      | 321536     |
| train/                  |            |
|    approx_kl            | 0.00592528 |
|    clip_fraction        | 0.0617     |
|    clip_range           | 0.2        |
|    entropy_loss         | -0.401     |
|    explained_variance   | 0.0457     |
|    learning_rate        | 0.0003     |
|    loss                 | 4.41       |
|    n_updates            | 1560       |
|    policy_gradient_loss | -0.00327   |
|    value_loss           | 11         |
----------------------------------------
FruitCounts | {'Fruit': 1, 'DecayFruit': 1, 'EnemyFruit': 0} |
-----------------------------------------
| rollout/                |             |
|    ep_len_mean          | 910         |
|    ep_rew_mean          | 13          |
| time/                   |             |
|    fps                  | 168         |
|    iterations           | 158         |
|    time_elapsed         | 1915        |
|    total_timesteps      | 323584      |
| train/                  |             |
|    approx_kl            | 0.008548001 |
|    clip_fraction        | 0.0728      |
|    clip_range           | 0.2         |
|    entropy_loss         | -0.385      |
|    explained_variance   | 0.341       |
|    learning_rate        | 0.0003      |
|    loss                 | 2.1         |
|    n_updates            | 1570        |
|    policy_gradient_loss | -0.00269    |
|    value_loss           | 5.03        |
-----------------------------------------
FruitCounts | {'Fruit': 1, 'DecayFruit': 0, 'EnemyFruit': 3} |
----------------------------------------
| rollout/                |            |
|    ep_len_mean          | 907        |
|    ep_rew_mean          | 12.4       |
| time/                   |            |
|    fps                  | 169        |
|    iterations           | 159        |
|    time_elapsed         | 1925       |
|    total_timesteps      | 325632     |
| train/                  |            |
|    approx_kl            | 0.00655588 |
|    clip_fraction        | 0.059      |
|    clip_range           | 0.2        |
|    entropy_loss         | -0.371     |
|    explained_variance   | 0.0606     |
|    learning_rate        | 0.0003     |
|    loss                 | 6.48       |
|    n_updates            | 1580       |
|    policy_gradient_loss | -0.00255   |
|    value_loss           | 10.4       |
----------------------------------------
FruitCounts | {'Fruit': 0, 'DecayFruit': 0, 'EnemyFruit': 0} |
-----------------------------------------
| rollout/                |             |
|    ep_len_mean          | 927         |
|    ep_rew_mean          | 13.5        |
| time/                   |             |
|    fps                  | 169         |
|    iterations           | 160         |
|    time_elapsed         | 1937        |
|    total_timesteps      | 327680      |
| train/                  |             |
|    approx_kl            | 0.008962931 |
|    clip_fraction        | 0.0738      |
|    clip_range           | 0.2         |
|    entropy_loss         | -0.37       |
|    explained_variance   | -0.114      |
|    learning_rate        | 0.0003      |
|    loss                 | 0.747       |
|    n_updates            | 1590        |
|    policy_gradient_loss | -0.00395    |
|    value_loss           | 8.69        |
-----------------------------------------
FruitCounts | {'Fruit': 1, 'DecayFruit': 3, 'EnemyFruit': 5} |
-----------------------------------------
| rollout/                |             |
|    ep_len_mean          | 931         |
|    ep_rew_mean          | 13.4        |
| time/                   |             |
|    fps                  | 169         |
|    iterations           | 161         |
|    time_elapsed         | 1946        |
|    total_timesteps      | 329728      |
| train/                  |             |
|    approx_kl            | 0.010191182 |
|    clip_fraction        | 0.06        |
|    clip_range           | 0.2         |
|    entropy_loss         | -0.356      |
|    explained_variance   | 0.168       |
|    learning_rate        | 0.0003      |
|    loss                 | 6.1         |
|    n_updates            | 1600        |
|    policy_gradient_loss | -0.00252    |
|    value_loss           | 12.2        |
-----------------------------------------
FruitCounts | {'Fruit': 0, 'DecayFruit': 3, 'EnemyFruit': 1} |
-----------------------------------------
| rollout/                |             |
|    ep_len_mean          | 941         |
|    ep_rew_mean          | 13.2        |
| time/                   |             |
|    fps                  | 169         |
|    iterations           | 162         |
|    time_elapsed         | 1957        |
|    total_timesteps      | 331776      |
| train/                  |             |
|    approx_kl            | 0.008927873 |
|    clip_fraction        | 0.103       |
|    clip_range           | 0.2         |
|    entropy_loss         | -0.376      |
|    explained_variance   | 0.156       |
|    learning_rate        | 0.0003      |
|    loss                 | 1.88        |
|    n_updates            | 1610        |
|    policy_gradient_loss | -0.00309    |
|    value_loss           | 4.01        |
-----------------------------------------
FruitCounts | {'Fruit': 1, 'DecayFruit': 2, 'EnemyFruit': 4} |
-----------------------------------------
| rollout/                |             |
|    ep_len_mean          | 968         |
|    ep_rew_mean          | 12.7        |
| time/                   |             |
|    fps                  | 169         |
|    iterations           | 163         |
|    time_elapsed         | 1969        |
|    total_timesteps      | 333824      |
| train/                  |             |
|    approx_kl            | 0.011055323 |
|    clip_fraction        | 0.0833      |
|    clip_range           | 0.2         |
|    entropy_loss         | -0.336      |
|    explained_variance   | -0.0147     |
|    learning_rate        | 0.0003      |
|    loss                 | 0.57        |
|    n_updates            | 1620        |
|    policy_gradient_loss | -0.00229    |
|    value_loss           | 1.35        |
-----------------------------------------
FruitCounts | {'Fruit': 3, 'DecayFruit': 3, 'EnemyFruit': 4} |
------------------------------------------
| rollout/                |              |
|    ep_len_mean          | 974          |
|    ep_rew_mean          | 14.3         |
| time/                   |              |
|    fps                  | 169          |
|    iterations           | 164          |
|    time_elapsed         | 1980         |
|    total_timesteps      | 335872       |
| train/                  |              |
|    approx_kl            | 0.0060565365 |
|    clip_fraction        | 0.0758       |
|    clip_range           | 0.2          |
|    entropy_loss         | -0.332       |
|    explained_variance   | -0.0826      |
|    learning_rate        | 0.0003       |
|    loss                 | 3.16         |
|    n_updates            | 1630         |
|    policy_gradient_loss | -0.00187     |
|    value_loss           | 5.42         |
------------------------------------------
FruitCounts | {'Fruit': 0, 'DecayFruit': 4, 'EnemyFruit': 0} |
-----------------------------------------
| rollout/                |             |
|    ep_len_mean          | 983         |
|    ep_rew_mean          | 14.7        |
| time/                   |             |
|    fps                  | 169         |
|    iterations           | 165         |
|    time_elapsed         | 1990        |
|    total_timesteps      | 337920      |
| train/                  |             |
|    approx_kl            | 0.007031869 |
|    clip_fraction        | 0.0599      |
|    clip_range           | 0.2         |
|    entropy_loss         | -0.346      |
|    explained_variance   | -0.102      |
|    learning_rate        | 0.0003      |
|    loss                 | 2.93        |
|    n_updates            | 1640        |
|    policy_gradient_loss | -0.00548    |
|    value_loss           | 14.1        |
-----------------------------------------
FruitCounts | {'Fruit': 1, 'DecayFruit': 1, 'EnemyFruit': 2} |
---------------------------------------
| rollout/                |           |
|    ep_len_mean          | 1e+03     |
|    ep_rew_mean          | 15.8      |
| time/                   |           |
|    fps                  | 169       |
|    iterations           | 166       |
|    time_elapsed         | 2002      |
|    total_timesteps      | 339968    |
| train/                  |           |
|    approx_kl            | 0.0081825 |
|    clip_fraction        | 0.0627    |
|    clip_range           | 0.2       |
|    entropy_loss         | -0.367    |
|    explained_variance   | 0.147     |
|    learning_rate        | 0.0003    |
|    loss                 | 2.49      |
|    n_updates            | 1650      |
|    policy_gradient_loss | -0.00306  |
|    value_loss           | 4.69      |
---------------------------------------
FruitCounts | {'Fruit': 0, 'DecayFruit': 0, 'EnemyFruit': 2} |
------------------------------------------
| rollout/                |              |
|    ep_len_mean          | 1.02e+03     |
|    ep_rew_mean          | 15.8         |
| time/                   |              |
|    fps                  | 169          |
|    iterations           | 167          |
|    time_elapsed         | 2013         |
|    total_timesteps      | 342016       |
| train/                  |              |
|    approx_kl            | 0.0073833466 |
|    clip_fraction        | 0.0564       |
|    clip_range           | 0.2          |
|    entropy_loss         | -0.364       |
|    explained_variance   | 0.183        |
|    learning_rate        | 0.0003       |
|    loss                 | 13           |
|    n_updates            | 1660         |
|    policy_gradient_loss | -0.00183     |
|    value_loss           | 10.7         |
------------------------------------------
FruitCounts | {'Fruit': 0, 'DecayFruit': 1, 'EnemyFruit': 1} |
------------------------------------------
| rollout/                |              |
|    ep_len_mean          | 1.03e+03     |
|    ep_rew_mean          | 16           |
| time/                   |              |
|    fps                  | 170          |
|    iterations           | 168          |
|    time_elapsed         | 2023         |
|    total_timesteps      | 344064       |
| train/                  |              |
|    approx_kl            | 0.0044244523 |
|    clip_fraction        | 0.0521       |
|    clip_range           | 0.2          |
|    entropy_loss         | -0.378       |
|    explained_variance   | 0.0484       |
|    learning_rate        | 0.0003       |
|    loss                 | 12.4         |
|    n_updates            | 1670         |
|    policy_gradient_loss | -0.00213     |
|    value_loss           | 15.4         |
------------------------------------------
FruitCounts | {'Fruit': 2, 'DecayFruit': 2, 'EnemyFruit': 0} |
-----------------------------------------
| rollout/                |             |
|    ep_len_mean          | 1.04e+03    |
|    ep_rew_mean          | 15.8        |
| time/                   |             |
|    fps                  | 170         |
|    iterations           | 169         |
|    time_elapsed         | 2033        |
|    total_timesteps      | 346112      |
| train/                  |             |
|    approx_kl            | 0.005736065 |
|    clip_fraction        | 0.0664      |
|    clip_range           | 0.2         |
|    entropy_loss         | -0.331      |
|    explained_variance   | 0.00423     |
|    learning_rate        | 0.0003      |
|    loss                 | 4.37        |
|    n_updates            | 1680        |
|    policy_gradient_loss | -0.00219    |
|    value_loss           | 8.3         |
-----------------------------------------
FruitCounts | {'Fruit': 0, 'DecayFruit': 0, 'EnemyFruit': 2} |
-----------------------------------------
| rollout/                |             |
|    ep_len_mean          | 1.03e+03    |
|    ep_rew_mean          | 16.3        |
| time/                   |             |
|    fps                  | 170         |
|    iterations           | 170         |
|    time_elapsed         | 2044        |
|    total_timesteps      | 348160      |
| train/                  |             |
|    approx_kl            | 0.008844305 |
|    clip_fraction        | 0.0751      |
|    clip_range           | 0.2         |
|    entropy_loss         | -0.34       |
|    explained_variance   | -0.106      |
|    learning_rate        | 0.0003      |
|    loss                 | 25.8        |
|    n_updates            | 1690        |
|    policy_gradient_loss | -0.00196    |
|    value_loss           | 19.2        |
-----------------------------------------
FruitCounts | {'Fruit': 0, 'DecayFruit': 1, 'EnemyFruit': 3} |
-----------------------------------------
| rollout/                |             |
|    ep_len_mean          | 1.02e+03    |
|    ep_rew_mean          | 16.1        |
| time/                   |             |
|    fps                  | 170         |
|    iterations           | 171         |
|    time_elapsed         | 2055        |
|    total_timesteps      | 350208      |
| train/                  |             |
|    approx_kl            | 0.008761506 |
|    clip_fraction        | 0.0637      |
|    clip_range           | 0.2         |
|    entropy_loss         | -0.335      |
|    explained_variance   | -0.00171    |
|    learning_rate        | 0.0003      |
|    loss                 | 0.561       |
|    n_updates            | 1700        |
|    policy_gradient_loss | -0.00413    |
|    value_loss           | 8.69        |
-----------------------------------------
FruitCounts | {'Fruit': 2, 'DecayFruit': 0, 'EnemyFruit': 2} |
-----------------------------------------
| rollout/                |             |
|    ep_len_mean          | 1.03e+03    |
|    ep_rew_mean          | 15.6        |
| time/                   |             |
|    fps                  | 170         |
|    iterations           | 172         |
|    time_elapsed         | 2065        |
|    total_timesteps      | 352256      |
| train/                  |             |
|    approx_kl            | 0.004646041 |
|    clip_fraction        | 0.0552      |
|    clip_range           | 0.2         |
|    entropy_loss         | -0.343      |
|    explained_variance   | 0.0428      |
|    learning_rate        | 0.0003      |
|    loss                 | 4.34        |
|    n_updates            | 1710        |
|    policy_gradient_loss | -0.00112    |
|    value_loss           | 13.6        |
-----------------------------------------
FruitCounts | {'Fruit': 2, 'DecayFruit': 2, 'EnemyFruit': 4} |
-----------------------------------------
| rollout/                |             |
|    ep_len_mean          | 1.04e+03    |
|    ep_rew_mean          | 15.4        |
| time/                   |             |
|    fps                  | 170         |
|    iterations           | 173         |
|    time_elapsed         | 2077        |
|    total_timesteps      | 354304      |
| train/                  |             |
|    approx_kl            | 0.011093184 |
|    clip_fraction        | 0.0992      |
|    clip_range           | 0.2         |
|    entropy_loss         | -0.36       |
|    explained_variance   | -0.038      |
|    learning_rate        | 0.0003      |
|    loss                 | 0.665       |
|    n_updates            | 1720        |
|    policy_gradient_loss | 0.00109     |
|    value_loss           | 1.72        |
-----------------------------------------
FruitCounts | {'Fruit': 1, 'DecayFruit': 1, 'EnemyFruit': 2} |
------------------------------------------
| rollout/                |              |
|    ep_len_mean          | 1.02e+03     |
|    ep_rew_mean          | 16.5         |
| time/                   |              |
|    fps                  | 170          |
|    iterations           | 174          |
|    time_elapsed         | 2088         |
|    total_timesteps      | 356352       |
| train/                  |              |
|    approx_kl            | 0.0053532394 |
|    clip_fraction        | 0.0599       |
|    clip_range           | 0.2          |
|    entropy_loss         | -0.349       |
|    explained_variance   | -0.0283      |
|    learning_rate        | 0.0003       |
|    loss                 | 5.93         |
|    n_updates            | 1730         |
|    policy_gradient_loss | -0.00341     |
|    value_loss           | 26           |
------------------------------------------
FruitCounts | {'Fruit': 1, 'DecayFruit': 2, 'EnemyFruit': 7} |
------------------------------------------
| rollout/                |              |
|    ep_len_mean          | 1.01e+03     |
|    ep_rew_mean          | 16.9         |
| time/                   |              |
|    fps                  | 170          |
|    iterations           | 175          |
|    time_elapsed         | 2098         |
|    total_timesteps      | 358400       |
| train/                  |              |
|    approx_kl            | 0.0066471435 |
|    clip_fraction        | 0.0744       |
|    clip_range           | 0.2          |
|    entropy_loss         | -0.352       |
|    explained_variance   | 0.0937       |
|    learning_rate        | 0.0003       |
|    loss                 | 2.63         |
|    n_updates            | 1740         |
|    policy_gradient_loss | -0.00418     |
|    value_loss           | 12.9         |
------------------------------------------
FruitCounts | {'Fruit': 0, 'DecayFruit': 0, 'EnemyFruit': 2} |
-----------------------------------------
| rollout/                |             |
|    ep_len_mean          | 1.02e+03    |
|    ep_rew_mean          | 18.1        |
| time/                   |             |
|    fps                  | 170         |
|    iterations           | 176         |
|    time_elapsed         | 2110        |
|    total_timesteps      | 360448      |
| train/                  |             |
|    approx_kl            | 0.006146752 |
|    clip_fraction        | 0.0709      |
|    clip_range           | 0.2         |
|    entropy_loss         | -0.36       |
|    explained_variance   | 0.0262      |
|    learning_rate        | 0.0003      |
|    loss                 | 0.72        |
|    n_updates            | 1750        |
|    policy_gradient_loss | -0.000823   |
|    value_loss           | 5.88        |
-----------------------------------------
FruitCounts | {'Fruit': 0, 'DecayFruit': 0, 'EnemyFruit': 0} |
-----------------------------------------
| rollout/                |             |
|    ep_len_mean          | 1.02e+03    |
|    ep_rew_mean          | 18.3        |
| time/                   |             |
|    fps                  | 170         |
|    iterations           | 177         |
|    time_elapsed         | 2122        |
|    total_timesteps      | 362496      |
| train/                  |             |
|    approx_kl            | 0.005804724 |
|    clip_fraction        | 0.0495      |
|    clip_range           | 0.2         |
|    entropy_loss         | -0.344      |
|    explained_variance   | 0.154       |
|    learning_rate        | 0.0003      |
|    loss                 | 6.54        |
|    n_updates            | 1760        |
|    policy_gradient_loss | -0.003      |
|    value_loss           | 8.22        |
-----------------------------------------
FruitCounts | {'Fruit': 0, 'DecayFruit': 0, 'EnemyFruit': 3} |
-----------------------------------------
| rollout/                |             |
|    ep_len_mean          | 987         |
|    ep_rew_mean          | 18.7        |
| time/                   |             |
|    fps                  | 171         |
|    iterations           | 178         |
|    time_elapsed         | 2131        |
|    total_timesteps      | 364544      |
| train/                  |             |
|    approx_kl            | 0.005669647 |
|    clip_fraction        | 0.0489      |
|    clip_range           | 0.2         |
|    entropy_loss         | -0.32       |
|    explained_variance   | 0.0138      |
|    learning_rate        | 0.0003      |
|    loss                 | 6.13        |
|    n_updates            | 1770        |
|    policy_gradient_loss | -0.000498   |
|    value_loss           | 10.1        |
-----------------------------------------
FruitCounts | {'Fruit': 0, 'DecayFruit': 0, 'EnemyFruit': 1} |
------------------------------------------
| rollout/                |              |
|    ep_len_mean          | 998          |
|    ep_rew_mean          | 19.4         |
| time/                   |              |
|    fps                  | 170          |
|    iterations           | 179          |
|    time_elapsed         | 2143         |
|    total_timesteps      | 366592       |
| train/                  |              |
|    approx_kl            | 0.0077848467 |
|    clip_fraction        | 0.066        |
|    clip_range           | 0.2          |
|    entropy_loss         | -0.32        |
|    explained_variance   | 0.157        |
|    learning_rate        | 0.0003       |
|    loss                 | 2.86         |
|    n_updates            | 1780         |
|    policy_gradient_loss | -0.00119     |
|    value_loss           | 6.28         |
------------------------------------------
FruitCounts | {'Fruit': 0, 'DecayFruit': 1, 'EnemyFruit': 1} |
-----------------------------------------
| rollout/                |             |
|    ep_len_mean          | 1.01e+03    |
|    ep_rew_mean          | 19.3        |
| time/                   |             |
|    fps                  | 171         |
|    iterations           | 180         |
|    time_elapsed         | 2155        |
|    total_timesteps      | 368640      |
| train/                  |             |
|    approx_kl            | 0.005681259 |
|    clip_fraction        | 0.0484      |
|    clip_range           | 0.2         |
|    entropy_loss         | -0.31       |
|    explained_variance   | 0.261       |
|    learning_rate        | 0.0003      |
|    loss                 | 9.73        |
|    n_updates            | 1790        |
|    policy_gradient_loss | -0.00303    |
|    value_loss           | 16.2        |
-----------------------------------------
FruitCounts | {'Fruit': 2, 'DecayFruit': 2, 'EnemyFruit': 5} |
-----------------------------------------
| rollout/                |             |
|    ep_len_mean          | 1.02e+03    |
|    ep_rew_mean          | 20          |
| time/                   |             |
|    fps                  | 171         |
|    iterations           | 181         |
|    time_elapsed         | 2164        |
|    total_timesteps      | 370688      |
| train/                  |             |
|    approx_kl            | 0.008273639 |
|    clip_fraction        | 0.0782      |
|    clip_range           | 0.2         |
|    entropy_loss         | -0.339      |
|    explained_variance   | 0.101       |
|    learning_rate        | 0.0003      |
|    loss                 | 2.29        |
|    n_updates            | 1800        |
|    policy_gradient_loss | -0.00205    |
|    value_loss           | 6.03        |
-----------------------------------------
FruitCounts | {'Fruit': 0, 'DecayFruit': 0, 'EnemyFruit': 0} |
-----------------------------------------
| rollout/                |             |
|    ep_len_mean          | 1.02e+03    |
|    ep_rew_mean          | 20.2        |
| time/                   |             |
|    fps                  | 171         |
|    iterations           | 182         |
|    time_elapsed         | 2176        |
|    total_timesteps      | 372736      |
| train/                  |             |
|    approx_kl            | 0.010133745 |
|    clip_fraction        | 0.0697      |
|    clip_range           | 0.2         |
|    entropy_loss         | -0.302      |
|    explained_variance   | 0.351       |
|    learning_rate        | 0.0003      |
|    loss                 | 2.45        |
|    n_updates            | 1810        |
|    policy_gradient_loss | -0.00271    |
|    value_loss           | 5.32        |
-----------------------------------------
FruitCounts | {'Fruit': 0, 'DecayFruit': 0, 'EnemyFruit': 0} |
------------------------------------------
| rollout/                |              |
|    ep_len_mean          | 1e+03        |
|    ep_rew_mean          | 21           |
| time/                   |              |
|    fps                  | 171          |
|    iterations           | 183          |
|    time_elapsed         | 2187         |
|    total_timesteps      | 374784       |
| train/                  |              |
|    approx_kl            | 0.0065099085 |
|    clip_fraction        | 0.0604       |
|    clip_range           | 0.2          |
|    entropy_loss         | -0.324       |
|    explained_variance   | 0.0281       |
|    learning_rate        | 0.0003       |
|    loss                 | 0.613        |
|    n_updates            | 1820         |
|    policy_gradient_loss | 0.00027      |
|    value_loss           | 4.91         |
------------------------------------------
FruitCounts | {'Fruit': 0, 'DecayFruit': 0, 'EnemyFruit': 1} |
-----------------------------------------
| rollout/                |             |
|    ep_len_mean          | 1.02e+03    |
|    ep_rew_mean          | 21.2        |
| time/                   |             |
|    fps                  | 171         |
|    iterations           | 184         |
|    time_elapsed         | 2199        |
|    total_timesteps      | 376832      |
| train/                  |             |
|    approx_kl            | 0.004988949 |
|    clip_fraction        | 0.0464      |
|    clip_range           | 0.2         |
|    entropy_loss         | -0.322      |
|    explained_variance   | 0.0788      |
|    learning_rate        | 0.0003      |
|    loss                 | 23.3        |
|    n_updates            | 1830        |
|    policy_gradient_loss | -0.00267    |
|    value_loss           | 19          |
-----------------------------------------
FruitCounts | {'Fruit': 0, 'DecayFruit': 0, 'EnemyFruit': 0} |
------------------------------------------
| rollout/                |              |
|    ep_len_mean          | 1.01e+03     |
|    ep_rew_mean          | 20.9         |
| time/                   |              |
|    fps                  | 171          |
|    iterations           | 185          |
|    time_elapsed         | 2210         |
|    total_timesteps      | 378880       |
| train/                  |              |
|    approx_kl            | 0.0068830345 |
|    clip_fraction        | 0.0626       |
|    clip_range           | 0.2          |
|    entropy_loss         | -0.293       |
|    explained_variance   | -0.0838      |
|    learning_rate        | 0.0003       |
|    loss                 | 2.07         |
|    n_updates            | 1840         |
|    policy_gradient_loss | -0.000331    |
|    value_loss           | 4.61         |
------------------------------------------
FruitCounts | {'Fruit': 1, 'DecayFruit': 1, 'EnemyFruit': 1} |
-----------------------------------------
| rollout/                |             |
|    ep_len_mean          | 1.02e+03    |
|    ep_rew_mean          | 21.6        |
| time/                   |             |
|    fps                  | 171         |
|    iterations           | 186         |
|    time_elapsed         | 2221        |
|    total_timesteps      | 380928      |
| train/                  |             |
|    approx_kl            | 0.008974828 |
|    clip_fraction        | 0.085       |
|    clip_range           | 0.2         |
|    entropy_loss         | -0.314      |
|    explained_variance   | 0.139       |
|    learning_rate        | 0.0003      |
|    loss                 | 5.97        |
|    n_updates            | 1850        |
|    policy_gradient_loss | -0.00514    |
|    value_loss           | 10.5        |
-----------------------------------------
FruitCounts | {'Fruit': 0, 'DecayFruit': 2, 'EnemyFruit': 0} |
------------------------------------------
| rollout/                |              |
|    ep_len_mean          | 979          |
|    ep_rew_mean          | 21.5         |
| time/                   |              |
|    fps                  | 171          |
|    iterations           | 187          |
|    time_elapsed         | 2231         |
|    total_timesteps      | 382976       |
| train/                  |              |
|    approx_kl            | 0.0057060877 |
|    clip_fraction        | 0.0466       |
|    clip_range           | 0.2          |
|    entropy_loss         | -0.309       |
|    explained_variance   | 0.0631       |
|    learning_rate        | 0.0003       |
|    loss                 | 4.19         |
|    n_updates            | 1860         |
|    policy_gradient_loss | -0.00307     |
|    value_loss           | 10.6         |
------------------------------------------
FruitCounts | {'Fruit': 0, 'DecayFruit': 3, 'EnemyFruit': 5} |
-----------------------------------------
| rollout/                |             |
|    ep_len_mean          | 969         |
|    ep_rew_mean          | 21.8        |
| time/                   |             |
|    fps                  | 171         |
|    iterations           | 188         |
|    time_elapsed         | 2241        |
|    total_timesteps      | 385024      |
| train/                  |             |
|    approx_kl            | 0.005734422 |
|    clip_fraction        | 0.0706      |
|    clip_range           | 0.2         |
|    entropy_loss         | -0.323      |
|    explained_variance   | 0.0341      |
|    learning_rate        | 0.0003      |
|    loss                 | 8.11        |
|    n_updates            | 1870        |
|    policy_gradient_loss | -0.00305    |
|    value_loss           | 11.5        |
-----------------------------------------
FruitCounts | {'Fruit': 0, 'DecayFruit': 1, 'EnemyFruit': 4} |
------------------------------------------
| rollout/                |              |
|    ep_len_mean          | 979          |
|    ep_rew_mean          | 22           |
| time/                   |              |
|    fps                  | 171          |
|    iterations           | 189          |
|    time_elapsed         | 2253         |
|    total_timesteps      | 387072       |
| train/                  |              |
|    approx_kl            | 0.0060254373 |
|    clip_fraction        | 0.0724       |
|    clip_range           | 0.2          |
|    entropy_loss         | -0.306       |
|    explained_variance   | -0.0338      |
|    learning_rate        | 0.0003       |
|    loss                 | 7.28         |
|    n_updates            | 1880         |
|    policy_gradient_loss | -0.00182     |
|    value_loss           | 8.64         |
------------------------------------------
FruitCounts | {'Fruit': 0, 'DecayFruit': 0, 'EnemyFruit': 1} |
------------------------------------------
| rollout/                |              |
|    ep_len_mean          | 972          |
|    ep_rew_mean          | 21.5         |
| time/                   |              |
|    fps                  | 171          |
|    iterations           | 190          |
|    time_elapsed         | 2263         |
|    total_timesteps      | 389120       |
| train/                  |              |
|    approx_kl            | 0.0042907093 |
|    clip_fraction        | 0.0479       |
|    clip_range           | 0.2          |
|    entropy_loss         | -0.313       |
|    explained_variance   | 0.187        |
|    learning_rate        | 0.0003       |
|    loss                 | 0.945        |
|    n_updates            | 1890         |
|    policy_gradient_loss | -0.000186    |
|    value_loss           | 9.45         |
------------------------------------------
FruitCounts | {'Fruit': 0, 'DecayFruit': 3, 'EnemyFruit': 1} |
-----------------------------------------
| rollout/                |             |
|    ep_len_mean          | 961         |
|    ep_rew_mean          | 21.8        |
| time/                   |             |
|    fps                  | 172         |
|    iterations           | 191         |
|    time_elapsed         | 2273        |
|    total_timesteps      | 391168      |
| train/                  |             |
|    approx_kl            | 0.006071057 |
|    clip_fraction        | 0.0589      |
|    clip_range           | 0.2         |
|    entropy_loss         | -0.309      |
|    explained_variance   | 0.189       |
|    learning_rate        | 0.0003      |
|    loss                 | 2.46        |
|    n_updates            | 1900        |
|    policy_gradient_loss | -0.00161    |
|    value_loss           | 6.39        |
-----------------------------------------
FruitCounts | {'Fruit': 1, 'DecayFruit': 1, 'EnemyFruit': 3} |
-----------------------------------------
| rollout/                |             |
|    ep_len_mean          | 967         |
|    ep_rew_mean          | 22.6        |
| time/                   |             |
|    fps                  | 172         |
|    iterations           | 192         |
|    time_elapsed         | 2283        |
|    total_timesteps      | 393216      |
| train/                  |             |
|    approx_kl            | 0.008088314 |
|    clip_fraction        | 0.0701      |
|    clip_range           | 0.2         |
|    entropy_loss         | -0.322      |
|    explained_variance   | 0.152       |
|    learning_rate        | 0.0003      |
|    loss                 | 9.22        |
|    n_updates            | 1910        |
|    policy_gradient_loss | -0.00462    |
|    value_loss           | 16.8        |
-----------------------------------------
FruitCounts | {'Fruit': 1, 'DecayFruit': 3, 'EnemyFruit': 7} |
------------------------------------------
| rollout/                |              |
|    ep_len_mean          | 967          |
|    ep_rew_mean          | 22.6         |
| time/                   |              |
|    fps                  | 172          |
|    iterations           | 193          |
|    time_elapsed         | 2293         |
|    total_timesteps      | 395264       |
| train/                  |              |
|    approx_kl            | 0.0054321494 |
|    clip_fraction        | 0.0727       |
|    clip_range           | 0.2          |
|    entropy_loss         | -0.319       |
|    explained_variance   | -0.00353     |
|    learning_rate        | 0.0003       |
|    loss                 | 0.635        |
|    n_updates            | 1920         |
|    policy_gradient_loss | -0.00066     |
|    value_loss           | 4.54         |
------------------------------------------
FruitCounts | {'Fruit': 0, 'DecayFruit': 0, 'EnemyFruit': 2} |
-----------------------------------------
| rollout/                |             |
|    ep_len_mean          | 1.01e+03    |
|    ep_rew_mean          | 23.3        |
| time/                   |             |
|    fps                  | 171         |
|    iterations           | 194         |
|    time_elapsed         | 2310        |
|    total_timesteps      | 397312      |
| train/                  |             |
|    approx_kl            | 0.009787895 |
|    clip_fraction        | 0.0911      |
|    clip_range           | 0.2         |
|    entropy_loss         | -0.298      |
|    explained_variance   | -0.015      |
|    learning_rate        | 0.0003      |
|    loss                 | 0.31        |
|    n_updates            | 1930        |
|    policy_gradient_loss | -0.000372   |
|    value_loss           | 0.596       |
-----------------------------------------
FruitCounts | {'Fruit': 0, 'DecayFruit': 1, 'EnemyFruit': 3} |
-----------------------------------------
| rollout/                |             |
|    ep_len_mean          | 1.02e+03    |
|    ep_rew_mean          | 23          |
| time/                   |             |
|    fps                  | 172         |
|    iterations           | 195         |
|    time_elapsed         | 2321        |
|    total_timesteps      | 399360      |
| train/                  |             |
|    approx_kl            | 0.004637238 |
|    clip_fraction        | 0.0651      |
|    clip_range           | 0.2         |
|    entropy_loss         | -0.3        |
|    explained_variance   | 0.0847      |
|    learning_rate        | 0.0003      |
|    loss                 | 2.31        |
|    n_updates            | 1940        |
|    policy_gradient_loss | -0.00177    |
|    value_loss           | 11.4        |
-----------------------------------------
FruitCounts | {'Fruit': 1, 'DecayFruit': 0, 'EnemyFruit': 1} |
-----------------------------------------
| rollout/                |             |
|    ep_len_mean          | 1.01e+03    |
|    ep_rew_mean          | 22.9        |
| time/                   |             |
|    fps                  | 172         |
|    iterations           | 196         |
|    time_elapsed         | 2332        |
|    total_timesteps      | 401408      |
| train/                  |             |
|    approx_kl            | 0.004842482 |
|    clip_fraction        | 0.0458      |
|    clip_range           | 0.2         |
|    entropy_loss         | -0.303      |
|    explained_variance   | 0.0189      |
|    learning_rate        | 0.0003      |
|    loss                 | 15.4        |
|    n_updates            | 1950        |
|    policy_gradient_loss | -0.000493   |
|    value_loss           | 9.55        |
-----------------------------------------
FruitCounts | {'Fruit': 1, 'DecayFruit': 3, 'EnemyFruit': 5} |
----------------------------------------
| rollout/                |            |
|    ep_len_mean          | 1.01e+03   |
|    ep_rew_mean          | 22.9       |
| time/                   |            |
|    fps                  | 172        |
|    iterations           | 197        |
|    time_elapsed         | 2341       |
|    total_timesteps      | 403456     |
| train/                  |            |
|    approx_kl            | 0.00720562 |
|    clip_fraction        | 0.0659     |
|    clip_range           | 0.2        |
|    entropy_loss         | -0.306     |
|    explained_variance   | 0.00259    |
|    learning_rate        | 0.0003     |
|    loss                 | 1.97       |
|    n_updates            | 1960       |
|    policy_gradient_loss | -0.000629  |
|    value_loss           | 6.9        |
----------------------------------------
FruitCounts | {'Fruit': 0, 'DecayFruit': 0, 'EnemyFruit': 2} |
-----------------------------------------
| rollout/                |             |
|    ep_len_mean          | 1.04e+03    |
|    ep_rew_mean          | 24          |
| time/                   |             |
|    fps                  | 172         |
|    iterations           | 198         |
|    time_elapsed         | 2354        |
|    total_timesteps      | 405504      |
| train/                  |             |
|    approx_kl            | 0.008845864 |
|    clip_fraction        | 0.0829      |
|    clip_range           | 0.2         |
|    entropy_loss         | -0.306      |
|    explained_variance   | 0.000606    |
|    learning_rate        | 0.0003      |
|    loss                 | 1.6         |
|    n_updates            | 1970        |
|    policy_gradient_loss | -0.00167    |
|    value_loss           | 3.48        |
-----------------------------------------
FruitCounts | {'Fruit': 0, 'DecayFruit': 0, 'EnemyFruit': 2} |
------------------------------------------
| rollout/                |              |
|    ep_len_mean          | 1.05e+03     |
|    ep_rew_mean          | 23.3         |
| time/                   |              |
|    fps                  | 172          |
|    iterations           | 199          |
|    time_elapsed         | 2363         |
|    total_timesteps      | 407552       |
| train/                  |              |
|    approx_kl            | 0.0060877097 |
|    clip_fraction        | 0.0498       |
|    clip_range           | 0.2          |
|    entropy_loss         | -0.305       |
|    explained_variance   | 0.0962       |
|    learning_rate        | 0.0003       |
|    loss                 | 3.91         |
|    n_updates            | 1980         |
|    policy_gradient_loss | -0.00331     |
|    value_loss           | 15.4         |
------------------------------------------
FruitCounts | {'Fruit': 1, 'DecayFruit': 2, 'EnemyFruit': 2} |
------------------------------------------
| rollout/                |              |
|    ep_len_mean          | 1.05e+03     |
|    ep_rew_mean          | 24.6         |
| time/                   |              |
|    fps                  | 172          |
|    iterations           | 200          |
|    time_elapsed         | 2374         |
|    total_timesteps      | 409600       |
| train/                  |              |
|    approx_kl            | 0.0137119135 |
|    clip_fraction        | 0.0866       |
|    clip_range           | 0.2          |
|    entropy_loss         | -0.29        |
|    explained_variance   | 0.679        |
|    learning_rate        | 0.0003       |
|    loss                 | 0.258        |
|    n_updates            | 1990         |
|    policy_gradient_loss | 0.00188      |
|    value_loss           | 0.624        |
------------------------------------------
FruitCounts | {'Fruit': 1, 'DecayFruit': 6, 'EnemyFruit': 12} |
-----------------------------------------
| rollout/                |             |
|    ep_len_mean          | 1.05e+03    |
|    ep_rew_mean          | 24.6        |
| time/                   |             |
|    fps                  | 172         |
|    iterations           | 201         |
|    time_elapsed         | 2384        |
|    total_timesteps      | 411648      |
| train/                  |             |
|    approx_kl            | 0.003384212 |
|    clip_fraction        | 0.047       |
|    clip_range           | 0.2         |
|    entropy_loss         | -0.293      |
|    explained_variance   | 0.129       |
|    learning_rate        | 0.0003      |
|    loss                 | 3.98        |
|    n_updates            | 2000        |
|    policy_gradient_loss | -0.00218    |
|    value_loss           | 15.5        |
-----------------------------------------
FruitCounts | {'Fruit': 0, 'DecayFruit': 0, 'EnemyFruit': 1} |
-----------------------------------------
| rollout/                |             |
|    ep_len_mean          | 1.06e+03    |
|    ep_rew_mean          | 24.3        |
| time/                   |             |
|    fps                  | 172         |
|    iterations           | 202         |
|    time_elapsed         | 2397        |
|    total_timesteps      | 413696      |
| train/                  |             |
|    approx_kl            | 0.009026261 |
|    clip_fraction        | 0.082       |
|    clip_range           | 0.2         |
|    entropy_loss         | -0.316      |
|    explained_variance   | -0.338      |
|    learning_rate        | 0.0003      |
|    loss                 | 0.403       |
|    n_updates            | 2010        |
|    policy_gradient_loss | -0.00238    |
|    value_loss           | 2.01        |
-----------------------------------------
FruitCounts | {'Fruit': 0, 'DecayFruit': 6, 'EnemyFruit': 11} |
------------------------------------------
| rollout/                |              |
|    ep_len_mean          | 1.06e+03     |
|    ep_rew_mean          | 24.3         |
| time/                   |              |
|    fps                  | 172          |
|    iterations           | 203          |
|    time_elapsed         | 2407         |
|    total_timesteps      | 415744       |
| train/                  |              |
|    approx_kl            | 0.0046047596 |
|    clip_fraction        | 0.0617       |
|    clip_range           | 0.2          |
|    entropy_loss         | -0.312       |
|    explained_variance   | 0.176        |
|    learning_rate        | 0.0003       |
|    loss                 | 3.71         |
|    n_updates            | 2020         |
|    policy_gradient_loss | -0.00357     |
|    value_loss           | 5.08         |
------------------------------------------
FruitCounts | {'Fruit': 0, 'DecayFruit': 0, 'EnemyFruit': 0} |
-----------------------------------------
| rollout/                |             |
|    ep_len_mean          | 1.07e+03    |
|    ep_rew_mean          | 24.9        |
| time/                   |             |
|    fps                  | 172         |
|    iterations           | 204         |
|    time_elapsed         | 2420        |
|    total_timesteps      | 417792      |
| train/                  |             |
|    approx_kl            | 0.005353691 |
|    clip_fraction        | 0.0521      |
|    clip_range           | 0.2         |
|    entropy_loss         | -0.317      |
|    explained_variance   | 0.0363      |
|    learning_rate        | 0.0003      |
|    loss                 | 2.89        |
|    n_updates            | 2030        |
|    policy_gradient_loss | -0.00182    |
|    value_loss           | 5.15        |
-----------------------------------------
FruitCounts | {'Fruit': 0, 'DecayFruit': 2, 'EnemyFruit': 2} |
-----------------------------------------
| rollout/                |             |
|    ep_len_mean          | 1.09e+03    |
|    ep_rew_mean          | 25.4        |
| time/                   |             |
|    fps                  | 172         |
|    iterations           | 205         |
|    time_elapsed         | 2430        |
|    total_timesteps      | 419840      |
| train/                  |             |
|    approx_kl            | 0.004679707 |
|    clip_fraction        | 0.0442      |
|    clip_range           | 0.2         |
|    entropy_loss         | -0.302      |
|    explained_variance   | 0.195       |
|    learning_rate        | 0.0003      |
|    loss                 | 3.81        |
|    n_updates            | 2040        |
|    policy_gradient_loss | -0.00166    |
|    value_loss           | 7           |
-----------------------------------------
FruitCounts | {'Fruit': 0, 'DecayFruit': 0, 'EnemyFruit': 3} |
-----------------------------------------
| rollout/                |             |
|    ep_len_mean          | 1.1e+03     |
|    ep_rew_mean          | 25.2        |
| time/                   |             |
|    fps                  | 172         |
|    iterations           | 206         |
|    time_elapsed         | 2442        |
|    total_timesteps      | 421888      |
| train/                  |             |
|    approx_kl            | 0.008226616 |
|    clip_fraction        | 0.0477      |
|    clip_range           | 0.2         |
|    entropy_loss         | -0.31       |
|    explained_variance   | 0.324       |
|    learning_rate        | 0.0003      |
|    loss                 | 3.7         |
|    n_updates            | 2050        |
|    policy_gradient_loss | -0.00214    |
|    value_loss           | 5.59        |
-----------------------------------------
FruitCounts | {'Fruit': 0, 'DecayFruit': 0, 'EnemyFruit': 0} |
-----------------------------------------
| rollout/                |             |
|    ep_len_mean          | 1.11e+03    |
|    ep_rew_mean          | 25.4        |
| time/                   |             |
|    fps                  | 172         |
|    iterations           | 207         |
|    time_elapsed         | 2452        |
|    total_timesteps      | 423936      |
| train/                  |             |
|    approx_kl            | 0.003980571 |
|    clip_fraction        | 0.0557      |
|    clip_range           | 0.2         |
|    entropy_loss         | -0.274      |
|    explained_variance   | 0.0972      |
|    learning_rate        | 0.0003      |
|    loss                 | 1.63        |
|    n_updates            | 2060        |
|    policy_gradient_loss | -0.0011     |
|    value_loss           | 7.39        |
-----------------------------------------
FruitCounts | {'Fruit': 1, 'DecayFruit': 9, 'EnemyFruit': 13} |
-----------------------------------------
| rollout/                |             |
|    ep_len_mean          | 1.11e+03    |
|    ep_rew_mean          | 25.4        |
| time/                   |             |
|    fps                  | 173         |
|    iterations           | 208         |
|    time_elapsed         | 2461        |
|    total_timesteps      | 425984      |
| train/                  |             |
|    approx_kl            | 0.008634312 |
|    clip_fraction        | 0.0669      |
|    clip_range           | 0.2         |
|    entropy_loss         | -0.286      |
|    explained_variance   | 0.191       |
|    learning_rate        | 0.0003      |
|    loss                 | 0.953       |
|    n_updates            | 2070        |
|    policy_gradient_loss | -0.00232    |
|    value_loss           | 4.26        |
-----------------------------------------
FruitCounts | {'Fruit': 1, 'DecayFruit': 4, 'EnemyFruit': 0} |
------------------------------------------
| rollout/                |              |
|    ep_len_mean          | 1.12e+03     |
|    ep_rew_mean          | 26.9         |
| time/                   |              |
|    fps                  | 173          |
|    iterations           | 209          |
|    time_elapsed         | 2472         |
|    total_timesteps      | 428032       |
| train/                  |              |
|    approx_kl            | 0.0030000983 |
|    clip_fraction        | 0.0353       |
|    clip_range           | 0.2          |
|    entropy_loss         | -0.278       |
|    explained_variance   | 0.0838       |
|    learning_rate        | 0.0003       |
|    loss                 | 6.79         |
|    n_updates            | 2080         |
|    policy_gradient_loss | -0.00335     |
|    value_loss           | 15.9         |
------------------------------------------
FruitCounts | {'Fruit': 0, 'DecayFruit': 3, 'EnemyFruit': 6} |
-----------------------------------------
| rollout/                |             |
|    ep_len_mean          | 1.11e+03    |
|    ep_rew_mean          | 26.8        |
| time/                   |             |
|    fps                  | 173         |
|    iterations           | 210         |
|    time_elapsed         | 2483        |
|    total_timesteps      | 430080      |
| train/                  |             |
|    approx_kl            | 0.006204267 |
|    clip_fraction        | 0.0541      |
|    clip_range           | 0.2         |
|    entropy_loss         | -0.274      |
|    explained_variance   | 0.148       |
|    learning_rate        | 0.0003      |
|    loss                 | 1.94        |
|    n_updates            | 2090        |
|    policy_gradient_loss | -0.00169    |
|    value_loss           | 7.31        |
-----------------------------------------
FruitCounts | {'Fruit': 0, 'DecayFruit': 3, 'EnemyFruit': 4} |
-----------------------------------------
| rollout/                |             |
|    ep_len_mean          | 1.1e+03     |
|    ep_rew_mean          | 27.2        |
| time/                   |             |
|    fps                  | 173         |
|    iterations           | 211         |
|    time_elapsed         | 2494        |
|    total_timesteps      | 432128      |
| train/                  |             |
|    approx_kl            | 0.008277202 |
|    clip_fraction        | 0.0629      |
|    clip_range           | 0.2         |
|    entropy_loss         | -0.279      |
|    explained_variance   | -0.288      |
|    learning_rate        | 0.0003      |
|    loss                 | 4.05        |
|    n_updates            | 2100        |
|    policy_gradient_loss | -0.00392    |
|    value_loss           | 12.4        |
-----------------------------------------
FruitCounts | {'Fruit': 0, 'DecayFruit': 0, 'EnemyFruit': 0} |
-----------------------------------------
| rollout/                |             |
|    ep_len_mean          | 1.11e+03    |
|    ep_rew_mean          | 27.1        |
| time/                   |             |
|    fps                  | 173         |
|    iterations           | 212         |
|    time_elapsed         | 2506        |
|    total_timesteps      | 434176      |
| train/                  |             |
|    approx_kl            | 0.008242961 |
|    clip_fraction        | 0.0829      |
|    clip_range           | 0.2         |
|    entropy_loss         | -0.299      |
|    explained_variance   | -0.031      |
|    learning_rate        | 0.0003      |
|    loss                 | 3.95        |
|    n_updates            | 2110        |
|    policy_gradient_loss | -0.000872   |
|    value_loss           | 7.61        |
-----------------------------------------
FruitCounts | {'Fruit': 0, 'DecayFruit': 2, 'EnemyFruit': 3} |
-----------------------------------------
| rollout/                |             |
|    ep_len_mean          | 1.1e+03     |
|    ep_rew_mean          | 27.7        |
| time/                   |             |
|    fps                  | 173         |
|    iterations           | 213         |
|    time_elapsed         | 2516        |
|    total_timesteps      | 436224      |
| train/                  |             |
|    approx_kl            | 0.009537499 |
|    clip_fraction        | 0.0803      |
|    clip_range           | 0.2         |
|    entropy_loss         | -0.281      |
|    explained_variance   | -0.0533     |
|    learning_rate        | 0.0003      |
|    loss                 | 1.11        |
|    n_updates            | 2120        |
|    policy_gradient_loss | -0.00248    |
|    value_loss           | 6.72        |
-----------------------------------------
FruitCounts | {'Fruit': 0, 'DecayFruit': 6, 'EnemyFruit': 14} |
------------------------------------------
| rollout/                |              |
|    ep_len_mean          | 1.11e+03     |
|    ep_rew_mean          | 28.3         |
| time/                   |              |
|    fps                  | 173          |
|    iterations           | 214          |
|    time_elapsed         | 2526         |
|    total_timesteps      | 438272       |
| train/                  |              |
|    approx_kl            | 0.0055445703 |
|    clip_fraction        | 0.0418       |
|    clip_range           | 0.2          |
|    entropy_loss         | -0.262       |
|    explained_variance   | 0.0895       |
|    learning_rate        | 0.0003       |
|    loss                 | 13.4         |
|    n_updates            | 2130         |
|    policy_gradient_loss | -0.00214     |
|    value_loss           | 15           |
------------------------------------------
FruitCounts | {'Fruit': 0, 'DecayFruit': 10, 'EnemyFruit': 22} |
------------------------------------------
| rollout/                |              |
|    ep_len_mean          | 1.11e+03     |
|    ep_rew_mean          | 28.3         |
| time/                   |              |
|    fps                  | 173          |
|    iterations           | 215          |
|    time_elapsed         | 2534         |
|    total_timesteps      | 440320       |
| train/                  |              |
|    approx_kl            | 0.0068317987 |
|    clip_fraction        | 0.0563       |
|    clip_range           | 0.2          |
|    entropy_loss         | -0.272       |
|    explained_variance   | 0.00807      |
|    learning_rate        | 0.0003       |
|    loss                 | 0.975        |
|    n_updates            | 2140         |
|    policy_gradient_loss | -0.00262     |
|    value_loss           | 10.4         |
------------------------------------------
FruitCounts | {'Fruit': 0, 'DecayFruit': 16, 'EnemyFruit': 35} |
-----------------------------------------
| rollout/                |             |
|    ep_len_mean          | 1.11e+03    |
|    ep_rew_mean          | 28.3        |
| time/                   |             |
|    fps                  | 173         |
|    iterations           | 216         |
|    time_elapsed         | 2544        |
|    total_timesteps      | 442368      |
| train/                  |             |
|    approx_kl            | 0.012814559 |
|    clip_fraction        | 0.0664      |
|    clip_range           | 0.2         |
|    entropy_loss         | -0.265      |
|    explained_variance   | -0.0394     |
|    learning_rate        | 0.0003      |
|    loss                 | 4.77        |
|    n_updates            | 2150        |
|    policy_gradient_loss | -0.00121    |
|    value_loss           | 3.81        |
-----------------------------------------
FruitCounts | {'Fruit': 1, 'DecayFruit': 4, 'EnemyFruit': 7} |
------------------------------------------
| rollout/                |              |
|    ep_len_mean          | 1.16e+03     |
|    ep_rew_mean          | 29.9         |
| time/                   |              |
|    fps                  | 173          |
|    iterations           | 217          |
|    time_elapsed         | 2564         |
|    total_timesteps      | 444416       |
| train/                  |              |
|    approx_kl            | 0.0035456526 |
|    clip_fraction        | 0.0579       |
|    clip_range           | 0.2          |
|    entropy_loss         | -0.279       |
|    explained_variance   | 0.2          |
|    learning_rate        | 0.0003       |
|    loss                 | 2.75         |
|    n_updates            | 2160         |
|    policy_gradient_loss | 0.000409     |
|    value_loss           | 5.34         |
------------------------------------------
FruitCounts | {'Fruit': 1, 'DecayFruit': 3, 'EnemyFruit': 1} |
-----------------------------------------
| rollout/                |             |
|    ep_len_mean          | 1.18e+03    |
|    ep_rew_mean          | 30.7        |
| time/                   |             |
|    fps                  | 173         |
|    iterations           | 218         |
|    time_elapsed         | 2576        |
|    total_timesteps      | 446464      |
| train/                  |             |
|    approx_kl            | 0.006645385 |
|    clip_fraction        | 0.0656      |
|    clip_range           | 0.2         |
|    entropy_loss         | -0.268      |
|    explained_variance   | 0.159       |
|    learning_rate        | 0.0003      |
|    loss                 | 2.12        |
|    n_updates            | 2170        |
|    policy_gradient_loss | -0.00185    |
|    value_loss           | 6.49        |
-----------------------------------------
FruitCounts | {'Fruit': 2, 'DecayFruit': 3, 'EnemyFruit': 4} |
------------------------------------------
| rollout/                |              |
|    ep_len_mean          | 1.17e+03     |
|    ep_rew_mean          | 31.8         |
| time/                   |              |
|    fps                  | 173          |
|    iterations           | 219          |
|    time_elapsed         | 2586         |
|    total_timesteps      | 448512       |
| train/                  |              |
|    approx_kl            | 0.0051450585 |
|    clip_fraction        | 0.0458       |
|    clip_range           | 0.2          |
|    entropy_loss         | -0.249       |
|    explained_variance   | 0.0333       |
|    learning_rate        | 0.0003       |
|    loss                 | 3.82         |
|    n_updates            | 2180         |
|    policy_gradient_loss | -0.00327     |
|    value_loss           | 15.2         |
------------------------------------------
FruitCounts | {'Fruit': 0, 'DecayFruit': 0, 'EnemyFruit': 2} |
-----------------------------------------
| rollout/                |             |
|    ep_len_mean          | 1.17e+03    |
|    ep_rew_mean          | 31.9        |
| time/                   |             |
|    fps                  | 173         |
|    iterations           | 220         |
|    time_elapsed         | 2598        |
|    total_timesteps      | 450560      |
| train/                  |             |
|    approx_kl            | 0.006813366 |
|    clip_fraction        | 0.0624      |
|    clip_range           | 0.2         |
|    entropy_loss         | -0.249      |
|    explained_variance   | -0.0835     |
|    learning_rate        | 0.0003      |
|    loss                 | 4.23        |
|    n_updates            | 2190        |
|    policy_gradient_loss | -0.00154    |
|    value_loss           | 8.17        |
-----------------------------------------
FruitCounts | {'Fruit': 1, 'DecayFruit': 1, 'EnemyFruit': 2} |
------------------------------------------
| rollout/                |              |
|    ep_len_mean          | 1.17e+03     |
|    ep_rew_mean          | 31.1         |
| time/                   |              |
|    fps                  | 173          |
|    iterations           | 221          |
|    time_elapsed         | 2608         |
|    total_timesteps      | 452608       |
| train/                  |              |
|    approx_kl            | 0.0059022834 |
|    clip_fraction        | 0.0599       |
|    clip_range           | 0.2          |
|    entropy_loss         | -0.26        |
|    explained_variance   | 0.199        |
|    learning_rate        | 0.0003       |
|    loss                 | 0.629        |
|    n_updates            | 2200         |
|    policy_gradient_loss | -0.0032      |
|    value_loss           | 2.38         |
------------------------------------------
FruitCounts | {'Fruit': 0, 'DecayFruit': 2, 'EnemyFruit': 1} |
-----------------------------------------
| rollout/                |             |
|    ep_len_mean          | 1.16e+03    |
|    ep_rew_mean          | 30.7        |
| time/                   |             |
|    fps                  | 173         |
|    iterations           | 222         |
|    time_elapsed         | 2619        |
|    total_timesteps      | 454656      |
| train/                  |             |
|    approx_kl            | 0.005208561 |
|    clip_fraction        | 0.0556      |
|    clip_range           | 0.2         |
|    entropy_loss         | -0.255      |
|    explained_variance   | -0.0345     |
|    learning_rate        | 0.0003      |
|    loss                 | 6.32        |
|    n_updates            | 2210        |
|    policy_gradient_loss | -0.00337    |
|    value_loss           | 8.95        |
-----------------------------------------
FruitCounts | {'Fruit': 0, 'DecayFruit': 1, 'EnemyFruit': 2} |
-----------------------------------------
| rollout/                |             |
|    ep_len_mean          | 1.16e+03    |
|    ep_rew_mean          | 30.1        |
| time/                   |             |
|    fps                  | 173         |
|    iterations           | 223         |
|    time_elapsed         | 2629        |
|    total_timesteps      | 456704      |
| train/                  |             |
|    approx_kl            | 0.012508257 |
|    clip_fraction        | 0.0714      |
|    clip_range           | 0.2         |
|    entropy_loss         | -0.266      |
|    explained_variance   | -0.102      |
|    learning_rate        | 0.0003      |
|    loss                 | 6.36        |
|    n_updates            | 2220        |
|    policy_gradient_loss | -0.000902   |
|    value_loss           | 6.43        |
-----------------------------------------
FruitCounts | {'Fruit': 0, 'DecayFruit': 2, 'EnemyFruit': 0} |
------------------------------------------
| rollout/                |              |
|    ep_len_mean          | 1.16e+03     |
|    ep_rew_mean          | 29.6         |
| time/                   |              |
|    fps                  | 173          |
|    iterations           | 224          |
|    time_elapsed         | 2640         |
|    total_timesteps      | 458752       |
| train/                  |              |
|    approx_kl            | 0.0045690453 |
|    clip_fraction        | 0.0639       |
|    clip_range           | 0.2          |
|    entropy_loss         | -0.265       |
|    explained_variance   | -0.15        |
|    learning_rate        | 0.0003       |
|    loss                 | 2.1          |
|    n_updates            | 2230         |
|    policy_gradient_loss | -0.000598    |
|    value_loss           | 4.19         |
------------------------------------------
FruitCounts | {'Fruit': 3, 'DecayFruit': 1, 'EnemyFruit': 1} |
-----------------------------------------
| rollout/                |             |
|    ep_len_mean          | 1.16e+03    |
|    ep_rew_mean          | 29.6        |
| time/                   |             |
|    fps                  | 173         |
|    iterations           | 225         |
|    time_elapsed         | 2650        |
|    total_timesteps      | 460800      |
| train/                  |             |
|    approx_kl            | 0.009363677 |
|    clip_fraction        | 0.0628      |
|    clip_range           | 0.2         |
|    entropy_loss         | -0.266      |
|    explained_variance   | -0.0165     |
|    learning_rate        | 0.0003      |
|    loss                 | 0.938       |
|    n_updates            | 2240        |
|    policy_gradient_loss | -0.00201    |
|    value_loss           | 3.66        |
-----------------------------------------
FruitCounts | {'Fruit': 2, 'DecayFruit': 0, 'EnemyFruit': 4} |
------------------------------------------
| rollout/                |              |
|    ep_len_mean          | 1.16e+03     |
|    ep_rew_mean          | 30.1         |
| time/                   |              |
|    fps                  | 173          |
|    iterations           | 226          |
|    time_elapsed         | 2662         |
|    total_timesteps      | 462848       |
| train/                  |              |
|    approx_kl            | 0.0076619694 |
|    clip_fraction        | 0.0522       |
|    clip_range           | 0.2          |
|    entropy_loss         | -0.27        |
|    explained_variance   | 0.0723       |
|    learning_rate        | 0.0003       |
|    loss                 | 6.66         |
|    n_updates            | 2250         |
|    policy_gradient_loss | -0.00259     |
|    value_loss           | 9.41         |
------------------------------------------
FruitCounts | {'Fruit': 0, 'DecayFruit': 4, 'EnemyFruit': 3} |
-----------------------------------------
| rollout/                |             |
|    ep_len_mean          | 1.16e+03    |
|    ep_rew_mean          | 29.8        |
| time/                   |             |
|    fps                  | 173         |
|    iterations           | 227         |
|    time_elapsed         | 2672        |
|    total_timesteps      | 464896      |
| train/                  |             |
|    approx_kl            | 0.004087681 |
|    clip_fraction        | 0.0498      |
|    clip_range           | 0.2         |
|    entropy_loss         | -0.243      |
|    explained_variance   | -0.0036     |
|    learning_rate        | 0.0003      |
|    loss                 | 0.648       |
|    n_updates            | 2260        |
|    policy_gradient_loss | -0.00107    |
|    value_loss           | 5.6         |
-----------------------------------------
FruitCounts | {'Fruit': 0, 'DecayFruit': 0, 'EnemyFruit': 0} |
------------------------------------------
| rollout/                |              |
|    ep_len_mean          | 1.17e+03     |
|    ep_rew_mean          | 30.3         |
| time/                   |              |
|    fps                  | 174          |
|    iterations           | 228          |
|    time_elapsed         | 2683         |
|    total_timesteps      | 466944       |
| train/                  |              |
|    approx_kl            | 0.0065847775 |
|    clip_fraction        | 0.0562       |
|    clip_range           | 0.2          |
|    entropy_loss         | -0.247       |
|    explained_variance   | 0.187        |
|    learning_rate        | 0.0003       |
|    loss                 | 1.45         |
|    n_updates            | 2270         |
|    policy_gradient_loss | -0.00187     |
|    value_loss           | 7.22         |
------------------------------------------
FruitCounts | {'Fruit': 2, 'DecayFruit': 0, 'EnemyFruit': 2} |
-----------------------------------------
| rollout/                |             |
|    ep_len_mean          | 1.15e+03    |
|    ep_rew_mean          | 30.6        |
| time/                   |             |
|    fps                  | 174         |
|    iterations           | 229         |
|    time_elapsed         | 2693        |
|    total_timesteps      | 468992      |
| train/                  |             |
|    approx_kl            | 0.009875994 |
|    clip_fraction        | 0.0773      |
|    clip_range           | 0.2         |
|    entropy_loss         | -0.265      |
|    explained_variance   | 0.184       |
|    learning_rate        | 0.0003      |
|    loss                 | 2.13        |
|    n_updates            | 2280        |
|    policy_gradient_loss | -0.00522    |
|    value_loss           | 9.19        |
-----------------------------------------
FruitCounts | {'Fruit': 0, 'DecayFruit': 2, 'EnemyFruit': 0} |
------------------------------------------
| rollout/                |              |
|    ep_len_mean          | 1.16e+03     |
|    ep_rew_mean          | 31.7         |
| time/                   |              |
|    fps                  | 174          |
|    iterations           | 230          |
|    time_elapsed         | 2704         |
|    total_timesteps      | 471040       |
| train/                  |              |
|    approx_kl            | 0.0068519446 |
|    clip_fraction        | 0.0435       |
|    clip_range           | 0.2          |
|    entropy_loss         | -0.257       |
|    explained_variance   | 0.0628       |
|    learning_rate        | 0.0003       |
|    loss                 | 4.36         |
|    n_updates            | 2290         |
|    policy_gradient_loss | -0.000473    |
|    value_loss           | 12.5         |
------------------------------------------
FruitCounts | {'Fruit': 0, 'DecayFruit': 2, 'EnemyFruit': 3} |
------------------------------------------
| rollout/                |              |
|    ep_len_mean          | 1.15e+03     |
|    ep_rew_mean          | 31.2         |
| time/                   |              |
|    fps                  | 174          |
|    iterations           | 231          |
|    time_elapsed         | 2713         |
|    total_timesteps      | 473088       |
| train/                  |              |
|    approx_kl            | 0.0037697917 |
|    clip_fraction        | 0.0311       |
|    clip_range           | 0.2          |
|    entropy_loss         | -0.239       |
|    explained_variance   | 0.168        |
|    learning_rate        | 0.0003       |
|    loss                 | 8.47         |
|    n_updates            | 2300         |
|    policy_gradient_loss | -0.00139     |
|    value_loss           | 17           |
------------------------------------------
FruitCounts | {'Fruit': 1, 'DecayFruit': 5, 'EnemyFruit': 4} |
-----------------------------------------
| rollout/                |             |
|    ep_len_mean          | 1.14e+03    |
|    ep_rew_mean          | 30.6        |
| time/                   |             |
|    fps                  | 174         |
|    iterations           | 232         |
|    time_elapsed         | 2724        |
|    total_timesteps      | 475136      |
| train/                  |             |
|    approx_kl            | 0.007826136 |
|    clip_fraction        | 0.0676      |
|    clip_range           | 0.2         |
|    entropy_loss         | -0.246      |
|    explained_variance   | 0.104       |
|    learning_rate        | 0.0003      |
|    loss                 | 4.07        |
|    n_updates            | 2310        |
|    policy_gradient_loss | -0.00133    |
|    value_loss           | 4.46        |
-----------------------------------------
FruitCounts | {'Fruit': 1, 'DecayFruit': 0, 'EnemyFruit': 2} |
-----------------------------------------
| rollout/                |             |
|    ep_len_mean          | 1.14e+03    |
|    ep_rew_mean          | 31.4        |
| time/                   |             |
|    fps                  | 174         |
|    iterations           | 233         |
|    time_elapsed         | 2735        |
|    total_timesteps      | 477184      |
| train/                  |             |
|    approx_kl            | 0.007937151 |
|    clip_fraction        | 0.0593      |
|    clip_range           | 0.2         |
|    entropy_loss         | -0.266      |
|    explained_variance   | 0.0747      |
|    learning_rate        | 0.0003      |
|    loss                 | 2.46        |
|    n_updates            | 2320        |
|    policy_gradient_loss | -0.00176    |
|    value_loss           | 8.62        |
-----------------------------------------
FruitCounts | {'Fruit': 1, 'DecayFruit': 3, 'EnemyFruit': 9} |
-----------------------------------------
| rollout/                |             |
|    ep_len_mean          | 1.14e+03    |
|    ep_rew_mean          | 31.4        |
| time/                   |             |
|    fps                  | 174         |
|    iterations           | 234         |
|    time_elapsed         | 2745        |
|    total_timesteps      | 479232      |
| train/                  |             |
|    approx_kl            | 0.007312173 |
|    clip_fraction        | 0.0704      |
|    clip_range           | 0.2         |
|    entropy_loss         | -0.26       |
|    explained_variance   | 0.137       |
|    learning_rate        | 0.0003      |
|    loss                 | 7.41        |
|    n_updates            | 2330        |
|    policy_gradient_loss | -0.00254    |
|    value_loss           | 17.6        |
-----------------------------------------
FruitCounts | {'Fruit': 0, 'DecayFruit': 0, 'EnemyFruit': 3} |
------------------------------------------
| rollout/                |              |
|    ep_len_mean          | 1.18e+03     |
|    ep_rew_mean          | 31.8         |
| time/                   |              |
|    fps                  | 174          |
|    iterations           | 235          |
|    time_elapsed         | 2759         |
|    total_timesteps      | 481280       |
| train/                  |              |
|    approx_kl            | 0.0054623517 |
|    clip_fraction        | 0.0589       |
|    clip_range           | 0.2          |
|    entropy_loss         | -0.244       |
|    explained_variance   | 0.0626       |
|    learning_rate        | 0.0003       |
|    loss                 | 2.41         |
|    n_updates            | 2340         |
|    policy_gradient_loss | -0.00175     |
|    value_loss           | 5.86         |
------------------------------------------
FruitCounts | {'Fruit': 0, 'DecayFruit': 1, 'EnemyFruit': 0} |
-----------------------------------------
| rollout/                |             |
|    ep_len_mean          | 1.19e+03    |
|    ep_rew_mean          | 32.1        |
| time/                   |             |
|    fps                  | 174         |
|    iterations           | 236         |
|    time_elapsed         | 2769        |
|    total_timesteps      | 483328      |
| train/                  |             |
|    approx_kl            | 0.011053158 |
|    clip_fraction        | 0.0686      |
|    clip_range           | 0.2         |
|    entropy_loss         | -0.259      |
|    explained_variance   | -0.0547     |
|    learning_rate        | 0.0003      |
|    loss                 | 13.4        |
|    n_updates            | 2350        |
|    policy_gradient_loss | -0.000836   |
|    value_loss           | 8.63        |
-----------------------------------------
FruitCounts | {'Fruit': 0, 'DecayFruit': 2, 'EnemyFruit': 1} |
------------------------------------------
| rollout/                |              |
|    ep_len_mean          | 1.18e+03     |
|    ep_rew_mean          | 31.5         |
| time/                   |              |
|    fps                  | 174          |
|    iterations           | 237          |
|    time_elapsed         | 2779         |
|    total_timesteps      | 485376       |
| train/                  |              |
|    approx_kl            | 0.0056297705 |
|    clip_fraction        | 0.0397       |
|    clip_range           | 0.2          |
|    entropy_loss         | -0.245       |
|    explained_variance   | 0.0973       |
|    learning_rate        | 0.0003       |
|    loss                 | 1.19         |
|    n_updates            | 2360         |
|    policy_gradient_loss | -0.000854    |
|    value_loss           | 5.13         |
------------------------------------------
FruitCounts | {'Fruit': 0, 'DecayFruit': 1, 'EnemyFruit': 1} |
-----------------------------------------
| rollout/                |             |
|    ep_len_mean          | 1.18e+03    |
|    ep_rew_mean          | 31.6        |
| time/                   |             |
|    fps                  | 174         |
|    iterations           | 238         |
|    time_elapsed         | 2789        |
|    total_timesteps      | 487424      |
| train/                  |             |
|    approx_kl            | 0.007972603 |
|    clip_fraction        | 0.0677      |
|    clip_range           | 0.2         |
|    entropy_loss         | -0.254      |
|    explained_variance   | 0.335       |
|    learning_rate        | 0.0003      |
|    loss                 | 2.67        |
|    n_updates            | 2370        |
|    policy_gradient_loss | -0.00166    |
|    value_loss           | 6.68        |
-----------------------------------------
FruitCounts | {'Fruit': 0, 'DecayFruit': 2, 'EnemyFruit': 8} |
----------------------------------------
| rollout/                |            |
|    ep_len_mean          | 1.19e+03   |
|    ep_rew_mean          | 31.7       |
| time/                   |            |
|    fps                  | 174        |
|    iterations           | 239        |
|    time_elapsed         | 2801       |
|    total_timesteps      | 489472     |
| train/                  |            |
|    approx_kl            | 0.00515019 |
|    clip_fraction        | 0.0575     |
|    clip_range           | 0.2        |
|    entropy_loss         | -0.257     |
|    explained_variance   | 0.0628     |
|    learning_rate        | 0.0003     |
|    loss                 | 1.66       |
|    n_updates            | 2380       |
|    policy_gradient_loss | -0.00128   |
|    value_loss           | 6.51       |
----------------------------------------
FruitCounts | {'Fruit': 0, 'DecayFruit': 2, 'EnemyFruit': 0} |
-----------------------------------------
| rollout/                |             |
|    ep_len_mean          | 1.18e+03    |
|    ep_rew_mean          | 31.9        |
| time/                   |             |
|    fps                  | 174         |
|    iterations           | 240         |
|    time_elapsed         | 2812        |
|    total_timesteps      | 491520      |
| train/                  |             |
|    approx_kl            | 0.006035516 |
|    clip_fraction        | 0.0461      |
|    clip_range           | 0.2         |
|    entropy_loss         | -0.247      |
|    explained_variance   | -0.0349     |
|    learning_rate        | 0.0003      |
|    loss                 | 4.39        |
|    n_updates            | 2390        |
|    policy_gradient_loss | -0.000906   |
|    value_loss           | 10.4        |
-----------------------------------------
FruitCounts | {'Fruit': 1, 'DecayFruit': 0, 'EnemyFruit': 1} |
------------------------------------------
| rollout/                |              |
|    ep_len_mean          | 1.19e+03     |
|    ep_rew_mean          | 31.7         |
| time/                   |              |
|    fps                  | 174          |
|    iterations           | 241          |
|    time_elapsed         | 2822         |
|    total_timesteps      | 493568       |
| train/                  |              |
|    approx_kl            | 0.0044624265 |
|    clip_fraction        | 0.045        |
|    clip_range           | 0.2          |
|    entropy_loss         | -0.245       |
|    explained_variance   | 0.33         |
|    learning_rate        | 0.0003       |
|    loss                 | 4.15         |
|    n_updates            | 2400         |
|    policy_gradient_loss | -0.00102     |
|    value_loss           | 19.4         |
------------------------------------------
FruitCounts | {'Fruit': 0, 'DecayFruit': 1, 'EnemyFruit': 0} |
-----------------------------------------
| rollout/                |             |
|    ep_len_mean          | 1.18e+03    |
|    ep_rew_mean          | 32.4        |
| time/                   |             |
|    fps                  | 174         |
|    iterations           | 242         |
|    time_elapsed         | 2834        |
|    total_timesteps      | 495616      |
| train/                  |             |
|    approx_kl            | 0.010718919 |
|    clip_fraction        | 0.0702      |
|    clip_range           | 0.2         |
|    entropy_loss         | -0.236      |
|    explained_variance   | -0.418      |
|    learning_rate        | 0.0003      |
|    loss                 | 0.637       |
|    n_updates            | 2410        |
|    policy_gradient_loss | -0.000529   |
|    value_loss           | 1.98        |
-----------------------------------------
FruitCounts | {'Fruit': 2, 'DecayFruit': 3, 'EnemyFruit': 2} |
------------------------------------------
| rollout/                |              |
|    ep_len_mean          | 1.16e+03     |
|    ep_rew_mean          | 31.1         |
| time/                   |              |
|    fps                  | 175          |
|    iterations           | 243          |
|    time_elapsed         | 2843         |
|    total_timesteps      | 497664       |
| train/                  |              |
|    approx_kl            | 0.0074181417 |
|    clip_fraction        | 0.0616       |
|    clip_range           | 0.2          |
|    entropy_loss         | -0.268       |
|    explained_variance   | 0.359        |
|    learning_rate        | 0.0003       |
|    loss                 | 10.3         |
|    n_updates            | 2420         |
|    policy_gradient_loss | -0.00391     |
|    value_loss           | 14.3         |
------------------------------------------
FruitCounts | {'Fruit': 1, 'DecayFruit': 2, 'EnemyFruit': 2} |
------------------------------------------
| rollout/                |              |
|    ep_len_mean          | 1.17e+03     |
|    ep_rew_mean          | 32           |
| time/                   |              |
|    fps                  | 174          |
|    iterations           | 244          |
|    time_elapsed         | 2855         |
|    total_timesteps      | 499712       |
| train/                  |              |
|    approx_kl            | 0.0048702317 |
|    clip_fraction        | 0.0632       |
|    clip_range           | 0.2          |
|    entropy_loss         | -0.236       |
|    explained_variance   | 0.558        |
|    learning_rate        | 0.0003       |
|    loss                 | 1.7          |
|    n_updates            | 2430         |
|    policy_gradient_loss | -0.00308     |
|    value_loss           | 3.36         |
------------------------------------------
FruitCounts | {'Fruit': 3, 'DecayFruit': 7, 'EnemyFruit': 13} |
------------------------------------------
| rollout/                |              |
|    ep_len_mean          | 1.17e+03     |
|    ep_rew_mean          | 32           |
| time/                   |              |
|    fps                  | 175          |
|    iterations           | 245          |
|    time_elapsed         | 2864         |
|    total_timesteps      | 501760       |
| train/                  |              |
|    approx_kl            | 0.0076339897 |
|    clip_fraction        | 0.0634       |
|    clip_range           | 0.2          |
|    entropy_loss         | -0.264       |
|    explained_variance   | 0.113        |
|    learning_rate        | 0.0003       |
|    loss                 | 4.45         |
|    n_updates            | 2440         |
|    policy_gradient_loss | -0.0054      |
|    value_loss           | 18.1         |
------------------------------------------
FruitCounts | {'Fruit': 1, 'DecayFruit': 2, 'EnemyFruit': 0} |
-----------------------------------------
| rollout/                |             |
|    ep_len_mean          | 1.2e+03     |
|    ep_rew_mean          | 34.3        |
| time/                   |             |
|    fps                  | 175         |
|    iterations           | 246         |
|    time_elapsed         | 2877        |
|    total_timesteps      | 503808      |
| train/                  |             |
|    approx_kl            | 0.006872164 |
|    clip_fraction        | 0.0448      |
|    clip_range           | 0.2         |
|    entropy_loss         | -0.208      |
|    explained_variance   | -0.0421     |
|    learning_rate        | 0.0003      |
|    loss                 | 3.66        |
|    n_updates            | 2450        |
|    policy_gradient_loss | -0.00126    |
|    value_loss           | 10.5        |
-----------------------------------------
FruitCounts | {'Fruit': 0, 'DecayFruit': 5, 'EnemyFruit': 4} |
-----------------------------------------
| rollout/                |             |
|    ep_len_mean          | 1.19e+03    |
|    ep_rew_mean          | 33.7        |
| time/                   |             |
|    fps                  | 175         |
|    iterations           | 247         |
|    time_elapsed         | 2887        |
|    total_timesteps      | 505856      |
| train/                  |             |
|    approx_kl            | 0.007667329 |
|    clip_fraction        | 0.0681      |
|    clip_range           | 0.2         |
|    entropy_loss         | -0.247      |
|    explained_variance   | 0.171       |
|    learning_rate        | 0.0003      |
|    loss                 | 1.7         |
|    n_updates            | 2460        |
|    policy_gradient_loss | -0.00157    |
|    value_loss           | 10.9        |
-----------------------------------------
FruitCounts | {'Fruit': 0, 'DecayFruit': 1, 'EnemyFruit': 2} |
-----------------------------------------
| rollout/                |             |
|    ep_len_mean          | 1.2e+03     |
|    ep_rew_mean          | 34.6        |
| time/                   |             |
|    fps                  | 175         |
|    iterations           | 248         |
|    time_elapsed         | 2899        |
|    total_timesteps      | 507904      |
| train/                  |             |
|    approx_kl            | 0.003434664 |
|    clip_fraction        | 0.0544      |
|    clip_range           | 0.2         |
|    entropy_loss         | -0.261      |
|    explained_variance   | -0.0327     |
|    learning_rate        | 0.0003      |
|    loss                 | 10.3        |
|    n_updates            | 2470        |
|    policy_gradient_loss | -0.000806   |
|    value_loss           | 12.6        |
-----------------------------------------
FruitCounts | {'Fruit': 1, 'DecayFruit': 4, 'EnemyFruit': 2} |
-----------------------------------------
| rollout/                |             |
|    ep_len_mean          | 1.21e+03    |
|    ep_rew_mean          | 34.2        |
| time/                   |             |
|    fps                  | 175         |
|    iterations           | 249         |
|    time_elapsed         | 2910        |
|    total_timesteps      | 509952      |
| train/                  |             |
|    approx_kl            | 0.006839098 |
|    clip_fraction        | 0.064       |
|    clip_range           | 0.2         |
|    entropy_loss         | -0.23       |
|    explained_variance   | -0.0972     |
|    learning_rate        | 0.0003      |
|    loss                 | 9.31        |
|    n_updates            | 2480        |
|    policy_gradient_loss | -0.00131    |
|    value_loss           | 8.55        |
-----------------------------------------
FruitCounts | {'Fruit': 0, 'DecayFruit': 0, 'EnemyFruit': 0} |
------------------------------------------
| rollout/                |              |
|    ep_len_mean          | 1.22e+03     |
|    ep_rew_mean          | 34.9         |
| time/                   |              |
|    fps                  | 175          |
|    iterations           | 250          |
|    time_elapsed         | 2921         |
|    total_timesteps      | 512000       |
| train/                  |              |
|    approx_kl            | 0.0094354395 |
|    clip_fraction        | 0.0598       |
|    clip_range           | 0.2          |
|    entropy_loss         | -0.238       |
|    explained_variance   | 0.324        |
|    learning_rate        | 0.0003       |
|    loss                 | 0.893        |
|    n_updates            | 2490         |
|    policy_gradient_loss | -0.0039      |
|    value_loss           | 3.93         |
------------------------------------------
FruitCounts | {'Fruit': 2, 'DecayFruit': 2, 'EnemyFruit': 4} |
-----------------------------------------
| rollout/                |             |
|    ep_len_mean          | 1.22e+03    |
|    ep_rew_mean          | 34.3        |
| time/                   |             |
|    fps                  | 175         |
|    iterations           | 251         |
|    time_elapsed         | 2931        |
|    total_timesteps      | 514048      |
| train/                  |             |
|    approx_kl            | 0.003664977 |
|    clip_fraction        | 0.0464      |
|    clip_range           | 0.2         |
|    entropy_loss         | -0.232      |
|    explained_variance   | 0.0121      |
|    learning_rate        | 0.0003      |
|    loss                 | 8.26        |
|    n_updates            | 2500        |
|    policy_gradient_loss | 0.000188    |
|    value_loss           | 14.7        |
-----------------------------------------
FruitCounts | {'Fruit': 0, 'DecayFruit': 0, 'EnemyFruit': 0} |
----------------------------------------
| rollout/                |            |
|    ep_len_mean          | 1.19e+03   |
|    ep_rew_mean          | 34.1       |
| time/                   |            |
|    fps                  | 175        |
|    iterations           | 252        |
|    time_elapsed         | 2942       |
|    total_timesteps      | 516096     |
| train/                  |            |
|    approx_kl            | 0.00834208 |
|    clip_fraction        | 0.0593     |
|    clip_range           | 0.2        |
|    entropy_loss         | -0.246     |
|    explained_variance   | 0.135      |
|    learning_rate        | 0.0003     |
|    loss                 | 0.942      |
|    n_updates            | 2510       |
|    policy_gradient_loss | -0.00207   |
|    value_loss           | 3.96       |
----------------------------------------
FruitCounts | {'Fruit': 0, 'DecayFruit': 8, 'EnemyFruit': 10} |
------------------------------------------
| rollout/                |              |
|    ep_len_mean          | 1.19e+03     |
|    ep_rew_mean          | 34.1         |
| time/                   |              |
|    fps                  | 175          |
|    iterations           | 253          |
|    time_elapsed         | 2951         |
|    total_timesteps      | 518144       |
| train/                  |              |
|    approx_kl            | 0.0075621717 |
|    clip_fraction        | 0.0635       |
|    clip_range           | 0.2          |
|    entropy_loss         | -0.227       |
|    explained_variance   | 0.186        |
|    learning_rate        | 0.0003       |
|    loss                 | 2.14         |
|    n_updates            | 2520         |
|    policy_gradient_loss | -0.00364     |
|    value_loss           | 9.93         |
------------------------------------------
FruitCounts | {'Fruit': 0, 'DecayFruit': 4, 'EnemyFruit': 4} |
-----------------------------------------
| rollout/                |             |
|    ep_len_mean          | 1.22e+03    |
|    ep_rew_mean          | 35.3        |
| time/                   |             |
|    fps                  | 175         |
|    iterations           | 254         |
|    time_elapsed         | 2963        |
|    total_timesteps      | 520192      |
| train/                  |             |
|    approx_kl            | 0.006425241 |
|    clip_fraction        | 0.0542      |
|    clip_range           | 0.2         |
|    entropy_loss         | -0.252      |
|    explained_variance   | -0.0698     |
|    learning_rate        | 0.0003      |
|    loss                 | 2.88        |
|    n_updates            | 2530        |
|    policy_gradient_loss | -0.000466   |
|    value_loss           | 10.2        |
-----------------------------------------
FruitCounts | {'Fruit': 0, 'DecayFruit': 8, 'EnemyFruit': 20} |
-----------------------------------------
| rollout/                |             |
|    ep_len_mean          | 1.22e+03    |
|    ep_rew_mean          | 35.3        |
| time/                   |             |
|    fps                  | 175         |
|    iterations           | 255         |
|    time_elapsed         | 2973        |
|    total_timesteps      | 522240      |
| train/                  |             |
|    approx_kl            | 0.013682641 |
|    clip_fraction        | 0.0822      |
|    clip_range           | 0.2         |
|    entropy_loss         | -0.25       |
|    explained_variance   | 0.0633      |
|    learning_rate        | 0.0003      |
|    loss                 | 7.88        |
|    n_updates            | 2540        |
|    policy_gradient_loss | -0.00351    |
|    value_loss           | 8.68        |
-----------------------------------------
FruitCounts | {'Fruit': 0, 'DecayFruit': 3, 'EnemyFruit': 6} |
-----------------------------------------
| rollout/                |             |
|    ep_len_mean          | 1.24e+03    |
|    ep_rew_mean          | 36.3        |
| time/                   |             |
|    fps                  | 175         |
|    iterations           | 256         |
|    time_elapsed         | 2987        |
|    total_timesteps      | 524288      |
| train/                  |             |
|    approx_kl            | 0.005731963 |
|    clip_fraction        | 0.0514      |
|    clip_range           | 0.2         |
|    entropy_loss         | -0.234      |
|    explained_variance   | 0.0372      |
|    learning_rate        | 0.0003      |
|    loss                 | 1.89        |
|    n_updates            | 2550        |
|    policy_gradient_loss | -0.00169    |
|    value_loss           | 6.01        |
-----------------------------------------
FruitCounts | {'Fruit': 1, 'DecayFruit': 9, 'EnemyFruit': 19} |
------------------------------------------
| rollout/                |              |
|    ep_len_mean          | 1.24e+03     |
|    ep_rew_mean          | 36.3         |
| time/                   |              |
|    fps                  | 175          |
|    iterations           | 257          |
|    time_elapsed         | 2995         |
|    total_timesteps      | 526336       |
| train/                  |              |
|    approx_kl            | 0.0041654254 |
|    clip_fraction        | 0.0413       |
|    clip_range           | 0.2          |
|    entropy_loss         | -0.226       |
|    explained_variance   | 0.172        |
|    learning_rate        | 0.0003       |
|    loss                 | 3.55         |
|    n_updates            | 2560         |
|    policy_gradient_loss | -0.00218     |
|    value_loss           | 6.72         |
------------------------------------------
FruitCounts | {'Fruit': 0, 'DecayFruit': 6, 'EnemyFruit': 10} |
-----------------------------------------
| rollout/                |             |
|    ep_len_mean          | 1.27e+03    |
|    ep_rew_mean          | 38          |
| time/                   |             |
|    fps                  | 175         |
|    iterations           | 258         |
|    time_elapsed         | 3008        |
|    total_timesteps      | 528384      |
| train/                  |             |
|    approx_kl            | 0.007465106 |
|    clip_fraction        | 0.0446      |
|    clip_range           | 0.2         |
|    entropy_loss         | -0.218      |
|    explained_variance   | 0.114       |
|    learning_rate        | 0.0003      |
|    loss                 | 7.24        |
|    n_updates            | 2570        |
|    policy_gradient_loss | -0.00382    |
|    value_loss           | 10.7        |
-----------------------------------------
FruitCounts | {'Fruit': 0, 'DecayFruit': 12, 'EnemyFruit': 20} |
-----------------------------------------
| rollout/                |             |
|    ep_len_mean          | 1.27e+03    |
|    ep_rew_mean          | 38          |
| time/                   |             |
|    fps                  | 175         |
|    iterations           | 259         |
|    time_elapsed         | 3017        |
|    total_timesteps      | 530432      |
| train/                  |             |
|    approx_kl            | 0.006408186 |
|    clip_fraction        | 0.0458      |
|    clip_range           | 0.2         |
|    entropy_loss         | -0.213      |
|    explained_variance   | 0.051       |
|    learning_rate        | 0.0003      |
|    loss                 | 3.21        |
|    n_updates            | 2580        |
|    policy_gradient_loss | -0.00146    |
|    value_loss           | 6.83        |
-----------------------------------------
FruitCounts | {'Fruit': 0, 'DecayFruit': 1, 'EnemyFruit': 4} |
-----------------------------------------
| rollout/                |             |
|    ep_len_mean          | 1.32e+03    |
|    ep_rew_mean          | 39.8        |
| time/                   |             |
|    fps                  | 175         |
|    iterations           | 260         |
|    time_elapsed         | 3033        |
|    total_timesteps      | 532480      |
| train/                  |             |
|    approx_kl            | 0.003164467 |
|    clip_fraction        | 0.0488      |
|    clip_range           | 0.2         |
|    entropy_loss         | -0.231      |
|    explained_variance   | -0.193      |
|    learning_rate        | 0.0003      |
|    loss                 | 1.75        |
|    n_updates            | 2590        |
|    policy_gradient_loss | 0.000696    |
|    value_loss           | 5.25        |
-----------------------------------------
FruitCounts | {'Fruit': 0, 'DecayFruit': 0, 'EnemyFruit': 0} |
------------------------------------------
| rollout/                |              |
|    ep_len_mean          | 1.3e+03      |
|    ep_rew_mean          | 39.9         |
| time/                   |              |
|    fps                  | 175          |
|    iterations           | 261          |
|    time_elapsed         | 3044         |
|    total_timesteps      | 534528       |
| train/                  |              |
|    approx_kl            | 0.0048053707 |
|    clip_fraction        | 0.0514       |
|    clip_range           | 0.2          |
|    entropy_loss         | -0.216       |
|    explained_variance   | 0.0854       |
|    learning_rate        | 0.0003       |
|    loss                 | 2.16         |
|    n_updates            | 2600         |
|    policy_gradient_loss | -0.00167     |
|    value_loss           | 9.31         |
------------------------------------------
FruitCounts | {'Fruit': 0, 'DecayFruit': 2, 'EnemyFruit': 2} |
-----------------------------------------
| rollout/                |             |
|    ep_len_mean          | 1.29e+03    |
|    ep_rew_mean          | 39.9        |
| time/                   |             |
|    fps                  | 175         |
|    iterations           | 262         |
|    time_elapsed         | 3055        |
|    total_timesteps      | 536576      |
| train/                  |             |
|    approx_kl            | 0.006867908 |
|    clip_fraction        | 0.0612      |
|    clip_range           | 0.2         |
|    entropy_loss         | -0.224      |
|    explained_variance   | 0.00473     |
|    learning_rate        | 0.0003      |
|    loss                 | 2.24        |
|    n_updates            | 2610        |
|    policy_gradient_loss | -0.00472    |
|    value_loss           | 8.85        |
-----------------------------------------
FruitCounts | {'Fruit': 2, 'DecayFruit': 9, 'EnemyFruit': 19} |
-----------------------------------------
| rollout/                |             |
|    ep_len_mean          | 1.29e+03    |
|    ep_rew_mean          | 39.9        |
| time/                   |             |
|    fps                  | 175         |
|    iterations           | 263         |
|    time_elapsed         | 3064        |
|    total_timesteps      | 538624      |
| train/                  |             |
|    approx_kl            | 0.006579051 |
|    clip_fraction        | 0.0601      |
|    clip_range           | 0.2         |
|    entropy_loss         | -0.219      |
|    explained_variance   | -0.00852    |
|    learning_rate        | 0.0003      |
|    loss                 | 15          |
|    n_updates            | 2620        |
|    policy_gradient_loss | -0.00341    |
|    value_loss           | 14.8        |
-----------------------------------------
FruitCounts | {'Fruit': 7, 'DecayFruit': 2, 'EnemyFruit': 9} |
-----------------------------------------
| rollout/                |             |
|    ep_len_mean          | 1.3e+03     |
|    ep_rew_mean          | 39.5        |
| time/                   |             |
|    fps                  | 175         |
|    iterations           | 264         |
|    time_elapsed         | 3076        |
|    total_timesteps      | 540672      |
| train/                  |             |
|    approx_kl            | 0.004477975 |
|    clip_fraction        | 0.0572      |
|    clip_range           | 0.2         |
|    entropy_loss         | -0.221      |
|    explained_variance   | 0.0847      |
|    learning_rate        | 0.0003      |
|    loss                 | 1.43        |
|    n_updates            | 2630        |
|    policy_gradient_loss | -0.00228    |
|    value_loss           | 5.78        |
-----------------------------------------
FruitCounts | {'Fruit': 7, 'DecayFruit': 4, 'EnemyFruit': 18} |
-----------------------------------------
| rollout/                |             |
|    ep_len_mean          | 1.3e+03     |
|    ep_rew_mean          | 39.5        |
| time/                   |             |
|    fps                  | 175         |
|    iterations           | 265         |
|    time_elapsed         | 3085        |
|    total_timesteps      | 542720      |
| train/                  |             |
|    approx_kl            | 0.005193546 |
|    clip_fraction        | 0.0479      |
|    clip_range           | 0.2         |
|    entropy_loss         | -0.228      |
|    explained_variance   | 0.104       |
|    learning_rate        | 0.0003      |
|    loss                 | 3.88        |
|    n_updates            | 2640        |
|    policy_gradient_loss | -0.00138    |
|    value_loss           | 6.67        |
-----------------------------------------
FruitCounts | {'Fruit': 0, 'DecayFruit': 0, 'EnemyFruit': 1} |
------------------------------------------
| rollout/                |              |
|    ep_len_mean          | 1.31e+03     |
|    ep_rew_mean          | 40.1         |
| time/                   |              |
|    fps                  | 175          |
|    iterations           | 266          |
|    time_elapsed         | 3100         |
|    total_timesteps      | 544768       |
| train/                  |              |
|    approx_kl            | 0.0077343434 |
|    clip_fraction        | 0.0661       |
|    clip_range           | 0.2          |
|    entropy_loss         | -0.242       |
|    explained_variance   | -0.227       |
|    learning_rate        | 0.0003       |
|    loss                 | 2.9          |
|    n_updates            | 2650         |
|    policy_gradient_loss | -0.000642    |
|    value_loss           | 2.2          |
------------------------------------------
FruitCounts | {'Fruit': 1, 'DecayFruit': 2, 'EnemyFruit': 6} |
------------------------------------------
| rollout/                |              |
|    ep_len_mean          | 1.31e+03     |
|    ep_rew_mean          | 40.1         |
| time/                   |              |
|    fps                  | 175          |
|    iterations           | 267          |
|    time_elapsed         | 3108         |
|    total_timesteps      | 546816       |
| train/                  |              |
|    approx_kl            | 0.0064304112 |
|    clip_fraction        | 0.0573       |
|    clip_range           | 0.2          |
|    entropy_loss         | -0.256       |
|    explained_variance   | 0.0529       |
|    learning_rate        | 0.0003       |
|    loss                 | 0.969        |
|    n_updates            | 2660         |
|    policy_gradient_loss | -0.000594    |
|    value_loss           | 8.59         |
------------------------------------------
FruitCounts | {'Fruit': 0, 'DecayFruit': 0, 'EnemyFruit': 1} |
------------------------------------------
| rollout/                |              |
|    ep_len_mean          | 1.3e+03      |
|    ep_rew_mean          | 39.9         |
| time/                   |              |
|    fps                  | 175          |
|    iterations           | 268          |
|    time_elapsed         | 3122         |
|    total_timesteps      | 548864       |
| train/                  |              |
|    approx_kl            | 0.0066662356 |
|    clip_fraction        | 0.0629       |
|    clip_range           | 0.2          |
|    entropy_loss         | -0.261       |
|    explained_variance   | 0.392        |
|    learning_rate        | 0.0003       |
|    loss                 | 0.654        |
|    n_updates            | 2670         |
|    policy_gradient_loss | -0.000397    |
|    value_loss           | 5.03         |
------------------------------------------
FruitCounts | {'Fruit': 0, 'DecayFruit': 0, 'EnemyFruit': 1} |
------------------------------------------
| rollout/                |              |
|    ep_len_mean          | 1.29e+03     |
|    ep_rew_mean          | 39.5         |
| time/                   |              |
|    fps                  | 175          |
|    iterations           | 269          |
|    time_elapsed         | 3133         |
|    total_timesteps      | 550912       |
| train/                  |              |
|    approx_kl            | 0.0056381766 |
|    clip_fraction        | 0.0481       |
|    clip_range           | 0.2          |
|    entropy_loss         | -0.241       |
|    explained_variance   | 0.143        |
|    learning_rate        | 0.0003       |
|    loss                 | 3.32         |
|    n_updates            | 2680         |
|    policy_gradient_loss | -0.00297     |
|    value_loss           | 8.85         |
------------------------------------------
FruitCounts | {'Fruit': 0, 'DecayFruit': 8, 'EnemyFruit': 11} |
------------------------------------------
| rollout/                |              |
|    ep_len_mean          | 1.29e+03     |
|    ep_rew_mean          | 39.5         |
| time/                   |              |
|    fps                  | 175          |
|    iterations           | 270          |
|    time_elapsed         | 3142         |
|    total_timesteps      | 552960       |
| train/                  |              |
|    approx_kl            | 0.0052292664 |
|    clip_fraction        | 0.0501       |
|    clip_range           | 0.2          |
|    entropy_loss         | -0.247       |
|    explained_variance   | -0.16        |
|    learning_rate        | 0.0003       |
|    loss                 | 4.37         |
|    n_updates            | 2690         |
|    policy_gradient_loss | -0.00111     |
|    value_loss           | 8.64         |
------------------------------------------
FruitCounts | {'Fruit': 0, 'DecayFruit': 1, 'EnemyFruit': 0} |
------------------------------------------
| rollout/                |              |
|    ep_len_mean          | 1.28e+03     |
|    ep_rew_mean          | 40           |
| time/                   |              |
|    fps                  | 175          |
|    iterations           | 271          |
|    time_elapsed         | 3154         |
|    total_timesteps      | 555008       |
| train/                  |              |
|    approx_kl            | 0.0040089125 |
|    clip_fraction        | 0.0537       |
|    clip_range           | 0.2          |
|    entropy_loss         | -0.244       |
|    explained_variance   | 0.0327       |
|    learning_rate        | 0.0003       |
|    loss                 | 2.33         |
|    n_updates            | 2700         |
|    policy_gradient_loss | -0.00193     |
|    value_loss           | 8.04         |
------------------------------------------
FruitCounts | {'Fruit': 0, 'DecayFruit': 0, 'EnemyFruit': 0} |
-----------------------------------------
| rollout/                |             |
|    ep_len_mean          | 1.28e+03    |
|    ep_rew_mean          | 39.7        |
| time/                   |             |
|    fps                  | 175         |
|    iterations           | 272         |
|    time_elapsed         | 3166        |
|    total_timesteps      | 557056      |
| train/                  |             |
|    approx_kl            | 0.004486453 |
|    clip_fraction        | 0.0401      |
|    clip_range           | 0.2         |
|    entropy_loss         | -0.243      |
|    explained_variance   | 0.144       |
|    learning_rate        | 0.0003      |
|    loss                 | 9.59        |
|    n_updates            | 2710        |
|    policy_gradient_loss | -0.00379    |
|    value_loss           | 15.1        |
-----------------------------------------
FruitCounts | {'Fruit': 0, 'DecayFruit': 1, 'EnemyFruit': 0} |
------------------------------------------
| rollout/                |              |
|    ep_len_mean          | 1.28e+03     |
|    ep_rew_mean          | 39.8         |
| time/                   |              |
|    fps                  | 176          |
|    iterations           | 273          |
|    time_elapsed         | 3176         |
|    total_timesteps      | 559104       |
| train/                  |              |
|    approx_kl            | 0.0090589365 |
|    clip_fraction        | 0.0728       |
|    clip_range           | 0.2          |
|    entropy_loss         | -0.252       |
|    explained_variance   | -0.00755     |
|    learning_rate        | 0.0003       |
|    loss                 | 3.75         |
|    n_updates            | 2720         |
|    policy_gradient_loss | -0.00446     |
|    value_loss           | 9.03         |
------------------------------------------
FruitCounts | {'Fruit': 1, 'DecayFruit': 6, 'EnemyFruit': 7} |
-----------------------------------------
| rollout/                |             |
|    ep_len_mean          | 1.27e+03    |
|    ep_rew_mean          | 39.7        |
| time/                   |             |
|    fps                  | 176         |
|    iterations           | 274         |
|    time_elapsed         | 3186        |
|    total_timesteps      | 561152      |
| train/                  |             |
|    approx_kl            | 0.005283231 |
|    clip_fraction        | 0.0579      |
|    clip_range           | 0.2         |
|    entropy_loss         | -0.254      |
|    explained_variance   | 0.0305      |
|    learning_rate        | 0.0003      |
|    loss                 | 4.23        |
|    n_updates            | 2730        |
|    policy_gradient_loss | -0.00133    |
|    value_loss           | 6           |
-----------------------------------------
FruitCounts | {'Fruit': 0, 'DecayFruit': 1, 'EnemyFruit': 0} |
------------------------------------------
| rollout/                |              |
|    ep_len_mean          | 1.28e+03     |
|    ep_rew_mean          | 41.2         |
| time/                   |              |
|    fps                  | 176          |
|    iterations           | 275          |
|    time_elapsed         | 3198         |
|    total_timesteps      | 563200       |
| train/                  |              |
|    approx_kl            | 0.0037570717 |
|    clip_fraction        | 0.057        |
|    clip_range           | 0.2          |
|    entropy_loss         | -0.247       |
|    explained_variance   | 0.0147       |
|    learning_rate        | 0.0003       |
|    loss                 | 2.35         |
|    n_updates            | 2740         |
|    policy_gradient_loss | -0.00237     |
|    value_loss           | 11.2         |
------------------------------------------
FruitCounts | {'Fruit': 1, 'DecayFruit': 2, 'EnemyFruit': 2} |
------------------------------------------
| rollout/                |              |
|    ep_len_mean          | 1.29e+03     |
|    ep_rew_mean          | 41.9         |
| time/                   |              |
|    fps                  | 176          |
|    iterations           | 276          |
|    time_elapsed         | 3208         |
|    total_timesteps      | 565248       |
| train/                  |              |
|    approx_kl            | 0.0062947934 |
|    clip_fraction        | 0.05         |
|    clip_range           | 0.2          |
|    entropy_loss         | -0.23        |
|    explained_variance   | 0.0637       |
|    learning_rate        | 0.0003       |
|    loss                 | 7.14         |
|    n_updates            | 2750         |
|    policy_gradient_loss | -0.00457     |
|    value_loss           | 20.7         |
------------------------------------------
FruitCounts | {'Fruit': 0, 'DecayFruit': 0, 'EnemyFruit': 0} |
-----------------------------------------
| rollout/                |             |
|    ep_len_mean          | 1.24e+03    |
|    ep_rew_mean          | 40.5        |
| time/                   |             |
|    fps                  | 176         |
|    iterations           | 277         |
|    time_elapsed         | 3220        |
|    total_timesteps      | 567296      |
| train/                  |             |
|    approx_kl            | 0.013461908 |
|    clip_fraction        | 0.0599      |
|    clip_range           | 0.2         |
|    entropy_loss         | -0.232      |
|    explained_variance   | -0.0317     |
|    learning_rate        | 0.0003      |
|    loss                 | 5.91        |
|    n_updates            | 2760        |
|    policy_gradient_loss | -0.000584   |
|    value_loss           | 12.6        |
-----------------------------------------
FruitCounts | {'Fruit': 1, 'DecayFruit': 1, 'EnemyFruit': 3} |
-----------------------------------------
| rollout/                |             |
|    ep_len_mean          | 1.22e+03    |
|    ep_rew_mean          | 39.2        |
| time/                   |             |
|    fps                  | 176         |
|    iterations           | 278         |
|    time_elapsed         | 3230        |
|    total_timesteps      | 569344      |
| train/                  |             |
|    approx_kl            | 0.008496386 |
|    clip_fraction        | 0.0609      |
|    clip_range           | 0.2         |
|    entropy_loss         | -0.237      |
|    explained_variance   | -0.103      |
|    learning_rate        | 0.0003      |
|    loss                 | 3.19        |
|    n_updates            | 2770        |
|    policy_gradient_loss | -0.00369    |
|    value_loss           | 8.96        |
-----------------------------------------
FruitCounts | {'Fruit': 2, 'DecayFruit': 7, 'EnemyFruit': 24} |
-----------------------------------------
| rollout/                |             |
|    ep_len_mean          | 1.22e+03    |
|    ep_rew_mean          | 39.2        |
| time/                   |             |
|    fps                  | 176         |
|    iterations           | 279         |
|    time_elapsed         | 3240        |
|    total_timesteps      | 571392      |
| train/                  |             |
|    approx_kl            | 0.009387596 |
|    clip_fraction        | 0.0465      |
|    clip_range           | 0.2         |
|    entropy_loss         | -0.225      |
|    explained_variance   | 0.0382      |
|    learning_rate        | 0.0003      |
|    loss                 | 6.06        |
|    n_updates            | 2780        |
|    policy_gradient_loss | -0.00462    |
|    value_loss           | 13.9        |
-----------------------------------------
FruitCounts | {'Fruit': 2, 'DecayFruit': 2, 'EnemyFruit': 6} |
-----------------------------------------
| rollout/                |             |
|    ep_len_mean          | 1.26e+03    |
|    ep_rew_mean          | 40.2        |
| time/                   |             |
|    fps                  | 176         |
|    iterations           | 280         |
|    time_elapsed         | 3254        |
|    total_timesteps      | 573440      |
| train/                  |             |
|    approx_kl            | 0.010761768 |
|    clip_fraction        | 0.0665      |
|    clip_range           | 0.2         |
|    entropy_loss         | -0.228      |
|    explained_variance   | -0.0165     |
|    learning_rate        | 0.0003      |
|    loss                 | 0.658       |
|    n_updates            | 2790        |
|    policy_gradient_loss | -0.000869   |
|    value_loss           | 6.94        |
-----------------------------------------
FruitCounts | {'Fruit': 0, 'DecayFruit': 1, 'EnemyFruit': 2} |
-----------------------------------------
| rollout/                |             |
|    ep_len_mean          | 1.26e+03    |
|    ep_rew_mean          | 41.2        |
| time/                   |             |
|    fps                  | 176         |
|    iterations           | 281         |
|    time_elapsed         | 3265        |
|    total_timesteps      | 575488      |
| train/                  |             |
|    approx_kl            | 0.010386389 |
|    clip_fraction        | 0.0631      |
|    clip_range           | 0.2         |
|    entropy_loss         | -0.231      |
|    explained_variance   | 0.169       |
|    learning_rate        | 0.0003      |
|    loss                 | 1.42        |
|    n_updates            | 2800        |
|    policy_gradient_loss | -0.0021     |
|    value_loss           | 5.65        |
-----------------------------------------
FruitCounts | {'Fruit': 0, 'DecayFruit': 5, 'EnemyFruit': 7} |
-----------------------------------------
| rollout/                |             |
|    ep_len_mean          | 1.26e+03    |
|    ep_rew_mean          | 41.2        |
| time/                   |             |
|    fps                  | 176         |
|    iterations           | 282         |
|    time_elapsed         | 3274        |
|    total_timesteps      | 577536      |
| train/                  |             |
|    approx_kl            | 0.005512506 |
|    clip_fraction        | 0.0494      |
|    clip_range           | 0.2         |
|    entropy_loss         | -0.235      |
|    explained_variance   | -0.0331     |
|    learning_rate        | 0.0003      |
|    loss                 | 3.31        |
|    n_updates            | 2810        |
|    policy_gradient_loss | -8.54e-05   |
|    value_loss           | 9.86        |
-----------------------------------------
FruitCounts | {'Fruit': 0, 'DecayFruit': 3, 'EnemyFruit': 3} |
------------------------------------------
| rollout/                |              |
|    ep_len_mean          | 1.29e+03     |
|    ep_rew_mean          | 42           |
| time/                   |              |
|    fps                  | 176          |
|    iterations           | 283          |
|    time_elapsed         | 3287         |
|    total_timesteps      | 579584       |
| train/                  |              |
|    approx_kl            | 0.0074848467 |
|    clip_fraction        | 0.074        |
|    clip_range           | 0.2          |
|    entropy_loss         | -0.226       |
|    explained_variance   | -0.287       |
|    learning_rate        | 0.0003       |
|    loss                 | 0.329        |
|    n_updates            | 2820         |
|    policy_gradient_loss | -0.00136     |
|    value_loss           | 1.24         |
------------------------------------------
FruitCounts | {'Fruit': 0, 'DecayFruit': 3, 'EnemyFruit': 1} |
-----------------------------------------
| rollout/                |             |
|    ep_len_mean          | 1.31e+03    |
|    ep_rew_mean          | 43          |
| time/                   |             |
|    fps                  | 176         |
|    iterations           | 284         |
|    time_elapsed         | 3298        |
|    total_timesteps      | 581632      |
| train/                  |             |
|    approx_kl            | 0.005841922 |
|    clip_fraction        | 0.0576      |
|    clip_range           | 0.2         |
|    entropy_loss         | -0.203      |
|    explained_variance   | 0.0141      |
|    learning_rate        | 0.0003      |
|    loss                 | 1.05        |
|    n_updates            | 2830        |
|    policy_gradient_loss | 0.000328    |
|    value_loss           | 7.72        |
-----------------------------------------
FruitCounts | {'Fruit': 0, 'DecayFruit': 1, 'EnemyFruit': 3} |
------------------------------------------
| rollout/                |              |
|    ep_len_mean          | 1.31e+03     |
|    ep_rew_mean          | 45.5         |
| time/                   |              |
|    fps                  | 176          |
|    iterations           | 285          |
|    time_elapsed         | 3308         |
|    total_timesteps      | 583680       |
| train/                  |              |
|    approx_kl            | 0.0034225904 |
|    clip_fraction        | 0.027        |
|    clip_range           | 0.2          |
|    entropy_loss         | -0.22        |
|    explained_variance   | 0.0455       |
|    learning_rate        | 0.0003       |
|    loss                 | 9.14         |
|    n_updates            | 2840         |
|    policy_gradient_loss | -0.000885    |
|    value_loss           | 16.9         |
------------------------------------------
FruitCounts | {'Fruit': 1, 'DecayFruit': 7, 'EnemyFruit': 10} |
-----------------------------------------
| rollout/                |             |
|    ep_len_mean          | 1.31e+03    |
|    ep_rew_mean          | 46          |
| time/                   |             |
|    fps                  | 176         |
|    iterations           | 286         |
|    time_elapsed         | 3318        |
|    total_timesteps      | 585728      |
| train/                  |             |
|    approx_kl            | 0.007042501 |
|    clip_fraction        | 0.0423      |
|    clip_range           | 0.2         |
|    entropy_loss         | -0.226      |
|    explained_variance   | 0.077       |
|    learning_rate        | 0.0003      |
|    loss                 | 22.8        |
|    n_updates            | 2850        |
|    policy_gradient_loss | -0.00198    |
|    value_loss           | 25.5        |
-----------------------------------------
FruitCounts | {'Fruit': 1, 'DecayFruit': 3, 'EnemyFruit': 3} |
------------------------------------------
| rollout/                |              |
|    ep_len_mean          | 1.31e+03     |
|    ep_rew_mean          | 47.4         |
| time/                   |              |
|    fps                  | 176          |
|    iterations           | 287          |
|    time_elapsed         | 3327         |
|    total_timesteps      | 587776       |
| train/                  |              |
|    approx_kl            | 0.0058195707 |
|    clip_fraction        | 0.0548       |
|    clip_range           | 0.2          |
|    entropy_loss         | -0.225       |
|    explained_variance   | -0.116       |
|    learning_rate        | 0.0003       |
|    loss                 | 5.92         |
|    n_updates            | 2860         |
|    policy_gradient_loss | -0.000766    |
|    value_loss           | 12.8         |
------------------------------------------
FruitCounts | {'Fruit': 1, 'DecayFruit': 5, 'EnemyFruit': 8} |
-----------------------------------------
| rollout/                |             |
|    ep_len_mean          | 1.31e+03    |
|    ep_rew_mean          | 47.4        |
| time/                   |             |
|    fps                  | 176         |
|    iterations           | 288         |
|    time_elapsed         | 3337        |
|    total_timesteps      | 589824      |
| train/                  |             |
|    approx_kl            | 0.010282891 |
|    clip_fraction        | 0.0708      |
|    clip_range           | 0.2         |
|    entropy_loss         | -0.22       |
|    explained_variance   | -0.022      |
|    learning_rate        | 0.0003      |
|    loss                 | 2.18        |
|    n_updates            | 2870        |
|    policy_gradient_loss | -0.000234   |
|    value_loss           | 7.81        |
-----------------------------------------
FruitCounts | {'Fruit': 0, 'DecayFruit': 2, 'EnemyFruit': 3} |
-----------------------------------------
| rollout/                |             |
|    ep_len_mean          | 1.32e+03    |
|    ep_rew_mean          | 47.7        |
| time/                   |             |
|    fps                  | 176         |
|    iterations           | 289         |
|    time_elapsed         | 3350        |
|    total_timesteps      | 591872      |
| train/                  |             |
|    approx_kl            | 0.015695937 |
|    clip_fraction        | 0.0935      |
|    clip_range           | 0.2         |
|    entropy_loss         | -0.207      |
|    explained_variance   | -0.0903     |
|    learning_rate        | 0.0003      |
|    loss                 | 4.08        |
|    n_updates            | 2880        |
|    policy_gradient_loss | -0.00183    |
|    value_loss           | 3.25        |
-----------------------------------------
FruitCounts | {'Fruit': 1, 'DecayFruit': 1, 'EnemyFruit': 4} |
-----------------------------------------
| rollout/                |             |
|    ep_len_mean          | 1.3e+03     |
|    ep_rew_mean          | 47.3        |
| time/                   |             |
|    fps                  | 176         |
|    iterations           | 290         |
|    time_elapsed         | 3360        |
|    total_timesteps      | 593920      |
| train/                  |             |
|    approx_kl            | 0.007910546 |
|    clip_fraction        | 0.0699      |
|    clip_range           | 0.2         |
|    entropy_loss         | -0.198      |
|    explained_variance   | 0.0812      |
|    learning_rate        | 0.0003      |
|    loss                 | 1.06        |
|    n_updates            | 2890        |
|    policy_gradient_loss | -0.00297    |
|    value_loss           | 6.29        |
-----------------------------------------
FruitCounts | {'Fruit': 2, 'DecayFruit': 0, 'EnemyFruit': 0} |
----------------------------------------
| rollout/                |            |
|    ep_len_mean          | 1.32e+03   |
|    ep_rew_mean          | 48.1       |
| time/                   |            |
|    fps                  | 176        |
|    iterations           | 291        |
|    time_elapsed         | 3371       |
|    total_timesteps      | 595968     |
| train/                  |            |
|    approx_kl            | 0.01023106 |
|    clip_fraction        | 0.064      |
|    clip_range           | 0.2        |
|    entropy_loss         | -0.226     |
|    explained_variance   | 0.0117     |
|    learning_rate        | 0.0003     |
|    loss                 | 0.22       |
|    n_updates            | 2900       |
|    policy_gradient_loss | -0.00215   |
|    value_loss           | 2.3        |
----------------------------------------
FruitCounts | {'Fruit': 0, 'DecayFruit': 0, 'EnemyFruit': 0} |
-----------------------------------------
| rollout/                |             |
|    ep_len_mean          | 1.3e+03     |
|    ep_rew_mean          | 47.7        |
| time/                   |             |
|    fps                  | 176         |
|    iterations           | 292         |
|    time_elapsed         | 3383        |
|    total_timesteps      | 598016      |
| train/                  |             |
|    approx_kl            | 0.005535482 |
|    clip_fraction        | 0.056       |
|    clip_range           | 0.2         |
|    entropy_loss         | -0.205      |
|    explained_variance   | -0.00689    |
|    learning_rate        | 0.0003      |
|    loss                 | 7.41        |
|    n_updates            | 2910        |
|    policy_gradient_loss | -0.00298    |
|    value_loss           | 11          |
-----------------------------------------
FruitCounts | {'Fruit': 0, 'DecayFruit': 0, 'EnemyFruit': 0} |
------------------------------------------
| rollout/                |              |
|    ep_len_mean          | 1.32e+03     |
|    ep_rew_mean          | 47.8         |
| time/                   |              |
|    fps                  | 176          |
|    iterations           | 293          |
|    time_elapsed         | 3394         |
|    total_timesteps      | 600064       |
| train/                  |              |
|    approx_kl            | 0.0047192583 |
|    clip_fraction        | 0.0489       |
|    clip_range           | 0.2          |
|    entropy_loss         | -0.239       |
|    explained_variance   | 0.086        |
|    learning_rate        | 0.0003       |
|    loss                 | 4.02         |
|    n_updates            | 2920         |
|    policy_gradient_loss | -0.00345     |
|    value_loss           | 12.4         |
------------------------------------------
FruitCounts | {'Fruit': 1, 'DecayFruit': 6, 'EnemyFruit': 13} |
------------------------------------------
| rollout/                |              |
|    ep_len_mean          | 1.32e+03     |
|    ep_rew_mean          | 47.7         |
| time/                   |              |
|    fps                  | 176          |
|    iterations           | 294          |
|    time_elapsed         | 3403         |
|    total_timesteps      | 602112       |
| train/                  |              |
|    approx_kl            | 0.0066479202 |
|    clip_fraction        | 0.0525       |
|    clip_range           | 0.2          |
|    entropy_loss         | -0.208       |
|    explained_variance   | 0.00774      |
|    learning_rate        | 0.0003       |
|    loss                 | 1.01         |
|    n_updates            | 2930         |
|    policy_gradient_loss | -0.000746    |
|    value_loss           | 6.24         |
------------------------------------------
FruitCounts | {'Fruit': 0, 'DecayFruit': 2, 'EnemyFruit': 2} |
-----------------------------------------
| rollout/                |             |
|    ep_len_mean          | 1.33e+03    |
|    ep_rew_mean          | 47.4        |
| time/                   |             |
|    fps                  | 176         |
|    iterations           | 295         |
|    time_elapsed         | 3415        |
|    total_timesteps      | 604160      |
| train/                  |             |
|    approx_kl            | 0.005448981 |
|    clip_fraction        | 0.0498      |
|    clip_range           | 0.2         |
|    entropy_loss         | -0.21       |
|    explained_variance   | 0.155       |
|    learning_rate        | 0.0003      |
|    loss                 | 3.7         |
|    n_updates            | 2940        |
|    policy_gradient_loss | -0.00373    |
|    value_loss           | 11.1        |
-----------------------------------------
FruitCounts | {'Fruit': 1, 'DecayFruit': 5, 'EnemyFruit': 11} |
------------------------------------------
| rollout/                |              |
|    ep_len_mean          | 1.33e+03     |
|    ep_rew_mean          | 47.4         |
| time/                   |              |
|    fps                  | 177          |
|    iterations           | 296          |
|    time_elapsed         | 3423         |
|    total_timesteps      | 606208       |
| train/                  |              |
|    approx_kl            | 0.0045994036 |
|    clip_fraction        | 0.032        |
|    clip_range           | 0.2          |
|    entropy_loss         | -0.174       |
|    explained_variance   | 0.0688       |
|    learning_rate        | 0.0003       |
|    loss                 | 7.52         |
|    n_updates            | 2950         |
|    policy_gradient_loss | -0.00128     |
|    value_loss           | 10.2         |
------------------------------------------
FruitCounts | {'Fruit': 2, 'DecayFruit': 11, 'EnemyFruit': 24} |
------------------------------------------
| rollout/                |              |
|    ep_len_mean          | 1.33e+03     |
|    ep_rew_mean          | 47.4         |
| time/                   |              |
|    fps                  | 177          |
|    iterations           | 297          |
|    time_elapsed         | 3433         |
|    total_timesteps      | 608256       |
| train/                  |              |
|    approx_kl            | 0.0051656975 |
|    clip_fraction        | 0.0667       |
|    clip_range           | 0.2          |
|    entropy_loss         | -0.196       |
|    explained_variance   | -0.0526      |
|    learning_rate        | 0.0003       |
|    loss                 | 4.02         |
|    n_updates            | 2960         |
|    policy_gradient_loss | -0.000433    |
|    value_loss           | 4.31         |
------------------------------------------
FruitCounts | {'Fruit': 1, 'DecayFruit': 0, 'EnemyFruit': 2} |
----------------------------------------
| rollout/                |            |
|    ep_len_mean          | 1.38e+03   |
|    ep_rew_mean          | 49.4       |
| time/                   |            |
|    fps                  | 176        |
|    iterations           | 298        |
|    time_elapsed         | 3450       |
|    total_timesteps      | 610304     |
| train/                  |            |
|    approx_kl            | 0.00794738 |
|    clip_fraction        | 0.0491     |
|    clip_range           | 0.2        |
|    entropy_loss         | -0.178     |
|    explained_variance   | -0.0118    |
|    learning_rate        | 0.0003     |
|    loss                 | 1.86       |
|    n_updates            | 2970       |
|    policy_gradient_loss | -0.000606  |
|    value_loss           | 6.6        |
----------------------------------------
FruitCounts | {'Fruit': 0, 'DecayFruit': 2, 'EnemyFruit': 5} |
----------------------------------------
| rollout/                |            |
|    ep_len_mean          | 1.38e+03   |
|    ep_rew_mean          | 49.5       |
| time/                   |            |
|    fps                  | 176        |
|    iterations           | 299        |
|    time_elapsed         | 3461       |
|    total_timesteps      | 612352     |
| train/                  |            |
|    approx_kl            | 0.01271403 |
|    clip_fraction        | 0.0678     |
|    clip_range           | 0.2        |
|    entropy_loss         | -0.192     |
|    explained_variance   | 0.0612     |
|    learning_rate        | 0.0003     |
|    loss                 | 4.74       |
|    n_updates            | 2980       |
|    policy_gradient_loss | -0.00341   |
|    value_loss           | 7.47       |
----------------------------------------
FruitCounts | {'Fruit': 1, 'DecayFruit': 3, 'EnemyFruit': 2} |
-----------------------------------------
| rollout/                |             |
|    ep_len_mean          | 1.38e+03    |
|    ep_rew_mean          | 49.5        |
| time/                   |             |
|    fps                  | 177         |
|    iterations           | 300         |
|    time_elapsed         | 3471        |
|    total_timesteps      | 614400      |
| train/                  |             |
|    approx_kl            | 0.006818874 |
|    clip_fraction        | 0.0563      |
|    clip_range           | 0.2         |
|    entropy_loss         | -0.196      |
|    explained_variance   | -0.0792     |
|    learning_rate        | 0.0003      |
|    loss                 | 3.38        |
|    n_updates            | 2990        |
|    policy_gradient_loss | -0.002      |
|    value_loss           | 10.2        |
-----------------------------------------
FruitCounts | {'Fruit': 0, 'DecayFruit': 5, 'EnemyFruit': 8} |
-----------------------------------------
| rollout/                |             |
|    ep_len_mean          | 1.38e+03    |
|    ep_rew_mean          | 48.7        |
| time/                   |             |
|    fps                  | 177         |
|    iterations           | 301         |
|    time_elapsed         | 3480        |
|    total_timesteps      | 616448      |
| train/                  |             |
|    approx_kl            | 0.005954886 |
|    clip_fraction        | 0.0499      |
|    clip_range           | 0.2         |
|    entropy_loss         | -0.196      |
|    explained_variance   | 0.112       |
|    learning_rate        | 0.0003      |
|    loss                 | 1.94        |
|    n_updates            | 3000        |
|    policy_gradient_loss | -0.00332    |
|    value_loss           | 5.76        |
-----------------------------------------
FruitCounts | {'Fruit': 1, 'DecayFruit': 1, 'EnemyFruit': 4} |
-----------------------------------------
| rollout/                |             |
|    ep_len_mean          | 1.37e+03    |
|    ep_rew_mean          | 49.9        |
| time/                   |             |
|    fps                  | 177         |
|    iterations           | 302         |
|    time_elapsed         | 3492        |
|    total_timesteps      | 618496      |
| train/                  |             |
|    approx_kl            | 0.013126987 |
|    clip_fraction        | 0.0801      |
|    clip_range           | 0.2         |
|    entropy_loss         | -0.211      |
|    explained_variance   | 0.0771      |
|    learning_rate        | 0.0003      |
|    loss                 | 1.39        |
|    n_updates            | 3010        |
|    policy_gradient_loss | -7.56e-05   |
|    value_loss           | 3.46        |
-----------------------------------------
FruitCounts | {'Fruit': 0, 'DecayFruit': 0, 'EnemyFruit': 0} |
------------------------------------------
| rollout/                |              |
|    ep_len_mean          | 1.37e+03     |
|    ep_rew_mean          | 50           |
| time/                   |              |
|    fps                  | 177          |
|    iterations           | 303          |
|    time_elapsed         | 3503         |
|    total_timesteps      | 620544       |
| train/                  |              |
|    approx_kl            | 0.0030857641 |
|    clip_fraction        | 0.0404       |
|    clip_range           | 0.2          |
|    entropy_loss         | -0.185       |
|    explained_variance   | 0.094        |
|    learning_rate        | 0.0003       |
|    loss                 | 6.2          |
|    n_updates            | 3020         |
|    policy_gradient_loss | -0.00211     |
|    value_loss           | 14.5         |
------------------------------------------
FruitCounts | {'Fruit': 0, 'DecayFruit': 1, 'EnemyFruit': 1} |
-----------------------------------------
| rollout/                |             |
|    ep_len_mean          | 1.37e+03    |
|    ep_rew_mean          | 50.7        |
| time/                   |             |
|    fps                  | 177         |
|    iterations           | 304         |
|    time_elapsed         | 3513        |
|    total_timesteps      | 622592      |
| train/                  |             |
|    approx_kl            | 0.012320071 |
|    clip_fraction        | 0.0683      |
|    clip_range           | 0.2         |
|    entropy_loss         | -0.206      |
|    explained_variance   | -0.177      |
|    learning_rate        | 0.0003      |
|    loss                 | 0.636       |
|    n_updates            | 3030        |
|    policy_gradient_loss | -0.000835   |
|    value_loss           | 3.51        |
-----------------------------------------
FruitCounts | {'Fruit': 0, 'DecayFruit': 6, 'EnemyFruit': 15} |
----------------------------------------
| rollout/                |            |
|    ep_len_mean          | 1.34e+03   |
|    ep_rew_mean          | 49.8       |
| time/                   |            |
|    fps                  | 177        |
|    iterations           | 305        |
|    time_elapsed         | 3522       |
|    total_timesteps      | 624640     |
| train/                  |            |
|    approx_kl            | 0.00727618 |
|    clip_fraction        | 0.0357     |
|    clip_range           | 0.2        |
|    entropy_loss         | -0.213     |
|    explained_variance   | 0.0604     |
|    learning_rate        | 0.0003     |
|    loss                 | 3.96       |
|    n_updates            | 3040       |
|    policy_gradient_loss | -0.00324   |
|    value_loss           | 17.3       |
----------------------------------------
FruitCounts | {'Fruit': 0, 'DecayFruit': 0, 'EnemyFruit': 2} |
------------------------------------------
| rollout/                |              |
|    ep_len_mean          | 1.36e+03     |
|    ep_rew_mean          | 50.8         |
| time/                   |              |
|    fps                  | 177          |
|    iterations           | 306          |
|    time_elapsed         | 3536         |
|    total_timesteps      | 626688       |
| train/                  |              |
|    approx_kl            | 0.0055863876 |
|    clip_fraction        | 0.0529       |
|    clip_range           | 0.2          |
|    entropy_loss         | -0.226       |
|    explained_variance   | 0.00895      |
|    learning_rate        | 0.0003       |
|    loss                 | 2.42         |
|    n_updates            | 3050         |
|    policy_gradient_loss | -0.00158     |
|    value_loss           | 6.88         |
------------------------------------------
FruitCounts | {'Fruit': 1, 'DecayFruit': 1, 'EnemyFruit': 1} |
------------------------------------------
| rollout/                |              |
|    ep_len_mean          | 1.35e+03     |
|    ep_rew_mean          | 50.8         |
| time/                   |              |
|    fps                  | 177          |
|    iterations           | 307          |
|    time_elapsed         | 3546         |
|    total_timesteps      | 628736       |
| train/                  |              |
|    approx_kl            | 0.0049411664 |
|    clip_fraction        | 0.0478       |
|    clip_range           | 0.2          |
|    entropy_loss         | -0.206       |
|    explained_variance   | 0.0922       |
|    learning_rate        | 0.0003       |
|    loss                 | 5.79         |
|    n_updates            | 3060         |
|    policy_gradient_loss | -0.00185     |
|    value_loss           | 10.3         |
------------------------------------------
FruitCounts | {'Fruit': 1, 'DecayFruit': 5, 'EnemyFruit': 3} |
-----------------------------------------
| rollout/                |             |
|    ep_len_mean          | 1.35e+03    |
|    ep_rew_mean          | 50.8        |
| time/                   |             |
|    fps                  | 177         |
|    iterations           | 308         |
|    time_elapsed         | 3555        |
|    total_timesteps      | 630784      |
| train/                  |             |
|    approx_kl            | 0.009849263 |
|    clip_fraction        | 0.0575      |
|    clip_range           | 0.2         |
|    entropy_loss         | -0.218      |
|    explained_variance   | 0.0143      |
|    learning_rate        | 0.0003      |
|    loss                 | 4.23        |
|    n_updates            | 3070        |
|    policy_gradient_loss | -0.00453    |
|    value_loss           | 16.5        |
-----------------------------------------
FruitCounts | {'Fruit': 3, 'DecayFruit': 5, 'EnemyFruit': 6} |
------------------------------------------
| rollout/                |              |
|    ep_len_mean          | 1.37e+03     |
|    ep_rew_mean          | 51.6         |
| time/                   |              |
|    fps                  | 177          |
|    iterations           | 309          |
|    time_elapsed         | 3566         |
|    total_timesteps      | 632832       |
| train/                  |              |
|    approx_kl            | 0.0139742745 |
|    clip_fraction        | 0.0841       |
|    clip_range           | 0.2          |
|    entropy_loss         | -0.232       |
|    explained_variance   | -0.238       |
|    learning_rate        | 0.0003       |
|    loss                 | 2.37         |
|    n_updates            | 3080         |
|    policy_gradient_loss | 0.00253      |
|    value_loss           | 5.76         |
------------------------------------------
FruitCounts | {'Fruit': 0, 'DecayFruit': 0, 'EnemyFruit': 0} |
-----------------------------------------
| rollout/                |             |
|    ep_len_mean          | 1.39e+03    |
|    ep_rew_mean          | 52          |
| time/                   |             |
|    fps                  | 177         |
|    iterations           | 310         |
|    time_elapsed         | 3577        |
|    total_timesteps      | 634880      |
| train/                  |             |
|    approx_kl            | 0.008211701 |
|    clip_fraction        | 0.0611      |
|    clip_range           | 0.2         |
|    entropy_loss         | -0.221      |
|    explained_variance   | 0.0872      |
|    learning_rate        | 0.0003      |
|    loss                 | 6           |
|    n_updates            | 3090        |
|    policy_gradient_loss | -0.00374    |
|    value_loss           | 6.46        |
-----------------------------------------
FruitCounts | {'Fruit': 0, 'DecayFruit': 7, 'EnemyFruit': 11} |
-----------------------------------------
| rollout/                |             |
|    ep_len_mean          | 1.39e+03    |
|    ep_rew_mean          | 52.3        |
| time/                   |             |
|    fps                  | 177         |
|    iterations           | 311         |
|    time_elapsed         | 3587        |
|    total_timesteps      | 636928      |
| train/                  |             |
|    approx_kl            | 0.009682269 |
|    clip_fraction        | 0.0672      |
|    clip_range           | 0.2         |
|    entropy_loss         | -0.208      |
|    explained_variance   | 0.0474      |
|    learning_rate        | 0.0003      |
|    loss                 | 1.13        |
|    n_updates            | 3100        |
|    policy_gradient_loss | -0.00181    |
|    value_loss           | 8.26        |
-----------------------------------------
FruitCounts | {'Fruit': 2, 'DecayFruit': 2, 'EnemyFruit': 4} |
-----------------------------------------
| rollout/                |             |
|    ep_len_mean          | 1.4e+03     |
|    ep_rew_mean          | 52.7        |
| time/                   |             |
|    fps                  | 177         |
|    iterations           | 312         |
|    time_elapsed         | 3598        |
|    total_timesteps      | 638976      |
| train/                  |             |
|    approx_kl            | 0.009690577 |
|    clip_fraction        | 0.0589      |
|    clip_range           | 0.2         |
|    entropy_loss         | -0.207      |
|    explained_variance   | -0.0102     |
|    learning_rate        | 0.0003      |
|    loss                 | 3.3         |
|    n_updates            | 3110        |
|    policy_gradient_loss | -0.00225    |
|    value_loss           | 11.7        |
-----------------------------------------
FruitCounts | {'Fruit': 0, 'DecayFruit': 3, 'EnemyFruit': 4} |
-----------------------------------------
| rollout/                |             |
|    ep_len_mean          | 1.41e+03    |
|    ep_rew_mean          | 53.2        |
| time/                   |             |
|    fps                  | 177         |
|    iterations           | 313         |
|    time_elapsed         | 3609        |
|    total_timesteps      | 641024      |
| train/                  |             |
|    approx_kl            | 0.012093474 |
|    clip_fraction        | 0.0826      |
|    clip_range           | 0.2         |
|    entropy_loss         | -0.209      |
|    explained_variance   | 0.0817      |
|    learning_rate        | 0.0003      |
|    loss                 | 1.07        |
|    n_updates            | 3120        |
|    policy_gradient_loss | -0.00271    |
|    value_loss           | 4.35        |
-----------------------------------------
FruitCounts | {'Fruit': 0, 'DecayFruit': 0, 'EnemyFruit': 1} |
------------------------------------------
| rollout/                |              |
|    ep_len_mean          | 1.4e+03      |
|    ep_rew_mean          | 52.7         |
| time/                   |              |
|    fps                  | 177          |
|    iterations           | 314          |
|    time_elapsed         | 3620         |
|    total_timesteps      | 643072       |
| train/                  |              |
|    approx_kl            | 0.0063723833 |
|    clip_fraction        | 0.051        |
|    clip_range           | 0.2          |
|    entropy_loss         | -0.192       |
|    explained_variance   | 0.12         |
|    learning_rate        | 0.0003       |
|    loss                 | 3.54         |
|    n_updates            | 3130         |
|    policy_gradient_loss | -0.00189     |
|    value_loss           | 11.5         |
------------------------------------------
FruitCounts | {'Fruit': 1, 'DecayFruit': 0, 'EnemyFruit': 2} |
-----------------------------------------
| rollout/                |             |
|    ep_len_mean          | 1.41e+03    |
|    ep_rew_mean          | 53.5        |
| time/                   |             |
|    fps                  | 177         |
|    iterations           | 315         |
|    time_elapsed         | 3631        |
|    total_timesteps      | 645120      |
| train/                  |             |
|    approx_kl            | 0.006084393 |
|    clip_fraction        | 0.0611      |
|    clip_range           | 0.2         |
|    entropy_loss         | -0.238      |
|    explained_variance   | -0.0667     |
|    learning_rate        | 0.0003      |
|    loss                 | 6.4         |
|    n_updates            | 3140        |
|    policy_gradient_loss | -0.00114    |
|    value_loss           | 12.5        |
-----------------------------------------
FruitCounts | {'Fruit': 1, 'DecayFruit': 3, 'EnemyFruit': 1} |
------------------------------------------
| rollout/                |              |
|    ep_len_mean          | 1.42e+03     |
|    ep_rew_mean          | 54.4         |
| time/                   |              |
|    fps                  | 177          |
|    iterations           | 316          |
|    time_elapsed         | 3642         |
|    total_timesteps      | 647168       |
| train/                  |              |
|    approx_kl            | 0.0050543677 |
|    clip_fraction        | 0.0506       |
|    clip_range           | 0.2          |
|    entropy_loss         | -0.208       |
|    explained_variance   | 0.0687       |
|    learning_rate        | 0.0003       |
|    loss                 | 1.64         |
|    n_updates            | 3150         |
|    policy_gradient_loss | -0.00327     |
|    value_loss           | 21.3         |
------------------------------------------
FruitCounts | {'Fruit': 0, 'DecayFruit': 6, 'EnemyFruit': 1} |
-----------------------------------------
| rollout/                |             |
|    ep_len_mean          | 1.42e+03    |
|    ep_rew_mean          | 54.2        |
| time/                   |             |
|    fps                  | 177         |
|    iterations           | 317         |
|    time_elapsed         | 3654        |
|    total_timesteps      | 649216      |
| train/                  |             |
|    approx_kl            | 0.008599339 |
|    clip_fraction        | 0.0523      |
|    clip_range           | 0.2         |
|    entropy_loss         | -0.205      |
|    explained_variance   | 0.188       |
|    learning_rate        | 0.0003      |
|    loss                 | 1.61        |
|    n_updates            | 3160        |
|    policy_gradient_loss | -0.000483   |
|    value_loss           | 9.77        |
-----------------------------------------
FruitCounts | {'Fruit': 0, 'DecayFruit': 0, 'EnemyFruit': 0} |
------------------------------------------
| rollout/                |              |
|    ep_len_mean          | 1.39e+03     |
|    ep_rew_mean          | 54.6         |
| time/                   |              |
|    fps                  | 177          |
|    iterations           | 318          |
|    time_elapsed         | 3664         |
|    total_timesteps      | 651264       |
| train/                  |              |
|    approx_kl            | 0.0053972104 |
|    clip_fraction        | 0.0502       |
|    clip_range           | 0.2          |
|    entropy_loss         | -0.188       |
|    explained_variance   | 0.0342       |
|    learning_rate        | 0.0003       |
|    loss                 | 6.4          |
|    n_updates            | 3170         |
|    policy_gradient_loss | -0.00176     |
|    value_loss           | 13.3         |
------------------------------------------
FruitCounts | {'Fruit': 0, 'DecayFruit': 1, 'EnemyFruit': 3} |
-----------------------------------------
| rollout/                |             |
|    ep_len_mean          | 1.37e+03    |
|    ep_rew_mean          | 54.8        |
| time/                   |             |
|    fps                  | 177         |
|    iterations           | 319         |
|    time_elapsed         | 3675        |
|    total_timesteps      | 653312      |
| train/                  |             |
|    approx_kl            | 0.007945353 |
|    clip_fraction        | 0.0444      |
|    clip_range           | 0.2         |
|    entropy_loss         | -0.206      |
|    explained_variance   | -0.14       |
|    learning_rate        | 0.0003      |
|    loss                 | 13.1        |
|    n_updates            | 3180        |
|    policy_gradient_loss | -0.00528    |
|    value_loss           | 18.6        |
-----------------------------------------
FruitCounts | {'Fruit': 0, 'DecayFruit': 6, 'EnemyFruit': 18} |
-----------------------------------------
| rollout/                |             |
|    ep_len_mean          | 1.31e+03    |
|    ep_rew_mean          | 52.5        |
| time/                   |             |
|    fps                  | 177         |
|    iterations           | 320         |
|    time_elapsed         | 3684        |
|    total_timesteps      | 655360      |
| train/                  |             |
|    approx_kl            | 0.021123804 |
|    clip_fraction        | 0.0761      |
|    clip_range           | 0.2         |
|    entropy_loss         | -0.202      |
|    explained_variance   | 0.0775      |
|    learning_rate        | 0.0003      |
|    loss                 | 7.32        |
|    n_updates            | 3190        |
|    policy_gradient_loss | -0.000273   |
|    value_loss           | 18.4        |
-----------------------------------------
FruitCounts | {'Fruit': 1, 'DecayFruit': 13, 'EnemyFruit': 30} |
-----------------------------------------
| rollout/                |             |
|    ep_len_mean          | 1.31e+03    |
|    ep_rew_mean          | 52.5        |
| time/                   |             |
|    fps                  | 177         |
|    iterations           | 321         |
|    time_elapsed         | 3694        |
|    total_timesteps      | 657408      |
| train/                  |             |
|    approx_kl            | 0.004879443 |
|    clip_fraction        | 0.0577      |
|    clip_range           | 0.2         |
|    entropy_loss         | -0.205      |
|    explained_variance   | -0.0837     |
|    learning_rate        | 0.0003      |
|    loss                 | 6.87        |
|    n_updates            | 3200        |
|    policy_gradient_loss | -0.00208    |
|    value_loss           | 17          |
-----------------------------------------
FruitCounts | {'Fruit': 1, 'DecayFruit': 4, 'EnemyFruit': 6} |
-----------------------------------------
| rollout/                |             |
|    ep_len_mean          | 1.35e+03    |
|    ep_rew_mean          | 54.9        |
| time/                   |             |
|    fps                  | 177         |
|    iterations           | 322         |
|    time_elapsed         | 3708        |
|    total_timesteps      | 659456      |
| train/                  |             |
|    approx_kl            | 0.007811649 |
|    clip_fraction        | 0.0617      |
|    clip_range           | 0.2         |
|    entropy_loss         | -0.197      |
|    explained_variance   | -0.0397     |
|    learning_rate        | 0.0003      |
|    loss                 | 7.14        |
|    n_updates            | 3210        |
|    policy_gradient_loss | -0.00313    |
|    value_loss           | 8.89        |
-----------------------------------------
FruitCounts | {'Fruit': 1, 'DecayFruit': 2, 'EnemyFruit': 1} |
-----------------------------------------
| rollout/                |             |
|    ep_len_mean          | 1.34e+03    |
|    ep_rew_mean          | 54.3        |
| time/                   |             |
|    fps                  | 177         |
|    iterations           | 323         |
|    time_elapsed         | 3719        |
|    total_timesteps      | 661504      |
| train/                  |             |
|    approx_kl            | 0.010184726 |
|    clip_fraction        | 0.0606      |
|    clip_range           | 0.2         |
|    entropy_loss         | -0.193      |
|    explained_variance   | 0.0554      |
|    learning_rate        | 0.0003      |
|    loss                 | 4.58        |
|    n_updates            | 3220        |
|    policy_gradient_loss | -0.000519   |
|    value_loss           | 6.34        |
-----------------------------------------
FruitCounts | {'Fruit': 1, 'DecayFruit': 6, 'EnemyFruit': 6} |
------------------------------------------
| rollout/                |              |
|    ep_len_mean          | 1.3e+03      |
|    ep_rew_mean          | 52.9         |
| time/                   |              |
|    fps                  | 177          |
|    iterations           | 324          |
|    time_elapsed         | 3729         |
|    total_timesteps      | 663552       |
| train/                  |              |
|    approx_kl            | 0.0052592163 |
|    clip_fraction        | 0.0514       |
|    clip_range           | 0.2          |
|    entropy_loss         | -0.184       |
|    explained_variance   | 0.138        |
|    learning_rate        | 0.0003       |
|    loss                 | 3.77         |
|    n_updates            | 3230         |
|    policy_gradient_loss | -0.000965    |
|    value_loss           | 7.46         |
------------------------------------------
FruitCounts | {'Fruit': 0, 'DecayFruit': 6, 'EnemyFruit': 12} |
-----------------------------------------
| rollout/                |             |
|    ep_len_mean          | 1.32e+03    |
|    ep_rew_mean          | 53.3        |
| time/                   |             |
|    fps                  | 177         |
|    iterations           | 325         |
|    time_elapsed         | 3740        |
|    total_timesteps      | 665600      |
| train/                  |             |
|    approx_kl            | 0.008516476 |
|    clip_fraction        | 0.0704      |
|    clip_range           | 0.2         |
|    entropy_loss         | -0.2        |
|    explained_variance   | -0.0203     |
|    learning_rate        | 0.0003      |
|    loss                 | 0.438       |
|    n_updates            | 3240        |
|    policy_gradient_loss | 0.00172     |
|    value_loss           | 2.15        |
-----------------------------------------
FruitCounts | {'Fruit': 1, 'DecayFruit': 13, 'EnemyFruit': 21} |
----------------------------------------
| rollout/                |            |
|    ep_len_mean          | 1.32e+03   |
|    ep_rew_mean          | 53.3       |
| time/                   |            |
|    fps                  | 178        |
|    iterations           | 326        |
|    time_elapsed         | 3750       |
|    total_timesteps      | 667648     |
| train/                  |            |
|    approx_kl            | 0.00857706 |
|    clip_fraction        | 0.0563     |
|    clip_range           | 0.2        |
|    entropy_loss         | -0.203     |
|    explained_variance   | 0.0491     |
|    learning_rate        | 0.0003     |
|    loss                 | 11.2       |
|    n_updates            | 3250       |
|    policy_gradient_loss | -0.00157   |
|    value_loss           | 9.26       |
----------------------------------------
FruitCounts | {'Fruit': 0, 'DecayFruit': 0, 'EnemyFruit': 0} |
-----------------------------------------
| rollout/                |             |
|    ep_len_mean          | 1.35e+03    |
|    ep_rew_mean          | 54.6        |
| time/                   |             |
|    fps                  | 177         |
|    iterations           | 327         |
|    time_elapsed         | 3765        |
|    total_timesteps      | 669696      |
| train/                  |             |
|    approx_kl            | 0.008545328 |
|    clip_fraction        | 0.0621      |
|    clip_range           | 0.2         |
|    entropy_loss         | -0.18       |
|    explained_variance   | 0.271       |
|    learning_rate        | 0.0003      |
|    loss                 | 5.36        |
|    n_updates            | 3260        |
|    policy_gradient_loss | -0.000543   |
|    value_loss           | 5.18        |
-----------------------------------------
FruitCounts | {'Fruit': 2, 'DecayFruit': 9, 'EnemyFruit': 17} |
-----------------------------------------
| rollout/                |             |
|    ep_len_mean          | 1.35e+03    |
|    ep_rew_mean          | 54.6        |
| time/                   |             |
|    fps                  | 177         |
|    iterations           | 328         |
|    time_elapsed         | 3775        |
|    total_timesteps      | 671744      |
| train/                  |             |
|    approx_kl            | 0.014423452 |
|    clip_fraction        | 0.0744      |
|    clip_range           | 0.2         |
|    entropy_loss         | -0.21       |
|    explained_variance   | 0.107       |
|    learning_rate        | 0.0003      |
|    loss                 | 2.29        |
|    n_updates            | 3270        |
|    policy_gradient_loss | -0.00255    |
|    value_loss           | 6.37        |
-----------------------------------------
FruitCounts | {'Fruit': 3, 'DecayFruit': 2, 'EnemyFruit': 3} |
-----------------------------------------
| rollout/                |             |
|    ep_len_mean          | 1.37e+03    |
|    ep_rew_mean          | 55.2        |
| time/                   |             |
|    fps                  | 177         |
|    iterations           | 329         |
|    time_elapsed         | 3787        |
|    total_timesteps      | 673792      |
| train/                  |             |
|    approx_kl            | 0.008204352 |
|    clip_fraction        | 0.0499      |
|    clip_range           | 0.2         |
|    entropy_loss         | -0.189      |
|    explained_variance   | 0.0304      |
|    learning_rate        | 0.0003      |
|    loss                 | 4.85        |
|    n_updates            | 3280        |
|    policy_gradient_loss | -0.00172    |
|    value_loss           | 7.35        |
-----------------------------------------
FruitCounts | {'Fruit': 3, 'DecayFruit': 3, 'EnemyFruit': 5} |
------------------------------------------
| rollout/                |              |
|    ep_len_mean          | 1.36e+03     |
|    ep_rew_mean          | 54.7         |
| time/                   |              |
|    fps                  | 178          |
|    iterations           | 330          |
|    time_elapsed         | 3796         |
|    total_timesteps      | 675840       |
| train/                  |              |
|    approx_kl            | 0.0056651123 |
|    clip_fraction        | 0.0503       |
|    clip_range           | 0.2          |
|    entropy_loss         | -0.192       |
|    explained_variance   | 0.0651       |
|    learning_rate        | 0.0003       |
|    loss                 | 3.8          |
|    n_updates            | 3290         |
|    policy_gradient_loss | -0.00202     |
|    value_loss           | 7.68         |
------------------------------------------
FruitCounts | {'Fruit': 0, 'DecayFruit': 2, 'EnemyFruit': 4} |
-----------------------------------------
| rollout/                |             |
|    ep_len_mean          | 1.38e+03    |
|    ep_rew_mean          | 56.2        |
| time/                   |             |
|    fps                  | 177         |
|    iterations           | 331         |
|    time_elapsed         | 3808        |
|    total_timesteps      | 677888      |
| train/                  |             |
|    approx_kl            | 0.009200027 |
|    clip_fraction        | 0.0574      |
|    clip_range           | 0.2         |
|    entropy_loss         | -0.169      |
|    explained_variance   | 0.142       |
|    learning_rate        | 0.0003      |
|    loss                 | 1.89        |
|    n_updates            | 3300        |
|    policy_gradient_loss | -0.00103    |
|    value_loss           | 5.53        |
-----------------------------------------
FruitCounts | {'Fruit': 1, 'DecayFruit': 0, 'EnemyFruit': 1} |
------------------------------------------
| rollout/                |              |
|    ep_len_mean          | 1.36e+03     |
|    ep_rew_mean          | 57           |
| time/                   |              |
|    fps                  | 178          |
|    iterations           | 332          |
|    time_elapsed         | 3819         |
|    total_timesteps      | 679936       |
| train/                  |              |
|    approx_kl            | 0.0036184657 |
|    clip_fraction        | 0.0442       |
|    clip_range           | 0.2          |
|    entropy_loss         | -0.189       |
|    explained_variance   | 0.206        |
|    learning_rate        | 0.0003       |
|    loss                 | 3.48         |
|    n_updates            | 3310         |
|    policy_gradient_loss | -0.00179     |
|    value_loss           | 11.7         |
------------------------------------------
FruitCounts | {'Fruit': 1, 'DecayFruit': 8, 'EnemyFruit': 7} |
------------------------------------------
| rollout/                |              |
|    ep_len_mean          | 1.36e+03     |
|    ep_rew_mean          | 57.2         |
| time/                   |              |
|    fps                  | 178          |
|    iterations           | 333          |
|    time_elapsed         | 3829         |
|    total_timesteps      | 681984       |
| train/                  |              |
|    approx_kl            | 0.0075688427 |
|    clip_fraction        | 0.0615       |
|    clip_range           | 0.2          |
|    entropy_loss         | -0.19        |
|    explained_variance   | 0.0871       |
|    learning_rate        | 0.0003       |
|    loss                 | 2.45         |
|    n_updates            | 3320         |
|    policy_gradient_loss | -0.00164     |
|    value_loss           | 7.84         |
------------------------------------------
FruitCounts | {'Fruit': 1, 'DecayFruit': 1, 'EnemyFruit': 0} |
-----------------------------------------
| rollout/                |             |
|    ep_len_mean          | 1.35e+03    |
|    ep_rew_mean          | 58          |
| time/                   |             |
|    fps                  | 178         |
|    iterations           | 334         |
|    time_elapsed         | 3840        |
|    total_timesteps      | 684032      |
| train/                  |             |
|    approx_kl            | 0.005369438 |
|    clip_fraction        | 0.042       |
|    clip_range           | 0.2         |
|    entropy_loss         | -0.189      |
|    explained_variance   | 0.11        |
|    learning_rate        | 0.0003      |
|    loss                 | 10.5        |
|    n_updates            | 3330        |
|    policy_gradient_loss | -0.00292    |
|    value_loss           | 13.3        |
-----------------------------------------
FruitCounts | {'Fruit': 1, 'DecayFruit': 3, 'EnemyFruit': 8} |
-----------------------------------------
| rollout/                |             |
|    ep_len_mean          | 1.36e+03    |
|    ep_rew_mean          | 58.3        |
| time/                   |             |
|    fps                  | 178         |
|    iterations           | 335         |
|    time_elapsed         | 3851        |
|    total_timesteps      | 686080      |
| train/                  |             |
|    approx_kl            | 0.005925795 |
|    clip_fraction        | 0.0571      |
|    clip_range           | 0.2         |
|    entropy_loss         | -0.18       |
|    explained_variance   | 0.145       |
|    learning_rate        | 0.0003      |
|    loss                 | 1.71        |
|    n_updates            | 3340        |
|    policy_gradient_loss | -0.00341    |
|    value_loss           | 6.19        |
-----------------------------------------
FruitCounts | {'Fruit': 3, 'DecayFruit': 6, 'EnemyFruit': 15} |
------------------------------------------
| rollout/                |              |
|    ep_len_mean          | 1.36e+03     |
|    ep_rew_mean          | 58.3         |
| time/                   |              |
|    fps                  | 178          |
|    iterations           | 336          |
|    time_elapsed         | 3859         |
|    total_timesteps      | 688128       |
| train/                  |              |
|    approx_kl            | 0.0068274066 |
|    clip_fraction        | 0.0493       |
|    clip_range           | 0.2          |
|    entropy_loss         | -0.18        |
|    explained_variance   | 0.00574      |
|    learning_rate        | 0.0003       |
|    loss                 | 8.5          |
|    n_updates            | 3350         |
|    policy_gradient_loss | -0.0023      |
|    value_loss           | 9.8          |
------------------------------------------
FruitCounts | {'Fruit': 0, 'DecayFruit': 0, 'EnemyFruit': 1} |
-----------------------------------------
| rollout/                |             |
|    ep_len_mean          | 1.4e+03     |
|    ep_rew_mean          | 59.5        |
| time/                   |             |
|    fps                  | 178         |
|    iterations           | 337         |
|    time_elapsed         | 3874        |
|    total_timesteps      | 690176      |
| train/                  |             |
|    approx_kl            | 0.008302831 |
|    clip_fraction        | 0.0672      |
|    clip_range           | 0.2         |
|    entropy_loss         | -0.174      |
|    explained_variance   | -0.246      |
|    learning_rate        | 0.0003      |
|    loss                 | 0.259       |
|    n_updates            | 3360        |
|    policy_gradient_loss | 0.000388    |
|    value_loss           | 0.987       |
-----------------------------------------
FruitCounts | {'Fruit': 0, 'DecayFruit': 3, 'EnemyFruit': 2} |
------------------------------------------
| rollout/                |              |
|    ep_len_mean          | 1.41e+03     |
|    ep_rew_mean          | 61.3         |
| time/                   |              |
|    fps                  | 178          |
|    iterations           | 338          |
|    time_elapsed         | 3884         |
|    total_timesteps      | 692224       |
| train/                  |              |
|    approx_kl            | 0.0053228824 |
|    clip_fraction        | 0.0457       |
|    clip_range           | 0.2          |
|    entropy_loss         | -0.158       |
|    explained_variance   | 0.147        |
|    learning_rate        | 0.0003       |
|    loss                 | 3.52         |
|    n_updates            | 3370         |
|    policy_gradient_loss | -0.00128     |
|    value_loss           | 5.29         |
------------------------------------------
FruitCounts | {'Fruit': 3, 'DecayFruit': 7, 'EnemyFruit': 20} |
------------------------------------------
| rollout/                |              |
|    ep_len_mean          | 1.41e+03     |
|    ep_rew_mean          | 61.3         |
| time/                   |              |
|    fps                  | 178          |
|    iterations           | 339          |
|    time_elapsed         | 3894         |
|    total_timesteps      | 694272       |
| train/                  |              |
|    approx_kl            | 0.0037458003 |
|    clip_fraction        | 0.0333       |
|    clip_range           | 0.2          |
|    entropy_loss         | -0.153       |
|    explained_variance   | 0.0145       |
|    learning_rate        | 0.0003       |
|    loss                 | 3.78         |
|    n_updates            | 3380         |
|    policy_gradient_loss | -0.00236     |
|    value_loss           | 11.6         |
------------------------------------------
FruitCounts | {'Fruit': 1, 'DecayFruit': 1, 'EnemyFruit': 2} |
------------------------------------------
| rollout/                |              |
|    ep_len_mean          | 1.45e+03     |
|    ep_rew_mean          | 62.3         |
| time/                   |              |
|    fps                  | 178          |
|    iterations           | 340          |
|    time_elapsed         | 3907         |
|    total_timesteps      | 696320       |
| train/                  |              |
|    approx_kl            | 0.0052569304 |
|    clip_fraction        | 0.0394       |
|    clip_range           | 0.2          |
|    entropy_loss         | -0.162       |
|    explained_variance   | -0.0381      |
|    learning_rate        | 0.0003       |
|    loss                 | 2.36         |
|    n_updates            | 3390         |
|    policy_gradient_loss | -0.000957    |
|    value_loss           | 7.2          |
------------------------------------------
FruitCounts | {'Fruit': 1, 'DecayFruit': 3, 'EnemyFruit': 7} |
------------------------------------------
| rollout/                |              |
|    ep_len_mean          | 1.43e+03     |
|    ep_rew_mean          | 61.4         |
| time/                   |              |
|    fps                  | 178          |
|    iterations           | 341          |
|    time_elapsed         | 3917         |
|    total_timesteps      | 698368       |
| train/                  |              |
|    approx_kl            | 0.0063177412 |
|    clip_fraction        | 0.0445       |
|    clip_range           | 0.2          |
|    entropy_loss         | -0.155       |
|    explained_variance   | 0.0173       |
|    learning_rate        | 0.0003       |
|    loss                 | 1.23         |
|    n_updates            | 3400         |
|    policy_gradient_loss | -0.000198    |
|    value_loss           | 3.34         |
------------------------------------------
FruitCounts | {'Fruit': 0, 'DecayFruit': 2, 'EnemyFruit': 6} |
------------------------------------------
| rollout/                |              |
|    ep_len_mean          | 1.45e+03     |
|    ep_rew_mean          | 62.8         |
| time/                   |              |
|    fps                  | 178          |
|    iterations           | 342          |
|    time_elapsed         | 3929         |
|    total_timesteps      | 700416       |
| train/                  |              |
|    approx_kl            | 0.0033771012 |
|    clip_fraction        | 0.0414       |
|    clip_range           | 0.2          |
|    entropy_loss         | -0.167       |
|    explained_variance   | 0.0847       |
|    learning_rate        | 0.0003       |
|    loss                 | 2.45         |
|    n_updates            | 3410         |
|    policy_gradient_loss | -0.0015      |
|    value_loss           | 6.92         |
------------------------------------------
FruitCounts | {'Fruit': 2, 'DecayFruit': 2, 'EnemyFruit': 3} |
------------------------------------------
| rollout/                |              |
|    ep_len_mean          | 1.47e+03     |
|    ep_rew_mean          | 63.1         |
| time/                   |              |
|    fps                  | 178          |
|    iterations           | 343          |
|    time_elapsed         | 3940         |
|    total_timesteps      | 702464       |
| train/                  |              |
|    approx_kl            | 0.0033509776 |
|    clip_fraction        | 0.039        |
|    clip_range           | 0.2          |
|    entropy_loss         | -0.157       |
|    explained_variance   | 0.136        |
|    learning_rate        | 0.0003       |
|    loss                 | 8.59         |
|    n_updates            | 3420         |
|    policy_gradient_loss | -0.00319     |
|    value_loss           | 16.5         |
------------------------------------------
FruitCounts | {'Fruit': 3, 'DecayFruit': 3, 'EnemyFruit': 7} |
------------------------------------------
| rollout/                |              |
|    ep_len_mean          | 1.47e+03     |
|    ep_rew_mean          | 64.1         |
| time/                   |              |
|    fps                  | 178          |
|    iterations           | 344          |
|    time_elapsed         | 3951         |
|    total_timesteps      | 704512       |
| train/                  |              |
|    approx_kl            | 0.0060384725 |
|    clip_fraction        | 0.0427       |
|    clip_range           | 0.2          |
|    entropy_loss         | -0.182       |
|    explained_variance   | 0.253        |
|    learning_rate        | 0.0003       |
|    loss                 | 4.4          |
|    n_updates            | 3430         |
|    policy_gradient_loss | 6.56e-05     |
|    value_loss           | 8.54         |
------------------------------------------
FruitCounts | {'Fruit': 0, 'DecayFruit': 0, 'EnemyFruit': 0} |
------------------------------------------
| rollout/                |              |
|    ep_len_mean          | 1.47e+03     |
|    ep_rew_mean          | 64.7         |
| time/                   |              |
|    fps                  | 178          |
|    iterations           | 345          |
|    time_elapsed         | 3962         |
|    total_timesteps      | 706560       |
| train/                  |              |
|    approx_kl            | 0.0096940305 |
|    clip_fraction        | 0.0559       |
|    clip_range           | 0.2          |
|    entropy_loss         | -0.164       |
|    explained_variance   | 0.286        |
|    learning_rate        | 0.0003       |
|    loss                 | 1.2          |
|    n_updates            | 3440         |
|    policy_gradient_loss | 9.93e-05     |
|    value_loss           | 8.83         |
------------------------------------------
FruitCounts | {'Fruit': 0, 'DecayFruit': 3, 'EnemyFruit': 4} |
-----------------------------------------
| rollout/                |             |
|    ep_len_mean          | 1.46e+03    |
|    ep_rew_mean          | 64.3        |
| time/                   |             |
|    fps                  | 178         |
|    iterations           | 346         |
|    time_elapsed         | 3971        |
|    total_timesteps      | 708608      |
| train/                  |             |
|    approx_kl            | 0.006518988 |
|    clip_fraction        | 0.0614      |
|    clip_range           | 0.2         |
|    entropy_loss         | -0.18       |
|    explained_variance   | 0.0427      |
|    learning_rate        | 0.0003      |
|    loss                 | 18.9        |
|    n_updates            | 3450        |
|    policy_gradient_loss | -0.00251    |
|    value_loss           | 11.7        |
-----------------------------------------
FruitCounts | {'Fruit': 0, 'DecayFruit': 2, 'EnemyFruit': 0} |
------------------------------------------
| rollout/                |              |
|    ep_len_mean          | 1.48e+03     |
|    ep_rew_mean          | 64.4         |
| time/                   |              |
|    fps                  | 178          |
|    iterations           | 347          |
|    time_elapsed         | 3983         |
|    total_timesteps      | 710656       |
| train/                  |              |
|    approx_kl            | 0.0051536914 |
|    clip_fraction        | 0.0405       |
|    clip_range           | 0.2          |
|    entropy_loss         | -0.172       |
|    explained_variance   | 0.201        |
|    learning_rate        | 0.0003       |
|    loss                 | 3.95         |
|    n_updates            | 3460         |
|    policy_gradient_loss | -0.00108     |
|    value_loss           | 7.98         |
------------------------------------------
FruitCounts | {'Fruit': 2, 'DecayFruit': 1, 'EnemyFruit': 4} |
------------------------------------------
| rollout/                |              |
|    ep_len_mean          | 1.46e+03     |
|    ep_rew_mean          | 62.9         |
| time/                   |              |
|    fps                  | 178          |
|    iterations           | 348          |
|    time_elapsed         | 3994         |
|    total_timesteps      | 712704       |
| train/                  |              |
|    approx_kl            | 0.0053437646 |
|    clip_fraction        | 0.0476       |
|    clip_range           | 0.2          |
|    entropy_loss         | -0.172       |
|    explained_variance   | 0.12         |
|    learning_rate        | 0.0003       |
|    loss                 | 9.74         |
|    n_updates            | 3470         |
|    policy_gradient_loss | -0.00239     |
|    value_loss           | 10.5         |
------------------------------------------
FruitCounts | {'Fruit': 1, 'DecayFruit': 4, 'EnemyFruit': 9} |
-----------------------------------------
| rollout/                |             |
|    ep_len_mean          | 1.45e+03    |
|    ep_rew_mean          | 61.8        |
| time/                   |             |
|    fps                  | 178         |
|    iterations           | 349         |
|    time_elapsed         | 4004        |
|    total_timesteps      | 714752      |
| train/                  |             |
|    approx_kl            | 0.006705104 |
|    clip_fraction        | 0.0444      |
|    clip_range           | 0.2         |
|    entropy_loss         | -0.185      |
|    explained_variance   | 0.11        |
|    learning_rate        | 0.0003      |
|    loss                 | 9.07        |
|    n_updates            | 3480        |
|    policy_gradient_loss | -0.00187    |
|    value_loss           | 9.22        |
-----------------------------------------
FruitCounts | {'Fruit': 0, 'DecayFruit': 5, 'EnemyFruit': 4} |
-----------------------------------------
| rollout/                |             |
|    ep_len_mean          | 1.47e+03    |
|    ep_rew_mean          | 63.2        |
| time/                   |             |
|    fps                  | 178         |
|    iterations           | 350         |
|    time_elapsed         | 4014        |
|    total_timesteps      | 716800      |
| train/                  |             |
|    approx_kl            | 0.008213418 |
|    clip_fraction        | 0.054       |
|    clip_range           | 0.2         |
|    entropy_loss         | -0.18       |
|    explained_variance   | 0.102       |
|    learning_rate        | 0.0003      |
|    loss                 | 3.51        |
|    n_updates            | 3490        |
|    policy_gradient_loss | -0.00241    |
|    value_loss           | 8.81        |
-----------------------------------------
FruitCounts | {'Fruit': 2, 'DecayFruit': 17, 'EnemyFruit': 21} |
-----------------------------------------
| rollout/                |             |
|    ep_len_mean          | 1.47e+03    |
|    ep_rew_mean          | 63.2        |
| time/                   |             |
|    fps                  | 178         |
|    iterations           | 351         |
|    time_elapsed         | 4024        |
|    total_timesteps      | 718848      |
| train/                  |             |
|    approx_kl            | 0.004424056 |
|    clip_fraction        | 0.0405      |
|    clip_range           | 0.2         |
|    entropy_loss         | -0.151      |
|    explained_variance   | 0.0203      |
|    learning_rate        | 0.0003      |
|    loss                 | 6.22        |
|    n_updates            | 3500        |
|    policy_gradient_loss | -0.000636   |
|    value_loss           | 11.2        |
-----------------------------------------
FruitCounts | {'Fruit': 0, 'DecayFruit': 1, 'EnemyFruit': 0} |
------------------------------------------
| rollout/                |              |
|    ep_len_mean          | 1.45e+03     |
|    ep_rew_mean          | 64           |
| time/                   |              |
|    fps                  | 178          |
|    iterations           | 352          |
|    time_elapsed         | 4038         |
|    total_timesteps      | 720896       |
| train/                  |              |
|    approx_kl            | 0.0032329005 |
|    clip_fraction        | 0.0348       |
|    clip_range           | 0.2          |
|    entropy_loss         | -0.158       |
|    explained_variance   | 0.00603      |
|    learning_rate        | 0.0003       |
|    loss                 | 3.07         |
|    n_updates            | 3510         |
|    policy_gradient_loss | -0.00167     |
|    value_loss           | 17.4         |
------------------------------------------
FruitCounts | {'Fruit': 2, 'DecayFruit': 0, 'EnemyFruit': 0} |
------------------------------------------
| rollout/                |              |
|    ep_len_mean          | 1.41e+03     |
|    ep_rew_mean          | 62.7         |
| time/                   |              |
|    fps                  | 178          |
|    iterations           | 353          |
|    time_elapsed         | 4048         |
|    total_timesteps      | 722944       |
| train/                  |              |
|    approx_kl            | 0.0061731935 |
|    clip_fraction        | 0.0491       |
|    clip_range           | 0.2          |
|    entropy_loss         | -0.165       |
|    explained_variance   | 0.278        |
|    learning_rate        | 0.0003       |
|    loss                 | 16.8         |
|    n_updates            | 3520         |
|    policy_gradient_loss | -0.00341     |
|    value_loss           | 11.3         |
------------------------------------------
FruitCounts | {'Fruit': 2, 'DecayFruit': 4, 'EnemyFruit': 5} |
------------------------------------------
| rollout/                |              |
|    ep_len_mean          | 1.41e+03     |
|    ep_rew_mean          | 60.8         |
| time/                   |              |
|    fps                  | 178          |
|    iterations           | 354          |
|    time_elapsed         | 4058         |
|    total_timesteps      | 724992       |
| train/                  |              |
|    approx_kl            | 0.0067892442 |
|    clip_fraction        | 0.0482       |
|    clip_range           | 0.2          |
|    entropy_loss         | -0.16        |
|    explained_variance   | -0.0202      |
|    learning_rate        | 0.0003       |
|    loss                 | 5.6          |
|    n_updates            | 3530         |
|    policy_gradient_loss | -0.00185     |
|    value_loss           | 12.8         |
------------------------------------------
FruitCounts | {'Fruit': 2, 'DecayFruit': 4, 'EnemyFruit': 6} |
-----------------------------------------
| rollout/                |             |
|    ep_len_mean          | 1.42e+03    |
|    ep_rew_mean          | 61.3        |
| time/                   |             |
|    fps                  | 178         |
|    iterations           | 355         |
|    time_elapsed         | 4069        |
|    total_timesteps      | 727040      |
| train/                  |             |
|    approx_kl            | 0.008088887 |
|    clip_fraction        | 0.0558      |
|    clip_range           | 0.2         |
|    entropy_loss         | -0.163      |
|    explained_variance   | 0.0678      |
|    learning_rate        | 0.0003      |
|    loss                 | 4.47        |
|    n_updates            | 3540        |
|    policy_gradient_loss | -0.00213    |
|    value_loss           | 9.52        |
-----------------------------------------
FruitCounts | {'Fruit': 0, 'DecayFruit': 3, 'EnemyFruit': 4} |
-----------------------------------------
| rollout/                |             |
|    ep_len_mean          | 1.42e+03    |
|    ep_rew_mean          | 59.8        |
| time/                   |             |
|    fps                  | 178         |
|    iterations           | 356         |
|    time_elapsed         | 4080        |
|    total_timesteps      | 729088      |
| train/                  |             |
|    approx_kl            | 0.011390675 |
|    clip_fraction        | 0.0649      |
|    clip_range           | 0.2         |
|    entropy_loss         | -0.153      |
|    explained_variance   | 0.174       |
|    learning_rate        | 0.0003      |
|    loss                 | 0.853       |
|    n_updates            | 3550        |
|    policy_gradient_loss | -0.00012    |
|    value_loss           | 2.66        |
-----------------------------------------
FruitCounts | {'Fruit': 1, 'DecayFruit': 2, 'EnemyFruit': 2} |
------------------------------------------
| rollout/                |              |
|    ep_len_mean          | 1.39e+03     |
|    ep_rew_mean          | 59.5         |
| time/                   |              |
|    fps                  | 178          |
|    iterations           | 357          |
|    time_elapsed         | 4090         |
|    total_timesteps      | 731136       |
| train/                  |              |
|    approx_kl            | 0.0071725277 |
|    clip_fraction        | 0.0574       |
|    clip_range           | 0.2          |
|    entropy_loss         | -0.163       |
|    explained_variance   | -0.00884     |
|    learning_rate        | 0.0003       |
|    loss                 | 2.42         |
|    n_updates            | 3560         |
|    policy_gradient_loss | -0.00278     |
|    value_loss           | 5.1          |
------------------------------------------
FruitCounts | {'Fruit': 0, 'DecayFruit': 1, 'EnemyFruit': 0} |
------------------------------------------
| rollout/                |              |
|    ep_len_mean          | 1.39e+03     |
|    ep_rew_mean          | 61.4         |
| time/                   |              |
|    fps                  | 178          |
|    iterations           | 358          |
|    time_elapsed         | 4102         |
|    total_timesteps      | 733184       |
| train/                  |              |
|    approx_kl            | 0.0073796683 |
|    clip_fraction        | 0.0563       |
|    clip_range           | 0.2          |
|    entropy_loss         | -0.161       |
|    explained_variance   | -0.0692      |
|    learning_rate        | 0.0003       |
|    loss                 | 4.32         |
|    n_updates            | 3570         |
|    policy_gradient_loss | -0.00277     |
|    value_loss           | 8.49         |
------------------------------------------
FruitCounts | {'Fruit': 2, 'DecayFruit': 6, 'EnemyFruit': 14} |
-----------------------------------------
| rollout/                |             |
|    ep_len_mean          | 1.38e+03    |
|    ep_rew_mean          | 60.9        |
| time/                   |             |
|    fps                  | 178         |
|    iterations           | 359         |
|    time_elapsed         | 4112        |
|    total_timesteps      | 735232      |
| train/                  |             |
|    approx_kl            | 0.003428169 |
|    clip_fraction        | 0.0364      |
|    clip_range           | 0.2         |
|    entropy_loss         | -0.146      |
|    explained_variance   | 0.0881      |
|    learning_rate        | 0.0003      |
|    loss                 | 5.84        |
|    n_updates            | 3580        |
|    policy_gradient_loss | -0.00247    |
|    value_loss           | 20.6        |
-----------------------------------------
FruitCounts | {'Fruit': 0, 'DecayFruit': 0, 'EnemyFruit': 0} |
------------------------------------------
| rollout/                |              |
|    ep_len_mean          | 1.4e+03      |
|    ep_rew_mean          | 62.2         |
| time/                   |              |
|    fps                  | 178          |
|    iterations           | 360          |
|    time_elapsed         | 4124         |
|    total_timesteps      | 737280       |
| train/                  |              |
|    approx_kl            | 0.0034735012 |
|    clip_fraction        | 0.0402       |
|    clip_range           | 0.2          |
|    entropy_loss         | -0.171       |
|    explained_variance   | 0.0902       |
|    learning_rate        | 0.0003       |
|    loss                 | 3.1          |
|    n_updates            | 3590         |
|    policy_gradient_loss | -0.0032      |
|    value_loss           | 16.8         |
------------------------------------------
FruitCounts | {'Fruit': 2, 'DecayFruit': 5, 'EnemyFruit': 10} |
-----------------------------------------
| rollout/                |             |
|    ep_len_mean          | 1.4e+03     |
|    ep_rew_mean          | 62.4        |
| time/                   |             |
|    fps                  | 178         |
|    iterations           | 361         |
|    time_elapsed         | 4133        |
|    total_timesteps      | 739328      |
| train/                  |             |
|    approx_kl            | 0.007109906 |
|    clip_fraction        | 0.0501      |
|    clip_range           | 0.2         |
|    entropy_loss         | -0.166      |
|    explained_variance   | 0.17        |
|    learning_rate        | 0.0003      |
|    loss                 | 2.88        |
|    n_updates            | 3600        |
|    policy_gradient_loss | -0.000941   |
|    value_loss           | 15.7        |
-----------------------------------------
FruitCounts | {'Fruit': 0, 'DecayFruit': 4, 'EnemyFruit': 4} |
----------------------------------------
| rollout/                |            |
|    ep_len_mean          | 1.39e+03   |
|    ep_rew_mean          | 62.9       |
| time/                   |            |
|    fps                  | 178        |
|    iterations           | 362        |
|    time_elapsed         | 4144       |
|    total_timesteps      | 741376     |
| train/                  |            |
|    approx_kl            | 0.01577914 |
|    clip_fraction        | 0.0564     |
|    clip_range           | 0.2        |
|    entropy_loss         | -0.154     |
|    explained_variance   | 0.13       |
|    learning_rate        | 0.0003     |
|    loss                 | 2.85       |
|    n_updates            | 3610       |
|    policy_gradient_loss | -0.00319   |
|    value_loss           | 7.75       |
----------------------------------------
FruitCounts | {'Fruit': 1, 'DecayFruit': 0, 'EnemyFruit': 2} |
-----------------------------------------
| rollout/                |             |
|    ep_len_mean          | 1.32e+03    |
|    ep_rew_mean          | 62.6        |
| time/                   |             |
|    fps                  | 178         |
|    iterations           | 363         |
|    time_elapsed         | 4155        |
|    total_timesteps      | 743424      |
| train/                  |             |
|    approx_kl            | 0.004568349 |
|    clip_fraction        | 0.0432      |
|    clip_range           | 0.2         |
|    entropy_loss         | -0.158      |
|    explained_variance   | -0.0316     |
|    learning_rate        | 0.0003      |
|    loss                 | 5.67        |
|    n_updates            | 3620        |
|    policy_gradient_loss | -0.00216    |
|    value_loss           | 25.4        |
-----------------------------------------
FruitCounts | {'Fruit': 1, 'DecayFruit': 7, 'EnemyFruit': 6} |
-----------------------------------------
| rollout/                |             |
|    ep_len_mean          | 1.31e+03    |
|    ep_rew_mean          | 61.4        |
| time/                   |             |
|    fps                  | 178         |
|    iterations           | 364         |
|    time_elapsed         | 4165        |
|    total_timesteps      | 745472      |
| train/                  |             |
|    approx_kl            | 0.008628836 |
|    clip_fraction        | 0.0469      |
|    clip_range           | 0.2         |
|    entropy_loss         | -0.172      |
|    explained_variance   | -0.0667     |
|    learning_rate        | 0.0003      |
|    loss                 | 12.3        |
|    n_updates            | 3630        |
|    policy_gradient_loss | -0.00451    |
|    value_loss           | 19.5        |
-----------------------------------------
FruitCounts | {'Fruit': 1, 'DecayFruit': 2, 'EnemyFruit': 6} |
-----------------------------------------
| rollout/                |             |
|    ep_len_mean          | 1.32e+03    |
|    ep_rew_mean          | 63.1        |
| time/                   |             |
|    fps                  | 179         |
|    iterations           | 365         |
|    time_elapsed         | 4175        |
|    total_timesteps      | 747520      |
| train/                  |             |
|    approx_kl            | 0.009853326 |
|    clip_fraction        | 0.0588      |
|    clip_range           | 0.2         |
|    entropy_loss         | -0.174      |
|    explained_variance   | 0.287       |
|    learning_rate        | 0.0003      |
|    loss                 | 9.29        |
|    n_updates            | 3640        |
|    policy_gradient_loss | -0.00163    |
|    value_loss           | 20          |
-----------------------------------------
FruitCounts | {'Fruit': 1, 'DecayFruit': 15, 'EnemyFruit': 29} |
-----------------------------------------
| rollout/                |             |
|    ep_len_mean          | 1.32e+03    |
|    ep_rew_mean          | 63.1        |
| time/                   |             |
|    fps                  | 179         |
|    iterations           | 366         |
|    time_elapsed         | 4184        |
|    total_timesteps      | 749568      |
| train/                  |             |
|    approx_kl            | 0.005497403 |
|    clip_fraction        | 0.0439      |
|    clip_range           | 0.2         |
|    entropy_loss         | -0.167      |
|    explained_variance   | -0.0146     |
|    learning_rate        | 0.0003      |
|    loss                 | 11.9        |
|    n_updates            | 3650        |
|    policy_gradient_loss | -0.00141    |
|    value_loss           | 13.1        |
-----------------------------------------
FruitCounts | {'Fruit': 2, 'DecayFruit': 8, 'EnemyFruit': 12} |
------------------------------------------
| rollout/                |              |
|    ep_len_mean          | 1.33e+03     |
|    ep_rew_mean          | 64.4         |
| time/                   |              |
|    fps                  | 179          |
|    iterations           | 367          |
|    time_elapsed         | 4197         |
|    total_timesteps      | 751616       |
| train/                  |              |
|    approx_kl            | 0.0033155056 |
|    clip_fraction        | 0.036        |
|    clip_range           | 0.2          |
|    entropy_loss         | -0.17        |
|    explained_variance   | -0.263       |
|    learning_rate        | 0.0003       |
|    loss                 | 3.42         |
|    n_updates            | 3660         |
|    policy_gradient_loss | -0.000146    |
|    value_loss           | 17.6         |
------------------------------------------
FruitCounts | {'Fruit': 2, 'DecayFruit': 1, 'EnemyFruit': 2} |
-----------------------------------------
| rollout/                |             |
|    ep_len_mean          | 1.35e+03    |
|    ep_rew_mean          | 64.7        |
| time/                   |             |
|    fps                  | 178         |
|    iterations           | 368         |
|    time_elapsed         | 4210        |
|    total_timesteps      | 753664      |
| train/                  |             |
|    approx_kl            | 0.010704031 |
|    clip_fraction        | 0.0634      |
|    clip_range           | 0.2         |
|    entropy_loss         | -0.168      |
|    explained_variance   | -0.349      |
|    learning_rate        | 0.0003      |
|    loss                 | 2.43        |
|    n_updates            | 3670        |
|    policy_gradient_loss | -0.00199    |
|    value_loss           | 6.3         |
-----------------------------------------
FruitCounts | {'Fruit': 5, 'DecayFruit': 9, 'EnemyFruit': 20} |
-----------------------------------------
| rollout/                |             |
|    ep_len_mean          | 1.35e+03    |
|    ep_rew_mean          | 64.7        |
| time/                   |             |
|    fps                  | 179         |
|    iterations           | 369         |
|    time_elapsed         | 4220        |
|    total_timesteps      | 755712      |
| train/                  |             |
|    approx_kl            | 0.006444103 |
|    clip_fraction        | 0.0459      |
|    clip_range           | 0.2         |
|    entropy_loss         | -0.13       |
|    explained_variance   | -0.0391     |
|    learning_rate        | 0.0003      |
|    loss                 | 4.16        |
|    n_updates            | 3680        |
|    policy_gradient_loss | -0.00333    |
|    value_loss           | 4.66        |
-----------------------------------------
FruitCounts | {'Fruit': 5, 'DecayFruit': 14, 'EnemyFruit': 35} |
-----------------------------------------
| rollout/                |             |
|    ep_len_mean          | 1.35e+03    |
|    ep_rew_mean          | 64.7        |
| time/                   |             |
|    fps                  | 179         |
|    iterations           | 370         |
|    time_elapsed         | 4228        |
|    total_timesteps      | 757760      |
| train/                  |             |
|    approx_kl            | 0.006837639 |
|    clip_fraction        | 0.0425      |
|    clip_range           | 0.2         |
|    entropy_loss         | -0.152      |
|    explained_variance   | -0.261      |
|    learning_rate        | 0.0003      |
|    loss                 | 6.23        |
|    n_updates            | 3690        |
|    policy_gradient_loss | 0.000277    |
|    value_loss           | 10.7        |
-----------------------------------------
FruitCounts | {'Fruit': 0, 'DecayFruit': 0, 'EnemyFruit': 0} |
------------------------------------------
| rollout/                |              |
|    ep_len_mean          | 1.39e+03     |
|    ep_rew_mean          | 67.4         |
| time/                   |              |
|    fps                  | 178          |
|    iterations           | 371          |
|    time_elapsed         | 4247         |
|    total_timesteps      | 759808       |
| train/                  |              |
|    approx_kl            | 0.0072541223 |
|    clip_fraction        | 0.0527       |
|    clip_range           | 0.2          |
|    entropy_loss         | -0.161       |
|    explained_variance   | -0.41        |
|    learning_rate        | 0.0003       |
|    loss                 | 6.52         |
|    n_updates            | 3700         |
|    policy_gradient_loss | 0.00109      |
|    value_loss           | 5.52         |
------------------------------------------
FruitCounts | {'Fruit': 0, 'DecayFruit': 0, 'EnemyFruit': 0} |
-----------------------------------------
| rollout/                |             |
|    ep_len_mean          | 1.39e+03    |
|    ep_rew_mean          | 66          |
| time/                   |             |
|    fps                  | 178         |
|    iterations           | 372         |
|    time_elapsed         | 4257        |
|    total_timesteps      | 761856      |
| train/                  |             |
|    approx_kl            | 0.007087027 |
|    clip_fraction        | 0.0553      |
|    clip_range           | 0.2         |
|    entropy_loss         | -0.164      |
|    explained_variance   | 0.0429      |
|    learning_rate        | 0.0003      |
|    loss                 | 5.32        |
|    n_updates            | 3710        |
|    policy_gradient_loss | 0.000191    |
|    value_loss           | 12.2        |
-----------------------------------------
FruitCounts | {'Fruit': 0, 'DecayFruit': 4, 'EnemyFruit': 5} |
------------------------------------------
| rollout/                |              |
|    ep_len_mean          | 1.37e+03     |
|    ep_rew_mean          | 64.8         |
| time/                   |              |
|    fps                  | 178          |
|    iterations           | 373          |
|    time_elapsed         | 4267         |
|    total_timesteps      | 763904       |
| train/                  |              |
|    approx_kl            | 0.0068761143 |
|    clip_fraction        | 0.0538       |
|    clip_range           | 0.2          |
|    entropy_loss         | -0.17        |
|    explained_variance   | 0.148        |
|    learning_rate        | 0.0003       |
|    loss                 | 0.576        |
|    n_updates            | 3720         |
|    policy_gradient_loss | -0.00137     |
|    value_loss           | 5.83         |
------------------------------------------
FruitCounts | {'Fruit': 0, 'DecayFruit': 0, 'EnemyFruit': 0} |
-----------------------------------------
| rollout/                |             |
|    ep_len_mean          | 1.39e+03    |
|    ep_rew_mean          | 65.8        |
| time/                   |             |
|    fps                  | 179         |
|    iterations           | 374         |
|    time_elapsed         | 4278        |
|    total_timesteps      | 765952      |
| train/                  |             |
|    approx_kl            | 0.006688996 |
|    clip_fraction        | 0.0399      |
|    clip_range           | 0.2         |
|    entropy_loss         | -0.147      |
|    explained_variance   | -0.0948     |
|    learning_rate        | 0.0003      |
|    loss                 | 1.96        |
|    n_updates            | 3730        |
|    policy_gradient_loss | -0.000374   |
|    value_loss           | 13.1        |
-----------------------------------------
FruitCounts | {'Fruit': 1, 'DecayFruit': 1, 'EnemyFruit': 0} |
-----------------------------------------
| rollout/                |             |
|    ep_len_mean          | 1.39e+03    |
|    ep_rew_mean          | 65.9        |
| time/                   |             |
|    fps                  | 179         |
|    iterations           | 375         |
|    time_elapsed         | 4288        |
|    total_timesteps      | 768000      |
| train/                  |             |
|    approx_kl            | 0.004211096 |
|    clip_fraction        | 0.0464      |
|    clip_range           | 0.2         |
|    entropy_loss         | -0.149      |
|    explained_variance   | 0.0644      |
|    learning_rate        | 0.0003      |
|    loss                 | 3.65        |
|    n_updates            | 3740        |
|    policy_gradient_loss | -0.00304    |
|    value_loss           | 7.43        |
-----------------------------------------
FruitCounts | {'Fruit': 1, 'DecayFruit': 3, 'EnemyFruit': 0} |
------------------------------------------
| rollout/                |              |
|    ep_len_mean          | 1.35e+03     |
|    ep_rew_mean          | 64.5         |
| time/                   |              |
|    fps                  | 179          |
|    iterations           | 376          |
|    time_elapsed         | 4299         |
|    total_timesteps      | 770048       |
| train/                  |              |
|    approx_kl            | 0.0075561935 |
|    clip_fraction        | 0.0405       |
|    clip_range           | 0.2          |
|    entropy_loss         | -0.164       |
|    explained_variance   | -0.013       |
|    learning_rate        | 0.0003       |
|    loss                 | 2.29         |
|    n_updates            | 3750         |
|    policy_gradient_loss | -0.00119     |
|    value_loss           | 13.1         |
------------------------------------------
FruitCounts | {'Fruit': 3, 'DecayFruit': 11, 'EnemyFruit': 16} |
------------------------------------------
| rollout/                |              |
|    ep_len_mean          | 1.35e+03     |
|    ep_rew_mean          | 64.5         |
| time/                   |              |
|    fps                  | 179          |
|    iterations           | 377          |
|    time_elapsed         | 4307         |
|    total_timesteps      | 772096       |
| train/                  |              |
|    approx_kl            | 0.0039294185 |
|    clip_fraction        | 0.0366       |
|    clip_range           | 0.2          |
|    entropy_loss         | -0.173       |
|    explained_variance   | 0.0168       |
|    learning_rate        | 0.0003       |
|    loss                 | 4.94         |
|    n_updates            | 3760         |
|    policy_gradient_loss | -0.000935    |
|    value_loss           | 13.1         |
------------------------------------------
FruitCounts | {'Fruit': 0, 'DecayFruit': 1, 'EnemyFruit': 4} |
-----------------------------------------
| rollout/                |             |
|    ep_len_mean          | 1.34e+03    |
|    ep_rew_mean          | 64.3        |
| time/                   |             |
|    fps                  | 179         |
|    iterations           | 378         |
|    time_elapsed         | 4320        |
|    total_timesteps      | 774144      |
| train/                  |             |
|    approx_kl            | 0.008240487 |
|    clip_fraction        | 0.0565      |
|    clip_range           | 0.2         |
|    entropy_loss         | -0.144      |
|    explained_variance   | 0.025       |
|    learning_rate        | 0.0003      |
|    loss                 | 1.56        |
|    n_updates            | 3770        |
|    policy_gradient_loss | -0.00201    |
|    value_loss           | 9.96        |
-----------------------------------------
FruitCounts | {'Fruit': 0, 'DecayFruit': 0, 'EnemyFruit': 1} |
-----------------------------------------
| rollout/                |             |
|    ep_len_mean          | 1.29e+03    |
|    ep_rew_mean          | 61.3        |
| time/                   |             |
|    fps                  | 179         |
|    iterations           | 379         |
|    time_elapsed         | 4331        |
|    total_timesteps      | 776192      |
| train/                  |             |
|    approx_kl            | 0.006352417 |
|    clip_fraction        | 0.0473      |
|    clip_range           | 0.2         |
|    entropy_loss         | -0.152      |
|    explained_variance   | -0.00256    |
|    learning_rate        | 0.0003      |
|    loss                 | 4.5         |
|    n_updates            | 3780        |
|    policy_gradient_loss | -0.00145    |
|    value_loss           | 11.1        |
-----------------------------------------
FruitCounts | {'Fruit': 1, 'DecayFruit': 4, 'EnemyFruit': 4} |
------------------------------------------
| rollout/                |              |
|    ep_len_mean          | 1.28e+03     |
|    ep_rew_mean          | 60.3         |
| time/                   |              |
|    fps                  | 179          |
|    iterations           | 380          |
|    time_elapsed         | 4341         |
|    total_timesteps      | 778240       |
| train/                  |              |
|    approx_kl            | 0.0037005742 |
|    clip_fraction        | 0.0377       |
|    clip_range           | 0.2          |
|    entropy_loss         | -0.153       |
|    explained_variance   | 0.044        |
|    learning_rate        | 0.0003       |
|    loss                 | 1.64         |
|    n_updates            | 3790         |
|    policy_gradient_loss | -0.00201     |
|    value_loss           | 12.4         |
------------------------------------------
FruitCounts | {'Fruit': 0, 'DecayFruit': 10, 'EnemyFruit': 19} |
------------------------------------------
| rollout/                |              |
|    ep_len_mean          | 1.28e+03     |
|    ep_rew_mean          | 59.4         |
| time/                   |              |
|    fps                  | 179          |
|    iterations           | 381          |
|    time_elapsed         | 4351         |
|    total_timesteps      | 780288       |
| train/                  |              |
|    approx_kl            | 0.0099642025 |
|    clip_fraction        | 0.0544       |
|    clip_range           | 0.2          |
|    entropy_loss         | -0.158       |
|    explained_variance   | 0.286        |
|    learning_rate        | 0.0003       |
|    loss                 | 1.64         |
|    n_updates            | 3800         |
|    policy_gradient_loss | -0.00528     |
|    value_loss           | 7.44         |
------------------------------------------
FruitCounts | {'Fruit': 0, 'DecayFruit': 2, 'EnemyFruit': 2} |
------------------------------------------
| rollout/                |              |
|    ep_len_mean          | 1.3e+03      |
|    ep_rew_mean          | 60.2         |
| time/                   |              |
|    fps                  | 179          |
|    iterations           | 382          |
|    time_elapsed         | 4364         |
|    total_timesteps      | 782336       |
| train/                  |              |
|    approx_kl            | 0.0047430303 |
|    clip_fraction        | 0.0551       |
|    clip_range           | 0.2          |
|    entropy_loss         | -0.183       |
|    explained_variance   | 0.191        |
|    learning_rate        | 0.0003       |
|    loss                 | 3.5          |
|    n_updates            | 3810         |
|    policy_gradient_loss | 0.000409     |
|    value_loss           | 7.11         |
------------------------------------------
FruitCounts | {'Fruit': 4, 'DecayFruit': 4, 'EnemyFruit': 10} |
-----------------------------------------
| rollout/                |             |
|    ep_len_mean          | 1.3e+03     |
|    ep_rew_mean          | 60          |
| time/                   |             |
|    fps                  | 179         |
|    iterations           | 383         |
|    time_elapsed         | 4375        |
|    total_timesteps      | 784384      |
| train/                  |             |
|    approx_kl            | 0.007980273 |
|    clip_fraction        | 0.0563      |
|    clip_range           | 0.2         |
|    entropy_loss         | -0.179      |
|    explained_variance   | 0.18        |
|    learning_rate        | 0.0003      |
|    loss                 | 1.14        |
|    n_updates            | 3820        |
|    policy_gradient_loss | -0.0018     |
|    value_loss           | 4.64        |
-----------------------------------------
FruitCounts | {'Fruit': 0, 'DecayFruit': 1, 'EnemyFruit': 0} |
-----------------------------------------
| rollout/                |             |
|    ep_len_mean          | 1.32e+03    |
|    ep_rew_mean          | 61.9        |
| time/                   |             |
|    fps                  | 179         |
|    iterations           | 384         |
|    time_elapsed         | 4386        |
|    total_timesteps      | 786432      |
| train/                  |             |
|    approx_kl            | 0.005431455 |
|    clip_fraction        | 0.0426      |
|    clip_range           | 0.2         |
|    entropy_loss         | -0.155      |
|    explained_variance   | 0.0283      |
|    learning_rate        | 0.0003      |
|    loss                 | 3.19        |
|    n_updates            | 3830        |
|    policy_gradient_loss | 4.27e-05    |
|    value_loss           | 11.5        |
-----------------------------------------
FruitCounts | {'Fruit': 1, 'DecayFruit': 2, 'EnemyFruit': 1} |
------------------------------------------
| rollout/                |              |
|    ep_len_mean          | 1.27e+03     |
|    ep_rew_mean          | 59.3         |
| time/                   |              |
|    fps                  | 179          |
|    iterations           | 385          |
|    time_elapsed         | 4397         |
|    total_timesteps      | 788480       |
| train/                  |              |
|    approx_kl            | 0.0048857485 |
|    clip_fraction        | 0.0399       |
|    clip_range           | 0.2          |
|    entropy_loss         | -0.16        |
|    explained_variance   | 0.111        |
|    learning_rate        | 0.0003       |
|    loss                 | 16.2         |
|    n_updates            | 3840         |
|    policy_gradient_loss | -0.0017      |
|    value_loss           | 16           |
------------------------------------------
FruitCounts | {'Fruit': 0, 'DecayFruit': 0, 'EnemyFruit': 0} |
------------------------------------------
| rollout/                |              |
|    ep_len_mean          | 1.18e+03     |
|    ep_rew_mean          | 56.8         |
| time/                   |              |
|    fps                  | 179          |
|    iterations           | 386          |
|    time_elapsed         | 4408         |
|    total_timesteps      | 790528       |
| train/                  |              |
|    approx_kl            | 0.0042528566 |
|    clip_fraction        | 0.0402       |
|    clip_range           | 0.2          |
|    entropy_loss         | -0.159       |
|    explained_variance   | 0.265        |
|    learning_rate        | 0.0003       |
|    loss                 | 2.71         |
|    n_updates            | 3850         |
|    policy_gradient_loss | -0.00342     |
|    value_loss           | 14.1         |
------------------------------------------
FruitCounts | {'Fruit': 1, 'DecayFruit': 2, 'EnemyFruit': 3} |
------------------------------------------
| rollout/                |              |
|    ep_len_mean          | 1.13e+03     |
|    ep_rew_mean          | 55.1         |
| time/                   |              |
|    fps                  | 179          |
|    iterations           | 387          |
|    time_elapsed         | 4419         |
|    total_timesteps      | 792576       |
| train/                  |              |
|    approx_kl            | 0.0061666006 |
|    clip_fraction        | 0.0423       |
|    clip_range           | 0.2          |
|    entropy_loss         | -0.161       |
|    explained_variance   | 0.205        |
|    learning_rate        | 0.0003       |
|    loss                 | 3.65         |
|    n_updates            | 3860         |
|    policy_gradient_loss | -0.00347     |
|    value_loss           | 18.2         |
------------------------------------------
FruitCounts | {'Fruit': 2, 'DecayFruit': 1, 'EnemyFruit': 0} |
------------------------------------------
| rollout/                |              |
|    ep_len_mean          | 1.11e+03     |
|    ep_rew_mean          | 54.4         |
| time/                   |              |
|    fps                  | 179          |
|    iterations           | 388          |
|    time_elapsed         | 4429         |
|    total_timesteps      | 794624       |
| train/                  |              |
|    approx_kl            | 0.0077350093 |
|    clip_fraction        | 0.0406       |
|    clip_range           | 0.2          |
|    entropy_loss         | -0.153       |
|    explained_variance   | 0.303        |
|    learning_rate        | 0.0003       |
|    loss                 | 3.54         |
|    n_updates            | 3870         |
|    policy_gradient_loss | -0.0013      |
|    value_loss           | 13.9         |
------------------------------------------
FruitCounts | {'Fruit': 1, 'DecayFruit': 6, 'EnemyFruit': 10} |
-----------------------------------------
| rollout/                |             |
|    ep_len_mean          | 1.1e+03     |
|    ep_rew_mean          | 54.1        |
| time/                   |             |
|    fps                  | 179         |
|    iterations           | 389         |
|    time_elapsed         | 4439        |
|    total_timesteps      | 796672      |
| train/                  |             |
|    approx_kl            | 0.003620374 |
|    clip_fraction        | 0.0508      |
|    clip_range           | 0.2         |
|    entropy_loss         | -0.162      |
|    explained_variance   | 0.133       |
|    learning_rate        | 0.0003      |
|    loss                 | 1.76        |
|    n_updates            | 3880        |
|    policy_gradient_loss | -0.002      |
|    value_loss           | 9.54        |
-----------------------------------------
FruitCounts | {'Fruit': 0, 'DecayFruit': 1, 'EnemyFruit': 3} |
-----------------------------------------
| rollout/                |             |
|    ep_len_mean          | 1.07e+03    |
|    ep_rew_mean          | 52.3        |
| time/                   |             |
|    fps                  | 179         |
|    iterations           | 390         |
|    time_elapsed         | 4451        |
|    total_timesteps      | 798720      |
| train/                  |             |
|    approx_kl            | 0.006353695 |
|    clip_fraction        | 0.0466      |
|    clip_range           | 0.2         |
|    entropy_loss         | -0.14       |
|    explained_variance   | 0.0821      |
|    learning_rate        | 0.0003      |
|    loss                 | 9.32        |
|    n_updates            | 3890        |
|    policy_gradient_loss | -0.00107    |
|    value_loss           | 15.8        |
-----------------------------------------
FruitCounts | {'Fruit': 2, 'DecayFruit': 7, 'EnemyFruit': 4} |
-----------------------------------------
| rollout/                |             |
|    ep_len_mean          | 1.03e+03    |
|    ep_rew_mean          | 50.8        |
| time/                   |             |
|    fps                  | 179         |
|    iterations           | 391         |
|    time_elapsed         | 4461        |
|    total_timesteps      | 800768      |
| train/                  |             |
|    approx_kl            | 0.011007078 |
|    clip_fraction        | 0.0663      |
|    clip_range           | 0.2         |
|    entropy_loss         | -0.167      |
|    explained_variance   | -0.0397     |
|    learning_rate        | 0.0003      |
|    loss                 | 1.62        |
|    n_updates            | 3900        |
|    policy_gradient_loss | -0.000183   |
|    value_loss           | 11          |
-----------------------------------------
FruitCounts | {'Fruit': 0, 'DecayFruit': 3, 'EnemyFruit': 2} |
-----------------------------------------
| rollout/                |             |
|    ep_len_mean          | 1.03e+03    |
|    ep_rew_mean          | 51.4        |
| time/                   |             |
|    fps                  | 179         |
|    iterations           | 392         |
|    time_elapsed         | 4472        |
|    total_timesteps      | 802816      |
| train/                  |             |
|    approx_kl            | 0.005416631 |
|    clip_fraction        | 0.0438      |
|    clip_range           | 0.2         |
|    entropy_loss         | -0.157      |
|    explained_variance   | 0.162       |
|    learning_rate        | 0.0003      |
|    loss                 | 3.1         |
|    n_updates            | 3910        |
|    policy_gradient_loss | -0.00418    |
|    value_loss           | 16.9        |
-----------------------------------------
FruitCounts | {'Fruit': 1, 'DecayFruit': 2, 'EnemyFruit': 1} |
-----------------------------------------
| rollout/                |             |
|    ep_len_mean          | 1.04e+03    |
|    ep_rew_mean          | 52.8        |
| time/                   |             |
|    fps                  | 179         |
|    iterations           | 393         |
|    time_elapsed         | 4483        |
|    total_timesteps      | 804864      |
| train/                  |             |
|    approx_kl            | 0.004226307 |
|    clip_fraction        | 0.0374      |
|    clip_range           | 0.2         |
|    entropy_loss         | -0.137      |
|    explained_variance   | 0.153       |
|    learning_rate        | 0.0003      |
|    loss                 | 6.62        |
|    n_updates            | 3920        |
|    policy_gradient_loss | 4.43e-05    |
|    value_loss           | 17.2        |
-----------------------------------------
FruitCounts | {'Fruit': 0, 'DecayFruit': 1, 'EnemyFruit': 2} |
------------------------------------------
| rollout/                |              |
|    ep_len_mean          | 1.03e+03     |
|    ep_rew_mean          | 53.1         |
| time/                   |              |
|    fps                  | 179          |
|    iterations           | 394          |
|    time_elapsed         | 4493         |
|    total_timesteps      | 806912       |
| train/                  |              |
|    approx_kl            | 0.0044919723 |
|    clip_fraction        | 0.0387       |
|    clip_range           | 0.2          |
|    entropy_loss         | -0.146       |
|    explained_variance   | 0.0119       |
|    learning_rate        | 0.0003       |
|    loss                 | 6.5          |
|    n_updates            | 3930         |
|    policy_gradient_loss | -0.000709    |
|    value_loss           | 14.1         |
------------------------------------------
FruitCounts | {'Fruit': 0, 'DecayFruit': 6, 'EnemyFruit': 6} |
------------------------------------------
| rollout/                |              |
|    ep_len_mean          | 1.03e+03     |
|    ep_rew_mean          | 53.5         |
| time/                   |              |
|    fps                  | 179          |
|    iterations           | 395          |
|    time_elapsed         | 4504         |
|    total_timesteps      | 808960       |
| train/                  |              |
|    approx_kl            | 0.0053838915 |
|    clip_fraction        | 0.0415       |
|    clip_range           | 0.2          |
|    entropy_loss         | -0.147       |
|    explained_variance   | -0.0535      |
|    learning_rate        | 0.0003       |
|    loss                 | 7.01         |
|    n_updates            | 3940         |
|    policy_gradient_loss | 0.000443     |
|    value_loss           | 13.4         |
------------------------------------------
FruitCounts | {'Fruit': 1, 'DecayFruit': 0, 'EnemyFruit': 2} |
------------------------------------------
| rollout/                |              |
|    ep_len_mean          | 1.03e+03     |
|    ep_rew_mean          | 53           |
| time/                   |              |
|    fps                  | 179          |
|    iterations           | 396          |
|    time_elapsed         | 4514         |
|    total_timesteps      | 811008       |
| train/                  |              |
|    approx_kl            | 0.0045266654 |
|    clip_fraction        | 0.0454       |
|    clip_range           | 0.2          |
|    entropy_loss         | -0.151       |
|    explained_variance   | 0.0566       |
|    learning_rate        | 0.0003       |
|    loss                 | 7.98         |
|    n_updates            | 3950         |
|    policy_gradient_loss | -0.000361    |
|    value_loss           | 18.5         |
------------------------------------------
FruitCounts | {'Fruit': 0, 'DecayFruit': 10, 'EnemyFruit': 6} |
-----------------------------------------
| rollout/                |             |
|    ep_len_mean          | 1.01e+03    |
|    ep_rew_mean          | 53          |
| time/                   |             |
|    fps                  | 179         |
|    iterations           | 397         |
|    time_elapsed         | 4524        |
|    total_timesteps      | 813056      |
| train/                  |             |
|    approx_kl            | 0.012841336 |
|    clip_fraction        | 0.0553      |
|    clip_range           | 0.2         |
|    entropy_loss         | -0.172      |
|    explained_variance   | 0.00441     |
|    learning_rate        | 0.0003      |
|    loss                 | 2.16        |
|    n_updates            | 3960        |
|    policy_gradient_loss | -0.00157    |
|    value_loss           | 5.06        |
-----------------------------------------
FruitCounts | {'Fruit': 3, 'DecayFruit': 7, 'EnemyFruit': 17} |
-----------------------------------------
| rollout/                |             |
|    ep_len_mean          | 1.02e+03    |
|    ep_rew_mean          | 53.9        |
| time/                   |             |
|    fps                  | 179         |
|    iterations           | 398         |
|    time_elapsed         | 4534        |
|    total_timesteps      | 815104      |
| train/                  |             |
|    approx_kl            | 0.007240229 |
|    clip_fraction        | 0.0496      |
|    clip_range           | 0.2         |
|    entropy_loss         | -0.152      |
|    explained_variance   | 0.154       |
|    learning_rate        | 0.0003      |
|    loss                 | 6.88        |
|    n_updates            | 3970        |
|    policy_gradient_loss | -0.00389    |
|    value_loss           | 19.5        |
-----------------------------------------
FruitCounts | {'Fruit': 1, 'DecayFruit': 1, 'EnemyFruit': 0} |
-----------------------------------------
| rollout/                |             |
|    ep_len_mean          | 1.05e+03    |
|    ep_rew_mean          | 55          |
| time/                   |             |
|    fps                  | 179         |
|    iterations           | 399         |
|    time_elapsed         | 4546        |
|    total_timesteps      | 817152      |
| train/                  |             |
|    approx_kl            | 0.009357345 |
|    clip_fraction        | 0.0625      |
|    clip_range           | 0.2         |
|    entropy_loss         | -0.17       |
|    explained_variance   | 0.424       |
|    learning_rate        | 0.0003      |
|    loss                 | 1.78        |
|    n_updates            | 3980        |
|    policy_gradient_loss | -0.00163    |
|    value_loss           | 6.98        |
-----------------------------------------
FruitCounts | {'Fruit': 0, 'DecayFruit': 6, 'EnemyFruit': 7} |
-----------------------------------------
| rollout/                |             |
|    ep_len_mean          | 1.05e+03    |
|    ep_rew_mean          | 55          |
| time/                   |             |
|    fps                  | 179         |
|    iterations           | 400         |
|    time_elapsed         | 4556        |
|    total_timesteps      | 819200      |
| train/                  |             |
|    approx_kl            | 0.017945893 |
|    clip_fraction        | 0.0753      |
|    clip_range           | 0.2         |
|    entropy_loss         | -0.164      |
|    explained_variance   | 0.193       |
|    learning_rate        | 0.0003      |
|    loss                 | 0.956       |
|    n_updates            | 3990        |
|    policy_gradient_loss | -0.00356    |
|    value_loss           | 5.39        |
-----------------------------------------
FruitCounts | {'Fruit': 0, 'DecayFruit': 12, 'EnemyFruit': 26} |
------------------------------------------
| rollout/                |              |
|    ep_len_mean          | 1.05e+03     |
|    ep_rew_mean          | 55           |
| time/                   |              |
|    fps                  | 179          |
|    iterations           | 401          |
|    time_elapsed         | 4564         |
|    total_timesteps      | 821248       |
| train/                  |              |
|    approx_kl            | 0.0066658584 |
|    clip_fraction        | 0.0526       |
|    clip_range           | 0.2          |
|    entropy_loss         | -0.158       |
|    explained_variance   | 0.0553       |
|    learning_rate        | 0.0003       |
|    loss                 | 1.51         |
|    n_updates            | 4000         |
|    policy_gradient_loss | -0.00156     |
|    value_loss           | 5.65         |
------------------------------------------
FruitCounts | {'Fruit': 3, 'DecayFruit': 5, 'EnemyFruit': 9} |
------------------------------------------
| rollout/                |              |
|    ep_len_mean          | 1.03e+03     |
|    ep_rew_mean          | 53.4         |
| time/                   |              |
|    fps                  | 179          |
|    iterations           | 402          |
|    time_elapsed         | 4577         |
|    total_timesteps      | 823296       |
| train/                  |              |
|    approx_kl            | 0.0062766382 |
|    clip_fraction        | 0.0432       |
|    clip_range           | 0.2          |
|    entropy_loss         | -0.141       |
|    explained_variance   | -0.112       |
|    learning_rate        | 0.0003       |
|    loss                 | 1.76         |
|    n_updates            | 4010         |
|    policy_gradient_loss | 0.000532     |
|    value_loss           | 8.18         |
------------------------------------------
FruitCounts | {'Fruit': 0, 'DecayFruit': 1, 'EnemyFruit': 0} |
-----------------------------------------
| rollout/                |             |
|    ep_len_mean          | 1.05e+03    |
|    ep_rew_mean          | 56.1        |
| time/                   |             |
|    fps                  | 179         |
|    iterations           | 403         |
|    time_elapsed         | 4588        |
|    total_timesteps      | 825344      |
| train/                  |             |
|    approx_kl            | 0.007796449 |
|    clip_fraction        | 0.0446      |
|    clip_range           | 0.2         |
|    entropy_loss         | -0.169      |
|    explained_variance   | 0.279       |
|    learning_rate        | 0.0003      |
|    loss                 | 8.83        |
|    n_updates            | 4020        |
|    policy_gradient_loss | -0.00183    |
|    value_loss           | 13.3        |
-----------------------------------------
FruitCounts | {'Fruit': 2, 'DecayFruit': 4, 'EnemyFruit': 15} |
------------------------------------------
| rollout/                |              |
|    ep_len_mean          | 1.04e+03     |
|    ep_rew_mean          | 55.2         |
| time/                   |              |
|    fps                  | 179          |
|    iterations           | 404          |
|    time_elapsed         | 4598         |
|    total_timesteps      | 827392       |
| train/                  |              |
|    approx_kl            | 0.0035906113 |
|    clip_fraction        | 0.0348       |
|    clip_range           | 0.2          |
|    entropy_loss         | -0.161       |
|    explained_variance   | 0.171        |
|    learning_rate        | 0.0003       |
|    loss                 | 6.42         |
|    n_updates            | 4030         |
|    policy_gradient_loss | -0.00174     |
|    value_loss           | 16           |
------------------------------------------
FruitCounts | {'Fruit': 0, 'DecayFruit': 2, 'EnemyFruit': 5} |
-----------------------------------------
| rollout/                |             |
|    ep_len_mean          | 1.06e+03    |
|    ep_rew_mean          | 55.7        |
| time/                   |             |
|    fps                  | 179         |
|    iterations           | 405         |
|    time_elapsed         | 4610        |
|    total_timesteps      | 829440      |
| train/                  |             |
|    approx_kl            | 0.011032112 |
|    clip_fraction        | 0.0478      |
|    clip_range           | 0.2         |
|    entropy_loss         | -0.155      |
|    explained_variance   | 0.0928      |
|    learning_rate        | 0.0003      |
|    loss                 | 2.43        |
|    n_updates            | 4040        |
|    policy_gradient_loss | 0.000371    |
|    value_loss           | 7.65        |
-----------------------------------------
FruitCounts | {'Fruit': 0, 'DecayFruit': 3, 'EnemyFruit': 2} |
-----------------------------------------
| rollout/                |             |
|    ep_len_mean          | 1.06e+03    |
|    ep_rew_mean          | 55.4        |
| time/                   |             |
|    fps                  | 179         |
|    iterations           | 406         |
|    time_elapsed         | 4620        |
|    total_timesteps      | 831488      |
| train/                  |             |
|    approx_kl            | 0.007279515 |
|    clip_fraction        | 0.0511      |
|    clip_range           | 0.2         |
|    entropy_loss         | -0.155      |
|    explained_variance   | 0.0454      |
|    learning_rate        | 0.0003      |
|    loss                 | 0.803       |
|    n_updates            | 4050        |
|    policy_gradient_loss | -0.00262    |
|    value_loss           | 6.31        |
-----------------------------------------
FruitCounts | {'Fruit': 1, 'DecayFruit': 5, 'EnemyFruit': 6} |
-----------------------------------------
| rollout/                |             |
|    ep_len_mean          | 1.06e+03    |
|    ep_rew_mean          | 55.1        |
| time/                   |             |
|    fps                  | 179         |
|    iterations           | 407         |
|    time_elapsed         | 4631        |
|    total_timesteps      | 833536      |
| train/                  |             |
|    approx_kl            | 0.012603076 |
|    clip_fraction        | 0.0818      |
|    clip_range           | 0.2         |
|    entropy_loss         | -0.175      |
|    explained_variance   | 0.144       |
|    learning_rate        | 0.0003      |
|    loss                 | 6.21        |
|    n_updates            | 4060        |
|    policy_gradient_loss | -0.00103    |
|    value_loss           | 7.29        |
-----------------------------------------
FruitCounts | {'Fruit': 0, 'DecayFruit': 1, 'EnemyFruit': 0} |
-----------------------------------------
| rollout/                |             |
|    ep_len_mean          | 1.07e+03    |
|    ep_rew_mean          | 56.2        |
| time/                   |             |
|    fps                  | 179         |
|    iterations           | 408         |
|    time_elapsed         | 4643        |
|    total_timesteps      | 835584      |
| train/                  |             |
|    approx_kl            | 0.007359761 |
|    clip_fraction        | 0.0593      |
|    clip_range           | 0.2         |
|    entropy_loss         | -0.179      |
|    explained_variance   | -0.186      |
|    learning_rate        | 0.0003      |
|    loss                 | 5.91        |
|    n_updates            | 4070        |
|    policy_gradient_loss | 0.000839    |
|    value_loss           | 9.27        |
-----------------------------------------
FruitCounts | {'Fruit': 0, 'DecayFruit': 2, 'EnemyFruit': 0} |
----------------------------------------
| rollout/                |            |
|    ep_len_mean          | 1.08e+03   |
|    ep_rew_mean          | 56.8       |
| time/                   |            |
|    fps                  | 179        |
|    iterations           | 409        |
|    time_elapsed         | 4653       |
|    total_timesteps      | 837632     |
| train/                  |            |
|    approx_kl            | 0.00960944 |
|    clip_fraction        | 0.0734     |
|    clip_range           | 0.2        |
|    entropy_loss         | -0.181     |
|    explained_variance   | 0.0747     |
|    learning_rate        | 0.0003     |
|    loss                 | 1.34       |
|    n_updates            | 4080       |
|    policy_gradient_loss | 0.000234   |
|    value_loss           | 9.61       |
----------------------------------------
FruitCounts | {'Fruit': 1, 'DecayFruit': 1, 'EnemyFruit': 0} |
------------------------------------------
| rollout/                |              |
|    ep_len_mean          | 1.08e+03     |
|    ep_rew_mean          | 58.5         |
| time/                   |              |
|    fps                  | 180          |
|    iterations           | 410          |
|    time_elapsed         | 4664         |
|    total_timesteps      | 839680       |
| train/                  |              |
|    approx_kl            | 0.0056481296 |
|    clip_fraction        | 0.0415       |
|    clip_range           | 0.2          |
|    entropy_loss         | -0.172       |
|    explained_variance   | 0.00998      |
|    learning_rate        | 0.0003       |
|    loss                 | 20.7         |
|    n_updates            | 4090         |
|    policy_gradient_loss | -0.000668    |
|    value_loss           | 15.1         |
------------------------------------------
FruitCounts | {'Fruit': 0, 'DecayFruit': 1, 'EnemyFruit': 0} |
------------------------------------------
| rollout/                |              |
|    ep_len_mean          | 1.06e+03     |
|    ep_rew_mean          | 56           |
| time/                   |              |
|    fps                  | 180          |
|    iterations           | 411          |
|    time_elapsed         | 4675         |
|    total_timesteps      | 841728       |
| train/                  |              |
|    approx_kl            | 0.0065854276 |
|    clip_fraction        | 0.0376       |
|    clip_range           | 0.2          |
|    entropy_loss         | -0.156       |
|    explained_variance   | 0.0456       |
|    learning_rate        | 0.0003       |
|    loss                 | 4.78         |
|    n_updates            | 4100         |
|    policy_gradient_loss | -0.00165     |
|    value_loss           | 20.8         |
------------------------------------------
FruitCounts | {'Fruit': 0, 'DecayFruit': 0, 'EnemyFruit': 1} |
-----------------------------------------
| rollout/                |             |
|    ep_len_mean          | 1.06e+03    |
|    ep_rew_mean          | 56.3        |
| time/                   |             |
|    fps                  | 180         |
|    iterations           | 412         |
|    time_elapsed         | 4687        |
|    total_timesteps      | 843776      |
| train/                  |             |
|    approx_kl            | 0.007988186 |
|    clip_fraction        | 0.0515      |
|    clip_range           | 0.2         |
|    entropy_loss         | -0.187      |
|    explained_variance   | 0.0585      |
|    learning_rate        | 0.0003      |
|    loss                 | 12.4        |
|    n_updates            | 4110        |
|    policy_gradient_loss | -0.00106    |
|    value_loss           | 22.8        |
-----------------------------------------
FruitCounts | {'Fruit': 2, 'DecayFruit': 1, 'EnemyFruit': 0} |
----------------------------------------
| rollout/                |            |
|    ep_len_mean          | 1.05e+03   |
|    ep_rew_mean          | 56.4       |
| time/                   |            |
|    fps                  | 180        |
|    iterations           | 413        |
|    time_elapsed         | 4697       |
|    total_timesteps      | 845824     |
| train/                  |            |
|    approx_kl            | 0.01139583 |
|    clip_fraction        | 0.0554     |
|    clip_range           | 0.2        |
|    entropy_loss         | -0.17      |
|    explained_variance   | 0.139      |
|    learning_rate        | 0.0003     |
|    loss                 | 5.02       |
|    n_updates            | 4120       |
|    policy_gradient_loss | -0.0016    |
|    value_loss           | 16.9       |
----------------------------------------
FruitCounts | {'Fruit': 2, 'DecayFruit': 1, 'EnemyFruit': 4} |
----------------------------------------
| rollout/                |            |
|    ep_len_mean          | 1.05e+03   |
|    ep_rew_mean          | 55.6       |
| time/                   |            |
|    fps                  | 180        |
|    iterations           | 414        |
|    time_elapsed         | 4707       |
|    total_timesteps      | 847872     |
| train/                  |            |
|    approx_kl            | 0.01333425 |
|    clip_fraction        | 0.0814     |
|    clip_range           | 0.2        |
|    entropy_loss         | -0.174     |
|    explained_variance   | 0.0101     |
|    learning_rate        | 0.0003     |
|    loss                 | 2.69       |
|    n_updates            | 4130       |
|    policy_gradient_loss | -0.00479   |
|    value_loss           | 9.12       |
----------------------------------------
FruitCounts | {'Fruit': 5, 'DecayFruit': 10, 'EnemyFruit': 13} |
-----------------------------------------
| rollout/                |             |
|    ep_len_mean          | 1.05e+03    |
|    ep_rew_mean          | 55.6        |
| time/                   |             |
|    fps                  | 180         |
|    iterations           | 415         |
|    time_elapsed         | 4717        |
|    total_timesteps      | 849920      |
| train/                  |             |
|    approx_kl            | 0.011435011 |
|    clip_fraction        | 0.0765      |
|    clip_range           | 0.2         |
|    entropy_loss         | -0.187      |
|    explained_variance   | -0.244      |
|    learning_rate        | 0.0003      |
|    loss                 | 3.21        |
|    n_updates            | 4140        |
|    policy_gradient_loss | -0.00127    |
|    value_loss           | 9.27        |
-----------------------------------------
FruitCounts | {'Fruit': 2, 'DecayFruit': 1, 'EnemyFruit': 2} |
------------------------------------------
| rollout/                |              |
|    ep_len_mean          | 1.08e+03     |
|    ep_rew_mean          | 56.2         |
| time/                   |              |
|    fps                  | 180          |
|    iterations           | 416          |
|    time_elapsed         | 4730         |
|    total_timesteps      | 851968       |
| train/                  |              |
|    approx_kl            | 0.0066951215 |
|    clip_fraction        | 0.0565       |
|    clip_range           | 0.2          |
|    entropy_loss         | -0.166       |
|    explained_variance   | -0.012       |
|    learning_rate        | 0.0003       |
|    loss                 | 1.22         |
|    n_updates            | 4150         |
|    policy_gradient_loss | -0.000662    |
|    value_loss           | 5.11         |
------------------------------------------
FruitCounts | {'Fruit': 1, 'DecayFruit': 8, 'EnemyFruit': 14} |
------------------------------------------
| rollout/                |              |
|    ep_len_mean          | 1.09e+03     |
|    ep_rew_mean          | 57.1         |
| time/                   |              |
|    fps                  | 180          |
|    iterations           | 417          |
|    time_elapsed         | 4740         |
|    total_timesteps      | 854016       |
| train/                  |              |
|    approx_kl            | 0.0051570805 |
|    clip_fraction        | 0.0399       |
|    clip_range           | 0.2          |
|    entropy_loss         | -0.156       |
|    explained_variance   | 0.119        |
|    learning_rate        | 0.0003       |
|    loss                 | 2.19         |
|    n_updates            | 4160         |
|    policy_gradient_loss | -0.00129     |
|    value_loss           | 11.9         |
------------------------------------------
FruitCounts | {'Fruit': 0, 'DecayFruit': 4, 'EnemyFruit': 6} |
------------------------------------------
| rollout/                |              |
|    ep_len_mean          | 1.09e+03     |
|    ep_rew_mean          | 57           |
| time/                   |              |
|    fps                  | 180          |
|    iterations           | 418          |
|    time_elapsed         | 4751         |
|    total_timesteps      | 856064       |
| train/                  |              |
|    approx_kl            | 0.0071394313 |
|    clip_fraction        | 0.0457       |
|    clip_range           | 0.2          |
|    entropy_loss         | -0.16        |
|    explained_variance   | -0.201       |
|    learning_rate        | 0.0003       |
|    loss                 | 3.58         |
|    n_updates            | 4170         |
|    policy_gradient_loss | -0.00116     |
|    value_loss           | 11.4         |
------------------------------------------
FruitCounts | {'Fruit': 0, 'DecayFruit': 1, 'EnemyFruit': 2} |
-----------------------------------------
| rollout/                |             |
|    ep_len_mean          | 1.04e+03    |
|    ep_rew_mean          | 54.8        |
| time/                   |             |
|    fps                  | 180         |
|    iterations           | 419         |
|    time_elapsed         | 4761        |
|    total_timesteps      | 858112      |
| train/                  |             |
|    approx_kl            | 0.005751568 |
|    clip_fraction        | 0.0553      |
|    clip_range           | 0.2         |
|    entropy_loss         | -0.164      |
|    explained_variance   | 0.0999      |
|    learning_rate        | 0.0003      |
|    loss                 | 11.5        |
|    n_updates            | 4180        |
|    policy_gradient_loss | -0.00381    |
|    value_loss           | 20.9        |
-----------------------------------------
FruitCounts | {'Fruit': 0, 'DecayFruit': 5, 'EnemyFruit': 9} |
-----------------------------------------
| rollout/                |             |
|    ep_len_mean          | 991         |
|    ep_rew_mean          | 52.4        |
| time/                   |             |
|    fps                  | 180         |
|    iterations           | 420         |
|    time_elapsed         | 4771        |
|    total_timesteps      | 860160      |
| train/                  |             |
|    approx_kl            | 0.007898795 |
|    clip_fraction        | 0.0582      |
|    clip_range           | 0.2         |
|    entropy_loss         | -0.177      |
|    explained_variance   | -0.0295     |
|    learning_rate        | 0.0003      |
|    loss                 | 4.39        |
|    n_updates            | 4190        |
|    policy_gradient_loss | -0.00174    |
|    value_loss           | 6.15        |
-----------------------------------------
FruitCounts | {'Fruit': 1, 'DecayFruit': 7, 'EnemyFruit': 13} |
------------------------------------------
| rollout/                |              |
|    ep_len_mean          | 1.01e+03     |
|    ep_rew_mean          | 53.8         |
| time/                   |              |
|    fps                  | 180          |
|    iterations           | 421          |
|    time_elapsed         | 4782         |
|    total_timesteps      | 862208       |
| train/                  |              |
|    approx_kl            | 0.0046725445 |
|    clip_fraction        | 0.0423       |
|    clip_range           | 0.2          |
|    entropy_loss         | -0.156       |
|    explained_variance   | 0.00286      |
|    learning_rate        | 0.0003       |
|    loss                 | 14.2         |
|    n_updates            | 4200         |
|    policy_gradient_loss | -0.00142     |
|    value_loss           | 18.8         |
------------------------------------------
FruitCounts | {'Fruit': 0, 'DecayFruit': 2, 'EnemyFruit': 4} |
------------------------------------------
| rollout/                |              |
|    ep_len_mean          | 1.03e+03     |
|    ep_rew_mean          | 55           |
| time/                   |              |
|    fps                  | 180          |
|    iterations           | 422          |
|    time_elapsed         | 4793         |
|    total_timesteps      | 864256       |
| train/                  |              |
|    approx_kl            | 0.0042471886 |
|    clip_fraction        | 0.036        |
|    clip_range           | 0.2          |
|    entropy_loss         | -0.158       |
|    explained_variance   | 0.0819       |
|    learning_rate        | 0.0003       |
|    loss                 | 5.49         |
|    n_updates            | 4210         |
|    policy_gradient_loss | -0.00199     |
|    value_loss           | 15.4         |
------------------------------------------
FruitCounts | {'Fruit': 0, 'DecayFruit': 0, 'EnemyFruit': 0} |
-----------------------------------------
| rollout/                |             |
|    ep_len_mean          | 1e+03       |
|    ep_rew_mean          | 54.4        |
| time/                   |             |
|    fps                  | 180         |
|    iterations           | 423         |
|    time_elapsed         | 4804        |
|    total_timesteps      | 866304      |
| train/                  |             |
|    approx_kl            | 0.006614115 |
|    clip_fraction        | 0.0462      |
|    clip_range           | 0.2         |
|    entropy_loss         | -0.152      |
|    explained_variance   | 0.129       |
|    learning_rate        | 0.0003      |
|    loss                 | 2.2         |
|    n_updates            | 4220        |
|    policy_gradient_loss | 0.000162    |
|    value_loss           | 12.3        |
-----------------------------------------
FruitCounts | {'Fruit': 0, 'DecayFruit': 6, 'EnemyFruit': 9} |
-----------------------------------------
| rollout/                |             |
|    ep_len_mean          | 1e+03       |
|    ep_rew_mean          | 54.5        |
| time/                   |             |
|    fps                  | 180         |
|    iterations           | 424         |
|    time_elapsed         | 4814        |
|    total_timesteps      | 868352      |
| train/                  |             |
|    approx_kl            | 0.007970235 |
|    clip_fraction        | 0.0541      |
|    clip_range           | 0.2         |
|    entropy_loss         | -0.143      |
|    explained_variance   | -0.0366     |
|    learning_rate        | 0.0003      |
|    loss                 | 2.19        |
|    n_updates            | 4230        |
|    policy_gradient_loss | -0.00318    |
|    value_loss           | 15          |
-----------------------------------------
FruitCounts | {'Fruit': 0, 'DecayFruit': 0, 'EnemyFruit': 1} |
------------------------------------------
| rollout/                |              |
|    ep_len_mean          | 1.02e+03     |
|    ep_rew_mean          | 56.9         |
| time/                   |              |
|    fps                  | 180          |
|    iterations           | 425          |
|    time_elapsed         | 4825         |
|    total_timesteps      | 870400       |
| train/                  |              |
|    approx_kl            | 0.0055763302 |
|    clip_fraction        | 0.0393       |
|    clip_range           | 0.2          |
|    entropy_loss         | -0.149       |
|    explained_variance   | -0.0866      |
|    learning_rate        | 0.0003       |
|    loss                 | 5.35         |
|    n_updates            | 4240         |
|    policy_gradient_loss | -0.00314     |
|    value_loss           | 15.1         |
------------------------------------------
FruitCounts | {'Fruit': 0, 'DecayFruit': 3, 'EnemyFruit': 2} |
------------------------------------------
| rollout/                |              |
|    ep_len_mean          | 1.03e+03     |
|    ep_rew_mean          | 57.7         |
| time/                   |              |
|    fps                  | 180          |
|    iterations           | 426          |
|    time_elapsed         | 4836         |
|    total_timesteps      | 872448       |
| train/                  |              |
|    approx_kl            | 0.0059483773 |
|    clip_fraction        | 0.0458       |
|    clip_range           | 0.2          |
|    entropy_loss         | -0.149       |
|    explained_variance   | 0.066        |
|    learning_rate        | 0.0003       |
|    loss                 | 2.22         |
|    n_updates            | 4250         |
|    policy_gradient_loss | -0.00222     |
|    value_loss           | 12.3         |
------------------------------------------
FruitCounts | {'Fruit': 0, 'DecayFruit': 0, 'EnemyFruit': 0} |
-----------------------------------------
| rollout/                |             |
|    ep_len_mean          | 1.01e+03    |
|    ep_rew_mean          | 57.3        |
| time/                   |             |
|    fps                  | 180         |
|    iterations           | 427         |
|    time_elapsed         | 4846        |
|    total_timesteps      | 874496      |
| train/                  |             |
|    approx_kl            | 0.007290719 |
|    clip_fraction        | 0.0448      |
|    clip_range           | 0.2         |
|    entropy_loss         | -0.151      |
|    explained_variance   | 0.312       |
|    learning_rate        | 0.0003      |
|    loss                 | 6.03        |
|    n_updates            | 4260        |
|    policy_gradient_loss | -0.00191    |
|    value_loss           | 13.2        |
-----------------------------------------
FruitCounts | {'Fruit': 0, 'DecayFruit': 1, 'EnemyFruit': 0} |
-----------------------------------------
| rollout/                |             |
|    ep_len_mean          | 1.03e+03    |
|    ep_rew_mean          | 59.4        |
| time/                   |             |
|    fps                  | 180         |
|    iterations           | 428         |
|    time_elapsed         | 4857        |
|    total_timesteps      | 876544      |
| train/                  |             |
|    approx_kl            | 0.006215699 |
|    clip_fraction        | 0.0366      |
|    clip_range           | 0.2         |
|    entropy_loss         | -0.139      |
|    explained_variance   | -0.039      |
|    learning_rate        | 0.0003      |
|    loss                 | 14.6        |
|    n_updates            | 4270        |
|    policy_gradient_loss | -0.00198    |
|    value_loss           | 21.5        |
-----------------------------------------
FruitCounts | {'Fruit': 0, 'DecayFruit': 0, 'EnemyFruit': 0} |
------------------------------------------
| rollout/                |              |
|    ep_len_mean          | 1.03e+03     |
|    ep_rew_mean          | 60.8         |
| time/                   |              |
|    fps                  | 180          |
|    iterations           | 429          |
|    time_elapsed         | 4868         |
|    total_timesteps      | 878592       |
| train/                  |              |
|    approx_kl            | 0.0047669243 |
|    clip_fraction        | 0.0525       |
|    clip_range           | 0.2          |
|    entropy_loss         | -0.143       |
|    explained_variance   | 0.141        |
|    learning_rate        | 0.0003       |
|    loss                 | 3.93         |
|    n_updates            | 4280         |
|    policy_gradient_loss | 0.000227     |
|    value_loss           | 18.6         |
------------------------------------------
FruitCounts | {'Fruit': 1, 'DecayFruit': 9, 'EnemyFruit': 18} |
-----------------------------------------
| rollout/                |             |
|    ep_len_mean          | 1.03e+03    |
|    ep_rew_mean          | 60.8        |
| time/                   |             |
|    fps                  | 180         |
|    iterations           | 430         |
|    time_elapsed         | 4877        |
|    total_timesteps      | 880640      |
| train/                  |             |
|    approx_kl            | 0.014348008 |
|    clip_fraction        | 0.0663      |
|    clip_range           | 0.2         |
|    entropy_loss         | -0.16       |
|    explained_variance   | 0.19        |
|    learning_rate        | 0.0003      |
|    loss                 | 3.76        |
|    n_updates            | 4290        |
|    policy_gradient_loss | -0.000581   |
|    value_loss           | 15.1        |
-----------------------------------------
FruitCounts | {'Fruit': 0, 'DecayFruit': 3, 'EnemyFruit': 6} |
------------------------------------------
| rollout/                |              |
|    ep_len_mean          | 1.06e+03     |
|    ep_rew_mean          | 62.6         |
| time/                   |              |
|    fps                  | 180          |
|    iterations           | 431          |
|    time_elapsed         | 4889         |
|    total_timesteps      | 882688       |
| train/                  |              |
|    approx_kl            | 0.0070211436 |
|    clip_fraction        | 0.058        |
|    clip_range           | 0.2          |
|    entropy_loss         | -0.161       |
|    explained_variance   | 0.128        |
|    learning_rate        | 0.0003       |
|    loss                 | 5.06         |
|    n_updates            | 4300         |
|    policy_gradient_loss | 2.97e-05     |
|    value_loss           | 11.1         |
------------------------------------------
FruitCounts | {'Fruit': 3, 'DecayFruit': 3, 'EnemyFruit': 12} |
-----------------------------------------
| rollout/                |             |
|    ep_len_mean          | 1.07e+03    |
|    ep_rew_mean          | 63          |
| time/                   |             |
|    fps                  | 180         |
|    iterations           | 432         |
|    time_elapsed         | 4900        |
|    total_timesteps      | 884736      |
| train/                  |             |
|    approx_kl            | 0.007421784 |
|    clip_fraction        | 0.0519      |
|    clip_range           | 0.2         |
|    entropy_loss         | -0.149      |
|    explained_variance   | -0.0129     |
|    learning_rate        | 0.0003      |
|    loss                 | 4.85        |
|    n_updates            | 4310        |
|    policy_gradient_loss | 0.0001      |
|    value_loss           | 17.1        |
-----------------------------------------
FruitCounts | {'Fruit': 0, 'DecayFruit': 5, 'EnemyFruit': 3} |
-----------------------------------------
| rollout/                |             |
|    ep_len_mean          | 1.08e+03    |
|    ep_rew_mean          | 64.3        |
| time/                   |             |
|    fps                  | 180         |
|    iterations           | 433         |
|    time_elapsed         | 4911        |
|    total_timesteps      | 886784      |
| train/                  |             |
|    approx_kl            | 0.026803833 |
|    clip_fraction        | 0.07        |
|    clip_range           | 0.2         |
|    entropy_loss         | -0.158      |
|    explained_variance   | -0.149      |
|    learning_rate        | 0.0003      |
|    loss                 | 5.77        |
|    n_updates            | 4320        |
|    policy_gradient_loss | -0.00475    |
|    value_loss           | 9.44        |
-----------------------------------------
FruitCounts | {'Fruit': 8, 'DecayFruit': 7, 'EnemyFruit': 18} |
-----------------------------------------
| rollout/                |             |
|    ep_len_mean          | 1.09e+03    |
|    ep_rew_mean          | 65.2        |
| time/                   |             |
|    fps                  | 180         |
|    iterations           | 434         |
|    time_elapsed         | 4921        |
|    total_timesteps      | 888832      |
| train/                  |             |
|    approx_kl            | 0.007786735 |
|    clip_fraction        | 0.0454      |
|    clip_range           | 0.2         |
|    entropy_loss         | -0.143      |
|    explained_variance   | 0.0335      |
|    learning_rate        | 0.0003      |
|    loss                 | 5.56        |
|    n_updates            | 4330        |
|    policy_gradient_loss | -0.0023     |
|    value_loss           | 13.5        |
-----------------------------------------
FruitCounts | {'Fruit': 0, 'DecayFruit': 2, 'EnemyFruit': 0} |
------------------------------------------
| rollout/                |              |
|    ep_len_mean          | 1.09e+03     |
|    ep_rew_mean          | 67           |
| time/                   |              |
|    fps                  | 180          |
|    iterations           | 435          |
|    time_elapsed         | 4933         |
|    total_timesteps      | 890880       |
| train/                  |              |
|    approx_kl            | 0.0066541526 |
|    clip_fraction        | 0.0461       |
|    clip_range           | 0.2          |
|    entropy_loss         | -0.154       |
|    explained_variance   | -0.00719     |
|    learning_rate        | 0.0003       |
|    loss                 | 3            |
|    n_updates            | 4340         |
|    policy_gradient_loss | -0.00331     |
|    value_loss           | 16.2         |
------------------------------------------
FruitCounts | {'Fruit': 2, 'DecayFruit': 3, 'EnemyFruit': 7} |
-----------------------------------------
| rollout/                |             |
|    ep_len_mean          | 1.06e+03    |
|    ep_rew_mean          | 66.7        |
| time/                   |             |
|    fps                  | 180         |
|    iterations           | 436         |
|    time_elapsed         | 4944        |
|    total_timesteps      | 892928      |
| train/                  |             |
|    approx_kl            | 0.007664143 |
|    clip_fraction        | 0.0437      |
|    clip_range           | 0.2         |
|    entropy_loss         | -0.16       |
|    explained_variance   | 0.085       |
|    learning_rate        | 0.0003      |
|    loss                 | 3.85        |
|    n_updates            | 4350        |
|    policy_gradient_loss | -0.000376   |
|    value_loss           | 11.5        |
-----------------------------------------
FruitCounts | {'Fruit': 1, 'DecayFruit': 0, 'EnemyFruit': 4} |
------------------------------------------
| rollout/                |              |
|    ep_len_mean          | 1.07e+03     |
|    ep_rew_mean          | 67.8         |
| time/                   |              |
|    fps                  | 180          |
|    iterations           | 437          |
|    time_elapsed         | 4955         |
|    total_timesteps      | 894976       |
| train/                  |              |
|    approx_kl            | 0.0051251403 |
|    clip_fraction        | 0.0381       |
|    clip_range           | 0.2          |
|    entropy_loss         | -0.151       |
|    explained_variance   | -0.0851      |
|    learning_rate        | 0.0003       |
|    loss                 | 7.19         |
|    n_updates            | 4360         |
|    policy_gradient_loss | -0.000956    |
|    value_loss           | 21.1         |
------------------------------------------
FruitCounts | {'Fruit': 0, 'DecayFruit': 0, 'EnemyFruit': 1} |
-----------------------------------------
| rollout/                |             |
|    ep_len_mean          | 1.07e+03    |
|    ep_rew_mean          | 68.3        |
| time/                   |             |
|    fps                  | 180         |
|    iterations           | 438         |
|    time_elapsed         | 4966        |
|    total_timesteps      | 897024      |
| train/                  |             |
|    approx_kl            | 0.008043994 |
|    clip_fraction        | 0.0543      |
|    clip_range           | 0.2         |
|    entropy_loss         | -0.173      |
|    explained_variance   | 0.00793     |
|    learning_rate        | 0.0003      |
|    loss                 | 7.88        |
|    n_updates            | 4370        |
|    policy_gradient_loss | -0.00134    |
|    value_loss           | 23          |
-----------------------------------------
FruitCounts | {'Fruit': 0, 'DecayFruit': 5, 'EnemyFruit': 7} |
-----------------------------------------
| rollout/                |             |
|    ep_len_mean          | 1.08e+03    |
|    ep_rew_mean          | 68.9        |
| time/                   |             |
|    fps                  | 180         |
|    iterations           | 439         |
|    time_elapsed         | 4976        |
|    total_timesteps      | 899072      |
| train/                  |             |
|    approx_kl            | 0.010091703 |
|    clip_fraction        | 0.0526      |
|    clip_range           | 0.2         |
|    entropy_loss         | -0.16       |
|    explained_variance   | -0.17       |
|    learning_rate        | 0.0003      |
|    loss                 | 11.7        |
|    n_updates            | 4380        |
|    policy_gradient_loss | -0.00145    |
|    value_loss           | 12.4        |
-----------------------------------------
FruitCounts | {'Fruit': 1, 'DecayFruit': 6, 'EnemyFruit': 12} |
-----------------------------------------
| rollout/                |             |
|    ep_len_mean          | 1.09e+03    |
|    ep_rew_mean          | 70.6        |
| time/                   |             |
|    fps                  | 180         |
|    iterations           | 440         |
|    time_elapsed         | 4987        |
|    total_timesteps      | 901120      |
| train/                  |             |
|    approx_kl            | 0.014287638 |
|    clip_fraction        | 0.0547      |
|    clip_range           | 0.2         |
|    entropy_loss         | -0.154      |
|    explained_variance   | -0.107      |
|    learning_rate        | 0.0003      |
|    loss                 | 8.8         |
|    n_updates            | 4390        |
|    policy_gradient_loss | -0.0004     |
|    value_loss           | 11.6        |
-----------------------------------------
FruitCounts | {'Fruit': 2, 'DecayFruit': 6, 'EnemyFruit': 6} |
------------------------------------------
| rollout/                |              |
|    ep_len_mean          | 1.11e+03     |
|    ep_rew_mean          | 71.4         |
| time/                   |              |
|    fps                  | 180          |
|    iterations           | 441          |
|    time_elapsed         | 4998         |
|    total_timesteps      | 903168       |
| train/                  |              |
|    approx_kl            | 0.0074254964 |
|    clip_fraction        | 0.0401       |
|    clip_range           | 0.2          |
|    entropy_loss         | -0.14        |
|    explained_variance   | 0.0452       |
|    learning_rate        | 0.0003       |
|    loss                 | 5.73         |
|    n_updates            | 4400         |
|    policy_gradient_loss | -0.00125     |
|    value_loss           | 21.4         |
------------------------------------------
FruitCounts | {'Fruit': 2, 'DecayFruit': 6, 'EnemyFruit': 15} |
-----------------------------------------
| rollout/                |             |
|    ep_len_mean          | 1.13e+03    |
|    ep_rew_mean          | 71.6        |
| time/                   |             |
|    fps                  | 180         |
|    iterations           | 442         |
|    time_elapsed         | 5009        |
|    total_timesteps      | 905216      |
| train/                  |             |
|    approx_kl            | 0.010710768 |
|    clip_fraction        | 0.0683      |
|    clip_range           | 0.2         |
|    entropy_loss         | -0.163      |
|    explained_variance   | -0.00166    |
|    learning_rate        | 0.0003      |
|    loss                 | 3.48        |
|    n_updates            | 4410        |
|    policy_gradient_loss | -0.000239   |
|    value_loss           | 5.95        |
-----------------------------------------
FruitCounts | {'Fruit': 0, 'DecayFruit': 2, 'EnemyFruit': 3} |
------------------------------------------
| rollout/                |              |
|    ep_len_mean          | 1.16e+03     |
|    ep_rew_mean          | 73.1         |
| time/                   |              |
|    fps                  | 180          |
|    iterations           | 443          |
|    time_elapsed         | 5022         |
|    total_timesteps      | 907264       |
| train/                  |              |
|    approx_kl            | 0.0119416565 |
|    clip_fraction        | 0.0625       |
|    clip_range           | 0.2          |
|    entropy_loss         | -0.143       |
|    explained_variance   | 0.262        |
|    learning_rate        | 0.0003       |
|    loss                 | 2.59         |
|    n_updates            | 4420         |
|    policy_gradient_loss | -0.000625    |
|    value_loss           | 5.08         |
------------------------------------------
FruitCounts | {'Fruit': 2, 'DecayFruit': 4, 'EnemyFruit': 6} |
-----------------------------------------
| rollout/                |             |
|    ep_len_mean          | 1.17e+03    |
|    ep_rew_mean          | 72.4        |
| time/                   |             |
|    fps                  | 180         |
|    iterations           | 444         |
|    time_elapsed         | 5032        |
|    total_timesteps      | 909312      |
| train/                  |             |
|    approx_kl            | 0.010764743 |
|    clip_fraction        | 0.0597      |
|    clip_range           | 0.2         |
|    entropy_loss         | -0.152      |
|    explained_variance   | 0.109       |
|    learning_rate        | 0.0003      |
|    loss                 | 1.49        |
|    n_updates            | 4430        |
|    policy_gradient_loss | -0.00264    |
|    value_loss           | 5.75        |
-----------------------------------------
FruitCounts | {'Fruit': 2, 'DecayFruit': 2, 'EnemyFruit': 4} |
-----------------------------------------
| rollout/                |             |
|    ep_len_mean          | 1.18e+03    |
|    ep_rew_mean          | 73.1        |
| time/                   |             |
|    fps                  | 180         |
|    iterations           | 445         |
|    time_elapsed         | 5043        |
|    total_timesteps      | 911360      |
| train/                  |             |
|    approx_kl            | 0.011300389 |
|    clip_fraction        | 0.0538      |
|    clip_range           | 0.2         |
|    entropy_loss         | -0.158      |
|    explained_variance   | -0.0118     |
|    learning_rate        | 0.0003      |
|    loss                 | 0.776       |
|    n_updates            | 4440        |
|    policy_gradient_loss | -0.00251    |
|    value_loss           | 3.34        |
-----------------------------------------
FruitCounts | {'Fruit': 0, 'DecayFruit': 1, 'EnemyFruit': 2} |
------------------------------------------
| rollout/                |              |
|    ep_len_mean          | 1.15e+03     |
|    ep_rew_mean          | 73           |
| time/                   |              |
|    fps                  | 180          |
|    iterations           | 446          |
|    time_elapsed         | 5054         |
|    total_timesteps      | 913408       |
| train/                  |              |
|    approx_kl            | 0.0065708924 |
|    clip_fraction        | 0.044        |
|    clip_range           | 0.2          |
|    entropy_loss         | -0.171       |
|    explained_variance   | 0.111        |
|    learning_rate        | 0.0003       |
|    loss                 | 3.48         |
|    n_updates            | 4450         |
|    policy_gradient_loss | 0.000921     |
|    value_loss           | 14.1         |
------------------------------------------
FruitCounts | {'Fruit': 0, 'DecayFruit': 0, 'EnemyFruit': 1} |
-----------------------------------------
| rollout/                |             |
|    ep_len_mean          | 1.16e+03    |
|    ep_rew_mean          | 73          |
| time/                   |             |
|    fps                  | 180         |
|    iterations           | 447         |
|    time_elapsed         | 5065        |
|    total_timesteps      | 915456      |
| train/                  |             |
|    approx_kl            | 0.004387114 |
|    clip_fraction        | 0.0348      |
|    clip_range           | 0.2         |
|    entropy_loss         | -0.164      |
|    explained_variance   | 0.104       |
|    learning_rate        | 0.0003      |
|    loss                 | 9.01        |
|    n_updates            | 4460        |
|    policy_gradient_loss | -0.00245    |
|    value_loss           | 22.8        |
-----------------------------------------
FruitCounts | {'Fruit': 1, 'DecayFruit': 1, 'EnemyFruit': 0} |
------------------------------------------
| rollout/                |              |
|    ep_len_mean          | 1.15e+03     |
|    ep_rew_mean          | 71.7         |
| time/                   |              |
|    fps                  | 180          |
|    iterations           | 448          |
|    time_elapsed         | 5075         |
|    total_timesteps      | 917504       |
| train/                  |              |
|    approx_kl            | 0.0073734727 |
|    clip_fraction        | 0.0542       |
|    clip_range           | 0.2          |
|    entropy_loss         | -0.151       |
|    explained_variance   | 0.154        |
|    learning_rate        | 0.0003       |
|    loss                 | 2.32         |
|    n_updates            | 4470         |
|    policy_gradient_loss | -0.00184     |
|    value_loss           | 10.4         |
------------------------------------------
FruitCounts | {'Fruit': 0, 'DecayFruit': 1, 'EnemyFruit': 0} |
-----------------------------------------
| rollout/                |             |
|    ep_len_mean          | 1.14e+03    |
|    ep_rew_mean          | 69.8        |
| time/                   |             |
|    fps                  | 180         |
|    iterations           | 449         |
|    time_elapsed         | 5086        |
|    total_timesteps      | 919552      |
| train/                  |             |
|    approx_kl            | 0.003485538 |
|    clip_fraction        | 0.0385      |
|    clip_range           | 0.2         |
|    entropy_loss         | -0.146      |
|    explained_variance   | 0.14        |
|    learning_rate        | 0.0003      |
|    loss                 | 4.06        |
|    n_updates            | 4480        |
|    policy_gradient_loss | -0.00233    |
|    value_loss           | 12.4        |
-----------------------------------------
FruitCounts | {'Fruit': 0, 'DecayFruit': 3, 'EnemyFruit': 1} |
-----------------------------------------
| rollout/                |             |
|    ep_len_mean          | 1.13e+03    |
|    ep_rew_mean          | 69.1        |
| time/                   |             |
|    fps                  | 180         |
|    iterations           | 450         |
|    time_elapsed         | 5097        |
|    total_timesteps      | 921600      |
| train/                  |             |
|    approx_kl            | 0.015547324 |
|    clip_fraction        | 0.0595      |
|    clip_range           | 0.2         |
|    entropy_loss         | -0.168      |
|    explained_variance   | 0.177       |
|    learning_rate        | 0.0003      |
|    loss                 | 0.635       |
|    n_updates            | 4490        |
|    policy_gradient_loss | -0.00098    |
|    value_loss           | 4.69        |
-----------------------------------------
FruitCounts | {'Fruit': 0, 'DecayFruit': 2, 'EnemyFruit': 5} |
-----------------------------------------
| rollout/                |             |
|    ep_len_mean          | 1.12e+03    |
|    ep_rew_mean          | 69.2        |
| time/                   |             |
|    fps                  | 180         |
|    iterations           | 451         |
|    time_elapsed         | 5106        |
|    total_timesteps      | 923648      |
| train/                  |             |
|    approx_kl            | 0.005737449 |
|    clip_fraction        | 0.042       |
|    clip_range           | 0.2         |
|    entropy_loss         | -0.161      |
|    explained_variance   | 0.0594      |
|    learning_rate        | 0.0003      |
|    loss                 | 7.12        |
|    n_updates            | 4500        |
|    policy_gradient_loss | -0.00112    |
|    value_loss           | 15.5        |
-----------------------------------------
FruitCounts | {'Fruit': 0, 'DecayFruit': 0, 'EnemyFruit': 1} |
----------------------------------------
| rollout/                |            |
|    ep_len_mean          | 1.09e+03   |
|    ep_rew_mean          | 66.3       |
| time/                   |            |
|    fps                  | 180        |
|    iterations           | 452        |
|    time_elapsed         | 5117       |
|    total_timesteps      | 925696     |
| train/                  |            |
|    approx_kl            | 0.00469987 |
|    clip_fraction        | 0.0428     |
|    clip_range           | 0.2        |
|    entropy_loss         | -0.159     |
|    explained_variance   | 0.041      |
|    learning_rate        | 0.0003     |
|    loss                 | 2.55       |
|    n_updates            | 4510       |
|    policy_gradient_loss | -0.000725  |
|    value_loss           | 8.2        |
----------------------------------------
FruitCounts | {'Fruit': 0, 'DecayFruit': 0, 'EnemyFruit': 0} |
-----------------------------------------
| rollout/                |             |
|    ep_len_mean          | 1.05e+03    |
|    ep_rew_mean          | 65.2        |
| time/                   |             |
|    fps                  | 180         |
|    iterations           | 453         |
|    time_elapsed         | 5128        |
|    total_timesteps      | 927744      |
| train/                  |             |
|    approx_kl            | 0.010095142 |
|    clip_fraction        | 0.0641      |
|    clip_range           | 0.2         |
|    entropy_loss         | -0.176      |
|    explained_variance   | 0.0579      |
|    learning_rate        | 0.0003      |
|    loss                 | 5.62        |
|    n_updates            | 4520        |
|    policy_gradient_loss | -0.00299    |
|    value_loss           | 8.32        |
-----------------------------------------
FruitCounts | {'Fruit': 0, 'DecayFruit': 3, 'EnemyFruit': 3} |
------------------------------------------
| rollout/                |              |
|    ep_len_mean          | 1.06e+03     |
|    ep_rew_mean          | 65           |
| time/                   |              |
|    fps                  | 180          |
|    iterations           | 454          |
|    time_elapsed         | 5139         |
|    total_timesteps      | 929792       |
| train/                  |              |
|    approx_kl            | 0.0057164724 |
|    clip_fraction        | 0.0468       |
|    clip_range           | 0.2          |
|    entropy_loss         | -0.171       |
|    explained_variance   | 0.108        |
|    learning_rate        | 0.0003       |
|    loss                 | 7.73         |
|    n_updates            | 4530         |
|    policy_gradient_loss | -0.00134     |
|    value_loss           | 18.4         |
------------------------------------------
FruitCounts | {'Fruit': 1, 'DecayFruit': 2, 'EnemyFruit': 3} |
------------------------------------------
| rollout/                |              |
|    ep_len_mean          | 1.06e+03     |
|    ep_rew_mean          | 64.3         |
| time/                   |              |
|    fps                  | 180          |
|    iterations           | 455          |
|    time_elapsed         | 5149         |
|    total_timesteps      | 931840       |
| train/                  |              |
|    approx_kl            | 0.0055999337 |
|    clip_fraction        | 0.0391       |
|    clip_range           | 0.2          |
|    entropy_loss         | -0.147       |
|    explained_variance   | 0.127        |
|    learning_rate        | 0.0003       |
|    loss                 | 1.51         |
|    n_updates            | 4540         |
|    policy_gradient_loss | 0.000167     |
|    value_loss           | 6.18         |
------------------------------------------
FruitCounts | {'Fruit': 0, 'DecayFruit': 7, 'EnemyFruit': 5} |
------------------------------------------
| rollout/                |              |
|    ep_len_mean          | 1.04e+03     |
|    ep_rew_mean          | 64.1         |
| time/                   |              |
|    fps                  | 181          |
|    iterations           | 456          |
|    time_elapsed         | 5159         |
|    total_timesteps      | 933888       |
| train/                  |              |
|    approx_kl            | 0.0065383795 |
|    clip_fraction        | 0.0437       |
|    clip_range           | 0.2          |
|    entropy_loss         | -0.159       |
|    explained_variance   | 0.0313       |
|    learning_rate        | 0.0003       |
|    loss                 | 3.09         |
|    n_updates            | 4550         |
|    policy_gradient_loss | -0.00214     |
|    value_loss           | 8.86         |
------------------------------------------
FruitCounts | {'Fruit': 0, 'DecayFruit': 1, 'EnemyFruit': 0} |
------------------------------------------
| rollout/                |              |
|    ep_len_mean          | 1.01e+03     |
|    ep_rew_mean          | 65.1         |
| time/                   |              |
|    fps                  | 181          |
|    iterations           | 457          |
|    time_elapsed         | 5170         |
|    total_timesteps      | 935936       |
| train/                  |              |
|    approx_kl            | 0.0070453635 |
|    clip_fraction        | 0.0506       |
|    clip_range           | 0.2          |
|    entropy_loss         | -0.165       |
|    explained_variance   | 0.0225       |
|    learning_rate        | 0.0003       |
|    loss                 | 3.2          |
|    n_updates            | 4560         |
|    policy_gradient_loss | -0.00142     |
|    value_loss           | 9.21         |
------------------------------------------
FruitCounts | {'Fruit': 0, 'DecayFruit': 2, 'EnemyFruit': 5} |
------------------------------------------
| rollout/                |              |
|    ep_len_mean          | 977          |
|    ep_rew_mean          | 63           |
| time/                   |              |
|    fps                  | 181          |
|    iterations           | 458          |
|    time_elapsed         | 5180         |
|    total_timesteps      | 937984       |
| train/                  |              |
|    approx_kl            | 0.0049822023 |
|    clip_fraction        | 0.0434       |
|    clip_range           | 0.2          |
|    entropy_loss         | -0.156       |
|    explained_variance   | -0.152       |
|    learning_rate        | 0.0003       |
|    loss                 | 5.18         |
|    n_updates            | 4570         |
|    policy_gradient_loss | -0.00246     |
|    value_loss           | 25.1         |
------------------------------------------
FruitCounts | {'Fruit': 3, 'DecayFruit': 4, 'EnemyFruit': 15} |
------------------------------------------
| rollout/                |              |
|    ep_len_mean          | 965          |
|    ep_rew_mean          | 61.4         |
| time/                   |              |
|    fps                  | 181          |
|    iterations           | 459          |
|    time_elapsed         | 5191         |
|    total_timesteps      | 940032       |
| train/                  |              |
|    approx_kl            | 0.0075528966 |
|    clip_fraction        | 0.0529       |
|    clip_range           | 0.2          |
|    entropy_loss         | -0.165       |
|    explained_variance   | 0.12         |
|    learning_rate        | 0.0003       |
|    loss                 | 6.09         |
|    n_updates            | 4580         |
|    policy_gradient_loss | -0.00195     |
|    value_loss           | 15           |
------------------------------------------
FruitCounts | {'Fruit': 7, 'DecayFruit': 13, 'EnemyFruit': 29} |
-----------------------------------------
| rollout/                |             |
|    ep_len_mean          | 965         |
|    ep_rew_mean          | 61.4        |
| time/                   |             |
|    fps                  | 181         |
|    iterations           | 460         |
|    time_elapsed         | 5200        |
|    total_timesteps      | 942080      |
| train/                  |             |
|    approx_kl            | 0.008210469 |
|    clip_fraction        | 0.0574      |
|    clip_range           | 0.2         |
|    entropy_loss         | -0.164      |
|    explained_variance   | 0.153       |
|    learning_rate        | 0.0003      |
|    loss                 | 6.31        |
|    n_updates            | 4590        |
|    policy_gradient_loss | -0.00215    |
|    value_loss           | 13.1        |
-----------------------------------------
FruitCounts | {'Fruit': 0, 'DecayFruit': 1, 'EnemyFruit': 2} |
----------------------------------------
| rollout/                |            |
|    ep_len_mean          | 991        |
|    ep_rew_mean          | 62         |
| time/                   |            |
|    fps                  | 181        |
|    iterations           | 461        |
|    time_elapsed         | 5214       |
|    total_timesteps      | 944128     |
| train/                  |            |
|    approx_kl            | 0.00833407 |
|    clip_fraction        | 0.0501     |
|    clip_range           | 0.2        |
|    entropy_loss         | -0.157     |
|    explained_variance   | 0.124      |
|    learning_rate        | 0.0003     |
|    loss                 | 1.97       |
|    n_updates            | 4600       |
|    policy_gradient_loss | -0.000364  |
|    value_loss           | 6.22       |
----------------------------------------
FruitCounts | {'Fruit': 2, 'DecayFruit': 8, 'EnemyFruit': 12} |
-----------------------------------------
| rollout/                |             |
|    ep_len_mean          | 994         |
|    ep_rew_mean          | 62.1        |
| time/                   |             |
|    fps                  | 181         |
|    iterations           | 462         |
|    time_elapsed         | 5223        |
|    total_timesteps      | 946176      |
| train/                  |             |
|    approx_kl            | 0.007674556 |
|    clip_fraction        | 0.0517      |
|    clip_range           | 0.2         |
|    entropy_loss         | -0.147      |
|    explained_variance   | -0.091      |
|    learning_rate        | 0.0003      |
|    loss                 | 1.83        |
|    n_updates            | 4610        |
|    policy_gradient_loss | -0.00364    |
|    value_loss           | 5.69        |
-----------------------------------------
FruitCounts | {'Fruit': 2, 'DecayFruit': 5, 'EnemyFruit': 1} |
-----------------------------------------
| rollout/                |             |
|    ep_len_mean          | 975         |
|    ep_rew_mean          | 61.4        |
| time/                   |             |
|    fps                  | 181         |
|    iterations           | 463         |
|    time_elapsed         | 5235        |
|    total_timesteps      | 948224      |
| train/                  |             |
|    approx_kl            | 0.008631695 |
|    clip_fraction        | 0.0582      |
|    clip_range           | 0.2         |
|    entropy_loss         | -0.164      |
|    explained_variance   | -0.353      |
|    learning_rate        | 0.0003      |
|    loss                 | 1.46        |
|    n_updates            | 4620        |
|    policy_gradient_loss | -0.0022     |
|    value_loss           | 3.7         |
-----------------------------------------
FruitCounts | {'Fruit': 2, 'DecayFruit': 7, 'EnemyFruit': 13} |
----------------------------------------
| rollout/                |            |
|    ep_len_mean          | 978        |
|    ep_rew_mean          | 61.6       |
| time/                   |            |
|    fps                  | 181        |
|    iterations           | 464        |
|    time_elapsed         | 5245       |
|    total_timesteps      | 950272     |
| train/                  |            |
|    approx_kl            | 0.00805182 |
|    clip_fraction        | 0.0496     |
|    clip_range           | 0.2        |
|    entropy_loss         | -0.173     |
|    explained_variance   | 0.189      |
|    learning_rate        | 0.0003     |
|    loss                 | 3.17       |
|    n_updates            | 4630       |
|    policy_gradient_loss | -0.00279   |
|    value_loss           | 10.7       |
----------------------------------------
FruitCounts | {'Fruit': 1, 'DecayFruit': 3, 'EnemyFruit': 7} |
-----------------------------------------
| rollout/                |             |
|    ep_len_mean          | 998         |
|    ep_rew_mean          | 62.9        |
| time/                   |             |
|    fps                  | 181         |
|    iterations           | 465         |
|    time_elapsed         | 5258        |
|    total_timesteps      | 952320      |
| train/                  |             |
|    approx_kl            | 0.012388591 |
|    clip_fraction        | 0.0659      |
|    clip_range           | 0.2         |
|    entropy_loss         | -0.17       |
|    explained_variance   | 0.0762      |
|    learning_rate        | 0.0003      |
|    loss                 | 1.46        |
|    n_updates            | 4640        |
|    policy_gradient_loss | -6.36e-05   |
|    value_loss           | 4           |
-----------------------------------------
FruitCounts | {'Fruit': 2, 'DecayFruit': 3, 'EnemyFruit': 4} |
------------------------------------------
| rollout/                |              |
|    ep_len_mean          | 990          |
|    ep_rew_mean          | 62.9         |
| time/                   |              |
|    fps                  | 181          |
|    iterations           | 466          |
|    time_elapsed         | 5269         |
|    total_timesteps      | 954368       |
| train/                  |              |
|    approx_kl            | 0.0061698165 |
|    clip_fraction        | 0.0466       |
|    clip_range           | 0.2          |
|    entropy_loss         | -0.147       |
|    explained_variance   | -0.0408      |
|    learning_rate        | 0.0003       |
|    loss                 | 6.59         |
|    n_updates            | 4650         |
|    policy_gradient_loss | -4.19e-05    |
|    value_loss           | 11.5         |
------------------------------------------
FruitCounts | {'Fruit': 1, 'DecayFruit': 1, 'EnemyFruit': 1} |
------------------------------------------
| rollout/                |              |
|    ep_len_mean          | 973          |
|    ep_rew_mean          | 63.2         |
| time/                   |              |
|    fps                  | 181          |
|    iterations           | 467          |
|    time_elapsed         | 5281         |
|    total_timesteps      | 956416       |
| train/                  |              |
|    approx_kl            | 0.0034923833 |
|    clip_fraction        | 0.0267       |
|    clip_range           | 0.2          |
|    entropy_loss         | -0.155       |
|    explained_variance   | -0.0209      |
|    learning_rate        | 0.0003       |
|    loss                 | 9.71         |
|    n_updates            | 4660         |
|    policy_gradient_loss | -0.000974    |
|    value_loss           | 29.8         |
------------------------------------------
FruitCounts | {'Fruit': 1, 'DecayFruit': 9, 'EnemyFruit': 7} |
------------------------------------------
| rollout/                |              |
|    ep_len_mean          | 926          |
|    ep_rew_mean          | 60           |
| time/                   |              |
|    fps                  | 181          |
|    iterations           | 468          |
|    time_elapsed         | 5292         |
|    total_timesteps      | 958464       |
| train/                  |              |
|    approx_kl            | 0.0036415665 |
|    clip_fraction        | 0.0393       |
|    clip_range           | 0.2          |
|    entropy_loss         | -0.154       |
|    explained_variance   | 0.00464      |
|    learning_rate        | 0.0003       |
|    loss                 | 7.06         |
|    n_updates            | 4670         |
|    policy_gradient_loss | -0.00276     |
|    value_loss           | 22.4         |
------------------------------------------
FruitCounts | {'Fruit': 1, 'DecayFruit': 3, 'EnemyFruit': 5} |
-----------------------------------------
| rollout/                |             |
|    ep_len_mean          | 937         |
|    ep_rew_mean          | 61.6        |
| time/                   |             |
|    fps                  | 181         |
|    iterations           | 469         |
|    time_elapsed         | 5303        |
|    total_timesteps      | 960512      |
| train/                  |             |
|    approx_kl            | 0.004520441 |
|    clip_fraction        | 0.0368      |
|    clip_range           | 0.2         |
|    entropy_loss         | -0.152      |
|    explained_variance   | 0.0696      |
|    learning_rate        | 0.0003      |
|    loss                 | 6.88        |
|    n_updates            | 4680        |
|    policy_gradient_loss | -0.00187    |
|    value_loss           | 17.1        |
-----------------------------------------
FruitCounts | {'Fruit': 2, 'DecayFruit': 2, 'EnemyFruit': 2} |
-----------------------------------------
| rollout/                |             |
|    ep_len_mean          | 925         |
|    ep_rew_mean          | 60.7        |
| time/                   |             |
|    fps                  | 181         |
|    iterations           | 470         |
|    time_elapsed         | 5313        |
|    total_timesteps      | 962560      |
| train/                  |             |
|    approx_kl            | 0.009791365 |
|    clip_fraction        | 0.0623      |
|    clip_range           | 0.2         |
|    entropy_loss         | -0.156      |
|    explained_variance   | -0.238      |
|    learning_rate        | 0.0003      |
|    loss                 | 2.28        |
|    n_updates            | 4690        |
|    policy_gradient_loss | -0.00072    |
|    value_loss           | 10.8        |
-----------------------------------------
FruitCounts | {'Fruit': 0, 'DecayFruit': 6, 'EnemyFruit': 7} |
-----------------------------------------
| rollout/                |             |
|    ep_len_mean          | 917         |
|    ep_rew_mean          | 60.6        |
| time/                   |             |
|    fps                  | 181         |
|    iterations           | 471         |
|    time_elapsed         | 5324        |
|    total_timesteps      | 964608      |
| train/                  |             |
|    approx_kl            | 0.009000151 |
|    clip_fraction        | 0.0639      |
|    clip_range           | 0.2         |
|    entropy_loss         | -0.16       |
|    explained_variance   | -0.0859     |
|    learning_rate        | 0.0003      |
|    loss                 | 2.65        |
|    n_updates            | 4700        |
|    policy_gradient_loss | -0.0045     |
|    value_loss           | 8.52        |
-----------------------------------------
FruitCounts | {'Fruit': 2, 'DecayFruit': 8, 'EnemyFruit': 9} |
-----------------------------------------
| rollout/                |             |
|    ep_len_mean          | 915         |
|    ep_rew_mean          | 60.9        |
| time/                   |             |
|    fps                  | 181         |
|    iterations           | 472         |
|    time_elapsed         | 5334        |
|    total_timesteps      | 966656      |
| train/                  |             |
|    approx_kl            | 0.007573106 |
|    clip_fraction        | 0.0324      |
|    clip_range           | 0.2         |
|    entropy_loss         | -0.148      |
|    explained_variance   | -0.0528     |
|    learning_rate        | 0.0003      |
|    loss                 | 5.85        |
|    n_updates            | 4710        |
|    policy_gradient_loss | -0.00194    |
|    value_loss           | 22.9        |
-----------------------------------------
FruitCounts | {'Fruit': 1, 'DecayFruit': 3, 'EnemyFruit': 4} |
-----------------------------------------
| rollout/                |             |
|    ep_len_mean          | 904         |
|    ep_rew_mean          | 58.9        |
| time/                   |             |
|    fps                  | 181         |
|    iterations           | 473         |
|    time_elapsed         | 5346        |
|    total_timesteps      | 968704      |
| train/                  |             |
|    approx_kl            | 0.021123268 |
|    clip_fraction        | 0.056       |
|    clip_range           | 0.2         |
|    entropy_loss         | -0.14       |
|    explained_variance   | -0.00609    |
|    learning_rate        | 0.0003      |
|    loss                 | 2.89        |
|    n_updates            | 4720        |
|    policy_gradient_loss | -0.00256    |
|    value_loss           | 11.4        |
-----------------------------------------
FruitCounts | {'Fruit': 0, 'DecayFruit': 2, 'EnemyFruit': 1} |
-----------------------------------------
| rollout/                |             |
|    ep_len_mean          | 870         |
|    ep_rew_mean          | 57.6        |
| time/                   |             |
|    fps                  | 181         |
|    iterations           | 474         |
|    time_elapsed         | 5356        |
|    total_timesteps      | 970752      |
| train/                  |             |
|    approx_kl            | 0.007922754 |
|    clip_fraction        | 0.0418      |
|    clip_range           | 0.2         |
|    entropy_loss         | -0.151      |
|    explained_variance   | 0.16        |
|    learning_rate        | 0.0003      |
|    loss                 | 8.52        |
|    n_updates            | 4730        |
|    policy_gradient_loss | -0.000814   |
|    value_loss           | 18.6        |
-----------------------------------------
FruitCounts | {'Fruit': 2, 'DecayFruit': 6, 'EnemyFruit': 7} |
-----------------------------------------
| rollout/                |             |
|    ep_len_mean          | 859         |
|    ep_rew_mean          | 56.1        |
| time/                   |             |
|    fps                  | 181         |
|    iterations           | 475         |
|    time_elapsed         | 5366        |
|    total_timesteps      | 972800      |
| train/                  |             |
|    approx_kl            | 0.005445487 |
|    clip_fraction        | 0.0398      |
|    clip_range           | 0.2         |
|    entropy_loss         | -0.15       |
|    explained_variance   | -0.133      |
|    learning_rate        | 0.0003      |
|    loss                 | 9.86        |
|    n_updates            | 4740        |
|    policy_gradient_loss | -0.00317    |
|    value_loss           | 19.2        |
-----------------------------------------
FruitCounts | {'Fruit': 0, 'DecayFruit': 4, 'EnemyFruit': 6} |
-----------------------------------------
| rollout/                |             |
|    ep_len_mean          | 837         |
|    ep_rew_mean          | 54.2        |
| time/                   |             |
|    fps                  | 181         |
|    iterations           | 476         |
|    time_elapsed         | 5377        |
|    total_timesteps      | 974848      |
| train/                  |             |
|    approx_kl            | 0.011958873 |
|    clip_fraction        | 0.062       |
|    clip_range           | 0.2         |
|    entropy_loss         | -0.184      |
|    explained_variance   | -0.214      |
|    learning_rate        | 0.0003      |
|    loss                 | 3.95        |
|    n_updates            | 4750        |
|    policy_gradient_loss | -0.00126    |
|    value_loss           | 10.3        |
-----------------------------------------
FruitCounts | {'Fruit': 3, 'DecayFruit': 2, 'EnemyFruit': 9} |
-----------------------------------------
| rollout/                |             |
|    ep_len_mean          | 845         |
|    ep_rew_mean          | 54.8        |
| time/                   |             |
|    fps                  | 181         |
|    iterations           | 477         |
|    time_elapsed         | 5387        |
|    total_timesteps      | 976896      |
| train/                  |             |
|    approx_kl            | 0.007349751 |
|    clip_fraction        | 0.0407      |
|    clip_range           | 0.2         |
|    entropy_loss         | -0.154      |
|    explained_variance   | 0.0835      |
|    learning_rate        | 0.0003      |
|    loss                 | 5.53        |
|    n_updates            | 4760        |
|    policy_gradient_loss | -0.00141    |
|    value_loss           | 21          |
-----------------------------------------
FruitCounts | {'Fruit': 1, 'DecayFruit': 3, 'EnemyFruit': 3} |
-----------------------------------------
| rollout/                |             |
|    ep_len_mean          | 862         |
|    ep_rew_mean          | 53.8        |
| time/                   |             |
|    fps                  | 181         |
|    iterations           | 478         |
|    time_elapsed         | 5399        |
|    total_timesteps      | 978944      |
| train/                  |             |
|    approx_kl            | 0.008659544 |
|    clip_fraction        | 0.0633      |
|    clip_range           | 0.2         |
|    entropy_loss         | -0.155      |
|    explained_variance   | -0.0587     |
|    learning_rate        | 0.0003      |
|    loss                 | 2.12        |
|    n_updates            | 4770        |
|    policy_gradient_loss | -0.000131   |
|    value_loss           | 9.61        |
-----------------------------------------
FruitCounts | {'Fruit': 0, 'DecayFruit': 5, 'EnemyFruit': 2} |
-----------------------------------------
| rollout/                |             |
|    ep_len_mean          | 861         |
|    ep_rew_mean          | 53.1        |
| time/                   |             |
|    fps                  | 181         |
|    iterations           | 479         |
|    time_elapsed         | 5410        |
|    total_timesteps      | 980992      |
| train/                  |             |
|    approx_kl            | 0.006712561 |
|    clip_fraction        | 0.0445      |
|    clip_range           | 0.2         |
|    entropy_loss         | -0.155      |
|    explained_variance   | -0.0092     |
|    learning_rate        | 0.0003      |
|    loss                 | 6.54        |
|    n_updates            | 4780        |
|    policy_gradient_loss | -0.000599   |
|    value_loss           | 17.2        |
-----------------------------------------
FruitCounts | {'Fruit': 0, 'DecayFruit': 3, 'EnemyFruit': 3} |
------------------------------------------
| rollout/                |              |
|    ep_len_mean          | 847          |
|    ep_rew_mean          | 53.3         |
| time/                   |              |
|    fps                  | 181          |
|    iterations           | 480          |
|    time_elapsed         | 5420         |
|    total_timesteps      | 983040       |
| train/                  |              |
|    approx_kl            | 0.0047119996 |
|    clip_fraction        | 0.037        |
|    clip_range           | 0.2          |
|    entropy_loss         | -0.14        |
|    explained_variance   | 0.0851       |
|    learning_rate        | 0.0003       |
|    loss                 | 2.31         |
|    n_updates            | 4790         |
|    policy_gradient_loss | -0.00228     |
|    value_loss           | 26.3         |
------------------------------------------
FruitCounts | {'Fruit': 0, 'DecayFruit': 1, 'EnemyFruit': 1} |
-----------------------------------------
| rollout/                |             |
|    ep_len_mean          | 848         |
|    ep_rew_mean          | 51.6        |
| time/                   |             |
|    fps                  | 181         |
|    iterations           | 481         |
|    time_elapsed         | 5431        |
|    total_timesteps      | 985088      |
| train/                  |             |
|    approx_kl            | 0.012704188 |
|    clip_fraction        | 0.0525      |
|    clip_range           | 0.2         |
|    entropy_loss         | -0.147      |
|    explained_variance   | 0.119       |
|    learning_rate        | 0.0003      |
|    loss                 | 4.98        |
|    n_updates            | 4800        |
|    policy_gradient_loss | 0.000315    |
|    value_loss           | 14.8        |
-----------------------------------------
FruitCounts | {'Fruit': 0, 'DecayFruit': 2, 'EnemyFruit': 0} |
-----------------------------------------
| rollout/                |             |
|    ep_len_mean          | 803         |
|    ep_rew_mean          | 50.6        |
| time/                   |             |
|    fps                  | 181         |
|    iterations           | 482         |
|    time_elapsed         | 5442        |
|    total_timesteps      | 987136      |
| train/                  |             |
|    approx_kl            | 0.008126344 |
|    clip_fraction        | 0.0458      |
|    clip_range           | 0.2         |
|    entropy_loss         | -0.132      |
|    explained_variance   | 0.0377      |
|    learning_rate        | 0.0003      |
|    loss                 | 1.24        |
|    n_updates            | 4810        |
|    policy_gradient_loss | -0.00122    |
|    value_loss           | 9.25        |
-----------------------------------------
FruitCounts | {'Fruit': 0, 'DecayFruit': 6, 'EnemyFruit': 8} |
------------------------------------------
| rollout/                |              |
|    ep_len_mean          | 780          |
|    ep_rew_mean          | 51.1         |
| time/                   |              |
|    fps                  | 181          |
|    iterations           | 483          |
|    time_elapsed         | 5451         |
|    total_timesteps      | 989184       |
| train/                  |              |
|    approx_kl            | 0.0045400728 |
|    clip_fraction        | 0.0353       |
|    clip_range           | 0.2          |
|    entropy_loss         | -0.142       |
|    explained_variance   | 0.0487       |
|    learning_rate        | 0.0003       |
|    loss                 | 4.69         |
|    n_updates            | 4820         |
|    policy_gradient_loss | -0.00155     |
|    value_loss           | 19.9         |
------------------------------------------
FruitCounts | {'Fruit': 0, 'DecayFruit': 1, 'EnemyFruit': 2} |
-----------------------------------------
| rollout/                |             |
|    ep_len_mean          | 777         |
|    ep_rew_mean          | 49.7        |
| time/                   |             |
|    fps                  | 181         |
|    iterations           | 484         |
|    time_elapsed         | 5464        |
|    total_timesteps      | 991232      |
| train/                  |             |
|    approx_kl            | 0.011918831 |
|    clip_fraction        | 0.0478      |
|    clip_range           | 0.2         |
|    entropy_loss         | -0.135      |
|    explained_variance   | 0.0368      |
|    learning_rate        | 0.0003      |
|    loss                 | 6.76        |
|    n_updates            | 4830        |
|    policy_gradient_loss | -0.00287    |
|    value_loss           | 16          |
-----------------------------------------
FruitCounts | {'Fruit': 0, 'DecayFruit': 0, 'EnemyFruit': 2} |
-----------------------------------------
| rollout/                |             |
|    ep_len_mean          | 758         |
|    ep_rew_mean          | 50.8        |
| time/                   |             |
|    fps                  | 181         |
|    iterations           | 485         |
|    time_elapsed         | 5475        |
|    total_timesteps      | 993280      |
| train/                  |             |
|    approx_kl            | 0.007824895 |
|    clip_fraction        | 0.0481      |
|    clip_range           | 0.2         |
|    entropy_loss         | -0.137      |
|    explained_variance   | 0.0356      |
|    learning_rate        | 0.0003      |
|    loss                 | 4.19        |
|    n_updates            | 4840        |
|    policy_gradient_loss | -0.00254    |
|    value_loss           | 16.6        |
-----------------------------------------
FruitCounts | {'Fruit': 0, 'DecayFruit': 0, 'EnemyFruit': 0} |
------------------------------------------
| rollout/                |              |
|    ep_len_mean          | 726          |
|    ep_rew_mean          | 49.3         |
| time/                   |              |
|    fps                  | 181          |
|    iterations           | 486          |
|    time_elapsed         | 5486         |
|    total_timesteps      | 995328       |
| train/                  |              |
|    approx_kl            | 0.0075558797 |
|    clip_fraction        | 0.0358       |
|    clip_range           | 0.2          |
|    entropy_loss         | -0.138       |
|    explained_variance   | 0.175        |
|    learning_rate        | 0.0003       |
|    loss                 | 9.61         |
|    n_updates            | 4850         |
|    policy_gradient_loss | -0.0019      |
|    value_loss           | 20.7         |
------------------------------------------
FruitCounts | {'Fruit': 0, 'DecayFruit': 2, 'EnemyFruit': 1} |
-----------------------------------------
| rollout/                |             |
|    ep_len_mean          | 707         |
|    ep_rew_mean          | 49          |
| time/                   |             |
|    fps                  | 181         |
|    iterations           | 487         |
|    time_elapsed         | 5497        |
|    total_timesteps      | 997376      |
| train/                  |             |
|    approx_kl            | 0.006866168 |
|    clip_fraction        | 0.0478      |
|    clip_range           | 0.2         |
|    entropy_loss         | -0.145      |
|    explained_variance   | 0.187       |
|    learning_rate        | 0.0003      |
|    loss                 | 8.18        |
|    n_updates            | 4860        |
|    policy_gradient_loss | -0.0013     |
|    value_loss           | 22.3        |
-----------------------------------------
FruitCounts | {'Fruit': 0, 'DecayFruit': 3, 'EnemyFruit': 0} |
------------------------------------------
| rollout/                |              |
|    ep_len_mean          | 716          |
|    ep_rew_mean          | 50.6         |
| time/                   |              |
|    fps                  | 181          |
|    iterations           | 488          |
|    time_elapsed         | 5508         |
|    total_timesteps      | 999424       |
| train/                  |              |
|    approx_kl            | 0.0060933568 |
|    clip_fraction        | 0.0473       |
|    clip_range           | 0.2          |
|    entropy_loss         | -0.149       |
|    explained_variance   | -0.0331      |
|    learning_rate        | 0.0003       |
|    loss                 | 5.2          |
|    n_updates            | 4870         |
|    policy_gradient_loss | 0.000731     |
|    value_loss           | 13.6         |
------------------------------------------
FruitCounts | {'Fruit': 1, 'DecayFruit': 9, 'EnemyFruit': 12} |
------------------------------------------
| rollout/                |              |
|    ep_len_mean          | 721          |
|    ep_rew_mean          | 51.8         |
| time/                   |              |
|    fps                  | 181          |
|    iterations           | 489          |
|    time_elapsed         | 5518         |
|    total_timesteps      | 1001472      |
| train/                  |              |
|    approx_kl            | 0.0041153263 |
|    clip_fraction        | 0.0424       |
|    clip_range           | 0.2          |
|    entropy_loss         | -0.145       |
|    explained_variance   | 0.271        |
|    learning_rate        | 0.0003       |
|    loss                 | 3.24         |
|    n_updates            | 4880         |
|    policy_gradient_loss | -0.00205     |
|    value_loss           | 19.2         |
------------------------------------------
Average Reward: 13.06
Average Episode Length: 538.1
