rollout/,ep_len_mean,ep_rew_mean,exploration_rate,time/,episodes,fps,time_elapsed,total_timesteps,avg_fruit,avg_decayfruit,avg_enemyfruit,train/,learning_rate,loss,n_updates
,26.0,-25.3,1.0,,4,67,1,104,,,,,,,
,16.8,-25.2,1.0,,8,52,2,134,,,,,,,
,12.6,-25.1,1.0,,12,42,3,151,,,,,,,
,15.9,-25.2,0.999,,16,53,4,255,,,,,,,
,17.9,-26.7,0.999,,20,60,5,358,,,,,,,
,19.7,-26.4,0.999,,24,65,7,472,,,,,,,
,18.7,-26.3,0.999,,28,63,8,523,,,,,,,
,18.7,-26.1,0.999,,32,63,9,598,,,,,,,
,19.6,-26.0,0.998,,36,65,10,707,,,,,,,
,20.8,-25.2,0.998,,40,69,11,831,,,,,,,
,20.0,-25.2,0.998,,44,67,13,880,,,,,,,
,20.4,-25.2,0.998,,48,68,14,977,,,,,,,
,19.7,-25.2,0.998,,52,66,15,1023,,,,,,,
,19.4,-25.2,0.997,,56,65,16,1086,,,,,,,
,18.8,-25.2,0.997,,60,64,17,1129,,,,,,,
,19.3,-25.2,0.997,,64,65,18,1235,,,,,,,
,18.9,-23.0,0.997,,68,64,19,1283,,,,,,,
,18.9,-23.5,0.997,,72,65,20,1363,,,,,,,
,19.0,-23.6,0.997,,76,65,22,1442,,,,,,,
,18.6,-24.1,0.996,,80,64,23,1485,,,,,,,
,18.1,-24.1,0.996,,84,62,24,1520,,,,,,,
,17.8,-24.5,0.996,,88,62,25,1570,,,,,,,
,18.0,-23.2,0.996,,92,62,26,1660,,,,,,,
,18.1,-23.3,0.996,,96,63,27,1740,,,,,,,
,18.4,-23.4,0.996,,100,64,28,1839,,,,,,,
,17.7,-23.4,0.996,,104,62,29,1871,,,,,,,
,17.6,-23.4,0.996,,108,61,30,1893,,,,,,,
,18.2,-23.4,0.995,,112,61,31,1972,,,,,,,
,18.2,-21.6,0.995,,116,62,33,2076,,,,,,,
,17.9,-21.6,0.995,,120,62,34,2146,,,,,,,
,17.1,-21.6,0.995,,124,61,35,2179,,,,,,,
,17.4,-21.6,0.995,,128,61,36,2265,,,,,,,
,17.8,-21.6,0.994,,132,62,37,2373,,,,,,,
,17.1,-21.6,0.994,,136,62,38,2421,,,,,,,
,16.7,-21.9,0.994,,140,62,40,2504,,,,,,,
,16.7,-21.9,0.994,,144,61,41,2551,,,,,,,
,16.6,-21.9,0.994,,148,62,42,2639,,,,,,,
,17.1,-21.6,0.993,,152,62,43,2737,,,,,,,
,17.3,-21.9,0.993,,156,63,44,2814,,,,,,,
,17.7,-20.7,0.993,,160,63,45,2899,,,,,,,
,16.9,-21.0,0.993,,164,62,46,2930,,,,,,,
,17.7,-22.5,0.993,,168,63,48,3050,,,,,,,
,17.0,-22.2,0.993,,172,62,49,3067,,,,,,,
,17.3,-21.9,0.992,,176,63,50,3174,,,,,,,
,17.3,-21.6,0.992,,180,62,51,3218,,,,,,,
,18.7,-21.9,0.992,,184,64,52,3393,,,,,,,
,19.2,-21.6,0.992,,188,64,53,3495,,,,,,,
,19.0,-22.8,0.992,,192,64,54,3558,,,,,,,
,19.1,-22.8,0.991,,196,65,56,3648,,,,,,,
,19.1,-22.8,0.991,,200,65,57,3750,,,,,,,
,19.3,-22.8,0.991,,204,65,58,3802,,,,,,,
,19.7,-22.8,0.991,,208,65,59,3866,,,,,,,
,19.5,-22.8,0.991,,212,64,60,3926,,,,,,,
,19.4,-24.9,0.99,,216,65,61,4018,,,,,,,
,19.7,-24.6,0.99,,220,65,62,4119,,,,,,,
,20.2,-24.6,0.99,,224,65,63,4200,,,,,,,
,19.9,-24.6,0.99,,228,65,64,4252,,,,,,,
,20.4,-24.6,0.99,,232,66,66,4414,,,,,,,
,20.8,-23.4,0.989,,236,66,67,4496,,,,,,,
,20.1,-23.4,0.989,,240,66,68,4518,,,,,,,
,20.6,-23.1,0.989,,244,66,69,4611,,,,,,,
,20.5,-23.4,0.989,,248,66,70,4693,,,,,,,
,20.7,-22.2,0.989,,252,66,71,4809,,,,,,,
,20.9,-22.2,0.988,,256,67,73,4899,,,,,,,
,20.4,-23.4,0.988,,260,66,74,4937,,,,,,,
,21.3,-23.4,0.988,,264,67,75,5062,,,,,,,
,21.4,-23.4,0.988,,268,67,76,5193,,,,,,,
,22.6,-23.4,0.987,,272,68,77,5331,,,,,,,
,22.9,-24.0,0.987,,276,68,79,5465,,,,,,,
,23.0,-24.0,0.987,,280,68,80,5518,,,,,,,
,21.6,-23.7,0.987,,284,68,81,5558,,,,,,,
,21.4,-24.0,0.987,,288,68,82,5630,,,,,,,
,21.3,-24.0,0.986,,292,68,83,5692,,,,,,,
,21.3,-24.6,0.986,,296,68,84,5778,,,,,,,
,21.6,-24.6,0.986,,300,68,86,5905,,,,,,,
,21.3,-24.6,0.986,,304,68,87,5936,,,,,,,
,21.4,-24.6,0.986,,308,68,88,6005,,,,,,,
,21.5,-24.6,0.986,,312,68,89,6074,,,,,,,
,21.3,-24.3,0.985,,316,68,90,6148,,,,,,,
,21.2,-24.3,0.985,,320,68,91,6236,,,,,,,
,20.7,-24.3,0.985,,324,67,92,6272,,,,,,,
,20.9,-24.3,0.985,,328,67,93,6343,,,,,,,
,20.1,-23.7,0.985,,332,67,94,6423,,,,,,,
,20.2,-24.9,0.985,,336,67,96,6516,,,,,,,
,20.6,-24.9,0.984,,340,67,97,6581,,,,,,,
,20.3,-25.2,0.984,,344,67,98,6639,,,,,,,
,19.8,-24.9,0.984,,348,67,99,6677,,,,,,,
,19.5,-26.4,0.984,,352,67,100,6755,,,,,,,
,19.2,-26.1,0.984,,356,67,101,6822,,,,,,,
,19.4,-26.1,0.984,,360,66,102,6877,,,,,,,
,18.8,-25.8,0.984,,364,66,103,6937,,,,,,,
,18.6,-26.4,0.983,,368,67,105,7055,,,,,,,
,18.0,-26.7,0.983,,372,67,106,7133,,,,,,,
,17.2,-26.4,0.983,,376,66,107,7182,,,,,,,
,17.4,-26.7,0.983,,380,66,108,7256,,,,,,,
,18.2,-26.7,0.982,,384,67,109,7376,,,,,,,
,17.8,-26.4,0.982,,388,67,110,7413,,,,,,,
,17.7,-26.4,0.982,,392,66,111,7458,,,,,,,
,17.5,-25.5,0.982,,396,66,112,7532,,,,,,,
,17.5,-25.5,0.982,,400,67,113,7655,,,,,,,
,17.4,-25.5,0.982,,404,66,114,7681,,,,,,,
,17.6,-25.5,0.982,,408,66,116,7761,,,,,,,
,17.8,-25.5,0.981,,412,67,117,7857,,,,,,,
,17.7,-25.5,0.981,,416,66,118,7914,,,,,,,
,17.2,-25.5,0.981,,420,66,119,7954,,,,,,,
,17.9,-25.8,0.981,,424,66,120,8059,,,,,,,
,18.1,-25.8,0.981,,428,67,121,8154,,,,,,,
,18.6,-26.1,0.98,,432,67,122,8278,,,,,,,
,18.1,-26.1,0.98,,436,67,123,8324,,,,,,,
,17.8,-26.1,0.98,,440,66,124,8361,,,,,,,
,18.1,-26.7,0.98,,444,67,125,8450,,,,,,,
,18.3,-26.7,0.98,,448,66,127,8510,,,,,,,
,18.7,-27.0,0.98,,452,67,128,8626,,,,,,,
,18.7,-27.0,0.979,,456,67,129,8696,,,,,,,
,19.5,-27.0,0.979,,460,67,130,8828,,,,,,,
,21.3,-27.3,0.978,,464,68,132,9064,,,,,,,
,20.8,-26.7,0.978,,468,68,133,9135,,,,,,,
,20.6,-26.4,0.978,,472,68,134,9191,,,,,,,
,20.7,-26.4,0.978,,476,68,135,9252,,,,,,,
,20.7,-26.4,0.978,,480,68,136,9325,,,,,,,
,20.4,-26.4,0.978,,484,68,137,9415,,,,,,,
,20.5,-26.1,0.978,,488,68,138,9466,,,,,,,
,20.8,-26.1,0.977,,492,68,139,9533,,,,,,,
,21.2,-26.4,0.977,,496,68,140,9656,,,,,,,
,20.3,-26.4,0.977,,500,68,141,9681,,,,,,,
,20.3,-26.4,0.977,,504,67,142,9710,,,,,,,
,19.8,-26.4,0.977,,508,67,143,9741,,,,,,,
,19.7,-26.4,0.977,,512,67,144,9831,,,,,,,
,19.8,-26.4,0.977,,516,67,146,9889,,,,,,,
,20.1,-26.4,0.976,,520,67,147,9967,0.0,0.0,0.0,,,,
,19.6,-26.1,0.976,,524,67,148,10019,,,,,,,
,19.2,-26.1,0.976,,528,67,149,10073,,,,,,,
,18.7,-26.4,0.976,,532,67,150,10145,,,,,,,
,19.0,-25.2,0.976,,536,67,151,10222,,,,,,,
,19.8,-25.8,0.975,,540,67,152,10343,,,,,,,
,19.9,-25.2,0.975,,544,67,153,10437,,,,,,,
,19.6,-25.2,0.975,,548,67,154,10473,,,,,,,
,18.9,-24.9,0.975,,552,67,155,10516,,,,,,,
,18.5,-24.6,0.975,,556,67,156,10543,,,,,,,
,17.9,-24.6,0.975,,560,67,157,10613,,,,,,,
,16.3,-24.6,0.975,,564,67,158,10694,,,,,,,
,16.2,-24.6,0.974,,568,67,159,10754,,,,,,,
,16.5,-24.6,0.974,,572,67,161,10841,,,,,,,
,16.8,-24.6,0.974,,576,67,162,10927,,,,,,,
,17.0,-24.6,0.974,,580,67,163,11025,,,,,,,
,16.6,-24.6,0.974,,584,67,164,11073,,,,,,,
,16.3,-24.9,0.974,,588,67,165,11098,,,,,,,
,16.1,-23.4,0.974,,592,66,166,11146,,,,,,,
,15.8,-23.1,0.973,,596,67,167,11240,,,,,,,
,16.0,-23.1,0.973,,600,66,168,11281,,,,,,,
,16.1,-23.1,0.973,,604,66,169,11318,,,,,,,
,17.0,-23.4,0.973,,608,67,170,11443,,,,,,,
,16.8,-23.4,0.973,,612,66,171,11514,,,,,,,
,16.9,-23.4,0.972,,616,66,172,11584,,,,,,,
,16.8,-23.7,0.972,,620,66,174,11645,,,,,,,
,17.4,-23.7,0.972,,624,67,175,11757,,,,,,,
,18.1,-24.0,0.972,,628,67,176,11880,,,,,,,
,17.9,-22.5,0.972,,632,67,177,11932,,,,,,,
,17.4,-23.7,0.972,,636,66,178,11957,,,,,,,
,16.4,-23.1,0.972,,640,66,179,11988,,,,,,,
,16.4,-22.8,0.971,,644,66,180,12080,,,,,,,
,16.6,-22.8,0.971,,648,66,181,12137,,,,,,,
,17.1,-22.5,0.971,,652,66,182,12223,,,,,,,
,18.2,-22.8,0.971,,656,67,184,12365,,,,,,,
,18.2,-22.8,0.97,,660,67,185,12433,,,,,,,
,18.5,-23.1,0.97,,664,67,186,12540,,,,,,,
,19.3,-21.9,0.97,,668,67,187,12682,,,,,,,
,18.6,-21.9,0.97,,672,67,188,12704,,,,,,,
,18.0,-21.9,0.97,,676,67,189,12724,,,,,,,
,18.5,-22.2,0.969,,680,67,190,12878,,,,,,,
,18.6,-22.2,0.969,,684,67,191,12934,,,,,,,
,19.2,-22.5,0.969,,688,67,193,13015,,,,,,,
,20.4,-24.0,0.969,,692,67,194,13181,,,,,,,
,19.9,-24.3,0.969,,696,67,195,13227,,,,,,,
,20.0,-24.3,0.968,,700,67,196,13281,,,,,,,
,20.3,-24.3,0.968,,704,67,197,13344,,,,,,,
,20.4,-24.3,0.968,,708,67,198,13482,,,,,,,
,21.2,-24.3,0.968,,712,68,200,13639,,,,,,,
,21.1,-24.3,0.967,,716,68,201,13695,,,,,,,
,21.2,-24.0,0.967,,720,67,202,13763,,,,,,,
,21.0,-24.0,0.967,,724,67,203,13853,,,,,,,
,20.2,-23.7,0.967,,728,67,204,13896,,,,,,,
,20.3,-25.2,0.967,,732,67,205,13966,,,,,,,
,21.8,-25.2,0.966,,736,68,207,14141,,,,,,,
,22.6,-25.8,0.966,,740,68,208,14252,,,,,,,
,22.9,-26.4,0.966,,744,68,209,14367,,,,,,,
,23.1,-26.4,0.966,,748,68,211,14451,,,,,,,
,23.1,-24.6,0.965,,752,68,212,14532,,,,,,,
,22.7,-24.6,0.965,,756,68,213,14632,,,,,,,
,23.1,-24.9,0.965,,760,68,214,14747,,,,,,,
,22.6,-24.3,0.965,,764,68,215,14801,,,,,,,
,22.8,-25.5,0.964,,768,68,217,14962,,,,,,,
,23.5,-25.5,0.964,,772,68,218,15057,,,,,,,
,25.2,-25.6,0.964,,776,69,220,15240,,,,,,,
,24.8,-24.9,0.964,,780,69,221,15358,,,,,,,
,25.2,-25.0,0.963,,784,69,222,15454,,,,,,,
,25.8,-24.7,0.963,,788,69,223,15599,,,,,,,
,24.9,-24.6,0.963,,792,69,225,15676,,,,,,,
,24.9,-24.6,0.963,,796,69,226,15719,,,,,,,
,25.1,-24.7,0.963,,800,69,227,15789,,,,,,,
,25.9,-24.4,0.962,,804,69,228,15936,,,,,,,
,26.2,-24.1,0.962,,808,70,229,16100,,,,,,,
,25.0,-24.0,0.962,,812,69,230,16136,,,,,,,
,24.9,-24.0,0.962,,816,69,232,16181,,,,,,,
,25.5,-24.1,0.961,,820,69,233,16316,,,,,,,
,25.2,-24.4,0.961,,824,69,234,16374,,,,,,,
,25.2,-24.4,0.961,,828,69,235,16417,,,,,,,
,25.1,-23.8,0.961,,832,69,236,16473,,,,,,,
,23.7,-23.7,0.961,,836,69,237,16515,,,,,,,
,24.3,-23.1,0.96,,840,69,238,16683,,,,,,,
,23.8,-22.8,0.96,,844,69,240,16743,,,,,,,
,24.6,-22.8,0.96,,848,70,241,16908,,,,,,,
,25.0,-24.9,0.96,,852,70,242,17031,,,,,,,
,24.9,-24.9,0.959,,856,70,243,17117,,,,,,,
,24.8,-24.6,0.959,,860,70,244,17223,,,,,,,
,24.9,-23.7,0.959,,864,70,246,17293,,,,,,,
,23.7,-23.7,0.959,,868,70,247,17334,,,,,,,
,23.8,-23.7,0.959,,872,70,248,17432,,,,,,,
,22.5,-23.7,0.958,,876,70,249,17490,,,,,,,
,21.7,-23.7,0.958,,880,70,250,17528,,,,,,,
,23.1,-23.7,0.958,,884,70,251,17761,,,,,,,
,22.0,-24.0,0.958,,888,70,252,17802,,,,,,,
,21.9,-23.1,0.958,,892,70,253,17865,,,,,,,
,22.1,-23.1,0.957,,896,70,254,17931,,,,,,,
,22.2,-23.1,0.957,,900,70,256,18008,,,,,,,
,22.5,-22.5,0.957,,904,70,257,18182,,,,,,,
,22.7,-22.8,0.956,,908,71,258,18372,,,,,,,
,23.2,-23.1,0.956,,912,71,259,18454,,,,,,,
,23.4,-21.6,0.956,,916,70,260,18524,,,,,,,
,23.1,-21.6,0.956,,920,71,262,18627,,,,,,,
,23.6,-21.3,0.956,,924,71,263,18735,,,,,,,
,23.6,-21.3,0.955,,928,71,264,18775,,,,,,,
,24.1,-21.6,0.955,,932,71,265,18884,,,,,,,
,24.1,-21.6,0.955,,936,70,266,18924,,,,,,,
,22.6,-21.6,0.955,,940,70,267,18946,,,,,,,
,22.3,-21.6,0.955,,944,70,268,18974,,,,,,,
,21.5,-21.9,0.955,,948,70,269,19060,,,,,,,
,21.0,-21.6,0.955,,952,70,270,19134,,,,,,,
,21.1,-21.6,0.954,,956,70,271,19224,,,,,,,
,20.5,-21.6,0.954,,960,70,272,19272,,,,,,,
,20.6,-22.8,0.954,,964,70,274,19356,,,,,,,
,20.7,-22.8,0.954,,968,70,275,19408,,,,,,,
,20.8,-21.6,0.954,,972,70,276,19516,,,,,,,
,22.4,-22.8,0.953,,976,70,277,19733,,,,,,,
,23.0,-22.8,0.953,,980,71,279,19830,,,,,,,
,21.1,-22.8,0.953,,984,70,280,19869,,,,,,,
,21.3,-22.5,0.953,,988,70,281,19928,,,,,,,
,21.2,-23.4,0.953,,992,70,282,19984,0.0,0.0,0.0,,,,
,22.4,-23.7,0.952,,996,71,284,20174,,,,,0.0003,0.849,43.0
,22.8,-23.7,0.952,,1000,71,285,20292,,,,,0.0003,1.73,72.0
,21.5,-24.6,0.952,,1004,70,286,20335,,,,,0.0003,1.77,83.0
,20.0,-24.3,0.952,,1008,70,287,20375,,,,,0.0003,1.54,93.0
,20.2,-24.0,0.951,,1012,70,288,20477,,,,,0.0003,2.9,119.0
,19.8,-25.5,0.951,,1016,70,289,20501,,,,,0.0003,1.73,125.0
,19.6,-25.5,0.951,,1020,70,291,20583,,,,,0.0003,1.08,145.0
,19.7,-26.1,0.951,,1024,70,292,20702,,,,,0.0003,0.998,175.0
,20.6,-26.4,0.951,,1028,70,293,20832,,,,,0.0003,2.61,207.0
,20.8,-27.3,0.95,,1032,71,295,20964,,,,,0.0003,1.19,240.0
,21.2,-27.3,0.95,,1036,71,296,21041,,,,,0.0003,1.53,260.0
,21.9,-27.3,0.95,,1040,71,297,21132,,,,,0.0003,2.7,282.0
,22.7,-27.3,0.95,,1044,71,298,21247,,,,,0.0003,1.19,311.0
,22.4,-25.5,0.949,,1048,71,299,21302,,,,,0.0003,0.201,325.0
,22.4,-26.1,0.949,,1052,71,301,21379,,,,,0.0003,1.75,344.0
,22.0,-26.1,0.949,,1056,70,302,21423,,,,,0.0003,0.959,355.0
,21.8,-26.1,0.949,,1060,70,303,21452,,,,,0.0003,0.997,362.0
,21.6,-25.8,0.949,,1064,70,304,21512,,,,,0.0003,1.72,377.0
,23.0,-26.1,0.948,,1068,70,305,21708,,,,,0.0003,1.98,426.0
,23.5,-26.7,0.948,,1072,71,307,21865,,,,,0.0003,1.71,466.0
,23.3,-25.8,0.948,,1076,71,308,22065,,,,,0.0003,2.17,516.0
,22.9,-25.8,0.947,,1080,71,309,22125,,,,,0.0003,1.19,531.0
,22.7,-25.8,0.947,,1084,71,311,22143,,,,,0.0003,1.34,535.0
,22.9,-25.8,0.947,,1088,71,312,22217,,,,,0.0003,1.52,554.0
,23.0,-25.8,0.947,,1092,71,313,22283,,,,,0.0003,2.51,570.0
,22.0,-25.2,0.947,,1096,71,314,22377,,,,,0.0003,1.75,594.0
,21.4,-25.2,0.947,,1100,71,315,22433,,,,,0.0003,1.6,608.0
,21.7,-25.2,0.947,,1104,71,316,22507,,,,,0.0003,1.33,626.0
,22.9,-25.2,0.946,,1108,71,318,22665,,,,,0.0003,1.34,666.0
,22.8,-24.0,0.946,,1112,71,319,22757,,,,,0.0003,0.768,689.0
,22.8,-24.0,0.946,,1116,71,320,22785,,,,,0.0003,1.41,696.0
,22.7,-24.0,0.946,,1120,71,321,22849,,,,,0.0003,1.14,712.0
,22.3,-23.1,0.946,,1124,71,322,22933,,,,,0.0003,1.61,733.0
,23.5,-24.0,0.945,,1128,71,324,23186,,,,,0.0003,1.23,796.0
,23.6,-23.7,0.945,,1132,71,326,23328,,,,,0.0003,1.19,831.0
,23.5,-22.8,0.944,,1136,71,327,23387,,,,,0.0003,1.13,846.0
,23.7,-22.8,0.944,,1140,71,328,23501,,,,,0.0003,0.589,875.0
,23.4,-22.8,0.944,,1144,71,329,23583,,,,,0.0003,1.57,895.0
,23.6,-24.3,0.944,,1148,71,330,23663,,,,,0.0003,0.584,915.0
,23.5,-24.0,0.944,,1152,71,331,23725,,,,,0.0003,1.6,931.0
,24.9,-23.4,0.943,,1156,71,333,23916,,,,,0.0003,0.994,978.0
,25.5,-23.5,0.943,,1160,71,334,24003,,,,,0.0003,1.18,1000.0
,25.3,-23.5,0.943,,1164,71,335,24043,,,,,0.0003,1.69,1010.0
,25.8,-22.6,0.942,,1168,72,337,24288,,,,,0.0003,0.963,1071.0
,25.3,-23.8,0.942,,1172,72,338,24393,,,,,0.0003,1.33,1098.0
,23.9,-23.4,0.942,,1176,72,339,24456,,,,,0.0003,0.764,1113.0
,24.0,-23.7,0.942,,1180,71,340,24521,,,,,0.0003,1.12,1130.0
,24.8,-23.7,0.942,,1184,71,342,24626,,,,,0.0003,0.385,1156.0
,24.6,-23.7,0.941,,1188,71,343,24673,,,,,0.0003,1.29,1168.0
,24.9,-23.7,0.941,,1192,71,344,24770,,,,,0.0003,1.32,1192.0
,25.4,-23.8,0.941,,1196,72,345,24916,,,,,0.0003,1.14,1228.0
,25.3,-23.8,0.941,,1200,72,346,24965,,,,,0.0003,1.28,1241.0
,25.2,-23.8,0.941,,1204,71,347,25030,,,,,0.0003,0.988,1257.0
,25.0,-24.0,0.94,,1208,72,349,25164,,,,,0.0003,1.66,1290.0
,24.7,-25.2,0.94,,1212,72,350,25223,,,,,0.0003,0.584,1305.0
,25.2,-25.6,0.94,,1216,72,351,25310,,,,,0.0003,1.84,1327.0
,25.3,-25.6,0.94,,1220,71,352,25377,,,,,0.0003,1.69,1344.0
,25.2,-24.4,0.94,,1224,71,353,25455,,,,,0.0003,2.47,1363.0
,23.1,-23.1,0.939,,1228,71,354,25501,,,,,0.0003,0.931,1375.0
,22.7,-21.6,0.939,,1232,71,356,25595,,,,,0.0003,1.7,1398.0
,22.6,-22.5,0.939,,1236,71,357,25647,,,,,0.0003,1.9,1411.0
,21.8,-22.5,0.939,,1240,71,358,25680,,,,,0.0003,2.12,1419.0
,21.4,-22.5,0.939,,1244,71,359,25722,,,,,0.0003,1.92,1430.0
,21.2,-22.8,0.939,,1248,71,360,25786,,,,,0.0003,1.51,1446.0
,21.1,-22.8,0.939,,1252,71,361,25838,,,,,0.0003,1.47,1459.0
,19.9,-23.4,0.938,,1256,71,362,25902,,,,,0.0003,1.72,1475.0
,19.7,-23.7,0.938,,1260,71,363,25970,,,,,0.0003,0.412,1492.0
,20.2,-24.0,0.938,,1264,71,364,26062,,,,,0.0003,0.398,1515.0
,18.3,-24.6,0.938,,1268,71,365,26118,,,,,0.0003,0.928,1529.0
,17.8,-24.0,0.938,,1272,71,367,26169,,,,,0.0003,1.57,1542.0
,17.9,-24.0,0.938,,1276,71,368,26241,,,,,0.0003,0.91,1560.0
,17.8,-23.7,0.938,,1280,71,369,26297,,,,,0.0003,1.52,1574.0
,17.3,-23.7,0.937,,1284,71,370,26356,,,,,0.0003,0.792,1588.0
,18.4,-23.4,0.937,,1288,71,371,26510,,,,,0.0003,0.794,1627.0
,18.1,-23.4,0.937,,1292,71,372,26576,,,,,0.0003,1.18,1643.0
,17.5,-23.7,0.937,,1296,71,374,26663,,,,,0.0003,2.08,1665.0
,18.1,-22.5,0.936,,1300,71,375,26771,,,,,0.0003,0.621,1692.0
,17.7,-22.5,0.936,,1304,71,376,26803,,,,,0.0003,0.778,1700.0
,17.4,-22.2,0.936,,1308,71,377,26904,,,,,0.0003,1.14,1725.0
,17.5,-22.2,0.936,,1312,71,378,26975,,,,,0.0003,1.15,1743.0
,18.2,-22.2,0.936,,1316,71,380,27135,,,,,0.0003,1.41,1783.0
,19.2,-22.5,0.935,,1320,71,381,27300,,,,,0.0003,1.43,1824.0
,19.6,-24.3,0.935,,1324,71,382,27412,,,,,0.0003,1.22,1852.0
,20.0,-24.3,0.935,,1328,71,384,27497,,,,,0.0003,0.831,1874.0
,19.6,-25.5,0.935,,1332,71,385,27554,,,,,0.0003,0.909,1888.0
,21.5,-26.1,0.934,,1336,71,386,27797,,,,,0.0003,0.762,1949.0
,21.6,-26.1,0.934,,1340,71,387,27835,,,,,0.0003,1.52,1958.0
,22.0,-26.1,0.934,,1344,71,389,27920,,,,,0.0003,1.62,1979.0
,22.1,-25.8,0.934,,1348,71,390,27994,,,,,0.0003,1.31,1998.0
,22.4,-25.8,0.933,,1352,71,391,28080,,,,,0.0003,0.571,2019.0
,23.0,-25.8,0.933,,1356,71,392,28205,,,,,0.0003,1.46,2051.0
,22.7,-25.5,0.933,,1360,71,393,28236,,,,,0.0003,1.07,2058.0
,22.4,-25.2,0.933,,1364,71,394,28301,,,,,0.0003,1.53,2075.0
,23.2,-24.6,0.932,,1368,71,396,28442,,,,,0.0003,1.88,2110.0
,23.4,-24.6,0.932,,1372,71,397,28505,,,,,0.0003,1.87,2126.0
,24.5,-24.6,0.932,,1376,71,398,28689,,,,,0.0003,1.26,2172.0
,25.7,-25.0,0.931,,1380,72,400,28865,,,,,0.0003,1.85,2216.0
,26.2,-25.3,0.931,,1384,72,401,28974,,,,,0.0003,1.87,2243.0
,26.3,-25.6,0.931,,1388,72,402,29137,,,,,0.0003,1.21,2284.0
,27.2,-24.4,0.93,,1392,72,404,29299,,,,,0.0003,1.71,2324.0
,26.7,-24.4,0.93,,1396,72,405,29329,,,,,0.0003,1.37,2332.0
,27.2,-25.6,0.93,,1400,72,406,29494,,,,,0.0003,1.55,2373.0
,27.6,-25.6,0.93,,1404,72,407,29563,,,,,0.0003,0.886,2390.0
,27.9,-24.7,0.929,,1408,72,409,29695,,,,,0.0003,0.754,2423.0
,27.9,-24.7,0.929,,1412,72,410,29765,,,,,0.0003,1.62,2441.0
,27.7,-24.1,0.929,,1416,72,411,29904,,,,,0.0003,1.39,2475.0
,26.9,-22.3,0.929,,1420,72,412,29993,0.0,0.0,0.0,,0.0003,0.847,2498.0
,26.0,-22.0,0.929,,1424,72,413,30008,,,,,0.0003,1.18,2501.0
,25.9,-21.4,0.929,,1428,72,415,30083,,,,,0.0003,0.776,2520.0
,26.1,-21.4,0.928,,1432,72,416,30166,,,,,0.0003,1.43,2541.0
,25.8,-20.8,0.928,,1436,72,417,30377,,,,,0.0003,1.38,2594.0
,26.4,-20.5,0.928,,1440,72,419,30478,,,,,0.0003,2.26,2619.0
,26.1,-19.3,0.928,,1444,72,420,30526,,,,,0.0003,1.18,2631.0
,25.5,-19.3,0.927,,1448,72,421,30543,,,,,0.0003,1.14,2635.0
,25.1,-19.3,0.927,,1452,72,422,30592,,,,,0.0003,0.58,2647.0
,24.9,-19.2,0.927,,1456,72,423,30698,,,,,0.0003,0.749,2674.0
,25.3,-19.3,0.927,,1460,72,424,30764,,,,,0.0003,0.337,2690.0
,26.0,-19.6,0.927,,1464,72,425,30897,,,,,0.0003,1.77,2724.0
,25.2,-20.2,0.926,,1468,72,426,30962,,,,,0.0003,1.99,2740.0
,25.3,-20.2,0.926,,1472,72,428,31038,,,,,0.0003,1.49,2759.0
,24.8,-19.8,0.926,,1476,72,429,31165,,,,,0.0003,2.19,2791.0
,23.8,-19.5,0.926,,1480,72,430,31242,,,,,0.0003,1.05,2810.0
,23.4,-19.2,0.926,,1484,72,431,31312,,,,,0.0003,1.04,2827.0
,22.5,-19.2,0.925,,1488,72,432,31387,,,,,0.0003,1.13,2846.0
,21.1,-20.4,0.925,,1492,72,433,31411,,,,,0.0003,1.66,2852.0
,22.1,-20.7,0.925,,1496,72,435,31535,,,,,0.0003,1.51,2883.0
,21.7,-20.7,0.925,,1500,72,436,31668,,,,,0.0003,0.498,2916.0
,22.2,-21.0,0.925,,1504,72,437,31779,,,,,0.0003,1.13,2944.0
,21.3,-21.9,0.924,,1508,72,438,31824,,,,,0.0003,0.434,2955.0
,22.2,-21.9,0.924,,1512,72,440,31987,,,,,0.0003,2.13,2996.0
,22.4,-22.5,0.924,,1516,72,441,32142,,,,,0.0003,3.22,3035.0
,22.4,-24.3,0.923,,1520,72,442,32231,,,,,0.0003,1.09,3057.0
,22.6,-24.3,0.923,,1524,72,443,32265,,,,,0.0003,0.569,3066.0
,22.3,-24.9,0.923,,1528,72,444,32313,,,,,0.0003,1.23,3078.0
,22.3,-24.9,0.923,,1532,72,446,32392,,,,,0.0003,0.745,3097.0
,20.9,-24.9,0.923,,1536,72,447,32468,,,,,0.0003,1.62,3116.0
,20.2,-25.2,0.923,,1540,72,448,32494,,,,,0.0003,1.03,3123.0
,21.8,-26.4,0.922,,1544,72,449,32706,,,,,0.0003,0.484,3176.0
,22.2,-26.4,0.922,,1548,72,450,32762,,,,,0.0003,1.49,3190.0
,22.3,-26.4,0.922,,1552,72,451,32820,,,,,0.0003,0.989,3204.0
,21.7,-26.4,0.922,,1556,72,452,32868,,,,,0.0003,0.61,3216.0
,21.8,-27.0,0.922,,1560,72,454,32939,,,,,0.0003,1.36,3234.0
,22.0,-27.0,0.921,,1564,72,455,33095,,,,,0.0003,1.12,3273.0
,21.8,-27.0,0.921,,1568,72,456,33138,,,,,0.0003,1.84,3284.0
,21.6,-27.0,0.921,,1572,72,457,33194,,,,,0.0003,0.323,3298.0
,21.1,-27.3,0.921,,1576,72,458,33278,,,,,0.0003,2.68,3319.0
,22.2,-27.3,0.921,,1580,72,460,33459,,,,,0.0003,0.545,3364.0
,22.3,-27.3,0.92,,1584,72,461,33542,,,,,0.0003,0.37,3385.0
,22.1,-25.8,0.92,,1588,72,462,33600,,,,,0.0003,0.949,3399.0
,22.2,-25.8,0.92,,1592,72,463,33630,,,,,0.0003,1.56,3407.0
,21.6,-25.5,0.92,,1596,72,464,33690,,,,,0.0003,0.643,3422.0
,22.0,-25.8,0.92,,1600,72,466,33867,,,,,0.0003,0.867,3466.0
,22.3,-25.8,0.919,,1604,72,467,34013,,,,,0.0003,1.26,3503.0
,23.3,-25.8,0.919,,1608,72,468,34155,,,,,0.0003,0.662,3538.0
,22.2,-25.8,0.919,,1612,72,470,34210,,,,,0.0003,1.36,3552.0
,21.3,-25.5,0.919,,1616,72,471,34274,,,,,0.0003,1.14,3568.0
,21.7,-25.8,0.918,,1620,72,472,34398,,,,,0.0003,0.492,3599.0
,22.2,-23.4,0.918,,1624,72,473,34483,,,,,0.0003,0.473,3620.0
,23.2,-23.1,0.918,,1628,72,475,34633,,,,,0.0003,0.671,3658.0
,22.6,-23.1,0.918,,1632,72,476,34652,,,,,0.0003,0.539,3662.0
,23.0,-23.4,0.917,,1636,72,477,34770,,,,,0.0003,0.935,3692.0
,25.3,-24.1,0.917,,1640,73,478,35025,,,,,0.0003,1.36,3756.0
,23.7,-24.0,0.917,,1644,73,480,35080,,,,,0.0003,0.612,3769.0
,25.0,-24.0,0.916,,1648,73,481,35258,,,,,0.0003,1.5,3814.0
,25.2,-23.8,0.916,,1652,73,482,35343,,,,,0.0003,0.283,3835.0
,25.4,-23.8,0.916,,1656,73,483,35404,,,,,0.0003,2.32,3850.0
,25.3,-23.2,0.916,,1660,73,485,35465,,,,,0.0003,1.25,3866.0
,25.6,-23.2,0.915,,1664,73,486,35660,,,,,0.0003,1.14,3914.0
,25.6,-23.2,0.915,,1668,73,487,35695,,,,,0.0003,1.22,3923.0
,25.4,-23.2,0.915,,1672,73,488,35739,,,,,0.0003,1.59,3934.0
,25.2,-23.2,0.915,,1676,73,489,35803,,,,,0.0003,0.394,3950.0
,25.0,-23.5,0.915,,1680,73,491,35962,,,,,0.0003,1.02,3990.0
,24.8,-23.7,0.914,,1684,73,492,36018,,,,,0.0003,0.948,4004.0
,25.1,-25.6,0.914,,1688,73,493,36111,,,,,0.0003,0.574,4027.0
,25.8,-25.6,0.914,,1692,73,494,36206,,,,,0.0003,1.38,4051.0
,26.2,-25.6,0.914,,1696,73,496,36314,,,,,0.0003,1.15,4078.0
,24.9,-25.2,0.914,,1700,73,497,36361,,,,,0.0003,3.28,4090.0
,24.5,-24.9,0.913,,1704,73,498,36466,,,,,0.0003,1.11,4116.0
,23.7,-24.9,0.913,,1708,73,499,36521,,,,,0.0003,0.597,4130.0
,23.8,-24.9,0.913,,1712,73,500,36587,,,,,0.0003,1.19,4146.0
,23.7,-24.9,0.913,,1716,73,501,36644,,,,,0.0003,0.923,4160.0
,22.9,-24.3,0.913,,1720,72,502,36688,,,,,0.0003,1.15,4171.0
,23.1,-27.0,0.913,,1724,72,504,36794,,,,,0.0003,0.822,4198.0
,22.3,-27.3,0.912,,1728,72,505,36859,,,,,0.0003,1.77,4214.0
,22.4,-27.3,0.912,,1732,72,506,36896,,,,,0.0003,1.47,4223.0
,21.9,-27.0,0.912,,1736,72,507,36955,,,,,0.0003,1.25,4238.0
,19.5,-26.4,0.912,,1740,72,508,36978,,,,,0.0003,0.806,4244.0
,20.4,-26.4,0.912,,1744,72,509,37118,,,,,0.0003,0.236,4279.0
,19.4,-25.2,0.912,,1748,72,511,37202,,,,,0.0003,1.06,4300.0
,19.2,-25.5,0.912,,1752,72,512,37261,,,,,0.0003,1.34,4315.0
,19.3,-25.5,0.911,,1756,72,513,37337,,,,,0.0003,0.994,4334.0
,19.2,-24.0,0.911,,1760,72,514,37383,,,,,0.0003,1.16,4345.0
,17.5,-23.7,0.911,,1764,72,515,37414,,,,,0.0003,0.619,4353.0
,18.4,-23.7,0.911,,1768,72,516,37534,,,,,0.0003,0.841,4383.0
,19.2,-24.3,0.911,,1772,72,517,37658,,,,,0.0003,1.14,4414.0
,19.4,-24.0,0.91,,1776,72,519,37738,,,,,0.0003,0.414,4434.0
,18.1,-23.7,0.91,,1780,72,520,37777,,,,,0.0003,1.44,4444.0
,18.0,-23.4,0.91,,1784,72,521,37822,,,,,0.0003,0.761,4455.0
,17.4,-23.1,0.91,,1788,72,522,37850,,,,,0.0003,0.595,4462.0
,17.5,-23.4,0.91,,1792,72,523,37953,,,,,0.0003,1.01,4488.0
,18.4,-23.7,0.909,,1796,72,525,38159,,,,,0.0003,2.78,4539.0
,18.4,-23.7,0.909,,1800,72,526,38204,,,,,0.0003,0.82,4550.0
,18.1,-24.6,0.909,,1804,72,527,38280,,,,,0.0003,1.78,4569.0
,19.0,-24.6,0.909,,1808,72,528,38417,,,,,0.0003,0.702,4604.0
,19.0,-24.9,0.909,,1812,72,530,38487,,,,,0.0003,1.75,4621.0
,19.3,-24.6,0.908,,1816,72,531,38571,,,,,0.0003,2.31,4642.0
,19.3,-24.9,0.908,,1820,72,532,38615,,,,,0.0003,0.951,4653.0
,19.4,-24.9,0.908,,1824,72,533,38734,,,,,0.0003,1.4,4683.0
,19.3,-24.9,0.908,,1828,72,534,38785,,,,,0.0003,0.953,4696.0
,19.6,-24.9,0.908,,1832,72,535,38860,,,,,0.0003,1.65,4714.0
,19.9,-23.4,0.908,,1836,72,537,38942,,,,,0.0003,0.958,4735.0
,20.2,-23.4,0.907,,1840,72,538,39001,,,,,0.0003,1.15,4750.0
,19.2,-23.4,0.907,,1844,72,539,39042,,,,,0.0003,1.37,4760.0
,19.1,-24.6,0.907,,1848,72,540,39112,,,,,0.0003,1.78,4777.0
,18.9,-24.6,0.907,,1852,72,541,39153,,,,,0.0003,1.55,4788.0
,20.2,-24.0,0.907,,1856,72,543,39356,,,,,0.0003,0.562,4838.0
,20.7,-26.1,0.906,,1860,72,544,39455,,,,,0.0003,0.417,4863.0
,22.1,-26.4,0.906,,1864,72,545,39623,,,,,0.0003,0.721,4905.0
,21.1,-26.7,0.906,,1868,72,546,39646,,,,,0.0003,0.568,4911.0
,20.7,-26.1,0.906,,1872,72,548,39725,,,,,0.0003,1.09,4931.0
,20.9,-26.7,0.905,,1876,72,549,39826,0.0,0.0,0.0,,0.0003,0.841,4956.0
,22.3,-27.0,0.905,,1880,72,550,40011,,,,,0.0003,1.2,5002.0
,22.6,-27.3,0.905,,1884,72,551,40078,,,,,0.0003,3.14,5019.0
,24.0,-27.3,0.904,,1888,72,553,40246,,,,,0.0003,0.604,5061.0
,23.7,-27.0,0.904,,1892,72,554,40322,,,,,0.0003,0.587,5080.0
,23.2,-26.4,0.904,,1896,72,556,40481,,,,,0.0003,1.2,5120.0
,24.1,-26.7,0.904,,1900,72,557,40613,,,,,0.0003,2.96,5153.0
,24.6,-25.8,0.903,,1904,72,558,40737,,,,,0.0003,1.28,5184.0
,23.6,-25.8,0.903,,1908,72,559,40782,,,,,0.0003,0.959,5195.0
,23.9,-25.8,0.903,,1912,72,560,40876,,,,,0.0003,0.823,5218.0
,24.0,-26.4,0.903,,1916,72,562,40972,,,,,0.0003,1.43,5242.0
,25.0,-26.2,0.902,,1920,72,563,41118,,,,,0.0003,1.19,5279.0
,26.6,-26.5,0.902,,1924,73,565,41392,,,,,0.0003,0.685,5347.0
,26.5,-26.5,0.902,,1928,73,566,41437,,,,,0.0003,0.569,5359.0
,26.3,-26.5,0.901,,1932,73,567,41492,,,,,0.0003,0.815,5372.0
,25.9,-28.0,0.901,,1936,73,568,41527,,,,,0.0003,0.778,5381.0
,26.3,-28.0,0.901,,1940,73,569,41632,,,,,0.0003,1.96,5407.0
,26.6,-28.0,0.901,,1944,73,570,41706,,,,,0.0003,0.591,5426.0
,26.8,-27.1,0.901,,1948,73,572,41795,,,,,0.0003,0.602,5448.0
,27.1,-27.4,0.901,,1952,73,573,41864,,,,,0.0003,0.77,5465.0
,25.9,-28.0,0.9,,1956,73,574,41941,,,,,0.0003,1.14,5485.0
,25.5,-26.5,0.9,,1960,72,575,42007,,,,,0.0003,1.3,5501.0
,24.9,-26.4,0.9,,1964,72,576,42108,,,,,0.0003,0.921,5526.0
,25.6,-26.2,0.9,,1968,73,578,42209,,,,,0.0003,0.983,5552.0
,25.4,-26.2,0.9,,1972,72,579,42263,,,,,0.0003,0.965,5565.0
,25.5,-25.9,0.899,,1976,72,580,42373,,,,,0.0003,1.17,5593.0
,24.6,-25.5,0.899,,1980,73,581,42470,,,,,0.0003,1.55,5617.0
,24.3,-25.2,0.899,,1984,72,582,42507,,,,,0.0003,1.71,5626.0
,23.1,-24.0,0.899,,1988,72,583,42556,,,,,0.0003,1.15,5638.0
,23.2,-24.0,0.899,,1992,72,585,42646,,,,,0.0003,0.616,5661.0
,22.7,-24.3,0.898,,1996,72,586,42754,,,,,0.0003,2.83,5688.0
,22.0,-24.0,0.898,,2000,72,587,42815,,,,,0.0003,0.97,5703.0
,21.8,-24.0,0.898,,2004,72,588,42916,,,,,0.0003,0.991,5728.0
,22.1,-23.1,0.898,,2008,72,589,42992,,,,,0.0003,0.406,5747.0
,21.7,-22.8,0.898,,2012,72,590,43049,,,,,0.0003,0.801,5762.0
,21.8,-22.5,0.898,,2016,72,592,43155,,,,,0.0003,0.957,5788.0
,21.0,-23.1,0.897,,2020,72,593,43219,,,,,0.0003,2.12,5804.0
,19.0,-22.5,0.897,,2024,72,594,43295,,,,,0.0003,1.38,5823.0
,20.2,-22.5,0.897,,2028,72,595,43454,,,,,0.0003,1.9,5863.0
,21.9,-21.3,0.896,,2032,73,597,43677,,,,,0.0003,2.52,5919.0
,22.7,-21.9,0.896,,2036,73,598,43795,,,,,0.0003,0.588,5948.0
,23.3,-22.2,0.896,,2040,73,600,43959,,,,,0.0003,0.211,5989.0
,24.0,-22.8,0.895,,2044,73,601,44104,,,,,0.0003,0.969,6025.0
,24.1,-23.7,0.895,,2048,73,602,44200,,,,,0.0003,1.48,6049.0
,25.0,-24.1,0.895,,2052,73,604,44366,,,,,0.0003,1.4,6091.0
,24.9,-24.3,0.894,,2056,73,605,44435,,,,,0.0003,0.81,6108.0
,25.9,-25.3,0.894,,2060,73,606,44596,,,,,0.0003,0.773,6148.0
,25.3,-25.3,0.894,,2064,73,607,44639,,,,,0.0003,1.03,6159.0
,26.4,-25.3,0.893,,2068,73,609,44845,,,,,0.0003,1.16,6211.0
,26.4,-25.3,0.893,,2072,73,610,44903,,,,,0.0003,2.62,6225.0
,26.5,-25.6,0.893,,2076,73,611,45026,,,,,0.0003,0.791,6256.0
,25.7,-25.6,0.893,,2080,73,612,45041,,,,,0.0003,1.56,6260.0
,26.8,-25.9,0.893,,2084,73,614,45185,,,,,0.0003,0.952,6296.0
,26.9,-27.1,0.893,,2088,73,615,45249,,,,,0.0003,0.925,6312.0
,26.9,-27.1,0.892,,2092,73,616,45338,,,,,0.0003,0.785,6334.0
,26.4,-27.1,0.892,,2096,73,617,45399,,,,,0.0003,0.586,6349.0
,26.3,-27.1,0.892,,2100,73,618,45446,,,,,0.0003,1.02,6361.0
,25.8,-25.6,0.892,,2104,73,619,45499,,,,,0.0003,1.01,6374.0
,26.7,-26.5,0.892,,2108,73,621,45664,,,,,0.0003,0.59,6415.0
,27.1,-26.5,0.891,,2112,73,622,45763,,,,,0.0003,1.33,6440.0
,27.7,-26.8,0.891,,2116,73,624,45929,,,,,0.0003,0.577,6482.0
,28.0,-25.9,0.891,,2120,73,625,46022,,,,,0.0003,0.588,6505.0
,27.7,-25.9,0.891,,2124,73,626,46061,,,,,0.0003,1.72,6515.0
,27.1,-25.6,0.89,,2128,73,627,46169,,,,,0.0003,0.782,6542.0
,25.6,-26.8,0.89,,2132,73,628,46239,,,,,0.0003,1.34,6559.0
,24.9,-26.1,0.89,,2136,73,629,46289,,,,,0.0003,0.974,6572.0
,24.1,-24.6,0.89,,2140,73,631,46367,,,,,0.0003,1.38,6591.0
,23.4,-24.0,0.89,,2144,73,632,46440,,,,,0.0003,1.14,6609.0
,23.4,-23.7,0.889,,2148,73,633,46542,,,,,0.0003,1.78,6635.0
,22.8,-23.1,0.889,,2152,73,634,46648,,,,,0.0003,1.95,6661.0
,22.7,-22.8,0.889,,2156,73,635,46703,,,,,0.0003,1.27,6675.0
,22.6,-23.4,0.889,,2160,73,637,46858,,,,,0.0003,2.09,6714.0
,23.6,-23.1,0.888,,2164,73,638,46997,,,,,0.0003,1.01,6749.0
,21.9,-23.1,0.888,,2168,73,639,47035,,,,,0.0003,1.65,6758.0
,21.6,-23.1,0.888,,2172,73,640,47061,,,,,0.0003,0.992,6765.0
,21.5,-22.8,0.888,,2176,73,642,47178,,,,,0.0003,1.21,6794.0
,22.3,-22.2,0.888,,2180,73,643,47268,,,,,0.0003,1.34,6816.0
,21.3,-21.9,0.888,,2184,73,644,47312,,,,,0.0003,0.404,6827.0
,22.1,-21.9,0.887,,2188,73,645,47457,,,,,0.0003,1.18,6864.0
,23.0,-22.2,0.887,,2192,73,647,47642,,,,,0.0003,1.17,6910.0
,23.1,-22.2,0.887,,2196,73,648,47713,,,,,0.0003,0.771,6928.0
,24.1,-22.2,0.886,,2200,73,649,47854,,,,,0.0003,2.02,6963.0
,24.1,-24.0,0.886,,2204,73,650,47912,,,,,0.0003,1.79,6977.0
,23.4,-22.2,0.886,,2208,73,651,48008,,,,,0.0003,1.3,7001.0
,23.4,-22.2,0.886,,2212,73,653,48098,,,,,0.0003,1.09,7024.0
,22.4,-21.6,0.886,,2216,73,654,48167,,,,,0.0003,0.982,7041.0
,22.9,-21.9,0.885,,2220,73,655,48311,,,,,0.0003,1.92,7077.0
,22.8,-21.9,0.885,,2224,73,656,48340,,,,,0.0003,0.998,7084.0
,22.7,-22.2,0.885,,2228,73,658,48436,,,,,0.0003,0.583,7108.0
,22.3,-22.2,0.885,,2232,73,659,48469,,,,,0.0003,1.79,7117.0
,22.1,-22.2,0.885,,2236,73,660,48498,,,,,0.0003,1.12,7124.0
,21.8,-23.4,0.885,,2240,73,661,48546,,,,,0.0003,1.37,7136.0
,21.4,-23.1,0.885,,2244,73,662,48580,,,,,0.0003,2.39,7144.0
,21.0,-23.4,0.884,,2248,73,663,48640,,,,,0.0003,1.58,7159.0
,20.2,-23.4,0.884,,2252,73,664,48667,,,,,0.0003,1.01,7166.0
,20.7,-23.4,0.884,,2256,73,665,48772,,,,,0.0003,1.01,7192.0
,19.8,-22.8,0.884,,2260,73,666,48839,,,,,0.0003,1.22,7209.0
,19.1,-22.8,0.884,,2264,73,668,48910,,,,,0.0003,1.18,7227.0
,20.2,-23.7,0.883,,2268,73,669,49053,,,,,0.0003,2.81,7263.0
,20.2,-23.7,0.883,,2272,73,670,49085,,,,,0.0003,0.603,7271.0
,19.9,-23.7,0.883,,2276,73,671,49168,,,,,0.0003,2.47,7291.0
,19.5,-24.3,0.883,,2280,73,672,49222,,,,,0.0003,1.18,7305.0
,19.6,-24.6,0.883,,2284,73,673,49276,,,,,0.0003,1.23,7318.0
,18.8,-24.6,0.883,,2288,73,674,49334,,,,,0.0003,1.22,7333.0
,19.0,-24.6,0.882,,2292,73,676,49545,,,,,0.0003,0.403,7386.0
,19.1,-24.6,0.882,,2296,73,677,49620,,,,,0.0003,0.585,7404.0
,18.4,-24.6,0.882,,2300,73,678,49696,,,,,0.0003,0.575,7423.0
,18.2,-24.3,0.882,,2304,73,679,49733,,,,,0.0003,1.06,7433.0
,18.7,-26.4,0.882,,2308,73,681,49879,,,,,0.0003,1.85,7469.0
,18.8,-26.7,0.881,,2312,73,682,49978,0.0,0.0,0.0,,0.0003,1.01,7494.0
,18.9,-27.0,0.881,,2316,73,683,50060,,,,,0.0003,2.57,7514.0
,18.3,-27.0,0.881,,2320,73,684,50143,,,,,0.0003,0.58,7535.0
,18.7,-27.0,0.881,,2324,73,685,50214,,,,,0.0003,2.15,7553.0
,18.7,-27.0,0.881,,2328,73,687,50309,,,,,0.0003,1.38,7577.0
,19.0,-27.0,0.88,,2332,73,688,50372,,,,,0.0003,0.98,7592.0
,19.3,-27.0,0.88,,2336,73,689,50425,,,,,0.0003,1.44,7606.0
,19.1,-27.0,0.88,,2340,73,690,50461,,,,,0.0003,0.843,7615.0
,20.1,-27.3,0.88,,2344,73,691,50595,,,,,0.0003,0.847,7648.0
,21.8,-27.3,0.879,,2348,73,693,50819,,,,,0.0003,0.782,7704.0
,22.4,-27.6,0.879,,2352,73,694,50905,,,,,0.0003,0.801,7726.0
,21.8,-27.6,0.879,,2356,73,695,50955,,,,,0.0003,2.1,7738.0
,22.2,-28.2,0.879,,2360,73,696,51060,,,,,0.0003,1.02,7764.0
,22.1,-28.2,0.879,,2364,73,697,51123,,,,,0.0003,1.83,7780.0
,21.5,-27.6,0.878,,2368,73,699,51200,,,,,0.0003,0.792,7799.0
,22.1,-27.6,0.878,,2372,73,700,51290,,,,,0.0003,0.827,7822.0
,22.1,-27.3,0.878,,2376,73,701,51377,,,,,0.0003,2.06,7844.0
,22.6,-27.6,0.878,,2380,73,702,51481,,,,,0.0003,0.798,7870.0
,23.0,-27.3,0.878,,2384,73,703,51577,,,,,0.0003,1.39,7894.0
,24.1,-27.3,0.877,,2388,73,705,51739,,,,,0.0003,0.987,7934.0
,23.7,-26.7,0.877,,2392,73,706,51917,,,,,0.0003,2.02,7979.0
,23.4,-26.7,0.877,,2396,73,707,51965,,,,,0.0003,1.28,7991.0
,23.2,-26.7,0.876,,2400,73,709,52019,,,,,0.0003,1.06,8004.0
,23.7,-26.7,0.876,,2404,73,710,52107,,,,,0.0003,1.06,8026.0
,23.1,-26.4,0.876,,2408,73,711,52193,,,,,0.0003,0.972,8048.0
,22.8,-26.1,0.876,,2412,73,712,52262,,,,,0.0003,1.3,8065.0
,22.7,-26.1,0.876,,2416,73,713,52334,,,,,0.0003,0.212,8083.0
,22.2,-26.1,0.876,,2420,73,714,52364,,,,,0.0003,0.974,8090.0
,24.3,-24.9,0.875,,2424,73,716,52645,,,,,0.0003,1.02,8161.0
,24.1,-24.6,0.875,,2428,73,717,52716,,,,,0.0003,1.01,8178.0
,23.7,-24.6,0.875,,2432,73,718,52745,,,,,0.0003,1.73,8186.0
,23.9,-24.6,0.875,,2436,73,719,52812,,,,,0.0003,1.77,8202.0
,24.1,-24.6,0.874,,2440,73,721,52871,,,,,0.0003,1.43,8217.0
,23.5,-24.6,0.874,,2444,73,722,52949,,,,,0.0003,0.83,8237.0
,22.1,-24.9,0.874,,2448,73,723,53028,,,,,0.0003,1.69,8256.0
,22.6,-24.6,0.874,,2452,73,724,53169,,,,,0.0003,0.62,8292.0
,23.3,-24.6,0.873,,2456,73,726,53286,,,,,0.0003,0.797,8321.0
,22.8,-24.0,0.873,,2460,73,727,53343,,,,,0.0003,1.01,8335.0
,23.2,-24.0,0.873,,2464,73,728,53443,,,,,0.0003,0.224,8360.0
,23.3,-23.7,0.873,,2468,73,729,53528,,,,,0.0003,1.15,8381.0
,23.5,-23.7,0.873,,2472,73,730,53639,,,,,0.0003,0.958,8409.0
,23.1,-24.0,0.872,,2476,73,731,53688,,,,,0.0003,0.635,8421.0
,23.9,-22.5,0.872,,2480,73,733,53874,,,,,0.0003,0.807,8468.0
,24.7,-21.0,0.872,,2484,73,734,54049,,,,,0.0003,1.26,8512.0
,23.8,-21.0,0.871,,2488,73,736,54121,,,,,0.0003,1.79,8530.0
,22.6,-21.3,0.871,,2492,73,737,54174,,,,,0.0003,1.55,8543.0
,22.6,-21.3,0.871,,2496,73,738,54229,,,,,0.0003,0.806,8557.0
,22.6,-21.3,0.871,,2500,73,739,54281,,,,,0.0003,1.23,8570.0
,22.1,-21.9,0.871,,2504,73,740,54313,,,,,0.0003,1.06,8578.0
,22.2,-21.9,0.871,,2508,73,741,54413,,,,,0.0003,0.587,8603.0
,23.4,-22.2,0.87,,2512,73,743,54605,,,,,0.0003,1.02,8651.0
,24.4,-22.5,0.87,,2516,73,744,54773,,,,,0.0003,1.34,8693.0
,24.7,-22.2,0.87,,2520,73,745,54834,,,,,0.0003,0.767,8708.0
,23.2,-23.7,0.869,,2524,73,746,54969,,,,,0.0003,1.16,8742.0
,23.8,-24.3,0.869,,2528,73,748,55096,,,,,0.0003,0.981,8773.0
,23.9,-24.3,0.869,,2532,73,749,55138,,,,,0.0003,1.78,8784.0
,23.9,-24.3,0.869,,2536,73,750,55204,,,,,0.0003,1.52,8800.0
,24.3,-24.6,0.869,,2540,73,751,55300,,,,,0.0003,2.39,8824.0
,24.6,-24.6,0.868,,2544,73,752,55409,,,,,0.0003,0.616,8852.0
,24.9,-24.3,0.868,,2548,73,754,55514,,,,,0.0003,0.824,8878.0
,24.6,-23.1,0.868,,2552,73,755,55632,,,,,0.0003,1.96,8907.0
,24.7,-23.1,0.868,,2556,73,756,55760,,,,,0.0003,1.59,8939.0
,25.1,-23.2,0.867,,2560,73,758,55850,,,,,0.0003,1.38,8962.0
,24.9,-23.1,0.867,,2564,73,759,55935,,,,,0.0003,0.764,8983.0
,25.2,-23.2,0.867,,2568,73,760,56047,,,,,0.0003,1.18,9011.0
,24.9,-23.1,0.867,,2572,73,761,56128,,,,,0.0003,0.774,9031.0
,26.0,-23.5,0.866,,2576,73,763,56290,,,,,0.0003,0.644,9072.0
,24.8,-24.6,0.866,,2580,73,764,56355,,,,,0.0003,1.86,9088.0
,23.8,-26.1,0.866,,2584,73,765,56427,,,,,0.0003,0.622,9106.0
,23.9,-26.1,0.866,,2588,73,766,56514,,,,,0.0003,1.18,9128.0
,23.8,-26.4,0.866,,2592,73,767,56553,,,,,0.0003,1.02,9138.0
,24.4,-27.0,0.865,,2596,73,769,56668,,,,,0.0003,0.77,9166.0
,24.5,-27.0,0.865,,2600,73,770,56730,,,,,0.0003,0.598,9182.0
,25.9,-26.5,0.865,,2604,73,771,56898,,,,,0.0003,1.68,9224.0
,25.6,-25.6,0.865,,2608,73,772,56974,,,,,0.0003,1.55,9243.0
,25.7,-25.9,0.864,,2612,73,774,57173,,,,,0.0003,0.991,9293.0
,24.4,-25.5,0.864,,2616,73,775,57208,,,,,0.0003,0.986,9301.0
,24.1,-26.1,0.864,,2620,73,776,57240,,,,,0.0003,1.17,9309.0
,23.5,-26.1,0.864,,2624,73,777,57318,,,,,0.0003,1.43,9329.0
,22.8,-25.8,0.864,,2628,73,778,57371,,,,,0.0003,1.58,9342.0
,22.9,-25.8,0.864,,2632,73,779,57429,,,,,0.0003,0.83,9357.0
,23.9,-26.1,0.863,,2636,73,781,57591,,,,,0.0003,1.97,9397.0
,23.5,-24.9,0.863,,2640,73,782,57654,,,,,0.0003,1.38,9413.0
,23.2,-24.9,0.863,,2644,73,783,57734,,,,,0.0003,0.604,9433.0
,22.9,-24.9,0.863,,2648,73,784,57804,,,,,0.0003,1.36,9450.0
,23.1,-25.8,0.862,,2652,73,786,57941,,,,,0.0003,0.996,9485.0
,23.0,-26.1,0.862,,2656,73,787,58062,,,,,0.0003,0.626,9515.0
,24.3,-26.1,0.862,,2660,73,788,58277,,,,,0.0003,0.989,9569.0
,25.0,-26.8,0.861,,2664,73,790,58438,,,,,0.0003,1.56,9609.0
,28.1,-27.4,0.86,,2668,74,792,58853,,,,,0.0003,0.784,9713.0
,28.3,-27.4,0.86,,2672,74,793,58961,,,,,0.0003,1.59,9740.0
,27.6,-26.2,0.86,,2676,74,794,59045,,,,,0.0003,1.03,9761.0
,27.8,-26.2,0.86,,2680,74,796,59138,,,,,0.0003,1.49,9784.0
,28.1,-26.5,0.859,,2684,74,797,59239,,,,,0.0003,1.24,9809.0
,27.7,-26.5,0.859,,2688,74,798,59287,,,,,0.0003,1.03,9821.0
,29.4,-26.8,0.859,,2692,74,799,59491,,,,,0.0003,2.11,9872.0
,29.2,-24.7,0.858,,2696,74,801,59592,,,,,0.0003,1.84,9897.0
,28.8,-24.4,0.858,,2700,74,802,59609,,,,,0.0003,1.06,9902.0
,28.0,-22.9,0.858,,2704,74,803,59695,,,,,0.0003,1.41,9923.0
,27.6,-24.1,0.858,,2708,74,804,59736,,,,,0.0003,0.734,9933.0
,26.0,-23.5,0.858,,2712,74,805,59770,,,,,0.0003,0.45,9942.0
,25.9,-23.5,0.858,,2716,74,806,59799,,,,,0.0003,1.3,9949.0
,26.5,-23.2,0.858,,2720,74,807,59893,0.0,0.0,0.0,,0.0003,0.407,9973.0
,26.9,-22.9,0.857,,2724,74,809,60009,,,,,0.0003,0.447,10002.0
,27.2,-22.9,0.857,,2728,74,810,60091,,,,,0.0003,1.55,10022.0
,28.1,-22.6,0.857,,2732,74,811,60238,,,,,0.0003,0.621,10059.0
,26.9,-22.3,0.857,,2736,74,812,60278,,,,,0.0003,0.635,10069.0
,26.8,-23.2,0.857,,2740,74,813,60338,,,,,0.0003,1.2,10084.0
,26.6,-23.2,0.857,,2744,74,814,60390,,,,,0.0003,1.49,10097.0
,26.6,-21.7,0.856,,2748,74,816,60465,,,,,0.0003,1.22,10116.0
,26.1,-22.0,0.856,,2752,74,817,60551,,,,,0.0003,1.33,10137.0
,26.3,-21.7,0.856,,2756,74,818,60690,,,,,0.0003,0.808,10172.0
,24.5,-21.6,0.856,,2760,74,819,60730,,,,,0.0003,1.93,10182.0
,23.4,-21.0,0.856,,2764,74,820,60778,,,,,0.0003,1.64,10194.0
,20.2,-19.5,0.855,,2768,74,821,60873,,,,,0.0003,1.24,10218.0
,20.1,-19.5,0.855,,2772,74,823,60966,,,,,0.0003,1.4,10241.0
,21.1,-20.4,0.855,,2776,74,824,61152,,,,,0.0003,1.41,10287.0
,21.7,-20.7,0.854,,2780,74,826,61305,,,,,0.0003,1.21,10326.0
,21.4,-20.4,0.854,,2784,74,827,61375,,,,,0.0003,0.787,10343.0
,22.0,-20.1,0.854,,2788,74,828,61486,,,,,0.0003,0.633,10371.0
,20.9,-19.5,0.854,,2792,74,829,61577,,,,,0.0003,3.25,10394.0
,20.9,-21.0,0.854,,2796,74,830,61677,,,,,0.0003,1.26,10419.0
,21.7,-21.6,0.853,,2800,74,832,61777,,,,,0.0003,0.766,10444.0
,22.7,-23.4,0.853,,2804,74,833,61967,,,,,0.0003,0.96,10491.0
,23.9,-23.7,0.852,,2808,74,835,62122,,,,,0.0003,0.809,10530.0
,24.1,-23.4,0.852,,2812,74,836,62182,,,,,0.0003,1.42,10545.0
,24.9,-23.4,0.852,,2816,74,837,62292,,,,,0.0003,1.6,10572.0
,25.2,-23.8,0.852,,2820,74,838,62418,,,,,0.0003,0.934,10604.0
,25.3,-23.8,0.851,,2824,74,840,62539,,,,,0.0003,1.01,10634.0
,25.2,-23.8,0.851,,2828,74,841,62615,,,,,0.0003,1.43,10653.0
,24.9,-22.5,0.851,,2832,74,842,62731,,,,,0.0003,1.9,10682.0
,25.3,-22.6,0.851,,2836,74,843,62805,,,,,0.0003,2.44,10701.0
,25.4,-22.6,0.851,,2840,74,844,62874,,,,,0.0003,0.971,10718.0
,25.5,-22.6,0.851,,2844,74,845,62943,,,,,0.0003,2.14,10735.0
,25.9,-24.1,0.85,,2848,74,847,63055,,,,,0.0003,1.37,10763.0
,26.7,-24.4,0.85,,2852,74,848,63224,,,,,0.0003,1.24,10805.0
,25.9,-24.4,0.85,,2856,74,849,63281,,,,,0.0003,0.947,10820.0
,26.0,-24.4,0.85,,2860,74,850,63329,,,,,0.0003,0.41,10832.0
,26.6,-24.4,0.849,,2864,74,852,63433,,,,,0.0003,0.798,10858.0
,26.1,-25.3,0.849,,2868,74,853,63481,,,,,0.0003,2.36,10870.0
,25.5,-25.3,0.849,,2872,74,854,63518,,,,,0.0003,2.39,10879.0
,24.5,-25.2,0.849,,2876,74,855,63599,,,,,0.0003,1.58,10899.0
,23.3,-24.9,0.849,,2880,74,856,63638,,,,,0.0003,0.572,10909.0
,23.6,-24.9,0.849,,2884,74,857,63732,,,,,0.0003,0.0864,10932.0
,24.7,-25.8,0.848,,2888,74,859,63955,,,,,0.0003,1.35,10988.0
,24.6,-24.3,0.848,,2892,74,860,64035,,,,,0.0003,1.9,11008.0
,24.8,-24.3,0.848,,2896,74,861,64159,,,,,0.0003,1.49,11039.0
,24.6,-24.0,0.847,,2900,74,862,64233,,,,,0.0003,1.51,11058.0
,23.1,-23.7,0.847,,2904,74,864,64282,,,,,0.0003,0.822,11070.0
,22.5,-22.5,0.847,,2908,74,865,64371,,,,,0.0003,0.982,11092.0
,22.7,-23.4,0.847,,2912,74,866,64451,,,,,0.0003,0.75,11112.0
,22.4,-23.1,0.847,,2916,74,867,64529,,,,,0.0003,2.11,11132.0
,22.0,-21.3,0.847,,2920,74,868,64618,,,,,0.0003,2.42,11154.0
,22.6,-21.3,0.846,,2924,74,870,64795,,,,,0.0003,0.898,11198.0
,23.3,-21.3,0.846,,2928,74,871,64944,,,,,0.0003,1.41,11235.0
,23.1,-22.8,0.846,,2932,74,872,65041,,,,,0.0003,1.01,11260.0
,23.0,-22.5,0.845,,2936,74,874,65106,,,,,0.0003,1.11,11276.0
,23.7,-22.5,0.845,,2940,74,875,65247,,,,,0.0003,0.998,11311.0
,23.6,-22.5,0.845,,2944,74,876,65298,,,,,0.0003,1.57,11324.0
,23.0,-22.5,0.845,,2948,74,877,65357,,,,,0.0003,0.795,11339.0
,22.4,-22.2,0.845,,2952,74,878,65461,,,,,0.0003,1.46,11365.0
,22.4,-22.2,0.844,,2956,74,880,65523,,,,,0.0003,1.17,11380.0
,22.4,-22.2,0.844,,2960,74,881,65570,,,,,0.0003,0.793,11392.0
,22.0,-22.2,0.844,,2964,74,882,65630,,,,,0.0003,1.51,11407.0
,23.0,-20.7,0.844,,2968,74,883,65781,,,,,0.0003,0.996,11445.0
,24.4,-20.7,0.843,,2972,74,885,65958,,,,,0.0003,0.429,11489.0
,26.3,-19.3,0.843,,2976,74,886,66233,,,,,0.0003,0.667,11558.0
,27.1,-19.6,0.842,,2980,74,888,66353,,,,,0.0003,1.27,11588.0
,27.1,-19.0,0.842,,2984,74,889,66447,,,,,0.0003,1.01,11611.0
,25.7,-18.1,0.842,,2988,74,890,66529,,,,,0.0003,0.981,11632.0
,26.7,-19.9,0.842,,2992,74,892,66705,,,,,0.0003,2.14,11676.0
,26.6,-19.6,0.841,,2996,74,893,66818,,,,,0.0003,0.24,11704.0
,26.9,-19.6,0.841,,3000,74,894,66919,,,,,0.0003,0.623,11729.0
,27.4,-19.6,0.841,,3004,74,895,67021,,,,,0.0003,1.19,11755.0
,27.9,-20.2,0.84,,3008,74,897,67164,,,,,0.0003,1.68,11790.0
,27.5,-19.6,0.84,,3012,74,898,67201,,,,,0.0003,1.53,11800.0
,27.2,-20.2,0.84,,3016,74,899,67252,,,,,0.0003,2.51,11812.0
,27.1,-21.7,0.84,,3020,74,900,67329,,,,,0.0003,0.242,11832.0
,26.1,-21.7,0.84,,3024,74,901,67407,,,,,0.0003,0.451,11851.0
,25.6,-21.7,0.84,,3028,74,902,67509,,,,,0.0003,0.433,11877.0
,25.5,-22.0,0.839,,3032,74,904,67589,,,,,0.0003,0.999,11897.0
,25.4,-21.7,0.839,,3036,74,905,67644,,,,,0.0003,0.822,11910.0
,25.1,-21.7,0.839,,3040,74,906,67755,,,,,0.0003,0.894,11938.0
,25.5,-21.7,0.839,,3044,74,907,67844,,,,,0.0003,1.35,11960.0
,25.5,-21.4,0.839,,3048,74,908,67911,,,,,0.0003,0.397,11977.0
,26.1,-21.4,0.838,,3052,74,910,68070,,,,,0.0003,0.447,12017.0
,26.4,-21.7,0.838,,3056,74,911,68165,,,,,0.0003,0.992,12041.0
,26.3,-21.7,0.838,,3060,74,912,68201,,,,,0.0003,1.1,12050.0
,26.5,-21.7,0.838,,3064,74,913,68279,,,,,0.0003,1.41,12069.0
,26.5,-23.2,0.837,,3068,74,915,68428,,,,,0.0003,1.63,12106.0
,25.2,-23.2,0.837,,3072,74,916,68475,,,,,0.0003,0.852,12118.0
,23.0,-24.6,0.837,,3076,74,917,68533,,,,,0.0003,0.786,12133.0
,23.4,-24.3,0.837,,3080,74,918,68691,,,,,0.0003,1.32,12172.0
,23.0,-24.9,0.837,,3084,74,919,68748,,,,,0.0003,1.54,12186.0
,23.0,-25.2,0.837,,3088,74,921,68831,,,,,0.0003,1.22,12207.0
,21.8,-24.9,0.836,,3092,74,922,68882,,,,,0.0003,0.213,12220.0
,21.2,-25.5,0.836,,3096,74,923,68937,,,,,0.0003,1.05,12234.0
,21.2,-25.5,0.836,,3100,74,924,69035,,,,,0.0003,0.453,12258.0
,21.7,-25.5,0.836,,3104,74,925,69189,,,,,0.0003,1.69,12297.0
,21.8,-25.2,0.835,,3108,74,927,69342,,,,,0.0003,1.52,12335.0
,21.9,-25.2,0.835,,3112,74,928,69395,,,,,0.0003,1.2,12348.0
,22.1,-25.2,0.835,,3116,74,929,69465,,,,,0.0003,1.19,12366.0
,21.7,-25.2,0.835,,3120,74,930,69498,,,,,0.0003,0.201,12374.0
,21.6,-23.7,0.835,,3124,74,931,69563,,,,,0.0003,1.01,12390.0
,21.4,-23.7,0.835,,3128,74,932,69647,,,,,0.0003,1.0,12411.0
,21.8,-23.4,0.834,,3132,74,934,69768,,,,,0.0003,1.48,12441.0
,21.5,-24.0,0.834,,3136,74,935,69793,,,,,0.0003,0.851,12448.0
,21.3,-24.0,0.834,,3140,74,936,69884,,,,,0.0003,0.648,12470.0
,20.7,-24.0,0.834,,3144,74,937,69911,0.0,0.0,0.0,,0.0003,1.04,12477.0
,21.2,-24.6,0.834,,3148,74,938,70029,,,,,0.0003,1.45,12507.0
,21.4,-24.6,0.833,,3152,74,940,70209,,,,,0.0003,1.82,12552.0
,21.1,-24.3,0.833,,3156,74,941,70273,,,,,0.0003,0.658,12568.0
,21.1,-24.3,0.833,,3160,74,942,70314,,,,,0.0003,0.946,12578.0
,21.2,-24.0,0.833,,3164,74,943,70400,,,,,0.0003,1.01,12599.0
,20.8,-24.3,0.833,,3168,74,944,70504,,,,,0.0003,1.21,12625.0
,21.6,-24.3,0.832,,3172,74,946,70639,,,,,0.0003,1.73,12659.0
,21.5,-24.3,0.832,,3176,74,947,70682,,,,,0.0003,1.02,12670.0
,20.0,-24.3,0.832,,3180,74,948,70693,,,,,0.0003,1.03,12673.0
,20.3,-24.6,0.832,,3184,74,949,70780,,,,,0.0003,0.46,12694.0
,20.3,-24.6,0.832,,3188,74,950,70857,,,,,0.0003,0.89,12714.0
,20.7,-24.6,0.831,,3192,74,951,70953,,,,,0.0003,0.0266,12738.0
,20.4,-24.3,0.831,,3196,74,952,70979,,,,,0.0003,1.37,12744.0
,20.3,-24.3,0.831,,3200,74,954,71063,,,,,0.0003,1.06,12765.0
,20.4,-24.6,0.831,,3204,74,955,71233,,,,,0.0003,0.823,12808.0
,19.8,-24.9,0.831,,3208,74,956,71324,,,,,0.0003,1.59,12830.0
,20.7,-24.9,0.83,,3212,74,958,71463,,,,,0.0003,0.445,12865.0
,20.6,-24.6,0.83,,3216,74,959,71522,,,,,0.0003,1.46,12880.0
,21.4,-23.4,0.83,,3220,74,960,71635,,,,,0.0003,0.609,12908.0
,21.6,-25.2,0.83,,3224,74,961,71719,,,,,0.0003,0.788,12929.0
,22.2,-25.2,0.829,,3228,74,963,71870,,,,,0.0003,1.6,12967.0
,21.9,-25.2,0.829,,3232,74,964,71960,,,,,0.0003,2.02,12989.0
,23.2,-24.9,0.829,,3236,74,965,72111,,,,,0.0003,0.777,13027.0
,23.0,-24.9,0.829,,3240,74,966,72186,,,,,0.0003,2.15,13046.0
,23.9,-25.2,0.828,,3244,74,968,72306,,,,,0.0003,0.574,13076.0
,23.4,-24.6,0.828,,3248,74,969,72372,,,,,0.0003,0.638,13092.0
,22.3,-24.6,0.828,,3252,74,970,72440,,,,,0.0003,0.814,13109.0
,22.7,-23.1,0.828,,3256,74,971,72547,,,,,0.0003,0.698,13136.0
,23.6,-23.1,0.827,,3260,74,972,72670,,,,,0.0003,0.777,13167.0
,23.7,-23.4,0.827,,3264,74,974,72770,,,,,0.0003,0.429,13192.0
,23.1,-23.1,0.827,,3268,74,975,72816,,,,,0.0003,0.983,13203.0
,22.8,-23.1,0.827,,3272,74,976,72915,,,,,0.0003,1.68,13228.0
,22.9,-23.1,0.827,,3276,74,977,72967,,,,,0.0003,1.24,13241.0
,23.3,-23.1,0.827,,3280,74,978,73027,,,,,0.0003,1.25,13256.0
,23.8,-22.5,0.826,,3284,74,979,73159,,,,,0.0003,0.408,13289.0
,23.5,-22.8,0.826,,3288,74,981,73206,,,,,0.0003,0.435,13301.0
,23.1,-21.6,0.826,,3292,74,982,73261,,,,,0.0003,1.63,13315.0
,24.0,-20.4,0.826,,3296,74,983,73383,,,,,0.0003,0.475,13345.0
,23.6,-20.4,0.826,,3300,74,984,73428,,,,,0.0003,1.24,13356.0
,23.0,-20.1,0.825,,3304,74,985,73532,,,,,0.0003,2.77,13382.0
,23.8,-20.4,0.825,,3308,74,987,73700,,,,,0.0003,0.613,13424.0
,23.5,-20.7,0.825,,3312,74,988,73811,,,,,0.0003,0.97,13452.0
,23.4,-20.7,0.825,,3316,74,989,73858,,,,,0.0003,1.05,13464.0
,23.0,-22.2,0.824,,3320,74,990,73931,,,,,0.0003,1.99,13482.0
,24.3,-21.9,0.824,,3324,74,992,74146,,,,,0.0003,1.69,13536.0
,24.1,-21.9,0.824,,3328,74,993,74284,,,,,0.0003,1.44,13570.0
,24.1,-21.9,0.823,,3332,74,994,74374,,,,,0.0003,0.205,13593.0
,23.8,-22.2,0.823,,3336,74,996,74488,,,,,0.0003,0.757,13621.0
,23.6,-22.5,0.823,,3340,74,997,74546,,,,,0.0003,0.876,13636.0
,22.6,-22.2,0.823,,3344,74,998,74566,,,,,0.0003,0.457,13641.0
,22.6,-22.5,0.823,,3348,74,999,74627,,,,,0.0003,1.19,13656.0
,24.2,-22.8,0.822,,3352,74,1000,74862,,,,,0.0003,0.855,13715.0
,24.7,-24.6,0.822,,3356,74,1002,75017,,,,,0.0003,1.6,13754.0
,24.1,-24.6,0.822,,3360,74,1003,75085,,,,,0.0003,1.48,13771.0
,23.7,-24.6,0.822,,3364,74,1004,75140,,,,,0.0003,1.23,13784.0
,24.0,-24.6,0.821,,3368,74,1005,75212,,,,,0.0003,1.55,13802.0
,23.5,-24.6,0.821,,3372,74,1006,75265,,,,,0.0003,0.81,13816.0
,23.4,-24.9,0.821,,3376,74,1007,75312,,,,,0.0003,1.19,13827.0
,23.5,-24.9,0.821,,3380,74,1008,75375,,,,,0.0003,0.808,13843.0
,22.9,-25.5,0.821,,3384,74,1010,75448,,,,,0.0003,1.78,13861.0
,23.4,-24.9,0.821,,3388,74,1011,75551,,,,,0.0003,2.59,13887.0
,23.7,-26.1,0.82,,3392,74,1012,75627,,,,,0.0003,0.686,13906.0
,23.7,-27.6,0.82,,3396,74,1013,75751,,,,,0.0003,0.504,13937.0
,24.6,-27.6,0.82,,3400,74,1015,75889,,,,,0.0003,1.19,13972.0
,24.3,-27.6,0.82,,3404,74,1016,75963,,,,,0.0003,0.776,13990.0
,23.1,-27.3,0.819,,3408,74,1017,76013,,,,,0.0003,0.841,14003.0
,23.0,-27.0,0.819,,3412,74,1018,76111,,,,,0.0003,1.53,14027.0
,23.2,-27.0,0.819,,3416,74,1019,76178,,,,,0.0003,1.17,14044.0
,22.9,-27.0,0.819,,3420,74,1020,76217,,,,,0.0003,0.903,14054.0
,21.4,-27.0,0.819,,3424,74,1021,76288,,,,,0.0003,0.985,14071.0
,21.2,-27.0,0.819,,3428,74,1023,76403,,,,,0.0003,0.799,14100.0
,21.5,-27.3,0.818,,3432,74,1024,76521,,,,,0.0003,1.0,14130.0
,21.1,-27.3,0.818,,3436,74,1025,76598,,,,,0.0003,1.43,14149.0
,21.8,-27.3,0.818,,3440,74,1027,76723,,,,,0.0003,1.6,14180.0
,23.1,-27.6,0.817,,3444,74,1028,76876,,,,,0.0003,1.42,14218.0
,23.3,-27.6,0.817,,3448,74,1029,76954,,,,,0.0003,1.79,14238.0
,21.5,-27.6,0.817,,3452,74,1030,77014,,,,,0.0003,2.37,14253.0
,20.6,-27.0,0.817,,3456,74,1031,77081,,,,,0.0003,0.409,14270.0
,20.5,-27.0,0.817,,3460,74,1032,77134,,,,,0.0003,2.64,14283.0
,20.5,-27.0,0.817,,3464,74,1033,77192,,,,,0.0003,2.17,14297.0
,20.5,-27.0,0.816,,3468,74,1035,77264,,,,,0.0003,1.26,14315.0
,20.4,-27.0,0.816,,3472,74,1036,77303,,,,,0.0003,1.3,14325.0
,21.2,-26.7,0.816,,3476,74,1037,77429,,,,,0.0003,0.864,14357.0
,23.1,-27.0,0.815,,3480,74,1039,77686,,,,,0.0003,1.39,14421.0
,23.8,-26.7,0.815,,3484,74,1040,77823,,,,,0.0003,1.37,14455.0
,23.7,-26.1,0.815,,3488,74,1041,77925,,,,,0.0003,0.184,14481.0
,24.1,-26.1,0.815,,3492,74,1043,78036,,,,,0.0003,2.07,14508.0
,24.6,-26.1,0.814,,3496,74,1044,78208,,,,,0.0003,1.33,14551.0
,25.2,-26.5,0.814,,3500,74,1045,78412,,,,,0.0003,1.02,14602.0
,25.9,-26.5,0.813,,3504,74,1047,78549,,,,,0.0003,0.857,14637.0
,25.9,-26.2,0.813,,3508,74,1048,78605,,,,,0.0003,0.913,14651.0
,25.5,-25.9,0.813,,3512,74,1049,78660,,,,,0.0003,1.42,14664.0
,25.5,-25.9,0.813,,3516,74,1050,78730,,,,,0.0003,0.625,14682.0
,26.2,-25.6,0.813,,3520,74,1051,78838,,,,,0.0003,0.818,14709.0
,25.9,-25.6,0.813,,3524,74,1052,78882,,,,,0.0003,1.02,14720.0
,25.7,-25.6,0.812,,3528,74,1054,78973,,,,,0.0003,2.76,14743.0
,25.6,-25.0,0.812,,3532,74,1055,79076,,,,,0.0003,1.67,14768.0
,25.7,-24.1,0.812,,3536,74,1056,79165,,,,,0.0003,1.39,14791.0
,25.5,-24.1,0.812,,3540,74,1057,79272,,,,,0.0003,2.84,14817.0
,25.0,-24.1,0.811,,3544,74,1059,79377,,,,,0.0003,1.57,14844.0
,24.9,-24.0,0.811,,3548,74,1060,79445,,,,,0.0003,1.17,14861.0
,25.9,-24.4,0.811,,3552,74,1061,79608,,,,,0.0003,0.682,14901.0
,26.0,-24.7,0.811,,3556,74,1062,79680,,,,,0.0003,0.0576,14919.0
,26.9,-25.0,0.81,,3560,75,1064,79829,,,,,0.0003,1.04,14957.0
,27.5,-25.0,0.81,,3564,75,1065,79946,,,,,0.0003,1.62,14986.0
,27.1,-25.3,0.81,,3568,74,1066,79976,0.0,0.0,0.0,,0.0003,1.2,14993.0
,27.7,-25.3,0.81,,3572,74,1067,80072,,,,,0.0003,1.16,15017.0
,27.2,-25.3,0.81,,3576,74,1068,80150,,,,,0.0003,1.38,15037.0
,25.0,-25.3,0.81,,3580,74,1069,80189,,,,,0.0003,0.598,15047.0
,24.0,-25.5,0.809,,3584,74,1070,80227,,,,,0.0003,1.18,15056.0
,24.3,-26.1,0.809,,3588,74,1072,80353,,,,,0.0003,1.78,15088.0
,24.9,-26.4,0.809,,3592,74,1073,80523,,,,,0.0003,1.3,15130.0
,24.2,-26.1,0.809,,3596,75,1074,80629,,,,,0.0003,0.953,15157.0
,23.2,-25.5,0.808,,3600,75,1076,80736,,,,,0.0003,1.63,15183.0
,22.9,-25.5,0.808,,3604,75,1077,80838,,,,,0.0003,0.668,15209.0
,23.4,-25.8,0.808,,3608,75,1078,80949,,,,,0.0003,1.18,15237.0
,23.9,-26.1,0.808,,3612,75,1079,81051,,,,,0.0003,1.63,15262.0
,24.6,-25.8,0.807,,3616,75,1081,81189,,,,,0.0003,0.807,15297.0
,23.7,-25.8,0.807,,3620,75,1082,81211,,,,,0.0003,1.18,15302.0
,25.0,-25.8,0.807,,3624,75,1083,81379,,,,,0.0003,1.18,15344.0
,25.4,-25.9,0.806,,3628,75,1085,81513,,,,,0.0003,1.21,15378.0
,25.5,-26.2,0.806,,3632,75,1086,81625,,,,,0.0003,1.59,15406.0
,25.4,-27.1,0.806,,3636,75,1087,81704,,,,,0.0003,0.791,15425.0
,25.8,-26.8,0.806,,3640,75,1088,81848,,,,,0.0003,1.67,15461.0
,25.9,-26.5,0.805,,3644,75,1090,81962,,,,,0.0003,0.841,15490.0
,26.0,-26.8,0.805,,3648,75,1091,82044,,,,,0.0003,1.07,15510.0
,26.3,-25.3,0.805,,3652,75,1092,82240,,,,,0.0003,1.24,15559.0
,27.7,-25.0,0.804,,3656,75,1094,82448,,,,,0.0003,0.255,15611.0
,27.1,-24.7,0.804,,3660,75,1095,82538,,,,,0.0003,0.61,15634.0
,27.0,-24.4,0.804,,3664,75,1096,82642,,,,,0.0003,1.85,15660.0
,27.8,-23.8,0.803,,3668,75,1098,82753,,,,,0.0003,0.763,15688.0
,27.4,-23.8,0.803,,3672,75,1099,82815,,,,,0.0003,1.59,15703.0
,27.3,-23.5,0.803,,3676,75,1100,82881,,,,,0.0003,2.15,15720.0
,28.6,-23.8,0.803,,3680,75,1102,83047,,,,,0.0003,0.902,15761.0
,29.1,-23.5,0.803,,3684,75,1103,83136,,,,,0.0003,0.819,15783.0
,28.4,-23.8,0.802,,3688,75,1104,83191,,,,,0.0003,1.45,15797.0
,28.1,-23.5,0.802,,3692,75,1105,83330,,,,,0.0003,0.639,15832.0
,28.4,-23.8,0.802,,3696,75,1107,83470,,,,,0.0003,1.24,15867.0
,28.4,-24.1,0.802,,3700,75,1108,83572,,,,,0.0003,0.838,15892.0
,29.4,-24.1,0.801,,3704,75,1109,83778,,,,,0.0003,0.262,15944.0
,29.0,-24.1,0.801,,3708,75,1110,83846,,,,,0.0003,1.07,15961.0
,29.5,-22.9,0.8,,3712,75,1112,84005,,,,,0.0003,1.14,16001.0
,29.8,-23.5,0.8,,3716,75,1113,84167,,,,,0.0003,1.86,16041.0
,30.5,-23.5,0.8,,3720,75,1114,84265,,,,,0.0003,1.49,16066.0
,30.0,-23.5,0.8,,3724,75,1116,84377,,,,,0.0003,0.838,16094.0
,29.0,-23.5,0.8,,3728,75,1117,84411,,,,,0.0003,0.428,16102.0
,28.6,-23.5,0.799,,3732,75,1118,84480,,,,,0.0003,1.2,16119.0
,29.4,-23.5,0.799,,3736,75,1119,84641,,,,,0.0003,1.04,16160.0
,29.3,-23.8,0.799,,3740,75,1121,84778,,,,,0.0003,2.03,16194.0
,29.4,-23.8,0.798,,3744,75,1122,84899,,,,,0.0003,0.482,16224.0
,29.4,-23.5,0.798,,3748,75,1123,84988,,,,,0.0003,0.763,16246.0
,28.5,-24.7,0.798,,3752,75,1124,85091,,,,,0.0003,1.2,16272.0
,26.8,-25.0,0.798,,3756,75,1125,85131,,,,,0.0003,0.921,16282.0
,26.9,-25.0,0.798,,3760,75,1127,85232,,,,,0.0003,1.24,16307.0
,26.8,-25.3,0.797,,3764,75,1128,85324,,,,,0.0003,0.442,16330.0
,26.2,-25.6,0.797,,3768,75,1129,85374,,,,,0.0003,0.868,16343.0
,26.9,-26.2,0.797,,3772,75,1130,85508,,,,,0.0003,2.11,16376.0
,27.0,-26.5,0.797,,3776,75,1131,85578,,,,,0.0003,1.18,16394.0
,26.4,-25.6,0.797,,3780,75,1133,85682,,,,,0.0003,1.1,16420.0
,26.0,-25.6,0.796,,3784,75,1134,85737,,,,,0.0003,1.45,16434.0
,26.6,-25.6,0.796,,3788,75,1135,85851,,,,,0.0003,1.08,16462.0
,25.7,-25.6,0.796,,3792,75,1136,85904,,,,,0.0003,1.78,16475.0
,25.5,-25.3,0.796,,3796,75,1137,86018,,,,,0.0003,2.83,16504.0
,25.3,-25.3,0.796,,3800,75,1138,86099,,,,,0.0003,1.07,16524.0
,24.1,-25.2,0.795,,3804,75,1140,86193,,,,,0.0003,2.94,16548.0
,23.8,-25.2,0.795,,3808,75,1141,86223,,,,,0.0003,1.91,16555.0
,23.3,-25.2,0.795,,3812,75,1142,86337,,,,,0.0003,1.34,16584.0
,22.6,-24.9,0.795,,3816,75,1143,86423,,,,,0.0003,0.0486,16605.0
,22.3,-24.9,0.795,,3820,75,1144,86495,,,,,0.0003,0.388,16623.0
,22.1,-24.9,0.794,,3824,75,1145,86582,,,,,0.0003,1.31,16645.0
,22.6,-24.9,0.794,,3828,75,1147,86667,,,,,0.0003,0.95,16666.0
,24.1,-25.5,0.794,,3832,75,1148,86891,,,,,0.0003,1.58,16722.0
,23.6,-25.5,0.793,,3836,75,1150,87001,,,,,0.0003,1.37,16750.0
,24.1,-23.7,0.793,,3840,75,1151,87184,,,,,0.0003,0.938,16795.0
,23.2,-23.4,0.793,,3844,75,1152,87215,,,,,0.0003,0.828,16803.0
,22.7,-23.4,0.793,,3848,75,1153,87256,,,,,0.0003,1.24,16813.0
,23.2,-23.4,0.792,,3852,75,1154,87408,,,,,0.0003,1.39,16851.0
,23.5,-23.4,0.792,,3856,75,1156,87484,,,,,0.0003,1.81,16870.0
,23.2,-22.2,0.792,,3860,75,1157,87553,,,,,0.0003,0.619,16888.0
,23.3,-22.2,0.792,,3864,75,1158,87658,,,,,0.0003,1.39,16914.0
,23.9,-21.6,0.792,,3868,75,1159,87769,,,,,0.0003,0.874,16942.0
,23.0,-20.7,0.791,,3872,75,1160,87806,,,,,0.0003,0.692,16951.0
,23.6,-20.4,0.791,,3876,75,1162,87938,,,,,0.0003,0.385,16984.0
,23.9,-20.4,0.791,,3880,75,1163,88070,,,,,0.0003,0.925,17017.0
,24.6,-20.1,0.791,,3884,75,1164,88194,,,,,0.0003,0.136,17048.0
,23.7,-20.1,0.79,,3888,75,1165,88220,,,,,0.0003,0.719,17054.0
,24.2,-20.1,0.79,,3892,75,1167,88327,,,,,0.0003,1.62,17081.0
,24.6,-20.4,0.79,,3896,75,1168,88474,,,,,0.0003,1.62,17118.0
,24.7,-20.4,0.79,,3900,75,1169,88573,,,,,0.0003,2.44,17143.0
,24.6,-20.4,0.789,,3904,75,1170,88649,,,,,0.0003,1.3,17162.0
,25.6,-20.8,0.789,,3908,75,1172,88778,,,,,0.0003,1.45,17194.0
,24.8,-21.9,0.789,,3912,75,1173,88819,,,,,0.0003,0.804,17204.0
,24.9,-21.9,0.789,,3916,75,1174,88917,,,,,0.0003,1.03,17229.0
,25.6,-22.0,0.788,,3920,75,1175,89057,,,,,0.0003,1.05,17264.0
,25.4,-22.0,0.788,,3924,75,1176,89119,,,,,0.0003,0.925,17279.0
,25.3,-22.0,0.788,,3928,75,1178,89196,,,,,0.0003,1.46,17298.0
,24.1,-21.6,0.788,,3932,75,1179,89299,,,,,0.0003,1.08,17324.0
,23.7,-21.6,0.788,,3936,75,1180,89371,,,,,0.0003,1.7,17342.0
,23.1,-23.7,0.787,,3940,75,1181,89496,,,,,0.0003,0.363,17373.0
,23.4,-24.0,0.787,,3944,75,1182,89557,,,,,0.0003,1.43,17389.0
,23.4,-24.0,0.787,,3948,75,1183,89600,,,,,0.0003,1.41,17399.0
,23.2,-23.7,0.787,,3952,75,1185,89730,,,,,0.0003,2.0,17432.0
,25.1,-22.3,0.786,,3956,75,1187,89993,0.0,0.0,0.0,,0.0003,1.8,17498.0
,25.4,-23.2,0.786,,3960,75,1188,90094,,,,,0.0003,0.699,17523.0
,25.3,-23.2,0.786,,3964,75,1189,90191,,,,,0.0003,1.54,17547.0
,24.5,-23.7,0.786,,3968,75,1190,90222,,,,,0.0003,0.899,17555.0
,24.8,-24.0,0.786,,3972,75,1191,90283,,,,,0.0003,1.96,17570.0
,24.0,-24.3,0.785,,3976,75,1193,90334,,,,,0.0003,1.05,17583.0
,23.1,-23.1,0.785,,3980,75,1194,90382,,,,,0.0003,2.12,17595.0
,22.9,-22.2,0.785,,3984,75,1195,90483,,,,,0.0003,1.47,17620.0
,23.2,-22.2,0.785,,3988,75,1196,90541,,,,,0.0003,0.534,17635.0
,22.9,-22.2,0.785,,3992,75,1197,90615,,,,,0.0003,0.266,17653.0
,21.7,-21.9,0.785,,3996,75,1198,90645,,,,,0.0003,1.08,17661.0
,22.1,-21.6,0.784,,4000,75,1200,90783,,,,,0.0003,0.753,17695.0
,22.2,-21.6,0.784,,4004,75,1201,90871,,,,,0.0003,2.78,17717.0
,21.6,-21.3,0.784,,4008,75,1202,90941,,,,,0.0003,2.17,17735.0
,21.9,-21.3,0.784,,4012,75,1203,91005,,,,,0.0003,1.58,17751.0
,22.2,-20.7,0.784,,4016,75,1205,91136,,,,,0.0003,0.774,17783.0
,22.4,-19.2,0.783,,4020,75,1206,91293,,,,,0.0003,0.857,17823.0
,22.9,-19.2,0.783,,4024,75,1207,91408,,,,,0.0003,2.42,17851.0
,22.6,-19.2,0.783,,4028,75,1208,91461,,,,,0.0003,0.836,17865.0
,23.3,-18.9,0.782,,4032,75,1210,91630,,,,,0.0003,1.28,17907.0
,22.9,-18.9,0.782,,4036,75,1211,91663,,,,,0.0003,1.32,17915.0
,22.3,-18.6,0.782,,4040,75,1212,91726,,,,,0.0003,0.689,17931.0
,22.9,-18.6,0.782,,4044,75,1213,91849,,,,,0.0003,0.74,17962.0
,23.3,-18.6,0.782,,4048,75,1215,91927,,,,,0.0003,0.675,17981.0
,22.8,-18.6,0.781,,4052,75,1216,92011,,,,,0.0003,1.04,18002.0
,22.3,-19.8,0.781,,4056,75,1218,92224,,,,,0.0003,1.27,18055.0
,22.0,-19.8,0.781,,4060,75,1219,92294,,,,,0.0003,1.07,18073.0
,21.3,-19.8,0.781,,4064,75,1220,92321,,,,,0.0003,1.08,18080.0
,22.1,-19.8,0.78,,4068,75,1221,92436,,,,,0.0003,0.643,18108.0
,22.3,-20.1,0.78,,4072,75,1222,92510,,,,,0.0003,0.809,18127.0
,23.0,-20.4,0.78,,4076,75,1224,92631,,,,,0.0003,1.41,18157.0
,23.1,-21.6,0.78,,4080,75,1225,92687,,,,,0.0003,1.0,18171.0
,24.6,-23.1,0.779,,4084,75,1227,92943,,,,,0.0003,1.06,18235.0
,24.3,-23.1,0.779,,4088,75,1228,92967,,,,,0.0003,0.697,18241.0
,25.8,-24.4,0.779,,4092,75,1229,93199,,,,,0.0003,0.521,18299.0
,26.3,-24.4,0.778,,4096,75,1230,93276,,,,,0.0003,1.78,18318.0
,27.4,-25.6,0.778,,4100,75,1232,93528,,,,,0.0003,0.43,18381.0
,27.4,-25.6,0.778,,4104,75,1233,93607,,,,,0.0003,1.13,18401.0
,27.6,-25.6,0.777,,4108,75,1235,93697,,,,,0.0003,1.24,18424.0
,27.7,-25.0,0.777,,4112,75,1236,93776,,,,,0.0003,0.825,18443.0
,27.3,-25.6,0.777,,4116,75,1237,93869,,,,,0.0003,2.26,18467.0
,27.1,-26.8,0.777,,4120,75,1238,94001,,,,,0.0003,0.622,18500.0
,26.3,-25.3,0.777,,4124,75,1239,94042,,,,,0.0003,1.27,18510.0
,26.6,-25.3,0.776,,4128,75,1241,94118,,,,,0.0003,0.656,18529.0
,25.7,-25.3,0.776,,4132,75,1242,94196,,,,,0.0003,1.06,18548.0
,26.9,-25.0,0.776,,4136,75,1243,94357,,,,,0.0003,1.41,18589.0
,28.0,-24.1,0.776,,4140,75,1245,94526,,,,,0.0003,1.11,18631.0
,28.2,-23.2,0.775,,4144,75,1246,94670,,,,,0.0003,1.35,18667.0
,28.3,-23.2,0.775,,4148,75,1247,94757,,,,,0.0003,1.12,18689.0
,28.5,-23.2,0.775,,4152,75,1248,94859,,,,,0.0003,1.3,18714.0
,27.1,-23.8,0.775,,4156,75,1250,94929,,,,,0.0003,1.1,18732.0
,28.1,-24.1,0.774,,4160,75,1251,95101,,,,,0.0003,1.35,18775.0
,28.6,-24.1,0.774,,4164,75,1252,95177,,,,,0.0003,1.04,18794.0
,28.7,-23.8,0.774,,4168,76,1253,95303,,,,,0.0003,1.36,18825.0
,28.6,-23.5,0.773,,4172,75,1255,95371,,,,,0.0003,0.606,18842.0
,28.4,-23.2,0.773,,4176,75,1256,95467,,,,,0.0003,0.919,18866.0
,29.2,-23.2,0.773,,4180,76,1257,95607,,,,,0.0003,0.547,18901.0
,27.4,-22.9,0.773,,4184,76,1258,95685,,,,,0.0003,1.56,18921.0
,27.6,-22.9,0.773,,4188,75,1259,95727,,,,,0.0003,1.62,18931.0
,26.4,-21.4,0.772,,4192,75,1261,95840,,,,,0.0003,2.98,18959.0
,26.9,-21.7,0.772,,4196,76,1262,95971,,,,,0.0003,1.0,18992.0
,25.2,-20.8,0.772,,4200,76,1263,96046,,,,,0.0003,1.27,19011.0
,26.6,-21.4,0.771,,4204,76,1265,96265,,,,,0.0003,1.62,19066.0
,27.6,-21.4,0.771,,4208,76,1266,96456,,,,,0.0003,1.29,19113.0
,27.5,-22.0,0.771,,4212,76,1267,96527,,,,,0.0003,1.09,19131.0
,28.8,-22.0,0.77,,4216,76,1269,96745,,,,,0.0003,0.921,19186.0
,28.0,-22.3,0.77,,4220,76,1270,96804,,,,,0.0003,1.11,19200.0
,28.2,-23.8,0.77,,4224,76,1271,96863,,,,,0.0003,0.886,19215.0
,28.6,-23.8,0.77,,4228,76,1272,96980,,,,,0.0003,1.02,19244.0
,28.9,-23.8,0.769,,4232,76,1274,97090,,,,,0.0003,0.623,19272.0
,28.0,-24.4,0.769,,4236,76,1275,97160,,,,,0.0003,1.48,19289.0
,27.5,-25.0,0.769,,4240,76,1276,97274,,,,,0.0003,1.83,19318.0
,26.7,-25.6,0.769,,4244,76,1277,97337,,,,,0.0003,0.901,19334.0
,26.6,-25.6,0.769,,4248,76,1278,97414,,,,,0.0003,1.01,19353.0
,26.1,-25.6,0.768,,4252,76,1280,97474,,,,,0.0003,0.64,19368.0
,26.2,-24.1,0.768,,4256,76,1281,97552,,,,,0.0003,1.5,19387.0
,25.9,-24.1,0.768,,4260,76,1282,97694,,,,,0.0003,0.844,19423.0
,26.5,-23.8,0.768,,4264,76,1283,97827,,,,,0.0003,1.06,19456.0
,26.1,-24.1,0.767,,4268,76,1285,97911,,,,,0.0003,1.31,19477.0
,25.9,-24.1,0.767,,4272,76,1286,97957,,,,,0.0003,0.608,19489.0
,26.2,-23.5,0.767,,4276,76,1287,98089,,,,,0.0003,1.31,19522.0
,26.2,-23.5,0.767,,4280,76,1288,98230,,,,,0.0003,1.86,19557.0
,26.0,-23.5,0.767,,4284,76,1290,98283,,,,,0.0003,1.4,19570.0
,26.3,-23.5,0.766,,4288,76,1291,98356,,,,,0.0003,1.39,19588.0
,26.3,-24.1,0.766,,4292,76,1292,98468,,,,,0.0003,2.09,19616.0
,25.7,-23.8,0.766,,4296,76,1293,98543,,,,,0.0003,0.38,19635.0
,25.5,-23.8,0.766,,4300,76,1294,98593,,,,,0.0003,1.55,19648.0
,25.6,-23.2,0.765,,4304,76,1296,98820,,,,,0.0003,0.596,19704.0
,24.7,-23.1,0.765,,4308,76,1297,98923,,,,,0.0003,1.23,19730.0
,24.9,-23.1,0.765,,4312,76,1298,99016,,,,,0.0003,2.29,19753.0
,24.2,-23.1,0.764,,4316,76,1300,99169,,,,,0.0003,0.803,19792.0
,26.1,-23.2,0.764,,4320,76,1301,99415,,,,,0.0003,0.696,19853.0
,25.9,-23.2,0.764,,4324,76,1302,99455,,,,,0.0003,0.308,19863.0
,25.7,-23.2,0.764,,4328,76,1304,99546,,,,,0.0003,0.754,19886.0
,25.2,-23.2,0.763,,4332,76,1305,99612,,,,,0.0003,1.03,19902.0
,25.4,-22.9,0.763,,4336,76,1306,99702,,,,,0.0003,0.909,19925.0
,25.1,-22.9,0.763,,4340,76,1307,99786,,,,,0.0003,1.37,19946.0
,25.9,-20.8,0.763,,4344,76,1309,99927,0.0,0.0,0.0,,0.0003,1.15,19981.0
,26.2,-20.8,0.762,,4348,76,1310,100030,,,,,0.0003,1.32,20007.0
,26.8,-20.8,0.762,,4352,76,1311,100154,,,,,0.0003,1.3,20038.0
,28.2,-22.3,0.762,,4356,76,1313,100371,,,,,0.0003,0.757,20092.0
,28.0,-22.3,0.761,,4360,76,1314,100498,,,,,0.0003,0.876,20124.0
,27.2,-21.1,0.761,,4364,76,1315,100545,,,,,0.0003,1.66,20136.0
,26.8,-21.1,0.761,,4368,76,1316,100590,,,,,0.0003,1.27,20147.0
,27.1,-21.4,0.761,,4372,76,1317,100669,,,,,0.0003,1.31,20167.0
,26.4,-22.0,0.761,,4376,76,1318,100727,,,,,0.0003,1.29,20181.0
,25.7,-22.3,0.761,,4380,76,1320,100796,,,,,0.0003,0.573,20198.0
,26.6,-22.3,0.76,,4384,76,1321,100943,,,,,0.0003,1.11,20235.0
,26.5,-21.4,0.76,,4388,76,1322,101006,,,,,0.0003,0.457,20251.0
,26.3,-21.1,0.76,,4392,76,1323,101098,,,,,0.0003,1.16,20274.0
,26.4,-21.1,0.76,,4396,76,1324,101178,,,,,0.0003,1.95,20294.0
,26.5,-21.1,0.76,,4400,76,1326,101240,,,,,0.0003,1.53,20309.0
,25.1,-21.1,0.759,,4404,76,1327,101333,,,,,0.0003,1.5,20333.0
,25.2,-21.1,0.759,,4408,76,1328,101446,,,,,0.0003,1.3,20361.0
,26.5,-20.2,0.759,,4412,76,1330,101663,,,,,0.0003,1.12,20415.0
,25.5,-20.2,0.758,,4416,76,1331,101716,,,,,0.0003,0.921,20428.0
,24.7,-19.2,0.758,,4420,76,1332,101884,,,,,0.0003,1.71,20470.0
,24.9,-19.2,0.758,,4424,76,1333,101945,,,,,0.0003,0.827,20486.0
,24.9,-19.5,0.758,,4428,76,1335,102039,,,,,0.0003,1.12,20509.0
,25.1,-19.6,0.757,,4432,76,1336,102117,,,,,0.0003,0.437,20529.0
,24.8,-19.2,0.757,,4436,76,1337,102179,,,,,0.0003,0.645,20544.0
,24.9,-19.5,0.757,,4440,76,1338,102276,,,,,0.0003,0.673,20568.0
,24.4,-22.2,0.757,,4444,76,1340,102366,,,,,0.0003,1.07,20591.0
,23.7,-22.2,0.757,,4448,76,1341,102402,,,,,0.0003,0.998,20600.0
,23.7,-22.8,0.757,,4452,76,1342,102521,,,,,0.0003,1.08,20630.0
,22.9,-21.6,0.756,,4456,76,1343,102664,,,,,0.0003,1.55,20665.0
,22.3,-21.6,0.756,,4460,76,1345,102732,,,,,0.0003,0.643,20682.0
,23.1,-23.1,0.756,,4464,76,1346,102852,,,,,0.0003,1.11,20712.0
,24.0,-23.1,0.755,,4468,76,1347,102994,,,,,0.0003,1.03,20748.0
,24.6,-22.8,0.755,,4472,76,1349,103134,,,,,0.0003,1.3,20783.0
,25.5,-22.6,0.755,,4476,76,1350,103280,,,,,0.0003,1.52,20819.0
,26.8,-22.6,0.754,,4480,76,1352,103480,,,,,0.0003,0.797,20869.0
,26.0,-22.6,0.754,,4484,76,1353,103546,,,,,0.0003,1.41,20886.0
,26.9,-20.8,0.754,,4488,76,1354,103692,,,,,0.0003,1.5,20922.0
,26.6,-21.4,0.754,,4492,76,1355,103758,,,,,0.0003,0.387,20939.0
,26.7,-20.2,0.753,,4496,76,1356,103844,,,,,0.0003,1.61,20960.0
,26.6,-20.2,0.753,,4500,76,1357,103901,,,,,0.0003,1.06,20975.0
,27.0,-20.5,0.753,,4504,76,1359,104034,,,,,0.0003,0.433,21008.0
,26.7,-20.5,0.753,,4508,76,1360,104115,,,,,0.0003,2.41,21028.0
,25.1,-21.4,0.753,,4512,76,1361,104169,,,,,0.0003,1.33,21042.0
,24.7,-21.3,0.753,,4516,76,1362,104183,,,,,0.0003,1.08,21045.0
,24.1,-22.2,0.752,,4520,76,1363,104290,,,,,0.0003,1.48,21072.0
,24.0,-22.2,0.752,,4524,76,1364,104343,,,,,0.0003,1.09,21085.0
,25.6,-22.9,0.752,,4528,76,1366,104595,,,,,0.0003,0.916,21148.0
,26.6,-23.2,0.751,,4532,76,1368,104777,,,,,0.0003,1.9,21194.0
,27.2,-23.5,0.751,,4536,76,1369,104898,,,,,0.0003,0.751,21224.0
,28.4,-21.4,0.75,,4540,76,1371,105117,,,,,0.0003,1.04,21279.0
,28.4,-21.1,0.75,,4544,76,1372,105204,,,,,0.0003,0.892,21300.0
,29.0,-21.1,0.75,,4548,76,1373,105298,,,,,0.0003,2.84,21324.0
,29.4,-20.2,0.75,,4552,76,1375,105466,,,,,0.0003,1.1,21366.0
,28.8,-20.8,0.749,,4556,76,1376,105540,,,,,0.0003,0.704,21384.0
,28.9,-19.6,0.749,,4560,76,1377,105627,,,,,0.0003,1.09,21406.0
,28.9,-19.9,0.749,,4564,76,1379,105739,,,,,0.0003,2.29,21434.0
,29.6,-20.2,0.748,,4568,76,1380,105951,,,,,0.0003,0.789,21487.0
,28.8,-20.2,0.748,,4572,76,1381,106016,,,,,0.0003,1.11,21503.0
,28.0,-20.8,0.748,,4576,76,1383,106084,,,,,0.0003,0.457,21520.0
,28.1,-21.1,0.748,,4580,76,1384,106295,,,,,0.0003,1.43,21573.0
,28.4,-19.6,0.747,,4584,76,1385,106381,,,,,0.0003,0.876,21595.0
,29.0,-22.6,0.747,,4588,76,1387,106595,,,,,0.0003,0.14,21648.0
,29.2,-22.0,0.747,,4592,76,1388,106682,,,,,0.0003,1.76,21670.0
,29.0,-23.2,0.746,,4596,76,1389,106747,,,,,0.0003,0.646,21686.0
,29.1,-23.2,0.746,,4600,76,1390,106807,,,,,0.0003,2.04,21701.0
,28.4,-22.9,0.746,,4604,76,1392,106874,,,,,0.0003,0.26,21718.0
,28.1,-22.9,0.746,,4608,76,1393,106927,,,,,0.0003,0.671,21731.0
,28.4,-22.9,0.746,,4612,76,1394,107010,,,,,0.0003,0.475,21752.0
,29.1,-22.9,0.746,,4616,76,1395,107089,,,,,0.0003,0.439,21772.0
,30.4,-23.2,0.745,,4620,76,1397,107326,,,,,0.0003,1.5,21831.0
,31.1,-23.2,0.745,,4624,76,1398,107456,,,,,0.0003,0.946,21863.0
,29.0,-22.3,0.745,,4628,76,1399,107492,,,,,0.0003,1.66,21872.0
,29.0,-22.3,0.744,,4632,76,1401,107680,,,,,0.0003,1.32,21919.0
,28.4,-22.3,0.744,,4636,76,1402,107733,,,,,0.0003,1.59,21933.0
,26.9,-22.6,0.744,,4640,76,1403,107802,,,,,0.0003,0.657,21950.0
,26.6,-22.6,0.744,,4644,76,1404,107859,,,,,0.0003,0.666,21964.0
,27.5,-23.5,0.743,,4648,76,1406,108045,,,,,0.0003,0.851,22011.0
,26.4,-23.8,0.743,,4652,76,1407,108106,,,,,0.0003,0.449,22026.0
,26.6,-24.1,0.743,,4656,76,1408,108198,,,,,0.0003,0.455,22049.0
,27.5,-25.3,0.743,,4660,76,1409,108381,,,,,0.0003,1.83,22095.0
,27.6,-25.0,0.742,,4664,76,1411,108495,,,,,0.0003,0.585,22123.0
,26.6,-24.7,0.742,,4668,76,1412,108613,,,,,0.0003,0.485,22153.0
,26.7,-24.7,0.742,,4672,76,1413,108682,,,,,0.0003,1.14,22170.0
,27.4,-24.4,0.742,,4676,76,1414,108827,,,,,0.0003,0.483,22206.0
,25.7,-24.1,0.741,,4680,76,1415,108861,,,,,0.0003,0.582,22215.0
,25.4,-25.6,0.741,,4684,76,1417,108921,,,,,0.0003,1.83,22230.0
,24.1,-25.2,0.741,,4688,76,1418,109010,,,,,0.0003,0.776,22252.0
,24.0,-25.2,0.741,,4692,76,1419,109080,,,,,0.0003,0.723,22269.0
,24.4,-25.5,0.741,,4696,76,1420,109187,,,,,0.0003,1.32,22296.0
,26.1,-25.6,0.74,,4700,76,1422,109413,,,,,0.0003,2.35,22353.0
,25.5,-25.6,0.74,,4704,76,1423,109425,,,,,0.0003,0.607,22356.0
,25.5,-25.6,0.74,,4708,76,1424,109473,,,,,0.0003,3.7,22368.0
,24.8,-25.5,0.74,,4712,76,1425,109492,,,,,0.0003,1.06,22372.0
,24.9,-25.5,0.74,,4716,76,1426,109579,,,,,0.0003,1.33,22394.0
,24.5,-25.5,0.739,,4720,76,1427,109774,,,,,0.0003,0.629,22443.0
,24.6,-25.8,0.739,,4724,76,1429,109911,0.0,0.0,1.0,,0.0003,0.82,22477.0
,25.1,-26.2,0.739,,4728,76,1430,110006,,,,,0.0003,0.894,22501.0
,25.1,-26.2,0.738,,4732,76,1431,110186,,,,,0.0003,1.13,22546.0
,25.0,-26.1,0.738,,4736,76,1432,110229,,,,,0.0003,1.1,22557.0
,24.7,-27.6,0.738,,4740,76,1434,110275,,,,,0.0003,1.33,22568.0
,25.5,-27.7,0.738,,4744,76,1435,110408,,,,,0.0003,1.0,22601.0
,23.9,-26.7,0.738,,4748,76,1436,110433,,,,,0.0003,2.14,22608.0
,24.3,-26.7,0.737,,4752,76,1437,110535,,,,,0.0003,0.862,22633.0
,24.0,-25.5,0.737,,4756,76,1438,110594,,,,,0.0003,0.844,22648.0
,24.1,-25.8,0.737,,4760,76,1440,110787,,,,,0.0003,1.13,22696.0
,24.8,-26.1,0.736,,4764,76,1442,110975,,,,,0.0003,0.456,22743.0
,24.7,-26.1,0.736,,4768,76,1443,111079,,,,,0.0003,0.846,22769.0
,24.4,-26.1,0.736,,4772,76,1444,111118,,,,,0.0003,1.21,22779.0
,24.2,-26.1,0.736,,4776,76,1445,111249,,,,,0.0003,0.513,22812.0
,24.8,-26.1,0.736,,4780,76,1446,111338,,,,,0.0003,2.32,22834.0
,25.9,-25.6,0.735,,4784,76,1448,111510,,,,,0.0003,0.889,22877.0
,26.4,-24.4,0.735,,4788,77,1449,111649,,,,,0.0003,1.09,22912.0
,26.6,-24.4,0.735,,4792,77,1450,111745,,,,,0.0003,0.513,22936.0
,27.1,-24.1,0.734,,4796,77,1452,111900,,,,,0.0003,1.02,22974.0
,25.8,-24.1,0.734,,4800,77,1453,111997,,,,,0.0003,2.19,22999.0
,26.6,-21.1,0.734,,4804,77,1454,112086,,,,,0.0003,1.45,23021.0
,26.8,-21.1,0.734,,4808,77,1455,112154,,,,,0.0003,0.243,23038.0
,28.0,-20.8,0.733,,4812,77,1457,112296,,,,,0.0003,1.63,23073.0
,28.1,-20.8,0.733,,4816,77,1458,112393,,,,,0.0003,1.41,23098.0
,28.8,-20.5,0.732,,4820,77,1460,112657,,,,,0.0003,0.659,23164.0
,28.4,-20.5,0.732,,4824,77,1461,112752,,,,,0.0003,1.47,23187.0
,29.0,-20.2,0.732,,4828,77,1462,112902,,,,,0.0003,0.711,23225.0
,29.4,-20.2,0.731,,4832,77,1464,113123,,,,,0.0003,1.43,23280.0
,29.9,-20.2,0.731,,4836,77,1465,113221,,,,,0.0003,1.06,23305.0
,30.2,-20.2,0.731,,4840,77,1466,113296,,,,,0.0003,1.38,23323.0
,29.6,-20.2,0.731,,4844,77,1467,113371,,,,,0.0003,0.435,23342.0
,30.2,-20.2,0.731,,4848,77,1469,113454,,,,,0.0003,1.98,23363.0
,30.4,-20.2,0.73,,4852,77,1470,113580,,,,,0.0003,0.682,23394.0
,30.1,-21.4,0.73,,4856,77,1471,113601,,,,,0.0003,1.26,23400.0
,30.1,-20.8,0.73,,4860,77,1472,113792,,,,,0.0003,0.498,23447.0
,29.7,-20.5,0.729,,4864,77,1474,113949,,,,,0.0003,1.75,23487.0
,29.3,-20.5,0.729,,4868,77,1475,114010,,,,,0.0003,1.29,23502.0
,30.5,-20.5,0.729,,4872,77,1476,114171,,,,,0.0003,1.8,23542.0
,30.9,-20.8,0.728,,4876,77,1478,114341,,,,,0.0003,1.08,23585.0
,31.9,-19.9,0.728,,4880,77,1479,114523,,,,,0.0003,0.758,23630.0
,30.9,-20.5,0.728,,4884,77,1481,114598,,,,,0.0003,0.619,23649.0
,30.9,-21.7,0.727,,4888,77,1482,114741,,,,,0.0003,0.436,23685.0
,30.5,-21.7,0.727,,4892,77,1483,114791,,,,,0.0003,1.3,23697.0
,30.3,-21.7,0.727,,4896,77,1484,114926,,,,,0.0003,0.627,23731.0
,30.5,-21.7,0.727,,4900,77,1486,115043,,,,,0.0003,0.475,23760.0
,31.2,-25.3,0.726,,4904,77,1487,115204,,,,,0.0003,0.603,23800.0
,32.1,-25.6,0.726,,4908,77,1489,115368,,,,,0.0003,0.703,23841.0
,31.3,-25.9,0.726,,4912,77,1490,115428,,,,,0.0003,0.47,23856.0
,31.6,-26.2,0.726,,4916,77,1491,115553,,,,,0.0003,0.923,23888.0
,29.8,-26.5,0.725,,4920,77,1492,115636,,,,,0.0003,1.42,23908.0
,29.4,-26.5,0.725,,4924,77,1493,115694,,,,,0.0003,1.56,23923.0
,28.5,-26.5,0.725,,4928,77,1494,115755,,,,,0.0003,0.0853,23938.0
,27.2,-25.9,0.725,,4932,77,1496,115841,,,,,0.0003,1.67,23960.0
,27.5,-25.9,0.725,,4936,77,1497,115974,,,,,0.0003,0.485,23993.0
,27.4,-25.9,0.724,,4940,77,1498,116036,,,,,0.0003,0.505,24008.0
,27.4,-25.9,0.724,,4944,77,1499,116110,,,,,0.0003,0.907,24027.0
,27.8,-25.9,0.724,,4948,77,1501,116238,,,,,0.0003,0.614,24059.0
,28.4,-25.6,0.724,,4952,77,1502,116417,,,,,0.0003,0.865,24104.0
,29.6,-25.9,0.723,,4956,77,1504,116557,,,,,0.0003,0.609,24139.0
,30.0,-25.9,0.723,,4960,77,1505,116788,,,,,0.0003,0.674,24196.0
,30.4,-25.9,0.722,,4964,77,1507,116984,,,,,0.0003,0.826,24245.0
,30.1,-25.9,0.722,,4968,77,1508,117022,,,,,0.0003,2.27,24255.0
,29.1,-25.9,0.722,,4972,77,1509,117080,,,,,0.0003,1.31,24269.0
,28.9,-25.9,0.722,,4976,77,1510,117236,,,,,0.0003,1.01,24308.0
,27.8,-26.8,0.721,,4980,77,1511,117304,,,,,0.0003,0.854,24325.0
,27.4,-27.1,0.721,,4984,77,1512,117340,,,,,0.0003,0.871,24334.0
,29.1,-27.1,0.721,,4988,77,1514,117653,,,,,0.0003,1.32,24413.0
,29.6,-27.1,0.72,,4992,77,1515,117747,,,,,0.0003,2.19,24436.0
,29.1,-27.1,0.72,,4996,77,1517,117834,,,,,0.0003,1.75,24458.0
,29.9,-27.4,0.72,,5000,77,1518,118029,,,,,0.0003,1.8,24507.0
,28.8,-26.8,0.72,,5004,77,1519,118087,,,,,0.0003,1.71,24521.0
,28.2,-27.7,0.719,,5008,77,1520,118189,,,,,0.0003,1.89,24547.0
,28.6,-26.5,0.719,,5012,77,1522,118291,,,,,0.0003,0.634,24572.0
,28.6,-26.5,0.719,,5016,77,1523,118416,,,,,0.0003,0.839,24603.0
,29.4,-26.8,0.718,,5020,77,1524,118577,,,,,0.0003,1.2,24644.0
,30.0,-26.5,0.718,,5024,77,1526,118692,,,,,0.0003,0.719,24672.0
,30.1,-25.3,0.718,,5028,77,1527,118763,,,,,0.0003,0.934,24690.0
,30.5,-25.9,0.718,,5032,77,1528,118888,,,,,0.0003,1.62,24721.0
,29.6,-25.6,0.718,,5036,77,1529,118939,,,,,0.0003,1.44,24734.0
,29.7,-25.6,0.717,,5040,77,1530,119005,,,,,0.0003,1.34,24751.0
,30.2,-25.6,0.717,,5044,77,1532,119131,,,,,0.0003,0.606,24782.0
,30.0,-25.6,0.717,,5048,77,1533,119236,,,,,0.0003,0.44,24808.0
,29.6,-26.2,0.716,,5052,77,1534,119380,,,,,0.0003,0.662,24844.0
,29.3,-25.9,0.716,,5056,77,1536,119488,,,,,0.0003,0.893,24871.0
,29.8,-26.5,0.716,,5060,77,1537,119769,,,,,0.0003,1.3,24942.0
,29.2,-25.3,0.715,,5064,77,1539,119900,0.0,0.0,0.0,,0.0003,0.66,24974.0
,29.8,-25.3,0.715,,5068,77,1540,120006,,,,,0.0003,2.34,25001.0
,30.1,-25.6,0.715,,5072,77,1541,120094,,,,,0.0003,0.736,25023.0
,29.8,-25.3,0.714,,5076,77,1542,120212,,,,,0.0003,1.59,25052.0
,30.3,-25.3,0.714,,5080,77,1544,120331,,,,,0.0003,1.39,25082.0
,30.8,-25.0,0.714,,5084,77,1545,120422,,,,,0.0003,0.701,25105.0
,29.4,-24.7,0.714,,5088,77,1546,120589,,,,,0.0003,1.1,25147.0
,29.1,-25.0,0.713,,5092,77,1547,120652,,,,,0.0003,1.45,25162.0
,29.8,-25.3,0.713,,5096,77,1549,120816,,,,,0.0003,0.719,25203.0
,28.6,-23.5,0.713,,5100,77,1550,120891,,,,,0.0003,0.903,25222.0
,29.6,-22.3,0.713,,5104,78,1551,121051,,,,,0.0003,0.9,25262.0
,30.3,-21.1,0.712,,5108,78,1553,121219,,,,,0.0003,0.68,25304.0
,29.9,-22.3,0.712,,5112,78,1554,121279,,,,,0.0003,1.04,25319.0
,29.5,-21.7,0.712,,5116,78,1555,121366,,,,,0.0003,0.839,25341.0
,28.7,-21.1,0.712,,5120,78,1556,121450,,,,,0.0003,0.839,25362.0
,30.1,-21.7,0.711,,5124,78,1558,121700,,,,,0.0003,1.07,25424.0
,30.7,-23.2,0.711,,5128,78,1559,121830,,,,,0.0003,3.19,25457.0
,30.3,-22.9,0.71,,5132,78,1560,121918,,,,,0.0003,0.675,25479.0
,31.8,-22.3,0.71,,5136,78,1562,122115,,,,,0.0003,1.77,25528.0
,31.6,-22.6,0.71,,5140,78,1563,122164,,,,,0.0003,2.22,25540.0
,33.0,-21.4,0.709,,5144,78,1565,122427,,,,,0.0003,0.866,25606.0
,32.6,-21.7,0.709,,5148,78,1566,122499,,,,,0.0003,0.942,25624.0
,31.8,-19.9,0.709,,5152,78,1567,122557,,,,,0.0003,0.684,25639.0
,32.2,-19.9,0.709,,5156,78,1568,122704,,,,,0.0003,1.83,25675.0
,32.2,-19.9,0.708,,5160,78,1570,122994,,,,,0.0003,1.23,25748.0
,32.1,-21.1,0.708,,5164,78,1571,123108,,,,,0.0003,1.34,25776.0
,32.2,-21.4,0.707,,5168,78,1573,123226,,,,,0.0003,1.42,25806.0
,32.2,-21.1,0.707,,5172,78,1574,123313,,,,,0.0003,0.641,25828.0
,31.8,-21.4,0.707,,5176,78,1575,123395,,,,,0.0003,0.609,25848.0
,31.4,-19.9,0.707,,5180,78,1576,123474,,,,,0.0003,0.646,25868.0
,31.7,-19.9,0.706,,5184,78,1578,123591,,,,,0.0003,1.03,25897.0
,30.5,-20.2,0.706,,5188,78,1579,123643,,,,,0.0003,1.04,25910.0
,31.1,-20.8,0.706,,5192,78,1580,123758,,,,,0.0003,0.656,25939.0
,30.5,-20.2,0.706,,5196,78,1581,123864,,,,,0.0003,1.63,25965.0
,31.1,-22.0,0.706,,5200,78,1582,124000,,,,,0.0003,0.758,25999.0
,31.8,-23.2,0.705,,5204,78,1584,124232,,,,,0.0003,0.244,26057.0
,31.3,-23.2,0.705,,5208,78,1585,124351,,,,,0.0003,0.888,26087.0
,31.9,-23.8,0.704,,5212,78,1587,124466,,,,,0.0003,0.927,26116.0
,31.6,-24.4,0.704,,5216,78,1588,124525,,,,,0.0003,1.39,26131.0
,31.4,-24.4,0.704,,5220,78,1589,124587,,,,,0.0003,0.65,26146.0
,30.0,-24.1,0.704,,5224,78,1590,124696,,,,,0.0003,1.04,26173.0
,29.3,-23.8,0.704,,5228,78,1591,124761,,,,,0.0003,1.66,26190.0
,29.8,-24.1,0.703,,5232,78,1593,124893,,,,,0.0003,0.57,26223.0
,30.2,-25.3,0.703,,5236,78,1594,125135,,,,,0.0003,1.75,26283.0
,31.1,-25.0,0.702,,5240,78,1596,125274,,,,,0.0003,0.724,26318.0
,29.0,-26.2,0.702,,5244,78,1597,125326,,,,,0.0003,0.641,26331.0
,30.6,-26.5,0.702,,5248,78,1598,125559,,,,,0.0003,1.38,26389.0
,32.3,-28.0,0.701,,5252,78,1600,125791,,,,,0.0003,1.76,26447.0
,31.4,-28.0,0.701,,5256,78,1601,125841,,,,,0.0003,0.88,26460.0
,30.3,-27.7,0.701,,5260,78,1602,126023,,,,,0.0003,0.254,26505.0
,30.1,-27.7,0.7,,5264,78,1604,126120,,,,,0.0003,1.29,26529.0
,30.3,-27.4,0.7,,5268,78,1605,126253,,,,,0.0003,1.63,26563.0
,31.2,-27.7,0.7,,5272,78,1607,126435,,,,,0.0003,0.953,26608.0
,31.5,-26.2,0.699,,5276,78,1608,126542,,,,,0.0003,1.54,26635.0
,31.8,-26.8,0.699,,5280,78,1609,126650,,,,,0.0003,0.899,26662.0
,31.7,-26.2,0.699,,5284,78,1610,126763,,,,,0.0003,1.13,26690.0
,32.3,-25.9,0.699,,5288,78,1612,126875,,,,,0.0003,1.08,26718.0
,32.6,-25.0,0.698,,5292,78,1613,127023,,,,,0.0003,1.06,26755.0
,33.5,-25.0,0.698,,5296,78,1615,127209,,,,,0.0003,0.99,26802.0
,33.7,-25.0,0.697,,5300,78,1616,127371,,,,,0.0003,0.685,26842.0
,32.1,-25.0,0.697,,5304,78,1617,127445,,,,,0.0003,0.333,26861.0
,31.9,-25.0,0.697,,5308,78,1618,127539,,,,,0.0003,0.627,26884.0
,31.6,-24.4,0.697,,5312,78,1620,127622,,,,,0.0003,0.537,26905.0
,31.9,-24.1,0.697,,5316,78,1621,127718,,,,,0.0003,1.34,26929.0
,32.4,-23.2,0.696,,5320,78,1622,127824,,,,,0.0003,1.27,26955.0
,32.7,-23.5,0.696,,5324,78,1623,127967,,,,,0.0003,0.635,26991.0
,33.0,-22.6,0.696,,5328,78,1625,128062,,,,,0.0003,0.648,27015.0
,32.5,-22.3,0.696,,5332,78,1626,128147,,,,,0.0003,1.5,27036.0
,30.5,-22.0,0.696,,5336,78,1627,128187,,,,,0.0003,0.949,27046.0
,29.6,-22.0,0.695,,5340,78,1628,128237,,,,,0.0003,0.728,27059.0
,30.9,-22.0,0.695,,5344,78,1629,128414,,,,,0.0003,0.707,27103.0
,28.9,-21.4,0.695,,5348,78,1630,128444,,,,,0.0003,1.25,27110.0
,27.1,-21.4,0.695,,5352,78,1632,128499,,,,,0.0003,2.29,27124.0
,27.4,-21.4,0.695,,5356,78,1633,128582,,,,,0.0003,1.34,27145.0
,26.8,-21.1,0.694,,5360,78,1634,128700,,,,,0.0003,1.16,27174.0
,26.7,-21.1,0.694,,5364,78,1635,128793,,,,,0.0003,0.224,27198.0
,26.2,-21.1,0.694,,5368,78,1636,128878,,,,,0.0003,1.46,27219.0
,26.2,-20.8,0.694,,5372,78,1638,129052,,,,,0.0003,0.985,27262.0
,25.4,-22.6,0.693,,5376,78,1639,129086,,,,,0.0003,0.478,27271.0
,26.4,-23.2,0.693,,5380,78,1640,129288,,,,,0.0003,1.01,27321.0
,27.1,-23.8,0.692,,5384,78,1642,129475,,,,,0.0003,0.883,27368.0
,27.3,-23.8,0.692,,5388,78,1643,129602,,,,,0.0003,1.46,27400.0
,27.2,-24.1,0.692,,5392,78,1645,129747,,,,,0.0003,0.283,27436.0
,25.9,-24.4,0.692,,5396,78,1646,129804,,,,,0.0003,0.636,27450.0
,26.3,-23.2,0.691,,5400,78,1647,129999,0.0,0.0,0.0,,0.0003,0.946,27499.0
,26.4,-23.2,0.691,,5404,78,1648,130081,,,,,0.0003,0.082,27520.0
,26.9,-23.2,0.691,,5408,78,1650,130227,,,,,0.0003,0.741,27556.0
,27.6,-22.9,0.69,,5412,78,1651,130387,,,,,0.0003,0.0332,27596.0
,29.0,-22.0,0.69,,5416,78,1653,130617,,,,,0.0003,0.637,27654.0
,28.7,-21.4,0.69,,5420,78,1654,130697,,,,,0.0003,1.92,27674.0
,28.5,-21.1,0.689,,5424,78,1655,130815,,,,,0.0003,2.21,27703.0
,28.4,-21.7,0.689,,5428,78,1657,130905,,,,,0.0003,0.827,27726.0
,29.1,-22.3,0.689,,5432,79,1658,131054,,,,,0.0003,0.809,27763.0
,29.6,-22.3,0.689,,5436,79,1659,131151,,,,,0.0003,0.545,27787.0
,31.1,-22.0,0.688,,5440,79,1661,131348,,,,,0.0003,1.13,27836.0
,30.8,-22.3,0.688,,5444,79,1662,131492,,,,,0.0003,1.34,27872.0
,32.4,-22.3,0.687,,5448,79,1664,131683,,,,,0.0003,0.821,27920.0
,33.1,-22.3,0.687,,5452,79,1665,131810,,,,,0.0003,1.1,27952.0
,34.5,-22.3,0.686,,5456,79,1666,132028,,,,,0.0003,1.24,28006.0
,34.4,-22.9,0.686,,5460,79,1668,132143,,,,,0.0003,1.06,28035.0
,33.8,-22.9,0.686,,5464,79,1669,132171,,,,,0.0003,0.265,28042.0
,34.6,-22.9,0.686,,5468,79,1670,132339,,,,,0.0003,0.465,28084.0
,34.1,-23.5,0.685,,5472,79,1672,132459,,,,,0.0003,1.33,28114.0
,34.5,-22.9,0.685,,5476,79,1673,132535,,,,,0.0003,0.703,28133.0
,34.2,-23.2,0.685,,5480,79,1674,132706,,,,,0.0003,1.11,28176.0
,33.3,-22.9,0.685,,5484,79,1675,132808,,,,,0.0003,1.49,28201.0
,33.1,-23.2,0.684,,5488,79,1677,132915,,,,,0.0003,0.519,28228.0
,32.5,-22.9,0.684,,5492,79,1678,132999,,,,,0.0003,1.29,28249.0
,34.7,-22.9,0.683,,5496,79,1680,133271,,,,,0.0003,0.758,28317.0
,33.7,-23.8,0.683,,5500,79,1681,133366,,,,,0.0003,0.659,28341.0
,34.9,-22.6,0.683,,5504,79,1683,133570,,,,,0.0003,0.525,28392.0
,34.5,-22.6,0.683,,5508,79,1684,133673,,,,,0.0003,0.847,28418.0
,33.6,-22.9,0.682,,5512,79,1685,133749,,,,,0.0003,1.02,28437.0
,32.7,-23.5,0.682,,5516,79,1686,133887,,,,,0.0003,1.75,28471.0
,33.4,-25.3,0.682,,5520,79,1688,134041,,,,,0.0003,0.871,28510.0
,34.0,-25.0,0.681,,5524,79,1689,134219,,,,,0.0003,0.9,28554.0
,34.0,-24.1,0.681,,5528,79,1690,134302,,,,,0.0003,1.9,28575.0
,33.5,-23.5,0.681,,5532,79,1692,134404,,,,,0.0003,1.58,28600.0
,33.2,-23.5,0.681,,5536,79,1693,134472,,,,,0.0003,1.41,28617.0
,34.3,-23.2,0.68,,5540,79,1695,134782,,,,,0.0003,1.31,28695.0
,34.5,-22.6,0.68,,5544,79,1696,134943,,,,,0.0003,1.11,28735.0
,33.6,-22.6,0.679,,5548,79,1697,135039,,,,,0.0003,0.678,28759.0
,32.8,-22.6,0.679,,5552,79,1698,135085,,,,,0.0003,1.44,28771.0
,32.2,-23.2,0.679,,5556,79,1700,135250,,,,,0.0003,1.56,28812.0
,32.3,-22.9,0.678,,5560,79,1701,135377,,,,,0.0003,1.2,28844.0
,32.9,-22.9,0.678,,5564,79,1702,135459,,,,,0.0003,1.05,28864.0
,32.7,-23.2,0.678,,5568,79,1704,135607,,,,,0.0003,0.675,28901.0
,33.0,-22.9,0.678,,5572,79,1705,135754,,,,,0.0003,0.886,28938.0
,33.4,-21.7,0.677,,5576,79,1707,135877,,,,,0.0003,1.15,28969.0
,33.8,-21.7,0.677,,5580,79,1708,136088,,,,,0.0003,0.731,29021.0
,33.6,-22.0,0.677,,5584,79,1709,136169,,,,,0.0003,1.47,29042.0
,34.6,-22.0,0.676,,5588,79,1711,136375,,,,,0.0003,0.729,29093.0
,34.5,-22.0,0.676,,5592,79,1712,136452,,,,,0.0003,1.44,29112.0
,32.8,-21.7,0.676,,5596,79,1713,136547,,,,,0.0003,1.27,29136.0
,32.0,-21.7,0.676,,5600,79,1714,136565,,,,,0.0003,1.02,29141.0
,31.2,-22.6,0.675,,5604,79,1716,136693,,,,,0.0003,1.09,29173.0
,32.3,-23.2,0.675,,5608,79,1717,136905,,,,,0.0003,1.43,29226.0
,32.7,-23.2,0.675,,5612,79,1719,137023,,,,,0.0003,0.698,29255.0
,32.7,-23.8,0.674,,5616,79,1720,137157,,,,,0.0003,1.31,29289.0
,31.8,-23.5,0.674,,5620,79,1721,137220,,,,,0.0003,0.92,29304.0
,32.4,-23.8,0.674,,5624,79,1723,137461,,,,,0.0003,0.449,29365.0
,32.4,-25.3,0.673,,5628,79,1724,137542,,,,,0.0003,0.9,29385.0
,32.5,-25.0,0.673,,5632,79,1726,137650,,,,,0.0003,2.59,29412.0
,33.3,-25.0,0.673,,5636,79,1727,137801,,,,,0.0003,0.635,29450.0
,30.8,-25.3,0.673,,5640,79,1728,137863,,,,,0.0003,1.08,29465.0
,29.7,-25.6,0.672,,5644,79,1729,137915,,,,,0.0003,0.895,29478.0
,30.2,-25.3,0.672,,5648,79,1731,138058,,,,,0.0003,1.24,29514.0
,30.2,-25.3,0.672,,5652,79,1732,138108,,,,,0.0003,0.054,29526.0
,30.7,-24.7,0.671,,5656,79,1734,138323,,,,,0.0003,1.05,29580.0
,30.2,-24.7,0.671,,5660,79,1735,138399,,,,,0.0003,1.24,29599.0
,30.3,-24.7,0.671,,5664,79,1736,138493,,,,,0.0003,2.31,29623.0
,30.7,-24.4,0.671,,5668,79,1738,138677,,,,,0.0003,1.36,29669.0
,30.8,-24.1,0.67,,5672,79,1739,138836,,,,,0.0003,0.698,29708.0
,30.1,-25.3,0.67,,5676,79,1740,138886,,,,,0.0003,2.27,29721.0
,29.1,-24.7,0.67,,5680,79,1741,138994,,,,,0.0003,0.666,29748.0
,28.6,-24.7,0.67,,5684,79,1743,139029,,,,,0.0003,0.49,29757.0
,27.4,-24.7,0.67,,5688,79,1744,139111,,,,,0.0003,0.895,29777.0
,29.1,-24.4,0.669,,5692,79,1745,139362,,,,,0.0003,0.727,29840.0
,28.8,-24.1,0.669,,5696,79,1747,139423,,,,,0.0003,0.712,29855.0
,29.4,-24.1,0.669,,5700,79,1748,139505,,,,,0.0003,1.13,29876.0
,29.4,-24.7,0.668,,5704,79,1749,139628,,,,,0.0003,0.906,29906.0
,28.1,-24.1,0.668,,5708,79,1750,139717,,,,,0.0003,1.47,29929.0
,27.8,-22.6,0.668,,5712,79,1752,139805,,,,,0.0003,0.672,29951.0
,27.2,-22.3,0.668,,5716,79,1753,139878,,,,,0.0003,0.433,29969.0
,27.4,-22.6,0.668,,5720,79,1754,139961,0.0,0.0,0.0,,0.0003,1.64,29990.0
,27.2,-22.9,0.667,,5724,79,1756,140183,,,,,0.0003,1.45,30045.0
,28.5,-22.0,0.667,,5728,79,1757,140395,,,,,0.0003,0.256,30098.0
,28.3,-22.3,0.666,,5732,79,1759,140481,,,,,0.0003,0.466,30120.0
,28.6,-22.3,0.666,,5736,79,1760,140666,,,,,0.0003,1.51,30166.0
,28.4,-22.6,0.666,,5740,79,1761,140702,,,,,0.0003,0.241,30175.0
,29.0,-21.1,0.666,,5744,79,1763,140811,,,,,0.0003,0.407,30202.0
,28.8,-21.7,0.665,,5748,79,1764,140939,,,,,0.0003,0.455,30234.0
,29.7,-22.0,0.665,,5752,79,1765,141082,,,,,0.0003,1.42,30270.0
,29.4,-22.0,0.665,,5756,79,1767,141260,,,,,0.0003,0.43,30314.0
,29.7,-22.6,0.664,,5760,79,1768,141371,,,,,0.0003,0.888,30342.0
,30.7,-23.2,0.664,,5764,79,1770,141563,,,,,0.0003,1.03,30390.0
,30.4,-23.2,0.663,,5768,79,1771,141718,,,,,0.0003,1.7,30429.0
,29.2,-23.2,0.663,,5772,79,1772,141757,,,,,0.0003,0.671,30439.0
,31.9,-23.8,0.663,,5776,80,1775,142080,,,,,0.0003,1.65,30519.0
,31.2,-24.7,0.662,,5780,80,1776,142113,,,,,0.0003,0.932,30528.0
,31.9,-24.7,0.662,,5784,80,1777,142219,,,,,0.0003,0.832,30554.0
,31.9,-24.7,0.662,,5788,80,1778,142303,,,,,0.0003,0.678,30575.0
,30.1,-25.0,0.662,,5792,79,1779,142376,,,,,0.0003,0.638,30593.0
,30.3,-25.6,0.662,,5796,79,1781,142454,,,,,0.0003,1.17,30613.0
,30.4,-25.9,0.661,,5800,79,1782,142540,,,,,0.0003,0.303,30634.0
,30.4,-25.6,0.661,,5804,79,1783,142670,,,,,0.0003,0.214,30667.0
,30.7,-25.6,0.661,,5808,79,1784,142783,,,,,0.0003,0.838,30695.0
,30.6,-27.1,0.661,,5812,79,1786,142860,,,,,0.0003,0.682,30714.0
,31.4,-27.4,0.66,,5816,80,1787,143018,,,,,0.0003,2.43,30754.0
,31.9,-27.4,0.66,,5820,80,1788,143154,,,,,0.0003,0.673,30788.0
,31.4,-26.8,0.66,,5824,80,1790,143328,,,,,0.0003,1.05,30831.0
,30.8,-27.7,0.659,,5828,80,1791,143477,,,,,0.0003,1.91,30869.0
,31.7,-28.3,0.659,,5832,80,1793,143654,,,,,0.0003,1.58,30913.0
,30.6,-28.3,0.659,,5836,80,1794,143724,,,,,0.0003,1.12,30930.0
,30.7,-28.3,0.659,,5840,80,1795,143768,,,,,0.0003,0.907,30941.0
,30.7,-29.8,0.658,,5844,80,1796,143881,,,,,0.0003,1.12,30970.0
,30.9,-29.2,0.658,,5848,80,1798,144033,,,,,0.0003,1.53,31008.0
,30.7,-28.9,0.658,,5852,80,1799,144152,,,,,0.0003,1.7,31037.0
,29.5,-29.2,0.658,,5856,80,1800,144208,,,,,0.0003,1.76,31051.0
,28.9,-28.6,0.657,,5860,80,1801,144265,,,,,0.0003,0.332,31066.0
,27.5,-28.0,0.657,,5864,80,1802,144310,,,,,0.0003,0.793,31077.0
,27.0,-28.0,0.657,,5868,80,1803,144416,,,,,0.0003,0.329,31103.0
,27.5,-28.3,0.657,,5872,80,1805,144510,,,,,0.0003,0.92,31127.0
,24.8,-27.6,0.657,,5876,80,1806,144555,,,,,0.0003,0.872,31138.0
,25.3,-27.4,0.656,,5880,80,1807,144640,,,,,0.0003,0.464,31159.0
,24.9,-27.3,0.656,,5884,80,1808,144712,,,,,0.0003,1.05,31177.0
,24.8,-27.0,0.656,,5888,80,1809,144782,,,,,0.0003,1.28,31195.0
,25.1,-27.7,0.656,,5892,80,1810,144885,,,,,0.0003,0.669,31221.0
,25.2,-27.7,0.656,,5896,80,1812,144979,,,,,0.0003,0.938,31244.0
,25.0,-27.7,0.656,,5900,79,1813,145043,,,,,0.0003,0.2,31260.0
,25.4,-27.7,0.655,,5904,80,1814,145210,,,,,0.0003,1.19,31302.0
,25.6,-27.7,0.655,,5908,80,1816,145345,,,,,0.0003,1.43,31336.0
,26.2,-27.7,0.654,,5912,80,1817,145480,,,,,0.0003,1.09,31369.0
,25.3,-27.1,0.654,,5916,80,1818,145547,,,,,0.0003,0.694,31386.0
,24.8,-26.7,0.654,,5920,80,1819,145630,,,,,0.0003,1.3,31407.0
,23.9,-27.0,0.654,,5924,80,1821,145720,,,,,0.0003,0.922,31429.0
,23.1,-26.7,0.654,,5928,80,1822,145782,,,,,0.0003,1.49,31445.0
,22.6,-26.4,0.653,,5932,80,1823,145916,,,,,0.0003,1.36,31478.0
,22.6,-26.1,0.653,,5936,79,1824,145986,,,,,0.0003,0.864,31496.0
,22.9,-26.4,0.653,,5940,79,1826,146060,,,,,0.0003,0.743,31514.0
,22.4,-26.4,0.653,,5944,79,1827,146117,,,,,0.0003,1.96,31529.0
,22.3,-25.2,0.653,,5948,79,1828,146262,,,,,0.0003,1.47,31565.0
,22.1,-24.6,0.652,,5952,79,1830,146361,,,,,0.0003,1.3,31590.0
,22.1,-24.6,0.652,,5956,79,1831,146414,,,,,0.0003,1.41,31603.0
,24.8,-24.6,0.651,,5960,80,1833,146748,,,,,0.0003,1.06,31686.0
,25.2,-24.4,0.651,,5964,80,1834,146828,,,,,0.0003,1.48,31706.0
,25.4,-24.1,0.651,,5968,80,1835,146954,,,,,0.0003,1.18,31738.0
,24.9,-23.7,0.651,,5972,80,1836,147004,,,,,0.0003,1.03,31750.0
,25.6,-22.9,0.651,,5976,80,1838,147116,,,,,0.0003,0.983,31778.0
,25.8,-22.9,0.65,,5980,80,1839,147215,,,,,0.0003,0.873,31803.0
,25.7,-22.9,0.65,,5984,80,1840,147284,,,,,0.0003,0.701,31820.0
,26.1,-23.5,0.65,,5988,80,1841,147392,,,,,0.0003,0.497,31847.0
,26.6,-22.9,0.65,,5992,80,1843,147546,,,,,0.0003,2.0,31886.0
,27.0,-22.9,0.649,,5996,80,1844,147680,,,,,0.0003,1.19,31919.0
,27.6,-22.6,0.649,,6000,80,1845,147804,,,,,0.0003,0.634,31950.0
,27.6,-22.9,0.649,,6004,80,1847,147970,,,,,0.0003,0.45,31992.0
,26.6,-22.9,0.648,,6008,80,1848,148009,,,,,0.0003,0.497,32002.0
,27.4,-22.0,0.648,,6012,80,1849,148215,,,,,0.0003,1.22,32053.0
,27.9,-21.7,0.648,,6016,80,1851,148335,,,,,0.0003,1.21,32083.0
,28.1,-21.7,0.647,,6020,80,1852,148440,,,,,0.0003,0.883,32109.0
,28.3,-21.4,0.647,,6024,80,1853,148554,,,,,0.0003,1.61,32138.0
,28.9,-21.4,0.647,,6028,80,1854,148667,,,,,0.0003,1.1,32166.0
,29.0,-21.1,0.647,,6032,80,1856,148816,,,,,0.0003,1.69,32203.0
,29.4,-18.1,0.646,,6036,80,1857,148922,,,,,0.0003,1.59,32230.0
,29.1,-18.4,0.646,,6040,80,1858,148972,,,,,0.0003,0.958,32242.0
,29.7,-18.7,0.646,,6044,80,1859,149088,,,,,0.0003,0.693,32271.0
,30.4,-20.8,0.645,,6048,80,1861,149301,,,,,0.0003,1.07,32325.0
,31.0,-21.4,0.645,,6052,80,1862,149465,,,,,0.0003,1.25,32366.0
,32.7,-21.4,0.644,,6056,80,1864,149685,,,,,0.0003,1.44,32421.0
,30.4,-21.1,0.644,,6060,80,1865,149786,,,,,0.0003,0.694,32446.0
,31.3,-21.7,0.644,,6064,80,1867,149957,1.0,0.0,0.0,,0.0003,0.557,32489.0
,31.1,-21.7,0.644,,6068,80,1868,150063,,,,,0.0003,1.03,32515.0
,31.3,-21.4,0.643,,6072,80,1869,150135,,,,,0.0003,1.44,32533.0
,31.2,-22.3,0.643,,6076,80,1870,150232,,,,,0.0003,1.88,32557.0
,32.4,-22.3,0.643,,6080,80,1872,150456,,,,,0.0003,0.241,32613.0
,32.7,-22.3,0.642,,6084,80,1873,150554,,,,,0.0003,1.44,32638.0
,33.9,-22.0,0.642,,6088,80,1875,150782,,,,,0.0003,0.591,32695.0
,33.7,-22.3,0.642,,6092,80,1876,150916,,,,,0.0003,1.02,32728.0
,33.9,-22.3,0.641,,6096,80,1877,151067,,,,,0.0003,0.685,32766.0
,33.3,-22.3,0.641,,6100,80,1879,151131,,,,,0.0003,0.706,32782.0
,32.3,-22.0,0.641,,6104,80,1880,151200,,,,,0.0003,0.468,32799.0
,32.9,-22.3,0.641,,6108,80,1881,151300,,,,,0.0003,0.719,32824.0
,32.7,-23.5,0.64,,6112,80,1882,151488,,,,,0.0003,0.233,32871.0
,32.0,-24.1,0.64,,6116,80,1884,151536,,,,,0.0003,0.326,32883.0
,31.6,-24.1,0.64,,6120,80,1885,151605,,,,,0.0003,1.24,32901.0
,31.6,-23.2,0.64,,6124,80,1886,151712,,,,,0.0003,1.63,32927.0
,32.8,-23.8,0.639,,6128,80,1888,151944,,,,,0.0003,0.713,32985.0
,32.0,-23.8,0.639,,6132,80,1889,152018,,,,,0.0003,0.76,33004.0
,31.6,-27.1,0.639,,6136,80,1890,152085,,,,,0.0003,0.931,33021.0
,32.1,-26.5,0.639,,6140,80,1891,152183,,,,,0.0003,0.806,33045.0
,32.3,-26.2,0.638,,6144,80,1892,152317,,,,,0.0003,0.496,33079.0
,31.6,-25.6,0.638,,6148,80,1894,152459,,,,,0.0003,0.492,33114.0
,30.6,-25.6,0.638,,6152,80,1895,152527,,,,,0.0003,2.02,33131.0
,29.3,-25.0,0.638,,6156,80,1896,152612,,,,,0.0003,1.13,33152.0
,29.3,-25.3,0.637,,6160,80,1897,152718,,,,,0.0003,1.42,33179.0
,29.7,-25.0,0.637,,6164,80,1899,152928,,,,,0.0003,1.32,33231.0
,30.0,-25.3,0.636,,6168,80,1900,153063,,,,,0.0003,1.25,33265.0
,30.5,-25.9,0.636,,6172,80,1902,153181,,,,,0.0003,0.56,33295.0
,31.1,-25.9,0.636,,6176,80,1903,153344,,,,,0.0003,0.643,33335.0
,29.3,-25.9,0.636,,6180,80,1904,153386,,,,,0.0003,0.914,33346.0
,28.7,-25.9,0.636,,6184,80,1905,153423,,,,,0.0003,0.651,33355.0
,28.5,-25.9,0.635,,6188,80,1907,153634,,,,,0.0003,0.482,33408.0
,28.6,-25.6,0.635,,6192,80,1908,153774,,,,,0.0003,0.465,33443.0
,28.5,-25.6,0.634,,6196,80,1909,153918,,,,,0.0003,0.965,33479.0
,29.2,-25.0,0.634,,6200,80,1911,154049,,,,,0.0003,0.925,33512.0
,32.0,-25.9,0.633,,6204,80,1913,154402,,,,,0.0003,0.806,33600.0
,32.4,-25.6,0.633,,6208,80,1914,154536,,,,,0.0003,0.622,33633.0
,32.1,-25.3,0.633,,6212,80,1916,154699,,,,,0.0003,0.675,33674.0
,32.2,-25.3,0.632,,6216,80,1917,154752,,,,,0.0003,0.803,33687.0
,33.3,-25.3,0.632,,6220,80,1918,154934,,,,,0.0003,0.267,33733.0
,32.7,-26.2,0.632,,6224,80,1919,154983,,,,,0.0003,1.72,33745.0
,31.9,-25.9,0.632,,6228,80,1921,155138,,,,,0.0003,0.97,33784.0
,31.6,-26.2,0.631,,6232,80,1922,155175,,,,,0.0003,0.494,33793.0
,32.7,-26.2,0.631,,6236,80,1923,155351,,,,,0.0003,0.525,33837.0
,33.3,-26.2,0.631,,6240,80,1925,155517,,,,,0.0003,0.631,33879.0
,33.6,-26.2,0.63,,6244,80,1926,155674,,,,,0.0003,0.676,33918.0
,32.7,-26.2,0.63,,6248,80,1927,155726,,,,,0.0003,0.635,33931.0
,32.9,-26.2,0.63,,6252,80,1928,155820,,,,,0.0003,0.829,33954.0
,33.1,-26.5,0.63,,6256,80,1929,155920,,,,,0.0003,0.722,33979.0
,32.7,-26.5,0.63,,6260,80,1931,155992,,,,,0.0003,2.34,33997.0
,32.1,-26.8,0.629,,6264,80,1932,156134,,,,,0.0003,0.811,34033.0
,31.0,-26.5,0.629,,6268,80,1933,156159,,,,,0.0003,1.37,34039.0
,30.6,-26.2,0.629,,6272,80,1934,156242,,,,,0.0003,0.255,34060.0
,30.3,-26.2,0.629,,6276,80,1935,156371,,,,,0.0003,2.04,34092.0
,31.0,-26.2,0.628,,6280,80,1937,156485,,,,,0.0003,0.179,34121.0
,31.9,-25.3,0.628,,6284,80,1938,156613,,,,,0.0003,0.812,34153.0
,30.7,-25.3,0.628,,6288,80,1939,156702,,,,,0.0003,1.56,34175.0
,30.2,-25.3,0.628,,6292,80,1941,156798,,,,,0.0003,0.284,34199.0
,29.1,-25.3,0.628,,6296,80,1942,156832,,,,,0.0003,1.66,34207.0
,30.6,-24.7,0.627,,6300,80,1943,157104,,,,,0.0003,1.43,34275.0
,28.5,-22.9,0.627,,6304,80,1945,157249,,,,,0.0003,0.538,34312.0
,27.9,-23.2,0.626,,6308,80,1946,157323,,,,,0.0003,1.99,34330.0
,27.4,-22.9,0.626,,6312,80,1947,157444,,,,,0.0003,1.32,34360.0
,28.2,-22.6,0.626,,6316,80,1949,157572,,,,,0.0003,0.878,34392.0
,27.3,-22.6,0.626,,6320,80,1950,157662,,,,,0.0003,2.91,34415.0
,29.1,-21.4,0.625,,6324,80,1951,157894,,,,,0.0003,1.08,34473.0
,28.8,-21.1,0.625,,6328,80,1953,158017,,,,,0.0003,1.08,34504.0
,29.5,-20.8,0.624,,6332,80,1954,158129,,,,,0.0003,0.387,34532.0
,28.8,-19.3,0.624,,6336,80,1955,158227,,,,,0.0003,0.253,34556.0
,28.5,-19.3,0.624,,6340,80,1957,158369,,,,,0.0003,0.544,34592.0
,27.6,-19.3,0.624,,6344,80,1958,158435,,,,,0.0003,0.609,34608.0
,27.5,-19.3,0.624,,6348,80,1959,158480,,,,,0.0003,0.821,34619.0
,27.5,-19.3,0.623,,6352,80,1960,158574,,,,,0.0003,0.928,34643.0
,27.9,-19.0,0.623,,6356,80,1961,158710,,,,,0.0003,1.04,34677.0
,28.2,-19.0,0.623,,6360,80,1963,158808,,,,,0.0003,0.71,34701.0
,27.3,-19.0,0.623,,6364,80,1964,158866,,,,,0.0003,1.01,34716.0
,27.9,-19.3,0.622,,6368,80,1965,158949,,,,,0.0003,1.65,34737.0
,28.9,-17.8,0.622,,6372,80,1967,159137,,,,,0.0003,0.821,34784.0
,28.4,-17.8,0.622,,6376,80,1968,159206,,,,,0.0003,1.21,34801.0
,29.5,-17.5,0.621,,6380,80,1969,159435,,,,,0.0003,1.29,34858.0
,30.0,-18.4,0.621,,6384,80,1971,159615,,,,,0.0003,1.34,34903.0
,30.3,-18.4,0.621,,6388,80,1972,159732,,,,,0.0003,1.36,34932.0
,30.8,-16.9,0.62,,6392,80,1973,159882,0.0,0.0,0.0,,0.0003,0.546,34970.0
,32.3,-16.3,0.62,,6396,81,1975,160060,,,,,0.0003,1.79,35014.0
,30.2,-17.5,0.62,,6400,81,1976,160127,,,,,0.0003,0.857,35031.0
,30.8,-18.1,0.619,,6404,81,1978,160331,,,,,0.0003,1.29,35082.0
,31.8,-18.1,0.619,,6408,81,1979,160506,,,,,0.0003,1.56,35126.0
,31.9,-17.5,0.618,,6412,81,1981,160636,,,,,0.0003,0.68,35158.0
,32.7,-16.3,0.618,,6416,81,1982,160841,,,,,0.0003,1.11,35210.0
,33.4,-15.4,0.618,,6420,81,1983,161002,,,,,0.0003,2.17,35250.0
,31.3,-16.6,0.618,,6424,81,1984,161025,,,,,0.0003,1.51,35256.0
,30.9,-16.6,0.617,,6428,81,1986,161106,,,,,0.0003,1.15,35276.0
,31.1,-16.9,0.617,,6432,81,1987,161243,,,,,0.0003,0.695,35310.0
,30.8,-18.4,0.617,,6436,81,1988,161306,,,,,0.0003,1.22,35326.0
,31.5,-18.4,0.616,,6440,81,1990,161515,,,,,0.0003,1.18,35378.0
,30.9,-18.4,0.616,,6444,81,1991,161530,,,,,0.0003,0.714,35382.0
,31.3,-18.1,0.616,,6448,81,1992,161606,,,,,0.0003,2.86,35401.0
,31.6,-18.1,0.616,,6452,81,1993,161729,,,,,0.0003,0.764,35432.0
,31.3,-18.4,0.616,,6456,81,1994,161839,,,,,0.0003,1.07,35459.0
,31.1,-18.4,0.615,,6460,81,1995,161918,,,,,0.0003,0.945,35479.0
,31.6,-18.1,0.615,,6464,81,1997,162031,,,,,0.0003,1.71,35507.0
,32.5,-17.8,0.615,,6468,81,1998,162203,,,,,0.0003,0.244,35550.0
,32.0,-19.3,0.614,,6472,81,2000,162336,,,,,0.0003,1.66,35583.0
,32.3,-19.3,0.614,,6476,81,2001,162438,,,,,0.0003,0.277,35609.0
,30.6,-19.6,0.614,,6480,81,2002,162497,,,,,0.0003,0.485,35624.0
,30.4,-19.3,0.614,,6484,81,2004,162660,,,,,0.0003,1.4,35664.0
,31.1,-19.0,0.613,,6488,81,2005,162846,,,,,0.0003,0.694,35711.0
,30.8,-20.5,0.613,,6492,81,2007,162965,,,,,0.0003,2.44,35741.0
,29.6,-21.1,0.613,,6496,81,2008,163015,,,,,0.0003,2.34,35753.0
,30.4,-21.1,0.612,,6500,81,2009,163172,,,,,0.0003,0.96,35792.0
,29.2,-21.4,0.612,,6504,81,2010,163250,,,,,0.0003,0.695,35812.0
,30.1,-21.1,0.612,,6508,81,2012,163517,,,,,0.0003,1.11,35879.0
,29.6,-21.1,0.611,,6512,81,2013,163601,,,,,0.0003,0.305,35900.0
,28.7,-22.6,0.611,,6516,81,2015,163710,,,,,0.0003,0.544,35927.0
,27.4,-23.5,0.611,,6520,81,2016,163745,,,,,0.0003,2.01,35936.0
,28.2,-23.5,0.611,,6524,81,2017,163841,,,,,0.0003,0.921,35960.0
,28.0,-23.8,0.611,,6528,81,2018,163907,,,,,0.0003,1.2,35976.0
,27.3,-23.5,0.611,,6532,81,2019,163969,,,,,0.0003,0.727,35992.0
,27.8,-23.5,0.61,,6536,81,2021,164090,,,,,0.0003,0.334,36022.0
,27.9,-23.8,0.61,,6540,81,2022,164302,,,,,0.0003,1.59,36075.0
,28.9,-23.8,0.61,,6544,81,2024,164421,,,,,0.0003,0.972,36105.0
,29.0,-24.1,0.609,,6548,81,2025,164502,,,,,0.0003,0.787,36125.0
,28.6,-24.1,0.609,,6552,81,2026,164588,,,,,0.0003,0.52,36146.0
,27.9,-24.1,0.609,,6556,81,2027,164633,,,,,0.0003,0.617,36158.0
,28.1,-23.2,0.609,,6560,81,2028,164727,,,,,0.0003,2.95,36181.0
,27.8,-21.7,0.609,,6564,81,2029,164812,,,,,0.0003,0.353,36202.0
,27.1,-22.0,0.608,,6568,81,2031,164908,,,,,0.0003,1.89,36226.0
,26.9,-22.0,0.608,,6572,81,2032,165030,,,,,0.0003,0.251,36257.0
,26.8,-22.0,0.608,,6576,81,2033,165119,,,,,0.0003,0.451,36279.0
,27.0,-22.0,0.608,,6580,81,2034,165198,,,,,0.0003,0.958,36299.0
,26.0,-22.3,0.608,,6584,81,2036,165256,,,,,0.0003,1.63,36313.0
,24.7,-22.2,0.607,,6588,81,2037,165316,,,,,0.0003,0.266,36328.0
,24.4,-22.2,0.607,,6592,81,2038,165403,,,,,0.0003,1.9,36350.0
,25.1,-22.3,0.607,,6596,81,2039,165524,,,,,0.0003,1.04,36380.0
,26.2,-22.6,0.606,,6600,81,2041,165793,,,,,0.0003,1.27,36448.0
,26.7,-22.6,0.606,,6604,81,2042,165917,,,,,0.0003,0.968,36479.0
,25.5,-22.9,0.606,,6608,81,2044,166069,,,,,0.0003,0.262,36517.0
,25.4,-23.5,0.605,,6612,81,2045,166146,,,,,0.0003,0.557,36536.0
,25.0,-23.4,0.605,,6616,81,2046,166207,,,,,0.0003,0.804,36551.0
,25.7,-23.5,0.605,,6620,81,2047,166314,,,,,0.0003,0.645,36578.0
,27.9,-23.8,0.604,,6624,81,2049,166633,,,,,0.0003,2.09,36658.0
,30.1,-23.2,0.604,,6628,81,2051,166920,,,,,0.0003,1.08,36729.0
,30.0,-23.2,0.603,,6632,81,2052,166965,,,,,0.0003,1.21,36741.0
,29.8,-23.2,0.603,,6636,81,2053,167070,,,,,0.0003,0.986,36767.0
,28.1,-22.9,0.603,,6640,81,2054,167117,,,,,0.0003,0.238,36779.0
,28.4,-22.9,0.603,,6644,81,2056,167256,,,,,0.0003,0.99,36813.0
,29.8,-23.5,0.602,,6648,81,2057,167478,,,,,0.0003,0.865,36869.0
,30.1,-23.5,0.602,,6652,81,2059,167595,,,,,0.0003,1.89,36898.0
,31.4,-23.5,0.602,,6656,81,2060,167770,,,,,0.0003,1.08,36942.0
,31.8,-24.7,0.601,,6660,81,2061,167908,,,,,0.0003,0.808,36976.0
,31.5,-26.5,0.601,,6664,81,2063,167961,,,,,0.0003,0.102,36990.0
,32.5,-27.1,0.601,,6668,81,2064,168155,,,,,0.0003,0.161,37038.0
,32.1,-27.4,0.6,,6672,81,2065,168239,,,,,0.0003,0.882,37059.0
,31.5,-27.4,0.6,,6676,81,2066,168265,,,,,0.0003,1.01,37066.0
,31.6,-27.4,0.6,,6680,81,2068,168362,,,,,0.0003,1.4,37090.0
,32.2,-26.2,0.6,,6684,81,2069,168473,,,,,0.0003,1.27,37118.0
,32.6,-26.5,0.6,,6688,81,2070,168581,,,,,0.0003,1.0,37145.0
,32.2,-26.5,0.6,,6692,81,2071,168619,,,,,0.0003,1.1,37154.0
,32.1,-26.5,0.599,,6696,81,2072,168739,,,,,0.0003,0.781,37184.0
,29.9,-26.5,0.599,,6700,81,2074,168784,,,,,0.0003,0.741,37195.0
,31.2,-26.8,0.599,,6704,81,2075,169034,,,,,0.0003,0.712,37258.0
,31.1,-26.5,0.598,,6708,81,2077,169177,,,,,0.0003,1.38,37294.0
,31.8,-25.6,0.598,,6712,81,2078,169321,,,,,0.0003,1.59,37330.0
,31.6,-25.6,0.598,,6716,81,2079,169366,,,,,0.0003,0.924,37341.0
,31.5,-25.6,0.598,,6720,81,2080,169461,,,,,0.0003,1.15,37365.0
,29.8,-25.6,0.597,,6724,81,2082,169614,,,,,0.0003,1.75,37403.0
,27.4,-24.4,0.597,,6728,81,2083,169664,,,,,0.0003,1.41,37415.0
,28.0,-24.4,0.597,,6732,81,2084,169765,,,,,0.0003,1.16,37441.0
,27.7,-24.4,0.597,,6736,81,2085,169840,,,,,0.0003,0.678,37459.0
,28.7,-24.4,0.596,,6740,81,2087,169987,0.0,0.0,0.0,,0.0003,0.829,37496.0
,28.6,-24.4,0.596,,6744,81,2088,170121,,,,,0.0003,0.893,37530.0
,27.7,-22.6,0.596,,6748,81,2089,170245,,,,,0.0003,0.517,37561.0
,28.4,-22.3,0.595,,6752,81,2091,170433,,,,,0.0003,1.82,37608.0
,27.5,-21.1,0.595,,6756,81,2092,170524,,,,,0.0003,0.808,37630.0
,28.7,-21.4,0.594,,6760,81,2094,170778,,,,,0.0003,1.08,37694.0
,29.2,-19.3,0.594,,6764,81,2095,170882,,,,,0.0003,1.84,37720.0
,28.4,-18.7,0.594,,6768,81,2096,170992,,,,,0.0003,1.15,37747.0
,29.0,-18.7,0.594,,6772,81,2098,171143,,,,,0.0003,1.31,37785.0
,29.5,-18.7,0.593,,6776,81,2099,171215,,,,,0.0003,0.474,37803.0
,30.3,-18.7,0.593,,6780,81,2101,171394,,,,,0.0003,0.736,37848.0
,30.6,-19.9,0.593,,6784,81,2102,171529,,,,,0.0003,0.556,37882.0
,30.9,-19.6,0.592,,6788,81,2103,171673,,,,,0.0003,1.48,37918.0
,31.1,-19.6,0.592,,6792,81,2104,171728,,,,,0.0003,0.988,37931.0
,31.8,-19.6,0.592,,6796,81,2106,171914,,,,,0.0003,0.501,37978.0
,31.7,-19.3,0.592,,6800,81,2107,171958,,,,,0.0003,1.73,37989.0
,30.1,-19.0,0.591,,6804,81,2108,172047,,,,,0.0003,1.26,38011.0
,29.1,-19.0,0.591,,6808,81,2109,172086,,,,,0.0003,1.42,38021.0
,29.0,-20.5,0.591,,6812,81,2110,172224,,,,,0.0003,0.156,38055.0
,29.0,-20.5,0.591,,6816,81,2111,172265,,,,,0.0003,1.0,38066.0
,29.0,-20.8,0.591,,6820,81,2113,172358,,,,,0.0003,1.37,38089.0
,29.1,-20.8,0.59,,6824,81,2114,172528,,,,,0.0003,0.567,38131.0
,29.9,-22.3,0.59,,6828,81,2115,172651,,,,,0.0003,0.958,38162.0
,30.6,-22.9,0.59,,6832,81,2117,172820,,,,,0.0003,1.52,38204.0
,32.2,-22.9,0.589,,6836,81,2119,173056,,,,,0.0003,0.727,38263.0
,32.7,-22.9,0.589,,6840,81,2120,173255,,,,,0.0003,1.25,38313.0
,32.6,-22.9,0.588,,6844,81,2121,173383,,,,,0.0003,0.696,38345.0
,32.1,-24.1,0.588,,6848,81,2123,173459,,,,,0.0003,0.271,38364.0
,31.2,-24.4,0.588,,6852,81,2124,173550,,,,,0.0003,0.707,38387.0
,31.1,-25.6,0.588,,6856,81,2125,173631,,,,,0.0003,1.08,38407.0
,30.7,-24.7,0.587,,6860,81,2127,173850,,,,,0.0003,0.241,38462.0
,30.6,-26.5,0.587,,6864,81,2128,173946,,,,,0.0003,1.5,38486.0
,30.8,-26.5,0.587,,6868,81,2129,174075,,,,,0.0003,0.706,38518.0
,30.4,-26.8,0.586,,6872,81,2130,174186,,,,,0.0003,0.927,38546.0
,31.1,-26.5,0.586,,6876,81,2132,174329,,,,,0.0003,1.74,38582.0
,30.4,-26.5,0.586,,6880,81,2133,174430,,,,,0.0003,1.42,38607.0
,29.7,-26.5,0.586,,6884,81,2134,174497,,,,,0.0003,1.33,38624.0
,29.0,-26.5,0.585,,6888,81,2135,174570,,,,,0.0003,0.887,38642.0
,29.8,-26.5,0.585,,6892,81,2137,174707,,,,,0.0003,0.713,38676.0
,28.3,-26.5,0.585,,6896,81,2138,174741,,,,,0.0003,0.525,38685.0
,29.8,-26.5,0.585,,6900,81,2139,174937,,,,,0.0003,0.48,38734.0
,30.4,-26.8,0.584,,6904,81,2141,175088,,,,,0.0003,0.93,38771.0
,31.1,-26.8,0.584,,6908,81,2142,175191,,,,,0.0003,0.918,38797.0
,31.1,-26.2,0.584,,6912,81,2143,175331,,,,,0.0003,0.704,38832.0
,31.2,-24.7,0.583,,6916,81,2144,175386,,,,,0.0003,1.49,38846.0
,31.1,-24.4,0.583,,6920,81,2145,175468,,,,,0.0003,1.0,38866.0
,30.9,-24.1,0.583,,6924,81,2147,175616,,,,,0.0003,0.487,38903.0
,30.2,-24.1,0.583,,6928,81,2148,175676,,,,,0.0003,0.827,38918.0
,30.0,-23.8,0.582,,6932,81,2149,175816,,,,,0.0003,1.65,38953.0
,28.4,-23.8,0.582,,6936,81,2150,175900,,,,,0.0003,1.35,38974.0
,28.5,-23.8,0.582,,6940,81,2152,176108,,,,,0.0003,0.556,39026.0
,28.7,-24.1,0.581,,6944,81,2153,176251,,,,,0.0003,0.676,39062.0
,29.1,-24.1,0.581,,6948,81,2155,176372,,,,,0.0003,0.966,39092.0
,28.9,-23.8,0.581,,6952,81,2156,176443,,,,,0.0003,0.439,39110.0
,30.4,-23.2,0.58,,6956,81,2158,176670,,,,,0.0003,1.29,39167.0
,29.1,-23.5,0.58,,6960,81,2159,176765,,,,,0.0003,0.746,39191.0
,29.6,-23.5,0.58,,6964,81,2160,176906,,,,,0.0003,0.741,39226.0
,29.7,-23.5,0.58,,6968,81,2161,177042,,,,,0.0003,1.57,39260.0
,29.0,-22.9,0.579,,6972,81,2163,177085,,,,,0.0003,1.24,39271.0
,28.8,-23.2,0.579,,6976,81,2164,177210,,,,,0.0003,0.557,39302.0
,28.9,-23.2,0.579,,6980,81,2165,177321,,,,,0.0003,1.04,39330.0
,30.5,-21.7,0.578,,6984,81,2167,177550,,,,,0.0003,0.503,39387.0
,31.8,-22.0,0.578,,6988,81,2168,177752,,,,,0.0003,0.587,39437.0
,32.1,-22.0,0.577,,6992,81,2170,177921,,,,,0.0003,0.442,39480.0
,32.4,-22.0,0.577,,6996,81,2171,177976,,,,,0.0003,1.14,39493.0
,31.2,-22.0,0.577,,7000,81,2172,178056,,,,,0.0003,0.903,39513.0
,30.7,-21.7,0.577,,7004,81,2173,178154,,,,,0.0003,1.15,39538.0
,30.2,-21.7,0.577,,7008,81,2175,178214,,,,,0.0003,2.5,39553.0
,29.4,-22.0,0.577,,7012,81,2176,178266,,,,,0.0003,1.12,39566.0
,30.1,-23.8,0.576,,7016,81,2177,178392,,,,,0.0003,0.461,39597.0
,30.1,-23.8,0.576,,7020,81,2178,178475,,,,,0.0003,0.618,39618.0
,30.2,-22.6,0.576,,7024,81,2180,178637,,,,,0.0003,0.975,39659.0
,30.9,-22.6,0.575,,7028,81,2181,178766,,,,,0.0003,0.814,39691.0
,29.9,-22.0,0.575,,7032,81,2182,178809,,,,,0.0003,0.471,39702.0
,29.8,-21.1,0.575,,7036,81,2183,178884,,,,,0.0003,1.4,39720.0
,28.4,-21.1,0.575,,7040,81,2184,178947,,,,,0.0003,1.01,39736.0
,27.2,-20.8,0.575,,7044,81,2185,178974,,,,,0.0003,1.16,39743.0
,27.1,-20.8,0.575,,7048,81,2187,179081,,,,,0.0003,0.722,39770.0
,27.1,-21.1,0.575,,7052,81,2188,179154,,,,,0.0003,0.38,39788.0
,25.6,-21.7,0.574,,7056,81,2189,179232,,,,,0.0003,1.0,39807.0
,25.6,-22.3,0.574,,7060,81,2190,179320,,,,,0.0003,0.484,39829.0
,25.0,-22.3,0.574,,7064,81,2191,179410,,,,,0.0003,0.442,39852.0
,24.4,-22.5,0.574,,7068,81,2193,179486,,,,,0.0003,1.37,39871.0
,24.6,-22.5,0.574,,7072,81,2194,179542,,,,,0.0003,1.08,39885.0
,24.4,-22.5,0.573,,7076,81,2195,179655,,,,,0.0003,0.524,39913.0
,24.8,-23.1,0.573,,7080,81,2196,179800,,,,,0.0003,0.715,39949.0
,23.4,-24.6,0.573,,7084,81,2198,179893,0.0,0.0,1.0,,0.0003,0.469,39973.0
,23.2,-24.9,0.572,,7088,81,2199,180072,,,,,0.0003,0.987,40017.0
,22.2,-25.2,0.572,,7092,81,2200,180140,,,,,0.0003,0.634,40034.0
,22.9,-24.0,0.572,,7096,81,2201,180265,,,,,0.0003,0.593,40066.0
,22.9,-24.6,0.572,,7100,81,2203,180349,,,,,0.0003,1.76,40087.0
,23.2,-24.6,0.571,,7104,81,2204,180478,,,,,0.0003,0.98,40119.0
,23.5,-23.1,0.571,,7108,81,2205,180564,,,,,0.0003,1.08,40140.0
,24.0,-21.6,0.571,,7112,81,2206,180669,,,,,0.0003,1.04,40167.0
,23.8,-21.3,0.571,,7116,81,2208,180767,,,,,0.0003,0.898,40191.0
,24.4,-21.6,0.57,,7120,81,2209,180913,,,,,0.0003,1.24,40228.0
,25.2,-23.2,0.57,,7124,81,2211,181156,,,,,0.0003,0.487,40288.0
,25.9,-23.5,0.569,,7128,81,2212,181361,,,,,0.0003,0.902,40340.0
,26.0,-23.8,0.569,,7132,81,2214,181406,,,,,0.0003,0.703,40351.0
,26.5,-23.5,0.569,,7136,81,2215,181535,,,,,0.0003,0.778,40383.0
,27.3,-23.5,0.569,,7140,81,2216,181674,,,,,0.0003,0.961,40418.0
,29.4,-23.8,0.568,,7144,81,2218,181912,,,,,0.0003,1.84,40477.0
,28.9,-24.1,0.568,,7148,81,2219,181969,,,,,0.0003,0.66,40492.0
,29.1,-24.1,0.568,,7152,81,2220,182068,,,,,0.0003,0.579,40516.0
,29.2,-24.1,0.567,,7156,81,2222,182152,,,,,0.0003,2.09,40537.0
,30.4,-23.5,0.567,,7160,82,2223,182358,,,,,0.0003,1.64,40589.0
,30.5,-23.8,0.567,,7164,82,2225,182460,,,,,0.0003,1.03,40614.0
,30.8,-23.5,0.566,,7168,82,2226,182561,,,,,0.0003,1.43,40640.0
,32.5,-23.2,0.566,,7172,82,2227,182789,,,,,0.0003,0.63,40697.0
,32.4,-22.0,0.566,,7176,82,2229,182893,,,,,0.0003,0.774,40723.0
,31.6,-21.4,0.565,,7180,82,2230,182965,,,,,0.0003,0.95,40741.0
,31.4,-21.4,0.565,,7184,82,2231,183035,,,,,0.0003,2.62,40758.0
,30.7,-21.7,0.565,,7188,82,2232,183142,,,,,0.0003,0.67,40785.0
,31.3,-21.4,0.565,,7192,82,2234,183269,,,,,0.0003,0.269,40817.0
,31.4,-22.6,0.564,,7196,82,2235,183403,,,,,0.0003,0.821,40850.0
,31.6,-22.0,0.564,,7200,82,2236,183509,,,,,0.0003,0.782,40877.0
,31.2,-22.0,0.564,,7204,82,2237,183602,,,,,0.0003,0.572,40900.0
,31.2,-23.5,0.564,,7208,82,2239,183685,,,,,0.0003,0.277,40921.0
,30.8,-25.0,0.564,,7212,82,2240,183751,,,,,0.0003,1.8,40937.0
,30.8,-24.1,0.563,,7216,82,2241,183849,,,,,0.0003,0.585,40962.0
,31.3,-24.1,0.563,,7220,82,2243,184047,,,,,0.0003,0.746,41011.0
,30.0,-23.8,0.563,,7224,82,2244,184160,,,,,0.0003,1.01,41039.0
,29.1,-23.5,0.562,,7228,82,2245,184267,,,,,0.0003,0.611,41066.0
,29.4,-23.5,0.562,,7232,82,2246,184347,,,,,0.0003,0.863,41086.0
,29.2,-24.7,0.562,,7236,82,2248,184455,,,,,0.0003,1.28,41113.0
,29.2,-24.7,0.562,,7240,82,2249,184594,,,,,0.0003,0.259,41148.0
,27.7,-24.4,0.561,,7244,82,2250,184682,,,,,0.0003,0.553,41170.0
,27.9,-24.1,0.561,,7248,82,2251,184754,,,,,0.0003,0.924,41188.0
,27.5,-24.1,0.561,,7252,82,2253,184822,,,,,0.0003,2.19,41205.0
,27.6,-24.1,0.561,,7256,82,2254,184912,,,,,0.0003,2.68,41227.0
,26.8,-24.1,0.561,,7260,82,2255,185034,,,,,0.0003,0.242,41258.0
,27.1,-22.6,0.56,,7264,82,2256,185170,,,,,0.0003,0.916,41292.0
,26.9,-22.6,0.56,,7268,82,2258,185255,,,,,0.0003,0.971,41313.0
,25.9,-21.7,0.56,,7272,82,2259,185376,,,,,0.0003,1.4,41343.0
,25.8,-22.9,0.559,,7276,82,2260,185475,,,,,0.0003,0.981,41368.0
,27.0,-22.9,0.559,,7280,82,2262,185662,,,,,0.0003,0.988,41415.0
,28.8,-23.2,0.558,,7284,82,2263,185910,,,,,0.0003,0.586,41477.0
,29.4,-23.2,0.558,,7288,82,2265,186079,,,,,0.0003,0.99,41519.0
,30.0,-22.9,0.558,,7292,82,2266,186268,,,,,0.0003,0.62,41566.0
,29.7,-23.2,0.557,,7296,82,2268,186377,,,,,0.0003,0.522,41594.0
,29.9,-23.2,0.557,,7300,82,2269,186500,,,,,0.0003,0.299,41624.0
,30.3,-23.2,0.557,,7304,82,2270,186633,,,,,0.0003,0.313,41658.0
,30.8,-23.2,0.556,,7308,82,2272,186767,,,,,0.0003,0.579,41691.0
,31.1,-23.2,0.556,,7312,82,2273,186859,,,,,0.0003,1.73,41714.0
,31.1,-24.1,0.556,,7316,82,2274,186963,,,,,0.0003,0.305,41740.0
,29.9,-23.8,0.556,,7320,82,2275,187039,,,,,0.0003,0.935,41759.0
,29.5,-23.8,0.556,,7324,82,2277,187112,,,,,0.0003,0.815,41777.0
,31.0,-22.6,0.555,,7328,82,2278,187365,,,,,0.0003,0.506,41841.0
,30.8,-22.0,0.555,,7332,82,2280,187425,,,,,0.0003,0.732,41856.0
,30.9,-22.0,0.555,,7336,82,2281,187545,,,,,0.0003,1.11,41886.0
,30.1,-20.5,0.554,,7340,82,2282,187608,,,,,0.0003,0.864,41901.0
,30.6,-20.5,0.554,,7344,82,2283,187739,,,,,0.0003,0.759,41934.0
,32.1,-21.1,0.554,,7348,82,2285,187969,,,,,0.0003,0.607,41992.0
,33.0,-21.1,0.553,,7352,82,2286,188123,,,,,0.0003,0.653,42030.0
,33.0,-21.1,0.553,,7356,82,2288,188209,,,,,0.0003,2.21,42052.0
,32.4,-21.1,0.553,,7360,82,2289,188275,,,,,0.0003,0.376,42068.0
,34.0,-22.3,0.552,,7364,82,2291,188565,,,,,0.0003,1.01,42141.0
,35.2,-22.7,0.552,,7368,82,2292,188778,,,,,0.0003,1.44,42194.0
,35.0,-24.2,0.551,,7372,82,2293,188878,,,,,0.0003,0.0549,42219.0
,35.6,-23.9,0.551,,7376,82,2295,189034,,,,,0.0003,0.971,42258.0
,34.9,-24.1,0.551,,7380,82,2296,189150,,,,,0.0003,1.07,42287.0
,32.8,-23.8,0.551,,7384,82,2297,189193,,,,,0.0003,1.17,42298.0
,32.5,-22.9,0.55,,7388,82,2299,189326,,,,,0.0003,1.03,42331.0
,32.3,-23.2,0.55,,7392,82,2300,189501,,,,,0.0003,0.69,42375.0
,31.7,-22.9,0.55,,7396,82,2301,189551,,,,,0.0003,0.895,42387.0
,31.9,-23.2,0.549,,7400,82,2303,189685,,,,,0.0003,4.08,42421.0
,31.6,-23.2,0.549,,7404,82,2304,189789,,,,,0.0003,0.472,42447.0
,31.8,-23.2,0.549,,7408,82,2306,189943,0.0,0.0,0.0,,0.0003,0.947,42485.0
,31.7,-23.2,0.549,,7412,82,2307,190032,,,,,0.0003,0.735,42507.0
,32.5,-22.0,0.548,,7416,82,2308,190209,,,,,0.0003,0.401,42552.0
,33.9,-22.3,0.548,,7420,82,2310,190429,,,,,0.0003,1.41,42607.0
,34.6,-21.7,0.547,,7424,82,2311,190573,,,,,0.0003,0.756,42643.0
,33.0,-21.7,0.547,,7428,82,2313,190661,,,,,0.0003,1.81,42665.0
,33.6,-22.3,0.547,,7432,82,2314,190782,,,,,0.0003,0.795,42695.0
,33.4,-22.3,0.547,,7436,82,2315,190889,,,,,0.0003,1.21,42722.0
,34.0,-23.8,0.546,,7440,82,2316,191005,,,,,0.0003,0.504,42751.0
,33.6,-24.4,0.546,,7444,82,2318,191097,,,,,0.0003,0.643,42774.0
,32.3,-23.8,0.546,,7448,82,2319,191198,,,,,0.0003,1.37,42799.0
,31.6,-22.6,0.546,,7452,82,2320,191284,,,,,0.0003,1.46,42820.0
,31.1,-22.6,0.546,,7456,82,2321,191319,,,,,0.0003,1.37,42829.0
,31.2,-22.6,0.545,,7460,82,2322,191393,,,,,0.0003,2.27,42848.0
,29.7,-22.3,0.545,,7464,82,2324,191533,,,,,0.0003,1.62,42883.0
,28.9,-22.0,0.545,,7468,82,2325,191665,,,,,0.0003,1.97,42916.0
,28.9,-21.7,0.545,,7472,82,2326,191768,,,,,0.0003,1.02,42941.0
,28.4,-22.0,0.544,,7476,82,2328,191870,,,,,0.0003,0.247,42967.0
,28.3,-21.7,0.544,,7480,82,2329,191978,,,,,0.0003,0.652,42994.0
,29.6,-22.0,0.544,,7484,82,2331,192158,,,,,0.0003,1.78,43039.0
,30.1,-22.3,0.543,,7488,82,2332,192339,,,,,0.0003,0.499,43084.0
,30.7,-22.3,0.543,,7492,82,2334,192568,,,,,0.0003,0.753,43141.0
,31.3,-22.3,0.542,,7496,82,2335,192679,,,,,0.0003,2.86,43169.0
,31.0,-22.0,0.542,,7500,82,2337,192787,,,,,0.0003,0.598,43196.0
,30.2,-22.0,0.542,,7504,82,2338,192805,,,,,0.0003,1.0,43201.0
,29.2,-22.0,0.542,,7508,82,2339,192859,,,,,0.0003,0.733,43214.0
,29.7,-21.7,0.542,,7512,82,2340,193001,,,,,0.0003,0.78,43250.0
,29.2,-23.5,0.541,,7516,82,2342,193125,,,,,0.0003,0.583,43281.0
,28.5,-22.6,0.541,,7520,82,2343,193282,,,,,0.0003,0.914,43320.0
,28.8,-22.9,0.541,,7524,82,2345,193457,,,,,0.0003,1.81,43364.0
,29.5,-24.1,0.54,,7528,82,2346,193609,,,,,0.0003,0.712,43402.0
,30.4,-24.7,0.54,,7532,82,2348,193827,,,,,0.0003,1.71,43456.0
,30.2,-24.7,0.539,,7536,82,2349,193905,,,,,0.0003,1.33,43476.0
,30.1,-23.8,0.539,,7540,82,2351,194018,,,,,0.0003,0.744,43504.0
,30.1,-23.2,0.539,,7544,82,2352,194110,,,,,0.0003,1.17,43527.0
,30.1,-22.0,0.539,,7548,82,2353,194208,,,,,0.0003,0.733,43551.0
,30.1,-23.2,0.539,,7552,82,2354,194289,,,,,0.0003,1.28,43572.0
,31.3,-23.5,0.538,,7556,82,2356,194449,,,,,0.0003,1.42,43612.0
,31.4,-23.2,0.538,,7560,82,2357,194534,,,,,0.0003,1.47,43633.0
,30.9,-23.5,0.538,,7564,82,2358,194619,,,,,0.0003,1.19,43654.0
,31.1,-24.4,0.537,,7568,82,2360,194776,,,,,0.0003,0.833,43693.0
,31.1,-24.4,0.537,,7572,82,2361,194877,,,,,0.0003,1.91,43719.0
,31.2,-24.4,0.537,,7576,82,2362,194992,,,,,0.0003,0.702,43747.0
,31.0,-24.7,0.537,,7580,82,2363,195081,,,,,0.0003,1.73,43770.0
,32.0,-24.4,0.536,,7584,82,2365,195361,,,,,0.0003,1.05,43840.0
,31.4,-24.4,0.536,,7588,82,2367,195476,,,,,0.0003,0.91,43868.0
,29.5,-24.4,0.536,,7592,82,2368,195522,,,,,0.0003,0.731,43880.0
,29.2,-24.7,0.535,,7596,82,2369,195596,,,,,0.0003,1.51,43898.0
,28.4,-24.7,0.535,,7600,82,2370,195626,,,,,0.0003,1.68,43906.0
,30.9,-24.7,0.535,,7604,82,2372,195895,,,,,0.0003,0.545,43973.0
,30.9,-24.1,0.535,,7608,82,2373,195953,,,,,0.0003,0.63,43988.0
,30.6,-24.4,0.534,,7612,82,2374,196057,,,,,0.0003,0.0283,44014.0
,30.6,-23.8,0.534,,7616,82,2375,196189,,,,,0.0003,1.45,44047.0
,29.9,-24.7,0.534,,7620,82,2377,196276,,,,,0.0003,0.954,44068.0
,28.9,-25.3,0.534,,7624,82,2378,196348,,,,,0.0003,1.25,44086.0
,29.6,-25.3,0.533,,7628,82,2379,196573,,,,,0.0003,1.0,44143.0
,28.5,-24.4,0.533,,7632,82,2381,196678,,,,,0.0003,1.26,44169.0
,30.6,-24.4,0.532,,7636,82,2383,196960,,,,,0.0003,1.03,44239.0
,30.0,-25.3,0.532,,7640,82,2384,197018,,,,,0.0003,0.937,44254.0
,30.1,-25.0,0.532,,7644,82,2385,197117,,,,,0.0003,0.589,44279.0
,30.0,-26.2,0.532,,7648,82,2386,197210,,,,,0.0003,2.09,44302.0
,30.0,-26.2,0.531,,7652,82,2387,197286,,,,,0.0003,0.749,44321.0
,29.4,-25.9,0.531,,7656,82,2389,197394,,,,,0.0003,0.944,44348.0
,29.6,-26.5,0.531,,7660,82,2390,197491,,,,,0.0003,1.24,44372.0
,29.3,-26.8,0.531,,7664,82,2391,197548,,,,,0.0003,0.51,44386.0
,28.3,-25.9,0.531,,7668,82,2392,197607,,,,,0.0003,0.945,44401.0
,28.0,-25.9,0.531,,7672,82,2393,197676,,,,,0.0003,1.39,44418.0
,27.5,-25.9,0.53,,7676,82,2395,197738,,,,,0.0003,1.68,44434.0
,27.3,-25.6,0.53,,7680,82,2396,197807,,,,,0.0003,0.0965,44451.0
,25.9,-25.6,0.53,,7684,82,2397,197955,,,,,0.0003,0.518,44488.0
,25.9,-25.6,0.53,,7688,82,2398,198064,,,,,0.0003,0.535,44515.0
,26.8,-25.9,0.529,,7692,82,2400,198205,,,,,0.0003,2.57,44551.0
,27.1,-25.3,0.529,,7696,82,2401,198301,,,,,0.0003,0.703,44575.0
,29.2,-25.3,0.528,,7700,82,2403,198549,,,,,0.0003,0.564,44637.0
,27.5,-25.0,0.528,,7704,82,2404,198647,,,,,0.0003,1.7,44661.0
,27.8,-25.6,0.528,,7708,82,2405,198735,,,,,0.0003,1.66,44683.0
,27.1,-25.6,0.528,,7712,82,2407,198767,,,,,0.0003,1.29,44691.0
,26.5,-25.6,0.528,,7716,82,2408,198840,,,,,0.0003,0.3,44709.0
,26.4,-25.3,0.528,,7720,82,2409,198918,,,,,0.0003,1.89,44729.0
,27.1,-25.0,0.527,,7724,82,2411,199063,,,,,0.0003,1.48,44765.0
,25.8,-25.3,0.527,,7728,82,2412,199155,,,,,0.0003,0.989,44788.0
,25.8,-24.1,0.527,,7732,82,2413,199257,,,,,0.0003,1.92,44814.0
,23.9,-24.0,0.527,,7736,82,2414,199346,,,,,0.0003,0.674,44836.0
,24.2,-24.0,0.526,,7740,82,2416,199442,,,,,0.0003,0.797,44860.0
,23.6,-24.3,0.526,,7744,82,2417,199474,,,,,0.0003,0.685,44868.0
,23.1,-24.3,0.526,,7748,82,2418,199519,,,,,0.0003,1.11,44879.0
,22.8,-24.3,0.526,,7752,82,2419,199563,,,,,0.0003,0.26,44890.0
,22.4,-24.3,0.526,,7756,82,2420,199629,,,,,0.0003,1.31,44907.0
,23.2,-22.8,0.525,,7760,82,2422,199809,,,,,0.0003,0.553,44952.0
,24.2,-22.8,0.525,,7764,82,2423,199964,0.0,0.0,0.0,,0.0003,1.73,44990.0
,24.3,-22.5,0.525,,7768,82,2425,200034,,,,,0.0003,1.18,45008.0
,24.2,-22.8,0.525,,7772,82,2426,200099,,,,,0.0003,1.19,45024.0
,25.0,-21.9,0.524,,7776,82,2427,200238,,,,,0.0003,0.271,45059.0
,25.5,-22.0,0.524,,7780,82,2429,200356,,,,,0.0003,1.64,45088.0
,24.8,-21.9,0.524,,7784,82,2430,200433,,,,,0.0003,0.906,45108.0
,24.4,-21.9,0.524,,7788,82,2431,200499,,,,,0.0003,1.19,45124.0
,23.8,-21.9,0.524,,7792,82,2432,200589,,,,,0.0003,2.41,45147.0
,24.2,-21.3,0.523,,7796,82,2434,200724,,,,,0.0003,1.18,45180.0
,22.9,-21.3,0.523,,7800,82,2435,200836,,,,,0.0003,0.675,45208.0
,22.8,-21.6,0.523,,7804,82,2436,200924,,,,,0.0003,0.679,45230.0
,22.5,-22.2,0.523,,7808,82,2437,200985,,,,,0.0003,0.553,45246.0
,23.1,-21.9,0.522,,7812,82,2439,201072,,,,,0.0003,0.83,45267.0
,22.8,-21.9,0.522,,7816,82,2440,201123,,,,,0.0003,1.57,45280.0
,23.3,-21.9,0.522,,7820,82,2441,201248,,,,,0.0003,1.43,45311.0
,23.1,-21.9,0.522,,7824,82,2443,201377,,,,,0.0003,1.49,45344.0
,23.2,-21.6,0.522,,7828,82,2444,201472,,,,,0.0003,0.7,45367.0
,23.1,-22.2,0.521,,7832,82,2445,201568,,,,,0.0003,1.35,45391.0
,23.6,-22.2,0.521,,7836,82,2446,201703,,,,,0.0003,1.32,45425.0
,23.4,-22.5,0.521,,7840,82,2448,201787,,,,,0.0003,0.379,45446.0
,25.6,-22.6,0.52,,7844,82,2449,202030,,,,,0.0003,0.925,45507.0
,26.0,-22.6,0.52,,7848,82,2451,202122,,,,,0.0003,0.567,45530.0
,26.1,-22.6,0.52,,7852,82,2452,202174,,,,,0.0003,1.2,45543.0
,26.2,-22.6,0.52,,7856,82,2453,202251,,,,,0.0003,2.28,45562.0
,25.8,-23.8,0.519,,7860,82,2454,202392,,,,,0.0003,1.67,45597.0
,24.7,-23.4,0.519,,7864,82,2455,202436,,,,,0.0003,0.529,45608.0
,24.7,-23.7,0.519,,7868,82,2457,202505,,,,,0.0003,0.553,45626.0
,25.0,-23.4,0.519,,7872,82,2458,202597,,,,,0.0003,1.15,45649.0
,24.2,-24.3,0.519,,7876,82,2459,202654,,,,,0.0003,0.896,45663.0
,24.7,-24.0,0.518,,7880,82,2460,202823,,,,,0.0003,0.496,45705.0
,24.7,-24.3,0.518,,7884,82,2461,202900,,,,,0.0003,1.36,45724.0
,25.6,-24.4,0.518,,7888,82,2463,203055,,,,,0.0003,0.521,45763.0
,25.5,-24.1,0.518,,7892,82,2464,203135,,,,,0.0003,1.98,45783.0
,25.8,-25.0,0.517,,7896,82,2466,203303,,,,,0.0003,0.754,45825.0
,25.9,-25.0,0.517,,7900,82,2467,203431,,,,,0.0003,0.792,45857.0
,27.6,-25.0,0.516,,7904,82,2469,203679,,,,,0.0003,0.755,45919.0
,27.5,-24.4,0.516,,7908,82,2470,203738,,,,,0.0003,0.523,45934.0
,27.5,-24.7,0.516,,7912,82,2471,203825,,,,,0.0003,1.23,45956.0
,27.8,-24.7,0.516,,7916,82,2473,203906,,,,,0.0003,0.763,45976.0
,27.3,-24.7,0.516,,7920,82,2474,203981,,,,,0.0003,0.0316,45995.0
,27.7,-25.0,0.515,,7924,82,2475,204144,,,,,0.0003,0.622,46035.0
,27.7,-25.0,0.515,,7928,82,2476,204238,,,,,0.0003,1.9,46059.0
,27.7,-25.9,0.515,,7932,82,2478,204335,,,,,0.0003,0.436,46083.0
,27.8,-25.9,0.514,,7936,82,2479,204480,,,,,0.0003,1.15,46119.0
,27.8,-25.6,0.514,,7940,82,2480,204565,,,,,0.0003,0.0373,46141.0
,26.5,-25.6,0.514,,7944,82,2482,204682,,,,,0.0003,1.49,46170.0
,25.9,-25.6,0.514,,7948,82,2483,204717,,,,,0.0003,2.0,46179.0
,27.1,-25.9,0.513,,7952,82,2484,204881,,,,,0.0003,0.479,46220.0
,27.5,-26.2,0.513,,7956,82,2485,204999,,,,,0.0003,1.68,46249.0
,27.9,-26.2,0.513,,7960,82,2487,205181,,,,,0.0003,0.312,46295.0
,29.0,-25.3,0.512,,7964,82,2488,205333,,,,,0.0003,1.62,46333.0
,29.9,-25.6,0.512,,7968,82,2490,205496,,,,,0.0003,1.02,46373.0
,31.1,-25.3,0.511,,7972,82,2491,205705,,,,,0.0003,0.345,46426.0
,31.6,-25.6,0.511,,7976,82,2493,205815,,,,,0.0003,0.915,46453.0
,30.5,-25.9,0.511,,7980,82,2494,205869,,,,,0.0003,1.1,46467.0
,30.6,-25.6,0.511,,7984,82,2495,205961,,,,,0.0003,1.21,46490.0
,30.1,-25.6,0.511,,7988,82,2496,206064,,,,,0.0003,0.593,46515.0
,30.4,-25.6,0.51,,7992,82,2498,206180,,,,,0.0003,1.48,46544.0
,29.5,-25.3,0.51,,7996,82,2499,206251,,,,,0.0003,0.757,46562.0
,29.9,-25.6,0.51,,8000,82,2500,206416,,,,,0.0003,1.8,46603.0
,28.5,-26.2,0.509,,8004,82,2502,206527,,,,,0.0003,0.738,46631.0
,29.6,-26.8,0.509,,8008,82,2503,206699,,,,,0.0003,1.09,46674.0
,29.9,-27.1,0.509,,8012,82,2504,206818,,,,,0.0003,1.25,46704.0
,29.8,-25.9,0.509,,8016,82,2506,206889,,,,,0.0003,0.27,46722.0
,31.0,-26.2,0.508,,8020,82,2507,207083,,,,,0.0003,1.97,46770.0
,30.1,-25.9,0.508,,8024,82,2508,207153,,,,,0.0003,0.554,46788.0
,31.0,-25.0,0.508,,8028,82,2510,207339,,,,,0.0003,0.776,46834.0
,30.3,-25.0,0.508,,8032,82,2511,207368,,,,,0.0003,1.16,46841.0
,30.6,-25.0,0.507,,8036,82,2512,207542,,,,,0.0003,0.705,46885.0
,31.4,-23.8,0.507,,8040,82,2514,207709,,,,,0.0003,1.04,46927.0
,31.1,-23.8,0.506,,8044,82,2515,207794,,,,,0.0003,0.976,46948.0
,32.7,-23.8,0.506,,8048,82,2516,207988,,,,,0.0003,1.67,46996.0
,32.0,-23.5,0.506,,8052,82,2518,208084,,,,,0.0003,1.42,47020.0
,31.9,-23.2,0.506,,8056,82,2519,208192,,,,,0.0003,0.344,47047.0
,31.6,-21.4,0.505,,8060,82,2520,208336,,,,,0.0003,0.723,47083.0
,31.4,-22.0,0.505,,8064,82,2522,208470,,,,,0.0003,1.29,47117.0
,30.7,-21.7,0.505,,8068,82,2523,208567,,,,,0.0003,0.27,47141.0
,29.7,-22.3,0.504,,8072,82,2524,208679,,,,,0.0003,0.659,47169.0
,29.6,-21.4,0.504,,8076,82,2526,208775,,,,,0.0003,1.29,47193.0
,30.1,-21.4,0.504,,8080,82,2527,208878,,,,,0.0003,1.42,47219.0
,29.8,-21.4,0.504,,8084,82,2528,208944,,,,,0.0003,0.85,47235.0
,29.9,-21.4,0.503,,8088,82,2529,209054,,,,,0.0003,1.73,47263.0
,30.0,-21.4,0.503,,8092,82,2531,209180,,,,,0.0003,1.01,47294.0
,30.9,-21.7,0.503,,8096,82,2532,209336,,,,,0.0003,0.701,47333.0
,30.6,-21.7,0.503,,8100,82,2534,209471,,,,,0.0003,0.717,47367.0
,30.2,-19.9,0.502,,8104,82,2535,209551,,,,,0.0003,0.975,47387.0
,30.0,-19.3,0.502,,8108,82,2536,209697,,,,,0.0003,0.255,47424.0
,29.8,-19.0,0.502,,8112,82,2537,209795,0.0,0.0,0.0,,0.0003,0.509,47448.0
,31.5,-20.2,0.501,,8116,82,2539,210035,,,,,0.0003,0.943,47508.0
,30.3,-19.9,0.501,,8120,82,2540,210117,,,,,0.0003,0.792,47529.0
,30.4,-19.9,0.501,,8124,82,2542,210198,,,,,0.0003,0.921,47549.0
,29.5,-20.8,0.501,,8128,82,2543,210286,,,,,0.0003,0.289,47571.0
,30.6,-20.8,0.5,,8132,82,2544,210433,,,,,0.0003,0.478,47608.0
,30.4,-20.8,0.5,,8136,82,2546,210583,,,,,0.0003,0.397,47645.0
,29.5,-22.0,0.5,,8140,82,2547,210663,,,,,0.0003,0.792,47665.0
,31.1,-22.0,0.499,,8144,82,2549,210901,,,,,0.0003,1.08,47725.0
,30.8,-20.5,0.499,,8148,82,2550,211071,,,,,0.0003,0.479,47767.0
,30.8,-20.5,0.498,,8152,82,2551,211160,,,,,0.0003,1.39,47789.0
,30.4,-20.5,0.498,,8156,82,2553,211228,,,,,0.0003,1.44,47806.0
,30.0,-22.3,0.498,,8160,82,2554,211336,,,,,0.0003,0.697,47833.0
,29.0,-22.3,0.498,,8164,82,2555,211370,,,,,0.0003,0.826,47842.0
,29.5,-22.3,0.498,,8168,82,2557,211514,,,,,0.0003,1.22,47878.0
,29.7,-22.3,0.497,,8172,82,2558,211652,,,,,0.0003,1.4,47912.0
,29.9,-22.9,0.497,,8176,82,2560,211765,,,,,0.0003,0.94,47941.0
,29.6,-22.9,0.497,,8180,82,2561,211843,,,,,0.0003,0.207,47960.0
,29.9,-22.0,0.497,,8184,82,2562,211931,,,,,0.0003,0.719,47982.0
,29.6,-22.0,0.496,,8188,82,2563,212019,,,,,0.0003,0.758,48004.0
,29.4,-22.0,0.496,,8192,82,2565,212115,,,,,0.0003,0.184,48028.0
,29.1,-21.4,0.496,,8196,82,2566,212246,,,,,0.0003,1.16,48061.0
,28.2,-21.1,0.496,,8200,82,2567,212296,,,,,0.0003,0.945,48073.0
,28.2,-22.3,0.496,,8204,82,2568,212372,,,,,0.0003,0.971,48092.0
,28.3,-22.6,0.495,,8208,82,2570,212526,,,,,0.0003,0.504,48131.0
,28.0,-22.6,0.495,,8212,82,2571,212599,,,,,0.0003,0.984,48149.0
,27.2,-22.3,0.495,,8216,82,2573,212757,,,,,0.0003,1.19,48189.0
,27.5,-22.3,0.494,,8220,82,2574,212868,,,,,0.0003,0.821,48216.0
,27.2,-22.3,0.494,,8224,82,2576,212921,,,,,0.0003,1.81,48230.0
,27.7,-21.7,0.494,,8228,82,2577,213052,,,,,0.0003,0.559,48262.0
,27.1,-21.7,0.494,,8232,82,2578,213140,,,,,0.0003,1.15,48284.0
,27.1,-21.7,0.493,,8236,82,2580,213291,,,,,0.0003,0.252,48322.0
,27.6,-21.7,0.493,,8240,82,2581,213419,,,,,0.0003,0.974,48354.0
,26.7,-22.0,0.493,,8244,82,2583,213573,,,,,0.0003,1.04,48393.0
,26.0,-23.5,0.493,,8248,82,2584,213672,,,,,0.0003,0.067,48417.0
,26.2,-23.5,0.492,,8252,82,2585,213777,,,,,0.0003,0.244,48444.0
,27.3,-22.3,0.492,,8256,82,2587,213954,,,,,0.0003,0.52,48488.0
,27.3,-22.3,0.492,,8260,82,2589,214063,,,,,0.0003,0.768,48515.0
,27.8,-21.7,0.491,,8264,82,2590,214151,,,,,0.0003,1.01,48537.0
,27.6,-21.4,0.491,,8268,82,2591,214274,,,,,0.0003,0.841,48568.0
,27.8,-17.5,0.491,,8272,82,2593,214431,,,,,0.0003,1.4,48607.0
,27.4,-17.5,0.491,,8276,82,2594,214502,,,,,0.0003,1.47,48625.0
,27.5,-17.5,0.49,,8280,82,2595,214594,,,,,0.0003,0.664,48648.0
,29.0,-17.8,0.49,,8284,82,2597,214832,,,,,0.0003,0.552,48707.0
,29.2,-17.8,0.49,,8288,82,2598,214944,,,,,0.0003,0.275,48735.0
,30.3,-18.1,0.489,,8292,82,2600,215149,,,,,0.0003,0.479,48787.0
,29.9,-18.7,0.489,,8296,82,2601,215237,,,,,0.0003,0.964,48809.0
,30.1,-18.4,0.489,,8300,82,2603,215307,,,,,0.0003,0.918,48826.0
,30.2,-18.4,0.488,,8304,82,2604,215391,,,,,0.0003,0.675,48847.0
,31.1,-17.8,0.488,,8308,82,2606,215640,,,,,0.0003,0.778,48909.0
,30.9,-17.8,0.488,,8312,82,2607,215692,,,,,0.0003,0.479,48922.0
,30.2,-18.1,0.488,,8316,82,2608,215780,,,,,0.0003,1.47,48944.0
,30.8,-18.1,0.487,,8320,82,2609,215946,,,,,0.0003,0.761,48986.0
,30.6,-18.1,0.487,,8324,82,2611,215985,,,,,0.0003,0.355,48996.0
,30.7,-18.7,0.487,,8328,82,2612,216118,,,,,0.0003,0.927,49029.0
,31.2,-19.0,0.486,,8332,82,2613,216263,,,,,0.0003,1.05,49065.0
,31.3,-19.3,0.486,,8336,82,2615,216422,,,,,0.0003,1.66,49105.0
,31.8,-19.6,0.486,,8340,82,2616,216594,,,,,0.0003,0.721,49148.0
,31.0,-19.0,0.485,,8344,82,2618,216671,,,,,0.0003,1.02,49167.0
,31.4,-19.0,0.485,,8348,82,2619,216817,,,,,0.0003,0.804,49204.0
,31.3,-19.0,0.485,,8352,82,2620,216903,,,,,0.0003,1.1,49225.0
,30.6,-20.2,0.485,,8356,82,2622,217011,,,,,0.0003,0.487,49252.0
,30.2,-20.2,0.484,,8360,82,2623,217079,,,,,0.0003,1.22,49269.0
,30.7,-21.4,0.484,,8364,82,2624,217225,,,,,0.0003,0.829,49306.0
,30.3,-22.0,0.484,,8368,82,2625,217301,,,,,0.0003,0.959,49325.0
,29.3,-25.6,0.484,,8372,82,2626,217357,,,,,0.0003,1.32,49339.0
,30.0,-25.6,0.483,,8376,82,2628,217499,,,,,0.0003,1.47,49374.0
,30.1,-25.6,0.483,,8380,82,2629,217604,,,,,0.0003,0.777,49400.0
,28.5,-26.5,0.483,,8384,82,2630,217686,,,,,0.0003,0.623,49421.0
,28.4,-26.5,0.483,,8388,82,2632,217784,,,,,0.0003,0.489,49445.0
,27.0,-26.2,0.483,,8392,82,2633,217850,,,,,0.0003,0.559,49462.0
,26.8,-26.2,0.482,,8396,82,2634,217919,,,,,0.0003,1.68,49479.0
,27.1,-26.2,0.482,,8400,82,2635,218014,,,,,0.0003,0.489,49503.0
,26.9,-26.2,0.482,,8404,82,2636,218081,,,,,0.0003,0.867,49520.0
,26.7,-26.8,0.482,,8408,82,2638,218313,,,,,0.0003,0.79,49578.0
,27.2,-26.5,0.481,,8412,82,2640,218415,,,,,0.0003,1.21,49603.0
,27.6,-25.3,0.481,,8416,82,2641,218539,,,,,0.0003,0.796,49634.0
,26.5,-25.6,0.481,,8420,82,2642,218596,,,,,0.0003,0.303,49648.0
,28.1,-26.5,0.48,,8424,82,2644,218794,,,,,0.0003,1.49,49698.0
,28.1,-26.5,0.48,,8428,82,2645,218929,,,,,0.0003,1.04,49732.0
,27.4,-26.2,0.48,,8432,82,2646,218999,,,,,0.0003,0.933,49749.0
,26.0,-25.9,0.48,,8436,82,2647,219025,,,,,0.0003,0.504,49756.0
,26.2,-25.6,0.479,,8440,82,2649,219215,,,,,0.0003,0.248,49803.0
,27.7,-26.2,0.479,,8444,82,2650,219441,,,,,0.0003,0.854,49860.0
,27.8,-26.2,0.478,,8448,82,2652,219600,,,,,0.0003,0.712,49899.0
,29.4,-26.2,0.478,,8452,82,2654,219838,0.0,0.0,0.0,,0.0003,0.0793,49959.0
,30.0,-26.5,0.477,,8456,82,2655,220011,,,,,0.0003,1.43,50002.0
,31.0,-26.5,0.477,,8460,82,2657,220182,,,,,0.0003,1.23,50045.0
,30.9,-25.9,0.477,,8464,82,2658,220320,,,,,0.0003,2.17,50079.0
,31.0,-25.6,0.477,,8468,82,2659,220401,,,,,0.0003,0.95,50100.0
,30.7,-25.6,0.476,,8472,82,2660,220427,,,,,0.0003,0.695,50106.0
,30.9,-26.2,0.476,,8476,82,2662,220591,,,,,0.0003,1.0,50147.0
,32.1,-26.5,0.476,,8480,82,2664,220818,,,,,0.0003,0.699,50204.0
,33.1,-26.2,0.475,,8484,82,2665,220995,,,,,0.0003,0.55,50248.0
,33.2,-25.6,0.475,,8488,82,2667,221108,,,,,0.0003,0.465,50276.0
,33.4,-25.6,0.475,,8492,82,2668,221185,,,,,0.0003,0.619,50296.0
,32.9,-25.6,0.475,,8496,82,2669,221211,,,,,0.0003,1.66,50302.0
,33.1,-25.9,0.474,,8500,82,2670,221321,,,,,0.0003,0.687,50330.0
,33.2,-26.2,0.474,,8504,82,2671,221403,,,,,0.0003,0.513,50350.0
,31.7,-25.9,0.474,,8508,82,2673,221479,,,,,0.0003,0.853,50369.0
,31.8,-25.6,0.474,,8512,82,2674,221591,,,,,0.0003,0.927,50397.0
,32.9,-26.8,0.473,,8516,82,2676,221826,,,,,0.0003,0.0428,50456.0
,33.3,-26.5,0.473,,8520,82,2677,221929,,,,,0.0003,0.772,50482.0
,32.2,-25.6,0.473,,8524,82,2678,222018,,,,,0.0003,0.608,50504.0
,31.5,-25.6,0.473,,8528,82,2679,222079,,,,,0.0003,2.29,50519.0
,32.5,-25.6,0.472,,8532,82,2681,222246,,,,,0.0003,1.35,50561.0
,33.1,-25.6,0.472,,8536,82,2682,222332,,,,,0.0003,2.11,50582.0
,33.3,-25.6,0.471,,8540,82,2684,222542,,,,,0.0003,0.981,50635.0
,32.4,-25.6,0.471,,8544,82,2685,222685,,,,,0.0003,0.73,50671.0
,33.0,-25.3,0.471,,8548,82,2687,222900,,,,,0.0003,0.934,50724.0
,31.9,-24.4,0.47,,8552,82,2688,223023,,,,,0.0003,0.804,50755.0
,31.8,-23.2,0.47,,8556,82,2690,223195,,,,,0.0003,0.357,50798.0
,32.1,-22.9,0.469,,8560,82,2691,223390,,,,,0.0003,1.41,50847.0
,32.3,-23.2,0.469,,8564,83,2693,223547,,,,,0.0003,0.746,50886.0
,32.6,-23.2,0.469,,8568,83,2694,223658,,,,,0.0003,1.57,50914.0
,33.1,-22.0,0.469,,8572,83,2695,223739,,,,,0.0003,1.05,50934.0
,32.0,-21.4,0.468,,8576,82,2696,223793,,,,,0.0003,0.436,50948.0
,31.7,-21.1,0.468,,8580,83,2698,223986,,,,,0.0003,0.72,50996.0
,32.0,-21.1,0.468,,8584,83,2699,224196,,,,,0.0003,0.757,51048.0
,31.7,-22.3,0.467,,8588,83,2700,224278,,,,,0.0003,1.49,51069.0
,31.4,-22.3,0.467,,8592,83,2702,224329,,,,,0.0003,1.02,51082.0
,32.4,-22.3,0.467,,8596,83,2703,224452,,,,,0.0003,0.616,51112.0
,32.0,-22.3,0.467,,8600,83,2704,224521,,,,,0.0003,0.942,51130.0
,32.0,-21.7,0.467,,8604,83,2705,224603,,,,,0.0003,0.87,51150.0
,31.7,-21.7,0.466,,8608,82,2707,224649,,,,,0.0003,1.52,51162.0
,32.1,-22.3,0.466,,8612,82,2708,224803,,,,,0.0003,0.738,51200.0
,30.8,-19.3,0.466,,8616,82,2710,224910,,,,,0.0003,1.46,51227.0
,30.6,-19.6,0.466,,8620,82,2711,224984,,,,,0.0003,2.11,51245.0
,30.4,-19.9,0.465,,8624,82,2712,225062,,,,,0.0003,1.28,51265.0
,31.0,-19.3,0.465,,8628,82,2714,225183,,,,,0.0003,0.65,51295.0
,30.9,-19.6,0.465,,8632,82,2715,225335,,,,,0.0003,0.747,51333.0
,30.6,-19.6,0.465,,8636,82,2716,225391,,,,,0.0003,1.84,51347.0
,30.7,-18.4,0.464,,8640,82,2718,225615,,,,,0.0003,0.248,51403.0
,29.9,-18.1,0.464,,8644,82,2719,225674,,,,,0.0003,0.546,51418.0
,29.2,-18.4,0.464,,8648,82,2720,225823,,,,,0.0003,1.99,51455.0
,29.5,-19.0,0.463,,8652,83,2722,225969,,,,,0.0003,0.812,51492.0
,28.6,-19.9,0.463,,8656,82,2723,226056,,,,,0.0003,0.899,51513.0
,27.8,-20.2,0.463,,8660,83,2724,226169,,,,,0.0003,1.64,51542.0
,27.1,-20.2,0.463,,8664,82,2726,226254,,,,,0.0003,0.478,51563.0
,27.1,-20.2,0.462,,8668,82,2727,226373,,,,,0.0003,0.262,51593.0
,28.7,-21.4,0.462,,8672,83,2729,226605,,,,,0.0003,1.2,51651.0
,28.7,-21.4,0.462,,8676,83,2730,226665,,,,,0.0003,1.17,51666.0
,27.8,-21.4,0.461,,8680,83,2731,226768,,,,,0.0003,0.522,51691.0
,27.3,-21.4,0.461,,8684,83,2733,226924,,,,,0.0003,0.942,51730.0
,27.7,-20.8,0.461,,8688,83,2734,227051,,,,,0.0003,1.08,51762.0
,28.0,-20.8,0.461,,8692,83,2735,227128,,,,,0.0003,0.259,51781.0
,29.1,-21.4,0.46,,8696,83,2737,227359,,,,,0.0003,1.46,51839.0
,29.1,-21.4,0.46,,8700,83,2738,227434,,,,,0.0003,0.453,51858.0
,30.0,-21.7,0.459,,8704,83,2739,227606,,,,,0.0003,0.738,51901.0
,31.6,-21.7,0.459,,8708,83,2741,227808,,,,,0.0003,0.774,51951.0
,31.6,-21.1,0.459,,8712,83,2742,227960,,,,,0.0003,0.772,51989.0
,33.5,-24.1,0.458,,8716,83,2744,228256,,,,,0.0003,1.27,52063.0
,33.4,-22.6,0.458,,8720,83,2745,228325,,,,,0.0003,1.47,52081.0
,34.3,-22.3,0.457,,8724,83,2747,228496,,,,,0.0003,1.03,52123.0
,35.0,-23.0,0.457,,8728,83,2749,228685,,,,,0.0003,0.521,52171.0
,35.8,-23.3,0.456,,8732,83,2751,228911,,,,,0.0003,0.723,52227.0
,36.0,-22.4,0.456,,8736,83,2752,228992,,,,,0.0003,1.28,52247.0
,34.5,-23.5,0.456,,8740,83,2753,229064,,,,,0.0003,1.18,52265.0
,35.0,-22.4,0.456,,8744,83,2754,229176,,,,,0.0003,0.269,52293.0
,34.6,-22.3,0.455,,8748,83,2756,229288,,,,,0.0003,0.945,52321.0
,34.2,-22.6,0.455,,8752,83,2757,229393,,,,,0.0003,1.81,52348.0
,33.6,-22.6,0.455,,8756,83,2758,229421,,,,,0.0003,0.689,52355.0
,34.3,-22.9,0.455,,8760,83,2760,229596,,,,,0.0003,1.28,52398.0
,35.1,-23.0,0.454,,8764,83,2761,229762,,,,,0.0003,0.361,52440.0
,34.9,-23.2,0.454,,8768,83,2763,229859,,,,,0.0003,0.236,52464.0
,33.5,-23.2,0.454,,8772,83,2764,229951,1.0,0.0,0.0,,0.0003,0.727,52487.0
,33.8,-22.9,0.454,,8776,83,2765,230049,,,,,0.0003,0.471,52512.0
,34.6,-22.9,0.453,,8780,83,2767,230227,,,,,0.0003,1.42,52556.0
,33.7,-23.2,0.453,,8784,83,2768,230295,,,,,0.0003,1.47,52573.0
,33.8,-23.2,0.453,,8788,83,2769,230431,,,,,0.0003,0.901,52607.0
,34.2,-23.2,0.452,,8792,83,2771,230553,,,,,0.0003,0.705,52638.0
,33.9,-23.2,0.452,,8796,83,2772,230750,,,,,0.0003,0.246,52687.0
,33.7,-23.2,0.452,,8800,83,2774,230806,,,,,0.0003,1.22,52701.0
,33.1,-20.2,0.452,,8804,83,2775,230916,,,,,0.0003,0.0283,52728.0
,32.4,-21.1,0.451,,8808,83,2776,231050,,,,,0.0003,0.282,52762.0
,32.1,-21.4,0.451,,8812,83,2778,231168,,,,,0.0003,0.699,52791.0
,29.9,-21.4,0.451,,8816,83,2779,231244,,,,,0.0003,0.824,52810.0
,31.5,-22.9,0.45,,8820,83,2780,231474,,,,,0.0003,1.23,52868.0
,30.9,-22.9,0.45,,8824,83,2782,231582,,,,,0.0003,0.75,52895.0
,30.9,-22.3,0.45,,8828,83,2783,231772,,,,,0.0003,0.551,52942.0
,29.8,-21.7,0.449,,8832,83,2785,231890,,,,,0.0003,0.754,52972.0
,30.3,-22.6,0.449,,8836,83,2786,232019,,,,,0.0003,1.2,53004.0
,30.9,-23.2,0.449,,8840,83,2787,232150,,,,,0.0003,1.33,53037.0
,30.9,-24.1,0.448,,8844,83,2789,232265,,,,,0.0003,0.794,53066.0
,31.0,-23.2,0.448,,8848,83,2790,232385,,,,,0.0003,0.728,53096.0
,31.5,-23.2,0.448,,8852,83,2792,232544,,,,,0.0003,0.798,53135.0
,32.8,-23.5,0.447,,8856,83,2793,232705,,,,,0.0003,0.517,53176.0
,32.6,-23.2,0.447,,8860,83,2795,232856,,,,,0.0003,0.961,53213.0
,32.1,-22.9,0.447,,8864,83,2796,232969,,,,,0.0003,0.865,53242.0
,32.5,-22.9,0.446,,8868,83,2798,233104,,,,,0.0003,1.37,53275.0
,32.8,-22.9,0.446,,8872,83,2799,233232,,,,,0.0003,1.2,53307.0
,32.8,-23.2,0.446,,8876,83,2800,233332,,,,,0.0003,0.707,53332.0
,32.2,-23.2,0.446,,8880,83,2802,233448,,,,,0.0003,0.252,53361.0
,32.0,-22.9,0.445,,8884,83,2803,233500,,,,,0.0003,0.02,53374.0
,31.3,-23.5,0.445,,8888,83,2804,233562,,,,,0.0003,2.21,53390.0
,30.9,-23.5,0.445,,8892,83,2805,233644,,,,,0.0003,1.47,53410.0
,30.1,-22.9,0.445,,8896,83,2807,233765,,,,,0.0003,2.0,53441.0
,30.1,-21.4,0.445,,8900,83,2808,233812,,,,,0.0003,0.257,53452.0
,30.1,-24.4,0.444,,8904,83,2809,233924,,,,,0.0003,0.428,53480.0
,29.4,-23.5,0.444,,8908,83,2810,233989,,,,,0.0003,1.45,53497.0
,29.0,-23.8,0.444,,8912,83,2812,234072,,,,,0.0003,0.968,53517.0
,29.0,-23.8,0.444,,8916,83,2813,234141,,,,,0.0003,0.539,53535.0
,27.4,-23.5,0.444,,8920,83,2814,234211,,,,,0.0003,0.83,53552.0
,27.3,-23.5,0.444,,8924,83,2815,234309,,,,,0.0003,1.44,53577.0
,26.4,-24.1,0.443,,8928,83,2817,234414,,,,,0.0003,1.94,53603.0
,26.4,-24.1,0.443,,8932,83,2818,234528,,,,,0.0003,0.858,53631.0
,26.6,-24.1,0.443,,8936,83,2819,234675,,,,,0.0003,1.58,53668.0
,26.7,-23.5,0.442,,8940,83,2821,234820,,,,,0.0003,1.27,53704.0
,26.3,-23.8,0.442,,8944,83,2822,234895,,,,,0.0003,0.725,53723.0
,26.4,-24.4,0.442,,8948,83,2823,235023,,,,,0.0003,0.511,53755.0
,26.0,-23.5,0.442,,8952,83,2825,235141,,,,,0.0003,1.25,53785.0
,26.5,-23.5,0.441,,8956,83,2826,235359,,,,,0.0003,0.639,53839.0
,26.1,-22.3,0.441,,8960,83,2828,235470,,,,,0.0003,2.41,53867.0
,25.7,-22.6,0.441,,8964,83,2829,235537,,,,,0.0003,0.893,53884.0
,25.7,-22.3,0.44,,8968,83,2830,235678,,,,,0.0003,0.0145,53919.0
,25.5,-22.3,0.44,,8972,83,2831,235786,,,,,0.0003,0.665,53946.0
,26.1,-22.3,0.44,,8976,83,2833,235945,,,,,0.0003,1.0,53986.0
,26.3,-21.1,0.439,,8980,83,2834,236075,,,,,0.0003,0.776,54018.0
,27.6,-21.1,0.439,,8984,83,2836,236257,,,,,0.0003,1.72,54064.0
,27.9,-20.5,0.439,,8988,83,2837,236356,,,,,0.0003,0.523,54088.0
,28.4,-20.2,0.438,,8992,83,2838,236482,,,,,0.0003,0.632,54120.0
,28.2,-20.2,0.438,,8996,83,2840,236581,,,,,0.0003,0.719,54145.0
,28.1,-21.7,0.438,,9000,83,2841,236621,,,,,0.0003,1.57,54155.0
,28.1,-20.2,0.438,,9004,83,2842,236738,,,,,0.0003,3.02,54184.0
,28.5,-20.2,0.438,,9008,83,2843,236841,,,,,0.0003,1.17,54210.0
,28.9,-19.9,0.437,,9012,83,2845,236961,,,,,0.0003,0.752,54240.0
,29.1,-18.7,0.437,,9016,83,2846,237047,,,,,0.0003,1.47,54261.0
,28.9,-18.7,0.437,,9020,83,2847,237104,,,,,0.0003,0.462,54275.0
,28.4,-18.7,0.437,,9024,83,2848,237154,,,,,0.0003,1.24,54288.0
,28.5,-18.7,0.436,,9028,83,2849,237267,,,,,0.0003,0.793,54316.0
,28.6,-19.0,0.436,,9032,83,2851,237388,,,,,0.0003,0.308,54346.0
,28.2,-19.0,0.436,,9036,83,2852,237500,,,,,0.0003,1.09,54374.0
,27.1,-19.0,0.436,,9040,83,2853,237535,,,,,0.0003,0.584,54383.0
,27.0,-19.0,0.436,,9044,83,2854,237592,,,,,0.0003,0.547,54397.0
,26.4,-19.3,0.436,,9048,83,2855,237666,,,,,0.0003,0.828,54416.0
,26.1,-17.5,0.435,,9052,83,2857,237753,,,,,0.0003,1.87,54438.0
,24.7,-17.4,0.435,,9056,83,2858,237831,,,,,0.0003,0.959,54457.0
,24.4,-17.7,0.435,,9060,83,2859,237907,,,,,0.0003,0.434,54476.0
,24.7,-17.7,0.435,,9064,83,2860,238007,,,,,0.0003,1.06,54501.0
,23.9,-17.7,0.435,,9068,83,2861,238073,,,,,0.0003,1.35,54518.0
,23.7,-18.3,0.434,,9072,83,2863,238158,,,,,0.0003,0.537,54539.0
,24.4,-18.3,0.434,,9076,83,2864,238390,,,,,0.0003,1.45,54597.0
,24.2,-19.8,0.434,,9080,83,2865,238491,,,,,0.0003,0.257,54622.0
,24.0,-19.8,0.433,,9084,83,2867,238653,,,,,0.0003,1.46,54663.0
,23.8,-19.5,0.433,,9088,83,2868,238736,,,,,0.0003,1.23,54683.0
,23.7,-19.8,0.433,,9092,83,2869,238851,,,,,0.0003,0.404,54712.0
,24.9,-20.1,0.432,,9096,83,2871,239072,,,,,0.0003,0.387,54767.0
,25.2,-19.9,0.432,,9100,83,2872,239142,,,,,0.0003,1.62,54785.0
,25.3,-21.7,0.432,,9104,83,2874,239269,,,,,0.0003,0.271,54817.0
,26.4,-21.7,0.431,,9108,83,2875,239486,,,,,0.0003,0.808,54871.0
,25.8,-21.7,0.431,,9112,83,2876,239536,,,,,0.0003,0.492,54883.0
,26.6,-23.2,0.431,,9116,83,2878,239702,,,,,0.0003,1.74,54925.0
,27.0,-23.2,0.43,,9120,83,2879,239801,,,,,0.0003,0.482,54950.0
,28.1,-21.7,0.43,,9124,83,2881,239962,0.0,0.0,0.0,,0.0003,1.17,54990.0
,27.4,-21.4,0.43,,9128,83,2882,240004,,,,,0.0003,0.332,55000.0
,27.4,-21.4,0.43,,9132,83,2883,240130,,,,,0.0003,0.723,55032.0
,27.4,-21.4,0.429,,9136,83,2884,240235,,,,,0.0003,0.722,55058.0
,28.3,-21.4,0.429,,9140,83,2886,240369,,,,,0.0003,0.506,55092.0
,29.2,-21.7,0.429,,9144,83,2887,240513,,,,,0.0003,0.258,55128.0
,29.2,-21.7,0.429,,9148,83,2888,240590,,,,,0.0003,0.735,55147.0
,29.7,-24.4,0.428,,9152,83,2890,240722,,,,,0.0003,1.24,55180.0
,30.1,-24.4,0.428,,9156,83,2891,240840,,,,,0.0003,0.763,55209.0
,30.3,-25.6,0.428,,9160,83,2892,240938,,,,,0.0003,0.301,55234.0
,30.2,-26.2,0.428,,9164,83,2893,241024,,,,,0.0003,0.707,55255.0
,30.4,-26.5,0.427,,9168,83,2895,241113,,,,,0.0003,0.434,55278.0
,30.6,-25.6,0.427,,9172,83,2896,241217,,,,,0.0003,1.03,55304.0
,28.9,-25.6,0.427,,9176,83,2897,241278,,,,,0.0003,1.39,55319.0
,28.7,-25.3,0.427,,9180,83,2898,241365,,,,,0.0003,0.59,55341.0
,28.3,-25.3,0.426,,9184,83,2900,241485,,,,,0.0003,0.0321,55371.0
,29.0,-25.6,0.426,,9188,83,2901,241632,,,,,0.0003,1.54,55407.0
,28.7,-25.6,0.426,,9192,83,2903,241719,,,,,0.0003,1.23,55429.0
,27.4,-25.3,0.426,,9196,83,2904,241808,,,,,0.0003,1.13,55451.0
,28.1,-25.9,0.425,,9200,83,2905,241951,,,,,0.0003,0.473,55487.0
,27.6,-25.9,0.425,,9204,83,2906,242030,,,,,0.0003,1.07,55507.0
,26.2,-26.2,0.425,,9208,83,2908,242105,,,,,0.0003,0.856,55526.0
,26.9,-26.5,0.425,,9212,83,2909,242229,,,,,0.0003,0.46,55557.0
,25.8,-26.8,0.425,,9216,83,2910,242284,,,,,0.0003,0.534,55570.0
,25.8,-26.2,0.424,,9220,83,2911,242378,,,,,0.0003,0.708,55594.0
,24.9,-27.6,0.424,,9224,83,2913,242457,,,,,0.0003,2.39,55614.0
,25.7,-28.0,0.424,,9228,83,2914,242573,,,,,0.0003,0.495,55643.0
,26.8,-27.7,0.423,,9232,83,2916,242805,,,,,0.0003,0.385,55701.0
,26.8,-27.7,0.423,,9236,83,2917,242914,,,,,0.0003,0.714,55728.0
,27.0,-27.1,0.423,,9240,83,2918,243070,,,,,0.0003,0.57,55767.0
,26.0,-26.8,0.423,,9244,83,2920,243117,,,,,0.0003,0.515,55779.0
,27.1,-26.8,0.422,,9248,83,2921,243304,,,,,0.0003,0.956,55825.0
,26.2,-26.8,0.422,,9252,83,2922,243339,,,,,0.0003,0.736,55834.0
,25.8,-26.8,0.422,,9256,83,2923,243423,,,,,0.0003,1.18,55855.0
,26.0,-26.5,0.422,,9260,83,2925,243539,,,,,0.0003,0.669,55884.0
,26.8,-25.9,0.421,,9264,83,2926,243707,,,,,0.0003,0.941,55926.0
,26.5,-25.6,0.421,,9268,83,2928,243764,,,,,0.0003,1.67,55940.0
,27.2,-25.9,0.421,,9272,83,2929,243937,,,,,0.0003,1.44,55984.0
,28.1,-25.9,0.42,,9276,83,2931,244083,,,,,0.0003,1.33,56020.0
,28.3,-25.9,0.42,,9280,83,2932,244193,,,,,0.0003,0.777,56048.0
,27.8,-25.9,0.42,,9284,83,2933,244267,,,,,0.0003,0.5,56066.0
,27.9,-26.2,0.419,,9288,83,2935,244424,,,,,0.0003,1.31,56105.0
,28.6,-26.5,0.419,,9292,83,2936,244580,,,,,0.0003,0.757,56144.0
,29.0,-26.5,0.419,,9296,83,2938,244709,,,,,0.0003,1.44,56177.0
,28.0,-26.2,0.419,,9300,83,2939,244753,,,,,0.0003,1.65,56188.0
,28.3,-25.9,0.418,,9304,83,2940,244862,,,,,0.0003,0.862,56215.0
,29.3,-25.6,0.418,,9308,83,2942,245035,,,,,0.0003,1.58,56258.0
,29.1,-25.9,0.418,,9312,83,2943,245137,,,,,0.0003,0.926,56284.0
,30.0,-25.3,0.417,,9316,83,2945,245282,,,,,0.0003,0.482,56320.0
,30.9,-25.6,0.417,,9320,83,2947,245469,,,,,0.0003,2.62,56367.0
,31.8,-24.7,0.417,,9324,83,2948,245641,,,,,0.0003,1.02,56410.0
,32.0,-25.0,0.416,,9328,83,2950,245772,,,,,0.0003,0.956,56442.0
,31.2,-25.6,0.416,,9332,83,2951,245922,,,,,0.0003,0.733,56480.0
,30.8,-25.9,0.416,,9336,83,2953,245994,,,,,0.0003,1.94,56498.0
,31.1,-26.2,0.415,,9340,83,2954,246185,,,,,0.0003,1.0,56546.0
,31.1,-26.2,0.415,,9344,83,2955,246232,,,,,0.0003,0.28,56557.0
,30.4,-26.2,0.415,,9348,83,2957,246347,,,,,0.0003,0.273,56586.0
,31.7,-26.2,0.415,,9352,83,2958,246513,,,,,0.0003,1.17,56628.0
,32.1,-25.9,0.414,,9356,83,2960,246632,,,,,0.0003,1.48,56657.0
,31.7,-25.9,0.414,,9360,83,2961,246708,,,,,0.0003,0.944,56676.0
,31.3,-25.6,0.414,,9364,83,2962,246834,,,,,0.0003,1.15,56708.0
,31.3,-25.6,0.414,,9368,83,2963,246898,,,,,0.0003,0.899,56724.0
,30.3,-25.6,0.413,,9372,83,2965,246967,,,,,0.0003,0.379,56741.0
,31.5,-25.9,0.413,,9376,83,2966,247229,,,,,0.0003,2.09,56807.0
,31.9,-25.3,0.412,,9380,83,2968,247382,,,,,0.0003,0.939,56845.0
,33.4,-25.3,0.412,,9384,83,2970,247608,,,,,0.0003,2.1,56901.0
,33.2,-23.5,0.412,,9388,83,2971,247741,,,,,0.0003,0.94,56935.0
,32.9,-23.2,0.411,,9392,83,2972,247865,,,,,0.0003,1.61,56966.0
,32.4,-23.2,0.411,,9396,83,2974,247946,,,,,0.0003,1.65,56986.0
,32.6,-23.2,0.411,,9400,83,2975,248018,,,,,0.0003,0.478,57004.0
,33.1,-21.7,0.411,,9404,83,2976,248177,,,,,0.0003,0.264,57044.0
,32.5,-21.4,0.41,,9408,83,2978,248290,,,,,0.0003,0.956,57072.0
,32.1,-21.1,0.41,,9412,83,2979,248352,,,,,0.0003,2.41,57087.0
,31.4,-21.1,0.41,,9416,83,2980,248427,,,,,0.0003,0.495,57106.0
,30.3,-21.4,0.41,,9420,83,2981,248495,,,,,0.0003,0.646,57123.0
,29.3,-22.3,0.41,,9424,83,2982,248569,,,,,0.0003,1.42,57142.0
,29.7,-21.1,0.409,,9428,83,2984,248738,,,,,0.0003,1.39,57184.0
,28.9,-20.5,0.409,,9432,83,2985,248808,,,,,0.0003,1.49,57201.0
,29.2,-20.5,0.409,,9436,83,2986,248914,,,,,0.0003,0.482,57228.0
,28.2,-19.9,0.409,,9440,83,2988,249004,,,,,0.0003,0.42,57250.0
,29.1,-19.9,0.408,,9444,83,2989,249144,,,,,0.0003,0.782,57285.0
,28.4,-19.9,0.408,,9448,83,2990,249185,,,,,0.0003,1.92,57296.0
,28.1,-19.9,0.408,,9452,83,2991,249326,,,,,0.0003,0.477,57331.0
,27.7,-19.9,0.408,,9456,83,2993,249402,,,,,0.0003,0.601,57350.0
,28.3,-20.2,0.407,,9460,83,2994,249535,,,,,0.0003,0.506,57383.0
,27.5,-20.5,0.407,,9464,83,2995,249582,,,,,0.0003,0.0137,57395.0
,28.0,-20.8,0.407,,9468,83,2996,249697,,,,,0.0003,0.433,57424.0
,28.4,-21.1,0.407,,9472,83,2998,249812,,,,,0.0003,1.08,57452.0
,26.4,-20.8,0.407,,9476,83,2999,249865,,,,,0.0003,0.0108,57466.0
,26.1,-21.4,0.406,,9480,83,3000,249994,0.0,0.0,0.0,,0.0003,0.949,57498.0
,24.7,-21.0,0.406,,9484,83,3001,250078,,,,,0.0003,0.269,57519.0
,24.8,-20.7,0.406,,9488,83,3003,250216,,,,,0.0003,0.754,57553.0
,25.6,-20.8,0.405,,9492,83,3004,250426,,,,,0.0003,0.273,57606.0
,26.6,-21.1,0.405,,9496,83,3006,250607,,,,,0.0003,0.54,57651.0
,26.4,-18.7,0.405,,9500,83,3007,250663,,,,,0.0003,0.449,57665.0
,25.7,-20.2,0.404,,9504,83,3008,250751,,,,,0.0003,0.52,57687.0
,27.3,-20.5,0.404,,9508,83,3010,251023,,,,,0.0003,0.488,57755.0
,28.3,-20.2,0.403,,9512,83,3012,251185,,,,,0.0003,0.798,57796.0
,29.9,-20.2,0.403,,9516,83,3013,251420,,,,,0.0003,1.16,57854.0
,30.4,-20.2,0.403,,9520,83,3015,251534,,,,,0.0003,0.263,57883.0
,30.1,-20.5,0.402,,9524,83,3016,251584,,,,,0.0003,0.903,57895.0
,30.2,-21.7,0.402,,9528,83,3017,251755,,,,,0.0003,0.761,57938.0
,32.2,-21.7,0.401,,9532,83,3019,252032,,,,,0.0003,0.0485,58007.0
,33.0,-21.4,0.401,,9536,83,3021,252210,,,,,0.0003,0.771,58052.0
,33.1,-22.3,0.401,,9540,83,3022,252312,,,,,0.0003,0.988,58077.0
,33.0,-22.0,0.4,,9544,83,3023,252441,,,,,0.0003,1.91,58110.0
,33.7,-20.5,0.4,,9548,83,3025,252554,,,,,0.0003,1.22,58138.0
,32.9,-20.5,0.4,,9552,83,3026,252615,,,,,0.0003,1.34,58153.0
,33.1,-20.5,0.4,,9556,83,3027,252709,,,,,0.0003,0.473,58177.0
,32.3,-20.2,0.4,,9560,83,3028,252765,,,,,0.0003,0.51,58191.0
,32.5,-20.2,0.4,,9564,83,3029,252834,,,,,0.0003,0.575,58208.0
,31.7,-19.9,0.399,,9568,83,3030,252867,,,,,0.0003,0.733,58216.0
,32.0,-19.9,0.399,,9572,83,3032,253016,,,,,0.0003,0.346,58253.0
,32.9,-19.9,0.399,,9576,83,3033,253156,,,,,0.0003,0.35,58288.0
,33.0,-19.9,0.398,,9580,83,3035,253292,,,,,0.0003,0.799,58322.0
,34.6,-20.2,0.398,,9584,83,3036,253537,,,,,0.0003,0.238,58384.0
,35.0,-22.7,0.397,,9588,83,3038,253718,,,,,0.0003,0.695,58429.0
,33.5,-22.6,0.397,,9592,83,3039,253779,,,,,0.0003,0.512,58444.0
,32.4,-22.3,0.397,,9596,83,3040,253845,,,,,0.0003,0.771,58461.0
,33.0,-24.7,0.397,,9600,83,3041,253965,,,,,0.0003,0.707,58491.0
,33.8,-24.4,0.396,,9604,83,3043,254134,,,,,0.0003,1.18,58533.0
,32.2,-24.7,0.396,,9608,83,3044,254239,,,,,0.0003,0.232,58559.0
,31.7,-24.7,0.396,,9612,83,3046,254353,,,,,0.0003,0.822,58588.0
,30.9,-24.7,0.396,,9616,83,3047,254508,,,,,0.0003,0.248,58626.0
,30.5,-24.7,0.395,,9620,83,3048,254582,,,,,0.0003,0.283,58645.0
,30.5,-24.4,0.395,,9624,83,3049,254638,,,,,0.0003,0.619,58659.0
,29.9,-23.8,0.395,,9628,83,3051,254750,,,,,0.0003,0.26,58687.0
,27.9,-23.8,0.395,,9632,83,3052,254827,,,,,0.0003,1.9,58706.0
,27.2,-24.1,0.395,,9636,83,3053,254928,,,,,0.0003,1.21,58731.0
,27.6,-24.4,0.394,,9640,83,3054,255073,,,,,0.0003,1.96,58768.0
,27.2,-24.7,0.394,,9644,83,3056,255160,,,,,0.0003,0.968,58789.0
,27.0,-26.2,0.394,,9648,83,3057,255257,,,,,0.0003,0.72,58814.0
,26.7,-26.8,0.394,,9652,83,3058,255283,,,,,0.0003,0.273,58820.0
,26.4,-26.8,0.394,,9656,83,3059,255349,,,,,0.0003,0.744,58837.0
,27.4,-26.2,0.393,,9660,83,3060,255501,,,,,0.0003,1.0,58875.0
,27.6,-25.0,0.393,,9664,83,3062,255595,,,,,0.0003,0.793,58898.0
,29.3,-25.0,0.392,,9668,83,3063,255800,,,,,0.0003,0.0299,58949.0
,29.1,-24.7,0.392,,9672,83,3065,255926,,,,,0.0003,1.46,58981.0
,28.3,-24.7,0.392,,9676,83,3066,255989,,,,,0.0003,1.18,58997.0
,28.0,-25.0,0.392,,9680,83,3067,256094,,,,,0.0003,0.744,59023.0
,26.5,-25.0,0.392,,9684,83,3068,256187,,,,,0.0003,0.681,59046.0
,26.0,-24.7,0.391,,9688,83,3070,256318,,,,,0.0003,0.502,59079.0
,26.5,-24.7,0.391,,9692,83,3071,256425,,,,,0.0003,0.779,59106.0
,26.8,-24.7,0.391,,9696,83,3072,256521,,,,,0.0003,0.768,59130.0
,27.2,-25.0,0.39,,9700,83,3073,256681,,,,,0.0003,0.0698,59170.0
,27.8,-25.3,0.39,,9704,83,3075,256918,,,,,0.0003,0.749,59229.0
,28.4,-25.0,0.389,,9708,83,3077,257081,,,,,0.0003,1.71,59270.0
,27.7,-25.3,0.389,,9712,83,3078,257123,,,,,0.0003,0.23,59280.0
,26.6,-25.3,0.389,,9716,83,3079,257173,,,,,0.0003,0.555,59293.0
,27.6,-25.6,0.389,,9720,83,3080,257339,,,,,0.0003,0.415,59334.0
,28.7,-24.7,0.388,,9724,83,3082,257512,,,,,0.0003,1.18,59377.0
,29.2,-25.0,0.388,,9728,83,3083,257672,,,,,0.0003,0.274,59417.0
,29.0,-25.0,0.388,,9732,83,3084,257723,,,,,0.0003,0.783,59430.0
,29.5,-24.7,0.388,,9736,83,3086,257881,,,,,0.0003,1.0,59470.0
,29.9,-24.4,0.387,,9740,83,3088,258061,,,,,0.0003,1.73,59515.0
,30.4,-24.4,0.387,,9744,83,3089,258205,,,,,0.0003,0.495,59551.0
,31.1,-24.7,0.386,,9748,83,3090,258371,,,,,0.0003,0.652,59592.0
,32.3,-24.1,0.386,,9752,83,3092,258512,,,,,0.0003,0.596,59627.0
,33.4,-24.4,0.386,,9756,83,3093,258685,,,,,0.0003,0.717,59671.0
,33.3,-25.3,0.385,,9760,83,3095,258830,,,,,0.0003,0.697,59707.0
,33.2,-26.5,0.385,,9764,83,3096,258914,,,,,0.0003,0.997,59728.0
,32.9,-26.5,0.385,,9768,83,3098,259088,,,,,0.0003,0.466,59771.0
,32.9,-26.5,0.384,,9772,83,3099,259217,,,,,0.0003,0.257,59804.0
,33.5,-26.2,0.384,,9776,83,3100,259336,,,,,0.0003,0.169,59833.0
,34.3,-25.9,0.384,,9780,83,3102,259528,,,,,0.0003,1.16,59881.0
,34.1,-25.9,0.383,,9784,83,3103,259602,,,,,0.0003,0.265,59900.0
,33.6,-25.6,0.383,,9788,83,3104,259674,,,,,0.0003,0.528,59918.0
,34.1,-25.9,0.383,,9792,83,3106,259838,,,,,0.0003,0.503,59959.0
,34.0,-25.9,0.383,,9796,83,3107,259921,0.0,0.0,1.0,,0.0003,0.707,59980.0
,34.6,-25.9,0.382,,9800,83,3109,260142,,,,,0.0003,0.521,60035.0
,33.3,-25.9,0.382,,9804,83,3110,260249,,,,,0.0003,1.17,60062.0
,33.0,-26.2,0.382,,9808,83,3112,260377,,,,,0.0003,1.57,60094.0
,34.0,-26.5,0.381,,9812,83,3113,260524,,,,,0.0003,0.373,60130.0
,35.4,-26.0,0.381,,9816,83,3115,260710,,,,,0.0003,1.67,60177.0
,34.8,-25.6,0.381,,9820,83,3116,260822,,,,,0.0003,0.732,60205.0
,34.5,-26.8,0.38,,9824,83,3117,260961,,,,,0.0003,0.603,60240.0
,34.0,-26.5,0.38,,9828,83,3119,261074,,,,,0.0003,0.691,60268.0
,34.2,-26.5,0.38,,9832,83,3120,261147,,,,,0.0003,0.468,60286.0
,34.5,-26.8,0.379,,9836,83,3122,261336,,,,,0.0003,0.237,60333.0
,35.0,-27.4,0.379,,9840,83,3123,261557,,,,,0.0003,0.264,60389.0
,34.5,-27.4,0.379,,9844,83,3125,261653,,,,,0.0003,0.99,60413.0
,33.3,-27.1,0.378,,9848,83,3126,261699,,,,,0.0003,0.0134,60424.0
,32.8,-27.1,0.378,,9852,83,3127,261796,,,,,0.0003,0.493,60448.0
,32.6,-26.8,0.378,,9856,83,3128,261949,,,,,0.0003,1.26,60487.0
,33.6,-26.5,0.377,,9860,83,3130,262194,,,,,0.0003,0.205,60548.0
,34.8,-26.5,0.377,,9864,83,3132,262394,,,,,0.0003,0.733,60598.0
,34.9,-25.9,0.376,,9868,83,3133,262577,,,,,0.0003,0.46,60644.0
,35.0,-25.9,0.376,,9872,83,3134,262713,,,,,0.0003,1.41,60678.0
,34.7,-26.2,0.376,,9876,83,3136,262805,,,,,0.0003,0.991,60701.0
,33.6,-26.2,0.376,,9880,83,3137,262885,,,,,0.0003,0.488,60721.0
,33.9,-26.2,0.375,,9884,83,3138,262988,,,,,0.0003,1.37,60746.0
,34.9,-26.2,0.375,,9888,83,3140,263168,,,,,0.0003,0.76,60791.0
,34.1,-25.9,0.375,,9892,83,3141,263249,,,,,0.0003,0.501,60812.0
,35.2,-26.3,0.374,,9896,83,3142,263437,,,,,0.0003,3.49,60859.0
,34.4,-25.9,0.374,,9900,83,3144,263582,,,,,0.0003,0.256,60895.0
,34.3,-25.9,0.374,,9904,83,3145,263675,,,,,0.0003,1.18,60918.0
,33.9,-24.1,0.374,,9908,83,3146,263770,,,,,0.0003,0.917,60942.0
,34.6,-23.2,0.373,,9912,83,3148,263988,,,,,0.0003,0.57,60996.0
,34.0,-23.8,0.373,,9916,83,3149,264106,,,,,0.0003,0.0274,61026.0
,35.4,-23.6,0.372,,9920,83,3151,264358,,,,,0.0003,0.73,61089.0
,35.4,-23.0,0.372,,9924,83,3152,264496,,,,,0.0003,0.46,61123.0
,34.6,-23.2,0.372,,9928,83,3153,264532,,,,,0.0003,0.502,61132.0
,35.6,-23.6,0.371,,9932,83,3155,264707,,,,,0.0003,0.71,61176.0
,34.4,-23.2,0.371,,9936,83,3156,264776,,,,,0.0003,0.883,61193.0
,33.1,-22.9,0.371,,9940,83,3157,264864,,,,,0.0003,2.09,61215.0
,33.3,-22.9,0.371,,9944,83,3158,264982,,,,,0.0003,1.13,61245.0
,35.6,-23.0,0.37,,9948,83,3160,265256,,,,,0.0003,1.98,61313.0
,35.9,-23.0,0.37,,9952,83,3162,265387,,,,,0.0003,1.51,61346.0
,35.4,-23.0,0.369,,9956,83,3163,265489,,,,,0.0003,0.742,61372.0
,34.9,-20.8,0.369,,9960,83,3164,265680,,,,,0.0003,0.508,61419.0
,34.2,-20.8,0.369,,9964,83,3166,265810,,,,,0.0003,1.1,61452.0
,33.5,-21.4,0.368,,9968,83,3167,265928,,,,,0.0003,0.974,61481.0
,33.5,-21.4,0.368,,9972,83,3168,266063,,,,,0.0003,0.406,61515.0
,34.2,-21.4,0.368,,9976,83,3170,266227,,,,,0.0003,0.257,61556.0
,35.5,-20.6,0.367,,9980,83,3171,266439,,,,,0.0003,0.936,61609.0
,36.0,-20.6,0.367,,9984,84,3173,266590,,,,,0.0003,0.904,61647.0
,35.6,-20.6,0.367,,9988,84,3174,266726,,,,,0.0003,0.419,61681.0
,36.7,-20.6,0.366,,9992,84,3176,266916,,,,,0.0003,1.65,61728.0
,35.5,-20.3,0.366,,9996,84,3177,266992,,,,,0.0003,0.365,61747.0
,34.8,-20.2,0.366,,10000,84,3178,267058,,,,,0.0003,0.257,61764.0
,35.7,-20.6,0.365,,10004,84,3180,267249,,,,,0.0003,0.766,61812.0
,36.1,-22.4,0.365,,10008,84,3181,267384,,,,,0.0003,0.26,61845.0
,35.3,-23.0,0.365,,10012,84,3182,267515,,,,,0.0003,0.787,61878.0
,35.7,-23.0,0.364,,10016,84,3184,267679,,,,,0.0003,0.955,61919.0
,34.8,-23.2,0.364,,10020,84,3185,267836,,,,,0.0003,0.251,61958.0
,34.3,-22.0,0.364,,10024,84,3186,267927,,,,,0.0003,0.761,61981.0
,35.0,-20.6,0.363,,10028,84,3188,268033,,,,,0.0003,0.801,62008.0
,34.5,-20.2,0.363,,10032,84,3189,268159,,,,,0.0003,0.348,62039.0
,34.4,-20.2,0.363,,10036,84,3190,268212,,,,,0.0003,0.667,62052.0
,34.0,-19.9,0.363,,10040,84,3191,268263,,,,,0.0003,0.509,62065.0
,34.3,-19.9,0.363,,10044,84,3193,268410,,,,,0.0003,0.575,62102.0
,33.6,-19.9,0.362,,10048,84,3194,268612,,,,,0.0003,0.506,62152.0
,33.7,-19.9,0.362,,10052,84,3196,268758,,,,,0.0003,0.247,62189.0
,35.2,-20.3,0.361,,10056,84,3197,269012,,,,,0.0003,0.707,62252.0
,34.7,-22.3,0.361,,10060,84,3199,269146,,,,,0.0003,0.256,62286.0
,35.4,-22.4,0.36,,10064,84,3200,269351,,,,,0.0003,0.301,62337.0
,36.5,-21.5,0.36,,10068,84,3202,269580,,,,,0.0003,0.537,62394.0
,36.5,-21.5,0.359,,10072,84,3203,269718,,,,,0.0003,0.999,62429.0
,36.5,-21.5,0.359,,10076,84,3205,269875,0.0,0.0,0.0,,0.0003,0.676,62468.0
,36.0,-22.4,0.359,,10080,84,3206,270041,,,,,0.0003,0.994,62510.0
,35.6,-22.4,0.358,,10084,84,3208,270154,,,,,0.0003,0.963,62538.0
,35.2,-21.2,0.358,,10088,84,3209,270245,,,,,0.0003,0.543,62561.0
,34.2,-21.1,0.358,,10092,84,3210,270333,,,,,0.0003,0.705,62583.0
,34.0,-21.1,0.358,,10096,84,3211,270396,,,,,0.0003,0.234,62598.0
,35.8,-19.4,0.357,,10100,84,3213,270636,,,,,0.0003,0.953,62658.0
,35.8,-17.9,0.357,,10104,84,3214,270833,,,,,0.0003,0.727,62708.0
,35.9,-17.6,0.356,,10108,84,3216,270970,,,,,0.0003,1.2,62742.0
,35.8,-17.0,0.356,,10112,84,3217,271096,,,,,0.0003,1.51,62773.0
,35.4,-17.3,0.356,,10116,84,3218,271222,,,,,0.0003,0.514,62805.0
,34.9,-17.2,0.356,,10120,84,3220,271323,,,,,0.0003,0.593,62830.0
,35.1,-19.4,0.355,,10124,84,3221,271439,,,,,0.0003,1.88,62859.0
,34.9,-20.8,0.355,,10128,84,3222,271527,,,,,0.0003,0.736,62881.0
,35.3,-19.4,0.355,,10132,84,3224,271693,,,,,0.0003,0.261,62923.0
,35.6,-19.4,0.355,,10136,84,3225,271772,,,,,0.0003,0.497,62942.0
,37.0,-19.1,0.354,,10140,84,3226,271964,,,,,0.0003,0.974,62990.0
,36.8,-18.8,0.354,,10144,84,3228,272090,,,,,0.0003,0.0339,63022.0
,35.2,-18.8,0.354,,10148,84,3229,272131,,,,,0.0003,0.269,63032.0
,34.6,-18.7,0.353,,10152,84,3230,272214,,,,,0.0003,0.462,63053.0
,33.2,-18.4,0.353,,10156,84,3231,272334,,,,,0.0003,1.11,63083.0
,33.5,-18.1,0.353,,10160,84,3233,272501,,,,,0.0003,0.724,63125.0
,33.0,-18.1,0.352,,10164,84,3234,272654,,,,,0.0003,0.792,63163.0
,32.6,-19.3,0.352,,10168,84,3236,272845,,,,,0.0003,0.957,63211.0
,32.8,-19.3,0.352,,10172,84,3237,273001,,,,,0.0003,0.27,63250.0
,32.3,-19.3,0.351,,10176,84,3238,273108,,,,,0.0003,1.04,63276.0
,31.4,-19.9,0.351,,10180,84,3240,273181,,,,,0.0003,0.859,63295.0
,31.1,-19.9,0.351,,10184,84,3241,273260,,,,,0.0003,1.41,63314.0
,31.4,-21.1,0.351,,10188,84,3242,273385,,,,,0.0003,0.256,63346.0
,31.1,-21.1,0.351,,10192,84,3243,273442,,,,,0.0003,0.502,63360.0
,31.3,-21.1,0.35,,10196,84,3244,273525,,,,,0.0003,0.243,63381.0
,29.7,-21.4,0.35,,10200,84,3246,273602,,,,,0.0003,0.266,63400.0
,28.6,-22.6,0.35,,10204,84,3247,273690,,,,,0.0003,0.263,63422.0
,28.8,-22.9,0.35,,10208,84,3248,273852,,,,,0.0003,0.952,63462.0
,29.7,-23.5,0.349,,10212,84,3250,274064,,,,,0.0003,0.623,63515.0
,30.1,-23.2,0.349,,10216,84,3251,274233,,,,,0.0003,0.478,63558.0
,30.1,-23.2,0.348,,10220,84,3253,274337,,,,,0.0003,1.35,63584.0
,29.8,-22.9,0.348,,10224,84,3254,274418,,,,,0.0003,1.6,63604.0
,30.6,-22.9,0.348,,10228,84,3255,274584,,,,,0.0003,0.988,63645.0
,31.7,-24.7,0.347,,10232,84,3257,274861,,,,,0.0003,0.724,63715.0
,32.1,-24.7,0.347,,10236,84,3258,274986,,,,,0.0003,0.957,63746.0
,31.1,-25.0,0.347,,10240,84,3260,275071,,,,,0.0003,0.474,63767.0
,31.0,-25.0,0.346,,10244,84,3261,275186,,,,,0.0003,0.763,63796.0
,32.0,-24.4,0.346,,10248,84,3262,275327,,,,,0.0003,0.503,63831.0
,32.6,-24.4,0.346,,10252,84,3264,275478,,,,,0.0003,0.422,63869.0
,32.3,-24.4,0.346,,10256,84,3265,275566,,,,,0.0003,0.604,63891.0
,33.2,-24.7,0.345,,10260,84,3267,275820,,,,,0.0003,0.293,63954.0
,33.3,-24.7,0.345,,10264,84,3268,275987,,,,,0.0003,2.28,63996.0
,33.2,-24.7,0.344,,10268,84,3270,276163,,,,,0.0003,0.699,64040.0
,32.9,-24.4,0.344,,10272,84,3271,276290,,,,,0.0003,0.496,64072.0
,33.9,-23.8,0.343,,10276,84,3272,276499,,,,,0.0003,0.734,64124.0
,34.6,-23.2,0.343,,10280,84,3274,276643,,,,,0.0003,0.393,64160.0
,35.0,-23.2,0.343,,10284,84,3275,276757,,,,,0.0003,0.722,64189.0
,34.9,-23.5,0.342,,10288,84,3276,276870,,,,,0.0003,1.14,64217.0
,35.6,-23.6,0.342,,10292,84,3278,277004,,,,,0.0003,0.494,64250.0
,37.4,-24.5,0.341,,10296,84,3279,277265,,,,,0.0003,1.2,64316.0
,38.9,-26.0,0.341,,10300,84,3281,277487,,,,,0.0003,0.0292,64371.0
,39.1,-26.3,0.341,,10304,84,3282,277602,,,,,0.0003,0.475,64400.0
,38.4,-26.0,0.34,,10308,84,3284,277694,,,,,0.0003,0.505,64423.0
,38.4,-26.3,0.34,,10312,84,3285,277904,,,,,0.0003,0.943,64475.0
,37.6,-26.6,0.34,,10316,84,3286,277998,,,,,0.0003,0.561,64499.0
,38.3,-24.5,0.339,,10320,84,3288,278165,,,,,0.0003,1.71,64541.0
,40.0,-23.9,0.339,,10324,84,3290,278421,,,,,0.0003,0.0148,64605.0
,39.7,-23.0,0.338,,10328,84,3291,278557,,,,,0.0003,0.988,64639.0
,38.3,-22.7,0.338,,10332,84,3292,278694,,,,,0.0003,0.939,64673.0
,38.5,-22.7,0.338,,10336,84,3294,278837,,,,,0.0003,0.928,64709.0
,38.7,-23.0,0.338,,10340,84,3295,278937,,,,,0.0003,1.9,64734.0
,38.5,-21.8,0.337,,10344,84,3296,279031,,,,,0.0003,1.12,64757.0
,39.0,-22.4,0.337,,10348,84,3298,279231,,,,,0.0003,1.05,64807.0
,39.5,-23.0,0.336,,10352,84,3299,279430,,,,,0.0003,0.485,64857.0
,39.7,-23.0,0.336,,10356,84,3300,279532,,,,,0.0003,0.7,64882.0
,38.8,-23.0,0.336,,10360,84,3302,279704,,,,,0.0003,0.616,64925.0
,38.6,-23.0,0.335,,10364,84,3303,279852,0.0,0.0,0.0,,0.0003,0.277,64962.0
,38.7,-23.0,0.335,,10368,84,3305,280032,,,,,0.0003,0.256,65007.0
,38.8,-23.3,0.335,,10372,84,3306,280172,,,,,0.0003,1.19,65042.0
,37.8,-23.9,0.334,,10376,84,3307,280280,,,,,0.0003,0.347,65069.0
,38.8,-23.9,0.334,,10380,84,3309,280522,,,,,0.0003,0.745,65130.0
,40.3,-20.6,0.333,,10384,84,3311,280791,,,,,0.0003,0.95,65197.0
,40.2,-20.3,0.333,,10388,84,3312,280892,,,,,0.0003,0.746,65222.0
,40.8,-20.6,0.332,,10392,84,3314,281082,,,,,0.0003,0.952,65270.0
,39.2,-19.7,0.332,,10396,84,3315,281190,,,,,0.0003,0.205,65297.0
,38.8,-20.0,0.332,,10400,84,3316,281366,,,,,0.0003,0.499,65341.0
,39.0,-19.7,0.331,,10404,84,3318,281499,,,,,0.0003,1.62,65374.0
,38.6,-19.7,0.331,,10408,84,3319,281553,,,,,0.0003,1.13,65388.0
,38.3,-19.7,0.331,,10412,84,3320,281730,,,,,0.0003,0.753,65432.0
,38.1,-19.4,0.331,,10416,84,3321,281805,,,,,0.0003,0.871,65451.0
,36.9,-21.5,0.331,,10420,84,3323,281856,,,,,0.0003,1.05,65463.0
,35.5,-21.8,0.33,,10424,84,3324,281975,,,,,0.0003,1.33,65493.0
,36.0,-22.7,0.33,,10428,84,3325,282157,,,,,0.0003,1.39,65539.0
,35.6,-22.7,0.33,,10432,84,3327,282259,,,,,0.0003,1.24,65564.0
,35.8,-23.0,0.329,,10436,84,3328,282420,,,,,0.0003,0.257,65604.0
,36.5,-23.0,0.329,,10440,84,3330,282586,,,,,0.0003,0.713,65646.0
,37.6,-23.0,0.328,,10444,84,3331,282792,,,,,0.0003,0.694,65697.0
,37.6,-23.0,0.328,,10448,84,3333,282993,,,,,0.0003,0.588,65748.0
,38.2,-22.4,0.327,,10452,84,3334,283251,,,,,0.0003,1.04,65812.0
,39.0,-22.7,0.327,,10456,84,3336,283431,,,,,0.0003,0.671,65857.0
,38.5,-22.1,0.327,,10460,84,3337,283551,,,,,0.0003,1.16,65887.0
,38.9,-22.1,0.326,,10464,84,3339,283739,,,,,0.0003,0.256,65934.0
,39.9,-20.3,0.325,,10468,85,3341,284024,,,,,0.0003,0.521,66005.0
,41.2,-20.3,0.325,,10472,85,3342,284295,,,,,0.0003,1.19,66073.0
,42.1,-19.7,0.324,,10476,85,3344,284490,,,,,0.0003,0.664,66122.0
,41.4,-19.7,0.324,,10480,85,3345,284662,,,,,0.0003,1.18,66165.0
,41.1,-23.0,0.323,,10484,85,3347,284905,,,,,0.0003,0.941,66226.0
,42.0,-23.0,0.323,,10488,85,3349,285089,,,,,0.0003,2.33,66272.0
,41.0,-22.4,0.323,,10492,85,3350,285182,,,,,0.0003,0.947,66295.0
,42.2,-22.4,0.322,,10496,85,3351,285415,,,,,0.0003,0.0705,66353.0
,41.2,-22.1,0.322,,10500,85,3353,285482,,,,,0.0003,1.2,66370.0
,40.7,-21.2,0.322,,10504,85,3354,285571,,,,,0.0003,0.76,66392.0
,41.9,-21.2,0.321,,10508,85,3355,285747,,,,,0.0003,0.399,66436.0
,42.1,-20.0,0.321,,10512,85,3357,285936,,,,,0.0003,0.259,66483.0
,41.9,-20.0,0.321,,10516,85,3358,285991,,,,,0.0003,0.527,66497.0
,43.8,-18.5,0.32,,10520,85,3360,286237,,,,,0.0003,1.83,66559.0
,44.4,-18.5,0.32,,10524,85,3361,286414,,,,,0.0003,1.88,66603.0
,44.4,-18.5,0.319,,10528,85,3363,286595,,,,,0.0003,0.0449,66648.0
,47.0,-18.9,0.318,,10532,85,3365,286964,,,,,0.0003,0.695,66740.0
,47.2,-16.8,0.318,,10536,85,3366,287143,,,,,0.0003,0.264,66785.0
,46.3,-16.5,0.318,,10540,85,3367,287212,,,,,0.0003,1.87,66802.0
,46.0,-17.7,0.317,,10544,85,3369,287392,,,,,0.0003,0.566,66847.0
,45.0,-17.6,0.317,,10548,85,3370,287491,,,,,0.0003,0.961,66872.0
,44.8,-17.9,0.317,,10552,85,3372,287734,,,,,0.0003,0.957,66933.0
,44.3,-17.0,0.316,,10556,85,3373,287865,,,,,0.0003,0.462,66966.0
,44.8,-18.2,0.316,,10560,85,3375,288035,,,,,0.0003,0.26,67008.0
,45.0,-18.2,0.315,,10564,85,3376,288235,,,,,0.0003,0.448,67058.0
,43.7,-19.7,0.315,,10568,85,3378,288392,,,,,0.0003,1.01,67097.0
,42.7,-20.3,0.315,,10572,85,3379,288562,,,,,0.0003,1.16,67140.0
,42.2,-20.9,0.314,,10576,85,3381,288707,,,,,0.0003,0.936,67176.0
,43.7,-20.0,0.314,,10580,85,3383,289032,,,,,0.0003,1.15,67257.0
,42.7,-20.0,0.313,,10584,85,3384,289172,,,,,0.0003,0.689,67292.0
,42.0,-20.0,0.313,,10588,85,3386,289286,,,,,0.0003,0.921,67321.0
,43.5,-20.3,0.312,,10592,85,3387,289534,,,,,0.0003,0.0104,67383.0
,42.9,-20.6,0.312,,10596,85,3389,289708,,,,,0.0003,0.465,67426.0
,43.6,-20.6,0.312,,10600,85,3390,289840,,,,,0.0003,0.297,67459.0
,43.1,-21.5,0.312,,10604,85,3391,289883,0.0,0.0,1.0,,0.0003,0.303,67470.0
,43.1,-21.8,0.311,,10608,85,3393,290056,,,,,0.0003,1.1,67513.0
,42.9,-22.7,0.311,,10612,85,3394,290230,,,,,0.0003,0.947,67557.0
,44.0,-22.7,0.31,,10616,85,3396,290395,,,,,0.0003,0.94,67598.0
,43.5,-24.2,0.31,,10620,85,3398,290586,,,,,0.0003,0.648,67646.0
,42.6,-24.2,0.31,,10624,85,3399,290673,,,,,0.0003,0.506,67668.0
,44.2,-23.9,0.309,,10628,85,3401,291015,,,,,0.0003,1.17,67753.0
,42.2,-23.3,0.308,,10632,85,3402,291183,,,,,0.0003,0.91,67795.0
,41.1,-25.1,0.308,,10636,85,3403,291251,,,,,0.0003,0.666,67812.0
,44.5,-25.7,0.307,,10640,85,3406,291667,,,,,0.0003,0.241,67916.0
,44.4,-26.6,0.307,,10644,85,3408,291830,,,,,0.0003,0.963,67957.0
,45.5,-26.7,0.306,,10648,85,3410,292044,,,,,0.0003,0.665,68010.0
,46.5,-26.4,0.306,,10652,85,3412,292388,,,,,0.0003,0.958,68096.0
,46.4,-27.0,0.305,,10656,85,3413,292502,,,,,0.0003,0.575,68125.0
,45.8,-26.4,0.305,,10660,85,3415,292619,,,,,0.0003,0.715,68154.0
,46.6,-25.8,0.304,,10664,85,3417,292898,,,,,0.0003,1.34,68224.0
,47.7,-23.4,0.304,,10668,85,3419,293159,,,,,0.0003,0.498,68289.0
,47.6,-22.8,0.303,,10672,85,3420,293324,,,,,0.0003,1.08,68330.0
,47.4,-22.8,0.303,,10676,85,3422,293447,,,,,0.0003,2.8,68361.0
,45.3,-23.7,0.303,,10680,85,3423,293561,,,,,0.0003,0.425,68390.0
,47.1,-23.7,0.302,,10684,85,3425,293886,,,,,0.0003,0.328,68471.0
,48.7,-23.7,0.301,,10688,85,3427,294156,,,,,0.0003,0.758,68538.0
,47.8,-23.1,0.301,,10692,85,3428,294315,,,,,0.0003,0.974,68578.0
,47.0,-23.4,0.301,,10696,85,3430,294404,,,,,0.0003,0.953,68600.0
,48.4,-23.4,0.3,,10700,85,3432,294680,,,,,0.0003,0.327,68669.0
,49.4,-23.4,0.3,,10704,85,3433,294821,,,,,0.0003,1.33,68705.0
,50.2,-23.1,0.299,,10708,85,3435,295077,,,,,0.0003,0.0577,68769.0
,49.4,-23.1,0.299,,10712,85,3436,295174,,,,,0.0003,0.55,68793.0
,49.4,-22.8,0.299,,10716,85,3438,295333,,,,,0.0003,0.498,68833.0
,49.9,-23.1,0.298,,10720,85,3439,295577,,,,,0.0003,0.703,68894.0
,49.8,-23.1,0.298,,10724,85,3440,295654,,,,,0.0003,0.42,68913.0
,47.6,-23.4,0.298,,10728,85,3442,295780,,,,,0.0003,1.32,68944.0
,46.9,-23.7,0.297,,10732,85,3443,295868,,,,,0.0003,0.255,68966.0
,47.6,-23.7,0.297,,10736,85,3445,296007,,,,,0.0003,1.15,69001.0
,45.6,-21.3,0.296,,10740,85,3446,296230,,,,,0.0003,0.966,69057.0
,45.9,-19.8,0.296,,10744,85,3448,296416,,,,,0.0003,0.649,69103.0
,46.4,-18.6,0.295,,10748,85,3450,296683,,,,,0.0003,0.446,69170.0
,44.6,-18.5,0.295,,10752,85,3451,296853,,,,,0.0003,0.544,69213.0
,49.0,-18.6,0.294,,10756,86,3454,297405,,,,,0.0003,0.719,69351.0
,49.0,-18.3,0.293,,10760,86,3456,297517,,,,,0.0003,0.492,69379.0
,48.1,-18.0,0.293,,10764,86,3457,297712,,,,,0.0003,0.679,69427.0
,46.0,-20.4,0.293,,10768,86,3458,297758,,,,,0.0003,0.295,69439.0
,46.0,-20.1,0.292,,10772,86,3460,297923,,,,,0.0003,0.474,69480.0
,47.9,-17.7,0.292,,10776,86,3462,298232,,,,,0.0003,0.959,69557.0
,48.7,-17.4,0.291,,10780,86,3464,298430,,,,,0.0003,1.02,69607.0
,47.2,-16.5,0.291,,10784,86,3465,298603,,,,,0.0003,0.735,69650.0
,47.4,-15.0,0.29,,10788,86,3467,298894,,,,,0.0003,0.992,69723.0
,47.2,-15.9,0.29,,10792,86,3468,299040,,,,,0.0003,0.713,69759.0
,47.7,-15.3,0.289,,10796,86,3470,299175,,,,,0.0003,0.26,69793.0
,47.2,-15.3,0.289,,10800,86,3471,299400,,,,,0.0003,0.716,69849.0
,48.1,-15.3,0.288,,10804,86,3473,299632,,,,,0.0003,0.68,69907.0
,46.3,-15.6,0.288,,10808,86,3474,299707,,,,,0.0003,0.456,69926.0
,46.8,-15.6,0.288,,10812,86,3476,299850,0.0,0.0,0.0,,0.0003,0.266,69962.0
,48.1,-16.2,0.287,,10816,86,3478,300144,,,,,0.0003,0.479,70035.0
,48.2,-14.4,0.287,,10820,86,3479,300398,,,,,0.0003,0.916,70099.0
,51.1,-14.7,0.286,,10824,86,3481,300766,,,,,0.0003,1.18,70191.0
,51.8,-15.0,0.285,,10828,86,3483,300963,,,,,0.0003,0.717,70240.0
,51.9,-15.0,0.285,,10832,86,3484,301060,,,,,0.0003,0.723,70264.0
,52.2,-15.0,0.285,,10836,86,3486,301228,,,,,0.0003,0.483,70306.0
,52.2,-16.8,0.284,,10840,86,3488,301451,,,,,0.0003,0.706,70362.0
,52.0,-17.7,0.284,,10844,86,3489,301619,,,,,0.0003,0.0378,70404.0
,51.7,-18.9,0.283,,10848,86,3491,301850,,,,,0.0003,0.481,70462.0
,53.0,-17.1,0.282,,10852,86,3493,302155,,,,,0.0003,0.24,70538.0
,48.4,-16.8,0.282,,10856,86,3494,302242,,,,,0.0003,0.705,70560.0
,48.8,-17.1,0.282,,10860,86,3496,302398,,,,,0.0003,0.52,70599.0
,48.5,-18.0,0.281,,10864,86,3497,302562,,,,,0.0003,1.23,70640.0
,49.0,-16.8,0.281,,10868,86,3498,302655,,,,,0.0003,0.48,70663.0
,47.9,-17.1,0.281,,10872,86,3500,302715,,,,,0.0003,0.0114,70678.0
,47.0,-18.9,0.281,,10876,86,3501,302933,,,,,0.0003,1.69,70733.0
,45.4,-19.2,0.28,,10880,86,3502,302973,,,,,0.0003,2.59,70743.0
,44.3,-20.0,0.28,,10884,86,3504,303034,,,,,0.0003,0.941,70758.0
,43.4,-21.5,0.28,,10888,86,3505,303235,,,,,0.0003,0.245,70808.0
,42.8,-21.2,0.28,,10892,86,3506,303319,,,,,0.0003,0.767,70829.0
,43.5,-20.9,0.279,,10896,86,3508,303527,,,,,0.0003,0.711,70881.0
,43.7,-19.1,0.279,,10900,86,3510,303767,,,,,0.0003,0.753,70941.0
,45.0,-15.6,0.278,,10904,86,3512,304133,,,,,0.0003,0.461,71033.0
,47.5,-14.4,0.277,,10908,86,3514,304453,,,,,0.0003,0.328,71113.0
,46.8,-14.4,0.277,,10912,86,3515,304527,,,,,0.0003,0.482,71131.0
,45.6,-14.1,0.276,,10916,86,3517,304701,,,,,0.0003,0.48,71175.0
,45.4,-15.6,0.276,,10920,86,3519,304937,,,,,0.0003,0.486,71234.0
,44.2,-15.2,0.275,,10924,86,3520,305190,,,,,0.0003,0.715,71297.0
,43.9,-15.5,0.275,,10928,86,3522,305352,,,,,0.0003,0.691,71337.0
,43.6,-15.5,0.275,,10932,86,3523,305422,,,,,0.0003,0.435,71355.0
,43.7,-14.9,0.274,,10936,86,3525,305600,,,,,0.0003,0.261,71399.0
,43.9,-15.2,0.274,,10940,86,3526,305843,,,,,0.0003,0.651,71460.0
,44.1,-15.2,0.273,,10944,86,3528,306029,,,,,0.0003,0.252,71507.0
,44.1,-14.0,0.273,,10948,86,3530,306257,,,,,0.0003,2.11,71564.0
,41.8,-15.8,0.272,,10952,86,3531,306338,,,,,0.0003,0.954,71584.0
,42.2,-16.1,0.272,,10956,86,3532,306467,,,,,0.0003,1.18,71616.0
,43.2,-15.5,0.272,,10960,86,3534,306719,,,,,0.0003,0.773,71679.0
,43.1,-15.5,0.271,,10964,86,3535,306874,,,,,0.0003,0.752,71718.0
,45.0,-17.0,0.271,,10968,86,3537,307152,,,,,0.0003,0.528,71787.0
,45.9,-17.1,0.27,,10972,86,3539,307303,,,,,0.0003,1.51,71825.0
,47.0,-17.7,0.269,,10976,86,3541,307632,,,,,0.0003,0.0183,71907.0
,48.7,-17.7,0.269,,10980,86,3542,307847,,,,,0.0003,0.254,71961.0
,48.9,-17.7,0.269,,10984,86,3544,307921,,,,,0.0003,0.942,71980.0
,48.0,-17.7,0.268,,10988,86,3545,308032,,,,,0.0003,0.0175,72007.0
,47.9,-17.7,0.268,,10992,86,3546,308110,,,,,0.0003,0.257,72027.0
,47.8,-18.6,0.268,,10996,86,3548,308307,,,,,0.0003,0.954,72076.0
,47.5,-20.4,0.267,,11000,86,3549,308520,,,,,0.0003,1.21,72129.0
,46.2,-24.0,0.267,,11004,86,3551,308756,,,,,0.0003,1.58,72188.0
,45.2,-23.7,0.266,,11008,86,3553,308977,,,,,0.0003,0.477,72244.0
,45.3,-23.7,0.266,,11012,86,3554,309055,,,,,0.0003,1.13,72263.0
,46.7,-23.4,0.265,,11016,86,3556,309367,,,,,0.0003,0.483,72341.0
,46.0,-23.4,0.265,,11020,86,3557,309538,,,,,0.0003,0.17,72384.0
,45.0,-23.7,0.264,,11024,87,3559,309691,,,,,0.0003,0.759,72422.0
,44.2,-23.0,0.264,,11028,86,3560,309773,,,,,0.0003,0.769,72443.0
,44.8,-23.0,0.264,,11032,87,3562,309903,0.0,0.0,0.0,,0.0003,1.06,72475.0
,45.5,-23.4,0.263,,11036,87,3563,310149,,,,,0.0003,0.231,72537.0
,45.5,-21.6,0.263,,11040,87,3565,310389,,,,,0.0003,0.483,72597.0
,46.6,-19.5,0.262,,11044,87,3567,310690,,,,,0.0003,1.22,72672.0
,45.7,-20.7,0.262,,11048,87,3568,310823,,,,,0.0003,0.273,72705.0
,45.4,-20.7,0.262,,11052,87,3570,310874,,,,,0.0003,0.654,72718.0
,46.2,-19.2,0.261,,11056,87,3571,311085,,,,,0.0003,1.86,72771.0
,45.1,-19.5,0.261,,11060,87,3573,311229,,,,,0.0003,0.544,72807.0
,47.3,-19.8,0.26,,11064,87,3575,311607,,,,,0.0003,0.0408,72901.0
,46.9,-19.5,0.259,,11068,87,3577,311840,,,,,0.0003,2.1,72959.0
,46.6,-19.5,0.259,,11072,87,3578,311968,,,,,0.0003,0.0113,72991.0
,45.4,-19.5,0.259,,11076,87,3579,312168,,,,,0.0003,1.26,73041.0
,44.2,-19.4,0.258,,11080,87,3581,312269,,,,,0.0003,1.25,73067.0
,45.4,-19.5,0.258,,11084,87,3583,312463,,,,,0.0003,1.24,73115.0
,47.9,-19.8,0.257,,11088,87,3585,312822,,,,,0.0003,0.013,73205.0
,48.1,-19.8,0.257,,11092,87,3586,312923,,,,,0.0003,0.807,73230.0
,48.2,-17.1,0.256,,11096,87,3588,313125,,,,,0.0003,0.564,73281.0
,47.2,-17.1,0.256,,11100,87,3589,313238,,,,,0.0003,0.731,73309.0
,45.4,-16.8,0.256,,11104,87,3590,313297,,,,,0.0003,0.325,73324.0
,45.7,-17.7,0.255,,11108,87,3592,313548,,,,,0.0003,0.712,73386.0
,47.5,-15.9,0.255,,11112,87,3594,313801,,,,,0.0003,0.628,73450.0
,45.6,-15.0,0.254,,11116,87,3595,313923,,,,,0.0003,0.747,73480.0
,47.9,-13.8,0.253,,11120,87,3597,314325,,,,,0.0003,1.3,73581.0
,51.5,-12.9,0.252,,11124,87,3600,314845,,,,,0.0003,1.88,73711.0
,52.0,-13.2,0.252,,11128,87,3601,314970,,,,,0.0003,0.76,73742.0
,54.0,-13.8,0.251,,11132,87,3603,315308,,,,,0.0003,0.514,73826.0
,55.7,-13.6,0.25,,11136,87,3606,315718,,,,,0.0003,0.614,73929.0
,55.5,-15.4,0.25,,11140,87,3607,315937,,,,,0.0003,0.246,73984.0
,55.9,-17.5,0.249,,11144,87,3609,316278,,,,,0.0003,0.412,74069.0
,56.3,-17.5,0.248,,11148,87,3611,316454,,,,,0.0003,0.5,74113.0
,57.3,-17.5,0.248,,11152,87,3612,316606,,,,,0.0003,0.61,74151.0
,56.9,-18.7,0.248,,11156,87,3614,316770,,,,,0.0003,2.77,74192.0
,57.4,-19.0,0.247,,11160,87,3616,316971,,,,,0.0003,0.684,74242.0
,55.9,-17.8,0.247,,11164,87,3617,317201,,,,,0.0003,1.41,74300.0
,54.5,-17.7,0.246,,11168,87,3619,317290,,,,,0.0003,0.563,74322.0
,55.9,-16.3,0.246,,11172,87,3620,317557,,,,,0.0003,1.15,74389.0
,55.1,-15.7,0.246,,11176,87,3622,317682,,,,,0.0003,1.0,74420.0
,55.5,-15.7,0.245,,11180,87,3623,317824,,,,,0.0003,1.17,74455.0
,55.3,-15.7,0.245,,11184,87,3625,317995,,,,,0.0003,0.935,74498.0
,53.9,-15.3,0.244,,11188,87,3626,318216,,,,,0.0003,0.541,74553.0
,54.9,-15.3,0.244,,11192,87,3628,318414,,,,,0.0003,0.704,74603.0
,53.5,-17.4,0.244,,11196,87,3629,318480,,,,,0.0003,0.306,74619.0
,56.2,-16.0,0.243,,11200,87,3631,318861,,,,,0.0003,0.86,74715.0
,58.4,-16.0,0.242,,11204,87,3633,319139,,,,,0.0003,0.434,74784.0
,56.9,-16.3,0.242,,11208,87,3634,319234,,,,,0.0003,0.708,74808.0
,57.0,-17.2,0.241,,11212,87,3636,319501,,,,,0.0003,0.253,74875.0
,57.7,-17.2,0.241,,11216,87,3638,319690,0.0,0.0,1.0,,0.0003,0.0755,74922.0
,57.0,-19.0,0.24,,11220,87,3640,320021,,,,,0.0003,0.41,75005.0
,55.0,-19.2,0.239,,11224,87,3642,320340,,,,,0.0003,0.958,75084.0
,57.5,-19.0,0.238,,11228,87,3644,320720,,,,,0.0003,0.957,75179.0
,55.9,-18.4,0.238,,11232,88,3646,320898,,,,,0.0003,0.544,75224.0
,52.8,-18.9,0.238,,11236,87,3647,320997,,,,,0.0003,0.246,75249.0
,52.4,-18.6,0.237,,11240,88,3649,321176,,,,,0.0003,0.76,75293.0
,49.9,-18.6,0.237,,11244,88,3650,321268,,,,,0.0003,0.476,75316.0
,50.3,-18.6,0.236,,11248,88,3652,321488,,,,,0.0003,0.722,75371.0
,51.1,-18.6,0.236,,11252,88,3653,321715,,,,,0.0003,1.22,75428.0
,52.5,-18.9,0.235,,11256,88,3655,322015,,,,,0.0003,0.0771,75503.0
,51.2,-18.9,0.235,,11260,88,3657,322088,,,,,0.0003,0.257,75521.0
,50.6,-19.5,0.235,,11264,88,3658,322264,,,,,0.0003,0.0141,75565.0
,55.0,-18.9,0.233,,11268,88,3661,322787,,,,,0.0003,0.964,75696.0
,54.3,-20.4,0.233,,11272,88,3663,322991,,,,,0.0003,0.478,75747.0
,55.7,-21.1,0.232,,11276,88,3664,323250,,,,,0.0003,1.36,75812.0
,56.4,-21.1,0.232,,11280,88,3666,323463,,,,,0.0003,0.00817,75865.0
,56.2,-19.9,0.231,,11284,88,3668,323612,,,,,0.0003,0.895,75902.0
,56.1,-19.9,0.231,,11288,88,3669,323822,,,,,0.0003,0.96,75955.0
,55.6,-19.9,0.231,,11292,88,3671,323970,,,,,0.0003,0.31,75992.0
,56.4,-18.4,0.23,,11296,88,3672,324121,,,,,0.0003,0.358,76030.0
,55.0,-19.5,0.23,,11300,88,3674,324358,,,,,0.0003,0.239,76089.0
,54.7,-19.8,0.229,,11304,88,3676,324609,,,,,0.0003,0.261,76152.0
,56.0,-19.6,0.229,,11308,88,3677,324832,,,,,0.0003,1.78,76207.0
,56.2,-20.5,0.228,,11312,88,3679,325121,,,,,0.0003,0.247,76280.0
,55.1,-22.0,0.228,,11316,88,3680,325198,,,,,0.0003,0.339,76299.0
,54.7,-21.6,0.227,,11320,88,3682,325491,,,,,0.0003,0.975,76372.0
,59.2,-21.4,0.225,,11324,88,3686,326257,,,,,0.0003,0.773,76564.0
,59.6,-21.4,0.224,,11328,88,3688,326679,,,,,0.0003,0.488,76669.0
,60.9,-21.4,0.223,,11332,88,3690,326991,,,,,0.0003,0.943,76747.0
,63.9,-21.7,0.222,,11336,88,3693,327382,,,,,0.0003,0.113,76845.0
,64.3,-21.4,0.222,,11340,88,3694,327604,,,,,0.0003,0.704,76900.0
,64.5,-21.4,0.222,,11344,88,3696,327717,,,,,0.0003,0.471,76929.0
,63.0,-21.4,0.221,,11348,88,3697,327793,,,,,0.0003,0.396,76948.0
,64.7,-21.1,0.221,,11352,88,3699,328183,,,,,0.0003,0.489,77045.0
,62.4,-21.1,0.22,,11356,88,3701,328250,,,,,0.0003,1.07,77062.0
,64.2,-21.1,0.22,,11360,88,3703,328510,,,,,0.0003,0.538,77127.0
,64.8,-19.9,0.219,,11364,88,3704,328749,,,,,0.0003,0.00462,77187.0
,60.7,-20.5,0.219,,11368,88,3706,328855,,,,,0.0003,0.932,77213.0
,60.5,-20.2,0.219,,11372,88,3707,329040,,,,,0.0003,1.15,77259.0
,58.9,-20.2,0.218,,11376,88,3708,329140,,,,,0.0003,0.594,77284.0
,61.5,-17.8,0.217,,11380,88,3711,329612,,,,,0.0003,0.0779,77402.0
,61.5,-19.0,0.217,,11384,88,3712,329764,1.0,0.0,0.0,,0.0003,0.907,77440.0
,63.0,-18.4,0.216,,11388,88,3715,330121,,,,,0.0003,0.465,77530.0
,65.0,-18.2,0.215,,11392,88,3717,330473,,,,,0.0003,0.132,77618.0
,64.4,-20.2,0.215,,11396,88,3718,330559,,,,,0.0003,0.653,77639.0
,64.4,-20.5,0.214,,11400,88,3720,330799,,,,,0.0003,1.07,77699.0
,65.1,-20.6,0.214,,11404,88,3722,331118,,,,,0.0003,0.481,77779.0
,66.8,-21.2,0.213,,11408,89,3724,331509,,,,,0.0003,0.0196,77877.0
,65.3,-20.0,0.212,,11412,89,3726,331656,,,,,0.0003,0.238,77913.0
,66.4,-19.1,0.212,,11416,89,3727,331837,,,,,0.0003,0.635,77959.0
,69.0,-19.4,0.211,,11420,89,3730,332393,,,,,0.0003,1.14,78098.0
,65.0,-18.8,0.21,,11424,89,3732,332760,,,,,0.0003,0.242,78189.0
,62.6,-18.4,0.209,,11428,89,3734,332936,,,,,0.0003,1.13,78233.0
,61.5,-18.4,0.209,,11432,89,3735,333140,,,,,0.0003,0.712,78284.0
,61.2,-15.7,0.208,,11436,89,3738,333499,,,,,0.0003,0.247,78374.0
,61.3,-15.7,0.207,,11440,89,3739,333730,,,,,0.0003,1.26,78432.0
,62.6,-14.5,0.207,,11444,89,3741,333979,,,,,0.0003,0.409,78494.0
,64.8,-14.5,0.206,,11448,89,3743,334268,,,,,0.0003,1.42,78566.0
,62.5,-14.8,0.206,,11452,89,3745,334436,,,,,0.0003,1.42,78608.0
,63.3,-14.8,0.205,,11456,89,3746,334584,,,,,0.0003,0.912,78645.0
,62.3,-15.1,0.205,,11460,89,3747,334740,,,,,0.0003,3.06,78684.0
,62.3,-15.7,0.204,,11464,89,3749,334981,,,,,0.0003,0.17,78745.0
,63.0,-15.4,0.204,,11468,89,3751,335152,,,,,0.0003,0.0259,78787.0
,64.4,-15.1,0.203,,11472,89,3753,335480,,,,,0.0003,0.494,78869.0
,66.9,-15.5,0.202,,11476,89,3755,335830,,,,,0.0003,0.954,78957.0
,64.5,-16.9,0.202,,11480,89,3757,336057,,,,,0.0003,0.323,79014.0
,65.0,-16.7,0.201,,11484,89,3758,336267,,,,,0.0003,1.24,79066.0
,63.0,-17.5,0.201,,11488,89,3760,336419,,,,,0.0003,0.641,79104.0
,62.4,-16.9,0.2,,11492,89,3762,336710,,,,,0.0003,0.508,79177.0
,62.4,-16.3,0.2,,11496,89,3763,336803,,,,,0.0003,1.01,79200.0
,62.0,-16.3,0.2,,11500,89,3764,336995,,,,,0.0003,2.12,79248.0
,60.4,-16.6,0.199,,11504,89,3766,337159,,,,,0.0003,0.0767,79289.0
,58.8,-16.6,0.199,,11508,89,3767,337387,,,,,0.0003,1.66,79346.0
,58.5,-16.3,0.198,,11512,89,3769,337502,,,,,0.0003,2.09,79375.0
,58.1,-16.9,0.198,,11516,89,3770,337649,,,,,0.0003,1.22,79412.0
,54.6,-15.9,0.198,,11520,89,3772,337850,,,,,0.0003,0.0292,79462.0
,51.8,-17.1,0.197,,11524,89,3773,337940,,,,,0.0003,0.487,79484.0
,53.8,-15.9,0.196,,11528,89,3775,338316,,,,,0.0003,1.18,79578.0
,54.1,-16.5,0.196,,11532,89,3777,338554,,,,,0.0003,0.488,79638.0
,52.9,-18.9,0.195,,11536,89,3778,338784,,,,,0.0003,0.61,79695.0
,52.6,-19.5,0.195,,11540,89,3780,338988,,,,,0.0003,0.858,79746.0
,53.0,-20.4,0.194,,11544,89,3782,339277,,,,,0.0003,0.00745,79819.0
,53.7,-19.2,0.193,,11548,89,3784,339639,,,,,0.0003,0.252,79909.0
,54.7,-17.7,0.193,,11552,89,3786,339902,0.0,0.0,0.0,,0.0003,0.234,79975.0
,54.8,-17.7,0.192,,11556,89,3787,340064,,,,,0.0003,0.704,80015.0
,55.3,-17.2,0.192,,11560,89,3789,340271,,,,,0.0003,1.35,80067.0
,53.8,-18.0,0.192,,11564,89,3790,340358,,,,,0.0003,0.475,80089.0
,58.4,-18.4,0.19,,11568,89,3793,340988,,,,,0.0003,1.07,80246.0
,58.5,-17.5,0.189,,11572,89,3795,341335,,,,,0.0003,0.593,80333.0
,57.9,-17.2,0.189,,11576,89,3797,341624,,,,,0.0003,0.016,80405.0
,60.3,-18.1,0.188,,11580,90,3800,342088,,,,,0.0003,0.471,80521.0
,60.2,-18.4,0.187,,11584,90,3801,342284,,,,,0.0003,1.89,80570.0
,60.2,-18.1,0.187,,11588,90,3803,342441,,,,,0.0003,0.336,80610.0
,58.6,-19.0,0.186,,11592,90,3804,342575,,,,,0.0003,0.245,80643.0
,60.7,-18.1,0.186,,11596,90,3806,342871,,,,,0.0003,0.383,80717.0
,59.2,-16.9,0.186,,11600,90,3807,342918,,,,,0.0003,1.03,80729.0
,60.3,-17.5,0.185,,11604,90,3809,343186,,,,,0.0003,0.248,80796.0
,59.9,-16.3,0.184,,11608,90,3810,343374,,,,,0.0003,0.369,80843.0
,59.1,-17.8,0.184,,11612,90,3811,343416,,,,,0.0003,0.0195,80853.0
,61.6,-16.0,0.183,,11616,90,3814,343807,,,,,0.0003,0.722,80951.0
,64.3,-16.3,0.182,,11620,90,3816,344277,,,,,0.0003,0.0129,81069.0
,66.4,-16.4,0.182,,11624,90,3818,344579,,,,,0.0003,0.249,81144.0
,65.7,-18.5,0.181,,11628,90,3820,344882,,,,,0.0003,1.56,81220.0
,65.4,-16.1,0.18,,11632,90,3822,345091,,,,,0.0003,0.578,81272.0
,65.6,-16.7,0.18,,11636,90,3823,345346,,,,,0.0003,0.494,81336.0
,68.6,-16.7,0.179,,11640,90,3826,345846,,,,,0.0003,0.933,81461.0
,68.5,-17.6,0.178,,11644,90,3828,346123,,,,,0.0003,0.484,81530.0
,66.8,-18.8,0.177,,11648,90,3829,346316,,,,,0.0003,1.09,81578.0
,66.8,-20.3,0.177,,11652,90,3831,346578,,,,,0.0003,0.158,81644.0
,66.0,-20.3,0.177,,11656,90,3832,346661,,,,,0.0003,1.2,81665.0
,64.6,-20.5,0.177,,11660,90,3834,346729,,,,,0.0003,0.405,81682.0
,66.4,-20.6,0.176,,11664,90,3835,346999,,,,,0.0003,0.241,81749.0
,61.8,-20.5,0.175,,11668,90,3837,347171,,,,,0.0003,0.958,81792.0
,62.1,-22.6,0.175,,11672,90,3839,347546,,,,,0.0003,0.839,81886.0
,61.7,-22.6,0.174,,11676,90,3841,347792,,,,,0.0003,0.361,81947.0
,59.1,-22.6,0.174,,11680,90,3843,347996,,,,,0.0003,0.483,81998.0
,59.5,-22.0,0.173,,11684,90,3844,348232,,,,,0.0003,0.247,82057.0
,59.1,-21.7,0.173,,11688,90,3846,348354,,,,,0.0003,0.699,82088.0
,60.1,-21.4,0.172,,11692,90,3847,348583,,,,,0.0003,0.469,82145.0
,62.9,-22.3,0.171,,11696,90,3850,349162,,,,,0.0003,0.763,82290.0
,67.3,-22.7,0.17,,11700,90,3853,349644,,,,,0.0003,0.468,82410.0
,66.9,-22.4,0.169,,11704,90,3854,349872,0.0,0.0,0.0,,0.0003,0.017,82467.0
,68.7,-23.0,0.168,,11708,90,3857,350241,,,,,0.0003,0.0248,82560.0
,72.2,-22.4,0.167,,11712,90,3859,350635,,,,,0.0003,0.914,82658.0
,71.6,-24.2,0.166,,11716,90,3861,350971,,,,,0.0003,0.466,82742.0
,71.6,-24.2,0.165,,11720,90,3863,351441,,,,,0.0003,0.161,82860.0
,71.0,-23.0,0.165,,11724,90,3865,351676,,,,,0.0003,1.22,82918.0
,70.6,-19.4,0.164,,11728,91,3867,351944,,,,,0.0003,0.212,82985.0
,70.4,-21.5,0.164,,11732,91,3868,352129,,,,,0.0003,0.366,83032.0
,69.5,-20.9,0.163,,11736,91,3870,352293,,,,,0.0003,0.848,83073.0
,71.0,-21.2,0.162,,11740,91,3873,352950,,,,,0.0003,0.599,83237.0
,69.7,-20.3,0.161,,11744,91,3875,353097,,,,,0.0003,0.782,83274.0
,69.7,-20.3,0.161,,11748,91,3876,353285,,,,,0.0003,0.716,83321.0
,68.7,-20.3,0.161,,11752,91,3878,353451,,,,,0.0003,0.232,83362.0
,69.5,-20.6,0.16,,11756,91,3879,353616,,,,,0.0003,1.04,83403.0
,72.8,-20.9,0.159,,11760,91,3881,354006,,,,,0.0003,0.244,83501.0
,72.3,-20.9,0.159,,11764,91,3883,354232,,,,,0.0003,0.467,83557.0
,74.9,-19.7,0.158,,11768,91,3885,354662,,,,,0.0003,1.16,83665.0
,72.2,-19.1,0.157,,11772,91,3886,354766,,,,,0.0003,0.00987,83691.0
,73.0,-19.1,0.157,,11776,91,3888,355088,,,,,0.0003,0.63,83771.0
,72.7,-19.7,0.156,,11780,91,3890,355267,,,,,0.0003,0.579,83816.0
,77.2,-20.4,0.155,,11784,91,3893,355957,,,,,0.0003,0.757,83989.0
,79.4,-21.0,0.154,,11788,91,3895,356294,,,,,0.0003,0.25,84073.0
,78.9,-21.3,0.153,,11792,91,3897,356477,,,,,0.0003,1.24,84119.0
,74.7,-21.2,0.153,,11796,91,3898,356634,,,,,0.0003,0.462,84158.0
,74.0,-21.2,0.152,,11800,91,3901,357049,,,,,0.0003,0.469,84262.0
,76.4,-20.4,0.151,,11804,91,3903,357510,,,,,0.0003,0.348,84377.0
,75.0,-20.9,0.15,,11808,91,3905,357738,,,,,0.0003,0.398,84434.0
,74.3,-21.5,0.15,,11812,91,3907,358070,,,,,0.0003,1.12,84517.0
,72.7,-21.5,0.149,,11816,91,3908,358237,,,,,0.0003,0.257,84559.0
,70.4,-20.9,0.149,,11820,91,3910,358483,,,,,0.0003,0.959,84620.0
,69.7,-20.9,0.148,,11824,91,3912,358646,,,,,0.0003,0.248,84661.0
,71.8,-22.7,0.147,,11828,91,3914,359128,,,,,0.0003,0.0172,84781.0
,71.5,-21.5,0.147,,11832,91,3916,359279,,,,,0.0003,0.556,84819.0
,70.5,-21.5,0.147,,11836,91,3917,359347,,,,,0.0003,0.304,84836.0
,67.2,-19.7,0.146,,11840,91,3919,359674,,,,,0.0003,0.496,84918.0
,66.7,-20.0,0.146,,11844,91,3920,359764,0.0,0.0,1.0,,0.0003,0.25,84940.0
,68.1,-20.3,0.145,,11848,91,3922,360092,,,,,0.0003,0.24,85022.0
,68.5,-20.3,0.144,,11852,91,3924,360306,,,,,0.0003,0.609,85076.0
,68.5,-20.3,0.144,,11856,91,3925,360468,,,,,0.0003,1.94,85116.0
,68.5,-18.2,0.143,,11860,91,3928,360855,,,,,0.0003,0.521,85213.0
,68.0,-18.2,0.143,,11864,91,3929,361030,,,,,0.0003,2.12,85257.0
,68.9,-18.5,0.141,,11868,91,3932,361553,,,,,0.0003,0.468,85388.0
,72.6,-17.9,0.14,,11872,92,3934,362024,,,,,0.0003,0.263,85505.0
,72.4,-16.7,0.139,,11876,92,3936,362330,,,,,0.0003,0.48,85582.0
,72.4,-15.8,0.139,,11880,92,3938,362504,,,,,0.0003,0.571,85625.0
,68.9,-14.9,0.138,,11884,92,3940,362846,,,,,0.0003,0.238,85711.0
,69.6,-14.6,0.137,,11888,92,3942,363253,,,,,0.0003,1.01,85813.0
,71.1,-13.7,0.136,,11892,92,3944,363590,,,,,0.0003,1.29,85897.0
,71.8,-13.7,0.136,,11896,92,3946,363818,,,,,0.0003,0.457,85954.0
,72.4,-14.0,0.135,,11900,92,3948,364293,,,,,0.0003,1.4,86073.0
,69.8,-13.4,0.134,,11904,92,3950,364488,,,,,0.0003,0.238,86121.0
,71.0,-12.2,0.134,,11908,92,3952,364840,,,,,0.0003,0.469,86209.0
,72.3,-12.2,0.132,,11912,92,3955,365297,,,,,0.0003,0.0321,86324.0
,75.2,-11.7,0.131,,11916,92,3957,365756,,,,,0.0003,0.283,86438.0
,74.8,-12.2,0.131,,11920,92,3959,365963,,,,,0.0003,0.613,86490.0
,77.2,-12.9,0.13,,11924,92,3961,366362,,,,,0.0003,0.503,86590.0
,73.8,-14.0,0.13,,11928,92,3963,366512,,,,,0.0003,0.501,86627.0
,75.0,-15.3,0.129,,11932,92,3964,366784,,,,,0.0003,0.993,86695.0
,75.9,-15.0,0.129,,11936,92,3966,366941,,,,,0.0003,1.9,86735.0
,74.3,-16.1,0.128,,11940,92,3968,367101,,,,,0.0003,0.48,86775.0
,74.3,-15.5,0.128,,11944,92,3969,367197,,,,,0.0003,0.526,86799.0
,75.6,-13.8,0.127,,11948,92,3971,367649,,,,,0.0003,2.9,86912.0
,77.6,-13.8,0.126,,11952,92,3974,368064,,,,,0.0003,0.634,87015.0
,77.1,-13.5,0.126,,11956,92,3975,368174,,,,,0.0003,0.0174,87043.0
,75.0,-15.0,0.125,,11960,92,3977,368356,,,,,0.0003,0.961,87088.0
,78.7,-14.4,0.124,,11964,92,3979,368899,,,,,0.0003,0.465,87224.0
,77.1,-14.4,0.123,,11968,92,3981,369259,,,,,0.0003,0.733,87314.0
,75.8,-15.6,0.122,,11972,92,3984,369600,0.0,0.0,1.0,,0.0003,0.444,87399.0
,79.3,-17.1,0.121,,11976,92,3987,370258,,,,,0.0003,0.0544,87564.0
,81.3,-17.1,0.12,,11980,92,3989,370638,,,,,0.0003,0.629,87659.0
,80.4,-18.3,0.119,,11984,92,3991,370885,,,,,0.0003,0.803,87721.0
,80.2,-18.3,0.118,,11988,92,3993,371272,,,,,0.0003,0.342,87817.0
,80.3,-18.3,0.117,,11992,93,3995,371625,,,,,0.0003,0.715,87906.0
,82.3,-17.1,0.116,,11996,93,3997,372047,,,,,0.0003,0.00933,88011.0
,80.7,-18.0,0.116,,12000,93,3999,372358,,,,,0.0003,0.277,88089.0
,82.2,-18.9,0.115,,12004,93,4001,372710,,,,,0.0003,0.0116,88177.0
,83.0,-19.8,0.114,,12008,93,4004,373135,,,,,0.0003,0.251,88283.0
,82.8,-18.3,0.113,,12012,93,4006,373579,,,,,0.0003,1.33,88394.0
,81.4,-18.9,0.112,,12016,93,4008,373900,,,,,0.0003,0.446,88474.0
,82.2,-18.6,0.111,,12020,93,4010,374182,,,,,0.0003,0.243,88545.0
,79.4,-17.7,0.111,,12024,93,4011,374302,,,,,0.0003,0.562,88575.0
,80.9,-17.1,0.11,,12028,93,4013,374599,,,,,0.0003,0.787,88649.0
,80.3,-16.8,0.11,,12032,93,4015,374811,,,,,0.0003,0.451,88702.0
,80.7,-17.1,0.109,,12036,93,4016,375010,,,,,0.0003,1.19,88752.0
,82.5,-16.2,0.109,,12040,93,4018,375355,,,,,0.0003,0.372,88838.0
,85.2,-15.4,0.108,,12044,93,4021,375713,,,,,0.0003,2.31,88928.0
,84.7,-16.8,0.107,,12048,93,4023,376122,,,,,0.0003,1.66,89030.0
,84.3,-16.2,0.106,,12052,93,4025,376498,,,,,0.0003,0.138,89124.0
,87.1,-15.7,0.105,,12056,93,4027,376884,,,,,0.0003,0.0418,89220.0
,86.9,-16.3,0.105,,12060,93,4029,377048,,,,,0.0003,0.497,89261.0
,86.1,-15.7,0.103,,12064,93,4031,377508,,,,,0.0003,0.632,89376.0
,84.1,-16.2,0.103,,12068,93,4033,377665,,,,,0.0003,0.763,89416.0
,84.0,-15.3,0.102,,12072,93,4035,377998,,,,,0.0003,0.925,89499.0
,81.7,-13.8,0.101,,12076,93,4037,378426,,,,,0.0003,0.926,89606.0
,80.8,-12.3,0.101,,12080,93,4039,378720,,,,,0.0003,1.62,89679.0
,82.7,-11.4,0.0995,,12084,93,4041,379151,,,,,0.0003,1.87,89787.0
,81.2,-11.1,0.099,,12088,93,4043,379387,,,,,0.0003,0.691,89846.0
,78.5,-11.7,0.0987,,12092,93,4044,379478,0.0,0.0,0.0,,0.0003,0.483,89869.0
,82.6,-12.9,0.0968,,12096,93,4048,380303,,,,,0.0003,0.47,90075.0
,82.6,-12.6,0.096,,12100,93,4050,380622,,,,,0.0003,0.504,90155.0
,84.9,-10.5,0.0947,,12104,94,4053,381198,,,,,0.0003,0.376,90299.0
,87.3,-9.37,0.0931,,12108,94,4056,381864,,,,,0.0003,0.988,90465.0
,93.5,-10.3,0.0905,,12112,94,4060,382934,,,,,0.0003,0.462,90733.0
,94.1,-10.0,0.0896,,12116,94,4062,383313,,,,,0.0003,0.704,90828.0
,93.4,-10.3,0.0891,,12120,94,4064,383525,,,,,0.0003,0.474,90881.0
,99.8,-11.3,0.0873,,12124,94,4067,384284,,,,,0.0003,0.00944,91070.0
,106.0,-11.1,0.0851,,12128,94,4071,385230,,,,,0.0003,0.469,91307.0
,110.0,-9.0,0.0836,,12132,94,4074,385838,,,,,0.0003,1.54,91459.0
,116.0,-8.76,0.0818,,12136,94,4077,386628,,,,,0.0003,0.479,91656.0
,116.0,-9.96,0.081,,12140,94,4079,386955,,,,,0.0003,0.0736,91738.0
,118.0,-9.08,0.0796,,12144,94,4082,387522,,,,,0.0003,0.46,91880.0
,117.0,-7.87,0.0789,,12148,94,4084,387847,,,,,0.0003,1.47,91961.0
,124.0,-6.74,0.0763,,12152,95,4089,388907,,,,,0.0003,1.61,92226.0
,123.0,-7.63,0.0757,,12156,95,4091,389179,,,,,0.0003,1.02,92294.0
,124.0,-7.04,0.0751,,12160,95,4092,389439,,,,,0.0003,0.701,92359.0
,124.0,-6.74,0.0739,,12164,95,4095,389927,1.0,0.0,0.0,,0.0003,0.499,92481.0
,127.0,-6.17,0.0728,,12168,95,4097,390414,,,,,0.0003,0.678,92603.0
,131.0,-4.11,0.0711,,12172,95,4101,391098,,,,,0.0003,0.68,92774.0
,133.0,-5.03,0.0695,,12176,95,4104,391775,,,,,0.0003,1.11,92943.0
,135.0,-7.45,0.0686,,12180,95,4106,392174,,,,,0.0003,0.00912,93043.0
,139.0,-8.09,0.0666,,12184,95,4110,393020,,,,,0.0003,0.517,93254.0
,140.0,-8.4,0.0657,,12188,95,4112,393374,,,,,0.0003,0.481,93343.0
,141.0,-8.41,0.0652,,12192,95,4114,393619,,,,,0.0003,1.18,93404.0
,141.0,-6.01,0.0634,,12196,95,4117,394358,,,,,0.0003,0.536,93589.0
,142.0,-6.32,0.0623,,12200,95,4120,394805,,,,,0.0003,1.66,93701.0
,141.0,-7.51,0.0612,,12204,95,4122,395295,,,,,0.0003,0.701,93823.0
,139.0,-9.29,0.06,,12208,95,4125,395783,,,,,0.0003,0.46,93945.0
,134.0,-7.14,0.0587,,12212,96,4127,396325,,,,,0.0003,0.576,94081.0
,136.0,-7.16,0.0573,,12216,96,4130,396926,,,,,0.0003,0.7,94231.0
,139.0,-7.79,0.056,,12220,96,4133,397457,,,,,0.0003,0.455,94364.0
,139.0,-6.89,0.0543,,12224,96,4136,398182,,,,,0.0003,0.464,94545.0
,136.0,-5.96,0.0527,,12228,96,4139,398861,,,,,0.0003,0.495,94715.0
,136.0,-8.06,0.0514,,12232,96,4142,399431,0.0,0.0,1.0,,0.0003,1.39,94857.0
,136.0,-7.46,0.05,,12236,96,4146,400191,,,,,0.0003,0.896,95047.0
,136.0,-5.96,0.05,,12240,96,4148,400554,,,,,0.0003,0.0368,95138.0
,135.0,-8.05,0.05,,12244,96,4150,401048,,,,,0.0003,0.706,95261.0
,144.0,-6.34,0.05,,12248,96,4155,402200,,,,,0.0003,0.468,95549.0
,136.0,-7.46,0.05,,12252,96,4157,402491,,,,,0.0003,0.238,95622.0
,137.0,-4.17,0.05,,12256,96,4159,402866,,,,,0.0003,0.0284,95716.0
,137.0,-3.27,0.05,,12260,96,4161,403139,,,,,0.0003,0.236,95784.0
,139.0,-1.49,0.05,,12264,96,4164,403798,,,,,0.0003,0.233,95949.0
,142.0,-2.12,0.05,,12268,97,4168,404626,,,,,0.0003,0.0148,96156.0
,141.0,-4.51,0.05,,12272,97,4171,405187,,,,,0.0003,1.86,96296.0
,136.0,-5.36,0.05,,12276,97,4172,405338,,,,,0.0003,0.249,96334.0
,139.0,-3.89,0.05,,12280,97,4175,406042,,,,,0.0003,1.18,96510.0
,136.0,-2.96,0.05,,12284,97,4178,406578,,,,,0.0003,0.915,96644.0
,135.0,-2.65,0.05,,12288,97,4180,406856,,,,,0.0003,0.446,96713.0
,145.0,-3.05,0.05,,12292,97,4185,408140,,,,,0.0003,0.772,97034.0
,143.0,-3.33,0.05,,12296,97,4187,408654,,,,,0.0003,0.232,97163.0
,142.0,-1.52,0.05,,12300,97,4189,408982,,,,,0.0003,0.943,97245.0
,140.0,-2.4,0.05,,12304,97,4192,409339,0.0,1.0,1.0,,0.0003,1.04,97334.0
,145.0,-1.55,0.05,,12308,97,4196,410307,,,,,0.0003,0.0948,97576.0
,146.0,-3.96,0.05,,12312,97,4198,410914,,,,,0.0003,0.0549,97728.0
,142.0,-3.62,0.05,,12316,97,4200,411168,,,,,0.0003,0.294,97791.0
,144.0,-1.24,0.05,,12320,97,4203,411822,,,,,0.0003,0.512,97955.0
,140.0,-2.7,0.05,,12324,97,4206,412146,,,,,0.0003,0.325,98036.0
,135.0,-1.15,0.05,,12328,98,4207,412391,,,,,0.0003,0.679,98097.0
,137.0,-1.17,0.05,,12332,98,4211,413158,,,,,0.0003,0.707,98289.0
,136.0,-2.06,0.05,,12336,98,4214,413743,,,,,0.0003,0.471,98435.0
,138.0,-3.58,0.05,,12340,98,4216,414307,,,,,0.0003,0.463,98576.0
,135.0,-3.55,0.05,,12344,98,4218,414517,,,,,0.0003,0.437,98629.0
,129.0,-6.19,0.05,,12348,98,4221,415104,,,,,0.0003,0.671,98775.0
,129.0,-6.49,0.05,,12352,98,4223,415402,,,,,0.0003,0.00687,98850.0
,132.0,-8.02,0.05,,12356,98,4226,416060,,,,,0.0003,1.85,99014.0
,142.0,-9.62,0.05,,12360,98,4231,417330,,,,,0.0003,0.54,99332.0
,140.0,-13.5,0.05,,12364,98,4234,417772,,,,,0.0003,0.317,99442.0
,135.0,-12.2,0.05,,12368,98,4236,418104,,,,,0.0003,1.64,99525.0
,142.0,-10.8,0.05,,12372,98,4241,419360,,,,,0.0003,1.24,99839.0
,144.0,-8.14,0.05,,12376,98,4243,419757,0.0,0.0,0.0,,0.0003,0.0054,99939.0
,144.0,-8.74,0.05,,12380,99,4246,420404,,,,,0.0003,0.899,100100.0
,145.0,-9.65,0.05,,12384,99,4249,421060,,,,,0.0003,0.18,100264.0
,155.0,-9.45,0.05,,12388,99,4254,422327,,,,,0.0003,0.235,100581.0
,149.0,-9.99,0.05,,12392,99,4257,423025,,,,,0.0003,0.251,100756.0
,154.0,-11.5,0.05,,12396,99,4262,424077,,,,,0.0003,0.00727,101019.0
,156.0,-12.8,0.05,,12400,99,4264,424593,,,,,0.0003,0.472,101148.0
,155.0,-12.4,0.05,,12404,99,4266,424836,,,,,0.0003,0.00532,101208.0
,152.0,-10.6,0.05,,12408,99,4269,425541,,,,,0.0003,0.464,101385.0
,156.0,-10.4,0.05,,12412,99,4274,426540,,,,,0.0003,0.457,101634.0
,158.0,-10.1,0.05,,12416,99,4276,426931,,,,,0.0003,0.475,101732.0
,159.0,-9.79,0.05,,12420,99,4279,427695,,,,,0.0003,0.243,101923.0
,162.0,-7.72,0.05,,12424,100,4282,428383,,,,,0.0003,0.462,102095.0
,170.0,-9.9,0.05,,12428,100,4287,429434,0.0,0.0,0.0,,0.0003,0.681,102358.0
,171.0,-9.61,0.05,,12432,100,4290,430224,,,,,0.0003,0.292,102555.0
,169.0,-8.09,0.05,,12436,100,4292,430638,,,,,0.0003,0.227,102659.0
,172.0,-6.32,0.05,,12440,100,4296,431541,,,,,0.0003,0.267,102885.0
,174.0,-6.34,0.05,,12444,100,4298,431898,,,,,0.0003,0.237,102974.0
,172.0,-5.12,0.05,,12448,100,4301,432291,,,,,0.0003,0.0827,103072.0
,173.0,-3.03,0.05,,12452,100,4303,432744,,,,,0.0003,0.466,103185.0
,175.0,-3.05,0.05,,12456,100,4307,433513,,,,,0.0003,0.633,103378.0
,166.0,-1.16,0.05,,12460,100,4309,433891,,,,,0.0003,0.0215,103472.0
,164.0,-0.237,0.05,,12464,100,4311,434137,,,,,0.0003,0.00654,103534.0
,166.0,-1.46,0.05,,12468,100,4314,434702,,,,,0.0003,1.09,103675.0
,165.0,-0.247,0.05,,12472,100,4318,435827,,,,,0.0003,0.477,103956.0
,171.0,-0.614,0.05,,12476,101,4322,436900,,,,,0.0003,0.00839,104224.0
,172.0,0.281,0.05,,12480,101,4326,437595,,,,,0.0003,0.568,104398.0
,168.0,1.22,0.05,,12484,101,4327,437822,,,,,0.0003,0.682,104455.0
,158.0,1.62,0.05,,12488,101,4330,438174,,,,,0.0003,0.459,104543.0
,159.0,4.31,0.05,,12492,101,4333,438926,,,,,0.0003,0.476,104731.0
,157.0,5.23,0.05,,12496,101,4337,439764,0.0,0.0,0.0,,0.0003,0.681,104940.0
,156.0,4.94,0.05,,12500,101,4339,440214,,,,,0.0003,0.465,105053.0
,166.0,4.84,0.05,,12504,101,4344,441476,,,,,0.0003,0.932,105368.0
,164.0,7.56,0.05,,12508,101,4346,441946,,,,,0.0003,0.223,105486.0
,168.0,7.22,0.05,,12512,101,4352,443335,,,,,0.0003,0.668,105833.0
,166.0,6.34,0.05,,12516,101,4353,443539,,,,,0.0003,0.471,105884.0
,162.0,4.28,0.05,,12520,101,4355,443853,,,,,0.0003,0.696,105963.0
,157.0,1.93,0.05,,12524,101,4357,444046,,,,,0.0003,0.234,106011.0
,152.0,3.78,0.05,,12528,101,4359,444642,,,,,0.0003,0.0888,106160.0
,150.0,8.0,0.05,,12532,102,4362,445203,,,,,0.0003,0.458,106300.0
,155.0,6.45,0.05,,12536,102,4366,446184,,,,,0.0003,0.444,106545.0
,153.0,5.27,0.05,,12540,102,4369,446818,,,,,0.0003,0.46,106704.0
,157.0,5.23,0.05,,12544,102,4373,447601,,,,,0.0003,0.224,106900.0
,159.0,4.91,0.05,,12548,102,4376,448202,,,,,0.0003,0.00918,107050.0
,167.0,3.93,0.05,,12552,102,4381,449440,,,,,0.0003,0.662,107359.0
,162.0,4.28,0.05,,12556,102,4383,449737,,,,,0.0003,1.46,107434.0
,160.0,2.8,0.05,,12560,102,4384,449923,0.0,0.0,0.0,,0.0003,0.229,107480.0
,162.0,2.48,0.05,,12564,102,4387,450357,,,,,0.0003,0.46,107589.0
,168.0,1.82,0.05,,12568,102,4391,451465,,,,,0.0003,0.448,107866.0
,165.0,-0.546,0.05,,12572,102,4394,452284,,,,,0.0003,0.229,108070.0
,163.0,-1.43,0.05,,12576,103,4398,453180,,,,,0.0003,0.00498,108294.0
,160.0,-1.4,0.05,,12580,103,4400,453549,,,,,0.0003,1.3,108387.0
,165.0,-2.05,0.05,,12584,103,4404,454295,,,,,0.0003,0.23,108573.0
,163.0,-3.23,0.05,,12588,103,4405,454468,,,,,0.0003,0.797,108616.0
,161.0,-4.71,0.05,,12592,103,4408,455035,,,,,0.0003,0.00716,108758.0
,155.0,-5.85,0.05,,12596,103,4410,455237,,,,,0.0003,0.23,108809.0
,157.0,-4.67,0.05,,12600,103,4413,455876,,,,,0.0003,0.464,108968.0
,147.0,-5.17,0.05,,12604,103,4415,456218,,,,,0.0003,0.459,109054.0
,148.0,-10.3,0.05,,12608,103,4418,456796,,,,,0.0003,0.698,109198.0
,145.0,-9.95,0.05,,12612,103,4422,457880,,,,,0.0003,0.666,109469.0
,149.0,-10.3,0.05,,12616,103,4425,458405,,,,,0.0003,0.471,109601.0
,150.0,-9.4,0.05,,12620,103,4427,458882,,,,,0.0003,0.0383,109720.0
,153.0,-6.73,0.05,,12624,103,4430,459393,1.0,0.0,0.0,,0.0003,0.438,109848.0
,157.0,-8.87,0.05,,12628,103,4434,460347,,,,,0.0003,0.39,110086.0
,166.0,-14.1,0.05,,12632,103,4440,461787,,,,,0.0003,0.654,110446.0
,165.0,-7.75,0.05,,12636,104,4444,462709,,,,,0.0003,0.23,110677.0
,165.0,-5.65,0.05,,12640,104,4447,463306,,,,,0.0003,0.00563,110826.0
,164.0,-5.04,0.05,,12644,104,4450,464017,,,,,0.0003,0.678,111004.0
,164.0,-6.24,0.05,,12648,104,4453,464620,,,,,0.0003,0.00579,111154.0
,159.0,-7.99,0.05,,12652,104,4456,465339,,,,,0.0003,0.666,111334.0
,161.0,-9.51,0.05,,12656,104,4459,465844,,,,,0.0003,0.227,111460.0
,161.0,-9.51,0.05,,12660,104,4460,466016,,,,,0.0003,0.24,111503.0
,160.0,-8.3,0.05,,12664,104,4462,466382,,,,,0.0003,0.232,111595.0
,161.0,-7.41,0.05,,12668,104,4467,467580,,,,,0.0003,0.216,111894.0
,155.0,-7.65,0.05,,12672,104,4469,467822,,,,,0.0003,0.698,111955.0
,148.0,-8.18,0.05,,12676,104,4470,467952,,,,,0.0003,0.00443,111987.0
,150.0,-8.2,0.05,,12680,104,4473,468533,,,,,0.0003,0.229,112133.0
,147.0,-8.47,0.05,,12684,104,4475,469007,,,,,0.0003,0.822,112251.0
,150.0,-7.9,0.05,,12688,104,4478,469459,,,,,0.0003,0.373,112364.0
,148.0,-6.68,0.05,,12692,104,4480,469835,0.0,0.0,0.0,,0.0003,0.457,112458.0
,153.0,-6.73,0.05,,12696,104,4483,470561,,,,,0.0003,0.457,112640.0
,148.0,-7.88,0.05,,12700,104,4485,470677,,,,,0.0003,0.00539,112669.0
,151.0,-7.31,0.05,,12704,105,4488,471296,,,,,0.0003,0.235,112823.0
,160.0,-5.3,0.05,,12708,105,4493,472774,,,,,0.0003,0.688,113193.0
,154.0,-5.54,0.05,,12712,105,4496,473295,,,,,0.0003,0.467,113323.0
,154.0,-5.54,0.05,,12716,105,4499,473840,,,,,0.0003,0.937,113459.0
,154.0,-6.44,0.05,,12720,105,4501,474239,,,,,0.0003,1.4,113559.0
,157.0,-5.87,0.05,,12724,105,4505,475090,,,,,0.0003,0.814,113772.0
,152.0,-4.32,0.05,,12728,105,4507,475542,,,,,0.0003,0.683,113885.0
,145.0,-2.75,0.05,,12732,105,4511,476267,,,,,0.0003,0.668,114066.0
,138.0,-8.38,0.05,,12736,105,4513,476512,,,,,0.0003,0.45,114127.0
,140.0,-10.2,0.05,,12740,105,4516,477352,,,,,0.0003,0.683,114337.0
,139.0,-11.1,0.05,,12744,105,4519,477920,,,,,0.0003,0.916,114479.0
,139.0,-9.59,0.05,,12748,105,4522,478507,,,,,0.0003,0.471,114626.0
,139.0,-9.29,0.05,,12752,105,4525,479280,,,,,0.0003,0.43,114819.0
,137.0,-9.87,0.05,,12756,105,4527,479533,0.0,0.0,0.0,,0.0003,0.228,114883.0
,145.0,-8.45,0.05,,12760,106,4531,480491,,,,,0.0003,0.264,115122.0
,148.0,-9.08,0.05,,12764,106,4534,481182,,,,,0.0003,0.0439,115295.0
,146.0,-7.26,0.05,,12768,106,4538,482148,,,,,0.0003,0.224,115536.0
,148.0,-5.18,0.05,,12772,106,4540,482616,,,,,0.0003,0.86,115653.0
,154.0,-5.24,0.05,,12776,106,4544,483315,,,,,0.0003,1.39,115828.0
,153.0,-4.63,0.05,,12780,106,4546,483845,,,,,0.0003,0.00375,115961.0
,159.0,-4.69,0.05,,12784,106,4551,484884,,,,,0.0003,0.462,116220.0
,157.0,-4.97,0.05,,12788,106,4552,485111,,,,,0.0003,0.238,116277.0
,159.0,-5.59,0.05,,12792,106,4555,485710,,,,,0.0003,0.806,116427.0
,156.0,-4.06,0.05,,12796,106,4558,486132,,,,,0.0003,0.937,116532.0
,156.0,-4.36,0.05,,12800,106,4559,486293,,,,,0.0003,0.00312,116573.0
,158.0,-2.28,0.05,,12804,106,4563,487130,,,,,0.0003,0.0108,116782.0
,152.0,-3.12,0.05,,12808,106,4567,487982,,,,,0.0003,0.00579,116995.0
,153.0,-2.53,0.05,,12812,106,4569,488555,,,,,0.0003,0.21,117138.0
,156.0,-1.96,0.05,,12816,107,4573,489423,0.0,0.0,0.0,,0.0003,0.00388,117355.0
,162.0,0.981,0.05,,12820,107,4577,490432,,,,,0.0003,0.461,117607.0
,160.0,-0.798,0.05,,12824,107,4580,491068,,,,,0.0003,0.67,117766.0
,159.0,-2.59,0.05,,12828,107,4582,491399,,,,,0.0003,0.463,117849.0
,157.0,-2.87,0.05,,12832,107,4585,492011,,,,,0.0003,0.448,118002.0
,164.0,-2.04,0.05,,12836,107,4589,492873,,,,,0.0003,0.696,118218.0
,160.0,-1.7,0.05,,12840,107,4592,493376,,,,,0.0003,0.00366,118343.0
,157.0,-1.67,0.05,,12844,107,4593,493669,,,,,0.0003,0.225,118417.0
,157.0,-1.07,0.05,,12848,107,4596,494246,,,,,0.0003,0.758,118561.0
,161.0,1.89,0.05,,12852,107,4601,495411,,,,,0.0003,0.644,118852.0
,170.0,4.5,0.05,,12856,107,4606,496542,,,,,0.0003,1.41,119135.0
,167.0,5.13,0.05,,12860,107,4609,497184,,,,,0.0003,0.363,119295.0
,167.0,5.13,0.05,,12864,107,4612,497889,,,,,0.0003,0.445,119472.0
,162.0,2.78,0.05,,12868,107,4614,498347,,,,,0.0003,0.221,119586.0
,168.0,0.0187,0.05,,12872,108,4619,499429,,,,,0.0003,0.932,119857.0
,165.0,-0.249,0.05,,12876,108,4621,499805,0.0,0.0,0.0,,0.0003,0.452,119951.0
,166.0,-2.06,0.05,,12880,108,4624,500464,,,,,0.0003,0.235,120115.0
,171.0,-0.612,0.05,,12884,108,4630,502000,,,,,0.0003,0.676,120499.0
,170.0,-0.605,0.05,,12888,108,4631,502159,,,,,0.0003,0.00499,120539.0
,172.0,-0.623,0.05,,12892,108,4635,502935,,,,,0.0003,0.233,120733.0
,173.0,-2.13,0.05,,12896,108,4637,503407,,,,,0.0003,0.437,120851.0
,180.0,0.502,0.05,,12900,108,4641,504272,,,,,0.0003,0.463,121067.0
,174.0,-1.54,0.05,,12904,108,4643,504495,,,,,0.0003,0.00458,121123.0
,170.0,-1.5,0.05,,12908,108,4645,504973,,,,,0.0003,0.0135,121243.0
,168.0,-2.68,0.05,,12912,108,4648,505341,,,,,0.0003,0.026,121335.0
,164.0,-2.34,0.05,,12916,108,4650,505789,,,,,0.0003,0.494,121447.0
,157.0,-3.77,0.05,,12920,108,4652,506180,,,,,0.0003,0.246,121544.0
,155.0,-4.65,0.05,,12924,108,4655,506582,,,,,0.0003,0.00377,121645.0
,154.0,-3.74,0.05,,12928,108,4656,506804,,,,,0.0003,0.00374,121700.0
,154.0,-4.04,0.05,,12932,108,4659,507407,,,,,0.0003,0.234,121851.0
,153.0,-4.93,0.05,,12936,108,4663,508209,,,,,0.0003,0.201,122052.0
,154.0,-4.64,0.05,,12940,109,4666,508818,,,,,0.0003,0.241,122204.0
,156.0,-3.76,0.05,,12944,109,4668,509232,,,,,0.0003,0.0141,122307.0
,156.0,-4.66,0.05,,12948,109,4671,509882,1.0,0.0,1.0,,0.0003,0.00289,122470.0
,146.0,-6.96,0.05,,12952,109,4673,510045,,,,,0.0003,0.225,122511.0
,144.0,-9.34,0.05,,12956,109,4676,510906,,,,,0.0003,0.237,122726.0
,142.0,-11.1,0.05,,12960,109,4679,511405,,,,,0.0003,0.00552,122851.0
,138.0,-11.1,0.05,,12964,109,4682,511680,,,,,0.0003,0.529,122919.0
,139.0,-9.89,0.05,,12968,109,4684,512242,,,,,0.0003,0.436,123060.0
,132.0,-9.52,0.05,,12972,109,4687,512669,,,,,0.0003,0.701,123167.0
,133.0,-9.83,0.05,,12976,109,4689,513080,,,,,0.0003,1.16,123269.0
,134.0,-7.44,0.05,,12980,109,4692,513822,,,,,0.0003,0.791,123455.0
,127.0,-9.17,0.05,,12984,109,4696,514697,,,,,0.0003,1.37,123674.0
,131.0,-8.61,0.05,,12988,109,4699,515228,,,,,0.0003,0.865,123806.0
,125.0,-9.75,0.05,,12992,109,4701,515427,,,,,0.0003,0.453,123856.0
,127.0,-8.87,0.05,,12996,109,4704,516060,,,,,0.0003,0.443,124014.0
,123.0,-10.0,0.05,,13000,109,4706,516600,,,,,0.0003,0.428,124149.0
,124.0,-10.0,0.05,,13004,109,4708,516885,,,,,0.0003,0.00837,124221.0
,131.0,-11.0,0.05,,13008,109,4713,518062,,,,,0.0003,0.416,124515.0
,139.0,-8.09,0.05,,13012,110,4718,519219,,,,,0.0003,0.219,124804.0
,141.0,-7.21,0.05,,13016,110,4721,519856,0.0,0.0,0.0,,0.0003,0.236,124963.0
,149.0,-8.79,0.05,,13020,110,4726,521104,,,,,0.0003,0.457,125275.0
,156.0,-8.86,0.05,,13024,110,4730,522210,,,,,0.0003,0.236,125552.0
,157.0,-9.17,0.05,,13028,110,4732,522488,,,,,0.0003,0.00502,125621.0
,155.0,-9.75,0.05,,13032,110,4735,522903,,,,,0.0003,0.0158,125725.0
,155.0,-10.0,0.05,,13036,110,4738,523676,,,,,0.0003,0.00407,125918.0
,155.0,-10.4,0.05,,13040,110,4741,524352,,,,,0.0003,0.461,126087.0
,156.0,-10.7,0.05,,13044,110,4744,524797,,,,,0.0003,1.39,126199.0
,154.0,-11.8,0.05,,13048,110,4746,525287,,,,,0.0003,0.233,126321.0
,158.0,-9.78,0.05,,13052,110,4749,525878,,,,,0.0003,0.221,126469.0
,154.0,-9.74,0.05,,13056,110,4752,526329,,,,,0.0003,0.00382,126582.0
,151.0,-10.0,0.05,,13060,110,4753,526540,,,,,0.0003,0.00381,126634.0
,154.0,-9.14,0.05,,13064,110,4756,527036,,,,,0.0003,0.457,126758.0
,154.0,-9.74,0.05,,13068,110,4759,527689,,,,,0.0003,0.24,126922.0
,157.0,-8.27,0.05,,13072,110,4762,528335,,,,,0.0003,0.214,127083.0
,156.0,-8.26,0.05,,13076,110,4764,528688,,,,,0.0003,2.33,127171.0
,154.0,-9.14,0.05,,13080,111,4767,529244,,,,,0.0003,0.00481,127310.0
,147.0,-8.77,0.05,,13084,111,4768,529373,,,,,0.0003,0.227,127343.0
,147.0,-8.17,0.05,,13088,111,4771,529899,0.0,0.0,1.0,,0.0003,0.234,127474.0
,146.0,-8.46,0.05,,13092,111,4773,530075,,,,,0.0003,0.914,127518.0
,145.0,-9.65,0.05,,13096,111,4775,530540,,,,,0.0003,0.903,127634.0
,143.0,-11.1,0.05,,13100,111,4778,530943,,,,,0.0003,0.297,127735.0
,147.0,-9.07,0.05,,13104,111,4781,531617,,,,,0.0003,0.233,127904.0
,138.0,-7.48,0.05,,13108,111,4783,531903,,,,,0.0003,1.14,127975.0
,131.0,-8.91,0.05,,13112,111,4785,532278,,,,,0.0003,0.119,128069.0
,138.0,-9.58,0.05,,13116,111,4790,533675,,,,,0.0003,0.67,128418.0
,131.0,-9.21,0.05,,13120,111,4793,534188,,,,,0.0003,0.228,128546.0
,122.0,-8.82,0.05,,13124,111,4795,534392,,,,,0.0003,1.55,128597.0
,123.0,-9.43,0.05,,13128,111,4797,534776,,,,,0.0003,0.667,128693.0
,125.0,-7.35,0.05,,13132,111,4800,535432,,,,,0.0003,0.509,128857.0
,120.0,-6.4,0.05,,13136,111,4802,535719,,,,,0.0003,0.00661,128929.0
,124.0,-6.14,0.05,,13140,111,4806,536749,,,,,0.0003,0.796,129187.0
,121.0,-6.71,0.05,,13144,111,4807,536865,,,,,0.0003,0.581,129216.0
,118.0,-6.68,0.05,,13148,111,4809,537049,,,,,0.0003,0.15,129262.0
,114.0,-9.34,0.05,,13152,111,4811,537279,,,,,0.0003,0.961,129319.0
,119.0,-8.79,0.05,,13156,111,4814,538232,,,,,0.0003,0.475,129557.0
,121.0,-4.91,0.05,,13160,111,4817,538643,,,,,0.0003,0.218,129660.0
,118.0,-5.18,0.05,,13164,111,4818,538839,,,,,0.0003,0.442,129709.0
,120.0,-5.2,0.05,,13168,111,4822,539735,0.0,2.0,0.0,,0.0003,0.931,129933.0
,118.0,-5.78,0.05,,13172,111,4824,540166,,,,,0.0003,0.878,130041.0
,123.0,-5.23,0.05,,13176,112,4828,540966,,,,,0.0003,0.00446,130241.0
,122.0,-5.82,0.05,,13180,112,4830,541425,,,,,0.0003,0.942,130356.0
,123.0,-5.83,0.05,,13184,112,4832,541718,,,,,0.0003,0.429,130429.0
,122.0,-5.22,0.05,,13188,112,4834,542052,,,,,0.0003,0.00436,130512.0
,127.0,-4.97,0.05,,13192,112,4838,542795,,,,,0.0003,0.471,130698.0
,133.0,-3.23,0.05,,13196,112,4842,543828,,,,,0.0003,0.133,130956.0
,133.0,-2.33,0.05,,13200,112,4845,544277,,,,,0.0003,0.424,131069.0
,132.0,-4.42,0.05,,13204,112,4847,544772,,,,,0.0003,0.245,131192.0
,132.0,-4.72,0.05,,13208,112,4849,545088,,,,,0.0003,0.648,131271.0
,136.0,-3.26,0.05,,13212,112,4853,545854,,,,,0.0003,0.0082,131463.0
,127.0,-2.57,0.05,,13216,112,4855,546378,,,,,0.0003,0.00328,131594.0
,130.0,-0.196,0.05,,13220,112,4859,547144,,,,,0.0003,0.00445,131785.0
,131.0,-0.505,0.05,,13224,112,4861,547445,,,,,0.0003,0.0157,131861.0
,135.0,0.0539,0.05,,13228,112,4864,548237,,,,,0.0003,0.00386,132059.0
,131.0,-1.41,0.05,,13232,112,4866,548559,,,,,0.0003,0.702,132139.0
,134.0,-2.64,0.05,,13236,112,4869,549076,,,,,0.0003,0.438,132268.0
,129.0,-3.49,0.05,,13240,112,4872,549635,1.0,0.0,0.0,,0.0003,0.422,132408.0
,136.0,-2.36,0.05,,13244,112,4875,550451,,,,,0.0003,0.309,132612.0
,138.0,-2.38,0.05,,13248,112,4878,550890,,,,,0.0003,0.215,132722.0
,142.0,-3.32,0.05,,13252,112,4881,551487,,,,,0.0003,0.207,132871.0
,138.0,-2.98,0.05,,13256,113,4883,552028,,,,,0.0003,0.0089,133006.0
,142.0,-6.92,0.05,,13260,113,4887,552868,,,,,0.0003,1.15,133216.0
,153.0,-7.33,0.05,,13264,113,4892,554120,,,,,0.0003,0.698,133529.0
,147.0,-6.37,0.05,,13268,113,4894,554401,,,,,0.0003,0.233,133600.0
,144.0,-6.94,0.05,,13272,113,4896,554582,,,,,0.0003,0.265,133645.0
,149.0,-8.19,0.05,,13276,113,4901,555823,,,,,0.0003,0.438,133955.0
,149.0,-9.09,0.05,,13280,113,4903,556312,,,,,0.0003,0.637,134077.0
,150.0,-6.1,0.05,,13284,113,4906,556766,,,,,0.0003,0.22,134191.0
,151.0,-7.01,0.05,,13288,113,4908,557198,,,,,0.0003,1.38,134299.0
,149.0,-7.59,0.05,,13292,113,4911,557718,,,,,0.0003,0.214,134429.0
,142.0,-9.02,0.05,,13296,113,4913,558078,,,,,0.0003,0.235,134519.0
,146.0,-8.46,0.05,,13300,113,4917,558860,,,,,0.0003,0.44,134714.0
,143.0,-8.73,0.05,,13304,113,4918,559029,,,,,0.0003,0.675,134757.0
,145.0,-9.35,0.05,,13308,113,4921,559613,1.0,1.0,1.0,,0.0003,0.0154,134903.0
,149.0,-10.9,0.05,,13312,113,4926,560792,,,,,0.0003,0.463,135197.0
,150.0,-12.1,0.05,,13316,113,4929,561407,,,,,0.0003,0.3,135351.0
,146.0,-14.5,0.05,,13320,113,4931,561720,,,,,0.0003,0.214,135429.0
,149.0,-13.9,0.05,,13324,113,4934,562375,,,,,0.0003,0.233,135593.0
,147.0,-14.2,0.05,,13328,114,4937,562967,,,,,0.0003,0.461,135741.0
,152.0,-13.9,0.05,,13332,114,4940,563789,,,,,0.0003,0.0105,135947.0
,153.0,-13.6,0.05,,13336,114,4943,564334,,,,,0.0003,0.0115,136083.0
,159.0,-13.1,0.05,,13340,114,4948,565576,,,,,0.0003,1.17,136393.0
,171.0,-14.7,0.05,,13344,114,4955,567525,3.0,1.0,3.0,,0.0003,0.231,136881.0
,196.0,-14.7,0.05,,13348,114,4966,570512,,,,,0.0003,0.0112,137627.0
,197.0,-13.2,0.05,,13352,114,4970,571236,,,,,0.0003,0.903,137808.0
,196.0,-14.7,0.05,,13356,114,4972,571657,,,,,0.0003,0.674,137914.0
,195.0,-14.3,0.05,,13360,115,4976,572351,,,,,0.0003,0.222,138087.0
,193.0,-15.5,0.05,,13364,115,4980,573447,,,,,0.0003,0.233,138361.0
,193.0,-15.8,0.05,,13368,115,4982,573709,,,,,0.0003,1.07,138427.0
,194.0,-14.6,0.05,,13372,115,4984,573990,,,,,0.0003,0.238,138497.0
,192.0,-13.4,0.05,,13376,115,4988,575010,,,,,0.0003,0.223,138752.0
,192.0,-12.8,0.05,,13380,115,4991,575557,,,,,0.0003,0.449,138889.0
,192.0,-15.8,0.05,,13384,115,4993,575981,,,,,0.0003,0.233,138995.0
,194.0,-14.9,0.05,,13388,115,4997,576625,,,,,0.0003,0.226,139156.0
,202.0,-13.5,0.05,,13392,115,5002,577953,,,,,0.0003,0.223,139488.0
,205.0,-12.3,0.05,,13396,115,5005,578574,0.0,0.0,0.0,,0.0003,1.17,139643.0
,218.0,-13.4,0.05,,13400,115,5012,580623,,,,,0.0003,0.00298,140155.0
,221.0,-11.3,0.05,,13404,115,5015,581091,,,,,0.0003,0.00451,140272.0
,217.0,-10.1,0.05,,13408,115,5016,581327,,,,,0.0003,0.687,140331.0
,215.0,-7.65,0.05,,13412,115,5021,582327,,,,,0.0003,1.25,140581.0
,219.0,-7.99,0.05,,13416,116,5025,583330,,,,,0.0003,0.233,140832.0
,226.0,-7.46,0.05,,13420,116,5029,584327,,,,,0.0003,0.21,141081.0
,225.0,-6.55,0.05,,13424,116,5031,584826,,,,,0.0003,0.233,141206.0
,232.0,-6.02,0.05,,13428,116,5036,586143,,,,,0.0003,0.944,141535.0
,231.0,-6.01,0.05,,13432,116,5040,586872,,,,,0.0003,0.319,141717.0
,231.0,-3.61,0.05,,13436,116,5043,587428,,,,,0.0003,0.438,141856.0
,225.0,-4.15,0.05,,13440,116,5046,588111,,,,,0.0003,0.237,142027.0
,211.0,-1.61,0.05,,13444,116,5049,588663,,,,,0.0003,0.478,142165.0
,190.0,0.404,0.05,,13448,116,5052,589469,,,,,0.0003,0.00415,142367.0
,184.0,0.158,0.05,,13452,116,5054,589657,,,,,0.0003,0.916,142414.0
,183.0,1.67,0.05,,13456,116,5056,589946,0.0,0.0,0.0,,0.0003,0.25,142486.0
,181.0,3.19,0.05,,13460,116,5059,590487,,,,,0.0003,0.469,142621.0
,173.0,3.57,0.05,,13464,116,5061,590758,,,,,0.0003,1.6,142689.0
,172.0,2.38,0.05,,13468,116,5062,590926,,,,,0.0003,0.215,142731.0
,176.0,1.44,0.05,,13472,116,5065,591540,,,,,0.0003,0.43,142884.0
,171.0,1.19,0.05,,13476,116,5068,592071,,,,,0.0003,0.971,143017.0
,173.0,0.273,0.05,,13480,116,5071,592824,,,,,0.0003,1.37,143205.0
,174.0,0.864,0.05,,13484,116,5074,593336,,,,,0.0003,0.474,143333.0
,169.0,-0.888,0.05,,13488,116,5075,593505,,,,,0.0003,0.239,143376.0
,161.0,-1.71,0.05,,13492,116,5078,594008,,,,,0.0003,0.695,143501.0
,161.0,-1.41,0.05,,13496,117,5081,594646,,,,,0.0003,0.211,143661.0
,148.0,-1.58,0.05,,13500,117,5084,595403,,,,,0.0003,0.217,143850.0
,148.0,-3.08,0.05,,13504,117,5087,595849,,,,,0.0003,0.00474,143962.0
,153.0,-3.73,0.05,,13508,117,5090,596615,,,,,0.0003,0.446,144153.0
,151.0,-7.31,0.05,,13512,117,5094,597401,,,,,0.0003,0.00816,144350.0
,149.0,-4.29,0.05,,13516,117,5097,598226,,,,,0.0003,0.22,144556.0
,141.0,-5.41,0.05,,13520,117,5099,598438,,,,,0.0003,0.00415,144609.0
,141.0,-6.91,0.05,,13524,117,5102,598942,,,,,0.0003,0.0134,144735.0
,133.0,-7.73,0.05,,13528,117,5104,599400,,,,,0.0003,0.239,144849.0
,127.0,-8.27,0.05,,13532,117,5106,599568,0.0,0.0,0.0,,0.0003,0.461,144891.0
,126.0,-11.0,0.05,,13536,117,5109,600068,,,,,0.0003,0.211,145016.0
,127.0,-11.3,0.05,,13540,117,5112,600767,,,,,0.0003,0.00256,145191.0
,125.0,-13.4,0.05,,13544,117,5114,601202,,,,,0.0003,0.00334,145300.0
,137.0,-13.2,0.05,,13548,117,5122,603143,,,,,0.0003,0.221,145785.0
,146.0,-10.3,0.05,,13552,117,5126,604261,,,,,0.0003,0.895,146065.0
,149.0,-9.69,0.05,,13556,117,5129,604855,,,,,0.0003,0.0103,146213.0
,149.0,-6.39,0.05,,13560,117,5132,605417,,,,,0.0003,0.219,146354.0
,154.0,-5.84,0.05,,13564,118,5136,606174,,,,,0.0003,0.681,146543.0
,160.0,-5.3,0.05,,13568,118,5139,606944,,,,,0.0003,0.464,146735.0
,164.0,-3.54,0.05,,13572,118,5143,607893,,,,,0.0003,0.00702,146973.0
,162.0,-1.42,0.05,,13576,118,5146,608321,,,,,0.0003,0.647,147080.0
,161.0,0.0896,0.05,,13580,118,5149,608928,,,,,0.0003,0.211,147231.0
,161.0,2.79,0.05,,13584,118,5151,609461,,,,,0.0003,0.873,147365.0
,161.0,2.19,0.05,,13588,118,5153,609644,0.0,0.0,0.0,,0.0003,0.00975,147410.0
,160.0,2.8,0.05,,13592,118,5155,610047,,,,,0.0003,0.462,147511.0
,157.0,1.33,0.05,,13596,118,5157,610319,,,,,0.0003,0.232,147579.0
,151.0,1.39,0.05,,13600,118,5159,610472,,,,,0.0003,0.657,147617.0
,148.0,0.815,0.05,,13604,118,5160,610697,,,,,0.0003,1.17,147674.0
,143.0,-0.326,0.05,,13608,118,5162,610872,,,,,0.0003,0.233,147717.0
,145.0,0.555,0.05,,13612,118,5166,611856,,,,,0.0003,0.235,147963.0
,139.0,-1.19,0.05,,13616,118,5168,612144,,,,,0.0003,0.238,148035.0
,143.0,0.574,0.05,,13620,118,5171,612695,,,,,0.0003,0.929,148173.0
,145.0,-0.0463,0.05,,13624,118,5174,613405,,,,,0.0003,1.16,148351.0
,147.0,1.43,0.05,,13628,118,5177,614145,,,,,0.0003,1.26,148536.0
,147.0,1.43,0.05,,13632,118,5179,614291,,,,,0.0003,0.677,148572.0
,148.0,1.72,0.05,,13636,118,5182,614900,,,,,0.0003,0.218,148724.0
,150.0,2.0,0.05,,13640,118,5186,615815,,,,,0.0003,0.204,148953.0
,152.0,4.68,0.05,,13644,118,5189,616432,,,,,0.0003,0.00281,149107.0
,139.0,2.11,0.05,,13648,118,5192,617063,,,,,0.0003,1.61,149265.0
,133.0,0.674,0.05,,13652,118,5194,617522,,,,,0.0003,0.207,149380.0
,135.0,0.0494,0.05,,13656,118,5198,618361,,,,,0.0003,0.231,149590.0
,144.0,-4.24,0.05,,13660,119,5204,619845,2.0,0.0,0.0,,0.0003,1.16,149961.0
,155.0,-3.15,0.05,,13664,119,5211,621625,,,,,0.0003,0.448,150406.0
,155.0,-3.15,0.05,,13668,119,5214,622408,,,,,0.0003,0.00242,150601.0
,151.0,-2.21,0.05,,13672,119,5217,622944,,,,,0.0003,0.932,150735.0
,153.0,-2.53,0.05,,13676,119,5220,623641,,,,,0.0003,0.00418,150910.0
,158.0,-1.68,0.05,,13680,119,5224,624715,,,,,0.0003,0.216,151178.0
,158.0,-5.28,0.05,,13684,119,5227,625216,,,,,0.0003,0.218,151303.0
,165.0,-3.25,0.05,,13688,119,5231,626095,,,,,0.0003,0.231,151523.0
,166.0,-2.06,0.05,,13692,119,5234,626643,,,,,0.0003,0.463,151660.0
,171.0,-0.912,0.05,,13696,119,5237,627435,,,,,0.0003,0.00365,151858.0
,175.0,-0.0518,0.05,,13700,119,5240,627990,,,,,0.0003,0.426,151997.0
,188.0,-0.476,0.05,,13704,119,5246,629458,,,,,0.0003,0.929,152364.0
,191.0,0.994,0.05,,13708,120,5248,629937,0.0,0.0,0.0,,0.0003,0.00269,152484.0
,192.0,0.0797,0.05,,13712,120,5253,631059,,,,,0.0003,0.217,152764.0
,195.0,-1.45,0.05,,13716,120,5256,631664,,,,,0.0003,0.208,152915.0
,196.0,-2.96,0.05,,13720,120,5259,632303,,,,,0.0003,0.208,153075.0
,199.0,-3.29,0.05,,13724,120,5263,633315,,,,,0.0003,0.197,153328.0
,199.0,-5.39,0.05,,13728,120,5266,634030,,,,,0.0003,0.00376,153507.0
,202.0,-3.02,0.05,,13732,120,5269,634466,,,,,0.0003,0.427,153616.0
,203.0,-3.33,0.05,,13736,120,5272,635230,,,,,0.0003,0.221,153807.0
,199.0,-2.39,0.05,,13740,120,5275,635699,,,,,0.0003,1.29,153924.0
,201.0,-4.51,0.05,,13744,120,5278,636521,,,,,0.0003,0.461,154130.0
,199.0,-2.99,0.05,,13748,120,5281,636987,,,,,0.0003,0.467,154246.0
,200.0,-2.1,0.05,,13752,120,5284,637496,,,,,0.0003,0.00468,154373.0
,205.0,-1.85,0.05,,13756,120,5289,638829,,,,,0.0003,0.00328,154707.0
,193.0,-2.63,0.05,,13760,120,5291,639158,1.0,0.0,1.0,,0.0003,0.446,154789.0
,187.0,1.03,0.05,,13764,120,5296,640299,,,,,0.0003,0.912,155074.0
,188.0,0.72,0.05,,13768,120,5300,641209,,,,,0.0003,0.444,155302.0
,192.0,-1.12,0.05,,13772,121,5304,642118,,,,,0.0003,0.00612,155529.0
,190.0,-0.796,0.05,,13776,121,5306,642601,,,,,0.0003,0.234,155650.0
,184.0,-2.84,0.05,,13780,121,5309,643162,,,,,0.0003,0.237,155790.0
,185.0,-3.45,0.05,,13784,121,5312,643685,,,,,0.0003,0.234,155921.0
,178.0,-4.88,0.05,,13788,121,5314,643910,,,,,0.0003,0.236,155977.0
,175.0,-6.35,0.05,,13792,121,5315,644137,,,,,0.0003,0.0228,156034.0
,184.0,-8.54,0.05,,13796,121,5322,645787,,,,,0.0003,0.294,156446.0
,187.0,-10.1,0.05,,13800,121,5326,646730,,,,,0.0003,0.612,156682.0
,175.0,-9.95,0.05,,13804,121,5327,646917,,,,,0.0003,0.439,156729.0
,173.0,-9.63,0.05,,13808,121,5329,647262,,,,,0.0003,0.446,156815.0
,166.0,-8.66,0.05,,13812,121,5332,647707,,,,,0.0003,0.446,156926.0
,167.0,-6.27,0.05,,13816,121,5335,648381,,,,,0.0003,0.0163,157095.0
,171.0,-6.31,0.05,,13820,121,5339,649373,,,,,0.0003,0.213,157343.0
,165.0,-5.05,0.05,,13824,121,5342,649788,0.0,0.0,0.0,,0.0003,0.232,157446.0
,160.0,-4.7,0.05,,13828,121,5344,650050,,,,,0.0003,1.6,157512.0
,172.0,-5.42,0.05,,13832,121,5349,651621,,,,,0.0003,0.673,157905.0
,171.0,-5.11,0.05,,13836,121,5353,652374,,,,,0.0003,0.00511,158093.0
,178.0,-3.68,0.05,,13840,121,5357,653493,,,,,0.0003,0.233,158373.0
,179.0,-3.69,0.05,,13844,122,5361,654417,,,,,0.0003,0.252,158604.0
,182.0,-4.62,0.05,,13848,122,5364,655161,,,,,0.0003,0.00468,158790.0
,193.0,-4.43,0.05,,13852,122,5370,656794,,,,,0.0003,0.219,159198.0
,184.0,-4.64,0.05,,13856,122,5373,657250,,,,,0.0003,1.17,159312.0
,186.0,-4.36,0.05,,13860,122,5375,657763,,,,,0.0003,0.00382,159440.0
,186.0,-7.96,0.05,,13864,122,5380,658894,,,,,0.0003,0.223,159723.0
,180.0,-8.5,0.05,,13868,122,5382,659240,0.0,0.0,0.0,,0.0003,0.443,159809.0
,180.0,-8.5,0.05,,13872,122,5386,660153,,,,,0.0003,0.231,160038.0
,178.0,-10.3,0.05,,13876,122,5388,660419,,,,,0.0003,0.214,160104.0
,178.0,-9.98,0.05,,13880,122,5391,660934,,,,,0.0003,0.462,160233.0
,180.0,-8.5,0.05,,13884,122,5394,661691,,,,,0.0003,0.427,160422.0
,185.0,-9.45,0.05,,13888,122,5397,662374,,,,,0.0003,1.39,160593.0
,192.0,-8.32,0.05,,13892,122,5401,663348,,,,,0.0003,0.227,160836.0
,183.0,-7.93,0.05,,13896,122,5404,664075,,,,,0.0003,0.221,161018.0
,181.0,-4.31,0.05,,13900,122,5407,664799,,,,,0.0003,0.214,161199.0
,191.0,-4.41,0.05,,13904,123,5412,666052,,,,,0.0003,0.00297,161512.0
,193.0,-4.13,0.05,,13908,123,5415,666592,,,,,0.0003,0.00536,161647.0
,193.0,-4.73,0.05,,13912,123,5417,667019,,,,,0.0003,0.22,161754.0
,192.0,-5.32,0.05,,13916,123,5420,667593,,,,,0.0003,0.00264,161898.0
,192.0,-3.82,0.05,,13920,123,5424,668528,,,,,0.0003,0.0021,162131.0
,192.0,-2.32,0.05,,13924,123,5427,669002,,,,,0.0003,0.699,162250.0
,195.0,-1.45,0.05,,13928,123,5430,669560,0.0,1.0,0.0,,0.0003,0.245,162389.0
,184.0,-1.64,0.05,,13932,123,5432,670067,,,,,0.0003,0.432,162516.0
,182.0,-2.22,0.05,,13936,123,5435,670538,,,,,0.0003,0.216,162634.0
,177.0,-4.27,0.05,,13940,123,5438,671145,,,,,0.0003,0.00402,162786.0
,174.0,-3.94,0.05,,13944,123,5441,671863,,,,,0.0003,0.00348,162965.0
,174.0,-2.44,0.05,,13948,123,5444,672597,,,,,0.0003,0.438,163149.0
,167.0,-4.77,0.05,,13952,123,5448,673485,,,,,0.0003,0.677,163371.0
,173.0,-6.33,0.05,,13956,123,5452,674514,,,,,0.0003,0.00592,163628.0
,173.0,-3.33,0.05,,13960,123,5455,675033,,,,,0.0003,1.38,163758.0
,167.0,-5.07,0.05,,13964,123,5458,675583,,,,,0.0003,1.83,163895.0
,170.0,-4.2,0.05,,13968,123,5461,676265,,,,,0.0003,0.237,164066.0
,168.0,-0.881,0.05,,13972,123,5464,676964,,,,,0.0003,1.18,164240.0
,171.0,-1.21,0.05,,13976,123,5467,677530,,,,,0.0003,0.232,164382.0
,178.0,0.82,0.05,,13980,124,5472,678732,,,,,0.0003,0.466,164682.0
,175.0,2.65,0.05,,13984,124,5474,679191,0.0,0.0,0.0,,0.0003,0.232,164797.0
,180.0,4.4,0.05,,13988,124,5479,680413,,,,,0.0003,0.431,165103.0
,188.0,2.82,0.05,,13992,124,5486,682187,,,,,0.0003,0.265,165546.0
,185.0,3.45,0.05,,13996,124,5488,682612,,,,,0.0003,0.207,165652.0
,186.0,1.04,0.05,,14000,124,5492,683414,,,,,0.0003,0.00365,165853.0
,191.0,3.39,0.05,,14004,124,5499,685126,,,,,0.0003,0.216,166281.0
,191.0,2.49,0.05,,14008,124,5501,685680,,,,,0.0003,0.00364,166419.0
,191.0,2.19,0.05,,14012,124,5504,686134,,,,,0.0003,0.00849,166533.0
,188.0,0.422,0.05,,14016,124,5506,686376,,,,,0.0003,0.862,166593.0
,182.0,-1.32,0.05,,14020,124,5508,686743,,,,,0.0003,0.191,166685.0
,183.0,-0.733,0.05,,14024,124,5511,687332,,,,,0.0003,1.16,166832.0
,180.0,-1.6,0.05,,14028,124,5513,687600,,,,,0.0003,0.00345,166899.0
,180.0,-2.2,0.05,,14032,124,5515,688110,,,,,0.0003,0.699,167027.0
,181.0,-0.109,0.05,,14036,124,5518,688633,,,,,0.0003,0.00495,167158.0
,187.0,-1.07,0.05,,14040,124,5523,689854,2.0,0.0,1.0,,0.0003,1.16,167463.0
,188.0,-0.183,0.05,,14044,124,5526,690698,,,,,0.0003,0.00395,167674.0
,190.0,-0.801,0.05,,14048,125,5530,691607,,,,,0.0003,0.205,167901.0
,193.0,0.375,0.05,,14052,125,5535,692739,,,,,0.0003,0.46,168184.0
,188.0,3.42,0.05,,14056,125,5538,693308,,,,,0.0003,0.231,168326.0
,187.0,1.33,0.05,,14060,125,5540,693733,,,,,0.0003,0.447,168433.0
,188.0,1.92,0.05,,14064,125,5543,694345,,,,,0.0003,0.452,168586.0
,194.0,2.76,0.05,,14068,125,5548,695624,,,,,0.0003,0.419,168905.0
,203.0,-0.926,0.05,,14072,125,5554,697229,,,,,0.0003,0.702,169307.0
,204.0,2.66,0.05,,14076,125,5557,697895,,,,,0.0003,0.232,169473.0
,196.0,0.642,0.05,,14080,125,5560,698311,,,,,0.0003,0.424,169577.0
,203.0,1.17,0.05,,14084,125,5564,699509,1.0,1.0,3.0,,0.0003,0.229,169877.0
,200.0,3.0,0.05,,14088,125,5568,700453,,,,,0.0003,0.641,170113.0
,187.0,3.73,0.05,,14092,125,5571,700914,,,,,0.0003,0.694,170228.0
,193.0,3.37,0.05,,14096,125,5575,701950,,,,,0.0003,0.235,170487.0
,189.0,2.51,0.05,,14100,125,5578,702363,,,,,0.0003,0.572,170590.0
,179.0,-0.0893,0.05,,14104,125,5581,703019,,,,,0.0003,0.208,170754.0
,175.0,-1.25,0.05,,14108,125,5582,703194,,,,,0.0003,0.00465,170798.0
,179.0,-1.89,0.05,,14112,126,5586,704028,,,,,0.0003,0.00741,171006.0
,182.0,-0.421,0.05,,14116,126,5589,704588,,,,,0.0003,0.437,171146.0
,185.0,0.754,0.05,,14120,126,5592,705202,,,,,0.0003,0.23,171300.0
,192.0,-1.42,0.05,,14124,126,5597,706496,,,,,0.0003,0.642,171623.0
,199.0,-1.19,0.05,,14128,126,5601,707513,,,,,0.0003,0.00448,171878.0
,200.0,0.302,0.05,,14132,126,5604,708088,,,,,0.0003,0.462,172021.0
,198.0,-0.283,0.05,,14136,126,5606,708467,,,,,0.0003,0.421,172116.0
,199.0,0.91,0.05,,14140,126,5611,709753,0.0,0.0,0.0,,0.0003,0.437,172438.0
,201.0,0.588,0.05,,14144,126,5616,710817,,,,,0.0003,0.413,172704.0
,201.0,-0.309,0.05,,14148,126,5620,711699,,,,,0.0003,0.226,172924.0
,200.0,-2.7,0.05,,14152,126,5624,712703,,,,,0.0003,0.636,173175.0
,202.0,-4.52,0.05,,14156,126,5628,713535,,,,,0.0003,1.15,173383.0
,210.0,-4.3,0.05,,14160,126,5632,714746,,,,,0.0003,0.444,173686.0
,209.0,-3.39,0.05,,14164,126,5635,715249,,,,,0.0003,0.00372,173812.0
,206.0,-4.86,0.05,,14168,126,5639,716205,,,,,0.0003,0.00291,174051.0
,200.0,-6.3,0.05,,14172,127,5643,717179,,,,,0.0003,0.464,174294.0
,203.0,-7.83,0.05,,14176,127,5647,718217,,,,,0.0003,0.438,174554.0
,208.0,-7.88,0.05,,14180,127,5651,719152,,,,,0.0003,0.703,174787.0
,203.0,-10.2,0.05,,14184,127,5655,719840,0.0,0.0,0.0,,0.0003,0.441,174959.0
,196.0,-12.9,0.05,,14188,127,5657,720056,,,,,0.0003,0.233,175013.0
,197.0,-13.5,0.05,,14192,127,5659,720654,,,,,0.0003,0.668,175163.0
,192.0,-11.9,0.05,,14196,127,5662,721136,,,,,0.0003,0.447,175283.0
,194.0,-11.0,0.05,,14200,127,5665,721743,,,,,0.0003,0.00225,175435.0
,192.0,-8.62,0.05,,14204,127,5667,722176,,,,,0.0003,0.231,175543.0
,198.0,-7.78,0.05,,14208,127,5671,723023,,,,,0.0003,0.00396,175755.0
,198.0,-6.88,0.05,,14212,127,5675,723869,,,,,0.0003,0.00195,175967.0
,210.0,-7.9,0.05,,14216,127,5681,725568,,,,,0.0003,0.00471,176391.0
,210.0,-8.2,0.05,,14220,127,5684,726162,,,,,0.0003,0.46,176540.0
,208.0,-8.48,0.05,,14224,127,5689,727275,,,,,0.0003,0.00332,176818.0
,201.0,-9.01,0.05,,14228,127,5691,727617,,,,,0.0003,0.213,176904.0
,207.0,-9.97,0.05,,14232,127,5695,728747,,,,,0.0003,0.916,177186.0
,208.0,-10.9,0.05,,14236,127,5698,729228,,,,,0.0003,0.21,177306.0
,200.0,-11.1,0.05,,14240,128,5700,729749,0.0,1.0,0.0,,0.0003,0.901,177437.0
,196.0,-10.5,0.05,,14244,128,5704,730408,,,,,0.0003,0.231,177601.0
,192.0,-10.7,0.05,,14248,128,5706,730862,,,,,0.0003,0.212,177715.0
,185.0,-10.1,0.05,,14252,128,5708,731250,,,,,0.0003,0.418,177812.0
,182.0,-10.3,0.05,,14256,128,5711,731738,,,,,0.0003,0.232,177934.0
,181.0,-9.41,0.05,,14260,128,5715,732808,,,,,0.0003,0.844,178201.0
,182.0,-10.3,0.05,,14264,128,5718,733485,,,,,0.0003,0.313,178371.0
,176.0,-9.06,0.05,,14268,128,5720,733833,,,,,0.0003,1.41,178458.0
,172.0,-8.72,0.05,,14272,128,5723,734374,,,,,0.0003,0.00596,178593.0
,173.0,-9.03,0.05,,14276,128,5728,735502,,,,,0.0003,1.38,178875.0
,168.0,-8.98,0.05,,14280,128,5730,735956,,,,,0.0003,0.936,178988.0
,167.0,-8.67,0.05,,14284,128,5733,736513,,,,,0.0003,0.21,179128.0
,169.0,-8.39,0.05,,14288,128,5735,736960,,,,,0.0003,0.647,179239.0
,176.0,-8.46,0.05,,14292,128,5740,738207,,,,,0.0003,0.236,179551.0
,175.0,-9.95,0.05,,14296,128,5743,738684,,,,,0.0003,0.645,179670.0
,174.0,-8.74,0.05,,14300,128,5745,739158,,,,,0.0003,0.412,179789.0
,177.0,-9.07,0.05,,14304,128,5749,739859,0.0,0.0,0.0,,0.0003,0.241,179964.0
,177.0,-7.87,0.05,,14308,128,5752,740768,,,,,0.0003,0.209,180191.0
,172.0,-8.12,0.05,,14312,128,5755,741105,,,,,0.0003,1.1,180276.0
,163.0,-7.73,0.05,,14316,128,5758,741874,,,,,0.0003,0.212,180468.0
,162.0,-6.22,0.05,,14320,128,5761,742400,,,,,0.0003,0.209,180599.0
,159.0,-4.99,0.05,,14324,128,5764,743193,,,,,0.0003,0.706,180798.0
,162.0,-5.32,0.05,,14328,128,5767,743767,,,,,0.0003,0.707,180941.0
,155.0,-5.55,0.05,,14332,128,5769,744216,,,,,0.0003,0.93,181053.0
,155.0,-4.65,0.05,,14336,129,5772,744695,,,,,0.0003,0.00216,181173.0
,165.0,-3.55,0.05,,14340,129,5778,746201,,,,,0.0003,0.014,181550.0
,173.0,-5.43,0.05,,14344,129,5784,747741,,,,,0.0003,0.231,181935.0
,173.0,-5.43,0.05,,14348,129,5787,748136,,,,,0.0003,0.00252,182033.0
,173.0,-3.93,0.05,,14352,129,5789,748577,,,,,0.0003,0.443,182144.0
,173.0,-3.03,0.05,,14356,129,5792,749065,0.0,0.0,2.0,,0.0003,0.00465,182266.0
,175.0,-3.35,0.05,,14360,129,5797,750314,,,,,0.0003,0.23,182578.0
,173.0,-4.23,0.05,,14364,129,5800,750801,,,,,0.0003,0.00664,182700.0
,179.0,-2.79,0.05,,14368,129,5804,751768,,,,,0.0003,0.21,182941.0
,180.0,-0.401,0.05,,14372,129,5807,752384,,,,,0.0003,0.233,183095.0
,173.0,-2.73,0.05,,14376,129,5810,752828,,,,,0.0003,0.666,183206.0
,173.0,-1.53,0.05,,14380,129,5812,753277,,,,,0.0003,1.45,183319.0
,171.0,-2.71,0.05,,14384,129,5814,753651,,,,,0.0003,0.236,183412.0
,171.0,-3.01,0.05,,14388,129,5816,754068,,,,,0.0003,0.214,183516.0
,161.0,-2.31,0.05,,14392,129,5818,754308,,,,,0.0003,0.932,183576.0
,159.0,-2.29,0.05,,14396,129,5820,754558,,,,,0.0003,0.23,183639.0
,162.0,-2.32,0.05,,14400,129,5824,755340,,,,,0.0003,0.00537,183834.0
,164.0,-3.24,0.05,,14404,129,5828,756275,,,,,0.0003,0.438,184068.0
,162.0,-5.32,0.05,,14408,129,5831,757003,,,,,0.0003,1.84,184250.0
,169.0,-5.69,0.05,,14412,129,5836,758041,,,,,0.0003,0.234,184510.0
,173.0,-5.43,0.05,,14416,129,5841,759218,,,,,0.0003,0.214,184804.0
,173.0,-6.93,0.05,,14420,129,5843,759675,0.0,0.0,0.0,,0.0003,0.441,184918.0
,173.0,-7.83,0.05,,14424,130,5847,760529,,,,,0.0003,0.426,185132.0
,177.0,-7.87,0.05,,14428,130,5851,761432,,,,,0.0003,0.588,185357.0
,179.0,-8.79,0.05,,14432,130,5854,762133,,,,,0.0003,1.27,185533.0
,188.0,-9.48,0.05,,14436,130,5859,763459,,,,,0.0003,0.00537,185864.0
,190.0,-8.6,0.05,,14440,130,5866,765221,,,,,0.0003,0.206,186305.0
,183.0,-7.33,0.05,,14444,130,5870,766047,,,,,0.0003,0.425,186511.0
,182.0,-7.32,0.05,,14448,130,5872,766334,,,,,0.0003,0.416,186583.0
,191.0,-8.31,0.05,,14452,130,5877,767678,,,,,0.0003,0.00971,186919.0
,194.0,-8.64,0.05,,14456,130,5880,768450,,,,,0.0003,0.433,187112.0
,189.0,-9.79,0.05,,14460,130,5883,769175,,,,,0.0003,0.462,187293.0
,189.0,-8.29,0.05,,14464,130,5886,769720,0.0,0.0,0.0,,0.0003,0.00215,187429.0
,184.0,-11.2,0.05,,14468,130,5889,770186,,,,,0.0003,0.235,187546.0
,182.0,-11.5,0.05,,14472,130,5891,770607,,,,,0.0003,0.212,187651.0
,189.0,-8.89,0.05,,14476,130,5896,771752,,,,,0.0003,0.225,187937.0
,190.0,-9.8,0.05,,14480,130,5898,772300,,,,,0.0003,0.936,188074.0
,206.0,-10.3,0.05,,14484,131,5905,774221,,,,,0.0003,0.00378,188555.0
,204.0,-9.94,0.05,,14488,131,5907,774428,,,,,0.0003,0.937,188606.0
,209.0,-9.39,0.05,,14492,131,5911,775198,,,,,0.0003,0.00318,188799.0
,217.0,-7.97,0.05,,14496,131,5915,776268,,,,,0.0003,0.23,189066.0
,213.0,-7.63,0.05,,14500,131,5917,776671,,,,,0.0003,0.209,189167.0
,214.0,-8.54,0.05,,14504,131,5921,777658,,,,,0.0003,0.705,189414.0
,217.0,-6.77,0.05,,14508,131,5926,778744,,,,,0.0003,0.00413,189685.0
,211.0,-6.41,0.05,,14512,131,5928,779137,,,,,0.0003,0.462,189784.0
,205.0,-6.95,0.05,,14516,131,5931,779750,0.0,0.0,0.0,,0.0003,0.651,189937.0
,215.0,-7.35,0.05,,14520,131,5937,781164,,,,,0.0003,0.235,190290.0
,211.0,-7.91,0.05,,14524,131,5939,781585,,,,,0.0003,0.00908,190396.0
,208.0,-7.88,0.05,,14528,131,5942,782195,,,,,0.0003,0.232,190548.0
,215.0,-7.05,0.05,,14532,131,5948,783671,,,,,0.0003,0.0102,190917.0
,206.0,-7.56,0.05,,14536,131,5950,784013,,,,,0.0003,0.00496,191003.0
,203.0,-9.93,0.05,,14540,131,5955,785524,,,,,0.0003,0.229,191380.0
,204.0,-10.5,0.05,,14544,131,5959,786455,,,,,0.0003,0.207,191613.0
,210.0,-9.7,0.05,,14548,132,5963,787327,,,,,0.0003,0.00486,191831.0
,199.0,-10.2,0.05,,14552,132,5964,787567,,,,,0.0003,0.67,191891.0
,195.0,-11.1,0.05,,14556,132,5967,787959,,,,,0.0003,0.00217,191989.0
,193.0,-11.3,0.05,,14560,132,5969,788462,,,,,0.0003,0.00294,192115.0
,191.0,-11.9,0.05,,14564,132,5971,788779,,,,,0.0003,0.212,192194.0
,191.0,-10.1,0.05,,14568,132,5974,789264,0.0,0.0,2.0,,0.0003,1.39,192315.0
,196.0,-8.66,0.05,,14572,132,5978,790216,,,,,0.0003,0.413,192553.0
,188.0,-10.4,0.05,,14576,132,5980,790522,,,,,0.0003,0.205,192630.0
,196.0,-9.86,0.05,,14580,132,5985,791867,,,,,0.0003,0.21,192966.0
,185.0,-6.45,0.05,,14584,132,5989,792765,,,,,0.0003,0.00286,193191.0
,188.0,-6.78,0.05,,14588,132,5992,793183,,,,,0.0003,0.639,193295.0
,189.0,-8.29,0.05,,14592,132,5996,794086,,,,,0.0003,0.237,193521.0
,195.0,-5.65,0.05,,14596,132,6002,795766,,,,,0.0003,0.193,193941.0
,211.0,-7.61,0.05,,14600,132,6009,797766,,,,,0.0003,0.232,194441.0
,209.0,-5.49,0.05,,14604,132,6013,798536,,,,,0.0003,0.231,194633.0
,202.0,-5.42,0.05,,14608,132,6015,798966,2.0,0.0,0.0,,0.0003,0.459,194741.0
,214.0,-3.44,0.05,,14612,132,6021,800566,,,,,0.0003,0.229,195141.0
,216.0,-4.36,0.05,,14616,133,6024,801343,,,,,0.0003,0.231,195335.0
,211.0,-3.71,0.05,,14620,133,6028,802240,,,,,0.0003,0.227,195559.0
,211.0,-3.41,0.05,,14624,133,6031,802712,,,,,0.0003,1.4,195677.0
,218.0,-1.08,0.05,,14628,133,6036,803980,,,,,0.0003,0.673,195994.0
,208.0,-0.684,0.05,,14632,133,6039,804506,,,,,0.0003,0.00283,196126.0
,212.0,0.476,0.05,,14636,133,6042,805256,,,,,0.0003,0.00428,196313.0
,206.0,2.34,0.05,,14640,133,6046,806164,,,,,0.0003,0.233,196540.0
,203.0,2.67,0.05,,14644,133,6049,806755,,,,,0.0003,0.672,196688.0
,200.0,2.4,0.05,,14648,133,6052,807329,,,,,0.0003,0.0049,196832.0
,206.0,4.74,0.05,,14652,133,6055,808172,,,,,0.0003,0.428,197042.0
,213.0,6.47,0.05,,14656,133,6060,809284,0.0,0.0,0.0,,0.0003,0.214,197320.0
,215.0,5.25,0.05,,14660,133,6063,810009,,,,,0.0003,0.209,197502.0
,217.0,5.83,0.05,,14664,133,6066,810434,,,,,0.0003,0.651,197608.0
,214.0,3.76,0.05,,14668,133,6067,810684,,,,,0.0003,0.233,197670.0
,211.0,1.09,0.05,,14672,133,6070,811273,,,,,0.0003,0.856,197818.0
,213.0,0.769,0.05,,14676,133,6073,811829,,,,,0.0003,0.416,197957.0
,207.0,0.527,0.05,,14680,133,6076,812596,,,,,0.0003,0.0022,198148.0
,203.0,-1.23,0.05,,14684,133,6079,813079,,,,,0.0003,0.402,198269.0
,207.0,-0.365,0.05,,14688,133,6082,813836,,,,,0.0003,0.416,198458.0
,204.0,1.16,0.05,,14692,133,6086,814478,,,,,0.0003,0.426,198619.0
,193.0,-1.73,0.05,,14696,133,6089,815095,,,,,0.0003,0.0269,198773.0
,178.0,-1.28,0.05,,14700,133,6091,815537,,,,,0.0003,0.929,198884.0
,174.0,-2.74,0.05,,14704,133,6094,815974,,,,,0.0003,0.421,198993.0
,173.0,-3.93,0.05,,14708,133,6096,816264,,,,,0.0003,0.004,199065.0
,159.0,-5.89,0.05,,14712,133,6097,816499,,,,,0.0003,0.00245,199124.0
,155.0,-3.75,0.05,,14716,133,6099,816874,,,,,0.0003,0.0269,199218.0
,159.0,-3.79,0.05,,14720,134,6104,818128,,,,,0.0003,0.00256,199531.0
,160.0,-4.1,0.05,,14724,134,6107,818667,,,,,0.0003,0.012,199666.0
,153.0,-5.23,0.05,,14728,134,6110,819268,1.0,2.0,1.0,,0.0003,0.697,199816.0
,159.0,-3.49,0.05,,14732,134,6115,820452,,,,,0.0003,0.0165,200112.0
,166.0,-2.96,0.05,,14736,134,6120,821812,,,,,0.0003,0.00556,200452.0
,161.0,-1.71,0.05,,14740,134,6123,822273,,,,,0.0003,0.208,200568.0
,158.0,-2.88,0.05,,14744,134,6125,822604,,,,,0.0003,0.233,200650.0
,159.0,-1.69,0.05,,14748,134,6128,823249,,,,,0.0003,0.401,200812.0
,160.0,-3.2,0.05,,14752,134,6132,824150,,,,,0.0003,0.231,201037.0
,150.0,-4.3,0.05,,14756,134,6133,824284,,,,,0.0003,1.41,201070.0
,147.0,0.229,0.05,,14760,134,6135,824715,,,,,0.0003,0.00398,201178.0
,157.0,1.33,0.05,,14764,134,6141,826137,,,,,0.0003,0.215,201534.0
,163.0,2.17,0.05,,14768,134,6145,826986,,,,,0.0003,0.232,201746.0
,165.0,2.75,0.05,,14772,134,6148,827805,,,,,0.0003,0.00357,201951.0
,171.0,2.69,0.05,,14776,134,6152,828919,,,,,0.0003,0.00269,202229.0
,169.0,2.71,0.05,,14780,134,6155,829492,,,,,0.0003,0.34,202372.0
,168.0,2.72,0.05,,14784,134,6158,829875,0.0,0.0,0.0,,0.0003,0.659,202468.0
,163.0,3.97,0.05,,14788,134,6159,830142,,,,,0.0003,1.39,202535.0
,164.0,4.56,0.05,,14792,134,6163,830857,,,,,0.0003,0.662,202714.0
,164.0,4.86,0.05,,14796,134,6166,831448,,,,,0.0003,0.00906,202861.0
,165.0,5.15,0.05,,14800,134,6169,832073,,,,,0.0003,0.903,203018.0
,164.0,6.06,0.05,,14804,134,6170,832376,,,,,0.0003,0.239,203093.0
,166.0,5.14,0.05,,14808,134,6173,832892,,,,,0.0003,0.665,203222.0
,178.0,5.62,0.05,,14812,135,6178,834262,,,,,0.0003,0.414,203565.0
,178.0,4.72,0.05,,14816,135,6181,834686,,,,,0.0003,0.00197,203671.0
,175.0,4.15,0.05,,14820,135,6185,835661,,,,,0.0003,0.202,203915.0
,180.0,5.6,0.05,,14824,135,6189,836620,,,,,0.0003,0.406,204154.0
,183.0,5.87,0.05,,14828,135,6193,837581,,,,,0.0003,0.00303,204395.0
,184.0,2.56,0.05,,14832,135,6198,838882,,,,,0.0003,0.573,204720.0
,177.0,5.33,0.05,,14836,135,6201,839551,,,,,0.0003,0.198,204887.0
,175.0,3.55,0.05,,14840,135,6203,839766,,,,,0.0003,1.17,204941.0
,173.0,3.57,0.05,,14844,135,6204,839910,0.0,1.0,0.0,,0.0003,0.36,204977.0
,176.0,4.74,0.05,,14848,135,6208,840834,,,,,0.0003,0.208,205208.0
,172.0,4.48,0.05,,14852,135,6211,841397,,,,,0.0003,0.459,205349.0
,182.0,3.48,0.05,,14856,135,6215,842505,,,,,0.0003,0.894,205626.0
,182.0,-0.424,0.05,,14860,135,6218,842959,,,,,0.0003,0.434,205739.0
,175.0,2.95,0.05,,14864,135,6221,843680,,,,,0.0003,0.231,205919.0
,175.0,3.25,0.05,,14868,135,6225,844484,,,,,0.0003,0.611,206120.0
,178.0,4.72,0.05,,14872,135,6230,845637,,,,,0.0003,0.231,206409.0
,176.0,5.34,0.05,,14876,135,6234,846519,,,,,0.0003,0.684,206629.0
,179.0,5.01,0.05,,14880,135,6237,847427,,,,,0.0003,0.234,206856.0
,188.0,5.52,0.05,,14884,135,6243,848694,,,,,0.0003,0.892,207173.0
,193.0,3.67,0.05,,14888,135,6246,849405,0.0,0.0,0.0,,0.0003,0.211,207351.0
,193.0,2.77,0.05,,14892,136,6249,850121,,,,,0.0003,1.15,207530.0
,196.0,1.54,0.05,,14896,136,6253,851021,,,,,0.0003,0.00494,207755.0
,195.0,1.55,0.05,,14900,136,6256,851577,,,,,0.0003,0.936,207894.0
,201.0,3.29,0.05,,14904,136,6260,852478,,,,,0.0003,0.0034,208119.0
,207.0,5.33,0.05,,14908,136,6265,853603,,,,,0.0003,0.00357,208400.0
,201.0,5.99,0.05,,14912,136,6268,854353,,,,,0.0003,0.0022,208588.0
,203.0,5.37,0.05,,14916,136,6271,854954,,,,,0.0003,0.233,208738.0
,209.0,5.31,0.05,,14920,136,6277,856539,,,,,0.0003,0.0124,209134.0
,204.0,4.76,0.05,,14924,136,6279,857001,,,,,0.0003,0.228,209250.0
,208.0,5.02,0.05,,14928,136,6285,858360,,,,,0.0003,1.18,209589.0
,198.0,6.92,0.05,,14932,136,6287,858643,,,,,0.0003,0.00578,209660.0
,204.0,2.06,0.05,,14936,136,6292,859988,0.0,0.0,1.0,,0.0003,0.00741,209996.0
,210.0,2.0,0.05,,14940,136,6295,860749,,,,,0.0003,0.00222,210187.0
,217.0,2.53,0.05,,14944,136,6299,861621,,,,,0.0003,0.446,210405.0
,215.0,0.75,0.05,,14948,136,6302,862330,,,,,0.0003,0.403,210582.0
,217.0,2.23,0.05,,14952,136,6306,863105,,,,,0.0003,0.00248,210776.0
,222.0,6.38,0.05,,14956,136,6312,864728,,,,,0.0003,0.23,211181.0
,230.0,9.0,0.05,,14960,137,6317,865984,,,,,0.0003,0.904,211495.0
,230.0,6.0,0.05,,14964,137,6320,866696,,,,,0.0003,0.438,211673.0
,229.0,6.91,0.05,,14968,137,6323,867370,,,,,0.0003,0.205,211842.0
,229.0,5.41,0.05,,14972,137,6328,868547,,,,,0.0003,0.642,212136.0
,230.0,6.3,0.05,,14976,137,6332,869503,1.0,0.0,1.0,,0.0003,0.00744,212375.0
,230.0,9.6,0.05,,14980,137,6336,870425,,,,,0.0003,0.228,212606.0
,225.0,7.85,0.05,,14984,137,6339,871188,,,,,0.0003,0.0211,212796.0
,222.0,8.18,0.05,,14988,137,6341,871576,,,,,0.0003,0.208,212893.0
,223.0,7.87,0.05,,14992,137,6345,872393,,,,,0.0003,0.0152,213098.0
,220.0,8.2,0.05,,14996,137,6348,872973,,,,,0.0003,0.458,213243.0
,218.0,7.62,0.05,,15000,137,6350,873327,,,,,0.0003,0.23,213331.0
,223.0,6.97,0.05,,15004,137,6355,874750,,,,,0.0003,1.86,213687.0
,221.0,6.69,0.05,,15008,137,6359,875688,,,,,0.0003,0.00733,213921.0
,221.0,5.79,0.05,,15012,137,6363,876484,,,,,0.0003,0.00204,214120.0
,227.0,7.83,0.05,,15016,137,6368,877632,,,,,0.0003,0.464,214407.0
,218.0,10.6,0.05,,15020,137,6371,878314,,,,,0.0003,0.451,214578.0
,227.0,10.8,0.05,,15024,137,6377,879732,0.0,0.0,0.0,,0.0003,0.00433,214932.0
,225.0,10.3,0.05,,15028,138,6382,880854,,,,,0.0003,0.457,215213.0
,233.0,9.57,0.05,,15032,138,6387,881966,,,,,0.0003,1.17,215491.0
,234.0,10.8,0.05,,15036,138,6392,883381,,,,,0.0003,0.00223,215845.0
,235.0,11.1,0.05,,15040,138,6396,884234,,,,,0.0003,0.192,216058.0
,231.0,11.1,0.05,,15044,138,6398,884766,,,,,0.0003,0.664,216191.0
,229.0,11.7,0.05,,15048,138,6401,885181,,,,,0.0003,0.226,216295.0
,227.0,9.63,0.05,,15052,138,6404,885786,,,,,0.0003,0.00668,216446.0
,215.0,7.95,0.05,,15056,138,6406,886265,,,,,0.0003,0.938,216566.0
,206.0,4.74,0.05,,15060,138,6408,886610,,,,,0.0003,0.232,216652.0
,205.0,2.65,0.05,,15064,138,6411,887207,,,,,0.0003,0.209,216801.0
,201.0,1.19,0.05,,15068,138,6413,887509,,,,,0.0003,0.231,216877.0
,197.0,-1.47,0.05,,15072,138,6416,888213,,,,,0.0003,0.879,217053.0
,193.0,-2.93,0.05,,15076,138,6419,888777,,,,,0.0003,0.00243,217194.0
,186.0,-6.46,0.05,,15080,138,6421,888977,,,,,0.0003,1.63,217244.0
,183.0,-5.83,0.05,,15084,138,6423,889501,,,,,0.0003,0.0346,217375.0
,182.0,-4.92,0.05,,15088,138,6425,889726,0.0,0.0,0.0,,0.0003,0.437,217431.0
,178.0,-3.98,0.05,,15092,138,6427,890171,,,,,0.0003,0.441,217542.0
,188.0,-2.58,0.05,,15096,138,6434,891747,,,,,0.0003,0.697,217936.0
,187.0,-2.27,0.05,,15100,138,6436,892034,,,,,0.0003,0.421,218008.0
,181.0,-3.41,0.05,,15104,138,6439,892811,,,,,0.0003,0.453,218202.0
,177.0,-5.17,0.05,,15108,138,6442,893365,,,,,0.0003,0.41,218341.0
,173.0,-4.83,0.05,,15112,138,6444,893772,,,,,0.0003,1.46,218442.0
,164.0,-7.44,0.05,,15116,138,6446,894031,,,,,0.0003,1.14,218507.0
,160.0,-10.1,0.05,,15120,138,6448,894293,,,,,0.0003,0.462,218573.0
,150.0,-10.0,0.05,,15124,138,6451,894778,,,,,0.0003,0.698,218694.0
,147.0,-10.3,0.05,,15128,138,6454,895570,,,,,0.0003,0.219,218892.0
,143.0,-9.93,0.05,,15132,138,6458,896294,,,,,0.0003,0.458,219073.0
,139.0,-8.69,0.05,,15136,138,6462,897263,,,,,0.0003,0.234,219315.0
,149.0,-9.69,0.05,,15140,138,6468,899123,,,,,0.0003,0.417,219780.0
,150.0,-8.2,0.05,,15144,139,6471,899743,1.0,0.0,0.0,,0.0003,0.935,219935.0
,152.0,-7.92,0.05,,15148,139,6474,900368,,,,,0.0003,0.229,220091.0
,153.0,-4.93,0.05,,15152,139,6478,901062,,,,,0.0003,0.434,220265.0
,159.0,-4.69,0.05,,15156,139,6482,902162,,,,,0.0003,0.821,220540.0
,161.0,-2.91,0.05,,15160,139,6485,902675,,,,,0.0003,0.239,220668.0
,161.0,-3.21,0.05,,15164,139,6488,903337,,,,,0.0003,0.00275,220834.0
,163.0,-0.831,0.05,,15168,139,6490,903820,,,,,0.0003,0.00222,220954.0
,164.0,1.26,0.05,,15172,139,6494,904612,,,,,0.0003,0.00259,221152.0
,165.0,0.646,0.05,,15176,139,6497,905318,,,,,0.0003,0.648,221329.0
,172.0,1.18,0.05,,15180,139,6500,906140,,,,,0.0003,0.00498,221534.0
,174.0,1.46,0.05,,15184,139,6503,906867,,,,,0.0003,0.45,221716.0
,177.0,2.93,0.05,,15188,139,6506,907390,,,,,0.0003,0.00387,221847.0
,176.0,3.24,0.05,,15192,139,6508,907732,,,,,0.0003,0.229,221932.0
,165.0,1.25,0.05,,15196,139,6511,908222,,,,,0.0003,0.653,222055.0
,168.0,0.923,0.05,,15200,139,6514,908801,,,,,0.0003,0.205,222200.0
,163.0,0.369,0.05,,15204,139,6516,909121,0.0,0.0,0.0,,0.0003,0.466,222280.0
,172.0,0.881,0.05,,15208,139,6521,910558,,,,,0.0003,0.232,222639.0
,174.0,4.16,0.05,,15212,139,6525,911202,,,,,0.0003,0.454,222800.0
,175.0,5.05,0.05,,15216,139,6527,911521,,,,,0.0003,0.00223,222880.0
,177.0,6.23,0.05,,15220,139,6529,911976,,,,,0.0003,0.00204,222993.0
,176.0,5.94,0.05,,15224,139,6531,912381,,,,,0.0003,0.654,223095.0
,179.0,5.91,0.05,,15228,139,6536,913442,,,,,0.0003,0.00317,223360.0
,182.0,6.48,0.05,,15232,139,6540,914471,,,,,0.0003,0.0038,223617.0
,179.0,8.61,0.05,,15236,139,6543,915123,,,,,0.0003,0.0131,223780.0
,166.0,8.14,0.05,,15240,139,6545,915696,,,,,0.0003,0.459,223923.0
,167.0,6.63,0.05,,15244,139,6549,916421,,,,,0.0003,0.185,224105.0
,165.0,5.15,0.05,,15248,139,6551,916837,,,,,0.0003,0.003,224209.0
,167.0,3.03,0.05,,15252,139,6555,917764,,,,,0.0003,1.64,224440.0
,166.0,0.939,0.05,,15256,140,6559,918769,,,,,0.0003,0.00213,224692.0
,167.0,1.23,0.05,,15260,140,6562,919397,2.0,0.0,0.0,,0.0003,0.00757,224849.0
,171.0,4.19,0.05,,15264,140,6567,920485,,,,,0.0003,1.4,225121.0
,174.0,1.76,0.05,,15268,140,6570,921217,,,,,0.0003,0.213,225304.0
,171.0,1.49,0.05,,15272,140,6573,921758,,,,,0.0003,0.233,225439.0
,172.0,2.68,0.05,,15276,140,6576,922482,,,,,0.0003,0.46,225620.0
,168.0,3.62,0.05,,15280,140,6579,922918,,,,,0.0003,0.2,225729.0
,165.0,3.65,0.05,,15284,140,6581,923359,,,,,0.0003,0.436,225839.0
,169.0,1.81,0.05,,15288,140,6585,924243,,,,,0.0003,2.08,226060.0
,169.0,0.912,0.05,,15292,140,6587,924617,,,,,0.0003,0.208,226154.0
,169.0,1.21,0.05,,15296,140,6589,925101,,,,,0.0003,0.234,226275.0
,171.0,2.99,0.05,,15300,140,6593,925907,,,,,0.0003,0.207,226476.0
,176.0,3.24,0.05,,15304,140,6597,926716,,,,,0.0003,0.879,226678.0
,168.0,4.22,0.05,,15308,140,6600,927329,,,,,0.0003,0.00197,226832.0
,165.0,1.55,0.05,,15312,140,6602,927690,,,,,0.0003,0.25,226922.0
,174.0,2.06,0.05,,15316,140,6607,928965,,,,,0.0003,0.209,227241.0
,174.0,0.56,0.05,,15320,140,6609,929375,0.0,0.0,0.0,,0.0003,0.0225,227343.0
,182.0,-0.125,0.05,,15324,140,6614,930630,,,,,0.0003,0.44,227657.0
,179.0,2.61,0.05,,15328,140,6617,931318,,,,,0.0003,0.705,227829.0
,170.0,0.595,0.05,,15332,140,6619,931519,,,,,0.0003,0.701,227879.0
,173.0,-3.93,0.05,,15336,140,6623,932450,,,,,0.0003,0.437,228112.0
,173.0,-4.23,0.05,,15340,140,6625,932998,,,,,0.0003,0.232,228249.0
,172.0,-4.52,0.05,,15344,140,6628,933581,,,,,0.0003,0.204,228395.0
,173.0,-3.33,0.05,,15348,140,6631,934150,,,,,0.0003,0.0032,228537.0
,174.0,-3.04,0.05,,15352,140,6635,935115,,,,,0.0003,0.229,228778.0
,166.0,-2.96,0.05,,15356,140,6637,935364,,,,,0.0003,0.461,228840.0
,169.0,-4.79,0.05,,15360,140,6641,936336,,,,,0.0003,0.237,229083.0
,168.0,-6.58,0.05,,15364,141,6645,937283,,,,,0.0003,0.0153,229320.0
,166.0,-5.66,0.05,,15368,141,6647,937777,,,,,0.0003,1.61,229444.0
,167.0,-5.37,0.05,,15372,141,6651,938431,,,,,0.0003,0.231,229607.0
,164.0,-5.94,0.05,,15376,141,6653,938853,,,,,0.0003,0.236,229713.0
,168.0,-7.18,0.05,,15380,141,6657,939670,,,,,0.0003,0.423,229917.0
,165.0,-6.55,0.05,,15384,141,6658,939865,1.0,0.0,0.0,,0.0003,0.206,229966.0
,161.0,-6.21,0.05,,15388,141,6661,940382,,,,,0.0003,1.17,230095.0
,160.0,-6.8,0.05,,15392,141,6663,940664,,,,,0.0003,1.81,230165.0
,161.0,-5.61,0.05,,15396,141,6665,941178,,,,,0.0003,1.13,230294.0
,156.0,-7.96,0.05,,15400,141,6667,941505,,,,,0.0003,1.83,230376.0
,151.0,-7.91,0.05,,15404,141,6669,941825,,,,,0.0003,0.665,230456.0
,149.0,-7.59,0.05,,15408,141,6672,942276,,,,,0.0003,0.00324,230568.0
,158.0,-7.08,0.05,,15412,141,6677,943493,,,,,0.0003,0.00492,230873.0
,151.0,-6.11,0.05,,15416,141,6679,944022,,,,,0.0003,0.234,231005.0
,151.0,-5.51,0.05,,15420,141,6682,944490,,,,,0.0003,0.934,231122.0
,140.0,-5.7,0.05,,15424,141,6684,944680,,,,,0.0003,0.00627,231169.0
,141.0,-7.81,0.05,,15428,141,6687,945394,,,,,0.0003,1.17,231348.0
,152.0,-8.22,0.05,,15432,141,6692,946759,,,,,0.0003,0.00399,231689.0
,152.0,-6.12,0.05,,15436,141,6696,947618,,,,,0.0003,0.206,231904.0
,162.0,-7.12,0.05,,15440,141,6702,949240,0.0,0.0,2.0,,0.0003,1.17,232309.0
,174.0,-8.74,0.05,,15444,141,6708,951021,,,,,0.0003,0.455,232755.0
,178.0,-8.78,0.05,,15448,141,6712,951910,,,,,0.0003,0.2,232977.0
,175.0,-8.15,0.05,,15452,141,6715,952642,,,,,0.0003,0.00846,233160.0
,182.0,-7.32,0.05,,15456,141,6719,953581,,,,,0.0003,0.198,233395.0
,182.0,-7.92,0.05,,15460,141,6724,954583,,,,,0.0003,0.23,233645.0
,177.0,-8.77,0.05,,15464,141,6726,954951,,,,,0.0003,0.00307,233737.0
,177.0,-5.77,0.05,,15468,141,6729,955490,,,,,0.0003,0.0157,233872.0
,176.0,-4.86,0.05,,15472,142,6731,956055,,,,,0.0003,1.36,234013.0
,179.0,-4.59,0.05,,15476,142,6735,956769,,,,,0.0003,0.229,234192.0
,184.0,-4.64,0.05,,15480,142,6740,958043,,,,,0.0003,0.232,234510.0
,187.0,-4.97,0.05,,15484,142,6742,958537,,,,,0.0003,0.432,234634.0
,187.0,-6.17,0.05,,15488,142,6745,959131,2.0,1.0,2.0,,0.0003,0.23,234782.0
,199.0,-4.79,0.05,,15492,142,6751,960582,,,,,0.0003,1.38,235145.0
,201.0,-3.91,0.05,,15496,142,6754,961279,,,,,0.0003,0.00231,235319.0
,207.0,-1.87,0.05,,15500,142,6758,962159,,,,,0.0003,0.628,235539.0
,209.0,0.814,0.05,,15504,142,6760,962688,,,,,0.0003,0.202,235671.0
,212.0,-0.72,0.05,,15508,142,6764,963471,,,,,0.0003,0.674,235867.0
,205.0,-0.953,0.05,,15512,142,6767,964021,,,,,0.0003,0.227,236005.0
,203.0,-1.83,0.05,,15516,142,6769,964363,,,,,0.0003,0.233,236090.0
,203.0,-2.13,0.05,,15520,142,6771,964768,,,,,0.0003,0.00341,236191.0
,215.0,-0.147,0.05,,15524,142,6776,966150,,,,,0.0003,0.431,236537.0
,213.0,-0.134,0.05,,15528,142,6779,966736,,,,,0.0003,0.869,236683.0
,209.0,0.212,0.05,,15532,142,6783,967635,,,,,0.0003,0.0122,236908.0
,202.0,0.279,0.05,,15536,142,6785,967833,,,,,0.0003,0.00337,236958.0
,197.0,1.53,0.05,,15540,142,6789,968965,,,,,0.0003,0.229,237241.0
,185.0,3.75,0.05,,15544,142,6792,969509,,,,,0.0003,0.381,237377.0
,179.0,4.71,0.05,,15548,142,6794,969789,2.0,0.0,1.0,,0.0003,0.00314,237447.0
,176.0,3.24,0.05,,15552,142,6796,970281,,,,,0.0003,0.245,237570.0
,171.0,4.19,0.05,,15556,142,6799,970724,,,,,0.0003,0.00683,237680.0
,166.0,5.14,0.05,,15560,142,6801,971204,,,,,0.0003,0.431,237800.0
,169.0,8.11,0.05,,15564,142,6804,971878,,,,,0.0003,0.206,237969.0
,177.0,6.53,0.05,,15568,142,6810,973208,,,,,0.0003,0.00347,238301.0
,183.0,5.87,0.05,,15572,142,6814,974350,,,,,0.0003,0.232,238587.0
,188.0,6.12,0.05,,15576,143,6819,975583,,,,,0.0003,0.916,238895.0
,182.0,6.18,0.05,,15580,143,6822,976228,,,,,0.0003,0.00234,239056.0
,183.0,6.17,0.05,,15584,143,6825,976805,,,,,0.0003,0.445,239201.0
,182.0,6.78,0.05,,15588,143,6828,977337,,,,,0.0003,0.243,239334.0
,170.0,5.1,0.05,,15592,143,6830,977578,,,,,0.0003,0.231,239394.0
,179.0,4.71,0.05,,15596,143,6836,979164,0.0,0.0,0.0,,0.0003,0.436,239790.0
,180.0,6.2,0.05,,15600,143,6840,980202,,,,,0.0003,1.06,240050.0
,178.0,3.82,0.05,,15604,143,6842,980497,,,,,0.0003,0.00221,240124.0
,176.0,4.74,0.05,,15608,143,6845,981045,,,,,0.0003,2.34,240261.0
,186.0,5.54,0.05,,15612,143,6851,982634,,,,,0.0003,0.00222,240658.0
,193.0,6.07,0.05,,15616,143,6855,983639,,,,,0.0003,0.00278,240909.0
,195.0,6.95,0.05,,15620,143,6858,984232,,,,,0.0003,0.863,241057.0
,199.0,6.31,0.05,,15624,143,6865,986042,,,,,0.0003,0.00268,241510.0
,195.0,5.45,0.05,,15628,143,6866,986209,,,,,0.0003,0.44,241552.0
,191.0,6.99,0.05,,15632,143,6869,986716,,,,,0.0003,0.00218,241678.0
,196.0,6.04,0.05,,15636,143,6872,987447,,,,,0.0003,0.473,241861.0
,191.0,6.99,0.05,,15640,143,6876,988084,,,,,0.0003,0.208,242020.0
,202.0,8.68,0.05,,15644,143,6882,989668,1.0,3.0,1.0,,0.0003,0.00279,242416.0
,212.0,10.7,0.05,,15648,143,6887,990984,,,,,0.0003,0.00797,242745.0
,217.0,12.7,0.05,,15652,143,6891,991934,,,,,0.0003,0.464,242983.0
,217.0,12.1,0.05,,15656,143,6893,992377,,,,,0.0003,0.23,243094.0
,216.0,13.9,0.05,,15660,143,6896,992805,,,,,0.0003,0.232,243201.0
,212.0,11.9,0.05,,15664,143,6897,993064,,,,,0.0003,0.00272,243265.0
,206.0,10.1,0.05,,15668,144,6901,993782,,,,,0.0003,1.17,243445.0
,205.0,11.4,0.05,,15672,144,6905,994849,,,,,0.0003,0.684,243712.0
,199.0,11.1,0.05,,15676,144,6908,995458,,,,,0.0003,0.0025,243864.0
,196.0,11.1,0.05,,15680,144,6910,995877,,,,,0.0003,0.248,243969.0
,199.0,11.1,0.05,,15684,144,6914,996682,,,,,0.0003,0.447,244170.0
,199.0,10.5,0.05,,15688,144,6916,997246,,,,,0.0003,0.408,244311.0
,207.0,13.7,0.05,,15692,144,6921,998279,,,,,0.0003,0.866,244569.0
,196.0,13.8,0.05,,15696,144,6923,998786,,,,,0.0003,0.437,244696.0
,191.0,11.8,0.05,,15700,144,6926,999266,,,,,0.0003,0.449,244816.0
,191.0,10.6,0.05,,15704,144,6928,999585,0.0,1.0,0.0,,0.0003,0.00459,244896.0
