rollout/,ep_len_mean,ep_rew_mean,exploration_rate,time/,episodes,fps,time_elapsed,total_timesteps,train/,learning_rate,loss,n_updates,avg_fruit,avg_decayfruit,avg_enemyfruit
,10.0,-12.1,1.0,,4,28,1,40,,,,,,,
,10.1,-12.1,0.999,,8,33,2,81,,,,,,,
,12.7,-12.1,0.999,,12,42,3,152,,,,,,,
,20.4,-12.2,0.997,,16,66,4,327,,,,,,,
,19.8,-12.2,0.996,,20,65,6,395,,,,,,,
,25.0,-12.2,0.994,,24,80,7,599,,,,,,,
,26.4,-13.7,0.993,,28,84,8,738,,,,,,,
,25.6,-13.5,0.992,,32,82,9,819,,,,,,,
,23.6,-13.9,0.992,,36,76,11,849,,,,,,,
,24.0,-13.7,0.991,,40,77,12,960,,,,,,,
,24.7,-13.6,0.989,,44,79,13,1088,,,,,,,
,23.4,-13.1,0.989,,48,76,14,1124,,,,,,,
,24.0,-13.0,0.988,,52,77,16,1248,,,,,,,
,23.1,-13.3,0.987,,56,75,17,1291,,,,,,,
,22.4,-13.2,0.987,,60,73,18,1347,,,,,,,
,22.4,-13.1,0.986,,64,73,19,1434,,,,,,,
,22.4,-12.8,0.985,,68,73,20,1520,,,,,,,
,22.2,-12.5,0.984,,72,73,21,1598,,,,,,,
,23.0,-13.0,0.983,,76,75,23,1750,,,,,,,
,22.8,-13.0,0.982,,80,75,24,1822,,,,,,,
,22.3,-13.2,0.982,,84,73,25,1870,,,,,,,
,21.9,-13.1,0.981,,88,72,26,1923,,,,,,,
,21.6,-13.1,0.981,,92,72,27,1987,,,,,,,
,21.9,-13.0,0.979,,96,72,29,2106,,0.0005,1.08,26.0,,,
,22.0,-12.8,0.978,,100,71,30,2198,,0.0005,0.529,49.0,,,
,22.3,-12.8,0.978,,104,71,31,2273,,0.0005,0.532,68.0,,,
,22.8,-12.6,0.977,,108,71,33,2360,,0.0005,0.448,89.0,,,
,22.6,-12.4,0.976,,112,70,34,2410,,0.0005,0.684,102.0,,,
,21.5,-12.4,0.976,,116,69,35,2481,,0.0005,0.777,120.0,,,
,22.1,-12.4,0.974,,120,70,36,2607,,0.0005,0.677,151.0,,,
,21.6,-12.4,0.973,,124,71,38,2762,,0.0005,0.594,190.0,,,
,20.9,-12.0,0.972,,128,71,39,2832,,0.0005,0.515,207.0,,,
,20.5,-11.8,0.972,,132,70,40,2869,,0.0005,0.842,217.0,,,
,21.3,-11.8,0.971,,136,71,41,2978,,0.0005,0.666,244.0,,,
,22.1,-11.8,0.969,,140,73,43,3174,,0.0005,1.04,293.0,,,
,21.4,-11.8,0.968,,144,72,44,3223,,0.0005,0.905,305.0,,,
,21.6,-12.0,0.968,,148,71,45,3282,,0.0005,0.723,320.0,,,
,20.9,-12.0,0.967,,152,71,46,3342,,0.0005,0.518,335.0,,,
,21.8,-11.8,0.966,,156,72,48,3475,,0.0005,0.494,368.0,,,
,22.2,-11.8,0.965,,160,72,49,3566,,0.0005,0.639,391.0,,,
,22.2,-11.8,0.964,,164,72,50,3656,,0.0005,0.646,413.0,,,
,22.3,-12.0,0.963,,168,72,51,3753,,0.0005,0.35,438.0,,,
,22.4,-12.2,0.962,,172,72,53,3839,,0.0005,0.296,459.0,,,
,21.8,-11.8,0.961,,176,72,54,3934,,0.0005,0.534,483.0,,,
,23.0,-12.0,0.96,,180,73,55,4120,,0.0005,0.345,529.0,,,
,23.0,-11.8,0.959,,184,73,56,4168,,0.0005,0.66,541.0,,,
,23.0,-11.8,0.959,,188,72,57,4222,,0.0005,0.263,555.0,,,
,22.7,-11.4,0.958,,192,72,58,4253,,0.0005,0.355,563.0,,,
,21.8,-11.4,0.958,,196,71,60,4282,,0.0005,0.443,570.0,,,
,22.3,-11.4,0.957,,200,72,61,4428,,0.0005,0.25,606.0,,,
,22.6,-11.4,0.956,,204,72,62,4532,,0.0005,0.247,632.0,,,
,22.9,-11.6,0.954,,208,72,64,4650,,0.0005,0.711,662.0,,,
,23.3,-11.8,0.954,,212,72,65,4741,,0.0005,0.698,685.0,,,
,23.6,-11.6,0.953,,216,72,66,4840,,0.0005,0.281,709.0,,,
,23.2,-11.6,0.952,,220,72,67,4924,,0.0005,0.466,730.0,,,
,22.8,-11.6,0.951,,224,72,69,5042,,0.0005,0.809,760.0,,,
,22.7,-11.4,0.95,,228,72,70,5098,,0.0005,0.752,774.0,,,
,22.6,-11.6,0.95,,232,71,71,5127,,0.0005,0.896,781.0,,,
,22.0,-11.4,0.949,,236,71,72,5174,,0.0005,0.288,793.0,,,
,20.3,-11.4,0.949,,240,70,73,5204,,0.0005,0.825,800.0,,,
,21.2,-11.6,0.948,,244,71,75,5341,,0.0005,0.696,835.0,,,
,21.3,-11.6,0.947,,248,70,76,5411,,0.0005,0.798,852.0,,,
,21.6,-11.2,0.946,,252,70,77,5500,,0.0005,0.37,874.0,,,
,21.0,-11.4,0.945,,256,70,78,5576,,0.0005,0.547,893.0,,,
,20.7,-11.0,0.945,,260,70,80,5635,,0.0005,0.204,908.0,,,
,21.3,-10.8,0.943,,264,70,81,5789,,0.0005,0.272,947.0,,,
,20.6,-10.8,0.943,,268,70,82,5811,,0.0005,0.415,952.0,,,
,21.1,-10.8,0.942,,272,70,84,5954,,0.0005,0.553,988.0,,,
,21.0,-10.8,0.941,,276,70,85,6036,,0.0005,0.546,1008.0,,,
,20.5,-10.4,0.94,,280,71,86,6167,,0.0005,0.319,1041.0,,,
,20.4,-10.4,0.939,,284,70,87,6211,,0.0005,0.382,1052.0,,,
,20.8,-10.4,0.938,,288,70,88,6297,,0.0005,0.746,1074.0,,,
,21.1,-10.8,0.938,,292,70,90,6359,,0.0005,0.0847,1089.0,,,
,21.5,-11.0,0.937,,296,70,91,6436,,0.0005,0.595,1108.0,,,
,20.7,-11.2,0.936,,300,70,92,6494,,0.0005,0.359,1123.0,,,
,20.5,-11.4,0.936,,304,70,93,6581,,0.0005,0.483,1145.0,,,
,19.9,-11.4,0.935,,308,70,94,6642,,0.0005,0.473,1160.0,,,
,19.6,-11.4,0.934,,312,69,95,6699,,0.0005,1.05,1174.0,,,
,19.1,-11.8,0.934,,316,69,96,6749,,0.0005,0.365,1187.0,,,
,19.0,-11.8,0.933,,320,69,98,6820,,0.0005,0.968,1204.0,,,
,18.2,-11.8,0.933,,324,69,99,6859,,0.0005,0.232,1214.0,,,
,19.6,-12.0,0.931,,328,70,100,7055,,0.0005,0.249,1263.0,,,
,20.2,-12.2,0.93,,332,70,101,7152,,0.0005,0.804,1287.0,,,
,21.4,-12.6,0.928,,336,70,103,7310,,0.0005,0.428,1327.0,,,
,21.2,-12.6,0.928,,340,70,104,7321,,0.0005,0.7,1330.0,,,
,20.1,-12.4,0.928,,344,69,105,7348,,0.0005,0.338,1336.0,,,
,20.2,-12.4,0.927,,348,69,106,7434,,0.0005,0.39,1358.0,,,
,20.0,-12.8,0.926,,352,69,107,7502,,0.0005,0.345,1375.0,,,
,20.5,-12.6,0.925,,356,69,108,7625,,0.0005,0.255,1406.0,,,
,20.7,-13.0,0.924,,360,69,110,7709,,0.0005,0.411,1427.0,,,
,19.6,-13.2,0.924,,364,69,111,7750,,0.0005,0.332,1437.0,,,
,20.4,-13.2,0.923,,368,69,112,7848,,0.0005,0.548,1461.0,,,
,19.4,-13.2,0.923,,372,69,113,7897,,0.0005,0.632,1474.0,,,
,19.0,-13.2,0.922,,376,69,114,7934,,0.0005,0.88,1483.0,,,
,18.4,-13.6,0.922,,380,69,115,8007,,0.0005,0.535,1501.0,,,
,18.8,-13.8,0.921,,384,69,116,8088,,0.0005,0.537,1521.0,,,
,18.5,-13.8,0.92,,388,69,118,8151,,0.0005,0.704,1537.0,,,
,18.4,-13.8,0.92,,392,68,119,8196,,0.0005,0.308,1548.0,,,
,18.5,-13.6,0.919,,396,68,120,8287,,0.0005,0.586,1571.0,,,
,19.2,-13.6,0.918,,400,69,121,8410,,0.0005,0.676,1602.0,,,
,19.1,-13.2,0.917,,404,69,122,8496,,0.0005,0.836,1623.0,,,
,19.1,-13.4,0.916,,408,69,123,8552,,0.0005,0.375,1637.0,,,
,19.4,-13.6,0.915,,412,68,125,8634,,0.0005,0.725,1658.0,,,
,19.6,-13.4,0.915,,416,68,126,8709,,0.0005,0.433,1677.0,,,
,19.7,-13.4,0.914,,420,68,127,8790,,0.0005,0.868,1697.0,,,
,19.8,-13.2,0.913,,424,68,128,8838,,0.0005,0.468,1709.0,,,
,18.6,-13.2,0.913,,428,68,129,8915,,0.0005,1.08,1728.0,,,
,18.4,-13.0,0.912,,432,68,130,8987,,0.0005,0.217,1746.0,,,
,17.4,-13.0,0.911,,436,68,132,9054,,0.0005,0.274,1763.0,,,
,18.8,-13.0,0.91,,440,68,133,9201,,0.0005,0.954,1800.0,,,
,19.2,-12.8,0.909,,444,68,134,9273,,0.0005,0.194,1818.0,,,
,20.0,-12.6,0.908,,448,69,136,9437,,0.0005,0.425,1859.0,,,
,20.2,-12.6,0.907,,452,69,137,9523,,0.0005,0.417,1880.0,,,
,19.8,-12.8,0.906,,456,69,138,9602,,0.0005,0.451,1900.0,,,
,19.2,-12.8,0.906,,460,69,139,9629,,0.0005,0.602,1907.0,,,
,19.3,-12.8,0.905,,464,68,140,9682,,0.0005,0.58,1920.0,,,
,19.2,-12.8,0.904,,468,68,141,9766,,0.0005,0.985,1941.0,,,
,20.1,-12.8,0.903,,472,69,143,9911,,0.0005,0.786,1977.0,,,
,20.6,-12.8,0.902,,476,69,144,9989,,0.0005,0.394,1997.0,0.0,0.0,0.0
,20.8,-12.4,0.901,,480,69,145,10090,,0.0005,0.483,2022.0,,,
,21.3,-12.2,0.9,,484,69,146,10214,,0.0005,0.507,2053.0,,,
,22.0,-12.2,0.899,,488,69,148,10349,,0.0005,0.596,2087.0,,,
,22.1,-12.4,0.898,,492,69,149,10406,,0.0005,0.588,2101.0,,,
,21.8,-12.4,0.897,,496,69,150,10466,,0.0005,0.387,2116.0,,,
,20.9,-12.4,0.897,,500,69,151,10500,,0.0005,0.561,2124.0,,,
,20.6,-12.6,0.897,,504,69,152,10559,,0.0005,0.401,2139.0,,,
,20.8,-12.4,0.896,,508,69,153,10627,,0.0005,0.572,2156.0,,,
,21.2,-12.2,0.895,,512,69,155,10754,,0.0005,0.669,2188.0,,,
,21.4,-12.4,0.894,,516,69,156,10846,,0.0005,0.384,2211.0,,,
,21.0,-12.4,0.893,,520,69,157,10893,,0.0005,0.237,2223.0,,,
,21.3,-12.6,0.893,,524,69,158,10967,,0.0005,0.564,2241.0,,,
,20.8,-12.6,0.892,,528,68,159,10998,,0.0005,0.304,2249.0,,,
,20.4,-12.6,0.892,,532,68,160,11022,,0.0005,0.269,2255.0,,,
,20.5,-12.2,0.891,,536,68,162,11104,,0.0005,0.585,2275.0,,,
,19.9,-12.0,0.89,,540,68,163,11192,,0.0005,0.358,2297.0,,,
,19.6,-12.0,0.89,,544,68,164,11234,,0.0005,0.641,2308.0,,,
,18.7,-12.0,0.889,,548,68,165,11306,,0.0005,1.09,2326.0,,,
,18.8,-12.2,0.888,,552,68,167,11404,,0.0005,0.882,2350.0,,,
,19.0,-12.0,0.887,,556,68,168,11506,,0.0005,0.444,2376.0,,,
,19.6,-12.0,0.886,,560,68,169,11588,,0.0005,0.307,2396.0,,,
,19.6,-12.0,0.886,,564,68,170,11641,,0.0005,0.333,2410.0,,,
,19.5,-12.0,0.885,,568,68,172,11720,,0.0005,0.345,2429.0,,,
,18.7,-12.0,0.885,,572,68,173,11780,,0.0005,0.284,2444.0,,,
,19.2,-12.4,0.883,,576,68,174,11908,,0.0005,0.702,2476.0,,,
,19.3,-12.6,0.882,,580,68,175,12019,,0.0005,0.718,2504.0,,,
,19.4,-12.6,0.881,,584,68,177,12158,,0.0005,0.534,2539.0,,,
,19.5,-12.6,0.879,,588,68,178,12298,,0.0005,0.464,2574.0,,,
,19.9,-12.6,0.878,,592,68,180,12398,,0.0005,0.513,2599.0,,,
,20.4,-12.8,0.877,,596,68,181,12506,,0.0005,0.457,2626.0,,,
,20.6,-12.8,0.877,,600,68,182,12560,,0.0005,0.422,2639.0,,,
,21.1,-12.8,0.876,,604,68,184,12667,,0.0005,0.511,2666.0,,,
,21.2,-12.8,0.875,,608,68,185,12746,,0.0005,0.709,2686.0,,,
,20.8,-12.8,0.874,,612,68,186,12830,,0.0005,0.377,2707.0,,,
,21.3,-12.8,0.873,,616,69,188,12980,,0.0005,0.273,2744.0,,,
,22.1,-13.0,0.872,,620,69,189,13098,,0.0005,0.103,2774.0,,,
,22.4,-13.0,0.871,,624,69,190,13212,,0.0005,0.588,2802.0,,,
,23.0,-13.0,0.87,,628,69,192,13296,,0.0005,0.367,2823.0,,,
,23.3,-13.0,0.869,,632,69,193,13348,,0.0005,0.576,2836.0,,,
,23.4,-12.8,0.868,,636,69,194,13439,,0.0005,0.427,2859.0,,,
,23.0,-13.0,0.868,,640,68,195,13490,,0.0005,0.831,2872.0,,,
,23.1,-13.2,0.867,,644,68,196,13546,,0.0005,0.417,2886.0,,,
,23.7,-13.4,0.866,,648,68,198,13676,,0.0005,0.223,2918.0,,,
,24.3,-13.2,0.864,,652,69,199,13837,,0.0005,0.316,2959.0,,,
,23.9,-13.3,0.864,,656,69,200,13898,,0.0005,0.702,2974.0,,,
,23.7,-13.3,0.863,,660,69,202,13959,,0.0005,0.309,2989.0,,,
,25.4,-13.1,0.861,,664,69,203,14177,,0.0005,0.818,3044.0,,,
,25.8,-13.1,0.86,,668,69,205,14299,,0.0005,0.426,3074.0,,,
,26.1,-13.1,0.859,,672,69,206,14394,,0.0005,0.375,3098.0,,,
,26.1,-12.9,0.858,,676,69,208,14523,,0.0005,0.563,3130.0,,,
,26.0,-12.9,0.857,,680,69,209,14619,,0.0005,0.384,3154.0,,,
,25.7,-13.1,0.856,,684,69,210,14731,,0.0005,0.44,3182.0,,,
,25.1,-13.1,0.855,,688,69,212,14811,,0.0005,0.372,3202.0,,,
,25.3,-12.7,0.854,,692,69,213,14930,,0.0005,0.487,3232.0,,,
,25.1,-12.5,0.853,,696,69,214,15020,,0.0005,0.395,3254.0,,,
,25.4,-12.5,0.852,,700,69,215,15104,,0.0005,0.184,3275.0,,,
,26.4,-12.9,0.85,,704,70,217,15302,,0.0005,0.184,3325.0,,,
,27.4,-12.9,0.848,,708,70,219,15491,,0.0005,0.342,3372.0,,,
,27.2,-12.9,0.848,,712,70,220,15549,,0.0005,0.573,3387.0,,,
,26.4,-12.7,0.847,,716,70,221,15618,,0.0005,0.595,3404.0,,,
,26.1,-12.5,0.846,,720,70,222,15710,,0.0005,0.52,3427.0,,,
,25.8,-12.5,0.845,,724,70,223,15793,,0.0005,0.504,3448.0,,,
,27.4,-12.7,0.843,,728,71,225,16041,,0.0005,0.667,3510.0,,,
,28.1,-12.7,0.842,,732,71,227,16163,,0.0005,0.593,3540.0,,,
,28.0,-12.9,0.841,,736,71,228,16239,,0.0005,0.392,3559.0,,,
,28.4,-12.9,0.84,,740,71,229,16334,,0.0005,0.338,3583.0,,,
,28.7,-12.8,0.839,,744,71,230,16412,,0.0005,0.648,3602.0,,,
,28.5,-12.5,0.838,,748,71,232,16528,,0.0005,0.576,3631.0,,,
,27.7,-12.3,0.837,,752,71,233,16608,,0.0005,0.361,3651.0,,,
,27.7,-12.1,0.837,,756,71,234,16667,,0.0005,0.484,3666.0,,,
,27.7,-12.1,0.836,,760,70,235,16729,,0.0005,0.165,3682.0,,,
,26.2,-12.0,0.835,,764,70,236,16799,,0.0005,0.8,3699.0,,,
,26.4,-11.8,0.834,,768,71,238,16937,,0.0005,0.428,3734.0,,,
,26.7,-12.1,0.833,,772,71,239,17068,,0.0005,0.576,3766.0,,,
,26.0,-11.8,0.832,,776,71,240,17124,,0.0005,0.346,3780.0,,,
,26.1,-11.8,0.831,,780,71,242,17231,,0.0005,0.215,3807.0,,,
,26.1,-11.6,0.83,,784,71,243,17338,,0.0005,0.933,3834.0,,,
,26.0,-11.6,0.829,,788,71,244,17412,,0.0005,0.466,3852.0,,,
,25.4,-11.8,0.829,,792,71,245,17475,,0.0005,0.714,3868.0,,,
,25.0,-11.8,0.828,,796,70,247,17524,,0.0005,0.673,3880.0,,,
,24.4,-11.8,0.828,,800,70,248,17548,,0.0005,0.414,3886.0,,,
,23.5,-11.2,0.827,,804,70,249,17651,,0.0005,0.509,3912.0,,,
,22.1,-11.2,0.826,,808,70,250,17706,,0.0005,0.97,3926.0,,,
,22.8,-11.2,0.825,,812,70,251,17833,,0.0005,0.775,3958.0,,,
,22.7,-11.2,0.825,,816,70,252,17891,,0.0005,0.449,3972.0,,,
,22.4,-11.2,0.824,,820,70,254,17951,,0.0005,0.418,3987.0,,,
,22.5,-11.6,0.823,,824,70,255,18046,,0.0005,0.201,4011.0,,,
,21.0,-11.6,0.822,,828,70,256,18138,,0.0005,0.588,4034.0,,,
,20.1,-11.6,0.822,,832,70,257,18175,,0.0005,0.495,4043.0,,,
,19.7,-11.6,0.822,,836,70,258,18213,,0.0005,0.416,4053.0,,,
,19.3,-11.6,0.821,,840,70,259,18260,,0.0005,0.823,4064.0,,,
,19.8,-11.8,0.82,,844,70,260,18387,,0.0005,0.531,4096.0,,,
,19.8,-12.2,0.819,,848,70,262,18503,,0.0005,0.812,4125.0,,,
,19.5,-12.4,0.818,,852,70,263,18558,,0.0005,0.807,4139.0,,,
,19.7,-12.4,0.817,,856,70,264,18640,,0.0005,0.841,4159.0,,,
,20.3,-12.6,0.816,,860,70,265,18758,,0.0005,0.411,4189.0,,,
,20.2,-12.6,0.816,,864,70,267,18821,,0.0005,0.305,4205.0,,,
,20.8,-12.6,0.814,,868,70,268,19016,,0.0005,0.501,4253.0,,,
,19.9,-12.4,0.813,,872,70,269,19055,,0.0005,0.857,4263.0,,,
,20.1,-12.6,0.812,,876,70,270,19133,,0.0005,0.422,4283.0,,,
,20.0,-12.6,0.812,,880,70,272,19234,,0.0005,0.208,4308.0,,,
,19.7,-12.6,0.811,,884,70,273,19305,,0.0005,0.986,4326.0,,,
,20.8,-12.6,0.809,,888,70,275,19493,,0.0005,0.0854,4373.0,,,
,21.1,-12.4,0.808,,892,70,276,19582,,0.0005,0.646,4395.0,,,
,21.0,-12.4,0.808,,896,70,277,19623,,0.0005,0.403,4405.0,,,
,22.2,-12.4,0.806,,900,70,278,19770,,0.0005,0.133,4442.0,,,
,21.6,-12.6,0.806,,904,70,279,19815,,0.0005,0.404,4453.0,,,
,22.5,-12.6,0.804,,908,70,281,19956,,0.0005,0.326,4488.0,0.0,0.0,0.0
,21.9,-12.6,0.804,,912,70,282,20019,,0.0005,0.477,4504.0,,,
,21.9,-12.4,0.803,,916,70,283,20086,,0.0005,0.216,4521.0,,,
,22.7,-12.4,0.802,,920,70,285,20221,,0.0005,0.616,4555.0,,,
,23.0,-12.2,0.801,,924,71,286,20345,,0.0005,1.18,4586.0,,,
,23.0,-11.8,0.8,,928,71,287,20439,,0.0005,0.619,4609.0,,,
,22.9,-11.8,0.799,,932,70,288,20469,,0.0005,0.413,4617.0,,,
,23.3,-11.8,0.799,,936,70,289,20543,,0.0005,0.507,4635.0,,,
,23.9,-11.8,0.798,,940,70,291,20650,,0.0005,0.295,4662.0,,,
,23.3,-11.8,0.797,,944,70,292,20717,,0.0005,0.311,4679.0,,,
,22.7,-11.6,0.796,,948,70,293,20773,,0.0005,0.439,4693.0,,,
,23.4,-11.6,0.795,,952,70,294,20898,,0.0005,0.516,4724.0,,,
,24.2,-12.0,0.794,,956,71,296,21061,,0.0005,0.407,4765.0,,,
,23.5,-11.8,0.793,,960,71,297,21111,,0.0005,0.514,4777.0,,,
,23.8,-12.0,0.792,,964,71,298,21196,,0.0005,0.334,4798.0,,,
,22.2,-12.0,0.792,,968,70,299,21235,,0.0005,0.241,4808.0,,,
,22.5,-12.0,0.791,,972,70,300,21308,,0.0005,0.308,4826.0,,,
,21.9,-11.8,0.791,,976,70,301,21323,,0.0005,0.643,4830.0,,,
,21.5,-11.8,0.79,,980,70,302,21386,,0.0005,0.76,4846.0,,,
,21.4,-12.0,0.79,,984,70,304,21445,,0.0005,0.6,4861.0,,,
,20.1,-12.0,0.789,,988,70,305,21503,,0.0005,0.815,4875.0,,,
,19.6,-12.2,0.789,,992,70,306,21544,,0.0005,0.286,4885.0,,,
,20.5,-11.6,0.788,,996,70,307,21676,,0.0005,0.558,4918.0,,,
,20.8,-11.8,0.786,,1000,70,309,21850,,0.0005,0.548,4962.0,,,
,20.9,-11.8,0.785,,1004,70,310,21908,,0.0005,0.354,4976.0,,,
,20.4,-11.8,0.784,,1008,70,311,21996,,0.0005,0.578,4998.0,,,
,21.6,-12.4,0.783,,1012,70,313,22177,,0.0005,0.127,5044.0,,,
,22.0,-12.6,0.782,,1016,70,314,22286,,0.0005,0.579,5071.0,,,
,22.0,-12.6,0.78,,1020,70,316,22420,,0.0005,0.403,5104.0,,,
,22.1,-12.4,0.779,,1024,71,317,22550,,0.0005,0.409,5137.0,,,
,21.8,-12.6,0.778,,1028,71,318,22622,,0.0005,0.688,5155.0,,,
,22.3,-12.6,0.778,,1032,70,319,22702,,0.0005,1.02,5175.0,,,
,22.2,-12.6,0.777,,1036,70,320,22760,,0.0005,0.381,5189.0,,,
,22.0,-12.4,0.776,,1040,70,322,22850,,0.0005,0.794,5212.0,,,
,21.9,-12.4,0.776,,1044,70,323,22906,,0.0005,0.123,5226.0,,,
,22.6,-12.0,0.774,,1048,70,324,23036,,0.0005,0.273,5258.0,,,
,21.8,-12.0,0.774,,1052,70,325,23080,,0.0005,0.466,5269.0,,,
,21.4,-11.8,0.773,,1056,70,326,23198,,0.0005,0.646,5299.0,,,
,21.8,-11.8,0.772,,1060,70,328,23288,,0.0005,0.322,5321.0,,,
,21.3,-11.6,0.771,,1064,70,329,23322,,0.0005,0.43,5330.0,,,
,22.1,-11.8,0.77,,1068,70,330,23446,,0.0005,0.501,5361.0,,,
,21.7,-11.8,0.77,,1072,70,331,23481,,0.0005,0.75,5370.0,,,
,22.0,-11.8,0.769,,1076,70,332,23525,,0.0005,0.507,5381.0,,,
,22.3,-11.8,0.769,,1080,70,333,23620,,0.0005,0.234,5404.0,,,
,23.1,-11.8,0.767,,1084,70,335,23755,,0.0005,0.619,5438.0,,,
,23.1,-12.0,0.767,,1088,70,336,23810,,0.0005,0.328,5452.0,,,
,23.0,-12.3,0.766,,1092,70,337,23846,,0.0005,0.32,5461.0,,,
,22.9,-13.1,0.765,,1096,70,338,23968,,0.0005,0.419,5491.0,,,
,21.8,-12.9,0.765,,1100,70,339,24030,,0.0005,0.643,5507.0,,,
,21.6,-12.9,0.764,,1104,70,340,24069,,0.0005,0.507,5517.0,,,
,21.5,-12.9,0.763,,1108,70,342,24144,,0.0005,0.491,5535.0,,,
,20.6,-12.3,0.763,,1112,70,343,24234,,0.0005,0.162,5558.0,,,
,20.2,-12.3,0.762,,1116,70,344,24304,,0.0005,0.614,5575.0,,,
,20.5,-12.5,0.76,,1120,70,345,24470,,0.0005,0.435,5617.0,,,
,20.7,-12.5,0.759,,1124,70,347,24616,,0.0005,0.771,5653.0,,,
,20.3,-12.5,0.758,,1128,70,348,24651,,0.0005,0.445,5662.0,,,
,19.9,-12.5,0.758,,1132,70,349,24690,,0.0005,0.427,5672.0,,,
,19.9,-12.3,0.757,,1136,70,350,24747,,0.0005,0.405,5686.0,,,
,19.4,-12.5,0.757,,1140,70,351,24794,,0.0005,0.88,5698.0,,,
,20.1,-12.7,0.756,,1144,70,352,24917,,0.0005,0.508,5729.0,,,
,19.4,-13.1,0.755,,1148,70,353,24975,,0.0005,0.126,5743.0,,,
,19.5,-13.1,0.755,,1152,70,354,25032,,0.0005,0.714,5757.0,,,
,19.3,-13.1,0.754,,1156,70,356,25128,,0.0005,0.589,5781.0,,,
,19.0,-13.1,0.753,,1160,70,357,25186,,0.0005,0.525,5796.0,,,
,19.3,-13.1,0.753,,1164,70,358,25252,,0.0005,0.176,5812.0,,,
,19.0,-13.1,0.752,,1168,70,359,25346,,0.0005,0.352,5836.0,,,
,21.7,-13.5,0.749,,1172,70,361,25648,,0.0005,0.904,5911.0,,,
,22.4,-13.7,0.747,,1176,71,362,25766,,0.0005,0.4,5941.0,,,
,22.3,-13.7,0.747,,1180,71,364,25851,,0.0005,0.691,5962.0,,,
,21.6,-13.7,0.746,,1184,70,365,25911,,0.0005,0.794,5977.0,,,
,21.7,-13.3,0.745,,1188,70,366,25979,,0.0005,0.257,5994.0,,,
,22.4,-13.0,0.744,,1192,70,367,26091,,0.0005,0.25,6022.0,,,
,22.2,-13.0,0.743,,1196,71,368,26193,,0.0005,0.843,6048.0,,,
,23.2,-13.0,0.742,,1200,71,370,26347,,0.0005,0.521,6086.0,,,
,23.9,-13.2,0.741,,1204,71,371,26455,,0.0005,0.631,6113.0,,,
,24.4,-13.2,0.739,,1208,71,372,26587,,0.0005,0.583,6146.0,,,
,23.9,-13.2,0.739,,1212,71,373,26620,,0.0005,0.857,6154.0,,,
,25.5,-13.0,0.737,,1216,71,375,26850,,0.0005,0.641,6212.0,,,
,24.9,-12.8,0.736,,1220,71,376,26956,,0.0005,0.523,6238.0,,,
,24.3,-12.8,0.735,,1224,71,378,27045,,0.0005,0.651,6261.0,,,
,24.8,-12.8,0.734,,1228,71,379,27128,,0.0005,0.743,6281.0,,,
,24.6,-12.8,0.734,,1232,71,380,27147,,0.0005,0.713,6286.0,,,
,24.9,-13.0,0.733,,1236,71,381,27240,,0.0005,0.778,6309.0,,,
,25.3,-13.0,0.732,,1240,71,382,27323,,0.0005,0.642,6330.0,,,
,24.6,-12.6,0.732,,1244,71,383,27375,,0.0005,0.503,6343.0,,,
,24.8,-12.6,0.731,,1248,71,385,27457,,0.0005,0.524,6364.0,,,
,25.7,-12.8,0.73,,1252,71,386,27598,,0.0005,0.449,6399.0,,,
,25.2,-12.8,0.729,,1256,71,387,27644,,0.0005,0.725,6410.0,,,
,26.5,-12.9,0.727,,1260,71,389,27835,,0.0005,0.449,6458.0,,,
,26.2,-13.1,0.727,,1264,71,390,27873,,0.0005,0.588,6468.0,,,
,26.4,-13.7,0.726,,1268,71,391,27987,,0.0005,0.216,6496.0,,,
,24.2,-13.2,0.725,,1272,71,392,28069,,0.0005,0.634,6517.0,,,
,23.4,-13.0,0.725,,1276,71,393,28105,,0.0005,0.556,6526.0,,,
,23.0,-13.2,0.724,,1280,71,394,28148,,0.0005,0.494,6536.0,,,
,23.2,-13.2,0.723,,1284,71,396,28233,,0.0005,0.347,6558.0,,,
,24.6,-13.4,0.721,,1288,71,397,28441,,0.0005,0.742,6610.0,,,
,24.2,-13.4,0.721,,1292,71,398,28508,,0.0005,0.383,6626.0,,,
,23.6,-13.2,0.72,,1296,71,400,28548,,0.0005,0.413,6636.0,,,
,23.8,-13.2,0.719,,1300,71,401,28722,,0.0005,0.333,6680.0,,,
,23.4,-13.0,0.718,,1304,71,402,28791,,0.0005,0.648,6697.0,,,
,23.0,-13.2,0.717,,1308,71,404,28889,,0.0005,0.484,6722.0,,,
,23.3,-13.2,0.716,,1312,71,405,28948,,0.0005,0.931,6736.0,,,
,21.7,-13.4,0.716,,1316,71,406,29019,,0.0005,0.208,6754.0,,,
,22.5,-13.4,0.714,,1320,71,407,29202,,0.0005,0.269,6800.0,,,
,21.9,-13.4,0.714,,1324,71,408,29234,,0.0005,0.545,6808.0,,,
,22.1,-13.2,0.713,,1328,71,410,29336,,0.0005,0.466,6833.0,,,
,22.8,-13.4,0.712,,1332,71,411,29425,,0.0005,0.333,6856.0,,,
,22.6,-13.2,0.711,,1336,71,412,29501,,0.0005,0.671,6875.0,,,
,22.2,-13.2,0.71,,1340,71,413,29541,,0.0005,0.297,6885.0,,,
,22.4,-13.4,0.71,,1344,71,414,29612,,0.0005,0.279,6902.0,,,
,22.4,-13.6,0.709,,1348,71,416,29697,,0.0005,0.701,6924.0,,,
,22.1,-13.4,0.708,,1352,71,417,29813,,0.0005,0.313,6953.0,,,
,22.4,-13.2,0.707,,1356,71,418,29880,,0.0005,0.504,6969.0,0.0,0.0,0.0
,21.7,-13.2,0.706,,1360,71,420,30005,,0.0005,0.432,7001.0,,,
,22.0,-13.2,0.705,,1364,71,421,30072,,0.0005,0.383,7017.0,,,
,22.2,-12.6,0.704,,1368,71,422,30210,,0.0005,0.864,7052.0,,,
,22.0,-12.6,0.703,,1372,71,424,30268,,0.0005,0.284,7066.0,,,
,22.6,-12.4,0.702,,1376,71,425,30369,,0.0005,0.559,7092.0,,,
,22.9,-12.2,0.702,,1380,71,426,30440,,0.0005,0.626,7109.0,,,
,23.1,-12.0,0.701,,1384,71,427,30545,,0.0005,0.276,7136.0,,,
,21.7,-11.8,0.7,,1388,71,428,30613,,0.0005,0.534,7153.0,,,
,22.1,-11.4,0.699,,1392,71,430,30715,,0.0005,0.206,7178.0,,,
,22.9,-11.4,0.698,,1396,71,431,30834,,0.0005,0.643,7208.0,,,
,21.5,-11.4,0.697,,1400,71,432,30871,,0.0005,0.4,7217.0,,,
,21.2,-11.4,0.697,,1404,71,433,30911,,0.0005,0.189,7227.0,,,
,22.4,-11.4,0.695,,1408,71,435,31124,,0.0005,0.452,7280.0,,,
,22.5,-11.4,0.694,,1412,71,436,31199,,0.0005,0.259,7299.0,,,
,23.4,-11.8,0.693,,1416,71,437,31363,,0.0005,0.124,7340.0,,,
,22.2,-11.8,0.692,,1420,71,439,31422,,0.0005,0.781,7355.0,,,
,22.1,-11.8,0.692,,1424,71,440,31447,,0.0005,0.823,7361.0,,,
,21.8,-12.0,0.691,,1428,71,441,31513,,0.0005,0.31,7378.0,,,
,21.7,-11.8,0.69,,1432,71,442,31593,,0.0005,0.775,7398.0,,,
,21.5,-11.8,0.69,,1436,71,443,31652,,0.0005,0.273,7412.0,,,
,21.7,-11.6,0.689,,1440,71,444,31713,,0.0005,0.545,7428.0,,,
,21.3,-11.6,0.689,,1444,71,445,31740,,0.0005,0.153,7434.0,,,
,21.1,-11.4,0.688,,1448,71,446,31805,,0.0005,1.17,7451.0,,,
,20.9,-11.4,0.687,,1452,71,448,31898,,0.0005,0.753,7474.0,,,
,21.6,-11.6,0.686,,1456,71,449,32045,,0.0005,0.142,7511.0,,,
,22.0,-11.8,0.684,,1460,71,451,32205,,0.0005,0.544,7551.0,,,
,22.2,-11.8,0.684,,1464,71,452,32294,,0.0005,0.761,7573.0,,,
,22.3,-11.8,0.682,,1468,71,453,32441,,0.0005,0.58,7610.0,,,
,22.8,-11.8,0.681,,1472,71,455,32549,,0.0005,0.446,7637.0,,,
,22.4,-12.0,0.68,,1476,71,456,32606,,0.0005,0.461,7651.0,,,
,22.5,-12.2,0.68,,1480,71,457,32689,,0.0005,0.315,7672.0,,,
,22.2,-12.2,0.679,,1484,71,458,32767,,0.0005,0.523,7691.0,,,
,23.0,-12.4,0.677,,1488,71,460,32911,,0.0005,0.638,7727.0,,,
,23.0,-12.8,0.676,,1492,71,461,33018,,0.0005,0.305,7754.0,,,
,23.2,-12.8,0.675,,1496,71,463,33151,,0.0005,0.4,7787.0,,,
,23.8,-12.8,0.674,,1500,71,464,33255,,0.0005,0.707,7813.0,,,
,25.4,-12.6,0.672,,1504,71,465,33447,,0.0005,0.459,7861.0,,,
,23.7,-12.4,0.672,,1508,71,466,33498,,0.0005,0.573,7874.0,,,
,23.5,-12.4,0.671,,1512,71,468,33551,,0.0005,0.518,7887.0,,,
,22.2,-12.0,0.671,,1516,71,469,33581,,0.0005,0.459,7895.0,,,
,22.9,-12.2,0.67,,1520,71,470,33708,,0.0005,0.625,7926.0,,,
,24.3,-12.0,0.668,,1524,71,471,33879,,0.0005,0.244,7969.0,,,
,24.7,-12.2,0.667,,1528,71,473,33986,,0.0005,0.66,7996.0,,,
,24.4,-12.2,0.666,,1532,71,474,34036,,0.0005,0.381,8008.0,,,
,24.4,-12.4,0.666,,1536,71,475,34087,,0.0005,0.385,8021.0,,,
,24.4,-12.6,0.665,,1540,71,476,34151,,0.0005,0.433,8037.0,,,
,25.5,-12.8,0.664,,1544,71,477,34290,,0.0005,0.78,8072.0,,,
,25.4,-12.8,0.663,,1548,71,478,34341,,0.0005,0.638,8085.0,,,
,25.4,-12.8,0.662,,1552,71,480,34440,,0.0005,0.322,8109.0,,,
,24.6,-12.8,0.662,,1556,71,481,34500,,0.0005,0.409,8124.0,,,
,24.7,-12.8,0.66,,1560,71,482,34674,,0.0005,0.559,8168.0,,,
,24.6,-12.6,0.659,,1564,71,484,34754,,0.0005,0.444,8188.0,,,
,24.0,-12.4,0.659,,1568,71,485,34845,,0.0005,0.314,8211.0,,,
,24.0,-12.6,0.658,,1572,71,486,34945,,0.0005,0.294,8236.0,,,
,24.6,-12.6,0.656,,1576,71,487,35063,,0.0005,0.11,8265.0,,,
,24.5,-12.2,0.656,,1580,71,489,35139,,0.0005,0.61,8284.0,,,
,25.6,-12.2,0.654,,1584,72,490,35331,,0.0005,0.396,8332.0,,,
,25.6,-12.2,0.652,,1588,72,491,35471,,0.0005,0.141,8367.0,,,
,25.2,-12.4,0.652,,1592,72,493,35540,,0.0005,0.509,8384.0,,,
,25.3,-12.8,0.65,,1596,72,494,35682,,0.0005,0.408,8420.0,,,
,25.3,-13.0,0.649,,1600,72,495,35781,,0.0005,0.788,8445.0,,,
,23.9,-13.2,0.649,,1604,72,496,35839,,0.0005,0.406,8459.0,,,
,23.8,-13.2,0.648,,1608,72,497,35878,,0.0005,0.734,8469.0,,,
,24.7,-13.4,0.647,,1612,72,499,36021,,0.0005,0.368,8505.0,,,
,25.1,-13.4,0.646,,1616,72,500,36090,,0.0005,0.233,8522.0,,,
,25.1,-13.4,0.645,,1620,72,501,36214,,0.0005,0.369,8553.0,,,
,24.6,-13.6,0.644,,1624,72,503,36335,,0.0005,0.364,8583.0,,,
,24.8,-13.4,0.643,,1628,72,504,36466,,0.0005,0.383,8616.0,,,
,24.9,-13.4,0.642,,1632,72,505,36523,,0.0005,0.434,8630.0,,,
,25.7,-13.4,0.641,,1636,72,507,36656,,0.0005,0.415,8663.0,,,
,25.9,-13.4,0.64,,1640,72,508,36737,,0.0005,0.54,8684.0,,,
,25.3,-13.2,0.639,,1644,72,509,36822,,0.0005,0.607,8705.0,,,
,26.1,-13.0,0.638,,1648,72,510,36948,,0.0005,0.487,8736.0,,,
,26.4,-13.1,0.637,,1652,72,512,37082,,0.0005,0.0809,8770.0,,,
,26.1,-13.1,0.636,,1656,72,513,37114,,0.0005,0.743,8778.0,,,
,25.4,-12.8,0.635,,1660,72,514,37210,,0.0005,0.234,8802.0,,,
,25.6,-13.0,0.634,,1664,72,515,37311,,0.0005,0.125,8827.0,,,
,25.3,-13.2,0.634,,1668,72,517,37378,,0.0005,0.336,8844.0,,,
,25.4,-13.0,0.633,,1672,72,518,37487,,0.0005,0.372,8871.0,,,
,25.6,-13.0,0.631,,1676,72,519,37621,,0.0005,0.433,8905.0,,,
,25.7,-13.2,0.63,,1680,72,520,37712,,0.0005,0.493,8927.0,,,
,24.8,-13.2,0.629,,1684,72,522,37808,,0.0005,0.38,8951.0,,,
,23.8,-13.2,0.629,,1688,72,523,37848,,0.0005,0.553,8961.0,,,
,23.8,-13.0,0.628,,1692,72,524,37919,,0.0005,0.241,8979.0,,,
,23.1,-12.2,0.628,,1696,72,525,37992,,0.0005,0.59,8997.0,,,
,23.1,-12.2,0.627,,1700,72,526,38094,,0.0005,0.607,9023.0,,,
,23.6,-12.4,0.626,,1704,72,528,38195,,0.0005,0.354,9048.0,,,
,24.7,-12.4,0.624,,1708,72,529,38352,,0.0005,0.732,9087.0,,,
,24.6,-12.2,0.623,,1712,72,530,38480,,0.0005,0.435,9119.0,,,
,26.0,-12.2,0.621,,1716,72,532,38691,,0.0005,0.379,9172.0,,,
,25.6,-12.2,0.62,,1720,72,533,38778,,0.0005,0.381,9194.0,,,
,25.1,-12.4,0.619,,1724,72,534,38846,,0.0005,0.543,9211.0,,,
,24.6,-12.4,0.619,,1728,72,536,38927,,0.0005,0.55,9231.0,,,
,25.9,-12.2,0.617,,1732,72,537,39115,,0.0005,0.338,9278.0,,,
,25.8,-12.2,0.615,,1736,72,539,39240,,0.0005,0.451,9309.0,,,
,26.6,-12.1,0.614,,1740,72,540,39392,,0.0005,0.394,9347.0,,,
,26.4,-12.1,0.613,,1744,72,541,39461,,0.0005,0.738,9365.0,,,
,26.1,-12.2,0.612,,1748,72,542,39560,,0.0005,0.118,9389.0,,,
,25.2,-12.2,0.612,,1752,72,544,39605,,0.0005,0.176,9401.0,,,
,25.8,-12.2,0.611,,1756,72,545,39694,,0.0005,0.453,9423.0,,,
,26.2,-12.2,0.61,,1760,72,546,39830,,0.0005,0.482,9457.0,,,
,25.6,-12.2,0.609,,1764,72,547,39868,,0.0005,0.652,9466.0,,,
,25.2,-12.2,0.609,,1768,72,548,39901,,0.0005,0.347,9475.0,,,
,24.7,-12.2,0.608,,1772,72,549,39958,,0.0005,0.305,9489.0,0.0,0.0,0.0
,23.8,-12.2,0.608,,1776,72,550,40004,,0.0005,0.32,9500.0,,,
,25.0,-12.4,0.606,,1780,72,552,40214,,0.0005,0.443,9553.0,,,
,25.0,-12.4,0.605,,1784,72,553,40308,,0.0005,0.154,9576.0,,,
,25.7,-12.4,0.604,,1788,72,554,40417,,0.0005,0.704,9604.0,,,
,25.5,-12.4,0.603,,1792,72,556,40473,,0.0005,0.476,9618.0,,,
,25.7,-12.8,0.603,,1796,72,557,40561,,0.0005,0.262,9640.0,,,
,25.2,-12.6,0.602,,1800,72,558,40610,,0.0005,0.426,9652.0,,,
,26.1,-12.4,0.6,,1804,72,559,40806,,0.0005,0.37,9701.0,,,
,25.6,-12.2,0.599,,1808,72,561,40909,,0.0005,0.386,9727.0,,,
,25.6,-12.0,0.598,,1812,72,562,41041,,0.0005,0.471,9760.0,,,
,24.1,-12.2,0.597,,1816,72,563,41105,,0.0005,0.263,9776.0,,,
,23.8,-12.0,0.597,,1820,72,564,41162,,0.0005,0.619,9790.0,,,
,24.0,-12.0,0.596,,1824,72,566,41243,,0.0005,0.496,9810.0,,,
,24.4,-12.0,0.595,,1828,72,567,41367,,0.0005,0.324,9841.0,,,
,23.4,-12.2,0.594,,1832,72,568,41452,,0.0005,0.33,9862.0,,,
,22.6,-12.4,0.593,,1836,72,569,41505,,0.0005,0.358,9876.0,,,
,23.4,-12.6,0.591,,1840,73,571,41737,,0.0005,0.328,9934.0,,,
,23.4,-12.8,0.59,,1844,73,572,41803,,0.0005,0.207,9950.0,,,
,23.2,-12.8,0.59,,1848,73,573,41881,,0.0005,0.864,9970.0,,,
,24.0,-12.8,0.588,,1852,73,575,42009,,0.0005,0.172,10002.0,,,
,23.9,-12.8,0.588,,1856,73,576,42083,,0.0005,0.247,10020.0,,,
,23.0,-13.0,0.587,,1860,72,577,42129,,0.0005,0.522,10032.0,,,
,23.1,-13.0,0.587,,1864,72,578,42181,,0.0005,0.79,10045.0,,,
,23.5,-13.0,0.586,,1868,72,579,42254,,0.0005,0.72,10063.0,,,
,23.3,-13.0,0.586,,1872,72,580,42291,,0.0005,0.667,10072.0,,,
,24.0,-13.2,0.584,,1876,72,582,42408,,0.0005,0.352,10101.0,,,
,22.8,-13.0,0.584,,1880,72,583,42490,,0.0005,0.623,10122.0,,,
,22.9,-12.6,0.583,,1884,72,584,42593,,0.0005,0.584,10148.0,,,
,22.3,-12.6,0.582,,1888,72,585,42645,,0.0005,0.797,10161.0,,,
,22.6,-12.6,0.581,,1892,72,587,42738,,0.0005,0.45,10184.0,,,
,22.5,-12.6,0.58,,1896,72,588,42813,,0.0005,0.327,10203.0,,,
,22.6,-12.4,0.58,,1900,72,589,42870,,0.0005,0.208,10217.0,,,
,22.0,-12.8,0.579,,1904,72,590,43005,,0.0005,0.648,10251.0,,,
,22.1,-13.0,0.577,,1908,72,592,43117,,0.0005,0.527,10279.0,,,
,21.3,-13.2,0.577,,1912,72,593,43173,,0.0005,0.565,10293.0,,,
,22.1,-13.2,0.575,,1916,72,594,43320,,0.0005,0.492,10329.0,,,
,22.9,-13.4,0.574,,1920,72,596,43455,,0.0005,0.483,10363.0,,,
,23.2,-13.2,0.573,,1924,72,597,43562,,0.0005,0.185,10390.0,,,
,22.8,-13.4,0.572,,1928,72,598,43645,,0.0005,0.293,10411.0,,,
,23.0,-13.4,0.571,,1932,72,600,43754,,0.0005,0.213,10438.0,,,
,23.5,-13.2,0.57,,1936,72,601,43853,,0.0005,0.684,10463.0,,,
,22.1,-13.4,0.569,,1940,72,602,43942,,0.0005,0.622,10485.0,,,
,22.1,-13.0,0.569,,1944,72,603,44012,,0.0005,0.364,10502.0,,,
,22.0,-13.0,0.568,,1948,72,604,44081,,0.0005,0.398,10520.0,,,
,21.0,-13.0,0.568,,1952,72,605,44109,,0.0005,0.232,10527.0,,,
,21.9,-12.8,0.566,,1956,72,607,44269,,0.0005,0.249,10567.0,,,
,22.9,-13.2,0.565,,1960,72,608,44415,,0.0005,0.565,10603.0,,,
,22.9,-13.0,0.564,,1964,72,609,44468,,0.0005,0.199,10616.0,,,
,23.3,-13.0,0.563,,1968,72,611,44583,,0.0005,0.574,10645.0,,,
,23.7,-12.8,0.562,,1972,72,612,44663,,0.0005,0.32,10665.0,,,
,23.0,-12.6,0.562,,1976,72,613,44709,,0.0005,0.282,10677.0,,,
,23.5,-12.6,0.561,,1980,72,614,44837,,0.0005,0.598,10709.0,,,
,22.8,-13.0,0.56,,1984,72,615,44871,,0.0005,0.739,10717.0,,,
,23.4,-13.0,0.559,,1988,72,617,44987,,0.0005,0.721,10746.0,,,
,23.8,-13.0,0.558,,1992,72,618,45121,,0.0005,0.756,10780.0,,,
,24.9,-12.8,0.556,,1996,73,620,45302,,0.0005,0.386,10825.0,,,
,24.9,-13.0,0.556,,2000,72,621,45357,,0.0005,0.29,10839.0,,,
,24.7,-12.6,0.554,,2004,73,622,45471,,0.0005,0.593,10867.0,,,
,24.0,-12.6,0.554,,2008,72,623,45515,,0.0005,0.385,10878.0,,,
,24.1,-12.6,0.553,,2012,72,624,45585,,0.0005,0.566,10896.0,,,
,24.0,-12.4,0.552,,2016,73,626,45717,,0.0005,0.259,10929.0,,,
,23.9,-12.4,0.551,,2020,73,627,45847,,0.0005,0.417,10961.0,,,
,24.1,-12.4,0.549,,2024,73,628,45970,,0.0005,0.853,10992.0,,,
,24.4,-12.0,0.548,,2028,73,630,46087,,0.0005,0.25,11021.0,,,
,23.6,-12.0,0.548,,2032,73,631,46112,,0.0005,0.448,11027.0,,,
,23.0,-12.0,0.548,,2036,72,632,46157,,0.0005,0.545,11039.0,,,
,22.6,-11.8,0.547,,2040,72,633,46205,,0.0005,0.507,11051.0,,,
,22.4,-12.0,0.547,,2044,72,634,46248,,0.0005,0.694,11061.0,,,
,22.9,-12.0,0.546,,2048,72,635,46375,,0.0005,0.684,11093.0,,,
,23.6,-12.0,0.545,,2052,72,637,46464,,0.0005,0.571,11115.0,,,
,22.6,-12.4,0.544,,2056,72,638,46528,,0.0005,0.148,11131.0,,,
,22.1,-11.6,0.543,,2060,72,639,46624,,0.0005,0.482,11155.0,,,
,22.4,-11.6,0.542,,2064,72,640,46710,,0.0005,0.223,11177.0,,,
,22.3,-11.6,0.541,,2068,72,642,46813,,0.0005,0.428,11203.0,,,
,22.3,-11.8,0.54,,2072,72,643,46897,,0.0005,0.447,11224.0,,,
,22.3,-11.8,0.54,,2076,72,644,46941,,0.0005,0.26,11235.0,,,
,22.5,-11.8,0.539,,2080,72,645,47083,,0.0005,0.4,11270.0,,,
,23.2,-11.8,0.538,,2084,72,646,47192,,0.0005,0.474,11297.0,,,
,22.6,-12.0,0.537,,2088,72,648,47246,,0.0005,0.316,11311.0,,,
,22.3,-12.2,0.536,,2092,72,649,47354,,0.0005,0.579,11338.0,,,
,21.1,-12.4,0.535,,2096,72,650,47417,,0.0005,0.205,11354.0,,,
,21.7,-12.4,0.534,,2100,72,651,47529,,0.0005,0.399,11382.0,,,
,22.0,-12.4,0.533,,2104,72,653,47675,,0.0005,0.375,11418.0,,,
,22.9,-12.4,0.532,,2108,73,654,47801,,0.0005,0.62,11450.0,,,
,23.0,-12.6,0.531,,2112,73,655,47883,,0.0005,0.333,11470.0,,,
,22.5,-12.6,0.53,,2116,73,657,47964,,0.0005,0.485,11490.0,,,
,22.1,-12.2,0.529,,2120,73,658,48060,,0.0005,0.182,11514.0,,,
,22.0,-12.2,0.528,,2124,73,659,48167,,0.0005,0.336,11541.0,,,
,22.5,-12.6,0.526,,2128,73,661,48339,,0.0005,0.571,11584.0,,,
,22.6,-12.6,0.526,,2132,73,662,48368,,0.0005,0.418,11591.0,,,
,24.6,-12.4,0.524,,2136,73,663,48621,,0.0005,0.759,11655.0,,,
,25.3,-12.4,0.522,,2140,73,665,48733,,0.0005,0.954,11683.0,,,
,25.8,-12.4,0.521,,2144,73,666,48829,,0.0005,0.803,11707.0,,,
,26.0,-12.4,0.52,,2148,73,667,48977,,0.0005,0.717,11744.0,,,
,26.6,-12.3,0.519,,2152,73,669,49119,,0.0005,0.684,11779.0,,,
,27.4,-12.1,0.517,,2156,73,670,49264,,0.0005,0.65,11815.0,,,
,27.7,-12.3,0.516,,2160,73,672,49398,,0.0005,0.519,11849.0,,,
,28.4,-12.7,0.514,,2164,73,673,49555,,0.0005,0.443,11888.0,,,
,29.7,-12.9,0.512,,2168,73,675,49780,,0.0005,0.879,11944.0,,,
,29.4,-12.9,0.512,,2172,73,676,49837,,0.0005,0.466,11959.0,,,
,29.9,-12.9,0.511,,2176,73,677,49934,,0.0005,0.688,11983.0,0.0,0.0,0.0
,29.4,-12.7,0.51,,2180,73,678,50026,,0.0005,0.738,12006.0,,,
,28.8,-12.7,0.509,,2184,73,679,50076,,0.0005,0.48,12018.0,,,
,29.6,-12.5,0.508,,2188,73,681,50209,,0.0005,0.117,12052.0,,,
,29.7,-12.1,0.507,,2192,73,682,50326,,0.0005,0.924,12081.0,,,
,30.2,-12.3,0.506,,2196,73,684,50436,,0.0005,0.833,12108.0,,,
,30.1,-12.3,0.505,,2200,73,685,50544,,0.0005,0.453,12135.0,,,
,29.4,-12.5,0.504,,2204,73,686,50613,,0.0005,0.313,12153.0,,,
,29.5,-12.7,0.503,,2208,73,687,50755,,0.0005,0.437,12188.0,,,
,29.7,-12.3,0.502,,2212,73,689,50854,,0.0005,0.301,12213.0,,,
,29.4,-12.3,0.501,,2216,73,690,50900,,0.0005,0.521,12224.0,,,
,29.3,-12.5,0.5,,2220,73,691,50987,,0.0005,0.528,12246.0,,,
,29.0,-12.5,0.5,,2224,73,692,51069,,0.0005,0.273,12267.0,,,
,28.5,-12.3,0.498,,2228,73,694,51185,,0.0005,0.311,12296.0,,,
,28.8,-12.3,0.498,,2232,73,695,51247,,0.0005,0.51,12311.0,,,
,26.9,-12.5,0.497,,2236,73,696,51310,,0.0005,0.48,12327.0,,,
,26.8,-12.5,0.496,,2240,73,697,51416,,0.0005,0.46,12353.0,,,
,26.4,-12.5,0.496,,2244,73,698,51464,,0.0005,0.359,12365.0,,,
,25.3,-12.6,0.495,,2248,73,699,51511,,0.0005,0.248,12377.0,,,
,24.9,-12.8,0.494,,2252,73,701,51607,,0.0005,0.557,12401.0,,,
,24.5,-13.2,0.493,,2256,73,702,51718,,0.0005,0.264,12429.0,,,
,23.6,-13.2,0.493,,2260,73,703,51761,,0.0005,0.699,12440.0,,,
,22.7,-13.0,0.492,,2264,73,704,51825,,0.0005,0.403,12456.0,,,
,21.4,-12.8,0.491,,2268,73,705,51917,,0.0005,0.604,12479.0,,,
,21.7,-12.8,0.49,,2272,73,707,52003,,0.0005,0.498,12500.0,,,
,21.4,-12.8,0.49,,2276,73,708,52072,,0.0005,0.872,12517.0,,,
,21.6,-13.0,0.489,,2280,73,709,52186,,0.0005,0.386,12546.0,,,
,21.8,-13.0,0.488,,2284,73,710,52258,,0.0005,0.194,12564.0,,,
,21.5,-12.6,0.487,,2288,73,712,52361,,0.0005,0.828,12590.0,,,
,21.4,-12.6,0.486,,2292,73,713,52463,,0.0005,0.154,12615.0,,,
,20.6,-12.4,0.486,,2296,73,714,52497,,0.0005,0.356,12624.0,,,
,20.4,-12.4,0.485,,2300,73,715,52580,,0.0005,0.285,12644.0,,,
,21.0,-12.6,0.483,,2304,73,717,52717,,0.0005,0.567,12679.0,,,
,20.2,-12.4,0.483,,2308,73,718,52774,,0.0005,0.529,12693.0,,,
,19.7,-12.6,0.482,,2312,73,719,52823,,0.0005,0.443,12705.0,,,
,19.6,-12.6,0.482,,2316,73,720,52864,,0.0005,0.328,12715.0,,,
,20.1,-12.4,0.481,,2320,73,721,52998,,0.0005,0.582,12749.0,,,
,20.5,-12.4,0.479,,2324,73,723,53117,,0.0005,0.57,12779.0,,,
,20.9,-12.6,0.478,,2328,73,724,53278,,0.0005,0.474,12819.0,,,
,21.3,-12.6,0.477,,2332,73,725,53377,,0.0005,0.416,12844.0,,,
,21.3,-12.6,0.476,,2336,73,726,53439,,0.0005,0.442,12859.0,,,
,21.1,-12.6,0.475,,2340,73,728,53529,,0.0005,0.708,12882.0,,,
,21.2,-12.6,0.475,,2344,73,729,53586,,0.0005,1.11,12896.0,,,
,21.9,-12.4,0.474,,2348,73,730,53703,,0.0005,0.628,12925.0,,,
,21.8,-12.4,0.473,,2352,73,731,53782,,0.0005,0.166,12945.0,,,
,21.4,-12.0,0.472,,2356,73,732,53856,,0.0005,1.11,12963.0,,,
,21.8,-12.0,0.471,,2360,73,734,53938,,0.0005,0.482,12984.0,,,
,21.8,-11.8,0.471,,2364,73,735,54008,,0.0005,0.724,13001.0,,,
,21.9,-12.0,0.47,,2368,73,736,54109,,0.0005,0.51,13027.0,,,
,22.3,-12.0,0.469,,2372,73,737,54232,,0.0005,0.798,13057.0,,,
,22.0,-12.0,0.468,,2376,73,739,54268,,0.0005,0.194,13066.0,,,
,21.4,-12.0,0.468,,2380,73,740,54322,,0.0005,0.729,13080.0,,,
,21.6,-11.8,0.467,,2384,73,741,54416,,0.0005,0.18,13103.0,,,
,22.1,-12.0,0.465,,2388,73,742,54567,,0.0005,0.497,13141.0,,,
,22.7,-12.2,0.464,,2392,73,744,54737,,0.0005,0.414,13184.0,,,
,23.3,-12.2,0.463,,2396,73,745,54823,,0.0005,0.132,13205.0,,,
,23.0,-12.2,0.462,,2400,73,746,54878,,0.0005,0.556,13219.0,,,
,22.9,-11.8,0.461,,2404,73,747,55003,,0.0005,0.282,13250.0,,,
,23.3,-11.6,0.46,,2408,73,749,55102,,0.0005,0.271,13275.0,,,
,23.9,-12.0,0.459,,2412,73,750,55210,,0.0005,0.669,13302.0,,,
,24.7,-12.0,0.458,,2416,73,751,55330,,0.0005,0.256,13332.0,,,
,24.1,-12.2,0.457,,2420,73,753,55406,,0.0005,0.45,13351.0,,,
,23.5,-12.2,0.456,,2424,73,754,55466,,0.0005,0.603,13366.0,,,
,22.8,-12.0,0.456,,2428,73,755,55554,,0.0005,0.543,13388.0,,,
,23.1,-12.2,0.454,,2432,73,756,55691,,0.0005,0.381,13422.0,,,
,23.0,-12.0,0.454,,2436,73,757,55737,,0.0005,0.601,13434.0,,,
,23.1,-12.0,0.453,,2440,73,759,55841,,0.0005,0.418,13460.0,,,
,23.1,-12.0,0.452,,2444,73,760,55899,,0.0005,0.0893,13474.0,,,
,23.4,-12.0,0.451,,2448,73,761,56048,,0.0005,0.401,13511.0,,,
,23.6,-12.2,0.45,,2452,73,762,56141,,0.0005,1.01,13535.0,,,
,24.0,-12.2,0.449,,2456,73,764,56258,,0.0005,0.64,13564.0,,,
,24.2,-12.2,0.448,,2460,73,765,56363,,0.0005,0.462,13590.0,,,
,24.7,-12.4,0.447,,2464,73,766,56476,,0.0005,0.303,13618.0,,,
,25.3,-12.6,0.445,,2468,73,768,56640,,0.0005,0.783,13659.0,,,
,25.1,-12.2,0.444,,2472,73,769,56739,,0.0005,0.47,13684.0,,,
,26.6,-12.5,0.442,,2476,73,771,56925,,0.0005,0.525,13731.0,,,
,26.8,-12.5,0.441,,2480,73,772,57004,,0.0005,0.303,13750.0,,,
,27.1,-12.5,0.44,,2484,73,773,57127,,0.0005,0.595,13781.0,,,
,26.6,-12.7,0.439,,2488,73,774,57226,,0.0005,0.564,13806.0,,,
,26.0,-12.5,0.438,,2492,73,776,57334,,0.0005,0.386,13833.0,,,
,25.8,-12.5,0.437,,2496,73,777,57405,,0.0005,0.562,13851.0,,,
,26.8,-12.5,0.436,,2500,73,778,57560,,0.0005,0.418,13889.0,,,
,26.5,-12.5,0.435,,2504,73,780,57649,,0.0005,0.462,13912.0,,,
,26.5,-12.7,0.434,,2508,73,781,57751,,0.0005,0.0944,13937.0,,,
,25.8,-12.3,0.434,,2512,73,782,57791,,0.0005,0.434,13947.0,,,
,25.4,-12.1,0.433,,2516,73,783,57873,,0.0005,0.344,13968.0,,,
,25.6,-12.1,0.432,,2520,73,784,57961,,0.0005,0.51,13990.0,,,
,25.5,-12.1,0.431,,2524,73,786,58017,,0.0005,0.474,14004.0,,,
,26.0,-12.1,0.43,,2528,73,787,58155,,0.0005,0.439,14038.0,,,
,26.3,-11.9,0.428,,2532,73,788,58323,,0.0005,0.18,14080.0,,,
,27.0,-11.9,0.427,,2536,73,790,58441,,0.0005,0.243,14110.0,,,
,28.2,-11.7,0.425,,2540,74,791,58657,,0.0005,0.463,14164.0,,,
,28.3,-12.0,0.424,,2544,74,793,58733,,0.0005,0.477,14183.0,,,
,29.0,-12.0,0.422,,2548,74,794,58951,,0.0005,0.335,14237.0,,,
,30.3,-12.0,0.42,,2552,74,796,59172,,0.0005,0.423,14292.0,,,
,29.6,-12.2,0.42,,2556,74,797,59218,,0.0005,0.355,14304.0,,,
,30.9,-12.2,0.417,,2560,74,799,59452,,0.0005,0.456,14362.0,,,
,31.1,-11.8,0.416,,2564,74,800,59581,,0.0005,0.623,14395.0,,,
,30.1,-11.4,0.415,,2568,74,801,59646,,0.0005,0.123,14411.0,,,
,30.0,-12.0,0.415,,2572,74,803,59742,,0.0005,0.109,14435.0,,,
,30.3,-11.8,0.412,,2576,74,804,59958,,0.0005,0.492,14489.0,0.0,0.0,0.0
,30.6,-11.9,0.411,,2580,74,805,60067,,0.0005,0.353,14516.0,,,
,31.6,-12.3,0.409,,2584,74,807,60290,,0.0005,0.23,14572.0,,,
,31.8,-12.5,0.408,,2588,74,808,60407,,0.0005,0.321,14601.0,,,
,31.6,-12.7,0.407,,2592,74,810,60497,,0.0005,0.468,14624.0,,,
,32.2,-12.7,0.406,,2596,74,811,60629,,0.0005,0.505,14657.0,,,
,31.9,-12.7,0.405,,2600,74,812,60746,,0.0005,0.368,14686.0,,,
,31.9,-12.7,0.404,,2604,74,814,60844,,0.0005,0.403,14710.0,,,
,32.3,-12.7,0.402,,2608,74,815,60985,,0.0005,0.424,14746.0,,,
,32.8,-12.7,0.401,,2612,74,816,61072,,0.0005,0.178,14767.0,,,
,33.6,-13.1,0.4,,2616,74,818,61231,,0.0005,0.676,14807.0,,,
,34.4,-13.1,0.398,,2620,74,819,61397,,0.0005,0.271,14849.0,,,
,34.6,-13.1,0.397,,2624,74,821,61482,,0.0005,0.498,14870.0,,,
,34.1,-13.1,0.397,,2628,74,822,61569,,0.0005,0.581,14892.0,,,
,33.4,-13.1,0.396,,2632,74,823,61661,,0.0005,0.416,14915.0,,,
,32.5,-13.3,0.395,,2636,74,824,61689,,0.0005,0.493,14922.0,,,
,31.4,-13.5,0.394,,2640,74,825,61794,,0.0005,0.275,14948.0,,,
,31.4,-13.3,0.394,,2644,74,827,61872,,0.0005,0.417,14967.0,,,
,29.5,-13.1,0.393,,2648,74,828,61904,,0.0005,0.185,14975.0,,,
,27.8,-12.7,0.393,,2652,74,829,61948,,0.0005,0.273,14986.0,,,
,28.4,-12.5,0.392,,2656,74,830,62056,,0.0005,0.837,15013.0,,,
,27.5,-12.7,0.39,,2660,74,831,62202,,0.0005,0.209,15050.0,,,
,27.8,-12.9,0.389,,2664,74,833,62361,,0.0005,0.61,15090.0,,,
,28.3,-12.9,0.388,,2668,74,834,62475,,0.0005,0.361,15118.0,,,
,28.1,-12.9,0.387,,2672,74,835,62554,,0.0005,0.28,15138.0,,,
,26.9,-13.1,0.386,,2676,74,837,62647,,0.0005,0.336,15161.0,,,
,26.4,-12.8,0.386,,2680,74,838,62702,,0.0005,0.502,15175.0,,,
,25.6,-12.6,0.384,,2684,74,839,62847,,0.0005,0.469,15211.0,,,
,25.2,-12.2,0.383,,2688,74,840,62932,,0.0005,0.857,15232.0,,,
,25.3,-12.4,0.382,,2692,74,842,63031,,0.0005,0.463,15257.0,,,
,25.5,-12.2,0.381,,2696,74,843,63183,,0.0005,0.162,15295.0,,,
,25.4,-12.2,0.38,,2700,74,844,63286,,0.0005,0.452,15321.0,,,
,25.2,-12.4,0.379,,2704,74,846,63367,,0.0005,0.722,15341.0,,,
,24.6,-12.6,0.378,,2708,74,847,63440,,0.0005,0.494,15359.0,,,
,24.6,-12.4,0.377,,2712,74,848,63535,,0.0005,0.474,15383.0,,,
,23.8,-12.2,0.377,,2716,74,849,63615,,0.0005,0.562,15403.0,,,
,22.8,-12.2,0.376,,2720,74,850,63677,,0.0005,0.231,15419.0,,,
,22.2,-12.2,0.376,,2724,74,851,63704,,0.0005,0.522,15425.0,,,
,21.9,-12.2,0.375,,2728,74,853,63760,,0.0005,0.591,15439.0,,,
,21.8,-12.2,0.374,,2732,74,854,63840,,0.0005,0.476,15459.0,,,
,22.4,-12.4,0.374,,2736,74,855,63926,,0.0005,0.24,15481.0,,,
,22.3,-12.4,0.373,,2740,74,856,64024,,0.0005,0.781,15505.0,,,
,23.1,-12.2,0.371,,2744,74,858,64181,,0.0005,0.248,15545.0,,,
,24.0,-12.4,0.37,,2748,74,859,64306,,0.0005,0.152,15576.0,,,
,25.1,-12.6,0.368,,2752,74,861,64457,,0.0005,0.55,15614.0,,,
,24.8,-12.6,0.368,,2756,74,862,64537,,0.0005,0.264,15634.0,,,
,23.8,-12.6,0.367,,2760,74,863,64580,,0.0005,0.672,15644.0,,,
,23.1,-12.8,0.366,,2764,74,864,64676,,0.0005,0.736,15668.0,,,
,22.9,-12.6,0.365,,2768,74,866,64766,,0.0005,0.52,15691.0,,,
,23.0,-12.4,0.364,,2772,74,867,64853,,0.0005,0.321,15713.0,,,
,23.2,-12.2,0.363,,2776,74,868,64967,,0.0005,0.311,15741.0,,,
,23.9,-12.0,0.362,,2780,74,870,65093,,0.0005,0.333,15773.0,,,
,23.8,-12.0,0.361,,2784,74,871,65225,,0.0005,0.314,15806.0,,,
,23.9,-12.2,0.36,,2788,74,872,65318,,0.0005,0.616,15829.0,,,
,23.6,-12.0,0.359,,2792,74,873,65386,,0.0005,0.479,15846.0,,,
,23.0,-12.2,0.358,,2796,74,875,65484,,0.0005,0.454,15870.0,,,
,23.0,-12.2,0.357,,2800,74,876,65582,,0.0005,0.677,15895.0,,,
,23.1,-12.0,0.356,,2804,74,877,65674,,0.0005,0.203,15918.0,,,
,23.5,-11.8,0.355,,2808,74,879,65791,,0.0005,0.524,15947.0,,,
,23.6,-12.2,0.354,,2812,74,880,65895,,0.0005,0.394,15973.0,,,
,24.8,-12.2,0.352,,2816,74,882,66096,,0.0005,0.304,16023.0,,,
,26.1,-12.4,0.35,,2820,75,883,66288,,0.0005,0.308,16071.0,,,
,27.3,-12.5,0.349,,2824,75,885,66435,,0.0005,0.356,16108.0,,,
,27.8,-12.7,0.348,,2828,75,886,66536,,0.0005,0.734,16133.0,,,
,27.9,-12.5,0.347,,2832,75,887,66634,,0.0005,0.213,16158.0,,,
,28.6,-12.1,0.346,,2836,75,889,66782,,0.0005,0.315,16195.0,,,
,28.3,-11.9,0.345,,2840,75,890,66858,,0.0005,0.283,16214.0,,,
,28.5,-12.3,0.343,,2844,75,891,67032,,0.0005,0.709,16257.0,,,
,27.9,-12.3,0.342,,2848,75,892,67097,,0.0005,0.519,16274.0,,,
,27.8,-12.1,0.341,,2852,75,894,67237,,0.0005,0.447,16309.0,,,
,27.9,-11.9,0.34,,2856,75,895,67331,,0.0005,0.191,16332.0,,,
,28.6,-11.7,0.339,,2860,75,896,67444,,0.0005,0.581,16360.0,,,
,29.5,-11.7,0.337,,2864,75,898,67627,,0.0005,0.23,16406.0,,,
,30.1,-11.9,0.336,,2868,75,899,67777,,0.0005,0.519,16444.0,,,
,31.1,-12.1,0.334,,2872,75,901,67964,,0.0005,0.502,16490.0,,,
,32.2,-11.9,0.332,,2876,75,903,68184,,0.0005,0.335,16545.0,,,
,31.6,-12.1,0.331,,2880,75,904,68253,,0.0005,0.136,16563.0,,,
,30.8,-11.9,0.331,,2884,75,905,68307,,0.0005,0.471,16576.0,,,
,30.6,-11.9,0.33,,2888,75,906,68382,,0.0005,0.347,16595.0,,,
,30.6,-11.9,0.329,,2892,75,907,68451,,0.0005,0.159,16612.0,,,
,31.8,-12.1,0.327,,2896,75,909,68662,,0.0005,0.417,16665.0,,,
,31.8,-11.7,0.326,,2900,75,910,68765,,0.0005,0.956,16691.0,,,
,32.1,-11.5,0.325,,2904,75,912,68884,,0.0005,0.691,16720.0,,,
,32.1,-11.3,0.324,,2908,75,913,69000,,0.0005,0.264,16749.0,,,
,31.8,-11.3,0.323,,2912,75,914,69079,,0.0005,0.241,16769.0,,,
,30.8,-11.1,0.322,,2916,75,916,69177,,0.0005,0.0968,16794.0,,,
,30.0,-10.7,0.321,,2920,75,917,69285,,0.0005,0.269,16821.0,,,
,29.6,-10.7,0.32,,2924,75,918,69390,,0.0005,0.0631,16847.0,,,
,29.4,-10.5,0.319,,2928,75,920,69480,,0.0005,0.259,16869.0,,,
,29.6,-10.9,0.318,,2932,75,921,69596,,0.0005,0.733,16898.0,,,
,29.5,-11.1,0.317,,2936,75,922,69734,,0.0005,0.884,16933.0,,,
,29.9,-11.3,0.316,,2940,75,924,69846,,0.0005,0.565,16961.0,0.0,0.0,0.0
,29.7,-11.1,0.314,,2944,75,925,70002,,0.0005,0.614,17000.0,,,
,30.8,-10.9,0.312,,2948,75,927,70178,,0.0005,0.132,17044.0,,,
,30.3,-11.1,0.311,,2952,75,928,70270,,0.0005,0.178,17067.0,,,
,30.3,-11.3,0.31,,2956,75,929,70363,,0.0005,0.306,17090.0,,,
,30.5,-11.3,0.309,,2960,75,931,70496,,0.0005,0.211,17123.0,,,
,30.1,-11.7,0.308,,2964,75,932,70634,,0.0005,0.332,17158.0,,,
,30.3,-11.9,0.306,,2968,75,934,70804,,0.0005,0.421,17200.0,,,
,30.0,-11.9,0.305,,2972,75,935,70961,,0.0005,0.375,17240.0,,,
,29.8,-11.5,0.303,,2976,75,937,71161,,0.0005,0.476,17290.0,,,
,30.0,-11.5,0.302,,2980,75,938,71251,,0.0005,0.41,17312.0,,,
,31.2,-11.7,0.3,,2984,75,940,71431,,0.0005,0.654,17357.0,,,
,33.5,-11.7,0.297,,2988,76,942,71727,,0.0005,0.231,17431.0,,,
,35.7,-11.7,0.294,,2992,76,944,72021,,0.0005,0.361,17505.0,,,
,33.9,-11.5,0.294,,2996,76,945,72054,,0.0005,0.499,17513.0,,,
,33.7,-11.9,0.293,,3000,76,946,72135,,0.0005,0.682,17533.0,,,
,34.0,-12.1,0.292,,3004,76,947,72282,,0.0005,0.328,17570.0,,,
,33.9,-12.3,0.291,,3008,76,949,72388,,0.0005,0.328,17596.0,,,
,34.0,-12.1,0.29,,3012,76,950,72481,,0.0005,0.304,17620.0,,,
,34.0,-12.3,0.289,,3016,76,951,72574,,0.0005,0.807,17643.0,,,
,34.0,-12.5,0.288,,3020,76,952,72681,,0.0005,0.23,17670.0,,,
,34.8,-12.7,0.286,,3024,76,954,72867,,0.0005,0.503,17716.0,,,
,35.0,-12.7,0.285,,3028,76,955,72978,,0.0005,0.238,17744.0,,,
,35.8,-12.5,0.283,,3032,76,957,73180,,0.0005,0.495,17794.0,,,
,35.2,-12.5,0.282,,3036,76,958,73251,,0.0005,1.0,17812.0,,,
,35.6,-12.1,0.281,,3040,76,960,73411,,0.0005,0.568,17852.0,,,
,35.0,-12.1,0.28,,3044,76,961,73503,,0.0005,0.516,17875.0,,,
,35.0,-12.3,0.278,,3048,76,962,73682,,0.0005,0.441,17920.0,,,
,35.6,-12.3,0.277,,3052,76,964,73826,,0.0005,0.263,17956.0,,,
,35.1,-12.3,0.276,,3056,76,965,73875,,0.0005,0.287,17968.0,,,
,35.7,-12.3,0.274,,3060,76,966,74069,,0.0005,0.462,18017.0,,,
,35.8,-11.9,0.273,,3064,76,968,74213,,0.0005,0.631,18053.0,,,
,35.2,-11.7,0.272,,3068,76,969,74320,,0.0005,0.115,18079.0,,,
,34.5,-11.5,0.271,,3072,76,970,74406,,0.0005,0.472,18101.0,,,
,33.9,-12.1,0.269,,3076,76,972,74550,,0.0005,0.572,18137.0,,,
,35.3,-12.1,0.267,,3080,76,974,74784,,0.0005,0.869,18195.0,,,
,34.6,-11.9,0.266,,3084,76,975,74890,,0.0005,0.655,18222.0,,,
,32.7,-11.9,0.265,,3088,76,976,74998,,0.0005,0.0811,18249.0,,,
,30.9,-11.7,0.264,,3092,76,978,75116,,0.0005,0.333,18278.0,,,
,31.4,-11.7,0.263,,3096,76,979,75194,,0.0005,0.398,18298.0,,,
,32.7,-11.5,0.261,,3100,76,980,75406,,0.0005,0.698,18351.0,,,
,31.9,-11.5,0.26,,3104,76,982,75475,,0.0005,0.527,18368.0,,,
,32.2,-11.7,0.259,,3108,76,983,75605,,0.0005,0.146,18401.0,,,
,32.9,-11.9,0.257,,3112,76,984,75771,,0.0005,0.65,18442.0,,,
,33.1,-11.7,0.256,,3116,76,986,75884,,0.0005,0.42,18470.0,,,
,33.6,-11.9,0.255,,3120,76,987,76045,,0.0005,0.663,18511.0,,,
,33.5,-11.5,0.253,,3124,77,989,76219,,0.0005,0.278,18554.0,,,
,33.1,-11.5,0.252,,3128,77,990,76287,,0.0005,0.346,18571.0,,,
,33.4,-11.3,0.25,,3132,77,992,76520,,0.0005,0.744,18629.0,,,
,34.1,-11.3,0.249,,3136,77,993,76660,,0.0005,0.39,18664.0,,,
,33.0,-11.7,0.248,,3140,77,994,76707,,0.0005,0.431,18676.0,,,
,33.5,-11.5,0.247,,3144,77,996,76855,,0.0005,0.307,18713.0,,,
,32.2,-11.5,0.246,,3148,77,997,76906,,0.0005,0.167,18726.0,,,
,31.9,-11.5,0.245,,3152,77,998,77021,,0.0005,0.354,18755.0,,,
,32.9,-11.5,0.244,,3156,77,1000,77167,,0.0005,0.611,18791.0,,,
,33.4,-11.1,0.241,,3160,77,1002,77406,,0.0005,0.305,18851.0,,,
,33.6,-10.7,0.24,,3164,77,1003,77573,,0.0005,0.0224,18893.0,,,
,34.1,-10.3,0.238,,3168,77,1005,77729,,0.0005,0.526,18932.0,,,
,34.1,-10.3,0.237,,3172,77,1006,77814,,0.0005,0.263,18953.0,,,
,34.4,-10.3,0.236,,3176,77,1007,77990,,0.0005,0.156,18997.0,,,
,33.8,-10.3,0.234,,3180,77,1009,78161,,0.0005,0.387,19040.0,,,
,34.0,-10.5,0.233,,3184,77,1010,78289,,0.0005,0.523,19072.0,,,
,35.2,-10.5,0.23,,3188,77,1012,78521,,0.0005,0.684,19130.0,,,
,35.9,-10.7,0.229,,3192,77,1014,78705,,0.0005,0.572,19176.0,,,
,36.2,-10.7,0.228,,3196,77,1015,78819,,0.0005,0.176,19204.0,,,
,35.8,-10.9,0.226,,3200,77,1017,78985,,0.0005,0.661,19246.0,,,
,37.1,-10.6,0.224,,3204,77,1018,79186,,0.0005,0.367,19296.0,,,
,36.6,-10.4,0.223,,3208,77,1020,79267,,0.0005,0.576,19316.0,,,
,37.0,-10.4,0.221,,3212,77,1021,79472,,0.0005,0.16,19367.0,,,
,36.8,-10.6,0.22,,3216,77,1023,79562,,0.0005,0.698,19390.0,,,
,36.4,-10.1,0.219,,3220,77,1024,79686,,0.0005,0.53,19421.0,0.0,0.0,1.0
,39.5,-10.6,0.214,,3224,78,1027,80167,,0.0005,0.369,19541.0,,,
,40.9,-10.4,0.212,,3228,78,1028,80375,,0.0005,0.407,19593.0,,,
,41.2,-10.6,0.21,,3232,78,1030,80638,,0.0005,0.469,19659.0,,,
,41.4,-10.6,0.208,,3236,78,1032,80801,,0.0005,0.158,19700.0,,,
,44.0,-10.6,0.205,,3240,78,1034,81112,,0.0005,0.186,19777.0,,,
,46.1,-10.6,0.202,,3244,78,1036,81464,,0.0005,0.166,19865.0,,,
,48.3,-10.9,0.199,,3248,78,1038,81737,,0.0005,0.56,19934.0,,,
,49.0,-11.1,0.197,,3252,78,1039,81920,,0.0005,0.113,19979.0,,,
,49.0,-10.9,0.196,,3256,78,1041,82064,,0.0005,0.284,20015.0,,,
,48.7,-10.9,0.194,,3260,78,1043,82276,,0.0005,0.536,20068.0,,,
,51.5,-11.1,0.189,,3264,79,1045,82728,,0.0005,0.686,20181.0,,,
,51.0,-11.5,0.188,,3268,79,1046,82827,,0.0005,0.494,20206.0,,,
,53.3,-11.5,0.185,,3272,79,1049,83141,,0.0005,0.185,20285.0,,,
,53.1,-11.9,0.184,,3276,79,1050,83305,,0.0005,0.394,20326.0,,,
,53.9,-11.9,0.181,,3280,79,1052,83554,,0.0005,0.338,20388.0,,,
,53.3,-11.9,0.18,,3284,79,1053,83623,,0.0005,0.637,20405.0,,,
,55.2,-11.9,0.176,,3288,79,1056,84037,,0.0005,0.614,20509.0,,,
,54.7,-11.9,0.175,,3292,79,1057,84177,,0.0005,0.276,20544.0,,,
,55.5,-11.9,0.173,,3296,79,1059,84372,,0.0005,0.474,20592.0,,,
,55.6,-11.5,0.171,,3300,79,1060,84543,,0.0005,0.306,20635.0,,,
,55.2,-11.5,0.17,,3304,79,1062,84703,,0.0005,0.389,20675.0,,,
,55.9,-11.1,0.168,,3308,79,1063,84854,,0.0005,0.0707,20713.0,,,
,55.9,-10.9,0.166,,3312,79,1065,85064,,0.0005,0.284,20765.0,,,
,55.8,-10.7,0.166,,3316,79,1066,85141,,0.0005,0.539,20785.0,,,
,56.8,-11.1,0.163,,3320,79,1068,85364,,0.0005,0.529,20840.0,,,
,53.2,-10.9,0.162,,3324,79,1069,85486,,0.0005,0.576,20871.0,,,
,52.4,-11.1,0.161,,3328,79,1071,85611,,0.0005,0.251,20902.0,,,
,51.2,-11.1,0.16,,3332,79,1072,85754,,0.0005,0.482,20938.0,,,
,50.3,-10.9,0.159,,3336,79,1074,85827,,0.0005,0.449,20956.0,,,
,48.8,-10.7,0.157,,3340,79,1075,85990,,0.0005,0.553,20997.0,,,
,47.6,-10.5,0.155,,3344,80,1077,86221,,0.0005,0.169,21055.0,,,
,47.7,-10.5,0.152,,3348,80,1079,86505,,0.0005,0.284,21126.0,,,
,47.0,-10.3,0.151,,3352,80,1080,86624,,0.0005,0.538,21155.0,,,
,47.7,-10.5,0.149,,3356,80,1082,86835,,0.0005,0.286,21208.0,,,
,47.5,-11.3,0.147,,3360,80,1083,87021,,0.0005,0.828,21255.0,,,
,44.9,-11.2,0.145,,3364,80,1085,87215,,0.0005,0.414,21303.0,,,
,45.4,-11.0,0.144,,3368,80,1086,87370,,0.0005,0.29,21342.0,,,
,44.9,-11.0,0.141,,3372,80,1088,87629,,0.0005,0.0521,21407.0,,,
,44.7,-10.6,0.14,,3376,80,1090,87779,,0.0005,0.649,21444.0,,,
,44.1,-10.4,0.138,,3380,80,1092,87965,,0.0005,0.243,21491.0,,,
,47.2,-10.5,0.134,,3384,80,1094,88339,,0.0005,0.501,21584.0,,,
,44.1,-10.4,0.133,,3388,80,1095,88447,,0.0005,0.939,21611.0,,,
,43.8,-10.4,0.132,,3392,80,1097,88556,,0.0005,0.623,21638.0,,,
,44.4,-10.6,0.13,,3396,80,1099,88807,,0.0005,0.563,21701.0,,,
,45.9,-10.8,0.127,,3400,80,1101,89129,,0.0005,0.599,21782.0,,,
,46.7,-11.4,0.124,,3404,80,1103,89372,,0.0005,0.148,21842.0,,,
,46.9,-12.2,0.123,,3408,81,1105,89539,,0.0005,0.646,21884.0,,,
,45.9,-12.2,0.121,,3412,81,1106,89657,,0.0005,0.536,21914.0,,,
,47.1,-12.7,0.119,,3416,81,1108,89849,,0.0005,0.41,21962.0,0.0,0.0,0.0
,47.7,-12.5,0.117,,3420,81,1110,90136,,0.0005,0.0324,22033.0,,,
,47.7,-12.5,0.115,,3424,81,1111,90256,,0.0005,0.17,22063.0,,,
,47.4,-12.5,0.115,,3428,81,1113,90349,,0.0005,0.372,22087.0,,,
,48.2,-12.5,0.112,,3432,81,1115,90572,,0.0005,0.836,22142.0,,,
,49.7,-12.9,0.11,,3436,81,1117,90799,,0.0005,0.699,22199.0,,,
,50.1,-13.3,0.108,,3440,81,1118,91001,,0.0005,0.11,22250.0,,,
,53.2,-13.7,0.103,,3444,81,1121,91538,,0.0005,0.398,22384.0,,,
,54.4,-13.1,0.0989,,3448,81,1124,91948,,0.0005,0.437,22486.0,,,
,56.3,-13.3,0.0959,,3452,81,1126,92254,,0.0005,0.365,22563.0,,,
,56.3,-13.1,0.0938,,3456,81,1128,92465,,0.0005,0.307,22616.0,,,
,56.7,-12.9,0.0916,,3460,82,1129,92691,,0.0005,0.469,22672.0,,,
,57.9,-13.2,0.0886,,3464,82,1131,93004,,0.0005,0.295,22750.0,,,
,58.7,-13.8,0.0862,,3468,82,1133,93244,,0.0005,0.59,22810.0,,,
,61.5,-14.2,0.081,,3472,82,1136,93780,,0.0005,0.3,22944.0,,,
,62.1,-13.6,0.0789,,3476,82,1138,93990,,0.0005,0.598,22997.0,,,
,64.0,-14.0,0.0752,,3480,82,1140,94365,,0.0005,0.205,23091.0,,,
,64.9,-13.8,0.0706,,3484,82,1143,94832,,0.0005,0.716,23207.0,,,
,67.5,-14.1,0.0671,,3488,83,1145,95196,,0.0005,0.716,23298.0,,,
,68.7,-13.9,0.0648,,3492,83,1147,95424,,0.0005,0.317,23355.0,,,
,70.0,-13.9,0.0611,,3496,83,1150,95804,,0.0005,0.445,23450.0,,,
,70.2,-14.1,0.0578,,3500,83,1152,96147,,0.0005,0.368,23536.0,,,
,70.3,-13.9,0.0553,,3504,83,1154,96402,,0.0005,0.59,23600.0,,,
,70.3,-13.7,0.0536,,3508,83,1155,96567,,0.0005,0.35,23641.0,,,
,72.9,-13.5,0.0499,,3512,83,1158,96949,,0.0005,0.406,23737.0,,,
,74.4,-13.1,0.0465,,3516,83,1160,97291,,0.0005,0.266,23822.0,,,
,72.3,-12.9,0.0458,,3520,83,1161,97369,,0.0005,0.127,23842.0,,,
,72.3,-12.9,0.0447,,3524,83,1162,97482,,0.0005,0.305,23870.0,,,
,73.3,-13.1,0.0427,,3528,83,1164,97681,,0.0005,0.843,23920.0,,,
,73.4,-12.9,0.0404,,3532,83,1166,97916,,0.0005,0.465,23978.0,,,
,73.4,-12.7,0.0382,,3536,84,1168,98143,,0.0005,0.269,24035.0,,,
,74.4,-12.5,0.0353,,3540,84,1170,98440,,0.0005,0.618,24109.0,,,
,71.9,-12.5,0.0324,,3544,84,1172,98730,,0.0005,0.331,24182.0,,,
,72.0,-12.3,0.0283,,3548,84,1174,99152,,0.0005,0.264,24287.0,,,
,71.8,-12.1,0.0255,,3552,84,1176,99439,,0.0005,0.934,24359.0,,,
,71.5,-12.3,0.0238,,3556,84,1178,99613,,0.0005,0.443,24403.0,0.0,0.0,0.0
,74.0,-11.9,0.02,,3560,84,1181,100089,,0.0005,0.843,24522.0,,,
,75.9,-11.9,0.02,,3564,84,1183,100591,,0.0005,0.271,24647.0,,,
,79.8,-11.8,0.02,,3568,85,1187,101224,,0.0005,0.203,24805.0,,,
,77.4,-11.1,0.02,,3572,85,1189,101522,,0.0005,0.274,24880.0,,,
,81.2,-11.6,0.02,,3576,85,1192,102111,,0.0005,0.487,25027.0,,,
,79.4,-11.4,0.02,,3580,85,1194,102305,,0.0005,0.331,25076.0,,,
,78.7,-11.8,0.02,,3584,85,1196,102704,,0.0005,0.126,25175.0,,,
,80.1,-11.8,0.02,,3588,86,1199,103204,,0.0005,0.165,25300.0,,,
,84.8,-12.2,0.02,,3592,86,1203,103904,,0.0005,0.0994,25475.0,,,
,82.6,-12.0,0.02,,3596,86,1205,104067,,0.0005,0.101,25516.0,,,
,85.0,-12.0,0.02,,3600,86,1208,104648,,0.0005,0.0323,25661.0,,,
,84.5,-12.0,0.02,,3604,86,1210,104852,,0.0005,0.514,25712.0,,,
,87.7,-11.7,0.02,,3608,86,1212,105336,,0.0005,0.43,25833.0,,,
,88.7,-11.7,0.02,,3612,87,1215,105820,,0.0005,0.196,25954.0,,,
,89.5,-11.7,0.02,,3616,87,1218,106237,,0.0005,0.41,26059.0,,,
,101.0,-12.2,0.02,,3620,87,1224,107514,,0.0005,0.264,26378.0,,,
,103.0,-12.2,0.02,,3624,87,1226,107801,,0.0005,0.355,26450.0,,,
,106.0,-12.0,0.02,,3628,88,1228,108272,,0.0005,0.177,26567.0,,,
,107.0,-12.2,0.02,,3632,88,1230,108569,,0.0005,0.376,26642.0,,,
,107.0,-12.6,0.02,,3636,88,1232,108803,,0.0005,0.408,26700.0,,,
,109.0,-13.3,0.02,,3640,88,1235,109365,,0.0005,0.489,26841.0,,,
,109.0,-13.1,0.02,,3644,88,1237,109667,,0.0005,0.405,26916.0,0.0,0.0,0.0
,111.0,-13.7,0.02,,3648,88,1241,110242,,0.0005,0.324,27060.0,,,
,113.0,-13.5,0.02,,3652,89,1243,110778,,0.0005,0.307,27194.0,,,
,118.0,-13.4,0.02,,3656,89,1247,111416,,0.0005,0.348,27353.0,,,
,117.0,-13.9,0.02,,3660,89,1249,111781,,0.0005,0.345,27445.0,,,
,115.0,-13.7,0.02,,3664,89,1252,112083,,0.0005,0.192,27520.0,,,
,113.0,-13.5,0.02,,3668,89,1254,112529,,0.0005,0.157,27632.0,,,
,112.0,-13.5,0.02,,3672,89,1256,112745,,0.0005,0.316,27686.0,,,
,110.0,-13.9,0.02,,3676,89,1258,113101,,0.0005,0.386,27775.0,,,
,119.0,-13.6,0.02,,3680,90,1263,114167,,0.0005,0.628,28041.0,,,
,119.0,-13.2,0.02,,3684,90,1266,114607,,0.0005,0.541,28151.0,,,
,117.0,-13.1,0.02,,3688,90,1268,114889,,0.0005,0.169,28222.0,,,
,113.0,-12.7,0.02,,3692,90,1270,115209,,0.0005,0.378,28302.0,,,
,117.0,-12.1,0.02,,3696,90,1273,115804,,0.0005,0.836,28450.0,,,
,116.0,-11.7,0.02,,3700,91,1276,116297,,0.0005,0.0533,28574.0,,,
,121.0,-11.4,0.02,,3704,91,1280,116996,,0.0005,0.52,28748.0,,,
,122.0,-11.0,0.02,,3708,91,1283,117538,,0.0005,0.12,28884.0,,,
,125.0,-12.2,0.02,,3712,91,1287,118275,,0.0005,0.179,29068.0,,,
,125.0,-12.2,0.02,,3716,92,1289,118746,,0.0005,0.52,29186.0,,,
,115.0,-11.7,0.02,,3720,92,1292,119062,,0.0005,0.408,29265.0,,,
,120.0,-11.4,0.02,,3724,92,1295,119816,,0.0005,0.311,29453.0,0.0,0.0,0.0
,129.0,-11.0,0.02,,3728,93,1302,121153,,0.0005,0.343,29788.0,,,
,136.0,-11.3,0.02,,3732,93,1306,122161,,0.0005,0.353,30040.0,,,
,139.0,-11.0,0.02,,3736,93,1309,122743,,0.0005,0.285,30185.0,,,
,138.0,-10.1,0.02,,3740,93,1312,123174,,0.0005,0.363,30293.0,,,
,144.0,-10.0,0.02,,3744,94,1317,124105,,0.0005,0.579,30526.0,,,
,142.0,-9.37,0.02,,3748,94,1319,124408,,0.0005,0.16,30601.0,,,
,146.0,-9.41,0.02,,3752,94,1324,125346,,0.0005,0.447,30836.0,,,
,142.0,-9.37,0.02,,3756,94,1326,125603,,0.0005,0.741,30900.0,,,
,140.0,-8.75,0.02,,3760,94,1327,125739,,0.0005,0.876,30934.0,,,
,152.0,-9.47,0.02,,3764,95,1334,127258,,0.0005,0.836,31314.0,,,
,155.0,-9.7,0.02,,3768,95,1337,128015,,0.0005,0.225,31503.0,,,
,159.0,-9.34,0.02,,3772,95,1341,128642,,0.0005,0.308,31660.0,,,
,162.0,-8.97,0.02,,3776,96,1344,129284,,0.0005,0.442,31820.0,1.0,0.0,0.0
,164.0,-9.59,0.02,,3780,96,1350,130568,,0.0005,0.232,32141.0,,,
,177.0,-9.92,0.02,,3784,97,1357,132258,,0.0005,0.201,32564.0,,,
,177.0,-9.92,0.02,,3788,97,1359,132616,,0.0005,0.565,32653.0,,,
,182.0,-9.97,0.02,,3792,97,1363,133428,,0.0005,0.162,32856.0,,,
,183.0,-10.4,0.02,,3796,98,1367,134064,,0.0005,0.206,33015.0,,,
,186.0,-10.8,0.02,,3800,98,1371,134913,,0.0005,0.422,33228.0,,,
,189.0,-10.4,0.02,,3804,98,1376,135903,,0.0005,0.224,33475.0,,,
,188.0,-10.8,0.02,,3808,98,1378,136321,,0.0005,0.437,33580.0,,,
,194.0,-10.3,0.02,,3812,99,1384,137634,,0.0005,0.455,33908.0,,,
,195.0,-10.3,0.02,,3816,99,1387,138258,,0.0005,0.155,34064.0,,,
,194.0,-10.5,0.02,,3820,99,1389,138414,,0.0005,0.414,34103.0,,,
,196.0,-11.3,0.02,,3824,100,1394,139452,,0.0005,0.33,34362.0,0.0,0.0,0.0
,192.0,-11.7,0.02,,3828,100,1398,140382,,0.0005,0.164,34595.0,,,
,187.0,-10.8,0.02,,3832,100,1401,140847,,0.0005,0.199,34711.0,,,
,192.0,-10.9,0.02,,3836,100,1406,141940,,0.0005,0.0766,34984.0,,,
,198.0,-10.9,0.02,,3840,101,1411,142993,,0.0005,0.114,35248.0,,,
,196.0,-11.1,0.02,,3844,101,1414,143726,,0.0005,0.302,35431.0,,,
,200.0,-11.8,0.02,,3848,101,1418,144445,,0.0005,0.498,35611.0,,,
,205.0,-12.9,0.02,,3852,102,1424,145863,,0.0005,0.552,35965.0,,,
,212.0,-13.0,0.02,,3856,102,1429,146846,,0.0005,0.368,36211.0,,,
,216.0,-13.2,0.02,,3860,102,1431,147298,,0.0005,0.0259,36324.0,,,
,207.0,-12.1,0.02,,3864,103,1434,147952,,0.0005,0.304,36487.0,,,
,217.0,-13.0,0.02,,3868,103,1442,149760,,0.0005,0.224,36939.0,0.0,0.0,1.0
,217.0,-13.8,0.02,,3872,104,1445,150311,,0.0005,0.223,37077.0,,,
,218.0,-14.0,0.02,,3876,104,1449,151066,,0.0005,0.412,37266.0,,,
,214.0,-14.0,0.02,,3880,104,1453,151929,,0.0005,0.382,37482.0,,,
,201.0,-13.6,0.02,,3884,104,1456,152354,,0.0005,0.287,37588.0,,,
,205.0,-13.1,0.02,,3888,104,1460,153094,,0.0005,0.38,37773.0,,,
,202.0,-13.0,0.02,,3892,105,1463,153657,,0.0005,0.377,37914.0,,,
,205.0,-13.1,0.02,,3896,105,1467,154544,,0.0005,0.176,38135.0,,,
,205.0,-13.3,0.02,,3900,105,1471,155411,,0.0005,0.452,38352.0,,,
,205.0,-13.9,0.02,,3904,105,1476,156380,,0.0005,0.115,38594.0,,,
,208.0,-14.3,0.02,,3908,106,1480,157094,,0.0005,0.318,38773.0,,,
,200.0,-13.6,0.02,,3912,106,1483,157659,,0.0005,0.222,38914.0,,,
,208.0,-14.1,0.02,,3916,106,1489,159030,,0.0005,0.0248,39257.0,,,
,208.0,-14.1,0.02,,3920,106,1491,159256,,0.0005,0.295,39313.0,,,
,202.0,-13.0,0.02,,3924,106,1493,159606,,0.0005,0.471,39401.0,0.0,0.0,0.0
,196.0,-13.2,0.02,,3928,106,1496,160020,,0.0005,0.136,39504.0,,,
,197.0,-13.6,0.02,,3932,107,1499,160573,,0.0005,0.271,39643.0,,,
,194.0,-13.8,0.02,,3936,107,1503,161371,,0.0005,0.0175,39842.0,,,
,187.0,-13.5,0.02,,3940,107,1505,161734,,0.0005,0.417,39933.0,,,
,183.0,-13.3,0.02,,3944,107,1507,161986,,0.0005,0.22,39996.0,,,
,185.0,-13.5,0.02,,3948,107,1512,162964,,0.0005,0.666,40240.0,,,
,178.0,-12.7,0.02,,3952,107,1516,163703,,0.0005,0.187,40425.0,,,
,176.0,-12.7,0.02,,3956,108,1519,164434,,0.0005,0.227,40608.0,,,
,179.0,-12.5,0.02,,3960,108,1523,165189,,0.0005,0.313,40797.0,,,
,178.0,-13.3,0.02,,3964,108,1527,165800,,0.0005,0.441,40949.0,,,
,164.0,-12.0,0.02,,3968,108,1529,166148,,0.0005,0.371,41036.0,,,
,171.0,-12.5,0.02,,3972,109,1535,167418,,0.0005,0.14,41354.0,,,
,175.0,-11.7,0.02,,3976,109,1540,168538,,0.0005,0.087,41634.0,,,
,170.0,-11.5,0.02,,3980,109,1542,168955,,0.0005,0.113,41738.0,,,
,171.0,-11.7,0.02,,3984,109,1546,169483,,0.0005,0.166,41870.0,0.0,0.0,1.0
,169.0,-12.0,0.02,,3988,109,1549,170017,,0.0005,0.222,42004.0,,,
,168.0,-12.6,0.02,,3992,109,1551,170482,,0.0005,0.362,42120.0,,,
,164.0,-12.8,0.02,,3996,109,1554,170963,,0.0005,0.0455,42240.0,,,
,159.0,-12.6,0.02,,4000,110,1556,171297,,0.0005,0.269,42324.0,,,
,154.0,-12.7,0.02,,4004,110,1559,171812,,0.0005,0.122,42452.0,,,
,156.0,-13.1,0.02,,4008,110,1564,172724,,0.0005,0.377,42680.0,,,
,157.0,-12.7,0.02,,4012,110,1567,173355,,0.0005,0.471,42838.0,,,
,146.0,-12.4,0.02,,4016,110,1569,173661,,0.0005,0.203,42915.0,,,
,147.0,-12.4,0.02,,4020,110,1571,173967,,0.0005,0.337,42991.0,,,
,147.0,-13.0,0.02,,4024,110,1573,174271,,0.0005,0.418,43067.0,,,
,146.0,-12.8,0.02,,4028,110,1575,174597,,0.0005,0.229,43149.0,,,
,147.0,-13.0,0.02,,4032,110,1579,175321,,0.0005,0.163,43330.0,,,
,147.0,-13.0,0.02,,4036,111,1583,176117,,0.0005,0.166,43529.0,,,
,146.0,-13.0,0.02,,4040,111,1585,176376,,0.0005,0.334,43593.0,,,
,145.0,-12.8,0.02,,4044,111,1587,176501,,0.0005,0.11,43625.0,,,
,140.0,-12.4,0.02,,4048,111,1589,176921,,0.0005,0.179,43730.0,,,
,136.0,-12.1,0.02,,4052,111,1592,177307,,0.0005,0.163,43826.0,,,
,132.0,-12.3,0.02,,4056,111,1594,177591,,0.0005,0.234,43897.0,,,
,126.0,-12.4,0.02,,4060,111,1596,177774,,0.0005,0.118,43943.0,,,
,124.0,-12.0,0.02,,4064,111,1598,178199,,0.0005,0.668,44049.0,,,
,126.0,-12.2,0.02,,4068,111,1602,178765,,0.0005,0.178,44191.0,,,
,119.0,-11.2,0.02,,4072,111,1605,179336,,0.0005,0.748,44333.0,,,
,111.0,-11.7,0.02,,4076,111,1607,179643,,0.0005,0.108,44410.0,,,
,110.0,-11.5,0.02,,4080,111,1610,179960,,0.0005,0.321,44489.0,0.0,0.0,0.0
,107.0,-11.4,0.02,,4084,111,1612,180203,,0.0005,0.363,44550.0,,,
,105.0,-11.2,0.02,,4088,111,1614,180561,,0.0005,0.147,44640.0,,,
,104.0,-10.2,0.02,,4092,111,1616,180838,,0.0005,0.172,44709.0,,,
,106.0,-9.83,0.02,,4096,112,1620,181607,,0.0005,0.46,44901.0,,,
,108.0,-9.84,0.02,,4100,112,1623,182102,,0.0005,0.606,45025.0,,,
,108.0,-9.44,0.02,,4104,112,1626,182569,,0.0005,0.354,45142.0,,,
,104.0,-8.8,0.02,,4108,112,1629,183152,,0.0005,0.0077,45287.0,,,
,107.0,-9.43,0.02,,4112,112,1634,184062,,0.0005,0.0523,45515.0,,,
,110.0,-9.86,0.02,,4116,112,1637,184670,,0.0005,0.329,45667.0,,,
,111.0,-10.1,0.02,,4120,112,1639,185082,,0.0005,0.303,45770.0,,,
,111.0,-9.87,0.02,,4124,112,1641,185343,,0.0005,0.271,45835.0,,,
,111.0,-9.87,0.02,,4128,112,1644,185711,,0.0005,0.241,45927.0,,,
,108.0,-10.2,0.02,,4132,113,1646,186144,,0.0005,0.28,46035.0,,,
,110.0,-10.1,0.02,,4136,113,1651,187078,,0.0005,0.444,46269.0,,,
,113.0,-10.5,0.02,,4140,113,1654,187665,,0.0005,0.434,46416.0,,,
,117.0,-11.3,0.02,,4144,113,1656,188193,,0.0005,0.00909,46548.0,,,
,115.0,-11.7,0.02,,4148,113,1658,188431,,0.0005,0.271,46607.0,,,
,116.0,-11.7,0.02,,4152,113,1661,188906,,0.0005,0.157,46726.0,,,
,118.0,-11.1,0.02,,4156,113,1664,189440,,0.0005,0.264,46859.0,1.0,0.0,1.0
,124.0,-11.2,0.02,,4160,113,1668,190150,,0.0005,0.0478,47037.0,,,
,123.0,-10.6,0.02,,4164,113,1671,190506,,0.0005,0.23,47126.0,,,
,124.0,-10.4,0.02,,4168,114,1674,191124,,0.0005,0.251,47280.0,,,
,122.0,-10.8,0.02,,4172,114,1677,191488,,0.0005,0.612,47371.0,,,
,121.0,-11.0,0.02,,4176,114,1679,191752,,0.0005,0.357,47437.0,,,
,122.0,-11.2,0.02,,4180,114,1681,192122,,0.0005,0.0795,47530.0,,,
,127.0,-10.6,0.02,,4184,114,1685,192897,,0.0005,0.48,47724.0,,,
,132.0,-10.5,0.02,,4188,114,1689,193738,,0.0005,0.571,47934.0,,,
,137.0,-10.3,0.02,,4192,114,1693,194555,,0.0005,0.293,48138.0,,,
,134.0,-10.5,0.02,,4196,114,1696,195015,,0.0005,0.0112,48253.0,,,
,134.0,-10.5,0.02,,4200,115,1699,195453,,0.0005,0.281,48363.0,,,
,133.0,-10.7,0.02,,4204,115,1701,195845,,0.0005,0.375,48461.0,,,
,130.0,-10.5,0.02,,4208,115,1704,196192,,0.0005,0.408,48547.0,,,
,129.0,-10.5,0.02,,4212,115,1708,197000,,0.0005,0.349,48749.0,,,
,125.0,-10.0,0.02,,4216,115,1710,197181,,0.0005,0.00606,48795.0,,,
,123.0,-9.79,0.02,,4220,115,1712,197403,,0.0005,0.196,48850.0,,,
,126.0,-10.2,0.02,,4224,115,1715,197937,,0.0005,0.438,48984.0,,,
,125.0,-9.62,0.02,,4228,115,1717,198253,,0.0005,0.215,49063.0,,,
,124.0,-9.0,0.02,,4232,115,1719,198574,,0.0005,0.153,49143.0,,,
,120.0,-8.96,0.02,,4236,115,1722,199067,,0.0005,0.329,49266.0,,,
,120.0,-8.56,0.02,,4240,115,1725,199622,,0.0005,0.0192,49405.0,0.0,0.0,0.0
,121.0,-7.77,0.02,,4244,115,1729,200277,,0.0005,0.461,49569.0,,,
,120.0,-7.55,0.02,,4248,115,1730,200387,,0.0005,0.276,49596.0,,,
,117.0,-7.73,0.02,,4252,115,1732,200638,,0.0005,0.211,49659.0,,,
,119.0,-8.35,0.02,,4256,115,1736,201327,,0.0005,0.26,49831.0,,,
,117.0,-8.53,0.02,,4260,116,1739,201857,,0.0005,0.116,49964.0,,,
,116.0,-9.32,0.02,,4264,116,1741,202111,,0.0005,0.379,50027.0,,,
,117.0,-9.53,0.02,,4268,116,1744,202794,,0.0005,0.371,50198.0,,,
,117.0,-9.33,0.02,,4272,116,1747,203145,,0.0005,0.218,50286.0,,,
,117.0,-9.54,0.02,,4276,116,1749,203475,,0.0005,0.107,50368.0,,,
,118.0,-9.34,0.02,,4280,116,1751,203884,,0.0005,0.0835,50470.0,,,
,116.0,-9.52,0.02,,4284,116,1754,204448,,0.0005,0.413,50611.0,,,
,114.0,-9.9,0.02,,4288,116,1758,205136,,0.0005,0.204,50783.0,,,
,110.0,-10.9,0.02,,4292,116,1761,205557,,0.0005,0.263,50889.0,,,
,109.0,-10.7,0.02,,4296,116,1763,205933,,0.0005,0.446,50983.0,,,
,110.0,-10.3,0.02,,4300,116,1767,206491,,0.0005,0.122,51122.0,,,
,112.0,-10.5,0.02,,4304,116,1770,207072,,0.0005,0.373,51267.0,,,
,121.0,-11.2,0.02,,4308,117,1775,208289,,0.0005,0.476,51572.0,,,
,119.0,-10.5,0.02,,4312,117,1779,208861,,0.0005,0.263,51715.0,,,
,121.0,-10.6,0.02,,4316,117,1781,209241,,0.0005,0.328,51810.0,,,
,123.0,-10.4,0.02,,4320,117,1784,209688,,0.0005,0.00579,51921.0,0.0,0.0,0.0
,122.0,-10.2,0.02,,4324,117,1787,210180,,0.0005,0.287,52044.0,,,
,125.0,-10.4,0.02,,4328,117,1790,210765,,0.0005,0.288,52191.0,,,
,127.0,-10.0,0.02,,4332,117,1793,211319,,0.0005,0.251,52329.0,,,
,126.0,-10.0,0.02,,4336,117,1796,211705,,0.0005,0.596,52426.0,,,
,128.0,-10.4,0.02,,4340,118,1799,212387,,0.0005,0.119,52596.0,,,
,131.0,-11.5,0.02,,4344,118,1804,213394,,0.0005,0.00382,52848.0,,,
,139.0,-11.9,0.02,,4348,118,1808,214260,,0.0005,0.59,53064.0,,,
,139.0,-11.7,0.02,,4352,118,1810,214489,,0.0005,0.394,53122.0,,,
,140.0,-11.8,0.02,,4356,118,1814,215360,,0.0005,0.417,53339.0,,,
,138.0,-11.1,0.02,,4360,118,1817,215675,,0.0005,0.286,53418.0,,,
,143.0,-11.4,0.02,,4364,118,1821,216422,,0.0005,0.371,53605.0,,,
,148.0,-12.0,0.02,,4368,119,1826,217552,,0.0005,0.331,53887.0,,,
,151.0,-12.5,0.02,,4372,119,1829,218211,,0.0005,0.275,54052.0,,,
,158.0,-12.3,0.02,,4376,119,1834,219245,,0.0005,0.261,54311.0,,,
,161.0,-12.2,0.02,,4380,119,1838,219969,,0.0005,0.37,54492.0,0.0,0.0,0.0
,159.0,-12.1,0.02,,4384,119,1840,220312,,0.0005,0.0817,54577.0,,,
,157.0,-11.7,0.02,,4388,119,1844,220871,,0.0005,0.294,54717.0,,,
,157.0,-11.3,0.02,,4392,119,1846,221245,,0.0005,0.247,54811.0,,,
,157.0,-11.9,0.02,,4396,119,1849,221613,,0.0005,0.105,54903.0,,,
,159.0,-12.3,0.02,,4400,120,1853,222438,,0.0005,0.451,55109.0,,,
,158.0,-11.9,0.02,,4404,120,1856,222862,,0.0005,0.167,55215.0,,,
,157.0,-11.7,0.02,,4408,120,1861,223982,,0.0005,0.302,55495.0,,,
,160.0,-12.4,0.02,,4412,120,1865,224853,,0.0005,0.308,55713.0,,,
,173.0,-12.5,0.02,,4416,120,1873,226552,,0.0005,0.156,56137.0,,,
,175.0,-12.9,0.02,,4420,121,1877,227142,,0.0005,0.117,56285.0,,,
,180.0,-12.5,0.02,,4424,121,1882,228210,,0.0005,0.268,56552.0,,,
,181.0,-12.3,0.02,,4428,121,1885,228839,,0.0005,0.00911,56709.0,,,
,179.0,-12.5,0.02,,4432,121,1888,229248,,0.0005,0.118,56811.0,,,
,178.0,-12.3,0.02,,4436,121,1890,229522,,0.0005,0.17,56880.0,0.0,0.0,0.0
,183.0,-11.8,0.02,,4440,121,1895,230674,,0.0005,0.0474,57168.0,,,
,188.0,-12.0,0.02,,4444,122,1902,232195,,0.0005,0.3,57548.0,,,
,189.0,-11.6,0.02,,4448,122,1906,233147,,0.0005,0.00753,57786.0,,,
,197.0,-11.7,0.02,,4452,122,1911,234192,,0.0005,0.278,58047.0,,,
,193.0,-11.7,0.02,,4456,122,1914,234687,,0.0005,0.352,58171.0,,,
,196.0,-12.3,0.02,,4460,122,1917,235312,,0.0005,0.413,58327.0,,,
,196.0,-12.1,0.02,,4464,122,1921,235980,,0.0005,0.00318,58494.0,,,
,193.0,-11.9,0.02,,4468,123,1925,236879,,0.0005,0.0852,58719.0,,,
,192.0,-11.7,0.02,,4472,123,1928,237428,,0.0005,0.534,58856.0,,,
,186.0,-11.4,0.02,,4476,123,1931,237885,,0.0005,0.406,58971.0,,,
,195.0,-12.5,0.02,,4480,123,1938,239420,,0.0005,0.186,59354.0,0.0,0.0,0.0
,197.0,-12.9,0.02,,4484,123,1941,240000,,0.0005,0.208,59499.0,,,
,194.0,-13.1,0.02,,4488,123,1943,240287,,0.0005,0.311,59571.0,,,
,197.0,-13.7,0.02,,4492,123,1946,240912,,0.0005,0.161,59727.0,,,
,197.0,-13.3,0.02,,4496,123,1949,241359,,0.0005,0.107,59839.0,,,
,194.0,-12.9,0.02,,4500,123,1952,241856,,0.0005,0.307,59963.0,,,
,198.0,-12.9,0.02,,4504,124,1956,242708,,0.0005,0.442,60176.0,,,
,193.0,-12.7,0.02,,4508,124,1959,243256,,0.0005,0.136,60313.0,,,
,186.0,-12.6,0.02,,4512,124,1961,243431,,0.0005,0.00568,60357.0,,,
,179.0,-12.5,0.02,,4516,124,1966,244464,,0.0005,0.0106,60615.0,,,
,175.0,-12.5,0.02,,4520,124,1967,244685,,0.0005,0.248,60671.0,,,
,170.0,-12.3,0.02,,4524,124,1970,245216,,0.0005,0.406,60803.0,,,
,178.0,-12.7,0.02,,4528,124,1977,246644,,0.0005,0.337,61160.0,,,
,180.0,-13.4,0.02,,4532,124,1980,247236,,0.0005,0.23,61308.0,,,
,187.0,-13.2,0.02,,4536,125,1984,248191,,0.0005,0.224,61547.0,,,
,182.0,-13.4,0.02,,4540,125,1988,248923,,0.0005,0.0436,61730.0,,,
,176.0,-11.7,0.02,,4544,125,1992,249815,,0.0005,0.17,61953.0,1.0,1.0,0.0
,172.0,-10.9,0.02,,4548,125,1995,250361,,0.0005,0.00265,62090.0,,,
,167.0,-10.8,0.02,,4552,125,1998,250921,,0.0005,0.268,62230.0,,,
,172.0,-10.7,0.02,,4556,125,2003,251866,,0.0005,0.158,62466.0,,,
,172.0,-10.7,0.02,,4560,125,2006,252524,,0.0005,0.219,62630.0,,,
,170.0,-10.0,0.02,,4564,125,2009,252946,,0.0005,0.287,62736.0,,,
,166.0,-9.21,0.02,,4568,125,2011,253474,,0.0005,0.00382,62868.0,,,
,167.0,-9.02,0.02,,4572,126,2015,254088,,0.0005,0.0502,63021.0,,,
,165.0,-8.6,0.02,,4576,126,2017,254383,,0.0005,0.358,63095.0,,,
,159.0,-7.34,0.02,,4580,126,2021,255302,,0.0005,0.244,63325.0,,,
,161.0,-7.16,0.02,,4584,126,2025,256072,,0.0005,0.176,63517.0,,,
,164.0,-7.59,0.02,,4588,126,2028,256677,,0.0005,0.00867,63669.0,,,
,161.0,-6.96,0.02,,4592,126,2030,256991,,0.0005,0.147,63747.0,,,
,163.0,-6.98,0.02,,4596,126,2034,257703,,0.0005,0.107,63925.0,,,
,163.0,-7.17,0.02,,4600,126,2036,258117,,0.0005,0.368,64029.0,,,
,158.0,-7.53,0.02,,4604,126,2039,258474,,0.0005,0.163,64118.0,,,
,160.0,-7.55,0.02,,4608,126,2043,259274,,0.0005,0.158,64318.0,,,
,163.0,-6.98,0.02,,4612,126,2045,259720,,0.0005,0.00267,64429.0,0.0,0.0,0.0
,156.0,-6.71,0.02,,4616,126,2047,260066,,0.0005,0.214,64516.0,,,
,166.0,-6.4,0.02,,4620,127,2053,261237,,0.0005,0.127,64809.0,,,
,164.0,-7.18,0.02,,4624,127,2055,261572,,0.0005,0.261,64892.0,,,
,158.0,-6.72,0.02,,4628,127,2059,262414,,0.0005,0.158,65103.0,,,
,155.0,-6.7,0.02,,4632,127,2061,262741,,0.0005,0.00637,65185.0,,,
,153.0,-7.27,0.02,,4636,127,2065,263459,,0.0005,0.0886,65364.0,,,
,151.0,-7.06,0.02,,4640,127,2068,264009,,0.0005,0.262,65502.0,,,
,153.0,-7.88,0.02,,4644,127,2073,265132,,0.0005,0.272,65782.0,,,
,155.0,-8.1,0.02,,4648,128,2076,265893,,0.0005,0.0596,65973.0,,,
,162.0,-7.77,0.02,,4652,128,2082,267107,,0.0005,0.195,66276.0,,,
,160.0,-7.95,0.02,,4656,128,2086,267913,,0.0005,0.221,66478.0,,,
,159.0,-6.94,0.02,,4660,128,2089,268428,,0.0005,0.107,66606.0,,,
,167.0,-6.81,0.02,,4664,128,2094,269631,,0.0005,0.00509,66907.0,0.0,1.0,0.0
,172.0,-7.26,0.02,,4668,128,2098,270633,,0.0005,0.164,67158.0,,,
,181.0,-6.96,0.02,,4672,129,2105,272237,,0.0005,0.153,67559.0,,,
,185.0,-7.79,0.02,,4676,129,2108,272848,,0.0005,0.388,67711.0,,,
,187.0,-8.02,0.02,,4680,129,2114,274047,,0.0005,0.506,68011.0,,,
,185.0,-7.99,0.02,,4684,129,2117,274553,,0.0005,0.135,68138.0,,,
,192.0,-7.66,0.02,,4688,129,2122,275862,,0.0005,0.00711,68465.0,,,
,194.0,-7.68,0.02,,4692,130,2125,276409,,0.0005,0.26,68602.0,,,
,191.0,-7.45,0.02,,4696,130,2128,276820,,0.0005,0.112,68704.0,,,
,193.0,-7.67,0.02,,4700,130,2131,277425,,0.0005,0.13,68856.0,,,
,194.0,-7.08,0.02,,4704,130,2133,277872,,0.0005,0.185,68967.0,,,
,188.0,-7.02,0.02,,4708,130,2135,278047,,0.0005,0.079,69011.0,,,
,191.0,-7.45,0.02,,4712,130,2138,278788,,0.0005,0.167,69196.0,,,
,191.0,-7.45,0.02,,4716,130,2141,279138,,0.0005,0.153,69284.0,,,
,184.0,-7.38,0.02,,4720,130,2144,279657,,0.0005,0.167,69414.0,0.0,0.0,0.0
,185.0,-7.19,0.02,,4724,130,2146,280075,,0.0005,0.164,69518.0,,,
,187.0,-8.21,0.02,,4728,130,2151,281096,,0.0005,0.109,69773.0,,,
,190.0,-8.04,0.02,,4732,130,2154,281767,,0.0005,0.367,69941.0,,,
,186.0,-7.01,0.02,,4736,130,2157,282107,,0.0005,0.34,70026.0,,,
,186.0,-7.4,0.02,,4740,130,2160,282608,,0.0005,0.178,70151.0,,,
,179.0,-7.54,0.02,,4744,130,2162,283058,,0.0005,0.25,70264.0,,,
,185.0,-7.99,0.02,,4748,131,2168,284351,,0.0005,0.175,70587.0,,,
,184.0,-8.19,0.02,,4752,131,2173,285542,,0.0005,0.00359,70885.0,,,
,183.0,-8.37,0.02,,4756,131,2176,286229,,0.0005,0.00223,71057.0,,,
,187.0,-9.22,0.02,,4760,131,2180,287154,,0.0005,0.00266,71288.0,,,
,178.0,-9.93,0.02,,4764,131,2182,287397,,0.0005,0.0865,71349.0,,,
,172.0,-9.87,0.02,,4768,131,2185,287821,,0.0005,0.109,71455.0,,,
,167.0,-10.0,0.02,,4772,131,2190,288904,,0.0005,0.00437,71725.0,,,
,171.0,-9.66,0.02,,4776,132,2194,289995,,0.0005,0.479,71998.0,0.0,0.0,0.0
,165.0,-9.8,0.02,,4780,132,2197,290536,,0.0005,0.00342,72133.0,,,
,167.0,-10.0,0.02,,4784,132,2201,291256,,0.0005,0.109,72313.0,,,
,159.0,-10.1,0.02,,4788,132,2203,291771,,0.0005,0.118,72442.0,,,
,158.0,-10.1,0.02,,4792,132,2206,292241,,0.0005,0.0666,72560.0,,,
,163.0,-10.6,0.02,,4796,132,2211,293151,,0.0005,0.155,72787.0,,,
,170.0,-10.1,0.02,,4800,132,2216,294471,,0.0005,0.00301,73117.0,,,
,170.0,-10.3,0.02,,4804,132,2219,294853,,0.0005,0.00248,73213.0,,,
,178.0,-10.5,0.02,,4808,133,2223,295802,,0.0005,0.158,73450.0,,,
,180.0,-9.95,0.02,,4812,133,2227,296780,,0.0005,0.172,73694.0,,,
,183.0,-10.4,0.02,,4816,133,2231,297436,,0.0005,0.103,73858.0,,,
,183.0,-10.2,0.02,,4820,133,2234,297925,,0.0005,0.0912,73981.0,,,
,184.0,-9.79,0.02,,4824,133,2237,298521,,0.0005,0.204,74130.0,,,
,181.0,-8.76,0.02,,4828,133,2240,299243,,0.0005,0.604,74310.0,,,
,181.0,-8.56,0.02,,4832,133,2244,299907,,0.0005,0.285,74476.0,0.0,0.0,0.0
,191.0,-8.66,0.02,,4836,133,2249,301208,,0.0005,0.0942,74801.0,,,
,198.0,-8.92,0.02,,4840,134,2254,302364,,0.0005,0.0026,75090.0,,,
,200.0,-8.95,0.02,,4844,134,2258,303067,,0.0005,0.00304,75266.0,,,
,197.0,-9.51,0.02,,4848,134,2262,304012,,0.0005,0.178,75502.0,,,
,191.0,-10.1,0.02,,4852,134,2266,304664,,0.0005,0.409,75665.0,,,
,194.0,-9.88,0.02,,4856,134,2270,305586,,0.0005,0.38,75896.0,,,
,187.0,-9.42,0.02,,4860,134,2272,305846,,0.0005,0.153,75961.0,,,
,199.0,-9.93,0.02,,4864,134,2278,307298,,0.0005,0.16,76324.0,,,
,205.0,-10.2,0.02,,4868,135,2283,308361,,0.0005,0.294,76590.0,,,
,205.0,-10.6,0.02,,4872,135,2287,309391,,0.0005,0.157,76847.0,1.0,0.0,3.0
,206.0,-11.0,0.02,,4876,135,2293,310627,,0.0005,0.0439,77156.0,,,
,206.0,-10.6,0.02,,4880,135,2296,311163,,0.0005,0.00696,77290.0,,,
,214.0,-10.5,0.02,,4884,135,2302,312656,,0.0005,0.00381,77663.0,,,
,220.0,-10.5,0.02,,4888,135,2307,313747,,0.0005,0.18,77936.0,,,
,224.0,-10.6,0.02,,4892,136,2311,314649,,0.0005,0.372,78162.0,,,
,239.0,-10.9,0.02,,4896,136,2320,317076,,0.0005,0.208,78768.0,,,
,236.0,-11.3,0.02,,4900,136,2325,318090,,0.0005,0.309,79022.0,,,
,240.0,-11.1,0.02,,4904,136,2329,318869,,0.0005,0.109,79217.0,,,
,234.0,-10.3,0.02,,4908,136,2331,319156,,0.0005,0.195,79288.0,,,
,231.0,-9.84,0.02,,4912,136,2335,319868,,0.0005,0.0366,79466.0,1.0,0.0,0.0
,236.0,-9.89,0.02,,4916,137,2340,321008,,0.0005,0.158,79751.0,,,
,234.0,-10.3,0.02,,4920,137,2342,321365,,0.0005,0.269,79841.0,,,
,238.0,-10.7,0.02,,4924,137,2347,322363,,0.0005,0.244,80090.0,,,
,241.0,-10.9,0.02,,4928,137,2352,323341,,0.0005,0.105,80335.0,,,
,241.0,-10.9,0.02,,4932,137,2355,323996,,0.0005,0.0316,80498.0,,,
,241.0,-11.5,0.02,,4936,137,2360,325325,,0.0005,0.00263,80831.0,,,
,233.0,-11.5,0.02,,4940,137,2363,325700,,0.0005,0.0918,80924.0,,,
,241.0,-11.3,0.02,,4944,138,2369,327187,,0.0005,0.0863,81296.0,,,
,246.0,-11.0,0.02,,4948,138,2375,328658,,0.0005,0.0809,81664.0,1.0,0.0,3.0
,255.0,-10.7,0.02,,4952,138,2381,330168,,0.0005,0.398,82041.0,,,
,264.0,-11.0,0.02,,4956,138,2389,332001,,0.0005,0.458,82500.0,,,
,268.0,-11.6,0.02,,4960,139,2392,332630,,0.0005,0.328,82657.0,,,
,262.0,-11.2,0.02,,4964,139,2396,333544,,0.0005,0.0045,82885.0,,,
,254.0,-10.9,0.02,,4968,139,2398,333724,,0.0005,0.211,82930.0,,,
,250.0,-10.4,0.02,,4972,139,2401,334346,,0.0005,0.153,83086.0,,,
,243.0,-10.2,0.02,,4976,139,2404,334963,,0.0005,0.108,83240.0,,,
,248.0,-10.2,0.02,,4980,139,2409,335997,,0.0005,0.00174,83499.0,,,
,245.0,-10.6,0.02,,4984,139,2414,337122,,0.0005,0.154,83780.0,,,
,244.0,-10.6,0.02,,4988,139,2419,338181,,0.0005,0.0806,84045.0,,,
,248.0,-10.2,0.02,,4992,140,2424,339462,,0.0005,0.459,84365.0,0.0,0.0,0.0
,230.0,-9.83,0.02,,4996,140,2427,340038,,0.0005,0.245,84509.0,,,
,235.0,-9.68,0.02,,5000,140,2433,341603,,0.0005,0.0067,84900.0,,,
,234.0,-10.7,0.02,,5004,140,2437,342318,,0.0005,0.162,85079.0,,,
,237.0,-11.3,0.02,,5008,140,2440,342854,,0.0005,0.146,85213.0,,,
,235.0,-12.3,0.02,,5012,140,2443,343351,,0.0005,0.154,85337.0,,,
,229.0,-12.0,0.02,,5016,140,2446,343879,,0.0005,0.26,85469.0,,,
,231.0,-11.2,0.02,,5020,140,2449,344509,,0.0005,0.00205,85627.0,,,
,229.0,-10.4,0.02,,5024,140,2453,345294,,0.0005,0.151,85823.0,,,
,237.0,-9.89,0.02,,5028,141,2460,347016,,0.0005,0.217,86253.0,,,
,243.0,-9.55,0.02,,5032,141,2466,348260,,0.0005,0.161,86564.0,,,
,236.0,-9.49,0.02,,5036,141,2469,348912,,0.0005,0.0985,86727.0,,,
,236.0,-9.09,0.02,,5040,141,2472,349296,,0.0005,0.122,86823.0,0.0,0.0,0.0
,233.0,-8.86,0.02,,5044,141,2477,350494,,0.0005,0.155,87123.0,,,
,235.0,-8.68,0.02,,5048,141,2484,352193,,0.0005,0.0122,87548.0,,,
,225.0,-8.58,0.02,,5052,141,2486,352630,,0.0005,0.272,87657.0,,,
,212.0,-8.65,0.02,,5056,141,2489,353157,,0.0005,0.319,87789.0,,,
,210.0,-8.83,0.02,,5060,141,2492,353613,,0.0005,0.00481,87903.0,,,
,204.0,-8.38,0.02,,5064,141,2494,353921,,0.0005,0.224,87980.0,,,
,208.0,-8.22,0.02,,5068,141,2497,354535,,0.0005,0.155,88133.0,,,
,214.0,-8.47,0.02,,5072,142,2503,355753,,0.0005,0.407,88438.0,,,
,214.0,-8.27,0.02,,5076,142,2506,356386,,0.0005,0.152,88596.0,,,
,219.0,-8.92,0.02,,5080,142,2512,357856,,0.0005,0.225,88963.0,,,
,215.0,-8.28,0.02,,5084,142,2516,358608,,0.0005,0.00136,89151.0,,,
,217.0,-8.3,0.02,,5088,142,2521,359906,,0.0005,0.0199,89476.0,0.0,0.0,0.0
,213.0,-8.67,0.02,,5092,142,2526,360790,,0.0005,0.105,89697.0,,,
,215.0,-9.28,0.02,,5096,142,2529,361535,,0.0005,0.157,89883.0,,,
,212.0,-9.85,0.02,,5100,143,2535,362772,,0.0005,0.0637,90192.0,,,
,228.0,-9.41,0.02,,5104,143,2544,365078,,0.0005,0.00927,90769.0,,,
,225.0,-8.98,0.02,,5108,143,2546,365368,,0.0005,0.104,90841.0,,,
,222.0,-9.15,0.02,,5112,143,2547,365541,,0.0005,0.155,90885.0,,,
,224.0,-8.37,0.02,,5116,143,2551,366317,,0.0005,0.117,91079.0,,,
,224.0,-8.78,0.02,,5120,143,2554,366922,,0.0005,0.391,91230.0,,,
,222.0,-9.15,0.02,,5124,143,2557,367454,,0.0005,0.102,91363.0,,,
,209.0,-9.83,0.02,,5128,143,2559,367911,,0.0005,0.2,91477.0,,,
,213.0,-10.3,0.02,,5132,144,2566,369595,,0.0005,0.304,91898.0,0.0,0.0,0.0
,222.0,-10.4,0.02,,5136,144,2572,371087,,0.0005,0.226,92271.0,,,
,222.0,-10.8,0.02,,5140,144,2575,371457,,0.0005,0.00208,92364.0,,,
,218.0,-10.7,0.02,,5144,144,2579,372280,,0.0005,0.064,92569.0,,,
,216.0,-10.5,0.02,,5148,144,2585,373772,,0.0005,0.241,92942.0,,,
,221.0,-10.1,0.02,,5152,144,2590,374771,,0.0005,0.114,93192.0,,,
,231.0,-8.83,0.02,,5156,144,2596,376241,,0.0005,0.159,93560.0,,,
,232.0,-8.05,0.02,,5160,144,2599,376821,,0.0005,0.164,93705.0,,,
,234.0,-8.46,0.02,,5164,144,2602,377320,,0.0005,0.149,93829.0,,,
,246.0,-7.99,0.02,,5168,145,2610,379185,,0.0005,0.204,94296.0,,,
,240.0,-7.73,0.02,,5172,145,2613,379788,,0.0005,0.0022,94446.0,0.0,0.0,2.0
,251.0,-8.43,0.02,,5176,145,2620,381441,,0.0005,0.179,94860.0,,,
,245.0,-7.97,0.02,,5180,145,2624,382352,,0.0005,0.106,95087.0,,,
,248.0,-8.4,0.02,,5184,145,2629,383407,,0.0005,0.254,95351.0,,,
,242.0,-8.35,0.02,,5188,145,2632,384122,,0.0005,0.365,95530.0,,,
,261.0,-8.33,0.02,,5192,146,2643,386921,,0.0005,0.172,96230.0,,,
,260.0,-7.72,0.02,,5196,146,2646,387529,,0.0005,0.156,96382.0,,,
,255.0,-6.66,0.02,,5200,146,2650,388246,,0.0005,0.0593,96561.0,,,
,241.0,-6.33,0.02,,5204,146,2654,389180,,0.0005,0.00315,96794.0,0.0,0.0,0.0
,251.0,-6.03,0.02,,5208,146,2659,390483,,0.0005,0.00243,97120.0,,,
,256.0,-5.47,0.02,,5212,146,2663,391121,,0.0005,0.1,97280.0,,,
,260.0,-5.71,0.02,,5216,147,2668,392336,,0.0005,0.132,97583.0,,,
,264.0,-5.75,0.02,,5220,147,2673,393314,,0.0005,0.162,97828.0,,,
,266.0,-6.18,0.02,,5224,147,2676,394091,,0.0005,0.235,98022.0,,,
,270.0,-6.21,0.02,,5228,147,2680,394897,,0.0005,0.329,98224.0,,,
,256.0,-5.88,0.02,,5232,147,2682,395188,,0.0005,0.174,98296.0,,,
,257.0,-4.68,0.02,,5236,147,2689,396781,,0.0005,0.153,98695.0,,,
,255.0,-4.66,0.02,,5240,147,2691,396939,,0.0005,0.152,98734.0,,,
,253.0,-4.64,0.02,,5244,147,2694,397585,,0.0005,0.00129,98896.0,,,
,248.0,-3.8,0.02,,5248,147,2698,398602,,0.0005,0.169,99150.0,,,
,247.0,-3.78,0.02,,5252,147,2702,399434,,0.0005,0.244,99358.0,0.0,0.0,0.0
,241.0,-4.32,0.02,,5256,147,2706,400295,,0.0005,0.153,99573.0,,,
,243.0,-3.54,0.02,,5260,147,2710,401098,,0.0005,0.155,99774.0,,,
,243.0,-3.35,0.02,,5264,148,2713,401645,,0.0005,0.0032,99911.0,,,
,231.0,-3.83,0.02,,5268,148,2716,402255,,0.0005,0.121,100063.0,,,
,232.0,-3.84,0.02,,5272,148,2720,402952,,0.0005,0.153,100237.0,,,
,225.0,-3.77,0.02,,5276,148,2724,403907,,0.0005,0.0185,100476.0,,,
,234.0,-3.46,0.02,,5280,148,2732,405751,,0.0005,0.546,100937.0,,,
,233.0,-3.25,0.02,,5284,148,2736,406691,,0.0005,0.345,101172.0,,,
,237.0,-2.69,0.02,,5288,148,2740,407811,,0.0005,0.00187,101452.0,1.0,1.0,4.0
,239.0,-3.51,0.02,,5292,149,2752,410869,,0.0005,0.0748,102217.0,,,
,261.0,-3.12,0.02,,5296,149,2763,413592,,0.0005,0.248,102897.0,,,
,260.0,-3.31,0.02,,5300,149,2766,414233,,0.0005,0.307,103058.0,,,
,257.0,-3.48,0.02,,5304,149,2769,414921,,0.0005,0.154,103230.0,,,
,252.0,-5.03,0.02,,5308,149,2772,415683,,0.0005,0.507,103420.0,,,
,261.0,-5.12,0.02,,5312,150,2779,417216,,0.0005,0.349,103803.0,,,
,258.0,-5.09,0.02,,5316,150,2783,418127,,0.0005,0.102,104031.0,,,
,254.0,-5.46,0.02,,5320,150,2786,418758,,0.0005,0.00107,104189.0,,,
,253.0,-5.05,0.02,,5324,150,2789,419412,,0.0005,0.252,104352.0,0.0,3.0,0.0
,256.0,-4.87,0.02,,5328,150,2794,420473,,0.0005,0.0876,104618.0,,,
,266.0,-5.17,0.02,,5332,150,2799,421828,,0.0005,0.00121,104956.0,,,
,268.0,-6.39,0.02,,5336,150,2806,423614,,0.0005,0.00101,105403.0,,,
,276.0,-6.27,0.02,,5340,151,2811,424525,,0.0005,0.00125,105631.0,,,
,283.0,-7.34,0.02,,5344,151,2816,425912,,0.0005,0.00113,105977.0,,,
,274.0,-8.46,0.02,,5348,151,2818,426024,,0.0005,0.245,106005.0,,,
,271.0,-8.83,0.02,,5352,151,2820,426530,,0.0005,0.155,106132.0,,,
,268.0,-9.2,0.02,,5356,151,2823,427075,,0.0005,0.384,106268.0,,,
,266.0,-10.6,0.02,,5360,151,2826,427680,,0.0005,0.406,106419.0,,,
,270.0,-10.0,0.02,,5364,151,2830,428599,,0.0005,0.163,106649.0,,,
,270.0,-9.82,0.02,,5368,151,2834,429268,,0.0005,0.304,106816.0,,,
,268.0,-10.0,0.02,,5372,151,2836,429744,,0.0005,0.155,106935.0,0.0,0.0,0.0
,272.0,-9.43,0.02,,5376,151,2842,431095,,0.0005,0.153,107273.0,,,
,259.0,-9.9,0.02,,5380,151,2845,431611,,0.0005,0.235,107402.0,,,
,269.0,-9.2,0.02,,5384,151,2852,433589,,0.0005,0.00144,107897.0,,,
,269.0,-9.81,0.02,,5388,152,2857,434744,,0.0005,0.07,108185.0,,,
,245.0,-8.57,0.02,,5392,152,2861,435408,,0.0005,0.068,108351.0,,,
,225.0,-8.77,0.02,,5396,152,2864,436043,,0.0005,0.0678,108510.0,,,
,224.0,-9.57,0.02,,5400,152,2867,436650,,0.0005,0.0842,108662.0,,,
,224.0,-9.77,0.02,,5404,152,2870,437305,,0.0005,0.00231,108826.0,,,
,226.0,-8.59,0.02,,5408,152,2875,438327,,0.0005,0.304,109081.0,,,
,219.0,-8.92,0.02,,5412,152,2879,439069,,0.0005,0.614,109267.0,2.0,0.0,0.0
,223.0,-8.96,0.02,,5416,152,2884,440406,,0.0005,0.102,109601.0,,,
,225.0,-9.18,0.02,,5420,152,2888,441277,,0.0005,0.0184,109819.0,,,
,226.0,-9.19,0.02,,5424,152,2892,442062,,0.0005,0.308,110015.0,,,
,223.0,-8.96,0.02,,5428,152,2896,442804,,0.0005,0.194,110200.0,,,
,216.0,-9.09,0.02,,5432,152,2899,443437,,0.0005,0.153,110359.0,,,
,205.0,-8.58,0.02,,5436,152,2902,444104,,0.0005,0.158,110525.0,,,
,205.0,-8.39,0.02,,5440,153,2907,445023,,0.0005,0.224,110755.0,,,
,201.0,-7.34,0.02,,5444,153,2911,445999,,0.0005,0.00103,110999.0,,,
,207.0,-7.01,0.02,,5448,153,2915,446744,,0.0005,0.106,111185.0,,,
,222.0,-6.35,0.02,,5452,153,2923,448733,,0.0005,0.305,111683.0,,,
,222.0,-5.55,0.02,,5456,153,2926,449282,,0.0005,0.242,111820.0,0.0,0.0,0.0
,228.0,-5.2,0.02,,5460,153,2931,450449,,0.0005,0.000966,112112.0,,,
,237.0,-6.3,0.02,,5464,153,2938,452330,,0.0005,0.156,112582.0,,,
,240.0,-6.33,0.02,,5468,154,2942,453265,,0.0005,0.158,112816.0,,,
,240.0,-6.73,0.02,,5472,154,2945,453785,,0.0005,0.0706,112946.0,,,
,234.0,-6.47,0.02,,5476,154,2949,454531,,0.0005,0.38,113132.0,,,
,233.0,-6.65,0.02,,5480,154,2951,454876,,0.0005,0.0349,113218.0,,,
,220.0,-7.53,0.02,,5484,154,2954,455607,,0.0005,0.168,113401.0,,,
,217.0,-7.3,0.02,,5488,154,2958,456446,,0.0005,0.154,113611.0,,,
,213.0,-7.87,0.02,,5492,154,2960,456747,,0.0005,0.00351,113686.0,,,
,218.0,-8.12,0.02,,5496,154,2965,457878,,0.0005,0.00113,113969.0,,,
,218.0,-7.51,0.02,,5500,154,2968,458459,,0.0005,0.154,114114.0,,,
,225.0,-6.98,0.02,,5504,154,2974,459760,,0.0005,0.00196,114439.0,0.0,0.0,1.0
,222.0,-7.15,0.02,,5508,154,2977,460500,,0.0005,0.0927,114624.0,,,
,227.0,-7.4,0.02,,5512,154,2983,461736,,0.0005,0.189,114933.0,,,
,218.0,-7.31,0.02,,5516,154,2985,462173,,0.0005,0.00104,115043.0,,,
,215.0,-6.28,0.02,,5520,154,2988,462751,,0.0005,0.00328,115187.0,,,
,213.0,-6.47,0.02,,5524,154,2992,463384,,0.0005,0.174,115345.0,,,
,211.0,-6.64,0.02,,5528,154,2995,463893,,0.0005,0.155,115473.0,,,
,210.0,-6.44,0.02,,5532,154,2998,464465,,0.0005,0.154,115616.0,,,
,215.0,-6.08,0.02,,5536,155,3002,465556,,0.0005,0.00754,115888.0,,,
,211.0,-6.45,0.02,,5540,155,3005,466153,,0.0005,0.216,116038.0,,,
,213.0,-5.86,0.02,,5544,155,3010,467342,,0.0005,0.0704,116335.0,,,
,216.0,-5.89,0.02,,5548,155,3015,468303,,0.0005,0.00175,116575.0,,,
,205.0,-5.98,0.02,,5552,155,3019,469185,,0.0005,0.077,116796.0,,,
,205.0,-6.18,0.02,,5556,155,3022,469757,,0.0005,0.00084,116939.0,0.0,0.0,0.0
,201.0,-6.55,0.02,,5560,155,3025,470574,,0.0005,0.321,117143.0,,,
,189.0,-5.62,0.02,,5564,155,3029,471200,,0.0005,0.154,117299.0,,,
,188.0,-5.82,0.02,,5568,155,3032,472061,,0.0005,0.00217,117515.0,,,
,187.0,-5.41,0.02,,5572,155,3035,472527,,0.0005,0.00117,117631.0,,,
,185.0,-5.99,0.02,,5576,155,3038,473067,,0.0005,0.237,117766.0,,,
,185.0,-5.58,0.02,,5580,155,3040,473377,,0.0005,0.00115,117844.0,,,
,183.0,-5.36,0.02,,5584,155,3043,473908,,0.0005,0.304,117976.0,,,
,178.0,-4.51,0.02,,5588,155,3045,474237,,0.0005,0.00183,118059.0,,,
,182.0,-4.16,0.02,,5592,155,3048,474966,,0.0005,0.00215,118241.0,,,
,176.0,-3.89,0.02,,5596,155,3051,475450,,0.0005,0.00143,118362.0,,,
,173.0,-4.27,0.02,,5600,155,3053,475808,,0.0005,0.000927,118451.0,,,
,170.0,-4.43,0.02,,5604,155,3058,476715,,0.0005,0.153,118678.0,,,
,176.0,-4.7,0.02,,5608,156,3064,478129,,0.0005,0.00112,119032.0,0.0,0.0,0.0
,186.0,-3.59,0.02,,5612,156,3072,480348,,0.0005,0.154,119586.0,,,
,185.0,-3.78,0.02,,5616,156,3074,480639,,0.0005,0.00114,119659.0,,,
,187.0,-4.2,0.02,,5620,156,3078,481439,,0.0005,0.0915,119859.0,,,
,189.0,-4.23,0.02,,5624,156,3082,482332,,0.0005,0.302,120082.0,,,
,204.0,-3.97,0.02,,5628,156,3091,484317,,0.0005,0.157,120579.0,,,
,211.0,-4.04,0.02,,5632,156,3096,485579,,0.0005,0.00197,120894.0,,,
,207.0,-4.6,0.02,,5636,156,3099,486262,,0.0005,0.104,121065.0,,,
,212.0,-3.65,0.02,,5640,156,3104,487360,,0.0005,0.0771,121339.0,,,
,204.0,-3.98,0.02,,5644,157,3106,487791,,0.0005,0.00179,121447.0,,,
,206.0,-3.59,0.02,,5648,157,3111,488855,,0.0005,0.00159,121713.0,,,
,201.0,-4.15,0.02,,5652,157,3114,489302,,0.0005,0.285,121825.0,,,
,201.0,-4.55,0.02,,5656,157,3117,489866,,0.0005,0.153,121966.0,0.0,0.0,0.0
,195.0,-4.09,0.02,,5660,157,3118,490074,,0.0005,0.397,122018.0,,,
,199.0,-4.53,0.02,,5664,157,3123,491136,,0.0005,0.151,122283.0,,,
,199.0,-4.32,0.02,,5668,157,3127,491931,,0.0005,0.153,122482.0,,,
,201.0,-4.55,0.02,,5672,157,3130,492650,,0.0005,0.371,122662.0,,,
,206.0,-4.0,0.02,,5676,157,3135,493679,,0.0005,0.00123,122919.0,,,
,209.0,-4.23,0.02,,5680,157,3138,494306,,0.0005,0.425,123076.0,,,
,211.0,-4.64,0.02,,5684,157,3142,495004,,0.0005,0.178,123250.0,,,
,213.0,-5.27,0.02,,5688,157,3145,495550,,0.0005,0.00322,123387.0,,,
,216.0,-5.29,0.02,,5692,157,3149,496533,,0.0005,0.00115,123633.0,,,
,219.0,-5.32,0.02,,5696,157,3153,497316,,0.0005,0.191,123828.0,,,
,225.0,-5.18,0.02,,5700,157,3157,498310,,0.0005,0.00255,124077.0,,,
,221.0,-5.15,0.02,,5704,157,3160,498813,,0.0005,0.096,124203.0,,,
,216.0,-4.7,0.02,,5708,157,3164,499705,,0.0005,0.759,124426.0,,,
,195.0,-5.69,0.02,,5712,157,3166,499820,,0.0005,0.395,124454.0,0.0,0.0,0.0
,197.0,-6.11,0.02,,5716,157,3168,500332,,0.0005,0.233,124582.0,,,
,197.0,-5.91,0.02,,5720,157,3172,501099,,0.0005,0.155,124774.0,,,
,199.0,-5.53,0.02,,5724,158,3177,502187,,0.0005,0.153,125046.0,,,
,182.0,-5.76,0.02,,5728,158,3179,502527,,0.0005,0.154,125131.0,,,
,179.0,-5.54,0.02,,5732,158,3184,503514,,0.0005,0.00148,125378.0,,,
,181.0,-5.35,0.02,,5736,158,3188,504324,,0.0005,0.0218,125580.0,,,
,174.0,-5.69,0.02,,5740,158,3190,504792,,0.0005,0.326,125697.0,,,
,177.0,-6.12,0.02,,5744,158,3194,505524,,0.0005,0.00415,125880.0,,,
,171.0,-6.26,0.02,,5748,158,3196,505955,,0.0005,0.458,125988.0,,,
,172.0,-5.66,0.02,,5752,158,3199,506481,,0.0005,0.238,126120.0,,,
,182.0,-6.76,0.02,,5756,158,3206,508087,,0.0005,0.00236,126521.0,,,
,188.0,-6.62,0.02,,5760,158,3210,508894,,0.0005,0.302,126723.0,,,
,187.0,-6.41,0.02,,5764,158,3214,509835,,0.0005,0.339,126958.0,0.0,0.0,0.0
,183.0,-6.77,0.02,,5768,158,3216,510197,,0.0005,0.153,127049.0,,,
,186.0,-6.61,0.02,,5772,158,3221,511270,,0.0005,0.0973,127317.0,,,
,184.0,-6.98,0.02,,5776,158,3225,512087,,0.0005,0.00168,127521.0,,,
,180.0,-6.95,0.02,,5780,158,3227,512353,,0.0005,0.00288,127588.0,,,
,182.0,-6.57,0.02,,5784,158,3231,513227,,0.0005,0.154,127806.0,,,
,181.0,-6.76,0.02,,5788,158,3233,513669,,0.0005,0.171,127917.0,,,
,183.0,-7.17,0.02,,5792,158,3239,514794,,0.0005,0.00311,128198.0,,,
,183.0,-6.57,0.02,,5796,158,3242,515595,,0.0005,0.135,128398.0,,,
,180.0,-6.34,0.02,,5800,159,3246,516263,,0.0005,0.158,128565.0,,,
,185.0,-6.99,0.02,,5804,159,3250,517347,,0.0005,0.0809,128836.0,,,
,186.0,-6.4,0.02,,5808,159,3255,518294,,0.0005,0.192,129073.0,0.0,0.0,1.0
,202.0,-6.56,0.02,,5812,159,3261,520049,,0.0005,0.166,129512.0,,,
,209.0,-5.22,0.02,,5816,159,3267,521245,,0.0005,0.00153,129811.0,,,
,211.0,-4.84,0.02,,5820,159,3271,522167,,0.0005,0.0619,130041.0,,,
,204.0,-4.57,0.02,,5824,159,3273,522569,,0.0005,0.222,130142.0,,,
,206.0,-5.19,0.02,,5828,159,3276,523108,,0.0005,0.00607,130276.0,,,
,209.0,-4.81,0.02,,5832,159,3282,524368,,0.0005,0.551,130591.0,,,
,204.0,-4.57,0.02,,5836,159,3284,524757,,0.0005,0.356,130689.0,,,
,211.0,-5.04,0.02,,5840,159,3289,525865,,0.0005,0.181,130966.0,,,
,221.0,-5.14,0.02,,5844,160,3296,527612,,0.0005,0.327,131402.0,,,
,221.0,-5.54,0.02,,5848,160,3299,528085,,0.0005,0.203,131521.0,,,
,223.0,-5.35,0.02,,5852,160,3302,528745,,0.0005,0.382,131686.0,,,
,216.0,-4.29,0.02,,5856,160,3307,529644,,0.0005,0.377,131910.0,0.0,0.0,0.0
,214.0,-4.07,0.02,,5860,160,3310,530278,,0.0005,0.152,132069.0,,,
,216.0,-3.49,0.02,,5864,160,3315,531444,,0.0005,0.00185,132360.0,,,
,234.0,-4.07,0.02,,5868,160,3324,533610,,0.0005,0.00114,132902.0,,,
,233.0,-3.86,0.02,,5872,160,3328,534562,,0.0005,0.155,133140.0,,,
,234.0,-3.66,0.02,,5876,160,3332,535441,,0.0005,0.0979,133360.0,,,
,240.0,-3.53,0.02,,5880,160,3336,536370,,0.0005,0.158,133592.0,,,
,241.0,-3.54,0.02,,5884,160,3341,537332,,0.0005,0.342,133832.0,,,
,250.0,-3.22,0.02,,5888,160,3346,538619,,0.0005,0.138,134154.0,,,
,245.0,-3.37,0.02,,5892,160,3349,539246,,0.0005,0.0821,134311.0,,,
,243.0,-4.15,0.02,,5896,161,3352,539859,,0.0005,0.00929,134464.0,0.0,0.0,0.0
,244.0,-3.76,0.02,,5900,161,3356,540619,,0.0005,0.46,134654.0,,,
,242.0,-3.14,0.02,,5904,161,3360,541506,,0.0005,0.167,134876.0,,,
,241.0,-3.14,0.02,,5908,161,3364,542435,,0.0005,0.353,135108.0,,,
,239.0,-2.52,0.02,,5912,161,3371,543946,,0.0005,0.0131,135486.0,,,
,231.0,-3.64,0.02,,5916,161,3373,544337,,0.0005,0.111,135584.0,,,
,229.0,-4.03,0.02,,5920,161,3376,545088,,0.0005,0.458,135771.0,,,
,232.0,-4.45,0.02,,5924,161,3380,545726,,0.0005,0.229,135931.0,,,
,231.0,-4.24,0.02,,5928,161,3382,546168,,0.0005,0.194,136041.0,,,
,225.0,-3.99,0.02,,5932,161,3386,546905,,0.0005,0.0119,136226.0,,,
,224.0,-4.58,0.02,,5936,161,3388,547203,,0.0005,0.00222,136300.0,,,
,224.0,-4.17,0.02,,5940,161,3393,548247,,0.0005,0.154,136561.0,,,
,214.0,-3.68,0.02,,5944,161,3396,549018,,0.0005,0.004,136754.0,,,
,216.0,-3.69,0.02,,5948,161,3399,549637,,0.0005,0.00739,136909.0,0.0,2.0,2.0
,224.0,-4.98,0.02,,5952,161,3406,551164,,0.0005,0.0862,137290.0,,,
,224.0,-3.77,0.02,,5956,161,3409,552002,,0.0005,0.0534,137500.0,,,
,230.0,-3.43,0.02,,5960,161,3415,553229,,0.0005,0.169,137807.0,,,
,220.0,-4.53,0.02,,5964,161,3416,553439,,0.0005,0.305,137859.0,,,
,202.0,-2.96,0.02,,5968,161,3419,553847,,0.0005,0.456,137961.0,,,
,198.0,-2.92,0.02,,5972,161,3422,554387,,0.0005,0.0474,138096.0,,,
,196.0,-3.3,0.02,,5976,162,3425,555048,,0.0005,0.157,138261.0,,,
,190.0,-3.44,0.02,,5980,162,3427,555399,,0.0005,0.00114,138349.0,,,
,192.0,-3.86,0.02,,5984,162,3432,556533,,0.0005,0.0334,138633.0,,,
,186.0,-4.6,0.02,,5988,162,3435,557259,,0.0005,0.0902,138814.0,,,
,187.0,-4.01,0.02,,5992,162,3439,557961,,0.0005,0.39,138990.0,,,
,194.0,-3.28,0.02,,5996,162,3444,559279,,0.0005,0.421,139319.0,1.0,0.0,2.0
,205.0,-4.18,0.02,,6000,162,3452,561099,,0.0005,0.0967,139774.0,,,
,202.0,-3.96,0.02,,6004,162,3455,561735,,0.0005,0.317,139933.0,,,
,202.0,-4.16,0.02,,6008,162,3459,562659,,0.0005,0.477,140164.0,,,
,200.0,-4.73,0.02,,6012,162,3465,563909,,0.0005,0.198,140477.0,,,
,202.0,-4.75,0.02,,6016,162,3468,564561,,0.0005,0.306,140640.0,,,
,221.0,-4.74,0.02,,6020,163,3479,567204,,0.0005,0.454,141300.0,,,
,221.0,-5.14,0.02,,6024,163,3482,567784,,0.0005,0.608,141445.0,,,
,224.0,-4.77,0.02,,6028,163,3486,568561,,0.0005,0.0967,141640.0,,,
,229.0,-5.22,0.02,,6032,163,3491,569814,,0.0005,0.152,141953.0,1.0,0.0,0.0
,240.0,-4.93,0.02,,6036,163,3497,571193,,0.0005,0.205,142298.0,,,
,244.0,-4.77,0.02,,6040,163,3503,572690,,0.0005,0.00133,142672.0,,,
,241.0,-4.54,0.02,,6044,163,3505,573114,,0.0005,0.249,142778.0,,,
,243.0,-4.16,0.02,,6048,163,3509,573963,,0.0005,0.00129,142990.0,,,
,233.0,-2.86,0.02,,6052,163,3512,574471,,0.0005,0.459,143117.0,,,
,235.0,-3.68,0.02,,6056,163,3517,575509,,0.0005,0.534,143377.0,,,
,235.0,-4.88,0.02,,6060,163,3522,576730,,0.0005,0.305,143682.0,,,
,244.0,-3.37,0.02,,6064,163,3527,577852,,0.0005,0.0868,143962.0,,,
,251.0,-3.83,0.02,,6068,163,3532,578938,,0.0005,0.153,144234.0,,,
,252.0,-3.04,0.02,,6072,163,3535,579601,,0.0005,0.0254,144400.0,0.0,0.0,0.0
,256.0,-3.28,0.02,,6076,164,3540,580662,,0.0005,0.0138,144665.0,,,
,261.0,-2.93,0.02,,6080,164,3544,581530,,0.0005,0.32,144882.0,,,
,264.0,-2.96,0.02,,6084,164,3550,582948,,0.0005,0.456,145236.0,,,
,284.0,-2.55,0.02,,6088,164,3560,585633,,0.0005,0.16,145908.0,,,
,281.0,-2.73,0.02,,6092,164,3563,586060,,0.0005,0.154,146014.0,,,
,280.0,-4.12,0.02,,6096,164,3568,587300,,0.0005,0.152,146324.0,,,
,270.0,-2.21,0.02,,6100,164,3571,588050,,0.0005,0.187,146512.0,,,
,270.0,-2.42,0.02,,6104,164,3575,588717,,0.0005,0.411,146679.0,,,
,268.0,-2.8,0.02,,6108,164,3578,589427,,0.0005,0.172,146856.0,,,
,260.0,-2.52,0.02,,6112,164,3581,589877,,0.0005,0.154,146969.0,0.0,0.0,0.0
,264.0,-2.17,0.02,,6116,164,3586,591009,,0.0005,0.0329,147252.0,,,
,242.0,-2.35,0.02,,6120,164,3589,591419,,0.0005,0.00261,147354.0,,,
,244.0,-2.37,0.02,,6124,164,3593,592221,,0.0005,0.245,147555.0,,,
,242.0,-1.75,0.02,,6128,164,3596,592772,,0.0005,0.165,147692.0,,,
,237.0,-2.1,0.02,,6132,164,3599,593521,,0.0005,0.0988,147880.0,,,
,237.0,-2.7,0.02,,6136,164,3605,594849,,0.0005,0.154,148212.0,,,
,225.0,-3.39,0.02,,6140,164,3607,595224,,0.0005,0.00935,148305.0,,,
,229.0,-4.02,0.02,,6144,165,3611,595975,,0.0005,0.00248,148493.0,,,
,229.0,-4.22,0.02,,6148,165,3615,596855,,0.0005,0.395,148713.0,,,
,233.0,-4.87,0.02,,6152,165,3619,597804,,0.0005,0.0016,148950.0,,,
,227.0,-5.01,0.02,,6156,165,3622,598227,,0.0005,0.154,149056.0,,,
,222.0,-4.56,0.02,,6160,165,3625,598935,,0.0005,0.0793,149233.0,,,
,221.0,-5.55,0.02,,6164,165,3630,599915,,0.0005,0.2,149478.0,0.0,0.0,0.0
,214.0,-6.09,0.02,,6168,165,3632,600367,,0.0005,0.305,149591.0,,,
,217.0,-6.71,0.02,,6172,165,3637,601272,,0.0005,0.0707,149817.0,,,
,213.0,-5.87,0.02,,6176,165,3640,601977,,0.0005,0.0688,149994.0,,,
,219.0,-5.53,0.02,,6180,165,3646,603400,,0.0005,0.305,150349.0,,,
,210.0,-5.24,0.02,,6184,165,3649,603959,,0.0005,0.247,150489.0,,,
,199.0,-4.73,0.02,,6188,165,3656,605534,,0.0005,0.0942,150883.0,,,
,205.0,-3.59,0.02,,6192,165,3660,606567,,0.0005,0.224,151141.0,,,
,201.0,-1.75,0.02,,6196,165,3664,607351,,0.0005,0.157,151337.0,,,
,206.0,-2.8,0.02,,6200,165,3670,608697,,0.0005,0.0874,151674.0,,,
,208.0,-2.22,0.02,,6204,165,3674,609528,,0.0005,0.162,151881.0,0.0,0.0,0.0
,216.0,-1.29,0.02,,6208,166,3680,610981,,0.0005,0.00508,152245.0,,,
,215.0,-1.49,0.02,,6212,166,3682,611396,,0.0005,0.303,152348.0,,,
,206.0,-1.6,0.02,,6216,166,3684,611656,,0.0005,0.242,152413.0,,,
,211.0,-1.84,0.02,,6220,166,3688,612537,,0.0005,0.00143,152634.0,,,
,214.0,-1.67,0.02,,6224,166,3693,613644,,0.0005,0.00246,152910.0,,,
,215.0,-2.08,0.02,,6228,166,3696,614239,,0.0005,0.219,153059.0,,,
,216.0,-2.09,0.02,,6232,166,3700,615108,,0.0005,0.0545,153276.0,,,
,206.0,-1.59,0.02,,6236,166,3702,615480,,0.0005,0.0237,153369.0,,,
,209.0,-1.62,0.02,,6240,166,3705,616131,,0.0005,0.211,153532.0,,,
,205.0,-1.38,0.02,,6244,166,3708,616511,,0.0005,0.0322,153627.0,,,
,210.0,-1.62,0.02,,6248,166,3714,617824,,0.0005,0.0124,153955.0,,,
,204.0,-0.968,0.02,,6252,166,3716,618217,,0.0005,0.301,154054.0,,,
,208.0,-1.01,0.02,,6256,166,3720,619067,,0.0005,0.0756,154266.0,,,
,209.0,-0.814,0.02,,6260,166,3724,619840,,0.0005,0.195,154459.0,0.0,0.0,1.0
,208.0,-1.4,0.02,,6264,166,3727,620669,,0.0005,0.299,154667.0,,,
,207.0,-1.19,0.02,,6268,166,3730,621038,,0.0005,0.0275,154759.0,,,
,202.0,-1.15,0.02,,6272,166,3732,621512,,0.0005,0.327,154877.0,,,
,200.0,-1.12,0.02,,6276,166,3735,621932,,0.0005,0.246,154982.0,,,
,193.0,-2.46,0.02,,6280,166,3738,622738,,0.0005,0.294,155184.0,,,
,189.0,-2.42,0.02,,6284,166,3740,622863,,0.0005,0.154,155215.0,,,
,181.0,-2.74,0.02,,6288,166,3743,623611,,0.0005,0.394,155402.0,,,
,180.0,-4.53,0.02,,6292,166,3747,624517,,0.0005,0.229,155629.0,,,
,178.0,-5.51,0.02,,6296,166,3750,625146,,0.0005,0.251,155786.0,,,
,167.0,-6.21,0.02,,6300,166,3752,625409,,0.0005,0.232,155852.0,,,
,167.0,-7.01,0.02,,6304,166,3756,626259,,0.0005,0.37,156064.0,,,
,164.0,-8.18,0.02,,6308,166,3761,627369,,0.0005,0.153,156342.0,,,
,165.0,-7.79,0.02,,6312,166,3764,627913,,0.0005,0.149,156478.0,,,
,166.0,-7.59,0.02,,6316,166,3766,628208,,0.0005,0.604,156551.0,,,
,165.0,-6.79,0.02,,6320,166,3770,629036,,0.0005,0.00169,156758.0,,,
,160.0,-5.94,0.02,,6324,166,3773,629637,,0.0005,0.154,156909.0,0.0,0.0,1.0
,163.0,-5.97,0.02,,6328,166,3777,630583,,0.0005,0.0321,157145.0,,,
,164.0,-5.38,0.02,,6332,166,3782,631549,,0.0005,0.175,157387.0,,,
,172.0,-5.06,0.02,,6336,167,3787,632715,,0.0005,0.228,157678.0,,,
,171.0,-4.45,0.02,,6340,167,3789,633249,,0.0005,0.106,157812.0,,,
,184.0,-4.98,0.02,,6344,167,3796,634921,,0.0005,0.0012,158230.0,,,
,176.0,-4.9,0.02,,6348,167,3799,635444,,0.0005,0.139,158360.0,,,
,176.0,-5.9,0.02,,6352,167,3802,635863,,0.0005,0.0881,158465.0,,,
,172.0,-6.46,0.02,,6356,167,3804,636266,,0.0005,0.00113,158566.0,,,
,176.0,-6.9,0.02,,6360,167,3809,637486,,0.0005,0.00196,158871.0,,,
,174.0,-5.68,0.02,,6364,167,3812,638064,,0.0005,0.154,159015.0,,,
,176.0,-6.1,0.02,,6368,167,3815,638642,,0.0005,0.066,159160.0,,,
,177.0,-6.11,0.02,,6372,167,3818,639243,,0.0005,0.153,159310.0,0.0,0.0,0.0
,182.0,-5.96,0.02,,6376,167,3822,640126,,0.0005,0.17,159531.0,,,
,178.0,-5.32,0.02,,6380,167,3825,640582,,0.0005,0.305,159645.0,,,
,188.0,-5.41,0.02,,6384,167,3829,641620,,0.0005,0.306,159904.0,,,
,190.0,-5.63,0.02,,6388,167,3834,642566,,0.0005,0.281,160141.0,,,
,188.0,-5.21,0.02,,6392,167,3837,643305,,0.0005,0.331,160326.0,,,
,188.0,-4.41,0.02,,6396,167,3840,643931,,0.0005,0.0825,160482.0,,,
,198.0,-4.11,0.02,,6400,167,3846,645233,,0.0005,0.00218,160808.0,,,
,194.0,-3.87,0.02,,6404,167,3848,645694,,0.0005,0.171,160923.0,,,
,187.0,-3.81,0.02,,6408,167,3851,646114,,0.0005,0.143,161028.0,,,
,196.0,-3.69,0.02,,6412,167,3857,647535,,0.0005,0.193,161383.0,,,
,206.0,-4.39,0.02,,6416,167,3862,648769,,0.0005,0.207,161692.0,,,
,203.0,-5.36,0.02,,6420,167,3865,649307,,0.0005,0.0149,161826.0,0.0,1.0,0.0
,207.0,-6.0,0.02,,6424,168,3869,650358,,0.0005,0.154,162089.0,,,
,206.0,-6.39,0.02,,6428,168,3873,651148,,0.0005,0.225,162286.0,,,
,214.0,-6.08,0.02,,6432,168,3880,652992,,0.0005,0.0811,162747.0,,,
,212.0,-6.65,0.02,,6436,168,3885,653949,,0.0005,0.156,162987.0,,,
,215.0,-6.68,0.02,,6440,168,3889,654772,,0.0005,0.226,163192.0,,,
,205.0,-6.58,0.02,,6444,168,3892,655397,,0.0005,0.0634,163349.0,,,
,208.0,-6.01,0.02,,6448,168,3896,656235,,0.0005,0.25,163558.0,,,
,208.0,-5.41,0.02,,6452,168,3898,656667,,0.0005,0.313,163666.0,,,
,215.0,-5.28,0.02,,6456,168,3903,657788,,0.0005,0.46,163946.0,,,
,208.0,-4.41,0.02,,6460,168,3906,658295,,0.0005,0.181,164073.0,4.0,2.0,5.0
,233.0,-4.65,0.02,,6464,168,3918,661363,,0.0005,0.155,164840.0,,,
,235.0,-3.08,0.02,,6468,168,3922,662188,,0.0005,0.162,165046.0,,,
,235.0,-3.07,0.02,,6472,168,3925,662745,,0.0005,0.217,165186.0,,,
,236.0,-3.28,0.02,,6476,168,3930,663723,,0.0005,0.152,165430.0,,,
,234.0,-3.26,0.02,,6480,168,3932,663990,,0.0005,0.523,165497.0,,,
,242.0,-2.54,0.02,,6484,169,3939,665817,,0.0005,0.322,165954.0,,,
,243.0,-2.75,0.02,,6488,169,3944,666884,,0.0005,0.458,166220.0,,,
,243.0,-2.55,0.02,,6492,169,3947,667584,,0.0005,0.00187,166395.0,,,
,239.0,-3.11,0.02,,6496,169,3949,667844,,0.0005,0.0952,166460.0,,,
,236.0,-3.08,0.02,,6500,169,3953,668817,,0.0005,0.0774,166704.0,,,
,239.0,-2.71,0.02,,6504,169,3957,669598,,0.0005,0.00227,166899.0,1.0,0.0,1.0
,242.0,-2.74,0.02,,6508,169,3960,670337,,0.0005,0.435,167084.0,,,
,237.0,-2.49,0.02,,6512,169,3964,671197,,0.0005,0.305,167299.0,,,
,238.0,-2.5,0.02,,6516,169,3970,672563,,0.0005,0.153,167640.0,,,
,245.0,-2.16,0.02,,6520,169,3975,673759,,0.0005,0.162,167939.0,,,
,245.0,-1.97,0.02,,6524,169,3980,674899,,0.0005,0.154,168224.0,,,
,245.0,-1.57,0.02,,6528,169,3983,675661,,0.0005,0.217,168415.0,,,
,236.0,-2.69,0.02,,6532,169,3988,676607,,0.0005,0.163,168651.0,,,
,240.0,-2.72,0.02,,6536,169,3993,677946,,0.0005,0.00664,168986.0,,,
,239.0,-3.52,0.02,,6540,169,3997,678673,,0.0005,0.359,169168.0,,,
,240.0,-3.13,0.02,,6544,169,4000,679416,,0.0005,0.154,169353.0,,,
,238.0,-3.7,0.02,,6548,169,4003,679991,,0.0005,0.0593,169497.0,0.0,0.0,0.0
,240.0,-3.52,0.02,,6552,169,4006,680626,,0.0005,0.305,169656.0,,,
,240.0,-3.12,0.02,,6556,169,4011,681792,,0.0005,0.00335,169947.0,,,
,242.0,-3.74,0.02,,6560,169,4015,682499,,0.0005,0.329,170124.0,,,
,214.0,-4.27,0.02,,6564,169,4017,682775,,0.0005,0.00172,170193.0,,,
,212.0,-5.25,0.02,,6568,169,4020,683345,,0.0005,0.153,170336.0,,,
,216.0,-5.09,0.02,,6572,170,4024,684347,,0.0005,0.235,170586.0,,,
,212.0,-4.65,0.02,,6576,170,4027,684972,,0.0005,0.0858,170742.0,,,
,212.0,-4.85,0.02,,6580,170,4029,685182,,0.0005,0.209,170795.0,,,
,207.0,-5.0,0.02,,6584,170,4035,686532,,0.0005,0.403,171132.0,,,
,201.0,-4.75,0.02,,6588,170,4037,687026,,0.0005,0.328,171256.0,,,
,203.0,-4.77,0.02,,6592,170,4041,687906,,0.0005,0.00216,171476.0,,,
,207.0,-5.0,0.02,,6596,170,4044,688530,,0.0005,0.276,171632.0,,,
,203.0,-4.97,0.02,,6600,170,4047,689148,,0.0005,0.0908,171786.0,,,
,201.0,-5.54,0.02,,6604,170,4050,689659,,0.0005,0.149,171914.0,0.0,0.0,0.0
,205.0,-5.79,0.02,,6608,170,4055,690824,,0.0005,0.00283,172205.0,,,
,202.0,-6.95,0.02,,6612,170,4058,691357,,0.0005,0.00267,172339.0,,,
,198.0,-6.72,0.02,,6616,170,4062,692351,,0.0005,0.107,172587.0,,,
,193.0,-7.07,0.02,,6620,170,4066,693101,,0.0005,0.257,172775.0,,,
,189.0,-7.63,0.02,,6624,170,4069,693791,,0.0005,0.159,172947.0,,,
,185.0,-7.79,0.02,,6628,170,4071,694175,,0.0005,0.0089,173043.0,,,
,181.0,-7.75,0.02,,6632,170,4074,694704,,0.0005,0.0117,173175.0,,,
,175.0,-7.69,0.02,,6636,170,4078,695462,,0.0005,0.382,173365.0,,,
,172.0,-6.86,0.02,,6640,170,4080,695890,,0.0005,0.00117,173472.0,,,
,169.0,-7.43,0.02,,6644,170,4083,696281,,0.0005,0.163,173570.0,,,
,172.0,-7.26,0.02,,6648,170,4087,697188,,0.0005,0.00664,173796.0,,,
,168.0,-7.43,0.02,,6652,170,4089,697464,,0.0005,0.0639,173865.0,,,
,166.0,-6.8,0.02,,6656,170,4093,698345,,0.0005,0.202,174086.0,,,
,165.0,-6.39,0.02,,6660,170,4096,698957,,0.0005,0.00237,174239.0,,,
,166.0,-6.41,0.02,,6664,170,4098,699409,,0.0005,0.138,174352.0,0.0,1.0,0.0
,170.0,-6.05,0.02,,6668,170,4103,700385,,0.0005,0.252,174596.0,,,
,177.0,-7.51,0.02,,6672,170,4110,702033,,0.0005,0.00121,175008.0,,,
,179.0,-8.54,0.02,,6676,170,4113,702870,,0.0005,0.304,175217.0,,,
,186.0,-7.4,0.02,,6680,170,4117,703790,,0.0005,0.0254,175447.0,,,
,185.0,-8.0,0.02,,6684,170,4123,705051,,0.0005,0.0393,175762.0,,,
,188.0,-7.62,0.02,,6688,171,4126,705794,,0.0005,0.229,175948.0,,,
,196.0,-6.5,0.02,,6692,171,4133,707549,,0.0005,0.0115,176387.0,,,
,197.0,-6.71,0.02,,6696,171,4137,708203,,0.0005,0.303,176550.0,,,
,200.0,-6.94,0.02,,6700,171,4141,709136,,0.0005,0.164,176783.0,,,
,197.0,-6.91,0.02,,6704,171,4142,709382,,0.0005,0.154,176845.0,3.0,1.0,1.0
,193.0,-6.06,0.02,,6708,171,4146,710083,,0.0005,0.231,177020.0,,,
,196.0,-5.29,0.02,,6712,171,4150,710942,,0.0005,0.145,177235.0,,,
,191.0,-5.25,0.02,,6716,171,4153,711483,,0.0005,0.153,177370.0,,,
,190.0,-5.03,0.02,,6720,171,4156,712064,,0.0005,0.0917,177515.0,,,
,185.0,-4.98,0.02,,6724,171,4157,712247,,0.0005,0.0119,177561.0,,,
,191.0,-5.05,0.02,,6728,171,4162,713280,,0.0005,0.312,177819.0,,,
,192.0,-4.26,0.02,,6732,171,4165,713914,,0.0005,0.0262,177978.0,,,
,186.0,-4.4,0.02,,6736,171,4167,714112,,0.0005,0.326,178027.0,,,
,187.0,-4.81,0.02,,6740,171,4170,714612,,0.0005,0.00186,178152.0,,,
,197.0,-4.3,0.02,,6744,171,4175,715943,,0.0005,0.24,178485.0,,,
,200.0,-5.33,0.02,,6748,171,4180,717168,,0.0005,0.243,178791.0,,,
,205.0,-5.58,0.02,,6752,171,4184,717946,,0.0005,0.196,178986.0,,,
,203.0,-5.97,0.02,,6756,171,4187,718667,,0.0005,0.305,179166.0,,,
,201.0,-6.15,0.02,,6760,171,4190,719084,,0.0005,0.202,179270.0,,,
,202.0,-6.15,0.02,,6764,171,4193,719585,,0.0005,0.37,179396.0,1.0,0.0,0.0
,198.0,-6.92,0.02,,6768,171,4196,720223,,0.0005,0.241,179555.0,,,
,190.0,-5.84,0.02,,6772,171,4199,721012,,0.0005,0.336,179752.0,,,
,190.0,-5.03,0.02,,6776,171,4203,721857,,0.0005,0.391,179964.0,,,
,187.0,-6.41,0.02,,6780,171,4206,722473,,0.0005,0.302,180118.0,,,
,186.0,-6.6,0.02,,6784,171,4212,723677,,0.0005,0.00134,180419.0,,,
,187.0,-7.21,0.02,,6788,171,4215,724476,,0.0005,0.241,180618.0,,,
,173.0,-8.27,0.02,,6792,171,4217,724806,,0.0005,0.152,180701.0,,,
,173.0,-7.47,0.02,,6796,171,4221,725458,,0.0005,0.0927,180864.0,,,
,171.0,-6.85,0.02,,6800,171,4224,726239,,0.0005,0.00186,181059.0,,,
,178.0,-6.92,0.02,,6804,171,4229,727182,,0.0005,0.229,181295.0,,,
,178.0,-7.72,0.02,,6808,171,4232,727906,,0.0005,0.0954,181476.0,,,
,177.0,-8.32,0.02,,6812,172,4236,728674,,0.0005,0.0891,181668.0,,,
,175.0,-8.09,0.02,,6816,171,4238,728959,,0.0005,0.109,181739.0,0.0,0.0,0.0
,181.0,-6.95,0.02,,6820,172,4243,730148,,0.0005,0.151,182036.0,,,
,187.0,-6.61,0.02,,6824,172,4246,730921,,0.0005,0.165,182230.0,,,
,185.0,-6.99,0.02,,6828,172,4250,731748,,0.0005,0.161,182436.0,,,
,187.0,-7.81,0.02,,6832,172,4254,732611,,0.0005,0.211,182652.0,,,
,193.0,-7.47,0.02,,6836,172,4258,733413,,0.0005,0.232,182853.0,,,
,193.0,-7.67,0.02,,6840,172,4261,733909,,0.0005,0.155,182977.0,,,
,184.0,-7.58,0.02,,6844,172,4263,734309,,0.0005,0.222,183077.0,,,
,176.0,-6.9,0.02,,6848,172,4266,734760,,0.0005,0.0646,183189.0,,,
,175.0,-7.3,0.02,,6852,172,4269,735480,,0.0005,0.332,183369.0,,,
,174.0,-7.68,0.02,,6856,172,4272,736041,,0.0005,0.0765,183510.0,,,
,183.0,-7.17,0.02,,6860,172,4278,737373,,0.0005,0.326,183843.0,,,
,186.0,-6.8,0.02,,6864,172,4281,738138,,0.0005,0.154,184034.0,,,
,195.0,-6.5,0.02,,6868,172,4288,739765,,0.0005,0.466,184441.0,0.0,0.0,0.0
,196.0,-6.5,0.02,,6872,172,4292,740611,,0.0005,0.363,184652.0,,,
,201.0,-6.55,0.02,,6876,172,4297,741969,,0.0005,0.62,184992.0,,,
,206.0,-6.0,0.02,,6880,172,4302,743058,,0.0005,0.153,185264.0,,,
,207.0,-5.01,0.02,,6884,172,4308,744342,,0.0005,0.459,185585.0,,,
,208.0,-4.02,0.02,,6888,172,4312,745254,,0.0005,0.00124,185813.0,,,
,221.0,-4.15,0.02,,6892,172,4319,746949,,0.0005,0.0827,186237.0,,,
,223.0,-4.17,0.02,,6896,172,4322,747745,,0.0005,0.169,186436.0,,,
,226.0,-4.6,0.02,,6900,173,4327,748871,,0.0005,0.156,186717.0,,,
,225.0,-4.79,0.02,,6904,173,4331,749662,,0.0005,0.0389,186915.0,2.0,0.0,0.0
,226.0,-4.2,0.02,,6908,173,4335,750515,,0.0005,0.367,187128.0,,,
,226.0,-3.6,0.02,,6912,173,4339,751271,,0.0005,0.00418,187317.0,,,
,229.0,-4.02,0.02,,6916,173,4342,751859,,0.0005,0.153,187464.0,,,
,220.0,-4.94,0.02,,6920,173,4344,752144,,0.0005,0.273,187535.0,,,
,221.0,-5.34,0.02,,6924,173,4348,753006,,0.0005,0.0377,187751.0,,,
,223.0,-4.17,0.02,,6928,173,4353,754089,,0.0005,0.0622,188022.0,,,
,221.0,-4.54,0.02,,6932,173,4356,754684,,0.0005,0.151,188170.0,,,
,219.0,-4.32,0.02,,6936,173,4359,755279,,0.0005,0.00204,188319.0,,,
,222.0,-4.35,0.02,,6940,173,4362,756067,,0.0005,0.00118,188516.0,,,
,223.0,-4.97,0.02,,6944,173,4365,756610,,0.0005,0.00139,188652.0,,,
,226.0,-4.8,0.02,,6948,173,4369,757398,,0.0005,0.153,188849.0,,,
,230.0,-4.63,0.02,,6952,173,4374,758459,,0.0005,0.00556,189114.0,,,
,231.0,-5.04,0.02,,6956,173,4377,759115,,0.0005,0.244,189278.0,1.0,0.0,0.0
,228.0,-5.02,0.02,,6960,173,4382,760179,,0.0005,0.296,189544.0,,,
,230.0,-4.83,0.02,,6964,173,4386,761123,,0.0005,0.105,189780.0,,,
,224.0,-4.98,0.02,,6968,173,4391,762211,,0.0005,0.151,190052.0,,,
,226.0,-4.39,0.02,,6972,173,4395,763163,,0.0005,0.65,190290.0,,,
,215.0,-4.69,0.02,,6976,173,4397,763454,,0.0005,0.00316,190363.0,,,
,213.0,-4.67,0.02,,6980,173,4401,764332,,0.0005,0.173,190582.0,,,
,203.0,-5.37,0.02,,6984,173,4403,764635,,0.0005,0.157,190658.0,,,
,199.0,-5.53,0.02,,6988,173,4406,765177,,0.0005,0.458,190794.0,,,
,185.0,-5.19,0.02,,6992,173,4408,765451,,0.0005,0.00141,190862.0,,,
,190.0,-5.24,0.02,,6996,173,4413,766695,,0.0005,0.149,191173.0,,,
,185.0,-4.79,0.02,,7000,173,4416,767373,,0.0005,0.0867,191343.0,,,
,181.0,-4.95,0.02,,7004,173,4419,767794,,0.0005,0.307,191448.0,,,
,183.0,-5.17,0.02,,7008,173,4423,768791,,0.0005,0.197,191697.0,,,
,179.0,-5.13,0.02,,7012,173,4426,769157,,0.0005,0.336,191789.0,1.0,0.0,0.0
,184.0,-4.98,0.02,,7016,173,4431,770269,,0.0005,0.024,192067.0,,,
,187.0,-4.81,0.02,,7020,173,4433,770828,,0.0005,0.00122,192206.0,,,
,188.0,-3.82,0.02,,7024,173,4438,771791,,0.0005,0.158,192447.0,,,
,190.0,-3.44,0.02,,7028,173,4443,773066,,0.0005,0.609,192766.0,,,
,188.0,-3.02,0.02,,7032,173,4446,773506,,0.0005,0.0211,192876.0,,,
,191.0,-2.64,0.02,,7036,173,4450,774372,,0.0005,0.174,193092.0,,,
,197.0,-3.79,0.02,,7040,174,4456,775785,,0.0005,0.00212,193446.0,,,
,203.0,-3.64,0.02,,7044,174,4461,776905,,0.0005,0.0795,193726.0,,,
,219.0,-4.2,0.02,,7048,174,4470,779318,,0.0005,0.127,194329.0,,,
,215.0,-3.56,0.02,,7052,174,4474,779932,,0.0005,0.0798,194482.0,0.0,1.0,0.0
,218.0,-2.39,0.02,,7056,174,4478,780937,,0.0005,0.186,194734.0,,,
,211.0,-3.52,0.02,,7060,174,4480,781302,,0.0005,0.0016,194825.0,,,
,206.0,-4.08,0.02,,7064,174,4483,781762,,0.0005,0.166,194940.0,,,
,205.0,-3.26,0.02,,7068,174,4487,782712,,0.0005,0.00249,195177.0,,,
,198.0,-4.0,0.02,,7072,174,4489,783005,,0.0005,0.157,195251.0,,,
,199.0,-4.6,0.02,,7076,174,4491,783343,,0.0005,0.267,195335.0,,,
,198.0,-4.4,0.02,,7080,174,4495,784138,,0.0005,0.157,195534.0,,,
,208.0,-4.29,0.02,,7084,174,4500,785385,,0.0005,0.0122,195846.0,,,
,219.0,-4.6,0.02,,7088,174,4507,787094,,0.0005,0.0624,196273.0,,,
,223.0,-5.24,0.02,,7092,174,4510,787722,,0.0005,0.243,196430.0,,,
,230.0,-6.11,0.02,,7096,174,4519,789712,,0.0005,0.153,196927.0,0.0,0.0,0.0
,226.0,-6.68,0.02,,7100,174,4521,790007,,0.0005,0.0368,197001.0,,,
,228.0,-6.29,0.02,,7104,174,4524,790576,,0.0005,0.106,197143.0,,,
,228.0,-5.29,0.02,,7108,174,4528,791581,,0.0005,0.0592,197395.0,,,
,232.0,-4.53,0.02,,7112,174,4532,792325,,0.0005,0.2,197581.0,,,
,227.0,-4.48,0.02,,7116,174,4535,792982,,0.0005,0.00165,197745.0,,,
,233.0,-4.73,0.02,,7120,174,4540,794098,,0.0005,0.0668,198024.0,,,
,235.0,-5.35,0.02,,7124,174,4545,795262,,0.0005,0.308,198315.0,,,
,226.0,-6.68,0.02,,7128,174,4547,795692,,0.0005,0.029,198422.0,,,
,229.0,-7.1,0.02,,7132,174,4550,796358,,0.0005,0.00166,198589.0,,,
,227.0,-8.08,0.02,,7136,175,4554,797025,,0.0005,0.00141,198756.0,,,
,220.0,-6.53,0.02,,7140,175,4557,797737,,0.0005,0.297,198934.0,,,
,225.0,-5.98,0.02,,7144,175,4564,799396,,0.0005,0.336,199348.0,0.0,0.0,2.0
,218.0,-5.71,0.02,,7148,175,4571,801137,,0.0005,0.236,199784.0,,,
,225.0,-4.98,0.02,,7152,175,4576,802448,,0.0005,0.00124,200111.0,,,
,228.0,-4.8,0.02,,7156,175,4582,803695,,0.0005,0.0821,200423.0,,,
,232.0,-4.24,0.02,,7160,175,4585,804479,,0.0005,0.15,200619.0,,,
,238.0,-3.3,0.02,,7164,175,4590,805579,,0.0005,0.107,200894.0,,,
,239.0,-3.71,0.02,,7168,175,4595,806617,,0.0005,0.097,201154.0,,,
,250.0,-3.61,0.02,,7172,175,4601,807964,,0.0005,0.219,201490.0,,,
,257.0,-2.68,0.02,,7176,175,4605,809048,,0.0005,0.0408,201761.0,,,
,252.0,-3.23,0.02,,7180,175,4607,809335,,0.0005,0.00156,201833.0,1.0,0.0,0.0
,253.0,-2.84,0.02,,7184,175,4613,810639,,0.0005,0.204,202159.0,,,
,247.0,-2.58,0.02,,7188,175,4618,811785,,0.0005,0.173,202446.0,,,
,247.0,-1.58,0.02,,7192,175,4621,812373,,0.0005,0.304,202593.0,,,
,234.0,-1.45,0.02,,7196,175,4624,813092,,0.0005,0.299,202772.0,,,
,237.0,-1.48,0.02,,7200,175,4627,813705,,0.0005,0.449,202926.0,,,
,236.0,-1.47,0.02,,7204,175,4630,814156,,0.0005,0.231,203038.0,,,
,241.0,-1.92,0.02,,7208,175,4636,815637,,0.0005,0.203,203409.0,,,
,243.0,-2.74,0.02,,7212,175,4641,816614,,0.0005,0.25,203653.0,,,
,239.0,-2.71,0.02,,7216,175,4643,816880,,0.0005,0.0682,203719.0,,,
,237.0,-1.69,0.02,,7220,175,4647,817825,,0.0005,0.0693,203956.0,,,
,228.0,-1.2,0.02,,7224,175,4649,818086,,0.0005,0.154,204021.0,,,
,235.0,-0.464,0.02,,7228,176,4653,819174,,0.0005,0.0975,204293.0,,,
,234.0,0.543,0.02,,7232,176,4657,819780,,0.0005,0.233,204444.0,0.0,0.0,0.0
,234.0,0.542,0.02,,7236,176,4660,820459,,0.0005,0.154,204614.0,,,
,234.0,0.344,0.02,,7240,176,4663,821124,,0.0005,0.0112,204780.0,,,
,222.0,0.463,0.02,,7244,176,4666,821563,,0.0005,0.308,204890.0,,,
,214.0,0.939,0.02,,7248,176,4670,822524,,0.0005,0.628,205130.0,,,
,204.0,-0.172,0.02,,7252,176,4672,822889,,0.0005,0.0858,205222.0,,,
,198.0,-1.11,0.02,,7256,176,4676,823483,,0.0005,0.459,205370.0,,,
,197.0,-0.7,0.02,,7260,176,4679,824170,,0.0005,0.304,205542.0,,,
,193.0,-0.867,0.02,,7264,176,4682,824918,,0.0005,0.183,205729.0,,,
,198.0,-0.513,0.02,,7268,176,4689,826429,,0.0005,0.153,206107.0,,,
,191.0,-0.851,0.02,,7272,176,4692,827110,,0.0005,0.302,206277.0,,,
,201.0,-0.343,0.02,,7276,176,4700,829138,,0.0005,0.0171,206784.0,,,
,205.0,-0.46,0.02,,7280,176,4703,829791,,0.0005,0.231,206947.0,0.0,1.0,0.0
,200.0,-0.0172,0.02,,7284,176,4707,830665,,0.0005,0.296,207166.0,,,
,204.0,-0.457,0.02,,7288,176,4714,832214,,0.0005,0.302,207553.0,,,
,207.0,-0.281,0.02,,7292,176,4717,833066,,0.0005,0.00315,207766.0,,,
,209.0,-0.899,0.02,,7296,176,4721,833990,,0.0005,0.176,207997.0,,,
,210.0,-0.304,0.02,,7300,176,4725,834671,,0.0005,0.166,208167.0,,,
,215.0,0.0466,0.02,,7304,176,4729,835624,,0.0005,0.0913,208405.0,,,
,208.0,-0.286,0.02,,7308,176,4733,836410,,0.0005,0.57,208602.0,,,
,207.0,0.117,0.02,,7312,176,4737,837354,,0.0005,0.284,208838.0,,,
,213.0,1.06,0.02,,7316,176,4741,838172,,0.0005,0.387,209042.0,,,
,209.0,0.502,0.02,,7320,176,4743,838713,,0.0005,0.00169,209178.0,,,
,218.0,-0.187,0.02,,7324,176,4748,839866,,0.0005,0.00163,209466.0,0.0,0.0,1.0
,212.0,-1.13,0.02,,7328,176,4751,840420,,0.0005,0.308,209604.0,,,
,211.0,-1.12,0.02,,7332,176,4754,840905,,0.0005,0.315,209726.0,,,
,207.0,-0.683,0.02,,7336,176,4756,841187,,0.0005,0.331,209796.0,,,
,204.0,-0.65,0.02,,7340,176,4758,841517,,0.0005,0.00216,209879.0,,,
,211.0,-0.317,0.02,,7344,176,4763,842644,,0.0005,0.147,210160.0,,,
,205.0,0.14,0.02,,7348,176,4765,843016,,0.0005,0.00193,210253.0,,,
,210.0,0.884,0.02,,7352,176,4769,843935,,0.0005,0.154,210483.0,,,
,210.0,1.49,0.02,,7356,176,4772,844510,,0.0005,0.0027,210627.0,,,
,213.0,1.98,0.02,,7360,176,4777,845499,,0.0005,0.18,210874.0,,,
,219.0,1.32,0.02,,7364,177,4782,846867,,0.0005,0.14,211216.0,,,
,215.0,-0.046,0.02,,7368,177,4787,847960,,0.0005,0.151,211489.0,,,
,217.0,1.14,0.02,,7372,177,4791,848796,,0.0005,0.0679,211698.0,,,
,207.0,0.642,0.02,,7376,177,4795,849803,,0.0005,0.177,211950.0,0.0,0.0,0.0
,203.0,0.558,0.02,,7380,177,4798,850095,,0.0005,0.157,212023.0,,,
,203.0,-0.647,0.02,,7384,177,4802,851013,,0.0005,0.521,212253.0,,,
,199.0,-0.597,0.02,,7388,177,4807,852067,,0.0005,0.00373,212516.0,,,
,199.0,-1.0,0.02,,7392,177,4811,852954,,0.0005,0.155,212738.0,,,
,199.0,0.594,0.02,,7396,177,4815,853917,,0.0005,0.0763,212979.0,,,
,203.0,1.16,0.02,,7400,177,4820,854957,,0.0005,0.195,213239.0,,,
,204.0,0.549,0.02,,7404,177,4825,856018,,0.0005,0.381,213504.0,,,
,206.0,0.729,0.02,,7408,177,4829,857035,,0.0005,0.304,213758.0,,,
,202.0,0.367,0.02,,7412,177,4832,857586,,0.0005,0.444,213896.0,,,
,200.0,-0.0129,0.02,,7416,177,4835,858205,,0.0005,0.0017,214051.0,,,
,202.0,-0.224,0.02,,7420,177,4839,858865,,0.0005,0.231,214216.0,,,
,200.0,0.798,0.02,,7424,177,4843,859818,,0.0005,0.0308,214454.0,0.0,0.0,0.0
,206.0,0.936,0.02,,7428,177,4848,861014,,0.0005,0.114,214753.0,,,
,210.0,0.496,0.02,,7432,177,4852,861897,,0.0005,0.149,214974.0,,,
,216.0,0.632,0.02,,7436,177,4856,862827,,0.0005,0.222,215206.0,,,
,230.0,-0.305,0.02,,7440,177,4863,864561,,0.0005,0.0905,215640.0,,,
,232.0,-1.72,0.02,,7444,177,4869,865881,,0.0005,0.459,215970.0,,,
,236.0,-1.56,0.02,,7448,177,4872,866635,,0.0005,0.482,216158.0,,,
,248.0,-1.67,0.02,,7452,177,4881,868756,,0.0005,0.153,216688.0,,,
,249.0,-0.876,0.02,,7456,177,4884,869374,,0.0005,0.00264,216843.0,0.0,0.0,0.0
,250.0,-1.21,0.02,,7460,178,4889,870537,,0.0005,0.144,217134.0,,,
,245.0,-0.559,0.02,,7464,178,4893,871365,,0.0005,0.00281,217341.0,,,
,239.0,0.3,0.02,,7468,178,4896,871876,,0.0005,0.0959,217468.0,,,
,237.0,-0.075,0.02,,7472,178,4898,872449,,0.0005,0.155,217612.0,,,
,238.0,0.112,0.02,,7476,178,4903,873569,,0.0005,0.246,217892.0,,,
,246.0,0.632,0.02,,7480,178,4908,874679,,0.0005,0.157,218169.0,,,
,243.0,1.26,0.02,,7484,178,4911,875296,,0.0005,0.302,218323.0,,,
,243.0,2.46,0.02,,7488,178,4916,876346,,0.0005,0.452,218586.0,,,
,240.0,1.69,0.02,,7492,178,4919,876909,,0.0005,0.172,218727.0,,,
,243.0,2.46,0.02,,7496,178,4924,878200,,0.0005,0.156,219049.0,,,
,246.0,1.63,0.02,,7500,178,4930,879583,,0.0005,0.163,219395.0,0.0,0.0,0.0
,240.0,2.69,0.02,,7504,178,4932,880005,,0.0005,0.0527,219501.0,,,
,237.0,2.52,0.02,,7508,178,4936,880745,,0.0005,0.537,219686.0,,,
,234.0,2.75,0.02,,7512,178,4938,880971,,0.0005,0.336,219742.0,,,
,230.0,1.99,0.02,,7516,178,4939,881164,,0.0005,0.0849,219790.0,,,
,233.0,2.76,0.02,,7520,178,4944,882137,,0.0005,0.151,220034.0,,,
,233.0,2.56,0.02,,7524,178,4948,883110,,0.0005,0.171,220277.0,,,
,231.0,2.57,0.02,,7528,178,4953,884128,,0.0005,0.018,220531.0,,,
,235.0,4.94,0.02,,7532,178,4959,885442,,0.0005,0.151,220860.0,,,
,235.0,5.95,0.02,,7536,178,4962,886284,,0.0005,0.301,221070.0,,,
,230.0,7.19,0.02,,7540,178,4968,887555,,0.0005,0.173,221388.0,,,
,226.0,8.03,0.02,,7544,178,4972,888452,,0.0005,0.0906,221612.0,,,
,225.0,8.04,0.02,,7548,178,4975,889094,,0.0005,0.366,221773.0,,,
,209.0,7.79,0.02,,7552,178,4978,889664,,0.0005,0.325,221915.0,2.0,2.0,2.0
,212.0,7.76,0.02,,7556,178,4982,890620,,0.0005,0.323,222154.0,,,
,216.0,8.53,0.02,,7560,178,4988,892103,,0.0005,0.00185,222525.0,,,
,217.0,7.91,0.02,,7564,178,4993,893110,,0.0005,0.317,222777.0,,,
,224.0,8.45,0.02,,7568,178,4998,894247,,0.0005,0.00382,223061.0,,,
,228.0,8.41,0.02,,7572,178,5002,895231,,0.0005,0.302,223307.0,,,
,229.0,10.8,0.02,,7576,179,5008,896514,,0.0005,0.308,223628.0,,,
,224.0,11.3,0.02,,7580,179,5010,897081,,0.0005,0.25,223770.0,,,
,230.0,12.0,0.02,,7584,179,5016,898255,,0.0005,0.368,224063.0,,,
,226.0,11.0,0.02,,7588,179,5019,898905,,0.0005,0.00444,224226.0,0.0,0.0,0.0
,241.0,12.1,0.02,,7592,179,5027,900994,,0.0005,0.0136,224748.0,,,
,242.0,12.3,0.02,,7596,179,5033,902420,,0.0005,0.0175,225104.0,,,
,238.0,12.7,0.02,,7600,179,5037,903340,,0.0005,0.154,225334.0,,,
,242.0,12.9,0.02,,7604,179,5041,904176,,0.0005,0.0777,225543.0,,,
,249.0,13.6,0.02,,7608,179,5047,905609,,0.0005,0.216,225902.0,,,
,252.0,14.4,0.02,,7612,179,5050,906211,,0.0005,0.156,226052.0,,,
,256.0,15.3,0.02,,7616,179,5053,906776,,0.0005,0.0395,226193.0,,,
,261.0,14.1,0.02,,7620,179,5059,908248,,0.0005,0.00262,226561.0,,,
,257.0,13.7,0.02,,7624,179,5062,908836,,0.0005,0.00205,226708.0,1.0,0.0,0.0
,260.0,14.3,0.02,,7628,179,5068,910158,,0.0005,0.182,227039.0,,,
,254.0,13.6,0.02,,7632,179,5071,910871,,0.0005,0.171,227217.0,,,
,255.0,13.8,0.02,,7636,179,5075,911801,,0.0005,0.00615,227450.0,,,
,251.0,14.4,0.02,,7640,179,5079,912693,,0.0005,0.302,227673.0,,,
,250.0,15.0,0.02,,7644,179,5083,913497,,0.0005,0.174,227874.0,,,
,250.0,14.2,0.02,,7648,179,5086,914138,,0.0005,0.0986,228034.0,,,
,259.0,14.5,0.02,,7652,179,5092,915584,,0.0005,0.459,228395.0,,,
,253.0,13.2,0.02,,7656,179,5094,915900,,0.0005,0.198,228474.0,,,
,252.0,11.6,0.02,,7660,179,5100,917306,,0.0005,0.00255,228826.0,,,
,255.0,13.0,0.02,,7664,179,5106,918631,,0.0005,0.121,229157.0,0.0,1.0,0.0
,258.0,13.1,0.02,,7668,179,5112,920094,,0.0005,0.156,229523.0,,,
,259.0,14.3,0.02,,7672,180,5116,921085,,0.0005,0.314,229771.0,,,
,257.0,12.6,0.02,,7676,180,5121,922187,,0.0005,0.0158,230046.0,,,
,255.0,12.0,0.02,,7680,180,5124,922630,,0.0005,0.624,230157.0,,,
,252.0,12.6,0.02,,7684,180,5127,923445,,0.0005,0.00195,230361.0,,,
,261.0,14.1,0.02,,7688,180,5133,924961,,0.0005,0.0292,230740.0,,,
,245.0,14.3,0.02,,7692,180,5136,925512,,0.0005,0.0372,230877.0,,,
,241.0,14.3,0.02,,7696,180,5141,926498,,0.0005,0.161,231124.0,,,
,239.0,14.7,0.02,,7700,180,5144,927280,,0.0005,0.36,231319.0,,,
,240.0,14.3,0.02,,7704,180,5148,928160,,0.0005,0.309,231539.0,,,
,233.0,14.8,0.02,,7708,180,5152,928869,,0.0005,0.00847,231717.0,,,
,232.0,14.4,0.02,,7712,180,5155,929403,,0.0005,0.303,231850.0,1.0,0.0,0.0
,237.0,14.5,0.02,,7716,180,5159,930447,,0.0005,0.157,232111.0,,,
,227.0,15.8,0.02,,7720,180,5162,930997,,0.0005,0.401,232249.0,,,
,229.0,16.6,0.02,,7724,180,5166,931771,,0.0005,0.155,232442.0,,,
,228.0,17.2,0.02,,7728,180,5171,932917,,0.0005,0.304,232729.0,,,
,236.0,15.7,0.02,,7732,180,5177,934502,,0.0005,0.159,233125.0,,,
,242.0,17.1,0.02,,7736,180,5183,935958,,0.0005,0.2,233489.0,,,
,249.0,18.4,0.02,,7740,180,5189,937550,,0.0005,0.0325,233887.0,,,
,253.0,19.4,0.02,,7744,180,5195,938820,,0.0005,0.151,234204.0,,,
,254.0,20.2,0.02,,7748,180,5198,939490,,0.0005,0.155,234372.0,0.0,0.0,0.0
,244.0,19.9,0.02,,7752,180,5201,940016,,0.0005,0.315,234503.0,,,
,253.0,22.2,0.02,,7756,180,5206,941223,,0.0005,0.00249,234805.0,,,
,246.0,23.3,0.02,,7760,180,5209,941858,,0.0005,0.454,234964.0,,,
,241.0,22.9,0.02,,7764,180,5213,942744,,0.0005,0.304,235185.0,,,
,239.0,23.7,0.02,,7768,180,5219,944040,,0.0005,0.00731,235509.0,,,
,250.0,23.2,0.02,,7772,180,5227,946134,,0.0005,0.316,236033.0,,,
,254.0,23.6,0.02,,7776,181,5233,947540,,0.0005,0.303,236384.0,,,
,259.0,25.1,0.02,,7780,181,5237,948579,,0.0005,0.418,236644.0,,,
,260.0,23.9,0.02,,7784,181,5241,949450,,0.0005,0.216,236862.0,0.0,0.0,0.0
,252.0,22.8,0.02,,7788,181,5245,950165,,0.0005,0.00264,237041.0,,,
,253.0,23.2,0.02,,7792,181,5248,950796,,0.0005,0.235,237198.0,,,
,256.0,24.4,0.02,,7796,181,5254,952134,,0.0005,0.191,237533.0,,,
,260.0,24.9,0.02,,7800,181,5258,953264,,0.0005,0.337,237815.0,,,
,268.0,26.0,0.02,,7804,181,5265,955001,,0.0005,0.00277,238250.0,,,
,265.0,24.5,0.02,,7808,181,5268,955391,,0.0005,0.272,238347.0,,,
,267.0,25.7,0.02,,7812,181,5271,956111,,0.0005,0.15,238527.0,,,
,263.0,27.1,0.02,,7816,181,5274,956737,,0.0005,0.187,238684.0,,,
,265.0,26.3,0.02,,7820,181,5278,957510,,0.0005,0.00408,238877.0,,,
,264.0,26.9,0.02,,7824,181,5281,958196,,0.0005,0.00254,239048.0,,,
,262.0,27.9,0.02,,7828,181,5286,959104,,0.0005,0.549,239275.0,,,
,255.0,29.4,0.02,,7832,181,5290,959960,,0.0005,0.489,239489.0,1.0,0.0,0.0
,248.0,28.2,0.02,,7836,181,5293,960745,,0.0005,0.00507,239686.0,,,
,238.0,27.9,0.02,,7840,181,5296,961308,,0.0005,0.337,239826.0,,,
,233.0,27.2,0.02,,7844,181,5300,962082,,0.0005,0.0963,240020.0,,,
,232.0,27.0,0.02,,7848,181,5303,962694,,0.0005,0.241,240173.0,,,
,232.0,28.2,0.02,,7852,181,5306,963207,,0.0005,0.609,240301.0,,,
,226.0,26.7,0.02,,7856,181,5309,963865,,0.0005,0.31,240466.0,,,
,225.0,25.9,0.02,,7860,181,5312,964406,,0.0005,0.254,240601.0,,,
,225.0,26.7,0.02,,7864,181,5316,965293,,0.0005,0.683,240823.0,,,
,221.0,25.9,0.02,,7868,181,5320,966091,,0.0005,0.552,241022.0,,,
,209.0,25.2,0.02,,7872,181,5324,966993,,0.0005,0.00258,241248.0,,,
,198.0,24.1,0.02,,7876,181,5326,967356,,0.0005,0.0142,241338.0,,,
,194.0,23.6,0.02,,7880,181,5329,967951,,0.0005,0.156,241487.0,,,
,192.0,25.0,0.02,,7884,181,5333,968700,,0.0005,0.04,241674.0,,,
,194.0,25.0,0.02,,7888,181,5337,969597,,0.0005,0.443,241899.0,4.0,0.0,0.0
,193.0,25.0,0.02,,7892,181,5339,970057,,0.0005,0.138,242014.0,,,
,182.0,22.3,0.02,,7896,181,5341,970350,,0.0005,0.308,242087.0,,,
,180.0,21.9,0.02,,7900,181,5345,971215,,0.0005,0.399,242303.0,,,
,168.0,21.4,0.02,,7904,181,5348,971785,,0.0005,0.0463,242446.0,,,
,170.0,22.8,0.02,,7908,181,5351,972369,,0.0005,0.445,242592.0,,,
,165.0,21.2,0.02,,7912,181,5353,972649,,0.0005,0.00215,242662.0,,,
,170.0,20.8,0.02,,7916,181,5358,973695,,0.0005,0.16,242923.0,,,
,172.0,22.0,0.02,,7920,181,5362,974729,,0.0005,0.269,243182.0,,,
,171.0,21.2,0.02,,7924,181,5365,975318,,0.0005,0.409,243329.0,,,
,169.0,21.0,0.02,,7928,181,5369,976010,,0.0005,0.24,243502.0,,,
,170.0,21.6,0.02,,7932,181,5373,976934,,0.0005,0.244,243733.0,,,
,167.0,20.4,0.02,,7936,181,5376,977469,,0.0005,0.153,243867.0,,,
,167.0,19.9,0.02,,7940,181,5379,978056,,0.0005,0.00293,244013.0,,,
,169.0,21.7,0.02,,7944,181,5383,978950,,0.0005,0.41,244237.0,,,
,171.0,23.5,0.02,,7948,181,5387,979817,,0.0005,0.00427,244454.0,6.0,0.0,1.0
,172.0,23.7,0.02,,7952,181,5390,980423,,0.0005,0.3,244605.0,,,
,174.0,24.1,0.02,,7956,181,5394,981274,,0.0005,0.4,244818.0,,,
,175.0,26.3,0.02,,7960,181,5397,981939,,0.0005,0.306,244984.0,,,
,175.0,24.9,0.02,,7964,181,5401,982781,,0.0005,0.097,245195.0,,,
,173.0,25.1,0.02,,7968,181,5404,983345,,0.0005,0.557,245336.0,,,
,170.0,26.3,0.02,,7972,181,5407,983991,,0.0005,0.173,245497.0,,,
,173.0,27.5,0.02,,7976,181,5410,984630,,0.0005,0.164,245657.0,,,
,172.0,27.5,0.02,,7980,181,5413,985180,,0.0005,0.255,245794.0,,,
,171.0,27.7,0.02,,7984,181,5416,985796,,0.0005,0.292,245948.0,,,
,170.0,28.3,0.02,,7988,182,5420,986547,,0.0005,0.243,246136.0,,,
,174.0,29.9,0.02,,7992,182,5424,987471,,0.0005,0.244,246367.0,,,
,180.0,31.7,0.02,,7996,182,5428,988327,,0.0005,0.0989,246581.0,,,
,180.0,32.5,0.02,,8000,182,5432,989177,,0.0005,0.167,246794.0,,,
,179.0,32.5,0.02,,8004,182,5435,989666,,0.0005,0.152,246916.0,1.0,0.0,0.0
,186.0,34.4,0.02,,8008,182,5440,990943,,0.0005,0.00331,247235.0,,,
,187.0,35.2,0.02,,8012,182,5442,991363,,0.0005,0.151,247340.0,,,
,183.0,34.8,0.02,,8016,182,5446,992011,,0.0005,0.0949,247502.0,,,
,177.0,33.9,0.02,,8020,182,5448,992441,,0.0005,0.457,247610.0,,,
,178.0,36.1,0.02,,8024,182,5451,993101,,0.0005,0.00363,247775.0,,,
,175.0,35.3,0.02,,8028,182,5454,993514,,0.0005,0.444,247878.0,,,
,177.0,37.3,0.02,,8032,182,5458,994592,,0.0005,0.156,248147.0,,,
,182.0,38.6,0.02,,8036,182,5463,995665,,0.0005,0.35,248416.0,,,
,186.0,39.4,0.02,,8040,182,5468,996691,,0.0005,0.298,248672.0,,,
,188.0,39.6,0.02,,8044,182,5472,997723,,0.0005,0.451,248930.0,,,
,187.0,39.6,0.02,,8048,182,5476,998554,,0.0005,0.00344,249138.0,,,
,194.0,41.3,0.02,,8052,182,5482,999845,,0.0005,0.156,249461.0,0.0,0.0,0.0
