rollout/,ep_len_mean,ep_rew_mean,exploration_rate,time/,episodes,fps,time_elapsed,total_timesteps,train/,learning_rate,loss,n_updates,avg_fruit,avg_decayfruit,avg_enemyfruit
,13.8,-12.1,0.999,,4,40,1,55,,,,,,,
,15.0,-12.1,0.999,,8,48,2,120,,,,,,,
,11.7,-12.1,0.999,,12,41,3,140,,,,,,,
,11.6,-12.1,0.998,,16,42,4,185,,,,,,,
,12.9,-12.1,0.997,,20,46,5,259,,,,,,,
,12.5,-12.1,0.997,,24,45,6,300,,,,,,,
,12.0,-12.1,0.997,,28,44,7,337,,,,,,,
,13.1,-11.7,0.996,,32,48,8,419,,,,,,,
,14.5,-12.4,0.995,,36,52,9,523,,,,,,,
,15.9,-12.3,0.994,,40,57,11,636,,,,,,,
,15.9,-12.3,0.993,,44,57,12,700,,,,,,,
,17.2,-12.7,0.992,,48,61,13,827,,,,,,,
,18.1,-13.1,0.991,,52,64,14,941,,,,,,,
,17.5,-13.0,0.99,,56,62,15,981,,,,,,,
,17.2,-13.0,0.99,,60,61,16,1035,,,,,,,
,18.0,-13.2,0.989,,64,64,17,1154,,,,,,,
,18.1,-13.2,0.988,,68,64,19,1229,,,,,,,
,18.5,-13.1,0.987,,72,64,20,1330,,,,,,,
,18.1,-13.1,0.987,,76,63,21,1374,,,,,,,
,18.0,-13.3,0.986,,80,63,22,1443,,,,,,,
,18.3,-13.0,0.985,,84,64,23,1534,,,,,,,
,19.2,-12.7,0.983,,88,66,25,1690,,,,,,,
,19.2,-12.7,0.983,,92,67,26,1766,,,,,,,
,19.1,-12.7,0.982,,96,66,27,1830,,,,,,,
,19.7,-12.5,0.981,,100,68,28,1972,,,,,,,
,19.8,-12.5,0.98,,104,67,30,2036,,0.0005,0.271,8.0,,,
,20.4,-12.9,0.979,,108,68,31,2164,,0.0005,0.512,40.0,,,
,20.7,-12.9,0.978,,112,67,32,2210,,0.0005,0.355,52.0,,,
,21.0,-12.9,0.978,,116,67,33,2284,,0.0005,0.784,70.0,,,
,20.9,-12.9,0.977,,120,67,34,2345,,0.0005,0.779,86.0,,,
,21.1,-12.9,0.976,,124,66,36,2405,,0.0005,0.934,101.0,,,
,21.8,-13.3,0.975,,128,67,37,2518,,0.0005,0.521,129.0,,,
,21.6,-13.4,0.975,,132,67,38,2577,,0.0005,0.516,144.0,,,
,21.2,-13.4,0.974,,136,66,39,2641,,0.0005,0.419,160.0,,,
,20.4,-13.4,0.974,,140,65,40,2673,,0.0005,0.337,168.0,,,
,21.6,-13.4,0.972,,144,68,42,2861,,0.0005,0.941,215.0,,,
,20.8,-13.2,0.971,,148,67,43,2911,,0.0005,0.71,227.0,,,
,20.7,-13.0,0.97,,152,67,44,3013,,0.0005,0.722,253.0,,,
,20.5,-13.0,0.97,,156,66,45,3027,,0.0005,0.61,256.0,,,
,20.1,-13.0,0.97,,160,65,46,3049,,0.0005,0.389,262.0,,,
,19.1,-12.8,0.97,,164,64,47,3065,,0.0005,0.596,266.0,,,
,18.9,-12.8,0.969,,168,64,48,3122,,0.0005,0.668,280.0,,,
,19.4,-12.6,0.968,,172,65,49,3272,,0.0005,0.433,317.0,,,
,19.5,-12.6,0.967,,176,65,50,3327,,0.0005,0.81,331.0,,,
,19.7,-12.4,0.967,,180,65,51,3411,,0.0005,0.368,352.0,,,
,19.3,-12.6,0.966,,184,65,52,3461,,0.0005,0.968,365.0,,,
,19.0,-12.8,0.965,,188,66,54,3592,,0.0005,0.512,397.0,,,
,19.1,-13.0,0.964,,192,66,55,3676,,0.0005,0.539,418.0,,,
,20.0,-13.6,0.962,,196,67,56,3831,,0.0005,0.461,457.0,,,
,19.8,-13.8,0.961,,200,67,58,3955,,0.0005,0.53,488.0,,,
,20.1,-14.0,0.96,,204,67,59,4046,,0.0005,0.542,511.0,,,
,19.6,-13.6,0.96,,208,67,60,4122,,0.0005,0.207,530.0,,,
,20.4,-13.6,0.958,,212,68,62,4255,,0.0005,0.671,563.0,,,
,20.3,-13.6,0.958,,216,68,63,4311,,0.0005,0.396,577.0,,,
,20.3,-13.8,0.957,,220,68,64,4377,,0.0005,0.733,594.0,,,
,21.5,-13.8,0.955,,224,69,65,4558,,0.0005,0.582,639.0,,,
,21.4,-13.4,0.954,,228,69,67,4655,,0.0005,0.709,663.0,,,
,21.4,-13.6,0.954,,232,69,68,4716,,0.0005,0.448,678.0,,,
,21.3,-13.4,0.953,,236,68,69,4767,,0.0005,0.38,691.0,,,
,21.1,-13.4,0.953,,240,68,70,4787,,0.0005,0.596,696.0,,,
,20.4,-13.4,0.952,,244,68,71,4898,,0.0005,0.414,724.0,,,
,21.1,-13.6,0.951,,248,69,72,5024,,0.0005,0.608,755.0,,,
,21.0,-13.6,0.95,,252,69,74,5114,,0.0005,0.245,778.0,,,
,23.1,-14.3,0.948,,256,70,75,5337,,0.0005,0.702,834.0,,,
,24.2,-14.3,0.946,,260,71,76,5471,,0.0005,0.418,867.0,,,
,24.7,-14.3,0.946,,264,70,78,5533,,0.0005,0.435,883.0,,,
,24.4,-14.3,0.945,,268,70,79,5564,,0.0005,0.595,890.0,,,
,23.2,-14.5,0.945,,272,69,80,5596,,0.0005,0.483,898.0,,,
,22.9,-14.5,0.945,,276,69,81,5615,,0.0005,0.431,903.0,,,
,23.7,-14.5,0.943,,280,70,82,5777,,0.0005,0.755,944.0,,,
,23.6,-14.5,0.943,,284,69,83,5817,,0.0005,0.342,954.0,,,
,22.9,-14.5,0.942,,288,69,84,5879,,0.0005,0.348,969.0,,,
,22.5,-14.3,0.942,,292,69,85,5923,,0.0005,0.792,980.0,,,
,21.7,-13.7,0.941,,296,69,86,5999,,0.0005,0.712,999.0,,,
,21.1,-13.5,0.941,,300,68,87,6060,,0.0005,0.792,1014.0,,,
,20.8,-13.3,0.94,,304,68,89,6127,,0.0005,0.669,1031.0,,,
,20.3,-13.3,0.94,,308,68,89,6152,,0.0005,0.396,1037.0,,,
,19.2,-13.3,0.939,,312,67,90,6177,,0.0005,0.58,1044.0,,,
,19.6,-13.3,0.938,,316,67,92,6276,,0.0005,0.782,1068.0,,,
,19.8,-13.1,0.938,,320,67,93,6352,,0.0005,0.528,1087.0,,,
,18.6,-13.1,0.937,,324,67,94,6420,,0.0005,0.388,1104.0,,,
,18.6,-13.3,0.936,,328,67,95,6519,,0.0005,0.78,1129.0,,,
,19.4,-13.3,0.935,,332,68,97,6653,,0.0005,0.34,1163.0,,,
,19.5,-13.3,0.934,,336,68,98,6716,,0.0005,0.56,1178.0,,,
,21.0,-13.3,0.933,,340,68,99,6884,,0.0005,0.336,1220.0,,,
,21.5,-13.3,0.931,,344,69,101,7049,,0.0005,0.667,1262.0,,,
,20.7,-13.1,0.93,,348,69,102,7098,,0.0005,0.58,1274.0,,,
,20.3,-13.1,0.93,,352,68,103,7140,,0.0005,0.411,1284.0,,,
,18.8,-12.4,0.929,,356,68,104,7215,,0.0005,0.434,1303.0,,,
,17.9,-12.4,0.929,,360,68,105,7259,,0.0005,0.437,1314.0,,,
,18.2,-12.4,0.928,,364,68,107,7357,,0.0005,0.476,1339.0,,,
,18.8,-12.4,0.927,,368,68,108,7447,,0.0005,0.409,1361.0,,,
,19.8,-12.4,0.926,,372,68,109,7577,,0.0005,0.274,1394.0,,,
,21.1,-12.4,0.924,,376,69,111,7724,,0.0005,0.319,1430.0,,,
,19.8,-12.4,0.924,,380,69,112,7761,,0.0005,0.858,1440.0,,,
,19.9,-12.4,0.923,,384,68,113,7809,,0.0005,0.673,1452.0,,,
,19.9,-12.4,0.923,,388,68,114,7864,,0.0005,0.535,1465.0,,,
,20.6,-12.4,0.922,,392,68,115,7984,,0.0005,0.723,1495.0,,,
,20.2,-12.4,0.921,,396,68,116,8020,,0.0005,0.477,1504.0,,,
,20.2,-12.6,0.921,,400,68,117,8084,,0.0005,0.667,1520.0,,,
,20.4,-12.6,0.92,,404,68,119,8166,,0.0005,0.639,1541.0,,,
,20.4,-12.6,0.92,,408,68,120,8192,,0.0005,0.895,1547.0,,,
,20.9,-12.6,0.919,,412,68,121,8269,,0.0005,0.499,1567.0,,,
,20.8,-12.8,0.918,,416,68,122,8357,,0.0005,0.631,1589.0,,,
,20.7,-12.8,0.917,,420,68,123,8420,,0.0005,0.745,1604.0,,,
,21.0,-12.8,0.917,,424,68,125,8516,,0.0005,0.952,1628.0,,,
,20.9,-12.6,0.916,,428,68,126,8610,,0.0005,0.368,1652.0,,,
,21.0,-12.8,0.914,,432,68,127,8754,,0.0005,0.43,1688.0,,,
,21.2,-12.8,0.913,,436,68,128,8834,,0.0005,0.725,1708.0,,,
,21.2,-13.0,0.912,,440,69,130,9007,,0.0005,0.81,1751.0,,,
,20.6,-13.0,0.911,,444,69,131,9107,,0.0005,0.641,1776.0,,,
,20.9,-13.0,0.91,,448,69,132,9185,,0.0005,0.436,1796.0,,,
,21.5,-13.0,0.909,,452,69,134,9288,,0.0005,0.622,1821.0,,,
,21.4,-13.0,0.908,,456,69,135,9358,,0.0005,0.345,1839.0,,,
,21.5,-13.0,0.908,,460,68,136,9405,,0.0005,0.371,1851.0,,,
,21.0,-13.0,0.907,,464,68,137,9454,,0.0005,0.378,1863.0,,,
,20.6,-13.0,0.907,,468,68,138,9510,,0.0005,0.355,1877.0,,,
,20.4,-13.2,0.906,,472,68,139,9613,,0.0005,0.383,1903.0,,,
,19.1,-13.2,0.906,,476,68,140,9635,,0.0005,1.08,1908.0,,,
,19.1,-13.2,0.905,,480,68,141,9672,,0.0005,0.431,1917.0,,,
,19.4,-12.6,0.905,,484,68,143,9744,,0.0005,0.516,1935.0,,,
,19.3,-12.4,0.904,,488,67,144,9795,,0.0005,0.819,1948.0,,,
,18.4,-12.4,0.904,,492,67,145,9829,,0.0005,0.337,1957.0,,,
,19.4,-12.2,0.902,,496,67,146,9964,,0.0005,0.104,1990.0,,,
,19.5,-12.2,0.902,,500,67,147,10030,,0.0005,0.351,2007.0,0.0,0.0,0.0
,19.8,-12.4,0.901,,504,68,149,10150,,0.0005,0.509,2037.0,,,
,21.0,-12.2,0.899,,508,68,150,10289,,0.0005,0.582,2072.0,,,
,21.1,-12.2,0.898,,512,68,151,10376,,0.0005,0.526,2093.0,,,
,20.8,-12.0,0.898,,516,68,153,10439,,0.0005,0.43,2109.0,,,
,21.2,-12.0,0.897,,520,68,154,10538,,0.0005,0.574,2134.0,,,
,21.1,-12.0,0.896,,524,68,155,10622,,0.0005,0.579,2155.0,,,
,20.6,-12.2,0.895,,528,68,156,10672,,0.0005,0.251,2167.0,,,
,19.8,-11.4,0.895,,532,67,158,10733,,0.0005,0.593,2183.0,,,
,20.1,-11.8,0.894,,536,68,159,10841,,0.0005,0.384,2210.0,,,
,19.8,-12.0,0.892,,540,68,160,10986,,0.0005,0.355,2246.0,,,
,19.7,-12.2,0.891,,544,68,161,11077,,0.0005,0.732,2269.0,,,
,20.3,-12.2,0.89,,548,68,163,11214,,0.0005,0.551,2303.0,,,
,19.6,-12.2,0.89,,552,68,164,11251,,0.0005,0.43,2312.0,,,
,19.6,-12.2,0.889,,556,68,165,11319,,0.0005,0.164,2329.0,,,
,20.4,-12.2,0.888,,560,68,166,11450,,0.0005,0.299,2362.0,,,
,20.9,-12.2,0.887,,564,68,168,11547,,0.0005,0.551,2386.0,,,
,20.8,-12.2,0.886,,568,68,169,11591,,0.0005,0.562,2397.0,,,
,20.7,-12.2,0.886,,572,68,170,11679,,0.0005,0.383,2419.0,,,
,21.1,-12.4,0.885,,576,68,171,11744,,0.0005,0.935,2435.0,,,
,21.6,-12.4,0.884,,580,68,172,11829,,0.0005,0.328,2457.0,,,
,21.3,-13.0,0.884,,584,68,173,11878,,0.0005,0.821,2469.0,,,
,21.4,-13.2,0.883,,588,68,175,11935,,0.0005,0.332,2483.0,,,
,21.6,-13.2,0.882,,592,68,176,11993,,0.0005,0.594,2498.0,,,
,21.8,-13.8,0.881,,596,68,177,12143,,0.0005,0.667,2535.0,,,
,21.8,-14.0,0.88,,600,68,178,12210,,0.0005,0.943,2552.0,,,
,22.2,-13.6,0.879,,604,68,180,12371,,0.0005,0.535,2592.0,,,
,21.4,-13.6,0.878,,608,68,181,12433,,0.0005,0.213,2608.0,,,
,21.4,-13.4,0.877,,612,68,182,12519,,0.0005,0.466,2629.0,,,
,22.3,-13.4,0.876,,616,68,183,12667,,0.0005,0.251,2666.0,,,
,21.8,-13.4,0.875,,620,68,184,12718,,0.0005,0.408,2679.0,,,
,22.3,-13.4,0.874,,624,68,186,12854,,0.0005,0.239,2713.0,,,
,22.4,-13.2,0.873,,628,68,187,12911,,0.0005,0.613,2727.0,,,
,22.5,-13.6,0.873,,632,68,188,12987,,0.0005,1.2,2746.0,,,
,22.4,-13.2,0.872,,636,68,189,13076,,0.0005,0.538,2768.0,,,
,21.9,-12.8,0.871,,640,68,191,13176,,0.0005,0.501,2793.0,,,
,22.3,-12.8,0.87,,644,69,192,13311,,0.0005,0.186,2827.0,,,
,22.2,-12.8,0.868,,648,69,193,13439,,0.0005,0.248,2859.0,,,
,22.3,-12.6,0.868,,652,69,194,13480,,0.0005,0.457,2869.0,,,
,22.0,-12.6,0.868,,656,69,195,13520,,0.0005,0.336,2879.0,,,
,22.1,-13.0,0.866,,660,69,197,13664,,0.0005,0.667,2915.0,,,
,21.7,-13.0,0.866,,664,69,198,13713,,0.0005,0.679,2928.0,,,
,22.8,-13.2,0.864,,668,69,199,13867,,0.0005,0.207,2966.0,,,
,22.1,-13.0,0.864,,672,69,200,13888,,0.0005,0.346,2971.0,,,
,21.9,-12.8,0.863,,676,69,201,13936,,0.0005,0.505,2983.0,,,
,21.6,-12.8,0.863,,680,68,202,13989,,0.0005,0.204,2997.0,,,
,22.3,-12.8,0.862,,684,69,204,14107,,0.0005,0.573,3026.0,,,
,22.7,-12.8,0.861,,688,69,205,14209,,0.0005,0.559,3052.0,,,
,23.1,-13.0,0.86,,692,69,206,14301,,0.0005,0.219,3075.0,,,
,22.2,-12.4,0.859,,696,69,207,14368,,0.0005,0.717,3091.0,,,
,22.7,-12.2,0.858,,700,69,209,14480,,0.0005,0.651,3119.0,,,
,21.7,-12.4,0.858,,704,69,210,14540,,0.0005,0.185,3134.0,,,
,21.2,-12.6,0.857,,708,68,211,14558,,0.0005,0.553,3139.0,,,
,20.9,-12.6,0.857,,712,68,212,14609,,0.0005,0.453,3152.0,,,
,19.8,-12.6,0.857,,716,68,213,14642,,0.0005,0.763,3160.0,,,
,19.7,-12.4,0.856,,720,68,214,14690,,0.0005,0.0935,3172.0,,,
,18.8,-12.4,0.856,,724,68,215,14729,,0.0005,0.466,3182.0,,,
,19.2,-12.2,0.855,,728,68,216,14830,,0.0005,0.497,3207.0,,,
,20.4,-12.4,0.853,,732,68,218,15031,,0.0005,0.438,3257.0,,,
,20.2,-12.4,0.852,,736,68,219,15096,,0.0005,0.594,3273.0,,,
,19.7,-12.4,0.852,,740,68,220,15149,,0.0005,0.697,3287.0,,,
,19.2,-12.2,0.851,,744,68,221,15231,,0.0005,0.651,3307.0,,,
,18.3,-12.2,0.85,,748,68,222,15269,,0.0005,1.13,3317.0,,,
,18.4,-12.4,0.85,,752,68,223,15321,,0.0005,0.606,3330.0,,,
,18.9,-12.4,0.849,,756,68,224,15407,,0.0005,0.334,3351.0,,,
,17.8,-12.0,0.849,,760,68,225,15442,,0.0005,0.356,3360.0,,,
,18.6,-12.2,0.847,,764,68,227,15573,,0.0005,0.201,3393.0,,,
,17.6,-12.0,0.847,,768,68,228,15632,,0.0005,0.623,3407.0,,,
,18.1,-12.0,0.846,,772,68,229,15698,,0.0005,0.366,3424.0,,,
,18.7,-12.0,0.845,,776,68,230,15803,,0.0005,0.507,3450.0,,,
,18.4,-12.0,0.845,,780,68,231,15833,,0.0005,0.971,3458.0,,,
,18.2,-12.0,0.844,,784,68,232,15927,,0.0005,0.298,3481.0,,,
,18.2,-12.0,0.843,,788,68,234,16027,,0.0005,0.662,3506.0,,,
,17.4,-11.8,0.843,,792,68,235,16045,,0.0005,0.738,3511.0,,,
,17.5,-12.0,0.842,,796,68,236,16120,,0.0005,0.568,3529.0,,,
,18.2,-12.2,0.84,,800,68,237,16303,,0.0005,0.669,3575.0,,,
,19.1,-12.4,0.839,,804,68,239,16446,,0.0005,0.319,3611.0,,,
,20.2,-12.2,0.838,,808,68,240,16574,,0.0005,0.767,3643.0,,,
,20.9,-12.2,0.836,,812,69,241,16700,,0.0005,0.391,3674.0,,,
,21.8,-12.4,0.835,,816,69,243,16818,,0.0005,0.532,3704.0,,,
,22.2,-12.4,0.834,,820,69,244,16907,,0.0005,0.61,3726.0,,,
,22.9,-12.4,0.833,,824,69,245,17019,,0.0005,0.644,3754.0,,,
,22.8,-12.6,0.832,,828,69,247,17108,,0.0005,0.429,3776.0,,,
,21.9,-12.4,0.831,,832,69,248,17217,,0.0005,0.708,3804.0,,,
,23.2,-12.4,0.829,,836,69,250,17417,,0.0005,0.344,3854.0,,,
,23.8,-12.4,0.828,,840,69,251,17528,,0.0005,0.319,3881.0,,,
,23.7,-12.4,0.827,,844,69,252,17605,,0.0005,0.414,3901.0,,,
,24.0,-12.6,0.827,,848,69,253,17667,,0.0005,0.57,3916.0,,,
,25.0,-12.8,0.825,,852,69,255,17821,,0.0005,0.451,3955.0,,,
,25.1,-13.0,0.824,,856,69,256,17917,,0.0005,0.555,3979.0,,,
,25.2,-13.0,0.824,,860,69,257,17963,,0.0005,0.67,3990.0,,,
,25.1,-13.0,0.823,,864,69,259,18088,,0.0005,0.567,4021.0,,,
,26.1,-12.6,0.821,,868,69,260,18240,,0.0005,0.654,4059.0,,,
,26.3,-12.8,0.82,,872,69,261,18329,,0.0005,0.412,4082.0,,,
,26.8,-13.1,0.819,,876,70,263,18478,,0.0005,0.475,4119.0,,,
,27.7,-13.1,0.818,,880,70,264,18606,,0.0005,0.61,4151.0,,,
,27.4,-12.9,0.817,,884,70,266,18662,,0.0005,0.774,4165.0,,,
,26.8,-12.7,0.817,,888,70,267,18706,,0.0005,0.451,4176.0,,,
,27.4,-12.5,0.816,,892,69,268,18789,,0.0005,0.726,4197.0,,,
,27.6,-12.5,0.815,,896,70,269,18882,,0.0005,0.607,4220.0,,,
,27.0,-12.5,0.814,,900,70,271,19007,,0.0005,0.666,4251.0,,,
,26.8,-12.3,0.813,,904,70,272,19125,,0.0005,0.667,4281.0,,,
,26.5,-12.4,0.812,,908,70,273,19221,,0.0005,0.604,4305.0,,,
,26.1,-12.6,0.811,,912,70,274,19306,,0.0005,0.445,4326.0,,,
,27.8,-12.3,0.808,,916,70,276,19601,,0.0005,0.379,4400.0,,,
,27.7,-12.7,0.807,,920,70,277,19673,,0.0005,0.29,4418.0,,,
,29.0,-12.5,0.805,,924,71,279,19915,,0.0005,0.963,4478.0,,,
,29.7,-12.7,0.803,,928,71,281,20079,,0.0005,0.448,4519.0,0.0,0.0,0.0
,29.3,-12.7,0.803,,932,71,282,20147,,0.0005,0.53,4536.0,,,
,28.8,-12.7,0.801,,936,71,283,20301,,0.0005,0.56,4575.0,,,
,28.2,-12.7,0.801,,940,71,284,20350,,0.0005,0.152,4587.0,,,
,28.6,-12.7,0.799,,944,71,286,20470,,0.0005,0.163,4617.0,,,
,28.6,-12.7,0.799,,948,71,287,20532,,0.0005,0.764,4632.0,,,
,28.2,-12.5,0.798,,952,71,288,20641,,0.0005,0.348,4660.0,,,
,28.1,-12.3,0.797,,956,71,289,20729,,0.0005,0.763,4682.0,,,
,28.2,-12.3,0.796,,960,71,291,20779,,0.0005,0.68,4694.0,,,
,27.4,-12.1,0.796,,964,71,292,20827,,0.0005,0.646,4706.0,,,
,26.8,-12.5,0.795,,968,71,293,20923,,0.0005,0.528,4730.0,,,
,26.8,-12.3,0.794,,972,71,294,21009,,0.0005,0.29,4752.0,,,
,26.0,-12.0,0.793,,976,71,295,21074,,0.0005,0.817,4768.0,,,
,25.6,-12.2,0.793,,980,71,297,21168,,0.0005,0.304,4791.0,,,
,26.1,-12.4,0.792,,984,71,298,21271,,0.0005,0.846,4817.0,,,
,26.0,-12.6,0.791,,988,71,299,21309,,0.0005,0.687,4827.0,,,
,25.6,-12.8,0.791,,992,71,300,21351,,0.0005,0.296,4837.0,,,
,25.5,-12.8,0.79,,996,71,301,21433,,0.0005,1.08,4858.0,,,
,25.5,-12.6,0.789,,1000,71,303,21559,,0.0005,0.204,4889.0,,,
,24.8,-12.6,0.788,,1004,71,304,21608,,0.0005,0.642,4901.0,,,
,24.9,-12.6,0.787,,1008,71,305,21707,,0.0005,0.217,4926.0,,,
,24.9,-12.6,0.786,,1012,71,306,21791,,0.0005,0.368,4947.0,,,
,22.9,-13.0,0.785,,1016,71,307,21889,,0.0005,0.385,4972.0,,,
,22.9,-12.8,0.785,,1020,71,309,21963,,0.0005,0.185,4990.0,,,
,21.4,-13.0,0.784,,1024,71,310,22051,,0.0005,0.383,5012.0,,,
,20.5,-13.0,0.783,,1028,71,311,22125,,0.0005,0.459,5031.0,,,
,20.5,-13.0,0.782,,1032,71,312,22194,,0.0005,0.511,5048.0,,,
,20.2,-13.2,0.781,,1036,71,313,22326,,0.0005,0.153,5081.0,,,
,20.4,-13.2,0.781,,1040,71,315,22391,,0.0005,0.38,5097.0,,,
,20.6,-13.2,0.779,,1044,71,316,22532,,0.0005,0.275,5132.0,,,
,21.0,-13.2,0.778,,1048,71,317,22636,,0.0005,0.752,5158.0,,,
,22.7,-13.2,0.775,,1052,71,319,22915,,0.0005,0.405,5228.0,,,
,23.5,-13.6,0.774,,1056,71,321,23080,,0.0005,0.574,5269.0,,,
,23.6,-13.2,0.773,,1060,71,322,23143,,0.0005,0.358,5285.0,,,
,24.6,-13.2,0.772,,1064,71,323,23282,,0.0005,0.453,5320.0,,,
,24.7,-13.2,0.771,,1068,71,324,23395,,0.0005,0.579,5348.0,,,
,25.4,-13.0,0.769,,1072,72,326,23548,,0.0005,0.421,5386.0,,,
,26.5,-13.5,0.768,,1076,72,327,23721,,0.0005,0.365,5430.0,,,
,26.1,-13.2,0.767,,1080,72,329,23777,,0.0005,0.636,5444.0,,,
,26.4,-13.5,0.766,,1084,72,330,23914,,0.0005,0.118,5478.0,,,
,27.8,-13.9,0.764,,1088,72,331,24088,,0.0005,0.461,5521.0,,,
,28.1,-13.7,0.763,,1092,72,333,24161,,0.0005,0.564,5540.0,,,
,29.1,-14.1,0.761,,1096,72,334,24347,,0.0005,0.149,5586.0,,,
,28.4,-14.1,0.761,,1100,72,335,24399,,0.0005,0.307,5599.0,,,
,28.6,-14.1,0.76,,1104,72,336,24466,,0.0005,0.562,5616.0,,,
,29.2,-14.1,0.759,,1108,72,338,24629,,0.0005,0.109,5657.0,,,
,28.8,-14.1,0.758,,1112,72,339,24670,,0.0005,0.647,5667.0,,,
,29.0,-13.9,0.757,,1116,72,340,24787,,0.0005,0.355,5696.0,,,
,29.0,-13.7,0.756,,1120,72,341,24861,,0.0005,0.491,5715.0,,,
,29.6,-13.7,0.755,,1124,72,343,25006,,0.0005,0.779,5751.0,,,
,29.6,-13.5,0.754,,1128,72,344,25081,,0.0005,0.4,5770.0,,,
,29.7,-13.5,0.753,,1132,72,345,25164,,0.0005,0.335,5790.0,,,
,29.6,-13.1,0.752,,1136,72,346,25285,,0.0005,0.756,5821.0,,,
,30.2,-13.1,0.751,,1140,72,348,25412,,0.0005,0.392,5852.0,,,
,29.9,-13.1,0.75,,1144,72,349,25517,,0.0005,0.607,5879.0,,,
,29.8,-12.9,0.749,,1148,73,350,25620,,0.0005,0.276,5904.0,,,
,27.9,-12.7,0.748,,1152,73,352,25710,,0.0005,0.192,5927.0,,,
,26.8,-12.5,0.748,,1156,72,353,25764,,0.0005,0.446,5940.0,,,
,27.2,-12.9,0.747,,1160,72,354,25865,,0.0005,0.538,5966.0,,,
,26.5,-13.1,0.746,,1164,72,355,25928,,0.0005,0.315,5981.0,,,
,26.6,-13.1,0.745,,1168,72,356,26055,,0.0005,0.418,6013.0,,,
,25.8,-13.2,0.744,,1172,72,358,26132,,0.0005,0.314,6032.0,,,
,25.1,-12.8,0.743,,1176,72,359,26230,,0.0005,0.477,6057.0,,,
,25.3,-12.8,0.742,,1180,72,360,26305,,0.0005,0.299,6076.0,,,
,24.5,-12.4,0.742,,1184,72,361,26362,,0.0005,0.509,6090.0,,,
,23.8,-12.0,0.741,,1188,72,363,26468,,0.0005,0.268,6116.0,,,
,23.3,-12.2,0.74,,1192,72,364,26495,,0.0005,0.387,6123.0,,,
,22.7,-11.8,0.739,,1196,72,365,26619,,0.0005,0.511,6154.0,,,
,23.4,-11.8,0.738,,1200,72,367,26739,,0.0005,0.488,6184.0,,,
,23.9,-11.8,0.737,,1204,72,368,26857,,0.0005,0.508,6214.0,,,
,22.8,-12.0,0.736,,1208,72,369,26909,,0.0005,0.708,6227.0,,,
,23.1,-11.8,0.736,,1212,72,370,26978,,0.0005,0.644,6244.0,,,
,22.3,-11.8,0.735,,1216,72,372,27013,,0.0005,0.569,6253.0,,,
,22.6,-12.2,0.734,,1220,72,373,27123,,0.0005,0.685,6280.0,,,
,22.0,-12.6,0.733,,1224,72,374,27209,,0.0005,0.573,6302.0,,,
,22.2,-12.6,0.732,,1228,72,375,27304,,0.0005,0.581,6325.0,,,
,23.0,-12.8,0.731,,1232,72,377,27462,,0.0005,0.516,6365.0,,,
,22.8,-13.0,0.73,,1236,72,378,27566,,0.0005,0.413,6391.0,,,
,22.1,-13.0,0.729,,1240,72,379,27619,,0.0005,0.726,6404.0,,,
,22.2,-13.2,0.728,,1244,72,381,27733,,0.0005,0.529,6433.0,,,
,22.1,-13.0,0.727,,1248,72,382,27825,,0.0005,0.781,6456.0,,,
,22.9,-13.2,0.726,,1252,72,383,27999,,0.0005,0.22,6499.0,,,
,22.8,-13.0,0.725,,1256,72,384,28041,,0.0005,0.348,6510.0,,,
,22.5,-13.2,0.724,,1260,72,386,28113,,0.0005,0.801,6528.0,,,
,25.1,-12.8,0.721,,1264,73,388,28438,,0.0005,0.359,6609.0,,,
,25.1,-12.8,0.72,,1268,73,389,28562,,0.0005,0.553,6640.0,,,
,25.2,-13.0,0.719,,1272,73,390,28655,,0.0005,0.125,6663.0,,,
,25.9,-13.4,0.718,,1276,73,392,28818,,0.0005,0.387,6704.0,,,
,26.3,-13.4,0.716,,1280,73,393,28934,,0.0005,0.628,6733.0,,,
,26.6,-13.7,0.716,,1284,73,394,29017,,0.0005,0.453,6754.0,,,
,26.3,-13.4,0.715,,1288,73,396,29100,,0.0005,0.581,6774.0,,,
,26.8,-13.5,0.714,,1292,73,397,29170,,0.0005,0.456,6792.0,,,
,26.7,-13.5,0.713,,1296,73,398,29289,,0.0005,0.907,6822.0,,,
,26.3,-13.5,0.712,,1300,73,399,29372,,0.0005,0.354,6842.0,,,
,26.2,-13.4,0.711,,1304,73,400,29480,,0.0005,0.174,6869.0,,,
,27.6,-13.1,0.709,,1308,73,402,29670,,0.0005,0.446,6917.0,,,
,27.9,-13.3,0.708,,1312,73,403,29764,,0.0005,0.222,6940.0,,,
,27.9,-13.3,0.708,,1316,73,404,29802,,0.0005,0.249,6950.0,,,
,27.4,-13.1,0.707,,1320,73,405,29865,,0.0005,0.349,6966.0,,,
,27.5,-12.7,0.706,,1324,73,407,29957,,0.0005,0.236,6989.0,,,
,28.4,-12.7,0.705,,1328,73,409,30141,,0.0005,0.685,7035.0,0.0,0.0,1.0
,29.1,-12.7,0.702,,1332,73,410,30373,,0.0005,0.438,7093.0,,,
,28.7,-12.7,0.702,,1336,73,411,30434,,0.0005,0.471,7108.0,,,
,28.6,-12.7,0.701,,1340,73,413,30476,,0.0005,0.362,7118.0,,,
,29.1,-12.5,0.7,,1344,73,414,30639,,0.0005,0.72,7159.0,,,
,28.9,-12.7,0.699,,1348,73,415,30717,,0.0005,0.559,7179.0,,,
,28.6,-12.9,0.698,,1352,73,417,30860,,0.0005,0.547,7214.0,,,
,29.5,-13.1,0.696,,1356,74,418,30993,,0.0005,0.323,7248.0,,,
,29.4,-12.8,0.696,,1360,73,419,31049,,0.0005,0.456,7262.0,,,
,27.5,-13.1,0.694,,1364,74,421,31191,,0.0005,0.37,7297.0,,,
,27.2,-13.1,0.693,,1368,74,422,31282,,0.0005,0.406,7320.0,,,
,26.8,-12.9,0.693,,1372,73,423,31335,,0.0005,0.773,7333.0,,,
,25.6,-12.5,0.692,,1376,73,424,31380,,0.0005,0.354,7344.0,,,
,26.0,-12.5,0.691,,1380,73,426,31532,,0.0005,0.546,7382.0,,,
,25.9,-12.5,0.69,,1384,73,427,31603,,0.0005,0.18,7400.0,,,
,25.8,-12.7,0.69,,1388,73,428,31677,,0.0005,0.395,7419.0,,,
,26.0,-12.7,0.689,,1392,73,430,31771,,0.0005,0.414,7442.0,,,
,25.7,-12.7,0.688,,1396,73,431,31855,,0.0005,0.533,7463.0,,,
,25.9,-12.7,0.687,,1400,73,432,31958,,0.0005,0.483,7489.0,,,
,25.8,-12.7,0.686,,1404,73,433,32057,,0.0005,0.143,7514.0,,,
,24.8,-13.1,0.685,,1408,73,435,32152,,0.0005,0.315,7537.0,,,
,24.6,-13.1,0.684,,1412,73,436,32220,,0.0005,0.62,7554.0,,,
,24.7,-13.1,0.684,,1416,73,437,32272,,0.0005,0.334,7567.0,,,
,25.2,-13.1,0.683,,1420,73,438,32389,,0.0005,0.566,7597.0,,,
,25.1,-13.1,0.682,,1424,73,440,32472,,0.0005,0.0968,7617.0,,,
,24.3,-13.1,0.681,,1428,73,441,32567,,0.0005,0.474,7641.0,,,
,22.8,-12.7,0.68,,1432,73,442,32649,,0.0005,0.59,7662.0,,,
,23.6,-12.7,0.679,,1436,73,444,32797,,0.0005,0.367,7699.0,,,
,24.4,-12.7,0.677,,1440,73,445,32918,,0.0005,0.412,7729.0,,,
,23.6,-12.7,0.677,,1444,73,446,33000,,0.0005,0.591,7749.0,,,
,24.4,-12.7,0.675,,1448,73,448,33153,,0.0005,0.308,7788.0,,,
,23.5,-12.5,0.675,,1452,73,449,33207,,0.0005,0.132,7801.0,,,
,22.9,-12.3,0.674,,1456,73,450,33278,,0.0005,0.26,7819.0,,,
,23.8,-12.4,0.672,,1460,73,452,33424,,0.0005,0.509,7855.0,,,
,22.5,-12.2,0.672,,1464,73,453,33444,,0.0005,0.727,7860.0,,,
,22.2,-12.2,0.672,,1468,73,454,33502,,0.0005,0.675,7875.0,,,
,22.4,-12.2,0.671,,1472,73,455,33579,,0.0005,0.617,7894.0,,,
,22.9,-12.2,0.67,,1476,73,456,33675,,0.0005,0.667,7918.0,,,
,22.3,-12.2,0.669,,1480,73,458,33759,,0.0005,0.457,7939.0,,,
,22.4,-12.4,0.668,,1484,73,459,33842,,0.0005,0.18,7960.0,,,
,22.1,-12.4,0.668,,1488,73,460,33884,,0.0005,0.356,7970.0,,,
,21.7,-12.4,0.667,,1492,73,461,33939,,0.0005,0.514,7984.0,,,
,21.7,-12.4,0.667,,1496,73,462,34027,,0.0005,0.777,8006.0,,,
,21.2,-12.4,0.666,,1500,73,464,34080,,0.0005,0.58,8019.0,,,
,20.7,-12.4,0.666,,1504,73,465,34131,,0.0005,0.336,8032.0,,,
,21.1,-12.2,0.664,,1508,73,466,34258,,0.0005,0.277,8064.0,,,
,21.1,-12.4,0.664,,1512,73,467,34333,,0.0005,0.361,8083.0,,,
,21.0,-12.4,0.663,,1516,73,469,34373,,0.0005,0.0366,8093.0,,,
,21.5,-12.6,0.662,,1520,73,470,34535,,0.0005,0.443,8133.0,,,
,21.4,-12.6,0.661,,1524,73,471,34611,,0.0005,0.829,8152.0,,,
,20.9,-12.4,0.66,,1528,73,473,34662,,0.0005,0.286,8165.0,,,
,21.3,-12.4,0.659,,1532,73,474,34777,,0.0005,0.55,8194.0,,,
,21.3,-12.4,0.658,,1536,73,476,34926,,0.0005,0.488,8231.0,,,
,20.6,-12.4,0.657,,1540,73,477,34978,,0.0005,0.142,8244.0,,,
,21.4,-12.7,0.656,,1544,73,478,35140,,0.0005,0.699,8284.0,,,
,20.8,-12.7,0.655,,1548,73,480,35230,,0.0005,0.249,8307.0,,,
,20.9,-12.7,0.654,,1552,73,481,35294,,0.0005,0.414,8323.0,,,
,22.4,-12.5,0.652,,1556,73,482,35514,,0.0005,0.442,8378.0,,,
,21.2,-12.7,0.652,,1560,73,483,35542,,0.0005,0.159,8385.0,,,
,22.8,-12.7,0.65,,1564,73,485,35725,,0.0005,0.338,8431.0,,,
,22.9,-12.3,0.649,,1568,73,486,35792,,0.0005,0.413,8447.0,,,
,22.9,-12.1,0.649,,1572,73,488,35865,,0.0005,0.402,8466.0,,,
,22.3,-11.9,0.648,,1576,73,489,35908,,0.0005,0.593,8476.0,,,
,22.8,-11.7,0.647,,1580,73,490,36039,,0.0005,0.0482,8509.0,,,
,22.7,-11.5,0.646,,1584,73,491,36115,,0.0005,0.378,8528.0,,,
,24.6,-11.9,0.644,,1588,73,493,36349,,0.0005,0.829,8587.0,,,
,24.9,-11.9,0.643,,1592,73,494,36429,,0.0005,0.27,8607.0,,,
,25.6,-12.1,0.641,,1596,73,496,36588,,0.0005,0.754,8646.0,,,
,25.7,-12.1,0.641,,1600,73,497,36647,,0.0005,0.445,8661.0,,,
,26.9,-12.1,0.639,,1604,73,499,36823,,0.0005,0.526,8705.0,,,
,26.7,-12.3,0.638,,1608,73,500,36925,,0.0005,0.519,8731.0,,,
,26.7,-12.1,0.637,,1612,73,501,37006,,0.0005,0.49,8751.0,,,
,27.1,-12.1,0.637,,1616,73,502,37078,,0.0005,0.44,8769.0,,,
,27.2,-11.9,0.635,,1620,73,504,37254,,0.0005,0.502,8813.0,,,
,30.0,-12.2,0.631,,1624,74,506,37615,,0.0005,0.317,8903.0,,,
,30.5,-12.4,0.63,,1628,74,507,37713,,0.0005,0.501,8928.0,,,
,30.6,-12.4,0.629,,1632,74,509,37839,,0.0005,0.501,8959.0,,,
,30.1,-12.2,0.628,,1636,74,510,37940,,0.0005,0.48,8984.0,,,
,30.5,-12.2,0.627,,1640,74,511,38032,,0.0005,0.761,9007.0,,,
,29.5,-11.9,0.627,,1644,74,512,38094,,0.0005,0.323,9023.0,,,
,30.0,-11.9,0.625,,1648,74,514,38231,,0.0005,0.405,9057.0,,,
,30.3,-11.7,0.624,,1652,74,515,38328,,0.0005,0.391,9081.0,,,
,28.7,-11.9,0.624,,1656,74,516,38381,,0.0005,0.402,9095.0,,,
,29.1,-11.7,0.623,,1660,74,517,38449,,0.0005,0.318,9112.0,,,
,29.9,-12.1,0.621,,1664,74,519,38720,,0.0005,0.122,9179.0,,,
,29.9,-12.7,0.62,,1668,74,520,38784,,0.0005,0.211,9195.0,,,
,30.0,-13.1,0.619,,1672,74,522,38864,,0.0005,0.304,9215.0,,,
,30.3,-13.3,0.618,,1676,74,523,38939,,0.0005,0.522,9234.0,,,
,31.2,-13.3,0.616,,1680,74,525,39161,,0.0005,0.54,9290.0,,,
,33.6,-13.5,0.613,,1684,74,527,39474,,0.0005,0.12,9368.0,,,
,31.9,-12.9,0.613,,1688,74,528,39539,,0.0005,0.133,9384.0,,,
,32.0,-12.9,0.612,,1692,74,529,39628,,0.0005,0.681,9406.0,,,
,31.9,-12.7,0.61,,1696,74,531,39776,,0.0005,0.53,9443.0,,,
,32.5,-12.5,0.609,,1700,74,532,39899,,0.0005,0.285,9474.0,,,
,31.6,-12.7,0.608,,1704,74,533,39987,,0.0005,0.599,9496.0,,,
,32.0,-12.5,0.607,,1708,74,535,40121,,0.0005,0.142,9530.0,0.0,0.0,0.0
,33.1,-12.5,0.605,,1712,75,537,40320,,0.0005,0.56,9579.0,,,
,33.2,-12.5,0.604,,1716,75,538,40398,,0.0005,0.453,9599.0,,,
,33.3,-12.7,0.602,,1720,75,539,40580,,0.0005,0.293,9644.0,,,
,30.1,-12.5,0.602,,1724,75,540,40623,,0.0005,0.508,9655.0,,,
,30.1,-12.5,0.601,,1728,75,542,40720,,0.0005,0.491,9679.0,,,
,29.2,-12.7,0.601,,1732,75,543,40759,,0.0005,0.465,9689.0,,,
,29.2,-12.7,0.6,,1736,75,544,40858,,0.0005,0.544,9714.0,,,
,29.2,-12.7,0.599,,1740,75,545,40956,,0.0005,0.472,9738.0,,,
,30.1,-12.9,0.597,,1744,75,547,41108,,0.0005,0.548,9776.0,,,
,30.1,-12.9,0.596,,1748,75,548,41238,,0.0005,0.566,9809.0,,,
,29.7,-13.1,0.595,,1752,75,549,41298,,0.0005,0.503,9824.0,,,
,30.4,-13.1,0.594,,1756,75,551,41418,,0.0005,0.173,9854.0,,,
,32.8,-13.3,0.591,,1760,75,553,41726,,0.0005,0.433,9931.0,,,
,30.9,-12.7,0.59,,1764,75,554,41809,,0.0005,0.149,9952.0,,,
,31.3,-12.5,0.589,,1768,75,555,41916,,0.0005,0.275,9978.0,,,
,31.2,-12.3,0.589,,1772,75,557,41985,,0.0005,0.391,9996.0,,,
,31.3,-12.1,0.588,,1776,75,558,42069,,0.0005,0.912,10017.0,,,
,30.3,-12.3,0.587,,1780,75,559,42189,,0.0005,0.321,10047.0,,,
,28.4,-12.1,0.585,,1784,75,561,42312,,0.0005,0.354,10077.0,,,
,28.9,-12.1,0.584,,1788,75,562,42427,,0.0005,0.612,10106.0,,,
,28.4,-12.1,0.584,,1792,75,563,42473,,0.0005,0.467,10118.0,,,
,27.9,-11.7,0.583,,1796,75,564,42569,,0.0005,0.236,10142.0,,,
,27.1,-11.9,0.582,,1800,75,565,42608,,0.0005,0.207,10151.0,,,
,27.6,-11.7,0.581,,1804,75,567,42748,,0.0005,0.4,10186.0,,,
,26.6,-11.7,0.581,,1808,75,568,42783,,0.0005,0.224,10195.0,,,
,26.1,-11.6,0.579,,1812,75,569,42932,,0.0005,0.158,10232.0,,,
,26.7,-11.7,0.578,,1816,75,571,43064,,0.0005,0.343,10265.0,,,
,25.8,-11.4,0.577,,1820,75,572,43156,,0.0005,0.182,10288.0,,,
,26.3,-11.5,0.576,,1824,75,573,43256,,0.0005,0.299,10313.0,,,
,26.8,-11.5,0.575,,1828,75,574,43402,,0.0005,0.759,10350.0,,,
,27.3,-11.5,0.574,,1832,75,576,43486,,0.0005,0.626,10371.0,,,
,27.5,-11.7,0.573,,1836,75,577,43611,,0.0005,0.567,10402.0,,,
,27.5,-11.7,0.572,,1840,75,578,43708,,0.0005,0.463,10426.0,,,
,27.3,-11.7,0.57,,1844,75,580,43835,,0.0005,0.428,10458.0,,,
,26.6,-11.5,0.57,,1848,75,581,43901,,0.0005,0.431,10475.0,,,
,26.9,-11.3,0.569,,1852,75,582,43988,,0.0005,0.288,10496.0,,,
,27.5,-11.3,0.567,,1856,75,584,44164,,0.0005,0.435,10540.0,,,
,25.0,-11.0,0.567,,1860,75,585,44227,,0.0005,0.332,10556.0,,,
,26.2,-11.0,0.565,,1864,75,586,44433,,0.0005,0.345,10608.0,,,
,27.7,-11.1,0.562,,1868,75,588,44684,,0.0005,0.383,10670.0,,,
,28.6,-11.1,0.56,,1872,76,590,44849,,0.0005,0.584,10712.0,,,
,29.5,-11.7,0.559,,1876,76,591,45019,,0.0005,0.32,10754.0,,,
,29.3,-11.5,0.558,,1880,76,592,45121,,0.0005,0.294,10780.0,,,
,30.6,-11.3,0.555,,1884,76,594,45371,,0.0005,0.486,10842.0,,,
,30.4,-11.5,0.554,,1888,76,595,45465,,0.0005,0.337,10866.0,,,
,30.5,-11.5,0.554,,1892,76,596,45524,,0.0005,0.347,10880.0,,,
,30.4,-11.7,0.553,,1896,76,598,45609,,0.0005,0.531,10902.0,,,
,31.8,-11.9,0.551,,1900,76,599,45790,,0.0005,0.354,10947.0,,,
,31.9,-11.9,0.55,,1904,76,601,45941,,0.0005,0.436,10985.0,,,
,32.7,-11.9,0.549,,1908,76,602,46053,,0.0005,0.385,11013.0,,,
,32.1,-12.1,0.548,,1912,76,603,46144,,0.0005,0.226,11035.0,,,
,32.5,-12.3,0.546,,1916,76,605,46309,,0.0005,0.661,11077.0,,,
,32.1,-12.3,0.546,,1920,76,606,46370,,0.0005,0.202,11092.0,,,
,33.0,-12.7,0.544,,1924,76,607,46553,,0.0005,0.363,11138.0,,,
,32.8,-12.7,0.543,,1928,76,609,46679,,0.0005,0.174,11169.0,,,
,34.3,-12.9,0.54,,1932,76,610,46912,,0.0005,0.652,11227.0,,,
,33.4,-12.9,0.54,,1936,76,611,46947,,0.0005,0.258,11236.0,,,
,33.4,-12.9,0.539,,1940,76,613,47046,,0.0005,0.509,11261.0,,,
,34.1,-12.7,0.537,,1944,76,614,47243,,0.0005,0.289,11310.0,,,
,35.4,-12.7,0.535,,1948,76,616,47443,,0.0005,0.237,11360.0,,,
,35.1,-12.9,0.535,,1952,76,617,47497,,0.0005,0.384,11374.0,,,
,35.0,-12.7,0.533,,1956,76,619,47661,,0.0005,0.579,11415.0,,,
,35.2,-13.1,0.532,,1960,76,620,47745,,0.0005,0.729,11436.0,,,
,34.1,-13.3,0.531,,1964,76,621,47842,,0.0005,0.299,11460.0,,,
,33.5,-13.5,0.529,,1968,77,623,48033,,0.0005,0.057,11508.0,,,
,32.8,-13.5,0.528,,1972,77,624,48132,,0.0005,0.282,11532.0,,,
,32.0,-13.1,0.527,,1976,77,625,48221,,0.0005,0.362,11555.0,,,
,31.8,-13.3,0.527,,1980,77,626,48301,,0.0005,0.871,11575.0,,,
,30.0,-13.5,0.526,,1984,77,628,48369,,0.0005,0.491,11592.0,,,
,30.5,-13.5,0.525,,1988,77,629,48519,,0.0005,0.121,11629.0,,,
,30.7,-13.5,0.524,,1992,77,630,48592,,0.0005,0.305,11647.0,,,
,32.0,-13.7,0.522,,1996,77,632,48811,,0.0005,0.39,11702.0,,,
,30.8,-13.5,0.521,,2000,77,633,48869,,0.0005,0.289,11717.0,,,
,30.9,-13.7,0.52,,2004,77,635,49026,,0.0005,0.708,11756.0,,,
,30.7,-13.7,0.519,,2008,77,636,49122,,0.0005,0.371,11780.0,,,
,30.8,-13.9,0.518,,2012,77,637,49224,,0.0005,0.607,11805.0,,,
,31.1,-13.9,0.516,,2016,77,639,49422,,0.0005,0.0947,11855.0,,,
,32.2,-13.7,0.514,,2020,77,640,49590,,0.0005,0.252,11897.0,,,
,31.8,-13.5,0.513,,2024,77,642,49736,,0.0005,0.497,11933.0,,,
,32.4,-13.7,0.511,,2028,77,643,49919,,0.0005,0.574,11979.0,,,
,31.3,-13.9,0.51,,2032,77,645,50043,,0.0005,0.343,12010.0,0.0,0.0,0.0
,32.7,-13.7,0.508,,2036,77,646,50217,,0.0005,0.463,12054.0,,,
,33.6,-13.3,0.506,,2040,77,648,50404,,0.0005,0.395,12100.0,,,
,32.2,-12.9,0.505,,2044,77,649,50463,,0.0005,0.612,12115.0,,,
,32.7,-13.1,0.503,,2048,77,651,50711,,0.0005,0.389,12177.0,,,
,33.0,-13.3,0.502,,2052,77,652,50801,,0.0005,0.219,12200.0,,,
,33.1,-13.5,0.5,,2056,77,653,50974,,0.0005,0.0948,12243.0,,,
,33.5,-12.9,0.499,,2060,77,655,51095,,0.0005,0.506,12273.0,,,
,33.1,-12.9,0.499,,2064,77,656,51150,,0.0005,0.372,12287.0,,,
,32.9,-12.7,0.497,,2068,77,658,51320,,0.0005,0.629,12329.0,,,
,34.4,-13.1,0.495,,2072,78,659,51571,,0.0005,0.548,12392.0,,,
,35.1,-12.9,0.493,,2076,78,661,51728,,0.0005,0.228,12431.0,,,
,35.9,-12.9,0.492,,2080,78,662,51887,,0.0005,0.451,12471.0,,,
,36.6,-12.9,0.49,,2084,78,664,52027,,0.0005,0.397,12506.0,,,
,35.6,-12.9,0.49,,2088,78,665,52077,,0.0005,0.249,12519.0,,,
,36.8,-13.2,0.488,,2092,78,666,52275,,0.0005,0.565,12568.0,,,
,35.5,-13.4,0.487,,2096,78,668,52359,,0.0005,0.087,12589.0,,,
,35.1,-13.4,0.487,,2100,78,669,52376,,0.0005,0.242,12593.0,,,
,34.2,-13.2,0.486,,2104,78,670,52445,,0.0005,0.693,12611.0,,,
,33.7,-13.2,0.486,,2108,78,671,52495,,0.0005,0.169,12623.0,,,
,33.6,-12.8,0.485,,2112,78,672,52588,,0.0005,0.22,12646.0,,,
,32.5,-12.6,0.484,,2116,78,673,52672,,0.0005,0.405,12667.0,,,
,31.7,-12.8,0.483,,2120,78,674,52764,,0.0005,0.623,12690.0,,,
,32.0,-12.6,0.481,,2124,78,676,52934,,0.0005,0.319,12733.0,,,
,30.9,-12.6,0.48,,2128,78,677,53012,,0.0005,0.27,12752.0,,,
,30.7,-12.2,0.48,,2132,78,678,53111,,0.0005,0.431,12777.0,,,
,30.8,-12.6,0.478,,2136,78,680,53301,,0.0005,0.237,12825.0,,,
,30.7,-12.6,0.476,,2140,78,681,53477,,0.0005,0.129,12869.0,,,
,31.9,-13.4,0.474,,2144,78,683,53648,,0.0005,0.528,12911.0,,,
,30.7,-13.2,0.473,,2148,78,684,53777,,0.0005,0.279,12944.0,,,
,31.1,-13.0,0.472,,2152,78,686,53907,,0.0005,0.185,12976.0,,,
,30.4,-13.2,0.471,,2156,78,687,54017,,0.0005,0.695,13004.0,,,
,29.9,-13.4,0.47,,2160,78,688,54085,,0.0005,0.361,13021.0,,,
,31.5,-13.6,0.468,,2164,78,690,54296,,0.0005,0.368,13073.0,,,
,30.9,-13.4,0.467,,2168,78,691,54415,,0.0005,0.306,13103.0,,,
,29.7,-13.0,0.465,,2172,78,693,54543,,0.0005,0.238,13135.0,,,
,30.0,-13.2,0.464,,2176,78,694,54724,,0.0005,0.516,13180.0,,,
,29.0,-13.2,0.463,,2180,78,695,54791,,0.0005,0.242,13197.0,,,
,28.7,-13.2,0.462,,2184,78,697,54896,,0.0005,0.13,13223.0,,,
,29.5,-13.2,0.461,,2188,78,698,55027,,0.0005,0.41,13256.0,,,
,28.8,-12.8,0.459,,2192,78,699,55157,,0.0005,0.703,13289.0,,,
,29.0,-12.5,0.458,,2196,78,701,55263,,0.0005,0.43,13315.0,,,
,30.8,-12.5,0.456,,2200,78,702,55460,,0.0005,0.415,13364.0,,,
,30.9,-12.5,0.456,,2204,78,704,55535,,0.0005,0.239,13383.0,,,
,31.2,-12.5,0.455,,2208,78,705,55619,,0.0005,0.49,13404.0,,,
,31.1,-12.5,0.454,,2212,78,706,55703,,0.0005,0.443,13425.0,,,
,31.2,-12.7,0.453,,2216,78,707,55791,,0.0005,0.347,13447.0,,,
,31.1,-12.7,0.452,,2220,78,708,55876,,0.0005,0.141,13468.0,,,
,30.2,-12.7,0.452,,2224,78,710,55952,,0.0005,0.668,13487.0,,,
,31.3,-12.9,0.45,,2228,78,711,56144,,0.0005,0.414,13535.0,,,
,31.3,-12.9,0.449,,2232,78,713,56241,,0.0005,0.615,13560.0,,,
,30.3,-12.7,0.448,,2236,78,714,56334,,0.0005,0.399,13583.0,,,
,29.8,-13.1,0.447,,2240,78,715,56457,,0.0005,0.644,13614.0,,,
,28.8,-12.3,0.446,,2244,78,716,56529,,0.0005,0.19,13632.0,,,
,28.6,-12.7,0.445,,2248,78,718,56641,,0.0005,0.773,13660.0,,,
,28.8,-13.1,0.443,,2252,78,719,56791,,0.0005,0.326,13697.0,,,
,28.5,-12.7,0.443,,2256,78,720,56864,,0.0005,0.241,13715.0,,,
,29.5,-12.7,0.441,,2260,78,722,57039,,0.0005,0.56,13759.0,,,
,30.1,-12.3,0.438,,2264,79,724,57307,,0.0005,0.281,13826.0,,,
,30.0,-12.5,0.437,,2268,79,725,57419,,0.0005,0.454,13854.0,,,
,29.4,-12.5,0.437,,2272,79,726,57488,,0.0005,0.311,13871.0,,,
,29.7,-12.7,0.435,,2276,79,728,57692,,0.0005,0.209,13922.0,,,
,30.1,-12.7,0.434,,2280,79,729,57806,,0.0005,0.408,13951.0,,,
,30.7,-12.3,0.432,,2284,79,730,57964,,0.0005,0.581,13990.0,,,
,31.3,-12.3,0.43,,2288,79,732,58157,,0.0005,0.343,14039.0,,,
,31.6,-12.5,0.429,,2292,79,733,58314,,0.0005,0.442,14078.0,,,
,32.2,-12.3,0.427,,2296,79,735,58486,,0.0005,0.0509,14121.0,,,
,32.3,-12.3,0.425,,2300,79,737,58688,,0.0005,0.565,14171.0,,,
,32.9,-12.3,0.424,,2304,79,738,58820,,0.0005,0.247,14204.0,,,
,33.4,-12.3,0.422,,2308,79,740,58958,,0.0005,0.52,14239.0,,,
,33.4,-12.5,0.421,,2312,79,741,59046,,0.0005,0.416,14261.0,,,
,33.4,-12.3,0.42,,2316,79,742,59133,,0.0005,0.124,14283.0,,,
,33.6,-12.1,0.42,,2320,79,744,59233,,0.0005,0.434,14308.0,,,
,33.6,-12.1,0.419,,2324,79,745,59312,,0.0005,0.356,14327.0,,,
,35.3,-11.5,0.415,,2328,79,747,59676,,0.0005,0.76,14418.0,,,
,35.9,-11.7,0.414,,2332,79,749,59830,,0.0005,0.408,14457.0,,,
,36.4,-11.9,0.412,,2336,79,750,59970,,0.0005,0.651,14492.0,,,
,35.6,-11.7,0.412,,2340,79,751,60020,,0.0005,0.316,14504.0,0.0,0.0,0.0
,36.5,-12.1,0.41,,2344,79,753,60177,,0.0005,0.395,14544.0,,,
,36.2,-11.9,0.409,,2348,79,754,60260,,0.0005,0.229,14564.0,,,
,36.0,-11.5,0.408,,2352,79,756,60394,,0.0005,0.408,14598.0,,,
,37.2,-11.8,0.406,,2356,79,757,60582,,0.0005,0.376,14645.0,,,
,36.5,-11.7,0.405,,2360,79,759,60690,,0.0005,0.231,14672.0,,,
,35.6,-12.1,0.403,,2364,79,761,60871,,0.0005,0.697,14717.0,,,
,35.8,-12.1,0.402,,2368,79,762,60997,,0.0005,0.331,14749.0,,,
,36.1,-12.1,0.401,,2372,79,763,61101,,0.0005,0.696,14775.0,,,
,35.7,-11.7,0.4,,2376,80,765,61266,,0.0005,0.285,14816.0,,,
,35.9,-11.7,0.398,,2380,80,766,61395,,0.0005,0.556,14848.0,,,
,35.2,-12.1,0.397,,2384,80,767,61485,,0.0005,0.684,14871.0,,,
,36.0,-12.1,0.395,,2388,80,769,61757,,0.0005,0.237,14939.0,,,
,35.7,-12.1,0.394,,2392,80,771,61883,,0.0005,0.577,14970.0,,,
,34.8,-12.1,0.393,,2396,80,772,61967,,0.0005,0.78,14991.0,,,
,33.9,-12.1,0.392,,2400,80,773,62080,,0.0005,0.315,15019.0,,,
,33.8,-12.1,0.39,,2404,80,775,62197,,0.0005,0.475,15049.0,,,
,33.1,-12.4,0.39,,2408,80,776,62265,,0.0005,0.199,15066.0,,,
,32.9,-12.2,0.389,,2412,80,777,62335,,0.0005,0.866,15083.0,,,
,33.1,-12.2,0.388,,2416,80,778,62440,,0.0005,0.429,15109.0,,,
,34.2,-12.2,0.386,,2420,80,780,62656,,0.0005,0.215,15163.0,,,
,34.5,-12.0,0.385,,2424,80,782,62757,,0.0005,0.338,15189.0,,,
,32.9,-12.0,0.383,,2428,80,783,62963,,0.0005,0.524,15240.0,,,
,33.8,-11.8,0.381,,2432,80,785,63212,,0.0005,0.0172,15302.0,,,
,33.9,-11.8,0.379,,2436,80,787,63361,,0.0005,0.472,15340.0,,,
,33.9,-12.2,0.379,,2440,80,788,63410,,0.0005,0.514,15352.0,,,
,33.4,-12.2,0.378,,2444,80,789,63512,,0.0005,0.28,15377.0,,,
,33.2,-12.0,0.377,,2448,80,790,63580,,0.0005,0.539,15394.0,,,
,34.5,-12.0,0.374,,2452,80,792,63846,,0.0005,0.203,15461.0,,,
,33.4,-12.0,0.374,,2456,80,793,63919,,0.0005,0.305,15479.0,,,
,32.7,-12.0,0.373,,2460,80,795,63962,,0.0005,0.291,15490.0,,,
,32.2,-12.0,0.372,,2464,80,796,64088,,0.0005,0.786,15521.0,,,
,32.3,-12.2,0.371,,2468,80,797,64228,,0.0005,0.358,15556.0,,,
,32.3,-12.4,0.37,,2472,80,799,64330,,0.0005,0.381,15582.0,,,
,31.6,-12.6,0.369,,2476,80,800,64425,,0.0005,0.124,15606.0,,,
,31.6,-12.6,0.367,,2480,80,801,64558,,0.0005,0.363,15639.0,,,
,31.8,-12.6,0.366,,2484,80,803,64666,,0.0005,0.59,15666.0,,,
,30.9,-12.4,0.365,,2488,80,804,64846,,0.0005,0.285,15711.0,,,
,32.4,-12.0,0.362,,2492,80,806,65127,,0.0005,0.5,15781.0,,,
,32.7,-12.2,0.361,,2496,80,808,65240,,0.0005,0.154,15809.0,,,
,32.3,-12.2,0.36,,2500,80,809,65312,,0.0005,0.435,15827.0,,,
,31.8,-12.4,0.359,,2504,80,810,65376,,0.0005,0.326,15843.0,,,
,31.9,-12.1,0.359,,2508,80,811,65457,,0.0005,0.546,15864.0,,,
,32.0,-12.1,0.358,,2512,80,812,65540,,0.0005,0.39,15884.0,,,
,32.1,-12.3,0.357,,2516,80,814,65653,,0.0005,0.353,15913.0,,,
,31.1,-12.5,0.355,,2520,80,815,65770,,0.0005,0.607,15942.0,,,
,31.0,-12.9,0.355,,2524,80,816,65857,,0.0005,0.502,15964.0,,,
,30.4,-13.3,0.353,,2528,80,818,66007,,0.0005,0.429,16001.0,,,
,31.3,-13.3,0.35,,2532,80,820,66340,,0.0005,0.385,16084.0,,,
,31.0,-13.5,0.349,,2536,80,822,66457,,0.0005,0.744,16114.0,,,
,31.9,-12.9,0.347,,2540,80,823,66596,,0.0005,0.395,16148.0,,,
,31.9,-12.9,0.346,,2544,80,824,66702,,0.0005,0.36,16175.0,,,
,32.6,-13.5,0.345,,2548,80,826,66837,,0.0005,0.467,16209.0,,,
,30.4,-13.7,0.345,,2552,80,827,66885,,0.0005,0.588,16221.0,,,
,31.1,-13.5,0.343,,2556,80,829,67031,,0.0005,0.263,16257.0,,,
,33.7,-13.3,0.34,,2560,81,831,67334,,0.0005,0.602,16333.0,,,
,33.5,-12.9,0.339,,2564,81,832,67434,,0.0005,0.496,16358.0,,,
,33.2,-12.5,0.338,,2568,80,833,67549,,0.0005,0.39,16387.0,,,
,33.6,-12.5,0.337,,2572,81,835,67687,,0.0005,0.175,16421.0,,,
,33.9,-12.5,0.335,,2576,81,836,67816,,0.0005,0.481,16453.0,,,
,34.8,-12.7,0.333,,2580,81,838,68041,,0.0005,0.248,16510.0,,,
,35.5,-12.5,0.331,,2584,81,840,68216,,0.0005,0.249,16553.0,,,
,35.0,-12.7,0.33,,2588,81,841,68342,,0.0005,0.18,16585.0,,,
,34.5,-13.3,0.328,,2592,81,843,68580,,0.0005,0.158,16644.0,,,
,34.7,-13.7,0.327,,2596,81,844,68709,,0.0005,0.182,16677.0,,,
,34.8,-13.7,0.326,,2600,81,846,68787,,0.0005,0.124,16696.0,,,
,35.9,-13.3,0.324,,2604,81,847,68965,,0.0005,0.342,16741.0,,,
,36.5,-13.3,0.323,,2608,81,849,69102,,0.0005,0.352,16775.0,,,
,36.9,-13.4,0.322,,2612,81,850,69227,,0.0005,0.245,16806.0,,,
,37.9,-13.2,0.319,,2616,81,852,69442,,0.0005,0.435,16860.0,,,
,38.2,-13.4,0.318,,2620,81,853,69589,,0.0005,0.303,16897.0,,,
,39.5,-13.0,0.316,,2624,81,855,69811,,0.0005,0.85,16952.0,,,
,40.9,-12.6,0.313,,2628,81,857,70098,,0.0005,0.312,17024.0,0.0,0.0,0.0
,39.3,-12.4,0.311,,2632,81,858,70270,,0.0005,0.267,17067.0,,,
,39.5,-12.0,0.31,,2636,81,860,70407,,0.0005,0.134,17101.0,,,
,39.8,-12.4,0.308,,2640,81,862,70576,,0.0005,0.67,17143.0,,,
,40.6,-12.8,0.307,,2644,81,863,70760,,0.0005,0.413,17189.0,,,
,40.0,-12.4,0.306,,2648,81,865,70837,,0.0005,0.141,17209.0,,,
,40.6,-12.2,0.305,,2652,81,866,70949,,0.0005,0.401,17237.0,,,
,40.5,-12.6,0.303,,2656,81,867,71078,,0.0005,0.207,17269.0,,,
,38.6,-12.4,0.302,,2660,81,869,71190,,0.0005,0.767,17297.0,,,
,38.8,-12.8,0.301,,2664,81,870,71311,,0.0005,0.392,17327.0,,,
,38.6,-13.0,0.3,,2668,81,871,71405,,0.0005,0.0604,17351.0,,,
,38.1,-12.4,0.299,,2672,81,873,71496,,0.0005,0.418,17373.0,,,
,37.6,-12.4,0.299,,2676,81,874,71576,,0.0005,0.288,17393.0,,,
,37.5,-11.6,0.296,,2680,81,876,71788,,0.0005,0.564,17446.0,,,
,37.3,-11.8,0.295,,2684,81,877,71942,,0.0005,0.591,17485.0,,,
,38.5,-12.0,0.292,,2688,82,879,72196,,0.0005,0.278,17548.0,,,
,37.5,-11.8,0.291,,2692,82,880,72333,,0.0005,0.554,17583.0,,,
,37.0,-11.4,0.29,,2696,82,882,72410,,0.0005,0.317,17602.0,,,
,37.7,-11.4,0.289,,2700,82,883,72553,,0.0005,0.363,17638.0,,,
,37.6,-11.6,0.287,,2704,82,885,72726,,0.0005,0.43,17681.0,,,
,37.1,-11.6,0.286,,2708,82,886,72812,,0.0005,0.596,17702.0,,,
,36.4,-11.5,0.286,,2712,82,887,72863,,0.0005,0.429,17715.0,,,
,35.1,-11.5,0.285,,2716,82,888,72952,,0.0005,0.277,17737.0,,,
,34.5,-11.3,0.284,,2720,82,889,73044,,0.0005,0.214,17760.0,,,
,33.5,-11.7,0.283,,2724,82,891,73165,,0.0005,0.357,17791.0,,,
,31.9,-12.1,0.282,,2728,82,892,73288,,0.0005,0.587,17821.0,,,
,31.8,-12.3,0.28,,2732,82,894,73447,,0.0005,0.122,17861.0,,,
,31.2,-12.3,0.279,,2736,82,895,73528,,0.0005,0.31,17881.0,,,
,30.6,-12.5,0.278,,2740,82,896,73635,,0.0005,0.279,17908.0,,,
,29.5,-12.1,0.278,,2744,82,897,73707,,0.0005,0.267,17926.0,,,
,30.4,-12.3,0.276,,2748,82,899,73878,,0.0005,0.186,17969.0,,,
,29.9,-12.3,0.275,,2752,82,900,73938,,0.0005,0.388,17984.0,,,
,29.9,-12.1,0.274,,2756,82,902,74073,,0.0005,0.622,18018.0,,,
,31.0,-12.3,0.272,,2760,82,903,74289,,0.0005,0.437,18072.0,,,
,30.6,-12.1,0.271,,2764,82,905,74366,,0.0005,0.573,18091.0,,,
,31.7,-12.3,0.269,,2768,82,906,74577,,0.0005,0.445,18144.0,,,
,31.6,-12.7,0.268,,2772,82,908,74658,,0.0005,0.693,18164.0,,,
,31.6,-12.7,0.268,,2776,82,909,74736,,0.0005,0.263,18183.0,,,
,31.2,-13.1,0.266,,2780,82,910,74908,,0.0005,0.276,18226.0,,,
,30.6,-13.1,0.265,,2784,82,912,75001,,0.0005,0.176,18250.0,,,
,29.3,-12.9,0.264,,2788,82,913,75128,,0.0005,0.546,18281.0,,,
,28.4,-12.9,0.263,,2792,82,914,75177,,0.0005,0.638,18294.0,,,
,29.0,-12.9,0.262,,2796,82,916,75307,,0.0005,0.416,18326.0,,,
,27.8,-12.9,0.262,,2800,82,917,75337,,0.0005,0.0741,18334.0,,,
,26.8,-12.9,0.261,,2804,82,918,75409,,0.0005,0.767,18352.0,,,
,29.4,-12.5,0.258,,2808,82,920,75751,,0.0005,0.907,18437.0,,,
,29.9,-12.5,0.257,,2812,82,921,75856,,0.0005,0.165,18463.0,,,
,29.8,-12.5,0.256,,2816,82,922,75929,,0.0005,0.47,18482.0,,,
,30.0,-12.3,0.255,,2820,82,924,76045,,0.0005,0.787,18511.0,,,
,30.4,-12.1,0.253,,2824,82,925,76205,,0.0005,0.249,18551.0,,,
,30.9,-11.7,0.252,,2828,82,927,76376,,0.0005,0.145,18593.0,,,
,31.0,-11.7,0.25,,2832,82,928,76544,,0.0005,0.134,18635.0,,,
,31.2,-11.5,0.249,,2836,82,930,76650,,0.0005,0.203,18662.0,,,
,31.6,-11.3,0.247,,2840,82,931,76797,,0.0005,0.363,18699.0,,,
,31.7,-11.3,0.247,,2844,82,932,76880,,0.0005,0.56,18719.0,,,
,31.0,-10.9,0.246,,2848,82,934,76975,,0.0005,0.322,18743.0,,,
,32.4,-10.9,0.244,,2852,82,935,77174,,0.0005,0.132,18793.0,,,
,31.9,-10.9,0.243,,2856,82,937,77258,,0.0005,0.332,18814.0,,,
,31.0,-11.1,0.242,,2860,82,938,77392,,0.0005,0.259,18847.0,,,
,31.9,-10.9,0.24,,2864,82,939,77557,,0.0005,0.118,18889.0,,,
,31.2,-10.5,0.239,,2868,82,941,77701,,0.0005,0.341,18925.0,,,
,32.2,-10.5,0.237,,2872,82,942,77880,,0.0005,0.447,18969.0,,,
,33.3,-10.1,0.235,,2876,82,944,78068,,0.0005,0.349,19016.0,,,
,32.6,-10.3,0.234,,2880,82,945,78169,,0.0005,0.417,19042.0,,,
,33.2,-10.3,0.232,,2884,82,947,78324,,0.0005,0.194,19080.0,,,
,32.6,-10.3,0.232,,2888,82,948,78385,,0.0005,0.227,19096.0,,,
,33.7,-10.1,0.23,,2892,82,950,78551,,0.0005,0.439,19137.0,,,
,35.2,-9.93,0.228,,2896,82,952,78824,,0.0005,0.329,19205.0,,,
,36.4,-9.54,0.226,,2900,82,953,78972,,0.0005,0.264,19242.0,,,
,36.6,-9.54,0.225,,2904,82,954,79065,,0.0005,0.119,19266.0,,,
,33.7,-9.72,0.225,,2908,82,956,79124,,0.0005,0.326,19280.0,,,
,33.7,-9.71,0.224,,2912,82,957,79222,,0.0005,0.703,19305.0,,,
,34.3,-9.72,0.222,,2916,82,958,79358,,0.0005,0.158,19339.0,,,
,34.6,-9.72,0.221,,2920,82,960,79506,,0.0005,0.698,19376.0,,,
,34.2,-9.72,0.22,,2924,82,961,79621,,0.0005,0.0728,19405.0,,,
,33.5,-9.91,0.219,,2928,82,963,79728,,0.0005,0.241,19431.0,,,
,32.9,-9.91,0.218,,2932,82,964,79834,,0.0005,0.659,19458.0,,,
,32.9,-10.1,0.217,,2936,82,965,79942,,0.0005,0.0808,19485.0,,,
,33.0,-9.91,0.215,,2940,82,967,80097,,0.0005,0.37,19524.0,1.0,0.0,0.0
,33.2,-10.1,0.214,,2944,82,968,80203,,0.0005,0.139,19550.0,,,
,33.1,-10.3,0.213,,2948,82,969,80281,,0.0005,0.443,19570.0,,,
,32.7,-10.3,0.212,,2952,82,971,80446,,0.0005,0.213,19611.0,,,
,32.8,-10.1,0.211,,2956,82,972,80541,,0.0005,0.856,19635.0,,,
,33.6,-9.92,0.209,,2960,82,974,80752,,0.0005,0.637,19687.0,,,
,34.3,-10.3,0.206,,2964,82,975,80983,,0.0005,0.579,19745.0,,,
,33.6,-10.5,0.206,,2968,82,977,81060,,0.0005,0.312,19764.0,,,
,33.1,-10.5,0.204,,2972,82,978,81188,,0.0005,0.337,19796.0,,,
,32.3,-10.9,0.203,,2976,82,979,81297,,0.0005,0.475,19824.0,,,
,32.5,-10.9,0.202,,2980,82,981,81418,,0.0005,0.482,19854.0,,,
,32.6,-11.1,0.2,,2984,83,982,81584,,0.0005,0.128,19895.0,,,
,34.3,-11.1,0.198,,2988,83,984,81816,,0.0005,0.362,19953.0,,,
,34.0,-11.5,0.197,,2992,83,985,81952,,0.0005,0.381,19987.0,,,
,32.9,-11.7,0.195,,2996,83,987,82110,,0.0005,0.424,20027.0,,,
,33.5,-12.1,0.193,,3000,83,988,82319,,0.0005,0.351,20079.0,,,
,33.2,-12.1,0.193,,3004,83,990,82385,,0.0005,0.632,20096.0,,,
,34.1,-12.3,0.191,,3008,83,991,82536,,0.0005,0.518,20133.0,,,
,34.6,-12.3,0.19,,3012,83,993,82683,,0.0005,0.526,20170.0,,,
,34.0,-12.3,0.189,,3016,83,994,82763,,0.0005,0.272,20190.0,,,
,33.5,-12.5,0.188,,3020,83,995,82855,,0.0005,0.374,20213.0,,,
,33.7,-12.3,0.187,,3024,83,997,82991,,0.0005,0.345,20247.0,,,
,34.6,-12.5,0.185,,3028,83,998,83187,,0.0005,0.758,20296.0,,,
,35.5,-12.3,0.183,,3032,83,1000,83381,,0.0005,0.362,20345.0,,,
,37.0,-12.0,0.18,,3036,83,1002,83638,,0.0005,0.676,20409.0,,,
,37.4,-12.2,0.178,,3040,83,1003,83835,,0.0005,0.221,20458.0,,,
,37.9,-12.0,0.177,,3044,83,1005,83995,,0.0005,0.426,20498.0,,,
,38.7,-12.4,0.175,,3048,83,1006,84151,,0.0005,0.222,20537.0,,,
,39.6,-12.8,0.173,,3052,83,1008,84402,,0.0005,0.45,20600.0,,,
,41.0,-13.2,0.171,,3056,83,1010,84636,,0.0005,0.22,20658.0,,,
,41.0,-14.0,0.168,,3060,83,1012,84854,,0.0005,0.227,20713.0,,,
,39.4,-13.8,0.168,,3064,83,1013,84925,,0.0005,0.439,20731.0,,,
,40.1,-14.0,0.166,,3068,83,1014,85069,,0.0005,0.372,20767.0,,,
,41.6,-13.8,0.164,,3072,83,1016,85348,,0.0005,0.283,20836.0,,,
,43.7,-13.7,0.16,,3076,84,1018,85667,,0.0005,0.436,20916.0,,,
,43.7,-13.9,0.159,,3080,84,1019,85788,,0.0005,0.403,20946.0,,,
,43.2,-13.7,0.158,,3084,84,1021,85904,,0.0005,0.386,20975.0,,,
,42.0,-13.7,0.157,,3088,84,1022,86016,,0.0005,0.701,21003.0,,,
,41.4,-13.5,0.156,,3092,84,1023,86093,,0.0005,0.241,21023.0,,,
,41.5,-13.5,0.155,,3096,84,1025,86264,,0.0005,0.755,21065.0,,,
,41.5,-13.5,0.153,,3100,84,1026,86472,,0.0005,0.0435,21117.0,,,
,43.4,-13.7,0.15,,3104,84,1028,86720,,0.0005,0.328,21179.0,,,
,43.4,-13.7,0.149,,3108,84,1030,86872,,0.0005,0.517,21217.0,,,
,46.6,-13.9,0.144,,3112,84,1032,87344,,0.0005,0.525,21335.0,,,
,47.6,-13.9,0.142,,3116,84,1034,87522,,0.0005,0.48,21380.0,,,
,47.9,-13.7,0.141,,3120,84,1035,87645,,0.0005,0.32,21411.0,,,
,49.3,-14.2,0.138,,3124,84,1037,87917,,0.0005,0.308,21479.0,,,
,49.1,-14.0,0.137,,3128,84,1039,88099,,0.0005,0.333,21524.0,,,
,48.2,-14.1,0.136,,3132,84,1040,88201,,0.0005,0.323,21550.0,,,
,46.7,-14.5,0.135,,3136,84,1041,88305,,0.0005,0.212,21576.0,,,
,46.0,-14.5,0.133,,3140,84,1043,88430,,0.0005,0.333,21607.0,,,
,47.4,-14.7,0.13,,3144,84,1045,88734,,0.0005,0.445,21683.0,,,
,48.2,-14.3,0.128,,3148,84,1046,88970,,0.0005,0.308,21742.0,,,
,47.9,-13.5,0.126,,3152,85,1048,89189,,0.0005,0.543,21797.0,,,
,48.3,-13.5,0.123,,3156,85,1050,89465,,0.0005,0.5,21866.0,,,
,48.5,-12.7,0.121,,3160,85,1052,89701,,0.0005,0.221,21925.0,,,
,51.0,-13.2,0.118,,3164,85,1054,90022,,0.0005,0.196,22005.0,0.0,0.0,1.0
,54.5,-12.6,0.113,,3168,85,1057,90518,,0.0005,0.511,22129.0,,,
,52.7,-12.8,0.112,,3172,85,1058,90614,,0.0005,0.08,22153.0,,,
,52.3,-13.3,0.109,,3176,85,1060,90897,,0.0005,0.363,22224.0,,,
,55.4,-13.1,0.105,,3180,85,1062,91328,,0.0005,0.462,22331.0,,,
,57.4,-13.4,0.102,,3184,86,1064,91648,,0.0005,0.116,22411.0,,,
,58.4,-13.0,0.0998,,3188,86,1066,91859,,0.0005,0.493,22464.0,,,
,59.3,-13.0,0.0981,,3192,86,1068,92026,,0.0005,0.523,22506.0,,,
,61.0,-12.6,0.0948,,3196,86,1070,92364,,0.0005,0.519,22590.0,,,
,61.9,-13.0,0.0919,,3200,86,1072,92660,,0.0005,0.347,22664.0,,,
,61.0,-13.2,0.0904,,3204,86,1073,92817,,0.0005,0.305,22704.0,,,
,61.2,-13.0,0.0886,,3208,86,1075,92996,,0.0005,0.496,22748.0,,,
,59.2,-12.6,0.086,,3212,86,1077,93263,,0.0005,0.894,22815.0,,,
,60.4,-12.6,0.0831,,3216,86,1079,93558,,0.0005,0.392,22889.0,,,
,61.6,-13.5,0.0807,,3220,86,1081,93804,,0.0005,0.325,22950.0,,,
,60.5,-13.7,0.0791,,3224,86,1083,93971,,0.0005,0.301,22992.0,,,
,63.9,-13.9,0.074,,3228,86,1086,94490,,0.0005,0.453,23122.0,,,
,64.6,-13.9,0.0723,,3232,86,1088,94665,,0.0005,0.609,23166.0,,,
,67.5,-13.5,0.0684,,3236,87,1090,95059,,0.0005,0.521,23264.0,,,
,74.1,-13.6,0.0607,,3240,87,1094,95844,,0.0005,0.286,23460.0,,,
,73.0,-13.6,0.0589,,3244,87,1096,96034,,0.0005,0.27,23508.0,,,
,73.5,-13.4,0.0561,,3248,87,1098,96318,,0.0005,0.0749,23579.0,,,
,78.7,-14.2,0.0489,,3252,88,1101,97055,,0.0005,0.342,23763.0,,,
,79.1,-14.0,0.0457,,3256,88,1104,97374,,0.0005,0.229,23843.0,,,
,79.9,-14.5,0.0426,,3260,88,1106,97693,,0.0005,0.36,23923.0,,,
,81.5,-14.3,0.0379,,3264,88,1108,98169,,0.0005,0.25,24042.0,,,
,79.3,-14.4,0.0352,,3268,88,1110,98445,,0.0005,0.791,24111.0,,,
,83.9,-14.3,0.0298,,3272,88,1113,99000,,0.0005,0.158,24249.0,,,
,83.5,-14.1,0.0274,,3276,88,1115,99247,,0.0005,0.448,24311.0,,,
,84.4,-13.9,0.0223,,3280,89,1118,99765,,0.0005,0.375,24441.0,,,
,85.9,-13.9,0.02,,3284,89,1121,100234,,0.0005,0.219,24558.0,0.0,0.0,0.0
,86.6,-14.5,0.02,,3288,89,1123,100517,,0.0005,0.319,24629.0,,,
,92.7,-14.4,0.02,,3292,89,1127,101296,,0.0005,0.0277,24823.0,,,
,91.5,-14.4,0.02,,3296,89,1128,101517,,0.0005,0.551,24879.0,,,
,94.4,-14.0,0.02,,3300,90,1132,102103,,0.0005,0.407,25025.0,,,
,94.7,-13.8,0.02,,3304,90,1133,102291,,0.0005,0.478,25072.0,,,
,97.0,-14.0,0.02,,3308,90,1136,102699,,0.0005,0.466,25174.0,,,
,97.2,-14.2,0.02,,3312,90,1138,102986,,0.0005,0.317,25246.0,,,
,99.7,-13.8,0.02,,3316,90,1141,103532,,0.0005,0.385,25382.0,,,
,104.0,-13.2,0.02,,3320,91,1144,104196,,0.0005,0.586,25548.0,,,
,108.0,-13.0,0.02,,3324,91,1148,104787,,0.0005,0.372,25696.0,,,
,107.0,-12.8,0.02,,3328,91,1150,105210,,0.0005,0.745,25802.0,,,
,110.0,-12.7,0.02,,3332,91,1153,105693,,0.0005,0.392,25923.0,,,
,110.0,-12.9,0.02,,3336,91,1156,106084,,0.0005,0.322,26020.0,,,
,114.0,-12.9,0.02,,3340,92,1161,107204,,0.0005,0.334,26300.0,,,
,115.0,-12.1,0.02,,3344,92,1163,107559,,0.0005,0.615,26389.0,,,
,118.0,-12.3,0.02,,3348,92,1166,108071,,0.0005,0.603,26517.0,,,
,114.0,-11.9,0.02,,3352,92,1169,108501,,0.0005,0.0656,26625.0,,,
,114.0,-11.7,0.02,,3356,92,1171,108806,,0.0005,0.642,26701.0,,,
,114.0,-11.3,0.02,,3360,92,1173,109086,,0.0005,0.268,26771.0,,,
,112.0,-10.7,0.02,,3364,93,1175,109403,,0.0005,0.169,26850.0,,,
,112.0,-11.1,0.02,,3368,93,1177,109659,,0.0005,0.0458,26914.0,,,
,114.0,-11.5,0.02,,3372,93,1181,110360,,0.0005,0.362,27089.0,0.0,0.0,0.0
,114.0,-11.3,0.02,,3376,93,1183,110631,,0.0005,0.0294,27157.0,,,
,114.0,-11.3,0.02,,3380,93,1186,111208,,0.0005,0.114,27301.0,,,
,112.0,-10.7,0.02,,3384,93,1188,111413,,0.0005,0.271,27353.0,,,
,115.0,-10.5,0.02,,3388,94,1191,112051,,0.0005,0.484,27512.0,,,
,115.0,-10.1,0.02,,3392,94,1195,112783,,0.0005,0.116,27695.0,,,
,115.0,-10.3,0.02,,3396,94,1197,112986,,0.0005,0.226,27746.0,,,
,111.0,-10.1,0.02,,3400,94,1199,113239,,0.0005,0.319,27809.0,,,
,111.0,-9.68,0.02,,3404,94,1201,113411,,0.0005,0.273,27852.0,,,
,113.0,-8.9,0.02,,3408,94,1204,114008,,0.0005,0.63,28001.0,,,
,115.0,-8.91,0.02,,3412,94,1207,114487,,0.0005,0.669,28121.0,,,
,120.0,-9.17,0.02,,3416,95,1212,115533,,0.0005,0.441,28383.0,,,
,116.0,-9.13,0.02,,3420,95,1214,115839,,0.0005,0.317,28459.0,,,
,114.0,-8.9,0.02,,3424,95,1216,116174,,0.0005,0.512,28543.0,,,
,113.0,-8.89,0.02,,3428,95,1218,116493,,0.0005,0.344,28623.0,,,
,112.0,-8.89,0.02,,3432,95,1221,116935,,0.0005,0.481,28733.0,,,
,111.0,-8.87,0.02,,3436,95,1223,117135,,0.0005,0.0284,28783.0,,,
,105.0,-8.82,0.02,,3440,95,1226,117709,,0.0005,0.559,28927.0,,,
,106.0,-9.03,0.02,,3444,96,1229,118172,,0.0005,0.213,29042.0,,,
,105.0,-8.82,0.02,,3448,96,1231,118603,,0.0005,0.513,29150.0,,,
,105.0,-8.82,0.02,,3452,96,1234,118980,,0.0005,0.358,29244.0,,,
,103.0,-9.0,0.02,,3456,96,1235,119114,,0.0005,0.326,29278.0,,,
,107.0,-8.84,0.02,,3460,96,1238,119756,,0.0005,0.37,29438.0,,,
,108.0,-8.85,0.02,,3464,96,1241,120179,,0.0005,0.385,29544.0,0.0,0.0,0.0
,110.0,-8.87,0.02,,3468,97,1243,120676,,0.0005,0.446,29668.0,,,
,109.0,-8.66,0.02,,3472,97,1247,121281,,0.0005,0.284,29820.0,,,
,111.0,-8.48,0.02,,3476,97,1250,121756,,0.0005,0.495,29938.0,,,
,108.0,-8.45,0.02,,3480,97,1252,122010,,0.0005,0.531,30002.0,,,
,111.0,-8.47,0.02,,3484,97,1254,122474,,0.0005,0.0276,30118.0,,,
,108.0,-8.45,0.02,,3488,97,1257,122839,,0.0005,0.376,30209.0,,,
,103.0,-9.0,0.02,,3492,97,1259,123075,,0.0005,0.545,30268.0,,,
,105.0,-9.42,0.02,,3496,97,1261,123469,,0.0005,0.353,30367.0,,,
,109.0,-9.46,0.02,,3500,98,1264,124158,,0.0005,0.166,30539.0,,,
,110.0,-9.47,0.02,,3504,98,1266,124373,,0.0005,0.3,30593.0,,,
,107.0,-9.84,0.02,,3508,98,1268,124743,,0.0005,0.176,30685.0,,,
,108.0,-9.85,0.02,,3512,98,1271,125313,,0.0005,0.396,30828.0,,,
,100.0,-9.77,0.02,,3516,98,1274,125571,,0.0005,0.674,30892.0,,,
,101.0,-9.78,0.02,,3520,98,1276,125906,,0.0005,0.289,30976.0,,,
,100.0,-9.77,0.02,,3524,98,1278,126211,,0.0005,0.0505,31052.0,,,
,103.0,-10.0,0.02,,3528,98,1281,126784,,0.0005,0.00772,31195.0,,,
,102.0,-9.99,0.02,,3532,99,1283,127097,,0.0005,0.238,31274.0,,,
,104.0,-10.2,0.02,,3536,99,1285,127525,,0.0005,0.496,31381.0,,,
,103.0,-10.2,0.02,,3540,99,1288,128024,,0.0005,0.201,31505.0,,,
,107.0,-10.0,0.02,,3544,99,1292,128872,,0.0005,0.73,31717.0,,,
,104.0,-10.2,0.02,,3548,99,1294,128984,,0.0005,0.315,31745.0,,,
,104.0,-9.81,0.02,,3552,99,1296,129425,,0.0005,0.269,31856.0,,,
,106.0,-9.83,0.02,,3556,99,1299,129731,,0.0005,0.378,31932.0,,,
,103.0,-10.2,0.02,,3560,99,1301,130010,,0.0005,0.111,32002.0,0.0,0.0,0.0
,104.0,-10.2,0.02,,3564,100,1304,130612,,0.0005,0.291,32152.0,,,
,102.0,-9.79,0.02,,3568,100,1306,130837,,0.0005,0.13,32209.0,,,
,98.2,-9.76,0.02,,3572,100,1308,131103,,0.0005,0.587,32275.0,,,
,99.2,-10.2,0.02,,3576,100,1311,131681,,0.0005,0.225,32420.0,,,
,104.0,-10.0,0.02,,3580,100,1315,132374,,0.0005,0.168,32593.0,,,
,102.0,-10.6,0.02,,3584,100,1317,132652,,0.0005,0.824,32662.0,,,
,101.0,-10.4,0.02,,3588,100,1319,132985,,0.0005,0.401,32746.0,,,
,105.0,-10.8,0.02,,3592,101,1322,133554,,0.0005,0.136,32888.0,,,
,106.0,-10.2,0.02,,3596,101,1324,134061,,0.0005,0.106,33015.0,,,
,103.0,-9.8,0.02,,3600,101,1327,134484,,0.0005,0.0267,33120.0,,,
,106.0,-10.4,0.02,,3604,101,1330,134978,,0.0005,0.201,33244.0,,,
,110.0,-11.3,0.02,,3608,101,1333,135693,,0.0005,0.109,33423.0,,,
,108.0,-11.0,0.02,,3612,101,1336,136113,,0.0005,0.023,33528.0,,,
,110.0,-11.3,0.02,,3616,101,1339,136534,,0.0005,0.125,33633.0,,,
,113.0,-10.9,0.02,,3620,102,1342,137207,,0.0005,0.0156,33801.0,,,
,115.0,-10.9,0.02,,3624,102,1345,137684,,0.0005,0.278,33920.0,,,
,112.0,-10.7,0.02,,3628,102,1347,137997,,0.0005,0.164,33999.0,,,
,114.0,-10.7,0.02,,3632,102,1350,138523,,0.0005,0.0666,34130.0,,,
,112.0,-10.7,0.02,,3636,102,1352,138708,,0.0005,0.172,34176.0,,,
,113.0,-11.1,0.02,,3640,102,1355,139294,,0.0005,0.253,34323.0,,,
,108.0,-11.0,0.02,,3644,102,1357,139652,,0.0005,0.773,34412.0,,,
,117.0,-11.5,0.02,,3648,103,1362,140713,,0.0005,0.392,34678.0,0.0,1.0,1.0
,119.0,-11.9,0.02,,3652,103,1365,141301,,0.0005,0.364,34825.0,,,
,119.0,-11.8,0.02,,3656,103,1368,141629,,0.0005,0.12,34907.0,,,
,125.0,-12.0,0.02,,3660,103,1372,142488,,0.0005,0.459,35121.0,,,
,126.0,-12.2,0.02,,3664,104,1375,143222,,0.0005,0.67,35305.0,,,
,129.0,-12.6,0.02,,3668,104,1378,143759,,0.0005,0.324,35439.0,,,
,131.0,-12.7,0.02,,3672,104,1381,144207,,0.0005,0.621,35551.0,,,
,131.0,-12.7,0.02,,3676,104,1384,144787,,0.0005,0.283,35696.0,,,
,131.0,-13.3,0.02,,3680,104,1387,145489,,0.0005,0.0819,35872.0,,,
,134.0,-13.1,0.02,,3684,105,1390,146038,,0.0005,0.0764,36009.0,,,
,141.0,-13.6,0.02,,3688,105,1395,147076,,0.0005,0.155,36268.0,,,
,144.0,-12.8,0.02,,3692,105,1399,147912,,0.0005,0.317,36477.0,,,
,142.0,-13.4,0.02,,3696,105,1402,148269,,0.0005,0.349,36567.0,,,
,142.0,-13.8,0.02,,3700,105,1404,148660,,0.0005,0.334,36664.0,,,
,143.0,-13.0,0.02,,3704,106,1407,149290,,0.0005,0.565,36822.0,,,
,140.0,-12.4,0.02,,3708,106,1410,149670,,0.0005,0.105,36917.0,,,
,139.0,-12.4,0.02,,3712,106,1412,150035,,0.0005,0.206,37008.0,0.0,0.0,0.0
,141.0,-12.6,0.02,,3716,106,1415,150588,,0.0005,0.216,37146.0,,,
,138.0,-13.1,0.02,,3720,106,1418,150992,,0.0005,0.471,37247.0,,,
,135.0,-13.3,0.02,,3724,106,1420,151232,,0.0005,0.432,37307.0,,,
,138.0,-12.7,0.02,,3728,106,1423,151818,,0.0005,0.284,37454.0,,,
,136.0,-12.9,0.02,,3732,106,1425,152128,,0.0005,0.713,37531.0,,,
,137.0,-12.7,0.02,,3736,106,1427,152457,,0.0005,0.142,37614.0,,,
,135.0,-12.1,0.02,,3740,106,1429,152759,,0.0005,0.03,37689.0,,,
,136.0,-12.7,0.02,,3744,106,1432,153252,,0.0005,0.454,37812.0,,,
,130.0,-11.9,0.02,,3748,107,1434,153726,,0.0005,0.00982,37931.0,,,
,130.0,-12.1,0.02,,3752,107,1438,154329,,0.0005,0.587,38082.0,,,
,145.0,-13.2,0.02,,3756,107,1446,156134,,0.0005,0.113,38533.0,,,
,141.0,-12.6,0.02,,3760,108,1448,156633,,0.0005,0.228,38658.0,,,
,139.0,-12.8,0.02,,3764,108,1451,157147,,0.0005,0.486,38786.0,,,
,139.0,-12.4,0.02,,3768,108,1454,157668,,0.0005,0.336,38916.0,,,
,142.0,-12.8,0.02,,3772,108,1458,158443,,0.0005,0.346,39110.0,,,
,142.0,-12.8,0.02,,3776,108,1461,158988,,0.0005,0.788,39246.0,,,
,140.0,-12.6,0.02,,3780,108,1464,159484,,0.0005,0.474,39370.0,,,
,137.0,-12.5,0.02,,3784,108,1465,159706,,0.0005,0.205,39426.0,,,
,135.0,-12.3,0.02,,3788,109,1470,160576,,0.0005,0.465,39643.0,0.0,0.0,0.0
,132.0,-13.1,0.02,,3792,109,1473,161127,,0.0005,0.305,39781.0,,,
,141.0,-12.4,0.02,,3796,109,1478,162404,,0.0005,0.234,40100.0,,,
,151.0,-12.7,0.02,,3800,110,1484,163753,,0.0005,0.245,40438.0,,,
,154.0,-13.3,0.02,,3804,110,1489,164719,,0.0005,0.603,40679.0,,,
,156.0,-13.5,0.02,,3808,110,1492,165248,,0.0005,0.5,40811.0,,,
,159.0,-13.7,0.02,,3812,110,1495,165891,,0.0005,0.113,40972.0,,,
,158.0,-14.1,0.02,,3816,111,1498,166401,,0.0005,0.234,41100.0,,,
,166.0,-14.2,0.02,,3820,111,1503,167609,,0.0005,0.0535,41402.0,,,
,171.0,-13.9,0.02,,3824,111,1507,168328,,0.0005,0.0212,41581.0,,,
,168.0,-14.6,0.02,,3828,111,1509,168645,,0.0005,0.161,41661.0,,,
,177.0,-14.9,0.02,,3832,112,1514,169779,,0.0005,0.00505,41944.0,,,
,176.0,-15.1,0.02,,3836,112,1516,170074,,0.0005,0.116,42018.0,0.0,0.0,0.0
,176.0,-14.7,0.02,,3840,112,1518,170360,,0.0005,0.312,42089.0,,,
,173.0,-14.7,0.02,,3844,112,1520,170560,,0.0005,0.503,42139.0,,,
,174.0,-14.9,0.02,,3848,112,1523,171159,,0.0005,0.227,42289.0,,,
,180.0,-15.2,0.02,,3852,112,1528,172327,,0.0005,0.367,42581.0,,,
,164.0,-14.0,0.02,,3856,112,1530,172489,,0.0005,0.238,42622.0,,,
,166.0,-14.8,0.02,,3860,112,1534,173243,,0.0005,0.402,42810.0,,,
,164.0,-15.0,0.02,,3864,112,1536,173585,,0.0005,0.471,42896.0,,,
,167.0,-15.4,0.02,,3868,113,1540,174332,,0.0005,0.538,43082.0,,,
,163.0,-14.8,0.02,,3872,113,1542,174711,,0.0005,0.227,43177.0,,,
,162.0,-15.0,0.02,,3876,113,1545,175191,,0.0005,0.306,43297.0,,,
,165.0,-15.6,0.02,,3880,113,1549,176010,,0.0005,0.363,43502.0,,,
,166.0,-15.4,0.02,,3884,113,1551,176305,,0.0005,0.223,43576.0,,,
,165.0,-15.8,0.02,,3888,113,1555,177069,,0.0005,0.335,43767.0,,,
,169.0,-15.0,0.02,,3892,114,1560,178006,,0.0005,0.659,44001.0,,,
,158.0,-15.5,0.02,,3896,114,1561,178173,,0.0005,0.171,44043.0,,,
,157.0,-15.7,0.02,,3900,114,1567,179428,,0.0005,0.2,44356.0,,,
,154.0,-14.9,0.02,,3904,114,1571,180164,,0.0005,0.251,44540.0,0.0,0.0,0.0
,152.0,-15.2,0.02,,3908,114,1573,180449,,0.0005,0.429,44612.0,,,
,152.0,-15.4,0.02,,3912,114,1576,181139,,0.0005,0.461,44784.0,,,
,155.0,-14.6,0.02,,3916,115,1580,181915,,0.0005,0.56,44978.0,,,
,150.0,-14.5,0.02,,3920,115,1584,182621,,0.0005,0.113,45155.0,,,
,148.0,-14.5,0.02,,3924,115,1587,183081,,0.0005,0.445,45270.0,,,
,151.0,-14.8,0.02,,3928,115,1590,183774,,0.0005,0.481,45443.0,,,
,145.0,-14.5,0.02,,3932,115,1593,184290,,0.0005,0.268,45572.0,,,
,143.0,-14.5,0.02,,3936,115,1595,184406,,0.0005,0.308,45601.0,,,
,151.0,-14.3,0.02,,3940,115,1600,185464,,0.0005,0.422,45865.0,,,
,153.0,-14.2,0.02,,3944,115,1602,185905,,0.0005,0.0068,45976.0,,,
,153.0,-14.4,0.02,,3948,116,1605,186429,,0.0005,0.115,46107.0,,,
,145.0,-13.7,0.02,,3952,116,1608,186857,,0.0005,0.442,46214.0,,,
,151.0,-13.1,0.02,,3956,116,1611,187586,,0.0005,0.283,46396.0,,,
,149.0,-12.9,0.02,,3960,116,1615,188172,,0.0005,0.226,46542.0,,,
,152.0,-13.0,0.02,,3964,116,1618,188799,,0.0005,0.0263,46699.0,,,
,146.0,-12.7,0.02,,3968,116,1619,188924,,0.0005,0.164,46730.0,,,
,146.0,-12.9,0.02,,3972,116,1622,189341,,0.0005,0.125,46835.0,,,
,147.0,-12.9,0.02,,3976,116,1625,189923,,0.0005,0.01,46980.0,,,
,145.0,-11.7,0.02,,3980,117,1628,190546,,0.0005,0.511,47136.0,0.0,0.0,0.0
,150.0,-11.9,0.02,,3984,117,1631,191271,,0.0005,0.273,47317.0,,,
,145.0,-11.1,0.02,,3988,117,1633,191555,,0.0005,0.331,47388.0,,,
,140.0,-11.6,0.02,,3992,117,1636,192019,,0.0005,0.221,47504.0,,,
,143.0,-11.7,0.02,,3996,117,1638,192447,,0.0005,0.424,47611.0,,,
,133.0,-11.6,0.02,,4000,117,1640,192727,,0.0005,0.193,47681.0,,,
,132.0,-11.8,0.02,,4004,117,1643,193334,,0.0005,0.312,47833.0,,,
,138.0,-11.6,0.02,,4008,117,1648,194216,,0.0005,0.254,48053.0,,,
,136.0,-11.4,0.02,,4012,117,1651,194732,,0.0005,0.384,48182.0,,,
,129.0,-11.5,0.02,,4016,117,1652,194824,,0.0005,0.0189,48205.0,,,
,126.0,-11.1,0.02,,4020,117,1655,195207,,0.0005,0.261,48301.0,,,
,125.0,-11.1,0.02,,4024,118,1657,195597,,0.0005,0.385,48399.0,,,
,122.0,-10.7,0.02,,4028,118,1659,195930,,0.0005,0.372,48482.0,,,
,119.0,-10.6,0.02,,4032,118,1661,196235,,0.0005,0.271,48558.0,,,
,121.0,-10.7,0.02,,4036,118,1663,196513,,0.0005,0.618,48628.0,,,
,115.0,-11.2,0.02,,4040,118,1666,196959,,0.0005,0.441,48739.0,,,
,117.0,-11.4,0.02,,4044,118,1670,197564,,0.0005,0.159,48890.0,,,
,119.0,-11.0,0.02,,4048,118,1674,198375,,0.0005,0.233,49093.0,,,
,118.0,-11.0,0.02,,4052,118,1676,198661,,0.0005,0.405,49165.0,,,
,115.0,-12.2,0.02,,4056,118,1678,199065,,0.0005,0.232,49266.0,,,
,116.0,-11.6,0.02,,4060,118,1682,199790,,0.0005,0.268,49447.0,,,
,113.0,-11.4,0.02,,4064,118,1684,200069,,0.0005,0.00857,49517.0,0.0,0.0,0.0
,116.0,-11.4,0.02,,4068,118,1687,200565,,0.0005,0.108,49641.0,,,
,117.0,-11.6,0.02,,4072,118,1690,201015,,0.0005,0.357,49753.0,,,
,117.0,-11.4,0.02,,4076,119,1693,201590,,0.0005,0.392,49897.0,,,
,113.0,-11.2,0.02,,4080,119,1695,201837,,0.0005,0.114,49959.0,,,
,114.0,-11.2,0.02,,4084,119,1699,202669,,0.0005,0.425,50167.0,,,
,118.0,-12.0,0.02,,4088,119,1703,203371,,0.0005,0.312,50342.0,,,
,123.0,-11.5,0.02,,4092,119,1708,204353,,0.0005,0.0355,50588.0,,,
,129.0,-11.3,0.02,,4096,119,1712,205341,,0.0005,0.518,50835.0,,,
,139.0,-10.8,0.02,,4100,120,1718,206590,,0.0005,0.106,51147.0,,,
,139.0,-10.8,0.02,,4104,120,1722,207265,,0.0005,0.17,51316.0,,,
,138.0,-10.9,0.02,,4108,120,1725,208035,,0.0005,0.379,51508.0,,,
,136.0,-10.9,0.02,,4112,120,1727,208285,,0.0005,0.0986,51571.0,,,
,140.0,-11.4,0.02,,4116,120,1730,208779,,0.0005,0.316,51694.0,,,
,140.0,-11.8,0.02,,4120,120,1732,209219,,0.0005,0.401,51804.0,,,
,151.0,-12.9,0.02,,4124,121,1739,210706,,0.0005,0.164,52176.0,0.0,0.0,2.0
,161.0,-13.2,0.02,,4128,121,1745,212064,,0.0005,0.172,52515.0,,,
,164.0,-12.4,0.02,,4132,121,1748,212602,,0.0005,0.16,52650.0,,,
,174.0,-12.9,0.02,,4136,121,1754,213942,,0.0005,0.337,52985.0,,,
,175.0,-12.5,0.02,,4140,122,1757,214465,,0.0005,0.158,53116.0,,,
,174.0,-12.7,0.02,,4144,122,1759,214918,,0.0005,0.284,53229.0,,,
,169.0,-13.4,0.02,,4148,122,1761,215309,,0.0005,0.599,53327.0,,,
,175.0,-13.7,0.02,,4152,122,1766,216156,,0.0005,0.228,53538.0,,,
,175.0,-13.3,0.02,,4156,122,1768,216562,,0.0005,0.23,53640.0,,,
,175.0,-13.9,0.02,,4160,122,1772,217303,,0.0005,0.0333,53825.0,,,
,176.0,-13.1,0.02,,4164,122,1774,217700,,0.0005,0.0955,53924.0,,,
,175.0,-12.7,0.02,,4168,122,1776,218021,,0.0005,0.0425,54005.0,,,
,174.0,-12.5,0.02,,4172,122,1779,218424,,0.0005,0.319,54105.0,,,
,170.0,-12.2,0.02,,4176,122,1781,218546,,0.0005,0.368,54136.0,,,
,176.0,-13.3,0.02,,4180,122,1785,219410,,0.0005,0.157,54352.0,,,
,176.0,-13.3,0.02,,4184,123,1789,220278,,0.0005,0.00418,54569.0,1.0,0.0,0.0
,174.0,-13.1,0.02,,4188,123,1792,220768,,0.0005,0.271,54691.0,,,
,167.0,-13.4,0.02,,4192,123,1794,221078,,0.0005,0.194,54769.0,,,
,163.0,-13.6,0.02,,4196,123,1797,221682,,0.0005,0.296,54920.0,,,
,153.0,-13.9,0.02,,4200,123,1799,221915,,0.0005,0.101,54978.0,,,
,156.0,-14.1,0.02,,4204,123,1804,222871,,0.0005,0.205,55217.0,,,
,155.0,-13.5,0.02,,4208,123,1807,223486,,0.0005,0.157,55371.0,,,
,157.0,-13.7,0.02,,4212,123,1810,224004,,0.0005,0.269,55500.0,,,
,160.0,-13.3,0.02,,4216,123,1814,224779,,0.0005,0.63,55694.0,,,
,160.0,-13.0,0.02,,4220,123,1817,225252,,0.0005,0.116,55812.0,,,
,149.0,-11.8,0.02,,4224,123,1819,225620,,0.0005,0.513,55904.0,,,
,141.0,-12.0,0.02,,4228,124,1822,226173,,0.0005,0.42,56043.0,,,
,147.0,-13.2,0.02,,4232,124,1827,227305,,0.0005,0.504,56326.0,,,
,138.0,-12.7,0.02,,4236,124,1830,227786,,0.0005,0.114,56446.0,,,
,144.0,-13.2,0.02,,4240,124,1835,228889,,0.0005,0.216,56722.0,,,
,144.0,-13.0,0.02,,4244,124,1838,229284,,0.0005,0.118,56820.0,,,
,152.0,-12.5,0.02,,4248,125,1843,230490,,0.0005,0.259,57122.0,0.0,0.0,1.0
,147.0,-12.4,0.02,,4252,125,1845,230809,,0.0005,0.0481,57202.0,,,
,151.0,-12.5,0.02,,4256,125,1849,231657,,0.0005,0.36,57414.0,,,
,154.0,-12.5,0.02,,4260,125,1854,232708,,0.0005,0.395,57676.0,,,
,153.0,-12.5,0.02,,4264,125,1856,233029,,0.0005,0.127,57757.0,,,
,154.0,-13.1,0.02,,4268,125,1859,233372,,0.0005,0.22,57842.0,,,
,154.0,-12.7,0.02,,4272,125,1861,233847,,0.0005,0.246,57961.0,,,
,160.0,-12.8,0.02,,4276,125,1865,234590,,0.0005,0.42,58147.0,,,
,156.0,-12.9,0.02,,4280,125,1867,235034,,0.0005,0.143,58258.0,,,
,151.0,-12.9,0.02,,4284,125,1869,235349,,0.0005,0.198,58337.0,,,
,152.0,-12.5,0.02,,4288,125,1873,235931,,0.0005,0.182,58482.0,,,
,159.0,-12.5,0.02,,4292,126,1878,236991,,0.0005,0.394,58747.0,,,
,163.0,-12.0,0.02,,4296,126,1883,237938,,0.0005,0.175,58984.0,,,
,166.0,-11.8,0.02,,4300,126,1886,238558,,0.0005,0.119,59139.0,,,
,163.0,-11.8,0.02,,4304,126,1889,239139,,0.0005,0.52,59284.0,,,
,169.0,-11.0,0.02,,4308,126,1894,240365,,0.0005,0.0891,59591.0,1.0,0.0,0.0
,175.0,-10.3,0.02,,4312,127,1899,241467,,0.0005,0.168,59866.0,,,
,176.0,-9.91,0.02,,4316,127,1903,242370,,0.0005,0.171,60092.0,,,
,178.0,-10.1,0.02,,4320,127,1907,243029,,0.0005,0.221,60257.0,,,
,201.0,-9.95,0.02,,4324,128,1918,245759,,0.0005,0.00507,60939.0,,,
,205.0,-9.58,0.02,,4328,128,1922,246666,,0.0005,0.365,61166.0,,,
,199.0,-8.92,0.02,,4332,128,1925,247240,,0.0005,0.204,61309.0,,,
,204.0,-8.97,0.02,,4336,128,1930,248157,,0.0005,0.0226,61539.0,,,
,204.0,-8.96,0.02,,4340,128,1934,249240,,0.0005,0.00602,61809.0,,,
,210.0,-9.23,0.02,,4344,129,1939,250247,,0.0005,0.115,62061.0,0.0,0.0,0.0
,213.0,-9.06,0.02,,4348,129,1945,251743,,0.0005,0.283,62435.0,,,
,217.0,-8.5,0.02,,4352,129,1949,252508,,0.0005,0.225,62626.0,,,
,219.0,-8.72,0.02,,4356,129,1954,253590,,0.0005,0.378,62897.0,,,
,221.0,-8.54,0.02,,4360,130,1960,254840,,0.0005,0.119,63209.0,,,
,228.0,-9.49,0.02,,4364,130,1964,255795,,0.0005,0.322,63448.0,,,
,243.0,-9.83,0.02,,4368,130,1972,257698,,0.0005,0.411,63924.0,,,
,246.0,-10.9,0.02,,4372,130,1975,258449,,0.0005,0.033,64112.0,,,
,251.0,-11.1,0.02,,4376,131,1981,259665,,0.0005,0.159,64416.0,,,
,258.0,-11.0,0.02,,4380,131,1986,260822,,0.0005,0.312,64705.0,0.0,0.0,1.0
,269.0,-10.5,0.02,,4384,131,1992,262215,,0.0005,0.106,65053.0,,,
,272.0,-11.3,0.02,,4388,131,1996,263084,,0.0005,0.712,65270.0,,,
,273.0,-10.7,0.02,,4392,132,2001,264267,,0.0005,0.351,65566.0,,,
,272.0,-10.7,0.02,,4396,132,2006,265146,,0.0005,0.156,65786.0,,,
,273.0,-10.3,0.02,,4400,132,2009,265832,,0.0005,0.00373,65957.0,,,
,274.0,-10.3,0.02,,4404,132,2013,266560,,0.0005,0.0038,66139.0,,,
,278.0,-11.8,0.02,,4408,132,2020,268131,,0.0005,0.27,66532.0,,,
,275.0,-12.0,0.02,,4412,132,2024,269011,,0.0005,0.182,66752.0,,,
,274.0,-12.1,0.02,,4416,133,2027,269721,,0.0005,0.325,66930.0,,,
,277.0,-12.2,0.02,,4420,133,2032,270733,,0.0005,0.108,67183.0,0.0,0.0,0.0
,256.0,-12.4,0.02,,4424,133,2036,271392,,0.0005,0.00405,67347.0,,,
,254.0,-12.1,0.02,,4428,133,2039,272087,,0.0005,0.355,67521.0,,,
,255.0,-12.6,0.02,,4432,133,2043,272783,,0.0005,0.13,67695.0,,,
,254.0,-12.4,0.02,,4436,133,2047,273571,,0.0005,0.079,67892.0,,,
,249.0,-12.1,0.02,,4440,133,2050,274102,,0.0005,0.413,68025.0,,,
,241.0,-11.8,0.02,,4444,133,2052,274367,,0.0005,0.245,68091.0,,,
,231.0,-11.7,0.02,,4448,133,2054,274796,,0.0005,0.00488,68198.0,,,
,234.0,-11.9,0.02,,4452,133,2059,275880,,0.0005,0.0125,68469.0,,,
,228.0,-11.9,0.02,,4456,133,2062,276369,,0.0005,0.364,68592.0,,,
,222.0,-11.8,0.02,,4460,134,2066,277039,,0.0005,0.156,68759.0,,,
,226.0,-11.6,0.02,,4464,134,2072,278380,,0.0005,0.171,69094.0,,,
,212.0,-11.3,0.02,,4468,134,2075,278924,,0.0005,0.157,69230.0,,,
,216.0,-10.9,0.02,,4472,134,2080,280082,,0.0005,0.39,69520.0,0.0,0.0,0.0
,216.0,-10.3,0.02,,4476,134,2086,281298,,0.0005,0.108,69824.0,,,
,218.0,-10.3,0.02,,4480,135,2092,282581,,0.0005,0.104,70145.0,,,
,208.0,-10.2,0.02,,4484,135,2094,283020,,0.0005,0.102,70254.0,,,
,212.0,-9.66,0.02,,4488,135,2100,284317,,0.0005,0.00302,70579.0,,,
,205.0,-10.2,0.02,,4492,135,2103,284796,,0.0005,0.096,70698.0,,,
,212.0,-10.9,0.02,,4496,135,2109,286394,,0.0005,0.00689,71098.0,,,
,214.0,-11.3,0.02,,4500,135,2114,287227,,0.0005,0.0451,71306.0,,,
,216.0,-11.5,0.02,,4504,136,2118,288199,,0.0005,0.126,71549.0,,,
,206.0,-11.1,0.02,,4508,136,2121,288705,,0.0005,0.16,71676.0,,,
,200.0,-11.2,0.02,,4512,136,2123,289020,,0.0005,0.159,71754.0,,,
,209.0,-11.5,0.02,,4516,136,2129,290642,,0.0005,0.157,72160.0,0.0,0.0,2.0
,207.0,-11.7,0.02,,4520,136,2133,291408,,0.0005,0.164,72351.0,,,
,214.0,-12.0,0.02,,4524,136,2139,292791,,0.0005,0.112,72697.0,,,
,232.0,-12.9,0.02,,4528,137,2148,295250,,0.0005,0.241,73312.0,,,
,239.0,-12.6,0.02,,4532,137,2155,296715,,0.0005,0.261,73678.0,,,
,237.0,-12.4,0.02,,4536,137,2158,297286,,0.0005,0.0119,73821.0,,,
,236.0,-12.8,0.02,,4540,137,2161,297750,,0.0005,0.0016,73937.0,,,
,254.0,-13.3,0.02,,4544,138,2169,299723,,0.0005,0.00297,74430.0,,,
,255.0,-13.8,0.02,,4548,138,2172,300310,,0.0005,0.344,74577.0,0.0,1.0,1.0
,250.0,-13.7,0.02,,4552,138,2175,300870,,0.0005,0.106,74717.0,,,
,256.0,-13.4,0.02,,4556,138,2180,301947,,0.0005,0.00424,74986.0,,,
,252.0,-13.1,0.02,,4560,138,2182,302249,,0.0005,0.00264,75062.0,,,
,256.0,-14.0,0.02,,4564,138,2190,304003,,0.0005,0.0352,75500.0,,,
,259.0,-13.6,0.02,,4568,138,2194,304868,,0.0005,0.0113,75716.0,,,
,253.0,-12.9,0.02,,4572,138,2197,305389,,0.0005,0.101,75847.0,,,
,249.0,-13.3,0.02,,4576,139,2201,306176,,0.0005,0.00274,76043.0,,,
,247.0,-12.9,0.02,,4580,139,2206,307293,,0.0005,0.107,76323.0,,,
,256.0,-14.0,0.02,,4584,139,2212,308587,,0.0005,0.162,76646.0,,,
,252.0,-14.6,0.02,,4588,139,2217,309544,,0.0005,0.00521,76885.0,,,
,253.0,-14.6,0.02,,4592,139,2220,310081,,0.0005,0.00315,77020.0,1.0,0.0,1.0
,251.0,-14.8,0.02,,4596,139,2226,311537,,0.0005,0.0735,77384.0,,,
,251.0,-14.6,0.02,,4600,140,2230,312371,,0.0005,0.547,77592.0,,,
,246.0,-14.4,0.02,,4604,140,2233,312829,,0.0005,0.111,77707.0,,,
,251.0,-13.9,0.02,,4608,140,2238,313842,,0.0005,0.759,77960.0,,,
,254.0,-14.2,0.02,,4612,140,2241,314410,,0.0005,0.00505,78102.0,,,
,242.0,-13.8,0.02,,4616,140,2243,314835,,0.0005,0.00199,78208.0,,,
,252.0,-13.9,0.02,,4620,140,2250,316656,,0.0005,0.101,78663.0,,,
,247.0,-13.7,0.02,,4624,140,2254,317471,,0.0005,0.269,78867.0,,,
,229.0,-12.7,0.02,,4628,140,2257,318137,,0.0005,0.084,79034.0,,,
,220.0,-12.0,0.02,,4632,140,2260,318750,,0.0005,0.00329,79187.0,,,
,228.0,-12.1,0.02,,4636,141,2267,320121,,0.0005,0.0944,79530.0,0.0,0.0,0.0
,231.0,-11.5,0.02,,4640,141,2270,320837,,0.0005,0.407,79709.0,,,
,217.0,-10.6,0.02,,4644,141,2273,321430,,0.0005,0.154,79857.0,,,
,228.0,-10.5,0.02,,4648,141,2280,323066,,0.0005,0.0958,80266.0,,,
,234.0,-11.2,0.02,,4652,141,2286,324300,,0.0005,0.0993,80574.0,,,
,237.0,-10.6,0.02,,4656,142,2291,325614,,0.0005,0.00403,80903.0,,,
,244.0,-10.9,0.02,,4660,142,2296,326643,,0.0005,0.0203,81160.0,,,
,229.0,-10.1,0.02,,4664,142,2298,326904,,0.0005,0.00235,81225.0,,,
,228.0,-9.9,0.02,,4668,142,2302,327700,,0.0005,0.411,81424.0,,,
,238.0,-10.0,0.02,,4672,142,2309,329219,,0.0005,0.183,81804.0,,,
,253.0,-9.55,0.02,,4676,142,2318,331516,,0.0005,0.0935,82378.0,1.0,0.0,0.0
,256.0,-9.37,0.02,,4680,143,2324,332845,,0.0005,0.158,82711.0,,,
,258.0,-9.2,0.02,,4684,143,2330,334410,,0.0005,0.31,83102.0,,,
,257.0,-8.1,0.02,,4688,143,2335,335265,,0.0005,0.307,83316.0,,,
,262.0,-7.75,0.02,,4692,143,2339,336250,,0.0005,0.256,83562.0,,,
,255.0,-7.28,0.02,,4696,143,2342,336990,,0.0005,0.192,83747.0,,,
,251.0,-7.24,0.02,,4700,143,2345,337451,,0.0005,0.251,83862.0,,,
,249.0,-7.02,0.02,,4704,143,2347,337750,,0.0005,0.157,83937.0,,,
,242.0,-8.03,0.02,,4708,143,2349,338045,,0.0005,0.00257,84011.0,,,
,243.0,-8.04,0.02,,4712,143,2353,338671,,0.0005,0.409,84167.0,,,
,245.0,-8.06,0.02,,4716,143,2356,339305,,0.0005,0.339,84326.0,,,
,241.0,-8.42,0.02,,4720,144,2362,340707,,0.0005,0.00202,84676.0,1.0,0.0,3.0
,243.0,-8.65,0.02,,4724,144,2367,341800,,0.0005,0.395,84949.0,,,
,248.0,-8.29,0.02,,4728,144,2372,342925,,0.0005,0.455,85231.0,,,
,248.0,-8.9,0.02,,4732,144,2376,343595,,0.0005,0.389,85398.0,,,
,240.0,-9.02,0.02,,4736,144,2379,344129,,0.0005,0.00234,85532.0,,,
,237.0,-9.39,0.02,,4740,144,2381,344531,,0.0005,0.0995,85632.0,,,
,238.0,-9.19,0.02,,4744,144,2385,345207,,0.0005,0.00257,85801.0,,,
,237.0,-9.79,0.02,,4748,144,2392,346812,,0.0005,0.00128,86202.0,,,
,226.0,-9.48,0.02,,4752,144,2393,346909,,0.0005,0.00178,86227.0,,,
,218.0,-10.4,0.02,,4756,144,2396,347444,,0.0005,0.00552,86360.0,,,
,211.0,-10.3,0.02,,4760,145,2398,347784,,0.0005,0.367,86445.0,,,
,218.0,-10.2,0.02,,4764,145,2402,348721,,0.0005,0.349,86680.0,,,
,221.0,-10.6,0.02,,4768,145,2407,349793,,0.0005,0.00186,86948.0,,,
,221.0,-11.0,0.02,,4772,145,2414,351296,,0.0005,0.251,87323.0,1.0,1.0,2.0
,204.0,-11.5,0.02,,4776,145,2417,351928,,0.0005,0.156,87481.0,,,
,196.0,-11.2,0.02,,4780,145,2420,352413,,0.0005,0.459,87603.0,,,
,188.0,-11.1,0.02,,4784,145,2423,353232,,0.0005,0.00421,87807.0,,,
,194.0,-11.6,0.02,,4788,145,2430,354616,,0.0005,0.401,88153.0,,,
,198.0,-12.9,0.02,,4792,146,2436,356057,,0.0005,0.399,88514.0,,,
,199.0,-12.9,0.02,,4796,146,2440,356929,,0.0005,0.314,88732.0,,,
,197.0,-13.3,0.02,,4800,146,2442,357140,,0.0005,0.419,88784.0,,,
,197.0,-13.9,0.02,,4804,146,2444,357463,,0.0005,0.103,88865.0,,,
,201.0,-13.6,0.02,,4808,146,2448,358101,,0.0005,0.0819,89025.0,,,
,200.0,-13.2,0.02,,4812,146,2451,358645,,0.0005,0.00163,89161.0,,,
,203.0,-13.3,0.02,,4816,146,2456,359634,,0.0005,0.249,89408.0,,,
,194.0,-12.4,0.02,,4820,146,2459,360154,,0.0005,0.324,89538.0,1.0,0.0,1.0
,193.0,-12.2,0.02,,4824,146,2463,361096,,0.0005,0.155,89773.0,,,
,190.0,-11.7,0.02,,4828,146,2467,361935,,0.0005,0.649,89983.0,,,
,196.0,-11.8,0.02,,4832,146,2473,363158,,0.0005,0.151,90289.0,,,
,195.0,-12.0,0.02,,4836,146,2475,363653,,0.0005,0.00628,90413.0,,,
,193.0,-12.2,0.02,,4840,146,2477,363853,,0.0005,0.0871,90463.0,,,
,195.0,-12.2,0.02,,4844,146,2481,364696,,0.0005,0.00492,90673.0,,,
,186.0,-11.7,0.02,,4848,147,2485,365452,,0.0005,0.0105,90862.0,,,
,197.0,-11.6,0.02,,4852,147,2490,366563,,0.0005,0.0264,91140.0,,,
,195.0,-11.2,0.02,,4856,147,2493,366945,,0.0005,0.31,91236.0,,,
,202.0,-11.2,0.02,,4860,147,2497,368016,,0.0005,0.00149,91503.0,,,
,200.0,-10.8,0.02,,4864,147,2501,368763,,0.0005,0.154,91690.0,,,
,196.0,-11.0,0.02,,4868,147,2504,369382,,0.0005,0.0165,91845.0,,,
,188.0,-10.9,0.02,,4872,147,2508,370128,,0.0005,0.16,92031.0,0.0,0.0,1.0
,187.0,-10.3,0.02,,4876,147,2511,370649,,0.0005,0.0132,92162.0,,,
,186.0,-10.9,0.02,,4880,147,2513,371012,,0.0005,0.416,92252.0,,,
,185.0,-10.1,0.02,,4884,147,2517,371704,,0.0005,0.0911,92425.0,,,
,172.0,-9.95,0.02,,4888,147,2518,371859,,0.0005,0.0907,92464.0,,,
,171.0,-8.85,0.02,,4892,147,2523,373129,,0.0005,0.00522,92782.0,,,
,170.0,-9.05,0.02,,4896,147,2527,373936,,0.0005,0.00439,92983.0,,,
,183.0,-8.57,0.02,,4900,148,2534,375396,,0.0005,0.157,93348.0,,,
,193.0,-9.07,0.02,,4904,148,2540,376751,,0.0005,0.153,93687.0,,,
,201.0,-8.94,0.02,,4908,148,2546,378169,,0.0005,0.304,94042.0,,,
,199.0,-9.12,0.02,,4912,148,2549,378502,,0.0005,0.00177,94125.0,,,
,192.0,-8.66,0.02,,4916,148,2551,378868,,0.0005,0.172,94216.0,,,
,194.0,-8.48,0.02,,4920,148,2554,379539,,0.0005,0.00757,94384.0,,,
,190.0,-8.44,0.02,,4924,148,2557,380053,,0.0005,0.00182,94513.0,0.0,0.0,0.0
,190.0,-9.24,0.02,,4928,148,2561,380958,,0.0005,0.153,94739.0,,,
,187.0,-9.01,0.02,,4932,148,2566,381851,,0.0005,0.159,94962.0,,,
,200.0,-8.74,0.02,,4936,149,2573,383697,,0.0005,0.624,95424.0,,,
,212.0,-8.05,0.02,,4940,149,2579,385006,,0.0005,0.167,95751.0,,,
,211.0,-8.04,0.02,,4944,149,2583,385760,,0.0005,0.603,95939.0,,,
,210.0,-7.44,0.02,,4948,149,2587,386499,,0.0005,0.35,96124.0,,,
,208.0,-7.02,0.02,,4952,149,2591,387403,,0.0005,0.0939,96350.0,,,
,210.0,-6.84,0.02,,4956,149,2594,387989,,0.0005,0.242,96497.0,,,
,206.0,-6.19,0.02,,4960,149,2598,388581,,0.0005,0.305,96645.0,,,
,205.0,-6.18,0.02,,4964,149,2602,389244,,0.0005,0.00293,96810.0,,,
,201.0,-5.74,0.02,,4968,149,2603,389444,,0.0005,0.162,96860.0,,,
,201.0,-5.74,0.02,,4972,149,2607,390189,,0.0005,0.154,97047.0,0.0,0.0,0.0
,206.0,-6.39,0.02,,4976,149,2612,391248,,0.0005,0.209,97311.0,,,
,207.0,-6.01,0.02,,4980,149,2615,391719,,0.0005,0.0013,97429.0,,,
,206.0,-6.8,0.02,,4984,149,2618,392302,,0.0005,0.00337,97575.0,,,
,209.0,-6.42,0.02,,4988,149,2620,392739,,0.0005,0.363,97684.0,,,
,214.0,-6.67,0.02,,4992,150,2628,394518,,0.0005,0.0979,98129.0,,,
,207.0,-6.6,0.02,,4996,150,2629,394642,,0.0005,0.307,98160.0,,,
,201.0,-7.14,0.02,,5000,150,2633,395451,,0.0005,0.0981,98362.0,,,
,204.0,-5.98,0.02,,5004,150,2641,397180,,0.0005,0.0029,98794.0,,,
,195.0,-5.29,0.02,,5008,150,2643,397658,,0.0005,0.154,98914.0,,,
,196.0,-5.7,0.02,,5012,150,2646,398142,,0.0005,0.244,99035.0,,,
,198.0,-5.92,0.02,,5016,150,2649,398649,,0.0005,0.00232,99162.0,,,
,196.0,-5.1,0.02,,5020,150,2651,399129,,0.0005,0.00145,99282.0,,,
,202.0,-5.16,0.02,,5024,150,2656,400259,,0.0005,0.624,99564.0,0.0,0.0,1.0
,203.0,-5.56,0.02,,5028,150,2661,401222,,0.0005,0.227,99805.0,,,
,208.0,-5.41,0.02,,5032,150,2667,402608,,0.0005,0.307,100151.0,,,
,200.0,-5.34,0.02,,5036,151,2672,403723,,0.0005,0.0784,100430.0,,,
,196.0,-5.9,0.02,,5040,151,2676,404635,,0.0005,0.165,100658.0,,,
,202.0,-5.76,0.02,,5044,151,2682,405938,,0.0005,0.162,100984.0,,,
,200.0,-6.14,0.02,,5048,151,2685,406455,,0.0005,0.0926,101113.0,,,
,199.0,-6.52,0.02,,5052,151,2689,407263,,0.0005,0.155,101315.0,,,
,201.0,-6.34,0.02,,5056,151,2693,408051,,0.0005,0.267,101512.0,,,
,206.0,-6.99,0.02,,5060,151,2698,409148,,0.0005,0.00306,101786.0,,,
,223.0,-7.16,0.02,,5064,151,2708,411506,,0.0005,0.153,102376.0,0.0,0.0,1.0
,227.0,-6.61,0.02,,5068,152,2711,412170,,0.0005,0.306,102542.0,,,
,225.0,-6.38,0.02,,5072,152,2714,412686,,0.0005,0.0073,102671.0,,,
,221.0,-5.94,0.02,,5076,152,2717,413338,,0.0005,0.154,102834.0,,,
,221.0,-5.75,0.02,,5080,152,2720,413852,,0.0005,0.133,102962.0,,,
,221.0,-4.94,0.02,,5084,152,2723,414408,,0.0005,0.153,103101.0,,,
,220.0,-5.13,0.02,,5088,152,2725,414711,,0.0005,0.153,103177.0,,,
,209.0,-4.22,0.02,,5092,152,2729,415413,,0.0005,0.00233,103353.0,,,
,216.0,-3.69,0.02,,5096,152,2733,416225,,0.0005,0.221,103556.0,,,
,218.0,-3.51,0.02,,5100,152,2738,417228,,0.0005,0.246,103806.0,,,
,205.0,-3.19,0.02,,5104,152,2741,417726,,0.0005,0.155,103931.0,,,
,214.0,-2.47,0.02,,5108,152,2747,419095,,0.0005,0.177,104273.0,,,
,220.0,-1.73,0.02,,5112,152,2752,420142,,0.0005,0.00201,104535.0,1.0,0.0,0.0
,220.0,-1.92,0.02,,5116,152,2754,420609,,0.0005,0.00205,104652.0,,,
,229.0,-3.22,0.02,,5120,152,2760,422013,,0.0005,0.189,105003.0,,,
,228.0,-3.4,0.02,,5124,152,2765,423032,,0.0005,0.084,105257.0,,,
,227.0,-2.99,0.02,,5128,153,2769,423882,,0.0005,0.102,105470.0,,,
,218.0,-3.71,0.02,,5132,153,2772,424451,,0.0005,0.0125,105612.0,,,
,213.0,-3.86,0.02,,5136,153,2776,425047,,0.0005,0.00193,105761.0,,,
,207.0,-3.8,0.02,,5140,153,2778,425355,,0.0005,0.404,105838.0,,,
,204.0,-4.57,0.02,,5144,153,2783,426360,,0.0005,0.303,106089.0,,,
,211.0,-4.64,0.02,,5148,153,2788,427575,,0.0005,0.255,106393.0,,,
,211.0,-4.65,0.02,,5152,153,2792,428390,,0.0005,0.153,106597.0,,,
,212.0,-4.46,0.02,,5156,153,2796,429266,,0.0005,0.188,106816.0,,,
,203.0,-4.57,0.02,,5160,153,2798,429477,,0.0005,0.00177,106869.0,,,
,190.0,-5.04,0.02,,5164,153,2803,430502,,0.0005,0.0993,107125.0,0.0,2.0,2.0
,191.0,-5.45,0.02,,5168,153,2806,431265,,0.0005,0.272,107316.0,,,
,193.0,-5.47,0.02,,5172,153,2810,431972,,0.0005,0.00179,107492.0,,,
,190.0,-5.64,0.02,,5176,153,2812,432312,,0.0005,0.00187,107577.0,,,
,194.0,-6.28,0.02,,5180,153,2817,433296,,0.0005,0.00702,107823.0,,,
,200.0,-6.13,0.02,,5184,153,2822,434367,,0.0005,0.0227,108091.0,,,
,211.0,-6.24,0.02,,5188,154,2828,435770,,0.0005,0.155,108442.0,,,
,216.0,-6.69,0.02,,5192,154,2833,436965,,0.0005,0.0734,108741.0,,,
,215.0,-6.48,0.02,,5196,154,2837,437684,,0.0005,0.163,108920.0,,,
,211.0,-7.13,0.02,,5200,154,2840,438332,,0.0005,0.153,109082.0,,,
,224.0,-7.65,0.02,,5204,154,2847,440126,,0.0005,0.218,109531.0,2.0,0.0,0.0
,214.0,-8.36,0.02,,5208,154,2850,440526,,0.0005,0.389,109631.0,,,
,212.0,-8.54,0.02,,5212,154,2854,441363,,0.0005,0.0982,109840.0,,,
,213.0,-8.35,0.02,,5216,154,2857,441899,,0.0005,0.305,109974.0,,,
,211.0,-8.33,0.02,,5220,154,2863,443132,,0.0005,0.00189,110282.0,,,
,205.0,-8.07,0.02,,5224,154,2866,443536,,0.0005,0.152,110383.0,,,
,201.0,-7.63,0.02,,5228,154,2869,443989,,0.0005,0.258,110497.0,,,
,202.0,-7.04,0.02,,5232,154,2872,444660,,0.0005,0.174,110664.0,,,
,207.0,-7.29,0.02,,5236,154,2877,445721,,0.0005,0.175,110930.0,,,
,211.0,-6.53,0.02,,5240,154,2881,446414,,0.0005,0.0916,111103.0,,,
,208.0,-6.3,0.02,,5244,154,2884,447154,,0.0005,0.154,111288.0,,,
,202.0,-6.04,0.02,,5248,155,2888,447802,,0.0005,0.305,111450.0,,,
,205.0,-5.67,0.02,,5252,155,2893,448938,,0.0005,0.318,111734.0,,,
,206.0,-6.48,0.02,,5256,155,2898,449888,,0.0005,0.612,111971.0,,,
,209.0,-6.5,0.02,,5260,155,2900,450352,,0.0005,0.31,112087.0,0.0,0.0,0.0
,205.0,-6.26,0.02,,5264,155,2903,450957,,0.0005,0.312,112239.0,,,
,205.0,-6.47,0.02,,5268,155,2908,451790,,0.0005,0.225,112447.0,,,
,203.0,-6.64,0.02,,5272,155,2910,452242,,0.0005,0.306,112560.0,,,
,205.0,-6.67,0.02,,5276,155,2914,452857,,0.0005,0.308,112714.0,,,
,204.0,-6.26,0.02,,5280,155,2918,453707,,0.0005,0.477,112926.0,,,
,201.0,-6.82,0.02,,5284,155,2921,454426,,0.0005,0.268,113106.0,,,
,196.0,-6.98,0.02,,5288,155,2926,455390,,0.0005,0.0181,113347.0,,,
,196.0,-6.77,0.02,,5292,155,2931,456546,,0.0005,0.247,113636.0,,,
,195.0,-7.17,0.02,,5296,155,2934,457229,,0.0005,0.162,113807.0,,,
,196.0,-6.3,0.02,,5300,155,2938,457977,,0.0005,0.00134,113994.0,,,
,190.0,-6.24,0.02,,5304,155,2943,459172,,0.0005,0.155,114292.0,,,
,193.0,-6.47,0.02,,5308,156,2947,459828,,0.0005,0.157,114456.0,,,
,193.0,-6.27,0.02,,5312,156,2951,460672,,0.0005,0.00169,114667.0,0.0,0.0,0.0
,196.0,-6.29,0.02,,5316,156,2955,461486,,0.0005,0.11,114871.0,,,
,189.0,-6.02,0.02,,5320,156,2957,462020,,0.0005,0.219,115004.0,,,
,189.0,-6.23,0.02,,5324,156,2960,462470,,0.0005,0.0906,115117.0,,,
,194.0,-6.47,0.02,,5328,156,2965,463406,,0.0005,0.233,115351.0,,,
,196.0,-7.09,0.02,,5332,156,2969,464250,,0.0005,0.153,115562.0,,,
,187.0,-7.01,0.02,,5336,156,2970,464439,,0.0005,0.301,115609.0,,,
,183.0,-7.57,0.02,,5340,156,2973,464760,,0.0005,0.00194,115689.0,,,
,179.0,-7.93,0.02,,5344,156,2975,465101,,0.0005,0.242,115775.0,,,
,176.0,-8.31,0.02,,5348,156,2977,465432,,0.0005,0.728,115857.0,,,
,179.0,-9.34,0.02,,5352,156,2984,466866,,0.0005,0.0878,116216.0,,,
,173.0,-9.28,0.02,,5356,156,2986,467219,,0.0005,0.00237,116304.0,,,
,175.0,-8.69,0.02,,5360,156,2989,467846,,0.0005,0.195,116461.0,,,
,173.0,-8.48,0.02,,5364,156,2992,468278,,0.0005,0.0137,116569.0,,,
,172.0,-8.67,0.02,,5368,156,2995,469038,,0.0005,0.00213,116759.0,,,
,172.0,-8.27,0.02,,5372,156,2998,469448,,0.0005,0.0952,116861.0,,,
,173.0,-7.67,0.02,,5376,156,3001,470108,,0.0005,0.0983,117026.0,1.0,1.0,1.0
,171.0,-7.46,0.02,,5380,156,3005,470795,,0.0005,0.315,117198.0,,,
,170.0,-7.25,0.02,,5384,156,3008,471397,,0.0005,0.255,117349.0,,,
,170.0,-7.05,0.02,,5388,156,3012,472382,,0.0005,0.0035,117595.0,,,
,168.0,-7.83,0.02,,5392,156,3017,473366,,0.0005,0.181,117841.0,,,
,171.0,-7.46,0.02,,5396,156,3022,474360,,0.0005,0.0016,118089.0,,,
,175.0,-6.78,0.02,,5400,157,3027,475471,,0.0005,0.103,118367.0,,,
,171.0,-6.54,0.02,,5404,157,3031,476249,,0.0005,0.216,118562.0,,,
,176.0,-6.99,0.02,,5408,157,3036,477467,,0.0005,0.082,118866.0,,,
,178.0,-7.2,0.02,,5412,157,3041,478468,,0.0005,0.269,119116.0,,,
,174.0,-7.17,0.02,,5416,157,3044,478934,,0.0005,0.426,119233.0,,,
,177.0,-7.19,0.02,,5420,157,3048,479690,,0.0005,0.00156,119422.0,,,
,183.0,-6.45,0.02,,5424,157,3053,480746,,0.0005,0.00234,119686.0,0.0,0.0,0.0
,182.0,-6.64,0.02,,5428,157,3057,481587,,0.0005,0.255,119896.0,,,
,180.0,-5.82,0.02,,5432,157,3060,482255,,0.0005,0.0915,120063.0,,,
,185.0,-5.28,0.02,,5436,157,3064,482980,,0.0005,0.148,120244.0,,,
,190.0,-5.32,0.02,,5440,157,3068,483781,,0.0005,0.0314,120445.0,,,
,201.0,-5.22,0.02,,5444,157,3074,485165,,0.0005,0.00677,120791.0,,,
,200.0,-5.02,0.02,,5448,157,3076,485452,,0.0005,0.00475,120862.0,,,
,195.0,-3.57,0.02,,5452,157,3080,486413,,0.0005,0.00136,121103.0,,,
,197.0,-3.59,0.02,,5456,157,3083,486933,,0.0005,0.00141,121233.0,,,
,201.0,-3.43,0.02,,5460,157,3088,487968,,0.0005,0.154,121491.0,,,
,215.0,-3.16,0.02,,5464,158,3095,489788,,0.0005,0.0027,121946.0,,,
,218.0,-2.79,0.02,,5468,158,3100,490872,,0.0005,0.00115,122217.0,0.0,0.0,0.0
,224.0,-3.25,0.02,,5472,158,3104,491865,,0.0005,0.0912,122466.0,,,
,230.0,-3.31,0.02,,5476,158,3110,493151,,0.0005,0.376,122787.0,,,
,230.0,-3.91,0.02,,5480,158,3113,493799,,0.0005,0.121,122949.0,,,
,240.0,-4.0,0.02,,5484,158,3120,495355,,0.0005,0.395,123338.0,,,
,239.0,-2.79,0.02,,5488,158,3124,496271,,0.0005,0.148,123567.0,,,
,235.0,-2.16,0.02,,5492,158,3127,496889,,0.0005,0.000891,123722.0,,,
,231.0,-3.12,0.02,,5496,158,3131,497463,,0.0005,0.074,123865.0,,,
,229.0,-3.82,0.02,,5500,158,3135,498373,,0.0005,0.241,124093.0,,,
,228.0,-5.0,0.02,,5504,159,3138,499019,,0.0005,0.0935,124254.0,,,
,221.0,-4.74,0.02,,5508,159,3141,499569,,0.0005,0.169,124392.0,,,
,216.0,-4.89,0.02,,5512,159,3144,500075,,0.0005,0.0815,124518.0,0.0,0.0,0.0
,218.0,-4.52,0.02,,5516,159,3147,500782,,0.0005,0.09,124695.0,,,
,221.0,-4.55,0.02,,5520,159,3152,501818,,0.0005,0.244,124954.0,,,
,215.0,-5.28,0.02,,5524,159,3155,502206,,0.0005,0.251,125051.0,,,
,216.0,-5.1,0.02,,5528,159,3160,503234,,0.0005,0.00156,125308.0,,,
,217.0,-5.51,0.02,,5532,159,3163,503988,,0.0005,0.222,125496.0,,,
,225.0,-5.58,0.02,,5536,159,3170,505436,,0.0005,0.302,125858.0,,,
,221.0,-5.54,0.02,,5540,159,3172,505881,,0.0005,0.161,125970.0,,,
,213.0,-5.67,0.02,,5544,159,3176,506501,,0.0005,0.244,126125.0,,,
,221.0,-5.14,0.02,,5548,159,3180,507542,,0.0005,0.00152,126385.0,,,
,219.0,-4.92,0.02,,5552,159,3184,508270,,0.0005,0.089,126567.0,,,
,224.0,-4.57,0.02,,5556,159,3189,509351,,0.0005,0.151,126837.0,,,
,226.0,-5.19,0.02,,5560,159,3195,510605,,0.0005,0.104,127151.0,0.0,0.0,0.0
,212.0,-6.26,0.02,,5564,159,3197,511036,,0.0005,0.239,127258.0,,,
,223.0,-6.16,0.02,,5568,160,3207,513187,,0.0005,0.16,127796.0,,,
,217.0,-6.1,0.02,,5572,160,3209,513541,,0.0005,0.0753,127885.0,,,
,211.0,-5.85,0.02,,5576,160,3213,514281,,0.0005,0.186,128070.0,,,
,210.0,-4.83,0.02,,5580,160,3216,514781,,0.0005,0.175,128195.0,,,
,196.0,-4.69,0.02,,5584,160,3217,514917,,0.0005,0.305,128229.0,,,
,191.0,-5.85,0.02,,5588,160,3220,515394,,0.0005,0.0115,128348.0,,,
,191.0,-5.45,0.02,,5592,160,3224,515951,,0.0005,0.396,128487.0,,,
,193.0,-5.26,0.02,,5596,160,3228,516726,,0.0005,0.265,128681.0,,,
,192.0,-5.45,0.02,,5600,160,3232,517529,,0.0005,0.0882,128882.0,,,
,200.0,-4.53,0.02,,5604,160,3238,519011,,0.0005,0.0871,129252.0,,,
,200.0,-5.13,0.02,,5608,160,3242,519584,,0.0005,0.154,129395.0,,,
,201.0,-5.54,0.02,,5612,160,3245,520179,,0.0005,0.0951,129544.0,0.0,0.0,0.0
,205.0,-6.78,0.02,,5616,160,3250,521252,,0.0005,0.0925,129812.0,,,
,200.0,-6.53,0.02,,5620,160,3253,521789,,0.0005,0.0859,129947.0,,,
,203.0,-5.56,0.02,,5624,160,3257,522511,,0.0005,0.153,130127.0,,,
,217.0,-5.7,0.02,,5628,160,3266,524935,,0.0005,0.0872,130733.0,,,
,215.0,-5.48,0.02,,5632,160,3269,525521,,0.0005,0.154,130880.0,,,
,214.0,-5.86,0.02,,5636,160,3275,526789,,0.0005,0.085,131197.0,,,
,215.0,-5.47,0.02,,5640,160,3278,527336,,0.0005,0.00123,131333.0,,,
,214.0,-5.07,0.02,,5644,160,3281,527904,,0.0005,0.0012,131475.0,,,
,220.0,-6.13,0.02,,5648,161,3288,529565,,0.0005,0.245,131891.0,,,
,222.0,-6.55,0.02,,5652,161,3293,530519,,0.0005,0.00396,132129.0,0.0,0.0,0.0
,214.0,-6.87,0.02,,5656,161,3295,530775,,0.0005,0.189,132193.0,,,
,209.0,-6.42,0.02,,5660,161,3298,531457,,0.0005,0.00115,132364.0,,,
,211.0,-6.04,0.02,,5664,161,3301,532119,,0.0005,0.306,132529.0,,,
,195.0,-5.68,0.02,,5668,161,3304,532706,,0.0005,0.153,132676.0,,,
,204.0,-4.76,0.02,,5672,161,3310,533892,,0.0005,0.0935,132972.0,,,
,201.0,-5.74,0.02,,5676,161,3313,534380,,0.0005,0.316,133094.0,,,
,201.0,-6.54,0.02,,5680,161,3315,534893,,0.0005,0.0868,133223.0,,,
,214.0,-6.87,0.02,,5684,161,3322,536344,,0.0005,0.214,133585.0,,,
,221.0,-6.73,0.02,,5688,161,3327,537517,,0.0005,0.13,133879.0,,,
,227.0,-6.19,0.02,,5692,161,3332,538602,,0.0005,0.00242,134150.0,,,
,230.0,-5.81,0.02,,5696,161,3337,539678,,0.0005,0.305,134419.0,,,
,226.0,-5.58,0.02,,5700,161,3340,540116,,0.0005,0.153,134528.0,0.0,0.0,0.0
,220.0,-5.52,0.02,,5704,161,3344,540967,,0.0005,0.0932,134741.0,,,
,224.0,-4.03,0.02,,5708,161,3349,541940,,0.0005,0.303,134984.0,,,
,221.0,-3.61,0.02,,5712,161,3351,542320,,0.0005,0.265,135079.0,,,
,218.0,-2.98,0.02,,5716,161,3355,543096,,0.0005,0.327,135273.0,,,
,220.0,-2.59,0.02,,5720,161,3358,543756,,0.0005,0.303,135438.0,,,
,221.0,-3.61,0.02,,5724,161,3363,544585,,0.0005,0.00608,135646.0,,,
,209.0,-3.29,0.02,,5728,162,3368,545802,,0.0005,0.303,135950.0,,,
,209.0,-3.49,0.02,,5732,162,3371,546421,,0.0005,0.624,136105.0,,,
,200.0,-3.2,0.02,,5736,162,3374,546761,,0.0005,0.244,136190.0,,,
,205.0,-3.25,0.02,,5740,162,3378,547845,,0.0005,0.396,136461.0,,,
,206.0,-3.46,0.02,,5744,162,3381,548460,,0.0005,0.305,136614.0,,,
,196.0,-2.76,0.02,,5748,162,3385,549158,,0.0005,0.228,136789.0,,,
,194.0,-3.35,0.02,,5752,162,3389,549932,,0.0005,0.289,136982.0,,,
,213.0,-2.53,0.02,,5756,162,3398,552100,,0.0005,0.168,137524.0,1.0,0.0,1.0
,212.0,-2.32,0.02,,5760,162,3401,552684,,0.0005,0.00175,137670.0,,,
,214.0,-1.54,0.02,,5764,162,3406,553549,,0.0005,0.00173,137887.0,,,
,218.0,-1.38,0.02,,5768,162,3410,554510,,0.0005,0.458,138127.0,,,
,212.0,-1.72,0.02,,5772,162,3413,555059,,0.0005,0.244,138264.0,,,
,215.0,-1.76,0.02,,5776,162,3418,555923,,0.0005,0.00203,138480.0,,,
,220.0,-1.21,0.02,,5780,162,3422,556939,,0.0005,0.215,138734.0,,,
,212.0,-0.917,0.02,,5784,162,3426,557506,,0.0005,0.00854,138876.0,,,
,213.0,-1.34,0.02,,5788,162,3431,558848,,0.0005,0.154,139211.0,,,
,209.0,-1.89,0.02,,5792,162,3435,559476,,0.0005,0.304,139368.0,,,
,205.0,-1.85,0.02,,5796,162,3438,560130,,0.0005,0.219,139532.0,0.0,0.0,0.0
,206.0,-2.46,0.02,,5800,162,3441,560672,,0.0005,0.171,139667.0,,,
,206.0,-2.47,0.02,,5804,162,3445,561584,,0.0005,0.301,139895.0,,,
,214.0,-2.06,0.02,,5808,163,3452,563303,,0.0005,0.0016,140325.0,,,
,218.0,-2.3,0.02,,5812,163,3456,564076,,0.0005,0.224,140518.0,,,
,218.0,-2.51,0.02,,5816,163,3461,564928,,0.0005,0.00219,140731.0,,,
,219.0,-2.92,0.02,,5820,163,3464,565682,,0.0005,0.307,140920.0,,,
,220.0,-2.32,0.02,,5824,163,3469,566585,,0.0005,0.00227,141146.0,,,
,216.0,-2.49,0.02,,5828,163,3473,567432,,0.0005,0.154,141357.0,,,
,219.0,-2.11,0.02,,5832,163,3477,568278,,0.0005,0.00286,141569.0,,,
,225.0,-2.17,0.02,,5836,163,3481,569253,,0.0005,0.153,141813.0,,,
,220.0,-1.72,0.02,,5840,163,3484,569798,,0.0005,0.154,141949.0,,,
,217.0,-0.694,0.02,,5844,163,3487,570190,,0.0005,0.162,142047.0,0.0,0.0,0.0
,216.0,-0.878,0.02,,5848,163,3490,570723,,0.0005,0.306,142180.0,,,
,217.0,-0.288,0.02,,5852,163,3494,571610,,0.0005,0.00135,142402.0,,,
,203.0,-1.15,0.02,,5856,163,3498,572360,,0.0005,0.196,142589.0,,,
,207.0,-0.791,0.02,,5860,163,3503,573346,,0.0005,0.0935,142836.0,,,
,208.0,-2.01,0.02,,5864,163,3508,574354,,0.0005,0.0386,143088.0,,,
,214.0,-3.06,0.02,,5868,163,3514,575875,,0.0005,0.0648,143468.0,,,
,213.0,-3.65,0.02,,5872,163,3516,576346,,0.0005,0.153,143586.0,,,
,207.0,-3.2,0.02,,5876,163,3518,576611,,0.0005,0.158,143652.0,,,
,202.0,-2.95,0.02,,5880,163,3521,577141,,0.0005,0.33,143785.0,,,
,199.0,-2.52,0.02,,5884,163,3523,577398,,0.0005,0.0089,143849.0,,,
,195.0,-2.07,0.02,,5888,163,3527,578334,,0.0005,0.153,144083.0,,,
,196.0,-2.49,0.02,,5892,163,3531,579117,,0.0005,0.0172,144279.0,,,
,202.0,-2.95,0.02,,5896,164,3537,580319,,0.0005,0.152,144579.0,0.0,0.0,1.0
,207.0,-2.19,0.02,,5900,164,3542,581367,,0.0005,0.403,144841.0,,,
,203.0,-2.36,0.02,,5904,164,3545,581927,,0.0005,0.156,144981.0,,,
,192.0,-3.65,0.02,,5908,164,3548,582496,,0.0005,0.299,145123.0,,,
,192.0,-3.45,0.02,,5912,164,3551,583243,,0.0005,0.252,145310.0,,,
,193.0,-3.06,0.02,,5916,164,3556,584257,,0.0005,0.148,145564.0,,,
,203.0,-3.36,0.02,,5920,164,3563,585953,,0.0005,0.152,145988.0,,,
,204.0,-3.37,0.02,,5924,164,3568,587001,,0.0005,0.239,146250.0,,,
,202.0,-3.55,0.02,,5928,164,3572,587594,,0.0005,0.0976,146398.0,,,
,198.0,-3.72,0.02,,5932,164,3574,588128,,0.0005,0.00375,146531.0,,,
,198.0,-4.31,0.02,,5936,164,3579,589021,,0.0005,0.307,146755.0,,,
,197.0,-5.1,0.02,,5940,164,3581,589493,,0.0005,0.163,146873.0,,,
,197.0,-5.51,0.02,,5944,164,3584,589915,,0.0005,0.00735,146978.0,,,
,204.0,-5.37,0.02,,5948,164,3589,591104,,0.0005,0.00116,147275.0,0.0,1.0,0.0
,199.0,-6.53,0.02,,5952,164,3592,591559,,0.0005,0.0657,147389.0,,,
,197.0,-6.3,0.02,,5956,164,3595,592069,,0.0005,0.234,147517.0,,,
,189.0,-7.03,0.02,,5960,164,3596,592264,,0.0005,0.00187,147565.0,,,
,182.0,-5.96,0.02,,5964,164,3598,592524,,0.0005,0.255,147630.0,,,
,174.0,-5.08,0.02,,5968,164,3602,593269,,0.0005,0.0862,147817.0,,,
,177.0,-4.71,0.02,,5972,164,3606,594023,,0.0005,0.309,148005.0,,,
,180.0,-5.14,0.02,,5976,164,3609,594590,,0.0005,0.399,148147.0,,,
,181.0,-5.55,0.02,,5980,164,3613,595255,,0.0005,0.0149,148313.0,,,
,183.0,-6.17,0.02,,5984,164,3615,595736,,0.0005,0.186,148433.0,,,
,180.0,-5.33,0.02,,5988,164,3619,596289,,0.0005,0.156,148572.0,,,
,181.0,-5.15,0.02,,5992,164,3623,597212,,0.0005,0.00128,148802.0,,,
,180.0,-4.14,0.02,,5996,164,3628,598330,,0.0005,0.00148,149082.0,,,
,175.0,-4.29,0.02,,6000,164,3631,598913,,0.0005,0.154,149228.0,,,
,179.0,-4.12,0.02,,6004,164,3635,599799,,0.0005,0.0946,149449.0,,,
,179.0,-3.93,0.02,,6008,164,3639,600440,,0.0005,0.396,149609.0,0.0,0.0,1.0
,176.0,-3.9,0.02,,6012,164,3642,600878,,0.0005,0.00852,149719.0,,,
,173.0,-4.07,0.02,,6016,165,3645,601548,,0.0005,0.00137,149886.0,,,
,165.0,-3.79,0.02,,6020,165,3650,602489,,0.0005,0.16,150122.0,,,
,162.0,-3.75,0.02,,6024,165,3653,603206,,0.0005,0.18,150301.0,,,
,162.0,-2.75,0.02,,6028,165,3657,603782,,0.0005,0.0955,150445.0,,,
,165.0,-2.78,0.02,,6032,165,3661,604594,,0.0005,0.151,150648.0,,,
,164.0,-1.77,0.02,,6036,165,3665,605410,,0.0005,0.163,150852.0,,,
,170.0,-2.43,0.02,,6040,165,3670,606457,,0.0005,0.103,151114.0,,,
,175.0,-2.48,0.02,,6044,165,3674,607422,,0.0005,0.0431,151355.0,,,
,174.0,-2.87,0.02,,6048,165,3679,608486,,0.0005,0.309,151621.0,,,
,178.0,-3.19,0.02,,6052,165,3684,609395,,0.0005,0.0854,151848.0,,,
,177.0,-3.18,0.02,,6056,165,3686,609794,,0.0005,0.00155,151948.0,,,
,188.0,-2.28,0.02,,6060,165,3692,611018,,0.0005,0.181,152254.0,0.0,0.0,0.0
,197.0,-3.38,0.02,,6064,165,3697,612272,,0.0005,0.373,152567.0,,,
,203.0,-4.83,0.02,,6068,165,3703,613578,,0.0005,0.00217,152894.0,,,
,200.0,-5.21,0.02,,6072,165,3706,614056,,0.0005,0.157,153013.0,,,
,211.0,-4.31,0.02,,6076,165,3713,615718,,0.0005,0.053,153429.0,,,
,211.0,-4.71,0.02,,6080,165,3716,616315,,0.0005,0.186,153578.0,,,
,210.0,-4.7,0.02,,6084,165,3718,616713,,0.0005,0.178,153678.0,,,
,212.0,-5.92,0.02,,6088,165,3722,617451,,0.0005,0.239,153862.0,,,
,215.0,-5.55,0.02,,6092,165,3728,618679,,0.0005,0.00204,154169.0,,,
,216.0,-6.36,0.02,,6096,166,3733,619916,,0.0005,0.0933,154478.0,,,
,221.0,-6.41,0.02,,6100,166,3738,620985,,0.0005,0.308,154746.0,0.0,1.0,0.0
,226.0,-6.86,0.02,,6104,166,3744,622410,,0.0005,0.165,155102.0,,,
,234.0,-6.54,0.02,,6108,166,3750,623846,,0.0005,0.248,155461.0,,,
,237.0,-6.17,0.02,,6112,166,3754,624546,,0.0005,0.52,155636.0,,,
,241.0,-5.41,0.02,,6116,166,3759,625688,,0.0005,0.213,155921.0,,,
,240.0,-5.8,0.02,,6120,166,3763,626497,,0.0005,0.247,156124.0,,,
,243.0,-6.03,0.02,,6124,166,3768,627480,,0.0005,0.556,156369.0,,,
,241.0,-7.02,0.02,,6128,166,3770,627910,,0.0005,0.00395,156477.0,,,
,248.0,-6.89,0.02,,6132,166,3777,629431,,0.0005,0.075,156857.0,,,
,247.0,-7.28,0.02,,6136,166,3781,630142,,0.0005,0.1,157035.0,1.0,0.0,0.0
,249.0,-5.9,0.02,,6140,166,3786,631390,,0.0005,0.171,157347.0,,,
,250.0,-6.5,0.02,,6144,166,3791,632392,,0.0005,0.0976,157597.0,,,
,246.0,-6.06,0.02,,6148,166,3794,633082,,0.0005,0.155,157770.0,,,
,247.0,-5.19,0.02,,6152,166,3799,634083,,0.0005,0.161,158020.0,,,
,255.0,-4.87,0.02,,6156,166,3805,635294,,0.0005,0.232,158323.0,,,
,248.0,-5.41,0.02,,6160,166,3808,635848,,0.0005,0.00155,158461.0,,,
,247.0,-4.6,0.02,,6164,167,3813,637017,,0.0005,0.0919,158754.0,,,
,241.0,-3.33,0.02,,6168,167,3817,637659,,0.0005,0.00563,158914.0,,,
,241.0,-3.13,0.02,,6172,167,3820,638129,,0.0005,0.152,159032.0,,,
,241.0,-3.74,0.02,,6176,167,3827,639853,,0.0005,0.301,159463.0,,,
,248.0,-4.2,0.02,,6180,167,3833,641097,,0.0005,0.17,159774.0,0.0,0.0,0.0
,247.0,-3.8,0.02,,6184,167,3835,641449,,0.0005,0.0947,159862.0,,,
,255.0,-3.48,0.02,,6188,167,3841,642972,,0.0005,0.00206,160242.0,,,
,252.0,-4.84,0.02,,6192,167,3845,643830,,0.0005,0.00193,160457.0,,,
,249.0,-5.02,0.02,,6196,167,3850,644822,,0.0005,0.252,160705.0,,,
,245.0,-5.78,0.02,,6200,167,3853,645473,,0.0005,0.604,160868.0,,,
,245.0,-4.98,0.02,,6204,167,3860,646943,,0.0005,0.00149,161235.0,,,
,242.0,-5.55,0.02,,6208,167,3865,648021,,0.0005,0.155,161505.0,,,
,243.0,-5.56,0.02,,6212,167,3869,648828,,0.0005,0.0819,161706.0,,,
,241.0,-6.34,0.02,,6216,167,3874,649777,,0.0005,0.24,161944.0,,,
,237.0,-6.11,0.02,,6220,167,3876,650210,,0.0005,0.151,162052.0,0.0,0.0,0.0
,231.0,-5.64,0.02,,6224,167,3879,650587,,0.0005,0.152,162146.0,,,
,231.0,-5.84,0.02,,6228,167,3881,650990,,0.0005,0.148,162247.0,,,
,222.0,-5.76,0.02,,6232,167,3885,651612,,0.0005,0.303,162402.0,,,
,223.0,-4.97,0.02,,6236,167,3889,652473,,0.0005,0.247,162618.0,,,
,215.0,-5.29,0.02,,6240,167,3892,652911,,0.0005,0.00425,162727.0,,,
,209.0,-4.83,0.02,,6244,167,3894,653313,,0.0005,0.163,162828.0,,,
,213.0,-5.07,0.02,,6248,167,3899,654368,,0.0005,0.0903,163091.0,,,
,208.0,-4.81,0.02,,6252,167,3902,654838,,0.0005,0.397,163209.0,,,
,201.0,-4.55,0.02,,6256,167,3906,655412,,0.0005,0.605,163352.0,,,
,201.0,-5.35,0.02,,6260,167,3909,655932,,0.0005,0.00721,163482.0,,,
,199.0,-6.33,0.02,,6264,167,3913,656882,,0.0005,0.456,163720.0,,,
,197.0,-6.71,0.02,,6268,167,3916,657393,,0.0005,0.244,163848.0,,,
,200.0,-6.94,0.02,,6272,167,3919,658095,,0.0005,0.00148,164023.0,,,
,192.0,-7.07,0.02,,6276,167,3924,659094,,0.0005,0.153,164273.0,,,
,189.0,-5.03,0.02,,6280,168,3928,659950,,0.0005,0.0285,164487.0,,,
,193.0,-5.07,0.02,,6284,168,3931,660758,,0.0005,0.231,164689.0,0.0,0.0,0.0
,188.0,-5.43,0.02,,6288,168,3936,661807,,0.0005,0.00154,164951.0,,,
,194.0,-4.48,0.02,,6292,168,3943,663201,,0.0005,0.453,165300.0,,,
,189.0,-4.03,0.02,,6296,168,3946,663758,,0.0005,0.0827,165439.0,,,
,194.0,-3.47,0.02,,6300,168,3951,664832,,0.0005,0.161,165707.0,,,
,187.0,-3.61,0.02,,6304,168,3954,665626,,0.0005,0.309,165906.0,,,
,181.0,-3.55,0.02,,6308,168,3957,666107,,0.0005,0.356,166026.0,,,
,185.0,-2.78,0.02,,6312,168,3962,667286,,0.0005,0.0998,166321.0,,,
,180.0,-1.94,0.02,,6316,168,3965,667784,,0.0005,0.305,166445.0,,,
,187.0,-1.81,0.02,,6320,168,3970,668952,,0.0005,0.00142,166737.0,,,
,189.0,-2.03,0.02,,6324,168,3973,669527,,0.0005,0.00151,166881.0,,,
,193.0,-1.46,0.02,,6328,168,3977,670284,,0.0005,0.151,167070.0,0.0,0.0,0.0
,193.0,-1.46,0.02,,6332,168,3980,670867,,0.0005,0.0171,167216.0,,,
,196.0,-2.9,0.02,,6336,168,3986,672094,,0.0005,0.0909,167523.0,,,
,206.0,-3.6,0.02,,6340,168,3992,673507,,0.0005,0.00174,167876.0,,,
,219.0,-3.92,0.02,,6344,168,3999,675178,,0.0005,0.077,168294.0,,,
,210.0,-4.24,0.02,,6348,168,4001,675407,,0.0005,0.0132,168351.0,,,
,220.0,-4.53,0.02,,6352,168,4007,676812,,0.0005,0.455,168702.0,,,
,226.0,-3.79,0.02,,6356,168,4012,678025,,0.0005,0.0032,169006.0,,,
,226.0,-3.59,0.02,,6360,168,4015,678545,,0.0005,0.452,169136.0,,,
,222.0,-3.15,0.02,,6364,169,4017,679106,,0.0005,0.532,169276.0,,,
,223.0,-2.77,0.02,,6368,169,4021,679735,,0.0005,0.16,169433.0,,,
,223.0,-2.56,0.02,,6372,169,4024,680429,,0.0005,0.019,169607.0,0.0,0.0,0.0
,229.0,-2.41,0.02,,6376,169,4031,681972,,0.0005,0.432,169992.0,,,
,227.0,-4.0,0.02,,6380,169,4034,682650,,0.0005,0.152,170162.0,,,
,234.0,-4.46,0.02,,6384,169,4040,684111,,0.0005,0.00159,170527.0,,,
,232.0,-4.05,0.02,,6388,169,4044,685013,,0.0005,0.077,170753.0,,,
,229.0,-4.21,0.02,,6392,169,4049,686077,,0.0005,0.164,171019.0,,,
,230.0,-4.23,0.02,,6396,169,4053,686799,,0.0005,0.00196,171199.0,,,
,230.0,-4.22,0.02,,6400,169,4058,687804,,0.0005,0.25,171450.0,,,
,229.0,-4.42,0.02,,6404,169,4061,688569,,0.0005,0.389,171642.0,,,
,227.0,-4.6,0.02,,6408,169,4064,688822,,0.0005,0.682,171705.0,,,
,221.0,-5.14,0.02,,6412,169,4067,689372,,0.0005,0.226,171842.0,,,
,221.0,-5.95,0.02,,6416,169,4070,689924,,0.0005,0.325,171980.0,,,
,223.0,-5.96,0.02,,6420,169,4075,691282,,0.0005,0.153,172320.0,2.0,1.0,0.0
,222.0,-5.75,0.02,,6424,169,4078,691755,,0.0005,0.00545,172438.0,,,
,218.0,-6.51,0.02,,6428,169,4080,692041,,0.0005,0.00152,172510.0,,,
,221.0,-6.14,0.02,,6432,169,4085,692984,,0.0005,0.0251,172745.0,,,
,215.0,-5.88,0.02,,6436,169,4088,693609,,0.0005,0.138,172902.0,,,
,205.0,-5.78,0.02,,6440,169,4090,693999,,0.0005,0.326,172999.0,,,
,194.0,-5.67,0.02,,6444,169,4094,694604,,0.0005,0.0224,173150.0,,,
,197.0,-5.1,0.02,,6448,169,4097,695130,,0.0005,0.157,173282.0,,,
,186.0,-4.99,0.02,,6452,169,4099,695431,,0.0005,0.00481,173357.0,,,
,177.0,-6.3,0.02,,6456,169,4101,695690,,0.0005,0.144,173422.0,,,
,175.0,-5.88,0.02,,6460,169,4103,696028,,0.0005,0.218,173506.0,,,
,176.0,-5.5,0.02,,6464,169,4107,696710,,0.0005,0.00143,173677.0,,,
,180.0,-3.54,0.02,,6468,169,4111,697762,,0.0005,0.102,173940.0,,,
,193.0,-4.26,0.02,,6472,169,4120,699708,,0.0005,0.313,174426.0,,,
,196.0,-4.69,0.02,,6476,169,4127,701549,,0.0005,0.238,174887.0,1.0,0.0,1.0
,205.0,-3.98,0.02,,6480,170,4134,703161,,0.0005,0.0875,175290.0,,,
,199.0,-3.72,0.02,,6484,170,4138,703981,,0.0005,0.302,175495.0,,,
,193.0,-3.66,0.02,,6488,170,4140,704283,,0.0005,0.126,175570.0,,,
,195.0,-4.48,0.02,,6492,170,4146,705546,,0.0005,0.00133,175886.0,,,
,197.0,-5.1,0.02,,6496,170,4150,706471,,0.0005,0.00166,176117.0,,,
,201.0,-4.34,0.02,,6500,170,4156,707884,,0.0005,0.0162,176470.0,,,
,217.0,-4.5,0.02,,6504,170,4166,710231,,0.0005,0.00134,177057.0,0.0,1.0,3.0
,219.0,-3.73,0.02,,6508,170,4168,710766,,0.0005,0.0345,177191.0,,,
,219.0,-3.52,0.02,,6512,170,4171,711296,,0.0005,0.0704,177323.0,,,
,228.0,-3.01,0.02,,6516,170,4177,712744,,0.0005,0.246,177685.0,,,
,228.0,-3.01,0.02,,6520,170,4183,714083,,0.0005,0.00121,178020.0,,,
,229.0,-3.22,0.02,,6524,170,4186,714683,,0.0005,0.319,178170.0,,,
,242.0,-3.14,0.02,,6528,170,4193,716213,,0.0005,0.147,178553.0,,,
,245.0,-4.18,0.02,,6532,170,4199,717517,,0.0005,0.301,178879.0,,,
,246.0,-2.39,0.02,,6536,170,4202,718255,,0.0005,0.28,179063.0,,,
,252.0,-2.44,0.02,,6540,170,4206,719174,,0.0005,0.164,179293.0,,,
,253.0,-2.45,0.02,,6544,170,4210,719874,,0.0005,0.156,179468.0,,,
,270.0,-3.02,0.02,,6548,171,4219,722147,,0.0005,0.215,180036.0,0.0,0.0,0.0
,276.0,-2.88,0.02,,6552,171,4224,723044,,0.0005,0.154,180260.0,,,
,292.0,-1.83,0.02,,6556,171,4231,724843,,0.0005,0.00637,180710.0,,,
,304.0,0.449,0.02,,6560,171,4238,726435,,0.0005,0.205,181108.0,,,
,305.0,1.03,0.02,,6564,171,4241,727257,,0.0005,0.1,181314.0,,,
,304.0,-0.548,0.02,,6568,171,4246,728112,,0.0005,0.00131,181527.0,,,
,292.0,0.566,0.02,,6572,171,4249,728882,,0.0005,0.112,181720.0,,,
,277.0,0.71,0.02,,6576,171,4252,729274,,0.0005,0.0885,181818.0,,,
,270.0,0.577,0.02,,6580,171,4256,730200,,0.0005,0.00232,182049.0,0.0,2.0,1.0
,269.0,1.19,0.02,,6584,171,4260,730929,,0.0005,0.0939,182232.0,,,
,272.0,0.759,0.02,,6588,171,4263,731512,,0.0005,0.0879,182377.0,,,
,265.0,2.24,0.02,,6592,171,4266,732000,,0.0005,0.00171,182499.0,,,
,263.0,2.86,0.02,,6596,171,4269,732732,,0.0005,0.154,182682.0,,,
,256.0,3.12,0.02,,6600,171,4273,733507,,0.0005,0.0705,182876.0,,,
,242.0,3.26,0.02,,6604,171,4278,734438,,0.0005,0.154,183109.0,,,
,240.0,2.49,0.02,,6608,171,4280,734717,,0.0005,0.456,183179.0,,,
,244.0,1.84,0.02,,6612,171,4284,735706,,0.0005,0.529,183426.0,,,
,240.0,1.68,0.02,,6616,171,4289,736720,,0.0005,0.203,183679.0,,,
,237.0,2.32,0.02,,6620,171,4294,737744,,0.0005,0.147,183935.0,,,
,235.0,2.53,0.02,,6624,171,4297,738232,,0.0005,0.182,184057.0,,,
,233.0,4.56,0.02,,6628,171,4302,739466,,0.0005,0.00193,184366.0,,,
,239.0,5.5,0.02,,6632,171,4310,741375,,0.0005,0.301,184843.0,0.0,1.0,0.0
,244.0,4.24,0.02,,6636,172,4316,742704,,0.0005,0.011,185175.0,,,
,244.0,3.85,0.02,,6640,172,4320,743544,,0.0005,0.395,185385.0,,,
,240.0,3.49,0.02,,6644,172,4322,743846,,0.0005,0.252,185461.0,,,
,225.0,4.03,0.02,,6648,172,4326,744625,,0.0005,0.0943,185656.0,,,
,236.0,4.32,0.02,,6652,172,4334,746634,,0.0005,0.153,186158.0,,,
,226.0,3.62,0.02,,6656,172,4339,747483,,0.0005,0.0759,186370.0,,,
,215.0,1.33,0.02,,6660,172,4341,747898,,0.0005,0.157,186474.0,,,
,217.0,1.5,0.02,,6664,172,4346,748968,,0.0005,0.155,186741.0,,,
,215.0,1.93,0.02,,6668,172,4350,749615,,0.0005,0.089,186903.0,,,
,215.0,2.12,0.02,,6672,172,4354,750422,,0.0005,0.231,187105.0,1.0,1.0,1.0
,216.0,2.31,0.02,,6676,172,4357,750890,,0.0005,0.0822,187222.0,,,
,209.0,1.78,0.02,,6680,172,4359,751117,,0.0005,0.399,187279.0,,,
,213.0,1.54,0.02,,6684,172,4364,752249,,0.0005,0.8,187562.0,,,
,217.0,1.7,0.02,,6688,172,4368,753248,,0.0005,0.00116,187811.0,,,
,216.0,1.31,0.02,,6692,172,4370,753607,,0.0005,0.00107,187901.0,,,
,222.0,1.85,0.02,,6696,172,4376,754938,,0.0005,0.00154,188234.0,,,
,231.0,1.57,0.02,,6700,172,4383,756606,,0.0005,0.31,188651.0,,,
,229.0,1.79,0.02,,6704,172,4386,757331,,0.0005,0.399,188832.0,,,
,232.0,1.96,0.02,,6708,172,4390,757918,,0.0005,0.00245,188979.0,,,
,226.0,2.41,0.02,,6712,172,4392,758330,,0.0005,0.374,189082.0,,,
,221.0,2.46,0.02,,6716,172,4395,758825,,0.0005,0.168,189206.0,,,
,225.0,2.83,0.02,,6720,172,4401,760199,,0.0005,0.543,189549.0,2.0,1.0,4.0
,225.0,2.22,0.02,,6724,172,4404,760734,,0.0005,0.00102,189683.0,,,
,223.0,0.0411,0.02,,6728,172,4409,761775,,0.0005,0.00436,189943.0,,,
,213.0,-1.66,0.02,,6732,172,4413,762690,,0.0005,0.166,190172.0,,,
,205.0,-1.18,0.02,,6736,172,4416,763223,,0.0005,0.082,190305.0,,,
,206.0,0.00599,0.02,,6740,172,4420,764170,,0.0005,0.0725,190542.0,,,
,211.0,0.76,0.02,,6744,172,4424,764940,,0.0005,0.36,190734.0,,,
,207.0,0.8,0.02,,6748,172,4426,765318,,0.0005,0.0872,190829.0,,,
,198.0,0.891,0.02,,6752,172,4431,766403,,0.0005,0.0842,191100.0,,,
,196.0,0.706,0.02,,6756,172,4435,767101,,0.0005,0.00568,191275.0,,,
,203.0,1.84,0.02,,6760,172,4440,768155,,0.0005,0.0902,191538.0,,,
,202.0,2.26,0.02,,6764,173,4445,769135,,0.0005,0.00292,191783.0,,,
,205.0,1.42,0.02,,6768,173,4449,770149,,0.0005,0.397,192037.0,0.0,0.0,0.0
,202.0,1.25,0.02,,6772,173,4452,770671,,0.0005,0.0319,192167.0,,,
,221.0,1.47,0.02,,6776,173,4462,772977,,0.0005,0.287,192744.0,,,
,225.0,2.63,0.02,,6780,173,4466,773620,,0.0005,0.0989,192904.0,,,
,221.0,2.67,0.02,,6784,173,4470,774381,,0.0005,0.00861,193095.0,,,
,221.0,3.67,0.02,,6788,173,4474,775308,,0.0005,0.027,193326.0,,,
,234.0,3.95,0.02,,6792,173,4481,776986,,0.0005,0.247,193746.0,,,
,234.0,3.14,0.02,,6796,173,4487,778335,,0.0005,0.311,194083.0,,,
,231.0,2.77,0.02,,6800,173,4493,779727,,0.0005,0.0929,194431.0,,,
,231.0,2.57,0.02,,6804,173,4496,780409,,0.0005,0.154,194602.0,0.0,0.0,0.0
,229.0,2.39,0.02,,6808,173,4499,780832,,0.0005,0.0018,194707.0,,,
,236.0,2.73,0.02,,6812,173,4503,781924,,0.0005,0.154,194980.0,,,
,235.0,2.53,0.02,,6816,173,4506,782352,,0.0005,0.153,195087.0,,,
,229.0,2.59,0.02,,6820,173,4510,783133,,0.0005,0.236,195283.0,,,
,230.0,3.39,0.02,,6824,173,4513,783697,,0.0005,0.0105,195424.0,,,
,241.0,4.88,0.02,,6828,173,4523,785880,,0.0005,0.0899,195969.0,,,
,241.0,6.69,0.02,,6832,173,4527,786750,,0.0005,0.188,196187.0,,,
,246.0,7.23,0.02,,6836,173,4532,787836,,0.0005,0.00185,196458.0,,,
,251.0,7.99,0.02,,6840,173,4538,789234,,0.0005,0.156,196808.0,,,
,248.0,7.82,0.02,,6844,173,4541,789708,,0.0005,0.38,196926.0,,,
,253.0,8.56,0.02,,6848,173,4545,790637,,0.0005,0.146,197159.0,2.0,0.0,0.0
,254.0,8.96,0.02,,6852,173,4550,791762,,0.0005,0.154,197440.0,,,
,253.0,9.37,0.02,,6856,173,4554,792360,,0.0005,0.0202,197589.0,,,
,250.0,8.32,0.02,,6860,174,4558,793168,,0.0005,0.155,197791.0,,,
,248.0,7.34,0.02,,6864,174,4561,793918,,0.0005,0.087,197979.0,,,
,247.0,7.54,0.02,,6868,174,4566,794845,,0.0005,0.153,198211.0,,,
,249.0,7.52,0.02,,6872,174,4569,795560,,0.0005,0.384,198389.0,,,
,234.0,7.87,0.02,,6876,174,4573,796356,,0.0005,0.24,198588.0,,,
,229.0,6.52,0.02,,6880,174,4575,796485,,0.0005,0.23,198621.0,,,
,228.0,6.53,0.02,,6884,174,4578,797161,,0.0005,0.00344,198790.0,,,
,235.0,6.46,0.02,,6888,174,4585,798839,,0.0005,0.269,199209.0,,,
,231.0,6.7,0.02,,6892,174,4591,800049,,0.0005,0.153,199512.0,2.0,0.0,0.0
,227.0,7.54,0.02,,6896,174,4595,801004,,0.0005,0.235,199750.0,,,
,216.0,7.45,0.02,,6900,174,4597,801288,,0.0005,0.244,199821.0,,,
,214.0,7.47,0.02,,6904,174,4600,801762,,0.0005,0.00962,199940.0,,,
,218.0,9.23,0.02,,6908,174,4605,802654,,0.0005,0.687,200163.0,,,
,214.0,9.27,0.02,,6912,174,4608,803320,,0.0005,0.0177,200329.0,,,
,218.0,9.83,0.02,,6916,174,4612,804181,,0.0005,0.156,200545.0,,,
,216.0,9.45,0.02,,6920,174,4615,804687,,0.0005,0.0799,200671.0,,,
,214.0,9.26,0.02,,6924,174,4618,805126,,0.0005,0.149,200781.0,,,
,201.0,8.39,0.02,,6928,174,4622,806007,,0.0005,0.238,201001.0,,,
,199.0,8.01,0.02,,6932,174,4626,806694,,0.0005,0.342,201173.0,,,
,191.0,6.49,0.02,,6936,174,4628,806959,,0.0005,0.238,201239.0,,,
,186.0,4.93,0.02,,6940,174,4632,807830,,0.0005,0.0273,201457.0,,,
,191.0,5.29,0.02,,6944,174,4636,808803,,0.0005,0.00344,201700.0,,,
,198.0,5.82,0.02,,6948,174,4643,810467,,0.0005,0.00137,202116.0,5.0,1.0,1.0
,192.0,5.67,0.02,,6952,174,4646,810987,,0.0005,0.153,202246.0,,,
,193.0,5.67,0.02,,6956,174,4650,811646,,0.0005,0.161,202411.0,,,
,196.0,6.52,0.02,,6960,174,4655,812744,,0.0005,0.295,202685.0,,,
,194.0,6.14,0.02,,6964,174,4658,813297,,0.0005,0.55,202824.0,,,
,190.0,5.78,0.02,,6968,174,4661,813846,,0.0005,0.175,202961.0,,,
,187.0,5.81,0.02,,6972,174,4664,814258,,0.0005,0.254,203064.0,,,
,186.0,6.22,0.02,,6976,174,4667,814914,,0.0005,0.319,203228.0,,,
,190.0,7.38,0.02,,6980,174,4670,815507,,0.0005,0.0722,203376.0,,,
,188.0,6.6,0.02,,6984,174,4672,815919,,0.0005,0.21,203479.0,,,
,185.0,7.03,0.02,,6988,174,4679,817337,,0.0005,0.155,203834.0,,,
,176.0,6.92,0.02,,6992,174,4681,817624,,0.0005,0.00223,203905.0,,,
,171.0,6.56,0.02,,6996,174,4684,818117,,0.0005,0.151,204029.0,,,
,181.0,6.67,0.02,,7000,174,4689,819399,,0.0005,0.151,204349.0,,,
,187.0,7.81,0.02,,7004,174,4694,820503,,0.0005,0.304,204625.0,3.0,0.0,1.0
,185.0,7.03,0.02,,7008,174,4698,821188,,0.0005,0.327,204796.0,,,
,189.0,6.39,0.02,,7012,174,4702,822223,,0.0005,0.163,205055.0,,,
,197.0,7.72,0.02,,7016,174,4709,823877,,0.0005,0.505,205469.0,,,
,198.0,8.11,0.02,,7020,174,4712,824470,,0.0005,0.326,205617.0,,,
,197.0,8.53,0.02,,7024,174,4715,824783,,0.0005,0.158,205695.0,,,
,197.0,9.52,0.02,,7028,174,4719,825756,,0.0005,0.0957,205938.0,,,
,195.0,9.75,0.02,,7032,174,4722,826176,,0.0005,0.155,206043.0,,,
,201.0,11.5,0.02,,7036,174,4726,827033,,0.0005,0.156,206258.0,,,
,202.0,12.1,0.02,,7040,175,4731,828033,,0.0005,0.155,206508.0,,,
,196.0,12.3,0.02,,7044,174,4733,828358,,0.0005,0.168,206589.0,,,
,189.0,11.4,0.02,,7048,175,4738,829392,,0.0005,0.161,206847.0,,,
,192.0,10.4,0.02,,7052,175,4742,830153,,0.0005,0.156,207038.0,0.0,0.0,0.0
,196.0,10.9,0.02,,7056,175,4747,831286,,0.0005,0.375,207321.0,,,
,192.0,10.8,0.02,,7060,175,4750,831964,,0.0005,0.176,207490.0,,,
,196.0,13.5,0.02,,7064,175,4755,832888,,0.0005,0.168,207721.0,,,
,196.0,14.1,0.02,,7068,175,4758,833436,,0.0005,0.108,207858.0,,,
,200.0,15.3,0.02,,7072,175,4761,834253,,0.0005,0.143,208063.0,,,
,201.0,14.5,0.02,,7076,175,4765,835037,,0.0005,0.406,208259.0,,,
,199.0,14.3,0.02,,7080,175,4767,835371,,0.0005,0.311,208342.0,,,
,202.0,14.5,0.02,,7084,175,4771,836159,,0.0005,0.551,208539.0,,,
,191.0,13.4,0.02,,7088,175,4774,836483,,0.0005,0.0831,208620.0,,,
,198.0,12.5,0.02,,7092,175,4778,837401,,0.0005,0.388,208850.0,,,
,200.0,13.5,0.02,,7096,175,4782,838140,,0.0005,0.00265,209034.0,,,
,194.0,14.8,0.02,,7100,175,4785,838825,,0.0005,0.243,209206.0,,,
,193.0,15.0,0.02,,7104,175,4790,839813,,0.0005,0.316,209453.0,,,
,199.0,15.5,0.02,,7108,175,4796,841113,,0.0005,0.00251,209778.0,0.0,0.0,0.0
,200.0,15.3,0.02,,7112,175,4800,842204,,0.0005,0.00189,210050.0,,,
,204.0,14.9,0.02,,7116,175,4809,844268,,0.0005,0.00296,210566.0,,,
,204.0,15.1,0.02,,7120,175,4812,844851,,0.0005,0.312,210712.0,,,
,208.0,15.0,0.02,,7124,175,4815,845593,,0.0005,0.00275,210898.0,,,
,203.0,14.7,0.02,,7128,175,4818,846094,,0.0005,0.555,211023.0,,,
,205.0,15.0,0.02,,7132,175,4822,846718,,0.0005,0.239,211179.0,,,
,211.0,15.0,0.02,,7136,175,4828,848101,,0.0005,0.303,211525.0,,,
,203.0,15.3,0.02,,7140,175,4830,848353,,0.0005,0.407,211588.0,,,
,217.0,15.9,0.02,,7144,175,4837,850045,,0.0005,0.146,212011.0,1.0,0.0,0.0
,214.0,17.0,0.02,,7148,175,4840,850745,,0.0005,0.00299,212186.0,,,
,212.0,18.2,0.02,,7152,175,4843,851314,,0.0005,0.00287,212328.0,,,
,211.0,18.2,0.02,,7156,175,4848,852375,,0.0005,0.156,212593.0,,,
,214.0,18.0,0.02,,7160,175,4852,853354,,0.0005,0.55,212838.0,,,
,216.0,16.5,0.02,,7164,175,4858,854465,,0.0005,0.303,213116.0,,,
,218.0,17.5,0.02,,7168,175,4861,855283,,0.0005,0.196,213320.0,,,
,216.0,16.9,0.02,,7172,175,4864,855851,,0.0005,0.00872,213462.0,,,
,213.0,17.4,0.02,,7176,175,4867,856322,,0.0005,0.00237,213580.0,,,
,213.0,17.6,0.02,,7180,175,4869,856632,,0.0005,0.00296,213657.0,,,
,217.0,20.3,0.02,,7184,175,4875,857879,,0.0005,0.247,213969.0,,,
,223.0,24.7,0.02,,7188,175,4880,858825,,0.0005,0.238,214206.0,,,
,227.0,26.2,0.02,,7192,176,4885,860078,,0.0005,0.693,214519.0,3.0,0.0,2.0
,231.0,26.4,0.02,,7196,176,4890,861255,,0.0005,0.146,214813.0,,,
,233.0,27.2,0.02,,7200,176,4894,862095,,0.0005,0.103,215023.0,,,
,224.0,25.5,0.02,,7204,176,4896,862251,,0.0005,0.824,215062.0,,,
,221.0,25.9,0.02,,7208,176,4900,863229,,0.0005,0.00277,215307.0,,,
,219.0,26.9,0.02,,7212,176,4904,864081,,0.0005,0.00332,215520.0,,,
,209.0,27.0,0.02,,7216,176,4909,865127,,0.0005,0.149,215781.0,,,
,208.0,26.4,0.02,,7220,176,4912,865626,,0.0005,0.0579,215906.0,,,
,209.0,26.4,0.02,,7224,176,4916,866510,,0.0005,0.0259,216127.0,,,
,207.0,25.6,0.02,,7228,176,4918,866839,,0.0005,0.17,216209.0,,,
,206.0,26.0,0.02,,7232,176,4921,867327,,0.0005,0.321,216331.0,,,
,195.0,24.9,0.02,,7236,176,4923,867585,,0.0005,0.445,216396.0,,,
,205.0,25.6,0.02,,7240,176,4928,868814,,0.0005,0.16,216703.0,,,
,195.0,25.9,0.02,,7244,176,4932,869574,,0.0005,0.0893,216893.0,,,
,199.0,25.2,0.02,,7248,176,4937,870618,,0.0005,0.481,217154.0,0.0,0.0,0.0
,198.0,25.5,0.02,,7252,176,4939,871132,,0.0005,0.381,217282.0,,,
,192.0,25.5,0.02,,7256,176,4942,871575,,0.0005,0.0904,217393.0,,,
,192.0,26.3,0.02,,7260,176,4947,872567,,0.0005,0.146,217641.0,,,
,190.0,26.9,0.02,,7264,176,4951,873448,,0.0005,0.413,217861.0,,,
,187.0,27.2,0.02,,7268,176,4953,873983,,0.0005,0.0044,217995.0,,,
,191.0,28.1,0.02,,7272,176,4958,874983,,0.0005,0.246,218245.0,,,
,195.0,29.1,0.02,,7276,176,4962,875793,,0.0005,0.25,218448.0,,,
,198.0,30.1,0.02,,7280,176,4966,876423,,0.0005,0.39,218605.0,,,
,190.0,27.9,0.02,,7284,176,4968,876914,,0.0005,0.372,218728.0,,,
,186.0,23.6,0.02,,7288,176,4971,877441,,0.0005,0.175,218860.0,,,
,185.0,24.0,0.02,,7292,176,4976,878549,,0.0005,0.122,219137.0,,,
,178.0,24.2,0.02,,7296,176,4979,879034,,0.0005,0.459,219258.0,,,
,175.0,23.4,0.02,,7300,176,4982,879548,,0.0005,0.0182,219386.0,,,
,178.0,25.0,0.02,,7304,176,4985,880083,,0.0005,0.297,219520.0,0.0,0.0,0.0
,174.0,25.4,0.02,,7308,176,4988,880628,,0.0005,0.105,219656.0,,,
,168.0,24.9,0.02,,7312,176,4990,880868,,0.0005,0.548,219716.0,,,
,161.0,23.7,0.02,,7316,176,4992,881210,,0.0005,0.292,219802.0,,,
,166.0,26.9,0.02,,7320,176,4997,882229,,0.0005,0.215,220057.0,,,
,164.0,27.7,0.02,,7324,176,5001,882937,,0.0005,0.375,220234.0,,,
,165.0,28.7,0.02,,7328,176,5003,883355,,0.0005,0.0864,220338.0,,,
,168.0,29.9,0.02,,7332,176,5007,884103,,0.0005,0.236,220525.0,,,
,170.0,31.5,0.02,,7336,176,5010,884619,,0.0005,0.347,220654.0,,,
,166.0,32.6,0.02,,7340,176,5014,885403,,0.0005,0.101,220850.0,,,
,168.0,32.8,0.02,,7344,176,5018,886351,,0.0005,0.321,221087.0,,,
,166.0,33.2,0.02,,7348,176,5022,887191,,0.0005,0.309,221297.0,,,
,166.0,33.6,0.02,,7352,176,5025,887694,,0.0005,0.242,221423.0,,,
,170.0,35.1,0.02,,7356,176,5029,888528,,0.0005,0.0999,221631.0,,,
,163.0,34.8,0.02,,7360,176,5031,888865,,0.0005,0.227,221716.0,,,
,159.0,34.2,0.02,,7364,176,5034,889325,,0.0005,0.149,221831.0,,,
,160.0,34.0,0.02,,7368,176,5037,890023,,0.0005,0.47,222005.0,11.0,1.0,5.0
,158.0,34.5,0.02,,7372,176,5041,890759,,0.0005,0.339,222189.0,,,
,157.0,35.3,0.02,,7376,176,5045,891532,,0.0005,0.301,222382.0,,,
,157.0,35.5,0.02,,7380,176,5048,892166,,0.0005,0.0066,222541.0,,,
,160.0,36.4,0.02,,7384,176,5052,892949,,0.0005,0.333,222737.0,,,
,161.0,38.4,0.02,,7388,176,5055,893571,,0.0005,0.00328,222892.0,,,
,159.0,38.7,0.02,,7392,176,5059,894438,,0.0005,0.0643,223109.0,,,
,163.0,40.3,0.02,,7396,176,5064,895297,,0.0005,0.00426,223324.0,,,
,160.0,39.7,0.02,,7400,176,5066,895566,,0.0005,0.402,223391.0,,,
,158.0,40.7,0.02,,7404,176,5068,895903,,0.0005,0.445,223475.0,,,
,160.0,42.7,0.02,,7408,176,5072,896663,,0.0005,0.472,223665.0,,,
,169.0,46.6,0.02,,7412,176,5077,897753,,0.0005,0.235,223938.0,,,
,174.0,48.0,0.02,,7416,176,5081,898571,,0.0005,0.306,224142.0,,,
,170.0,45.4,0.02,,7420,176,5084,899193,,0.0005,0.097,224298.0,,,
,168.0,45.1,0.02,,7424,176,5087,899762,,0.0005,0.0311,224440.0,,,
,173.0,47.4,0.02,,7428,176,5092,900700,,0.0005,0.00842,224674.0,7.0,0.0,1.0
,172.0,46.4,0.02,,7432,176,5095,901284,,0.0005,0.333,224820.0,,,
,173.0,46.6,0.02,,7436,176,5098,901899,,0.0005,0.447,224974.0,,,
,167.0,44.7,0.02,,7440,176,5100,902147,,0.0005,0.242,225036.0,,,
,164.0,45.3,0.02,,7444,176,5103,902775,,0.0005,0.446,225193.0,,,
,159.0,45.1,0.02,,7448,176,5106,903113,,0.0005,0.248,225278.0,,,
,162.0,46.1,0.02,,7452,176,5109,903850,,0.0005,0.394,225462.0,,,
,157.0,45.6,0.02,,7456,176,5112,904260,,0.0005,0.0284,225564.0,,,
,163.0,46.7,0.02,,7460,176,5116,905177,,0.0005,0.00858,225794.0,,,
,171.0,50.4,0.02,,7464,176,5122,906416,,0.0005,0.302,226103.0,,,
,174.0,52.0,0.02,,7468,176,5127,907416,,0.0005,0.932,226353.0,,,
,173.0,52.2,0.02,,7472,176,5130,908036,,0.0005,0.467,226508.0,,,
,171.0,52.8,0.02,,7476,176,5133,908585,,0.0005,0.159,226646.0,,,
,170.0,54.3,0.02,,7480,176,5136,909147,,0.0005,0.241,226786.0,,,
,170.0,56.5,0.02,,7484,177,5140,909942,,0.0005,0.38,226985.0,,,
,173.0,58.0,0.02,,7488,177,5145,910840,,0.0005,0.157,227209.0,2.0,0.0,1.0
,171.0,59.1,0.02,,7492,177,5148,911526,,0.0005,0.00562,227381.0,,,
,171.0,59.8,0.02,,7496,177,5153,912400,,0.0005,0.292,227599.0,,,
,174.0,61.6,0.02,,7500,177,5156,912920,,0.0005,0.704,227729.0,,,
,179.0,62.9,0.02,,7504,177,5161,913806,,0.0005,0.248,227951.0,,,
,179.0,62.1,0.02,,7508,177,5165,914596,,0.0005,0.394,228148.0,,,
,177.0,62.5,0.02,,7512,177,5169,915443,,0.0005,0.308,228360.0,,,
,177.0,65.9,0.02,,7516,177,5173,916320,,0.0005,0.492,228579.0,,,
,175.0,65.5,0.02,,7520,177,5176,916688,,0.0005,0.39,228671.0,,,
,175.0,65.9,0.02,,7524,177,5178,917222,,0.0005,0.57,228805.0,,,
,180.0,69.1,0.02,,7528,177,5185,918694,,0.0005,0.0166,229173.0,,,
,182.0,71.1,0.02,,7532,177,5189,919482,,0.0005,0.00617,229370.0,,,
,185.0,73.7,0.02,,7536,177,5193,920437,,0.0005,0.365,229609.0,4.0,0.0,0.0
,188.0,75.8,0.02,,7540,177,5196,920981,,0.0005,0.0145,229745.0,,,
,189.0,76.2,0.02,,7544,177,5200,921645,,0.0005,0.273,229911.0,,,
,189.0,76.6,0.02,,7548,177,5202,921991,,0.0005,0.0404,229997.0,,,
,187.0,76.4,0.02,,7552,177,5205,922504,,0.0005,0.458,230125.0,,,
,191.0,76.8,0.02,,7556,177,5209,923392,,0.0005,0.282,230347.0,,,
,189.0,78.4,0.02,,7560,177,5213,924107,,0.0005,0.306,230526.0,,,
,185.0,79.5,0.02,,7564,177,5217,924933,,0.0005,1.0,230733.0,,,
,182.0,80.7,0.02,,7568,177,5221,925650,,0.0005,0.0529,230912.0,,,
,179.0,80.1,0.02,,7572,177,5223,925951,,0.0005,0.173,230987.0,,,
,178.0,79.3,0.02,,7576,177,5226,926405,,0.0005,0.266,231101.0,,,
,183.0,81.5,0.02,,7580,177,5231,927405,,0.0005,0.00722,231351.0,,,
,180.0,80.1,0.02,,7584,177,5234,927917,,0.0005,0.161,231479.0,,,
,178.0,79.9,0.02,,7588,177,5237,928625,,0.0005,0.421,231656.0,,,
,175.0,78.6,0.02,,7592,177,5239,928997,,0.0005,0.402,231749.0,,,
,173.0,77.6,0.02,,7596,177,5243,929665,,0.0005,0.544,231916.0,,,
,172.0,77.6,0.02,,7600,177,5245,930123,,0.0005,0.654,232030.0,2.0,0.0,0.0
,171.0,78.9,0.02,,7604,177,5249,930932,,0.0005,0.162,232232.0,,,
,169.0,77.9,0.02,,7608,177,5252,931454,,0.0005,0.141,232363.0,,,
,168.0,76.3,0.02,,7612,177,5256,932228,,0.0005,0.155,232556.0,,,
,168.0,73.7,0.02,,7616,177,5261,933105,,0.0005,0.314,232776.0,,,
,172.0,77.7,0.02,,7620,177,5265,933897,,0.0005,0.0116,232974.0,,,
,173.0,79.7,0.02,,7624,177,5268,934475,,0.0005,0.522,233118.0,,,
,165.0,76.3,0.02,,7628,177,5272,935179,,0.0005,0.00912,233294.0,,,
,163.0,76.7,0.02,,7632,177,5276,935819,,0.0005,0.0571,233454.0,,,
,161.0,77.0,0.02,,7636,177,5280,936583,,0.0005,1.08,233645.0,,,
,162.0,76.8,0.02,,7640,177,5283,937132,,0.0005,0.272,233782.0,,,
,162.0,79.2,0.02,,7644,177,5286,937834,,0.0005,0.447,233958.0,,,
,167.0,83.5,0.02,,7648,177,5290,938642,,0.0005,0.368,234160.0,,,
,170.0,85.1,0.02,,7652,177,5295,939528,,0.0005,0.523,234381.0,,,
,168.0,85.5,0.02,,7656,177,5298,940218,,0.0005,0.28,234554.0,5.0,0.0,1.0
,166.0,83.5,0.02,,7660,177,5301,940661,,0.0005,0.239,234665.0,,,
,162.0,81.2,0.02,,7664,177,5304,941142,,0.0005,0.162,234785.0,,,
,159.0,78.6,0.02,,7668,177,5306,941546,,0.0005,0.856,234886.0,,,
,162.0,79.6,0.02,,7672,177,5310,942167,,0.0005,0.597,235041.0,,,
,162.0,79.8,0.02,,7676,177,5312,942555,,0.0005,0.813,235138.0,,,
,155.0,76.8,0.02,,7680,177,5314,942942,,0.0005,0.318,235235.0,,,
,163.0,82.6,0.02,,7684,177,5320,944231,,0.0005,0.176,235557.0,,,
,163.0,81.6,0.02,,7688,177,5324,944968,,0.0005,0.298,235741.0,,,
,169.0,85.9,0.02,,7692,177,5328,945880,,0.0005,0.368,235969.0,,,
,167.0,85.5,0.02,,7696,177,5331,946326,,0.0005,0.365,236081.0,,,
,169.0,86.3,0.02,,7700,177,5334,946974,,0.0005,0.53,236243.0,,,
,165.0,85.1,0.02,,7704,177,5337,947444,,0.0005,0.423,236360.0,,,
,167.0,87.1,0.02,,7708,177,5341,948154,,0.0005,0.327,236538.0,,,
,163.0,86.2,0.02,,7712,177,5343,948559,,0.0005,0.972,236639.0,,,
,161.0,88.6,0.02,,7716,177,5347,949253,,0.0005,0.263,236813.0,,,
,157.0,85.4,0.02,,7720,177,5349,949592,,0.0005,0.29,236897.0,,,
,156.0,84.2,0.02,,7724,177,5352,950070,,0.0005,0.392,237017.0,0.0,0.0,0.0
,157.0,86.4,0.02,,7728,177,5356,950904,,0.0005,0.149,237225.0,,,
,157.0,86.4,0.02,,7732,177,5360,951549,,0.0005,0.0139,237387.0,,,
,158.0,85.6,0.02,,7736,177,5364,952383,,0.0005,0.163,237595.0,,,
,158.0,87.0,0.02,,7740,177,5367,952909,,0.0005,0.426,237727.0,,,
,155.0,84.2,0.02,,7744,177,5370,953349,,0.0005,0.262,237837.0,,,
,153.0,81.7,0.02,,7748,177,5373,953954,,0.0005,0.106,237988.0,,,
,150.0,81.9,0.02,,7752,177,5376,954527,,0.0005,0.634,238131.0,,,
,148.0,81.9,0.02,,7756,177,5379,955046,,0.0005,0.135,238261.0,,,
,147.0,82.7,0.02,,7760,177,5382,955402,,0.0005,0.421,238350.0,,,
,148.0,82.3,0.02,,7764,177,5384,955894,,0.0005,0.58,238473.0,,,
,148.0,83.7,0.02,,7768,177,5387,956342,,0.0005,0.449,238585.0,,,
,150.0,85.9,0.02,,7772,177,5391,957140,,0.0005,0.778,238784.0,,,
,150.0,85.9,0.02,,7776,177,5393,957524,,0.0005,0.548,238880.0,,,
,152.0,87.1,0.02,,7780,177,5396,958119,,0.0005,0.295,239029.0,,,
,143.0,81.2,0.02,,7784,177,5399,958546,,0.0005,0.724,239136.0,,,
,142.0,83.6,0.02,,7788,177,5402,959187,,0.0005,0.437,239296.0,,,
,137.0,80.2,0.02,,7792,177,5405,959595,,0.0005,0.858,239398.0,,,
,139.0,81.6,0.02,,7796,177,5408,960244,,0.0005,0.368,239560.0,0.0,0.0,0.0
,139.0,82.2,0.02,,7800,177,5411,960880,,0.0005,0.712,239719.0,,,
,140.0,81.8,0.02,,7804,177,5415,961450,,0.0005,0.528,239862.0,,,
,138.0,80.6,0.02,,7808,177,5418,961997,,0.0005,0.694,239999.0,,,
,143.0,83.2,0.02,,7812,177,5422,962823,,0.0005,0.422,240205.0,,,
,142.0,82.8,0.02,,7816,177,5425,963479,,0.0005,0.381,240369.0,,,
,143.0,83.0,0.02,,7820,177,5427,963848,,0.0005,0.293,240461.0,,,
,143.0,83.8,0.02,,7824,177,5430,964376,,0.0005,0.594,240593.0,,,
,139.0,81.2,0.02,,7828,177,5433,964853,,0.0005,0.286,240713.0,,,
,140.0,81.4,0.02,,7832,177,5436,965583,,0.0005,0.421,240895.0,,,
,138.0,80.4,0.02,,7836,177,5439,966170,,0.0005,0.277,241042.0,,,
,141.0,83.3,0.02,,7840,177,5443,967020,,0.0005,0.474,241254.0,,,
,141.0,84.1,0.02,,7844,177,5445,967430,,0.0005,0.425,241357.0,,,
,137.0,81.7,0.02,,7848,177,5447,967671,,0.0005,1.56,241417.0,,,
,137.0,80.7,0.02,,7852,177,5450,968235,,0.0005,0.147,241558.0,,,
,140.0,83.7,0.02,,7856,177,5454,969094,,0.0005,0.665,241773.0,,,
,146.0,85.7,0.02,,7860,177,5459,970022,,0.0005,0.716,242005.0,10.0,0.0,1.0
,152.0,88.3,0.02,,7864,177,5464,971116,,0.0005,0.206,242278.0,,,
,153.0,89.3,0.02,,7868,177,5467,971663,,0.0005,0.368,242415.0,,,
,152.0,88.9,0.02,,7872,177,5470,972307,,0.0005,0.777,242576.0,,,
,157.0,91.9,0.02,,7876,177,5474,973214,,0.0005,0.523,242803.0,,,
,157.0,91.3,0.02,,7880,177,5478,973851,,0.0005,0.305,242962.0,,,
,159.0,93.3,0.02,,7884,177,5481,974459,,0.0005,0.262,243114.0,,,
,158.0,90.7,0.02,,7888,177,5484,974972,,0.0005,0.645,243242.0,,,
,163.0,93.8,0.02,,7892,177,5488,975848,,0.0005,0.603,243461.0,,,
,163.0,93.4,0.02,,7896,177,5492,976545,,0.0005,0.413,243636.0,,,
,160.0,90.9,0.02,,7900,177,5494,976867,,0.0005,0.251,243716.0,,,
,159.0,90.7,0.02,,7904,177,5496,977386,,0.0005,0.579,243846.0,,,
,158.0,91.5,0.02,,7908,177,5499,977788,,0.0005,0.59,243946.0,,,
,159.0,93.5,0.02,,7912,177,5503,978751,,0.0005,0.553,244187.0,,,
,161.0,93.7,0.02,,7916,177,5507,979530,,0.0005,0.969,244382.0,,,
,163.0,95.8,0.02,,7920,177,5510,980184,,0.0005,0.455,244545.0,7.0,0.0,1.0
,166.0,96.6,0.02,,7924,177,5514,981005,,0.0005,0.417,244751.0,,,
,168.0,97.6,0.02,,7928,177,5518,981697,,0.0005,0.0395,244924.0,,,
,169.0,98.6,0.02,,7932,177,5521,982469,,0.0005,1.19,245117.0,,,
,171.0,101.0,0.02,,7936,177,5525,983281,,0.0005,0.545,245320.0,,,
,169.0,99.1,0.02,,7940,177,5528,983889,,0.0005,0.33,245472.0,,,
,172.0,99.6,0.02,,7944,177,5532,984655,,0.0005,0.757,245663.0,,,
,173.0,101.0,0.02,,7948,177,5534,984985,,0.0005,0.617,245746.0,,,
,175.0,102.0,0.02,,7952,177,5538,985759,,0.0005,0.638,245939.0,,,
,172.0,101.0,0.02,,7956,177,5541,986300,,0.0005,0.427,246074.0,,,
,172.0,102.0,0.02,,7960,178,5545,987259,,0.0005,0.868,246314.0,,,
,170.0,104.0,0.02,,7964,178,5550,988107,,0.0005,1.18,246526.0,,,
,170.0,104.0,0.02,,7968,178,5553,988680,,0.0005,0.641,246669.0,,,
,170.0,104.0,0.02,,7972,178,5556,989295,,0.0005,0.461,246823.0,,,
,165.0,102.0,0.02,,7976,178,5559,989665,,0.0005,0.554,246916.0,,,
,165.0,105.0,0.02,,7980,178,5562,990315,,0.0005,0.725,247078.0,2.0,0.0,0.0
,164.0,104.0,0.02,,7984,178,5565,990823,,0.0005,0.672,247205.0,,,
,168.0,108.0,0.02,,7988,178,5569,991753,,0.0005,0.584,247438.0,,,
,165.0,106.0,0.02,,7992,178,5573,992367,,0.0005,0.379,247591.0,,,
,168.0,109.0,0.02,,7996,178,5577,993295,,0.0005,1.01,247823.0,,,
,172.0,114.0,0.02,,8000,178,5581,994092,,0.0005,0.574,248022.0,,,
,171.0,115.0,0.02,,8004,178,5584,994506,,0.0005,0.363,248126.0,,,
,174.0,115.0,0.02,,8008,178,5588,995162,,0.0005,0.671,248290.0,,,
,171.0,112.0,0.02,,8012,178,5591,995869,,0.0005,0.0594,248467.0,,,
,171.0,113.0,0.02,,8016,178,5595,996648,,0.0005,0.542,248661.0,,,
,175.0,117.0,0.02,,8020,178,5600,997657,,0.0005,0.467,248914.0,,,
,174.0,119.0,0.02,,8024,178,5604,998365,,0.0005,0.048,249091.0,,,
,175.0,122.0,0.02,,8028,178,5608,999243,,0.0005,0.444,249310.0,,,
,170.0,118.0,0.02,,8032,178,5610,999434,,0.0005,0.874,249358.0,,,
