rollout/,ep_len_mean,ep_rew_mean,exploration_rate,time/,episodes,fps,time_elapsed,total_timesteps,train/,learning_rate,loss,n_updates
,12.0,-12.6,1.0,,4,34,1,48,,,,
,16.0,-14.6,1.0,,8,47,2,128,,,,
,17.5,-14.1,1.0,,12,54,3,210,,,,
,15.8,-13.7,0.999,,16,51,4,252,,,,
,15.2,-9.43,0.999,,20,49,6,303,,,,
,15.3,-9.98,0.999,,24,50,7,367,,,,
,14.5,-10.3,0.999,,28,48,8,405,,,,
,14.1,-10.6,0.999,,32,48,9,452,,,,
,14.2,-10.8,0.999,,36,48,10,510,,,,
,13.2,-11.3,0.999,,40,45,11,528,,,,
,13.2,-11.8,0.999,,44,46,12,583,,,,
,13.4,-11.8,0.999,,48,46,13,643,,,,
,13.9,-11.9,0.998,,52,48,14,725,,,,
,13.8,-11.9,0.998,,56,48,16,770,,,,
,13.5,-12.0,0.998,,60,47,17,812,,,,
,13.9,-12.3,0.998,,64,48,18,887,,,,
,14.2,-12.5,0.998,,68,49,19,964,,,,
,14.5,-12.5,0.998,,72,50,20,1047,,,,
,16.0,-12.8,0.997,,76,55,21,1214,,,,
,15.8,-12.8,0.997,,80,54,23,1266,,,,
,15.9,-13.1,0.997,,84,55,24,1335,,,,
,16.2,-13.1,0.997,,88,56,25,1424,,,,
,16.2,-12.2,0.997,,92,56,26,1488,,,,
,16.7,-12.2,0.996,,96,58,27,1604,,,,
,16.8,-11.5,0.996,,100,58,28,1681,,,,
,17.3,-11.5,0.996,,104,59,30,1775,,,,
,17.5,-11.1,0.996,,108,60,31,1876,,,,
,17.4,-11.1,0.996,,112,60,32,1945,,,,
,17.3,-11.1,0.996,,116,59,33,1983,,,,
,17.7,-11.7,0.995,,120,60,34,2075,,,,
,18.3,-11.7,0.995,,124,61,35,2194,,,,
,18.7,-11.7,0.995,,128,61,36,2272,,,,
,18.7,-11.1,0.995,,132,61,37,2318,,,,
,18.4,-11.1,0.995,,136,60,38,2354,,,,
,19.0,-11.0,0.995,,140,60,39,2428,,,,
,18.6,-10.8,0.994,,144,59,40,2445,,,,
,18.8,-10.8,0.994,,148,60,42,2525,,,,
,18.8,-10.8,0.994,,152,60,43,2600,,,,
,21.0,-10.4,0.994,,156,64,44,2868,,,,
,21.4,-10.4,0.993,,160,64,45,2953,,,,
,21.4,-10.4,0.993,,164,64,47,3025,,,,
,21.6,-10.6,0.993,,168,64,48,3123,,,,
,21.7,-10.7,0.993,,172,65,49,3221,,,,
,20.8,-10.5,0.993,,176,65,50,3291,,,,
,21.4,-10.6,0.992,,180,65,51,3409,,,,
,21.4,-9.22,0.992,,184,65,52,3479,,,,
,21.1,-9.2,0.992,,188,65,53,3531,,,,
,21.3,-10.1,0.992,,192,65,55,3618,,,,
,21.0,-10.0,0.992,,196,65,56,3706,,,,
,20.9,-9.44,0.992,,200,65,57,3770,,,,
,21.0,-9.45,0.991,,204,66,58,3871,,,,
,21.0,-9.6,0.991,,208,66,59,3976,,,,
,21.7,-9.64,0.991,,212,67,61,4114,,,,
,21.6,-9.65,0.991,,216,66,62,4147,,,,
,21.0,-9.83,0.991,,220,66,63,4177,,,,
,20.3,-9.81,0.99,,224,65,64,4227,,,,
,19.8,-9.79,0.99,,228,65,65,4255,,,,
,19.7,-10.4,0.99,,232,64,66,4290,,,,
,19.6,-10.5,0.99,,236,64,67,4318,,,,
,19.4,-10.5,0.99,,240,64,68,4367,,,,
,19.6,-10.5,0.99,,244,63,69,4407,,,,
,19.1,-10.5,0.99,,248,63,70,4435,,,,
,18.8,-10.5,0.99,,252,62,71,4476,,,,
,16.5,-10.9,0.99,,256,62,72,4522,,,,
,16.3,-10.9,0.99,,260,62,73,4582,,,,
,16.1,-10.7,0.99,,264,62,74,4637,,,,
,15.8,-10.4,0.989,,268,62,75,4703,,,,
,15.7,-10.3,0.989,,272,62,76,4795,,,,
,16.0,-10.3,0.989,,276,62,77,4895,,,,
,15.7,-10.3,0.989,,280,63,78,4982,,,,
,17.0,-11.6,0.988,,284,64,80,5183,,,,
,17.0,-11.5,0.988,,288,64,81,5227,,,,
,16.4,-11.5,0.988,,292,63,82,5260,,,,
,16.4,-11.5,0.988,,296,63,83,5343,,,,
,16.2,-12.9,0.988,,300,63,84,5388,,,,
,15.4,-12.9,0.988,,304,63,85,5414,,,,
,15.7,-12.7,0.988,,308,63,86,5543,,,,
,14.8,-12.7,0.987,,312,63,87,5589,,,,
,15.3,-12.7,0.987,,316,63,88,5674,,,,
,16.7,-12.8,0.987,,320,64,90,5851,,,,
,17.7,-12.8,0.987,,324,65,91,5995,,,,
,18.5,-12.6,0.986,,328,65,92,6105,,,,
,19.7,-12.2,0.986,,332,66,94,6258,,,,
,20.2,-12.1,0.986,,336,66,95,6340,,,,
,20.4,-11.9,0.986,,340,66,96,6409,,,,
,20.5,-11.9,0.985,,344,66,97,6455,,,,
,21.1,-11.7,0.985,,348,66,98,6541,,,,
,21.1,-11.8,0.985,,352,66,99,6583,,,,
,21.4,-11.8,0.985,,356,66,100,6663,,,,
,21.3,-11.8,0.985,,360,65,101,6714,,,,
,21.6,-11.8,0.985,,364,65,103,6798,,,,
,21.5,-11.8,0.985,,368,65,104,6857,,,,
,21.4,-11.9,0.984,,372,65,105,6931,,,,
,21.8,-11.7,0.984,,376,66,106,7071,,,,
,21.1,-11.7,0.984,,380,66,107,7097,,,,
,19.8,-11.5,0.984,,384,65,108,7161,,,,
,19.9,-11.5,0.984,,388,65,109,7213,,,,
,19.9,-11.3,0.984,,392,65,110,7248,,,,
,20.8,-11.4,0.983,,396,66,111,7421,,,,
,21.1,-10.6,0.983,,400,66,113,7494,,,,
,21.6,-10.7,0.983,,404,66,114,7569,,,,
,21.3,-10.9,0.983,,408,66,115,7670,,,,
,21.3,-11.1,0.983,,412,66,116,7720,,,,
,21.9,-11.0,0.982,,416,66,117,7864,,,,
,21.6,-10.8,0.982,,420,67,119,8012,,,,
,20.6,-10.8,0.982,,424,67,120,8050,,,,
,20.4,-10.9,0.982,,428,67,121,8147,,,,
,19.5,-11.1,0.982,,432,67,122,8208,,,,
,20.2,-11.3,0.981,,436,67,123,8365,,,,
,19.8,-11.5,0.981,,440,67,124,8385,,,,
,19.7,-11.5,0.981,,444,67,125,8425,,,,
,20.0,-11.9,0.981,,448,67,126,8539,,,,
,20.4,-11.9,0.981,,452,67,128,8623,,,,
,20.9,-10.9,0.98,,456,67,129,8749,,,,
,22.1,-10.9,0.98,,460,68,130,8923,,,,
,21.8,-11.1,0.98,,464,68,131,8980,,,,
,22.0,-11.2,0.98,,468,68,132,9058,,,,
,21.9,-11.2,0.979,,472,68,134,9122,,,,
,21.0,-11.4,0.979,,476,67,135,9171,,,,
,21.0,-11.4,0.979,,480,67,136,9199,,,,
,20.6,-11.4,0.979,,484,67,137,9225,,,,
,20.8,-11.4,0.979,,488,67,138,9297,,,,
,21.4,-11.6,0.979,,492,67,139,9388,,,,
,20.1,-11.5,0.979,,496,67,140,9434,,,,
,19.8,-12.1,0.979,,500,67,141,9473,,,,
,19.8,-12.0,0.979,,504,67,142,9544,,,,
,19.6,-11.9,0.978,,508,67,143,9627,,,,
,20.8,-11.8,0.978,,512,67,144,9800,,,,
,20.2,-11.9,0.978,,516,67,146,9885,,,,
,19.2,-12.0,0.978,,520,67,147,9928,,,,
,19.9,-11.1,0.977,,524,67,148,10045,,0.0001,2.52,11.0
,19.3,-11.1,0.977,,528,67,149,10076,,0.0001,0.735,18.0
,19.4,-11.3,0.977,,532,67,151,10150,,0.0001,0.733,37.0
,18.3,-11.1,0.977,,536,67,152,10193,,0.0001,0.55,48.0
,19.1,-11.1,0.977,,540,67,153,10295,,0.0001,2.41,73.0
,19.5,-11.6,0.977,,544,67,154,10371,,0.0001,0.732,92.0
,19.6,-11.5,0.976,,548,67,155,10500,,0.0001,0.367,124.0
,19.5,-11.3,0.976,,552,67,157,10574,,0.0001,0.731,143.0
,18.9,-12.4,0.976,,556,67,158,10637,,0.0001,0.186,159.0
,17.6,-12.6,0.976,,560,67,159,10685,,0.0001,0.908,171.0
,17.7,-12.4,0.976,,564,67,160,10749,,0.0001,1.09,187.0
,17.5,-12.3,0.976,,568,66,161,10810,,0.0001,0.909,202.0
,17.3,-12.1,0.976,,572,66,162,10849,,0.0001,0.365,212.0
,18.1,-12.3,0.975,,576,67,163,10981,,0.0001,2.25,245.0
,18.5,-12.3,0.975,,580,66,165,11052,,0.0001,1.08,262.0
,18.8,-12.3,0.975,,584,66,166,11104,,0.0001,0.902,275.0
,18.8,-12.3,0.975,,588,66,167,11177,,0.0001,0.183,294.0
,18.9,-12.3,0.975,,592,66,168,11275,,0.0001,2.45,318.0
,19.2,-12.3,0.974,,596,66,169,11352,,0.0001,0.00344,337.0
,19.6,-12.5,0.974,,600,66,170,11429,,0.0001,0.363,357.0
,19.9,-12.6,0.974,,604,66,172,11531,,0.0001,0.54,382.0
,19.8,-12.6,0.974,,608,66,173,11611,,0.0001,0.585,402.0
,19.3,-12.7,0.974,,612,67,174,11732,,0.0001,1.48,432.0
,18.8,-12.7,0.974,,616,66,175,11760,,0.0001,0.719,439.0
,19.4,-12.9,0.973,,620,67,176,11867,,0.0001,0.544,466.0
,18.5,-13.8,0.973,,624,66,178,11891,,0.0001,0.362,472.0
,18.7,-13.8,0.973,,628,66,179,11947,,0.0001,0.358,486.0
,18.9,-14.1,0.973,,632,66,180,12040,,0.0001,1.07,509.0
,19.1,-14.1,0.973,,636,66,181,12105,,0.0001,0.897,526.0
,19.7,-14.2,0.972,,640,67,182,12264,,0.0001,0.717,565.0
,19.9,-13.3,0.972,,644,67,184,12358,,0.0001,1.02,589.0
,19.3,-13.3,0.972,,648,67,185,12429,,0.0001,0.539,607.0
,19.3,-13.5,0.972,,652,67,186,12507,,0.0001,0.711,626.0
,19.0,-13.3,0.972,,656,66,187,12541,,0.0001,0.669,635.0
,19.1,-12.2,0.972,,660,66,188,12598,,0.0001,0.539,649.0
,19.1,-11.3,0.972,,664,66,189,12655,,0.0001,0.182,663.0
,19.8,-11.5,0.971,,668,66,191,12793,,0.0001,1.47,698.0
,20.0,-11.5,0.971,,672,66,192,12845,,0.0001,1.11,711.0
,19.2,-11.4,0.971,,676,66,193,12903,,0.0001,0.534,725.0
,19.3,-11.3,0.971,,680,66,194,12981,,0.0001,0.536,745.0
,20.1,-11.3,0.97,,684,66,195,13116,,0.0001,2.32,778.0
,19.9,-11.3,0.97,,688,66,196,13168,,0.0001,0.356,791.0
,19.8,-11.5,0.97,,692,66,198,13251,,0.0001,1.06,812.0
,20.3,-11.5,0.97,,696,67,199,13381,,0.0001,0.885,845.0
,20.2,-11.5,0.97,,700,67,200,13453,,0.0001,1.06,863.0
,19.8,-11.3,0.97,,704,66,201,13506,,0.0001,1.25,876.0
,19.6,-11.2,0.969,,708,66,202,13568,,0.0001,0.54,891.0
,19.4,-10.7,0.969,,712,66,204,13677,,0.0001,0.706,919.0
,19.6,-10.7,0.969,,716,66,205,13721,,0.0001,1.23,930.0
,19.8,-10.5,0.969,,720,67,206,13843,,0.0001,0.487,960.0
,20.5,-10.6,0.969,,724,67,207,13937,,0.0001,0.885,984.0
,20.7,-10.6,0.968,,728,67,208,14021,,0.0001,0.884,1005.0
,20.2,-10.3,0.968,,732,66,210,14061,,0.0001,0.53,1015.0
,20.5,-9.08,0.968,,736,66,211,14152,,0.0001,1.92,1037.0
,19.5,-9.04,0.968,,740,66,212,14217,,0.0001,2.08,1054.0
,19.1,-9.58,0.968,,744,66,213,14268,,0.0001,0.753,1066.0
,18.7,-9.56,0.968,,748,66,214,14296,,0.0001,0.705,1073.0
,18.7,-9.7,0.968,,752,66,215,14373,,0.0001,0.361,1093.0
,19.0,-9.71,0.968,,756,66,216,14439,,0.0001,0.879,1109.0
,19.3,-10.7,0.967,,760,66,217,14526,,0.0001,0.362,1131.0
,19.2,-11.5,0.967,,764,66,219,14572,,0.0001,0.185,1142.0
,18.2,-11.3,0.967,,768,66,220,14616,,0.0001,0.355,1153.0
,18.6,-11.3,0.967,,772,66,221,14708,,0.0001,0.577,1176.0
,18.6,-11.3,0.967,,776,66,222,14768,,0.0001,1.04,1191.0
,18.3,-11.3,0.967,,780,66,223,14811,,0.0001,0.755,1202.0
,17.7,-11.4,0.966,,784,66,224,14890,,0.0001,0.754,1222.0
,17.8,-11.4,0.966,,788,66,225,14950,,0.0001,1.32,1237.0
,18.6,-11.2,0.966,,792,66,227,15106,,0.0001,0.877,1276.0
,18.0,-11.2,0.966,,796,66,228,15181,,0.0001,1.63,1295.0
,18.0,-11.2,0.966,,800,66,229,15253,,0.0001,0.868,1313.0
,18.2,-11.4,0.966,,804,66,230,15327,,0.0001,0.0125,1331.0
,18.0,-11.4,0.965,,808,66,231,15369,,0.0001,0.353,1342.0
,18.3,-11.8,0.965,,812,66,233,15504,,0.0001,0.182,1375.0
,18.6,-11.8,0.965,,816,66,234,15583,,0.0001,0.36,1395.0
,18.4,-11.0,0.965,,820,66,235,15681,,0.0001,0.185,1420.0
,18.0,-11.0,0.965,,824,66,236,15733,,0.0001,0.521,1433.0
,17.8,-11.0,0.964,,828,66,237,15800,,0.0001,0.353,1449.0
,18.1,-9.72,0.964,,832,66,238,15875,,0.0001,0.699,1468.0
,18.3,-10.7,0.964,,836,66,240,15984,,0.0001,0.872,1495.0
,19.2,-10.9,0.964,,840,66,241,16138,,0.0001,1.58,1534.0
,19.6,-10.8,0.963,,844,66,242,16232,,0.0001,1.59,1557.0
,21.4,-9.85,0.963,,848,67,244,16433,,0.0001,1.04,1608.0
,21.3,-9.84,0.963,,852,67,245,16502,,0.0001,0.693,1625.0
,20.8,-9.83,0.963,,856,67,246,16522,,0.0001,0.522,1630.0
,20.6,-9.21,0.963,,860,66,247,16587,,0.0001,0.523,1646.0
,20.8,-8.41,0.963,,864,66,248,16655,,0.0001,0.683,1663.0
,21.5,-8.6,0.962,,868,67,250,16769,,0.0001,2.59,1692.0
,20.9,-8.58,0.962,,872,66,251,16796,,0.0001,0.692,1698.0
,21.5,-8.77,0.962,,876,67,252,16922,,0.0001,0.702,1730.0
,21.9,-7.79,0.962,,880,67,253,17001,,0.0001,0.932,1750.0
,21.4,-7.76,0.962,,884,66,254,17034,,0.0001,0.518,1758.0
,22.2,-7.95,0.961,,888,67,256,17166,,0.0001,0.696,1791.0
,22.2,-7.96,0.961,,892,67,257,17325,,0.0001,0.179,1831.0
,22.6,-7.71,0.961,,896,67,258,17443,,0.0001,0.513,1860.0
,22.3,-7.85,0.961,,900,67,259,17481,,0.0001,0.0181,1870.0
,22.1,-7.84,0.961,,904,67,260,17534,,0.0001,2.05,1883.0
,22.3,-7.86,0.96,,908,67,262,17596,,0.0001,0.36,1898.0
,21.4,-7.81,0.96,,912,67,263,17645,,0.0001,0.572,1911.0
,21.3,-7.84,0.96,,916,67,264,17712,,0.0001,1.19,1927.0
,21.0,-8.68,0.96,,920,66,265,17778,,0.0001,0.686,1944.0
,22.3,-8.74,0.96,,924,67,266,17965,,0.0001,0.517,1991.0
,23.4,-8.74,0.959,,928,67,268,18144,,0.0001,1.33,2035.0
,23.0,-9.97,0.959,,932,67,269,18174,,0.0001,0.853,2043.0
,22.2,-10.1,0.959,,936,67,270,18203,,0.0001,0.995,2050.0
,21.5,-10.1,0.959,,940,67,271,18288,,0.0001,0.659,2071.0
,21.5,-10.1,0.959,,944,67,272,18382,,0.0001,0.909,2095.0
,20.8,-10.8,0.958,,948,67,274,18516,,0.0001,0.0151,2128.0
,20.4,-10.8,0.958,,952,67,275,18545,,0.0001,0.518,2136.0
,20.9,-10.8,0.958,,956,67,276,18617,,0.0001,0.82,2154.0
,21.9,-11.6,0.958,,960,67,278,18775,,0.0001,1.36,2193.0
,22.0,-12.4,0.958,,964,67,279,18853,,0.0001,0.522,2213.0
,21.5,-12.2,0.957,,968,67,280,18915,,0.0001,0.585,2228.0
,22.1,-12.2,0.957,,972,67,281,19002,,0.0001,1.21,2250.0
,21.4,-12.1,0.957,,976,67,282,19067,,0.0001,0.344,2266.0
,21.3,-13.1,0.957,,980,67,283,19131,,0.0001,0.685,2282.0
,22.4,-13.1,0.957,,984,67,285,19274,,0.0001,2.41,2318.0
,21.6,-12.9,0.957,,988,67,286,19327,,0.0001,0.852,2331.0
,20.7,-12.9,0.956,,992,67,287,19398,,0.0001,0.682,2349.0
,20.4,-13.3,0.956,,996,67,288,19478,,0.0001,0.565,2369.0
,21.4,-13.3,0.956,,1000,67,290,19623,,0.0001,0.643,2405.0
,21.1,-13.3,0.956,,1004,67,291,19648,,0.0001,0.905,2411.0
,21.6,-13.3,0.956,,1008,67,292,19752,,0.0001,0.995,2437.0
,21.8,-13.3,0.955,,1012,67,293,19823,,0.0001,0.675,2455.0
,22.0,-13.5,0.955,,1016,67,294,19914,,0.0001,0.183,2478.0
,22.2,-13.5,0.955,,1020,67,295,20002,,0.0001,0.425,2500.0
,21.1,-13.4,0.955,,1024,67,297,20074,,0.0001,1.75,2518.0
,20.4,-12.8,0.955,,1028,67,298,20184,,0.0001,0.512,2545.0
,20.7,-11.8,0.954,,1032,67,299,20240,,0.0001,1.77,2559.0
,20.9,-11.8,0.954,,1036,67,300,20295,,0.0001,0.36,2573.0
,21.0,-11.5,0.954,,1040,67,301,20391,,0.0001,0.506,2597.0
,20.8,-11.5,0.954,,1044,67,303,20462,,0.0001,0.359,2615.0
,20.4,-11.8,0.954,,1048,67,304,20556,,0.0001,0.347,2638.0
,20.8,-11.6,0.954,,1052,67,305,20622,,0.0001,0.18,2655.0
,20.9,-11.6,0.953,,1056,67,306,20705,,0.0001,3.32,2676.0
,20.1,-11.2,0.953,,1060,67,307,20790,,0.0001,0.511,2697.0
,19.9,-11.0,0.953,,1064,67,308,20847,,0.0001,0.518,2711.0
,20.4,-11.2,0.953,,1068,67,310,20950,,0.0001,1.17,2737.0
,19.8,-11.0,0.953,,1072,67,311,20982,,0.0001,0.845,2745.0
,20.4,-10.6,0.953,,1076,67,312,21107,,0.0001,1.05,2776.0
,20.2,-10.6,0.952,,1080,67,313,21153,,0.0001,1.51,2788.0
,19.7,-10.6,0.952,,1084,67,314,21240,,0.0001,1.93,2809.0
,20.5,-10.6,0.952,,1088,67,316,21377,,0.0001,0.512,2844.0
,20.2,-10.6,0.952,,1092,67,317,21417,,0.0001,0.946,2854.0
,19.9,-10.4,0.952,,1096,67,318,21472,,0.0001,0.666,2867.0
,20.0,-10.3,0.951,,1100,67,319,21620,,0.0001,0.413,2904.0
,20.3,-10.3,0.951,,1104,67,320,21682,,0.0001,0.493,2920.0
,20.0,-10.3,0.951,,1108,67,322,21751,,0.0001,0.956,2937.0
,19.5,-10.2,0.951,,1112,67,323,21772,,0.0001,0.832,2942.0
,19.2,-10.1,0.951,,1116,67,324,21830,,0.0001,0.667,2957.0
,18.9,-10.1,0.951,,1120,67,325,21891,,0.0001,1.01,2972.0
,18.7,-10.1,0.951,,1124,67,326,21942,,0.0001,0.0178,2985.0
,18.9,-10.6,0.95,,1128,67,327,22070,,0.0001,1.15,3017.0
,18.9,-11.6,0.95,,1132,67,328,22131,,0.0001,0.664,3032.0
,19.4,-11.5,0.95,,1136,67,330,22240,,0.0001,2.07,3059.0
,18.9,-11.6,0.95,,1140,67,331,22283,,0.0001,0.504,3070.0
,18.9,-10.6,0.95,,1144,67,332,22357,,0.0001,0.176,3089.0
,18.6,-10.2,0.95,,1148,67,333,22413,,0.0001,0.989,3103.0
,19.0,-10.2,0.949,,1152,67,334,22518,,0.0001,0.347,3129.0
,19.4,-9.59,0.949,,1156,67,336,22642,,0.0001,0.983,3160.0
,19.3,-9.79,0.949,,1160,67,337,22717,,0.0001,0.366,3179.0
,19.5,-9.8,0.949,,1164,67,338,22798,,0.0001,0.513,3199.0
,18.9,-9.64,0.949,,1168,67,339,22845,,0.0001,0.525,3211.0
,20.0,-9.08,0.948,,1172,67,340,22984,,0.0001,0.181,3245.0
,19.8,-9.47,0.948,,1176,67,342,23085,,0.0001,2.15,3271.0
,20.4,-9.45,0.948,,1180,67,343,23195,,0.0001,0.177,3298.0
,20.4,-9.45,0.948,,1184,67,344,23284,,0.0001,0.361,3320.0
,19.6,-9.41,0.947,,1188,67,345,23337,,0.0001,1.01,3334.0
,20.0,-8.62,0.947,,1192,67,347,23414,,0.0001,0.0185,3353.0
,22.4,-8.42,0.947,,1196,67,348,23712,,0.0001,0.841,3427.0
,21.4,-8.38,0.947,,1200,67,349,23764,,0.0001,0.359,3440.0
,22.2,-8.57,0.946,,1204,68,351,23898,,0.0001,1.01,3474.0
,22.6,-8.59,0.946,,1208,68,352,24015,,0.0001,0.506,3503.0
,23.7,-8.43,0.946,,1212,68,353,24138,,0.0001,0.506,3534.0
,24.4,-8.61,0.945,,1216,68,355,24266,,0.0001,0.518,3566.0
,24.1,-7.75,0.945,,1220,68,356,24305,,0.0001,0.667,3576.0
,24.8,-7.78,0.945,,1224,68,357,24423,,0.0001,0.674,3605.0
,24.4,-7.6,0.945,,1228,68,358,24505,,0.0001,0.331,3626.0
,24.2,-7.75,0.945,,1232,68,359,24555,,0.0001,0.347,3638.0
,23.7,-7.93,0.945,,1236,68,361,24612,,0.0001,0.822,3652.0
,24.2,-8.1,0.944,,1240,68,362,24704,,0.0001,0.028,3675.0
,24.3,-9.11,0.944,,1244,68,363,24785,,0.0001,0.964,3696.0
,24.4,-9.52,0.944,,1248,68,364,24857,,0.0001,0.667,3714.0
,24.8,-9.69,0.944,,1252,68,366,24995,,0.0001,0.664,3748.0
,26.0,-10.3,0.943,,1256,68,367,25244,,0.0001,0.977,3810.0
,25.5,-10.3,0.943,,1260,68,368,25263,,0.0001,0.506,3815.0
,25.6,-10.3,0.943,,1264,68,369,25354,,0.0001,0.348,3838.0
,25.4,-10.3,0.943,,1268,68,370,25390,,0.0001,1.31,3847.0
,24.6,-11.1,0.943,,1272,68,372,25442,,0.0001,0.329,3860.0
,23.9,-10.9,0.943,,1276,68,373,25473,,0.0001,0.861,3868.0
,23.3,-10.9,0.943,,1280,68,374,25522,,0.0001,0.655,3880.0
,23.6,-10.9,0.942,,1284,68,375,25649,,0.0001,0.504,3912.0
,24.2,-11.1,0.942,,1288,68,376,25760,,0.0001,0.168,3939.0
,23.9,-10.9,0.942,,1292,68,377,25809,,0.0001,1.05,3952.0
,22.3,-11.6,0.942,,1296,68,379,25945,,0.0001,0.896,3986.0
,22.8,-11.7,0.941,,1300,68,380,26039,,0.0001,0.34,4009.0
,22.1,-11.5,0.941,,1304,68,381,26110,,0.0001,0.519,4027.0
,21.4,-11.5,0.941,,1308,68,382,26150,,0.0001,0.321,4037.0
,20.8,-11.7,0.941,,1312,68,383,26219,,0.0001,0.337,4054.0
,19.8,-11.5,0.941,,1316,68,384,26249,,0.0001,1.58,4062.0
,19.8,-12.3,0.941,,1320,68,385,26283,,0.0001,0.346,4070.0
,19.3,-12.3,0.941,,1324,68,387,26353,,0.0001,0.193,4088.0
,19.2,-12.5,0.941,,1328,68,388,26429,,0.0001,0.18,4107.0
,19.0,-12.3,0.94,,1332,67,389,26452,,0.0001,0.659,4112.0
,20.4,-12.4,0.94,,1336,68,390,26648,,0.0001,0.485,4161.0
,20.1,-12.4,0.94,,1340,68,391,26717,,0.0001,0.67,4179.0
,19.6,-12.3,0.94,,1344,68,392,26740,,0.0001,0.997,4184.0
,19.9,-12.5,0.94,,1348,68,394,26842,,0.0001,0.665,4210.0
,19.1,-12.1,0.939,,1352,68,395,26906,,0.0001,0.81,4226.0
,17.9,-12.2,0.939,,1356,68,396,27037,,0.0001,1.3,4259.0
,18.1,-12.2,0.939,,1360,68,397,27078,,0.0001,1.91,4269.0
,18.4,-12.4,0.939,,1364,68,399,27195,,0.0001,0.49,4298.0
,19.2,-12.5,0.939,,1368,68,400,27313,,0.0001,0.632,4328.0
,19.6,-12.3,0.938,,1372,68,401,27407,,0.0001,0.976,4351.0
,20.9,-12.7,0.938,,1376,68,403,27562,,0.0001,0.334,4390.0
,21.4,-12.8,0.938,,1380,68,404,27657,,0.0001,0.21,4414.0
,21.7,-12.9,0.937,,1384,68,405,27822,,0.0001,0.175,4455.0
,21.4,-12.5,0.937,,1388,68,407,27901,,0.0001,1.13,4475.0
,21.6,-13.5,0.937,,1392,68,408,27974,,0.0001,1.14,4493.0
,20.7,-13.0,0.937,,1396,68,409,28014,,0.0001,0.664,4503.0
,20.5,-12.9,0.937,,1400,68,410,28085,,0.0001,0.174,4521.0
,21.1,-12.7,0.937,,1404,68,411,28215,,0.0001,0.518,4553.0
,21.4,-11.7,0.936,,1408,68,412,28295,,0.0001,1.03,4573.0
,22.3,-11.7,0.936,,1412,68,414,28453,,0.0001,0.481,4613.0
,22.6,-10.7,0.936,,1416,68,415,28509,,0.0001,2.2,4627.0
,22.5,-10.7,0.936,,1420,68,416,28532,,0.0001,0.631,4632.0
,22.4,-10.7,0.936,,1424,68,417,28588,,0.0001,1.15,4646.0
,22.5,-10.8,0.935,,1428,68,418,28677,,0.0001,0.818,4669.0
,23.9,-10.6,0.935,,1432,68,420,28837,,0.0001,1.12,4709.0
,22.9,-11.1,0.935,,1436,68,421,28940,,0.0001,0.408,4734.0
,23.1,-10.1,0.935,,1440,68,422,29025,,0.0001,0.505,4756.0
,23.9,-10.2,0.934,,1444,68,424,29127,,0.0001,0.67,4781.0
,23.1,-9.97,0.934,,1448,68,425,29148,,0.0001,1.27,4786.0
,22.8,-10.2,0.934,,1452,68,426,29186,,0.0001,0.41,4796.0
,21.9,-10.0,0.934,,1456,68,427,29228,,0.0001,0.536,4806.0
,21.9,-10.0,0.934,,1460,68,428,29265,,0.0001,0.954,4816.0
,21.4,-10.0,0.934,,1464,68,429,29339,,0.0001,0.417,4834.0
,21.1,-9.79,0.934,,1468,68,430,29421,,0.0001,0.362,4855.0
,20.8,-10.1,0.934,,1472,68,431,29483,,0.0001,0.191,4870.0
,20.1,-9.94,0.933,,1476,68,432,29567,,0.0001,0.798,4891.0
,19.8,-9.78,0.933,,1480,68,433,29633,,0.0001,0.717,4908.0
,18.4,-9.52,0.933,,1484,68,434,29667,,0.0001,1.84,4916.0
,19.0,-10.0,0.933,,1488,68,436,29797,,0.0001,0.173,4949.0
,18.9,-10.1,0.933,,1492,68,437,29866,,0.0001,0.496,4966.0
,19.3,-10.2,0.933,,1496,68,438,29945,,0.0001,0.983,4986.0
,19.2,-10.4,0.932,,1500,68,439,30010,,0.0001,0.505,5002.0
,18.7,-10.6,0.932,,1504,68,440,30088,,0.0001,0.515,5021.0
,18.4,-11.3,0.932,,1508,68,442,30137,,0.0001,0.665,5034.0
,17.7,-11.3,0.932,,1512,68,443,30226,,0.0001,0.473,5056.0
,18.2,-12.3,0.932,,1516,68,444,30330,,0.0001,0.0364,5082.0
,18.4,-11.3,0.932,,1520,68,445,30369,,0.0001,2.22,5092.0
,18.3,-11.3,0.932,,1524,68,446,30420,,0.0001,0.321,5104.0
,18.9,-10.5,0.931,,1528,68,448,30566,,0.0001,0.538,5141.0
,17.6,-10.7,0.931,,1532,68,449,30594,,0.0001,0.643,5148.0
,17.3,-9.01,0.931,,1536,68,450,30668,,0.0001,2.19,5166.0
,17.0,-9.79,0.931,,1540,68,451,30723,,0.0001,0.818,5180.0
,16.5,-9.76,0.931,,1544,68,452,30776,,0.0001,0.978,5193.0
,16.9,-9.79,0.931,,1548,67,453,30836,,0.0001,0.325,5208.0
,17.2,-9.8,0.93,,1552,67,454,30902,,0.0001,0.804,5225.0
,17.8,-9.83,0.93,,1556,68,456,31012,,0.0001,0.336,5252.0
,18.2,-9.84,0.93,,1560,67,457,31082,,0.0001,0.631,5270.0
,18.1,-9.84,0.93,,1564,67,458,31145,,0.0001,0.456,5286.0
,18.1,-10.0,0.93,,1568,67,459,31231,,0.0001,0.498,5307.0
,18.1,-9.85,0.93,,1572,67,460,31292,,0.0001,0.707,5322.0
,18.1,-9.86,0.929,,1576,67,461,31375,,0.0001,0.975,5343.0
,17.7,-9.64,0.929,,1580,67,462,31404,,0.0001,0.362,5350.0
,17.7,-9.85,0.929,,1584,67,463,31438,,0.0001,0.717,5359.0
,17.1,-9.52,0.929,,1588,67,465,31507,,0.0001,0.958,5376.0
,17.0,-9.66,0.929,,1592,67,466,31563,,0.0001,0.174,5390.0
,16.9,-9.51,0.929,,1596,67,467,31634,,0.0001,0.632,5408.0
,16.7,-9.35,0.929,,1600,67,468,31684,,0.0001,0.18,5420.0
,16.5,-9.34,0.929,,1604,67,469,31741,,0.0001,0.475,5435.0
,16.9,-9.56,0.928,,1608,67,470,31822,,0.0001,0.642,5455.0
,17.1,-8.76,0.928,,1612,67,472,31938,,0.0001,0.0296,5484.0
,17.1,-8.76,0.928,,1616,67,473,32040,,0.0001,0.774,5509.0
,17.8,-9.8,0.928,,1620,67,474,32149,,0.0001,0.472,5537.0
,18.6,-8.17,0.927,,1624,67,475,32278,,0.0001,0.817,5569.0
,17.4,-8.94,0.927,,1628,67,476,32311,,0.0001,0.499,5577.0
,18.0,-8.96,0.927,,1632,67,478,32398,,0.0001,0.811,5599.0
,18.1,-10.3,0.927,,1636,67,479,32473,,0.0001,0.343,5618.0
,18.0,-10.3,0.927,,1640,67,480,32522,,0.0001,0.619,5630.0
,18.1,-10.3,0.927,,1644,67,481,32584,,0.0001,0.34,5645.0
,18.4,-10.5,0.926,,1648,67,482,32673,,0.0001,0.801,5668.0
,18.2,-10.5,0.926,,1652,67,483,32727,,0.0001,0.0268,5681.0
,17.7,-10.5,0.926,,1656,67,485,32781,,0.0001,0.766,5695.0
,18.6,-10.5,0.926,,1660,67,486,32942,,0.0001,0.315,5735.0
,18.7,-10.5,0.926,,1664,67,487,33018,,0.0001,0.0249,5754.0
,18.4,-10.5,0.926,,1668,67,488,33076,,0.0001,0.481,5768.0
,18.6,-10.7,0.925,,1672,67,489,33157,,0.0001,0.553,5789.0
,18.5,-10.8,0.925,,1676,67,491,33226,,0.0001,0.637,5806.0
,18.7,-11.0,0.925,,1680,67,492,33274,,0.0001,0.351,5818.0
,20.2,-10.7,0.925,,1684,67,493,33461,,0.0001,0.22,5865.0
,19.9,-10.7,0.925,,1688,67,494,33493,,0.0001,1.36,5873.0
,20.0,-10.5,0.924,,1692,67,495,33562,,0.0001,0.781,5890.0
,20.9,-10.6,0.924,,1696,67,497,33726,,0.0001,0.509,5931.0
,21.4,-10.6,0.924,,1700,67,498,33827,,0.0001,1.04,5956.0
,21.7,-10.5,0.924,,1704,67,499,33912,,0.0001,0.639,5977.0
,21.1,-10.5,0.924,,1708,67,500,33930,,0.0001,0.646,5982.0
,20.1,-11.3,0.924,,1712,67,501,33946,,0.0001,0.649,5986.0
,19.7,-11.3,0.923,,1716,67,502,34012,,0.0001,0.0147,6002.0
,19.8,-11.6,0.923,,1720,67,504,34130,,0.0001,0.764,6032.0
,19.5,-13.2,0.923,,1724,67,505,34232,,0.0001,2.59,6057.0
,20.4,-13.0,0.923,,1728,67,506,34346,,0.0001,0.708,6086.0
,20.6,-13.1,0.922,,1732,67,508,34457,,0.0001,0.597,6114.0
,22.2,-13.1,0.922,,1736,68,509,34695,,0.0001,1.11,6173.0
,22.5,-12.5,0.922,,1740,68,510,34768,,0.0001,1.42,6191.0
,22.8,-12.5,0.922,,1744,68,512,34859,,0.0001,0.339,6214.0
,22.3,-12.4,0.921,,1748,67,513,34900,,0.0001,1.1,6224.0
,22.3,-12.4,0.921,,1752,67,514,34954,,0.0001,0.182,6238.0
,22.1,-12.4,0.921,,1756,67,515,34988,,0.0001,0.431,6246.0
,20.9,-12.4,0.921,,1760,67,516,35035,,0.0001,0.555,6258.0
,20.8,-12.3,0.921,,1764,67,517,35094,,0.0001,2.24,6273.0
,21.5,-12.2,0.921,,1768,67,518,35227,,0.0001,0.881,6306.0
,21.9,-12.5,0.92,,1772,67,520,35343,,0.0001,1.41,6335.0
,21.9,-12.3,0.92,,1776,67,521,35413,,0.0001,0.354,6353.0
,21.6,-12.3,0.92,,1780,67,522,35435,,0.0001,0.73,6358.0
,20.1,-12.7,0.92,,1784,67,523,35473,,0.0001,0.301,6368.0
,20.1,-12.7,0.92,,1788,67,524,35501,,0.0001,0.609,6375.0
,19.9,-12.7,0.92,,1792,67,525,35552,,0.0001,0.325,6387.0
,20.2,-12.7,0.92,,1796,67,527,35748,,0.0001,0.654,6436.0
,20.1,-12.7,0.919,,1800,67,528,35838,,0.0001,0.165,6459.0
,20.8,-13.1,0.919,,1804,67,529,35995,,0.0001,0.341,6498.0
,21.8,-13.2,0.919,,1808,67,531,36111,,0.0001,0.59,6527.0
,22.8,-12.8,0.918,,1812,68,532,36225,,0.0001,0.781,6556.0
,23.5,-12.7,0.918,,1816,68,533,36364,,0.0001,0.763,6590.0
,23.1,-12.3,0.918,,1820,68,534,36439,,0.0001,0.49,6609.0
,22.3,-12.3,0.918,,1824,68,535,36460,,0.0001,1.1,6614.0
,23.3,-12.8,0.917,,1828,68,537,36677,,0.0001,0.781,6669.0
,23.1,-12.8,0.917,,1832,68,538,36769,,0.0001,0.657,6692.0
,22.1,-12.6,0.917,,1836,68,540,36903,,0.0001,0.779,6725.0
,22.1,-13.2,0.917,,1840,68,541,36983,,0.0001,1.38,6745.0
,22.3,-13.1,0.917,,1844,68,542,37085,,0.0001,0.186,6771.0
,22.7,-13.2,0.916,,1848,68,543,37172,,0.0001,0.814,6792.0
,22.9,-13.2,0.916,,1852,68,544,37242,,0.0001,0.692,6810.0
,26.6,-13.7,0.915,,1856,68,547,37652,,0.0001,0.481,6912.0
,27.8,-13.5,0.915,,1860,68,548,37811,,0.0001,0.47,6952.0
,29.6,-13.6,0.914,,1864,69,550,38049,,0.0001,0.759,7012.0
,28.6,-13.8,0.914,,1868,69,551,38091,,0.0001,0.609,7022.0
,28.2,-13.3,0.914,,1872,69,552,38162,,0.0001,0.177,7040.0
,28.2,-13.3,0.914,,1876,69,553,38230,,0.0001,0.747,7057.0
,29.2,-13.3,0.914,,1880,69,555,38351,,0.0001,1.35,7087.0
,29.5,-13.3,0.914,,1884,69,556,38424,,0.0001,0.938,7105.0
,31.2,-12.4,0.913,,1888,69,557,38621,,0.0001,1.21,7155.0
,32.0,-11.8,0.913,,1892,69,559,38749,,0.0001,1.38,7187.0
,31.1,-11.7,0.913,,1896,69,560,38860,,0.0001,0.0653,7214.0
,31.7,-11.9,0.912,,1900,69,561,39005,,0.0001,0.658,7251.0
,30.6,-11.6,0.912,,1904,69,562,39059,,0.0001,1.09,7264.0
,29.9,-11.4,0.912,,1908,69,564,39103,,0.0001,2.13,7275.0
,29.5,-11.8,0.912,,1912,69,565,39179,,0.0001,0.454,7294.0
,29.4,-12.2,0.912,,1916,69,566,39302,,0.0001,0.848,7325.0
,29.2,-12.4,0.911,,1920,69,567,39360,,0.0001,0.764,7339.0
,30.6,-12.7,0.911,,1924,69,569,39515,,0.0001,0.765,7378.0
,28.7,-12.4,0.911,,1928,69,570,39545,,0.0001,0.335,7386.0
,28.5,-12.4,0.911,,1932,69,571,39622,,0.0001,0.66,7405.0
,27.7,-12.3,0.911,,1936,69,572,39674,,0.0001,0.521,7418.0
,27.7,-12.3,0.911,,1940,69,573,39749,,0.0001,0.172,7437.0
,28.0,-11.7,0.91,,1944,69,574,39882,,0.0001,0.522,7470.0
,28.6,-11.9,0.91,,1948,69,576,40030,,0.0001,0.683,7507.0
,29.0,-12.1,0.91,,1952,69,577,40141,,0.0001,0.318,7535.0
,25.5,-10.7,0.91,,1956,69,578,40202,,0.0001,1.26,7550.0
,25.2,-11.0,0.909,,1960,69,580,40336,,0.0001,0.879,7583.0
,23.8,-10.9,0.909,,1964,69,581,40427,,0.0001,0.32,7606.0
,24.4,-10.9,0.909,,1968,69,582,40529,,0.0001,0.557,7632.0
,25.6,-10.9,0.908,,1972,69,584,40724,,0.0001,0.335,7680.0
,25.5,-10.9,0.908,,1976,69,585,40780,,0.0001,0.575,7694.0
,24.7,-10.8,0.908,,1980,69,586,40817,,0.0001,0.65,7704.0
,24.9,-10.9,0.908,,1984,69,587,40916,,0.0001,0.651,7728.0
,24.0,-11.8,0.908,,1988,69,588,41024,,0.0001,0.481,7755.0
,24.2,-12.1,0.907,,1992,69,590,41165,,0.0001,0.851,7791.0
,24.2,-12.1,0.907,,1996,69,591,41284,,0.0001,0.761,7820.0
,23.4,-11.9,0.907,,2000,69,592,41348,,0.0001,0.603,7836.0
,24.0,-12.1,0.907,,2004,69,593,41455,,0.0001,0.475,7863.0
,25.1,-12.3,0.906,,2008,69,595,41609,,0.0001,0.0299,7902.0
,26.0,-12.3,0.906,,2012,69,596,41775,,0.0001,1.38,7943.0
,25.4,-12.1,0.906,,2016,69,598,41844,,0.0001,0.396,7960.0
,25.7,-11.6,0.906,,2020,69,599,41930,,0.0001,0.486,7982.0
,25.2,-11.3,0.905,,2024,69,600,42034,,0.0001,1.61,8008.0
,25.6,-10.2,0.905,,2028,69,601,42106,,0.0001,0.965,8026.0
,25.4,-10.4,0.905,,2032,69,602,42165,,0.0001,0.138,8041.0
,25.5,-10.4,0.905,,2036,69,603,42221,,0.0001,2.17,8055.0
,25.9,-10.4,0.905,,2040,69,605,42334,,0.0001,0.595,8083.0
,25.3,-11.0,0.905,,2044,69,606,42409,,0.0001,0.749,8102.0
,25.9,-10.3,0.904,,2048,70,608,42625,,0.0001,1.92,8156.0
,26.0,-10.3,0.904,,2052,70,609,42743,,0.0001,0.779,8185.0
,26.7,-11.2,0.904,,2056,70,610,42869,,0.0001,1.25,8217.0
,25.7,-11.2,0.903,,2060,70,611,42904,,0.0001,1.05,8225.0
,25.6,-11.2,0.903,,2064,70,613,42990,,0.0001,0.714,8247.0
,24.9,-11.2,0.903,,2068,70,614,43015,,0.0001,0.184,8253.0
,23.6,-11.2,0.903,,2072,70,615,43089,,0.0001,0.142,8272.0
,23.6,-11.2,0.903,,2076,69,616,43137,,0.0001,0.781,8284.0
,24.5,-11.4,0.903,,2080,70,617,43263,,0.0001,0.454,8315.0
,24.0,-11.4,0.903,,2084,70,618,43315,,0.0001,2.17,8328.0
,23.8,-11.6,0.902,,2088,70,619,43408,,0.0001,0.897,8351.0
,23.4,-12.0,0.902,,2092,70,621,43509,,0.0001,0.34,8377.0
,23.7,-10.8,0.902,,2096,70,622,43656,,0.0001,0.732,8413.0
,23.9,-10.9,0.902,,2100,70,623,43733,,0.0001,0.813,8433.0
,23.8,-9.89,0.901,,2104,70,625,43835,,0.0001,0.457,8458.0
,22.9,-9.86,0.901,,2108,70,626,43896,,0.0001,0.439,8473.0
,21.6,-9.81,0.901,,2112,70,627,43935,,0.0001,0.171,8483.0
,21.6,-9.96,0.901,,2116,70,628,44006,,0.0001,0.182,8501.0
,22.6,-10.6,0.901,,2120,70,629,44187,,0.0001,0.489,8546.0
,22.6,-10.7,0.9,,2124,70,631,44290,,0.0001,1.29,8572.0
,23.1,-11.8,0.9,,2128,70,632,44417,,0.0001,0.584,8604.0
,23.6,-11.6,0.9,,2132,70,633,44528,,0.0001,0.734,8631.0
,23.9,-11.7,0.9,,2136,70,635,44611,,0.0001,0.156,8652.0
,24.2,-11.7,0.899,,2140,70,636,44755,,0.0001,0.0289,8688.0
,24.8,-11.2,0.899,,2144,70,637,44887,,0.0001,0.549,8721.0
,24.2,-11.6,0.899,,2148,70,639,45047,,0.0001,0.672,8761.0
,23.9,-11.4,0.898,,2152,70,640,45133,,0.0001,0.575,8783.0
,23.8,-11.3,0.898,,2156,70,641,45250,,0.0001,0.766,8812.0
,24.1,-11.4,0.898,,2160,70,642,45314,,0.0001,0.676,8828.0
,24.2,-11.7,0.898,,2164,70,644,45406,,0.0001,0.644,8851.0
,24.8,-11.7,0.898,,2168,70,645,45492,,0.0001,0.299,8872.0
,25.2,-11.7,0.897,,2172,70,646,45606,,0.0001,0.18,8901.0
,25.6,-11.3,0.897,,2176,70,647,45695,,0.0001,1.26,8923.0
,25.2,-11.2,0.897,,2180,70,649,45780,,0.0001,0.818,8944.0
,25.0,-11.2,0.897,,2184,70,650,45817,,0.0001,0.149,8954.0
,25.3,-11.2,0.897,,2188,70,651,45934,,0.0001,0.333,8983.0
,25.1,-11.0,0.896,,2192,70,652,46017,,0.0001,0.629,9004.0
,23.9,-12.1,0.896,,2196,70,653,46048,,0.0001,0.894,9011.0
,25.1,-11.8,0.896,,2200,70,655,46246,,0.0001,0.393,9061.0
,24.9,-12.6,0.896,,2204,70,656,46324,,0.0001,0.761,9080.0
,24.5,-12.5,0.896,,2208,70,657,46344,,0.0001,0.498,9085.0
,25.1,-12.4,0.896,,2212,70,658,46440,,0.0001,0.332,9109.0
,24.9,-12.3,0.895,,2216,70,659,46491,,0.0001,0.585,9122.0
,23.6,-12.1,0.895,,2220,70,660,46552,,0.0001,0.823,9137.0
,23.2,-11.9,0.895,,2224,70,661,46607,,0.0001,0.845,9151.0
,22.6,-11.9,0.895,,2228,70,663,46673,,0.0001,0.78,9168.0
,22.4,-11.9,0.895,,2232,70,664,46773,,0.0001,0.54,9193.0
,22.3,-11.8,0.895,,2236,70,665,46843,,0.0001,0.493,9210.0
,22.2,-12.0,0.894,,2240,70,666,46974,,0.0001,0.46,9243.0
,21.4,-12.4,0.894,,2244,70,667,47025,,0.0001,0.218,9256.0
,21.4,-12.8,0.894,,2248,70,669,47182,,0.0001,0.917,9295.0
,21.1,-12.8,0.894,,2252,70,670,47241,,0.0001,0.925,9310.0
,20.6,-12.8,0.894,,2256,70,671,47306,,0.0001,0.633,9326.0
,21.0,-12.6,0.893,,2260,70,672,47410,,0.0001,0.189,9352.0
,20.9,-12.3,0.893,,2264,70,674,47501,,0.0001,0.713,9375.0
,20.8,-12.1,0.893,,2268,70,675,47567,,0.0001,0.368,9391.0
,20.0,-12.1,0.893,,2272,70,676,47605,,0.0001,0.588,9401.0
,19.8,-12.3,0.893,,2276,70,677,47678,,0.0001,0.494,9419.0
,19.6,-12.3,0.893,,2280,70,678,47738,,0.0001,0.928,9434.0
,20.6,-12.3,0.892,,2284,70,680,47882,,0.0001,0.668,9470.0
,20.3,-11.4,0.892,,2288,70,681,47966,,0.0001,0.688,9491.0
,19.7,-11.6,0.892,,2292,70,682,47990,,0.0001,0.837,9497.0
,20.0,-11.6,0.892,,2296,70,683,48045,,0.0001,0.321,9511.0
,19.4,-11.2,0.892,,2300,70,684,48189,,0.0001,0.212,9547.0
,20.2,-11.2,0.891,,2304,70,686,48341,,0.0001,0.519,9585.0
,20.7,-11.2,0.891,,2308,70,687,48411,,0.0001,0.182,9602.0
,21.1,-11.3,0.891,,2312,70,688,48548,,0.0001,1.7,9636.0
,21.1,-10.5,0.891,,2316,70,689,48601,,0.0001,0.36,9650.0
,21.9,-10.7,0.89,,2320,70,691,48738,,0.0001,0.709,9684.0
,22.0,-10.7,0.89,,2324,70,692,48807,,0.0001,0.308,9701.0
,22.5,-10.8,0.89,,2328,70,693,48922,,0.0001,0.625,9730.0
,21.8,-10.8,0.89,,2332,70,694,48954,,0.0001,1.1,9738.0
,22.0,-10.8,0.89,,2336,70,695,49045,,0.0001,0.332,9761.0
,21.7,-10.8,0.889,,2340,70,697,49146,,0.0001,0.702,9786.0
,21.7,-10.8,0.889,,2344,70,698,49191,,0.0001,0.917,9797.0
,21.7,-10.8,0.889,,2348,70,699,49352,,0.0001,0.327,9837.0
,21.9,-10.8,0.889,,2352,70,700,49434,,0.0001,0.558,9858.0
,21.8,-10.8,0.889,,2356,70,702,49488,,0.0001,0.315,9871.0
,21.7,-10.8,0.888,,2360,70,703,49584,,0.0001,0.53,9895.0
,21.8,-10.8,0.888,,2364,70,704,49678,,0.0001,0.567,9919.0
,21.5,-11.0,0.888,,2368,70,705,49713,,0.0001,0.619,9928.0
,21.5,-11.0,0.888,,2372,70,706,49759,,0.0001,0.581,9939.0
,21.8,-11.2,0.888,,2376,70,707,49855,,0.0001,0.584,9963.0
,22.5,-11.0,0.888,,2380,70,709,49991,,0.0001,0.968,9997.0
,21.9,-11.0,0.887,,2384,70,710,50067,,0.0001,0.199,10016.0
,22.3,-12.0,0.887,,2388,70,711,50200,,0.0001,0.291,10049.0
,22.8,-12.1,0.887,,2392,70,712,50266,,0.0001,0.579,10066.0
,22.8,-12.3,0.887,,2396,70,714,50328,,0.0001,0.423,10081.0
,22.7,-13.0,0.886,,2400,70,715,50456,,0.0001,0.562,10113.0
,21.5,-13.0,0.886,,2404,70,716,50490,,0.0001,1.88,10122.0
,21.9,-13.3,0.886,,2408,70,717,50600,,0.0001,0.452,10149.0
,22.4,-13.3,0.886,,2412,70,719,50792,,0.0001,0.437,10197.0
,22.9,-14.1,0.885,,2416,70,720,50893,,0.0001,0.138,10223.0
,22.0,-13.9,0.885,,2420,70,721,50934,,0.0001,0.0345,10233.0
,22.2,-13.9,0.885,,2424,70,722,51024,,0.0001,0.566,10255.0
,21.4,-13.7,0.885,,2428,70,723,51067,,0.0001,0.893,10266.0
,21.9,-13.6,0.885,,2432,70,725,51148,,0.0001,0.288,10286.0
,22.3,-13.6,0.885,,2436,70,726,51275,,0.0001,0.579,10318.0
,23.3,-13.5,0.884,,2440,70,728,51477,,0.0001,0.25,10369.0
,23.6,-13.6,0.884,,2444,70,729,51556,,0.0001,0.783,10388.0
,22.9,-13.5,0.884,,2448,70,730,51644,,0.0001,0.542,10410.0
,23.6,-13.6,0.883,,2452,70,731,51795,,0.0001,0.288,10448.0
,23.3,-13.6,0.883,,2456,70,732,51815,,0.0001,0.201,10453.0
,23.3,-13.8,0.883,,2460,70,734,51918,,0.0001,0.857,10479.0
,23.3,-13.8,0.883,,2464,70,735,52007,,0.0001,1.02,10501.0
,24.1,-13.9,0.883,,2468,70,736,52127,,0.0001,2.4,10531.0
,24.9,-14.1,0.882,,2472,70,738,52247,,0.0001,0.405,10561.0
,24.3,-14.1,0.882,,2476,70,739,52283,,0.0001,0.594,10570.0
,23.9,-14.3,0.882,,2480,70,740,52385,,0.0001,0.405,10596.0
,23.8,-14.1,0.882,,2484,70,741,52445,,0.0001,0.282,10611.0
,23.7,-13.2,0.882,,2488,70,742,52569,,0.0001,0.364,10642.0
,23.8,-13.1,0.882,,2492,70,744,52650,,0.0001,0.153,10662.0
,23.6,-12.9,0.881,,2496,70,745,52691,,0.0001,0.791,10672.0
,22.9,-12.8,0.881,,2500,70,746,52749,,0.0001,0.699,10687.0
,24.9,-12.5,0.881,,2504,70,747,52983,,0.0001,0.472,10745.0
,24.9,-12.2,0.881,,2508,70,749,53091,,0.0001,0.631,10772.0
,23.9,-12.3,0.88,,2512,70,750,53180,,0.0001,0.594,10794.0
,23.5,-12.4,0.88,,2516,70,751,53245,,0.0001,0.86,10811.0
,24.8,-12.6,0.88,,2520,70,753,53411,,0.0001,0.402,10852.0
,25.4,-12.6,0.879,,2524,71,754,53565,,0.0001,0.75,10891.0
,26.2,-12.7,0.879,,2528,71,755,53691,,0.0001,1.99,10922.0
,26.9,-13.0,0.879,,2532,71,757,53835,,0.0001,0.318,10958.0
,26.7,-13.0,0.879,,2536,71,758,53947,,0.0001,0.444,10986.0
,25.4,-13.0,0.878,,2540,71,759,54022,,0.0001,0.0163,11005.0
,25.0,-12.9,0.878,,2544,71,760,54059,,0.0001,2.18,11014.0
,25.2,-12.9,0.878,,2548,71,761,54168,,0.0001,0.954,11041.0
,25.1,-12.8,0.878,,2552,71,763,54300,,0.0001,0.447,11074.0
,25.3,-12.8,0.878,,2556,71,764,54343,,0.0001,0.553,11085.0
,24.4,-12.7,0.878,,2560,71,765,54363,,0.0001,0.348,11090.0
,24.1,-12.7,0.878,,2564,71,766,54422,,0.0001,0.828,11105.0
,23.4,-12.5,0.877,,2568,70,767,54465,,0.0001,0.321,11116.0
,22.8,-12.3,0.877,,2572,70,768,54527,,0.0001,0.734,11131.0
,23.1,-12.6,0.877,,2576,70,769,54595,,0.0001,0.479,11148.0
,23.1,-11.8,0.877,,2580,70,770,54699,,0.0001,1.88,11174.0
,24.1,-12.2,0.877,,2584,71,772,54854,,0.0001,0.186,11213.0
,23.6,-12.8,0.876,,2588,71,773,54926,,0.0001,0.0281,11231.0
,23.1,-12.8,0.876,,2592,70,774,54965,,0.0001,0.337,11241.0
,23.5,-12.8,0.876,,2596,70,775,55044,,0.0001,0.576,11260.0
,23.4,-12.8,0.876,,2600,70,776,55089,,0.0001,0.524,11272.0
,21.7,-13.1,0.876,,2604,70,777,55156,,0.0001,0.295,11288.0
,21.5,-13.2,0.876,,2608,70,779,55243,,0.0001,0.429,11310.0
,21.1,-13.2,0.876,,2612,70,780,55287,,0.0001,0.659,11321.0
,21.2,-13.0,0.875,,2616,70,781,55364,,0.0001,0.615,11340.0
,20.1,-12.8,0.875,,2620,70,782,55419,,0.0001,0.241,11354.0
,20.5,-13.0,0.875,,2624,70,784,55619,,0.0001,0.439,11404.0
,20.4,-13.0,0.875,,2628,70,785,55728,,0.0001,0.863,11431.0
,19.6,-12.8,0.874,,2632,70,786,55792,,0.0001,0.452,11447.0
,19.6,-13.0,0.874,,2636,70,787,55911,,0.0001,0.824,11477.0
,19.5,-12.0,0.874,,2640,70,789,55968,,0.0001,0.924,11491.0
,20.6,-12.0,0.874,,2644,70,790,56118,,0.0001,0.228,11529.0
,20.5,-12.0,0.874,,2648,71,791,56216,,0.0001,1.05,11553.0
,20.5,-11.9,0.873,,2652,71,793,56348,,0.0001,1.57,11586.0
,21.1,-11.9,0.873,,2656,71,794,56449,,0.0001,0.891,11612.0
,22.4,-12.1,0.873,,2660,71,795,56600,,0.0001,0.189,11649.0
,23.1,-10.5,0.872,,2664,71,797,56728,,0.0001,0.561,11681.0
,24.1,-10.0,0.872,,2668,71,798,56871,,0.0001,2.21,11717.0
,24.9,-10.2,0.872,,2672,71,799,57015,,0.0001,0.0872,11753.0
,25.4,-9.94,0.871,,2676,71,801,57137,,0.0001,0.701,11784.0
,25.0,-10.7,0.871,,2680,71,802,57197,,0.0001,0.302,11799.0
,24.0,-10.5,0.871,,2684,71,803,57252,,0.0001,0.485,11812.0
,24.0,-10.7,0.871,,2688,71,804,57324,,0.0001,0.613,11830.0
,24.5,-9.73,0.871,,2692,71,805,57419,,0.0001,1.3,11854.0
,24.5,-9.89,0.871,,2696,71,807,57495,,0.0001,0.504,11873.0
,25.4,-9.74,0.87,,2700,71,808,57632,,0.0001,0.312,11907.0
,25.7,-9.75,0.87,,2704,71,809,57729,,0.0001,0.313,11932.0
,25.6,-8.79,0.87,,2708,71,810,57798,,0.0001,1.07,11949.0
,26.4,-8.83,0.87,,2712,71,812,57929,,0.0001,2.02,11982.0
,26.5,-8.83,0.869,,2716,71,813,58012,,0.0001,0.808,12002.0
,26.6,-8.83,0.869,,2720,71,814,58077,,0.0001,0.623,12019.0
,25.9,-8.87,0.869,,2724,71,815,58213,,0.0001,0.286,12053.0
,26.3,-8.83,0.869,,2728,71,817,58361,,0.0001,0.607,12090.0
,26.1,-8.82,0.869,,2732,71,818,58399,,0.0001,0.386,12099.0
,25.9,-8.0,0.868,,2736,71,819,58499,,0.0001,0.15,12124.0
,26.3,-9.18,0.868,,2740,71,820,58596,,0.0001,2.06,12148.0
,25.3,-9.14,0.868,,2744,71,821,58650,,0.0001,0.356,12162.0
,25.7,-9.46,0.868,,2748,71,823,58783,,0.0001,1.7,12195.0
,26.1,-9.64,0.867,,2752,71,824,58961,,0.0001,0.639,12240.0
,25.8,-8.78,0.867,,2756,71,826,59028,,0.0001,0.478,12256.0
,24.8,-8.58,0.867,,2760,71,827,59078,,0.0001,0.899,12269.0
,24.8,-9.99,0.867,,2764,71,828,59209,,0.0001,0.349,12302.0
,25.7,-10.5,0.866,,2768,71,830,59438,,0.0001,0.567,12359.0
,25.1,-10.4,0.866,,2772,71,831,59521,,0.0001,0.5,12380.0
,24.5,-10.4,0.866,,2776,71,832,59588,,0.0001,0.393,12396.0
,26.3,-10.0,0.865,,2780,71,834,59828,,0.0001,0.672,12456.0
,27.3,-10.2,0.865,,2784,71,835,59983,,0.0001,0.658,12495.0
,27.7,-10.2,0.865,,2788,71,836,60095,,0.0001,0.733,12523.0
,27.6,-10.8,0.865,,2792,71,838,60178,,0.0001,0.203,12544.0
,27.2,-10.6,0.865,,2796,71,839,60216,,0.0001,0.986,12553.0
,26.3,-10.8,0.864,,2800,71,840,60264,,0.0001,0.0352,12565.0
,28.3,-11.1,0.864,,2804,71,842,60559,,0.0001,0.268,12639.0
,28.1,-11.9,0.864,,2808,71,843,60610,,0.0001,0.622,12652.0
,27.7,-12.1,0.863,,2812,71,844,60703,,0.0001,0.913,12675.0
,27.9,-12.1,0.863,,2816,71,845,60803,,0.0001,0.0354,12700.0
,27.7,-11.9,0.863,,2820,71,846,60846,,0.0001,0.562,12711.0
,26.5,-11.7,0.863,,2824,71,847,60863,,0.0001,0.323,12715.0
,25.7,-11.5,0.863,,2828,71,848,60932,,0.0001,0.529,12732.0
,26.2,-11.7,0.863,,2832,71,850,61023,,0.0001,0.272,12755.0
,25.9,-11.3,0.863,,2836,71,851,61084,,0.0001,0.642,12770.0
,25.8,-11.1,0.862,,2840,71,852,61172,,0.0001,0.559,12792.0
,26.2,-11.5,0.862,,2844,71,853,61272,,0.0001,0.702,12817.0
,26.7,-11.2,0.862,,2848,71,855,61452,,0.0001,0.171,12862.0
,26.0,-11.0,0.861,,2852,71,856,61560,,0.0001,0.407,12889.0
,27.0,-11.9,0.861,,2856,71,858,61731,,0.0001,0.448,12932.0
,27.1,-10.9,0.861,,2860,71,859,61790,,0.0001,0.515,12947.0
,26.0,-11.0,0.861,,2864,71,860,61810,,0.0001,0.312,12952.0
,24.1,-10.9,0.861,,2868,71,861,61850,,0.0001,1.1,12962.0
,23.8,-10.9,0.861,,2872,71,862,61898,,0.0001,1.0,12974.0
,24.4,-11.1,0.86,,2876,71,863,62028,,0.0001,0.645,13006.0
,22.8,-11.6,0.86,,2880,71,864,62111,,0.0001,0.547,13027.0
,21.9,-11.2,0.86,,2884,71,865,62174,,0.0001,0.578,13043.0
,22.4,-11.1,0.86,,2888,71,867,62336,,0.0001,1.51,13083.0
,23.1,-11.5,0.859,,2892,71,868,62490,,0.0001,0.558,13122.0
,23.9,-11.7,0.859,,2896,71,870,62603,,0.0001,0.707,13150.0
,23.8,-11.7,0.859,,2900,71,871,62643,,0.0001,0.6,13160.0
,21.5,-11.3,0.859,,2904,71,872,62709,,0.0001,0.639,13177.0
,23.3,-11.4,0.858,,2908,72,874,62937,,0.0001,0.634,13234.0
,23.0,-10.3,0.858,,2912,71,875,63001,,0.0001,0.663,13250.0
,22.6,-10.3,0.858,,2916,71,876,63059,,0.0001,0.867,13264.0
,23.4,-10.7,0.858,,2920,71,877,63191,,0.0001,0.177,13297.0
,23.7,-10.7,0.858,,2924,71,878,63234,,0.0001,0.622,13308.0
,24.9,-10.9,0.857,,2928,72,880,63420,,0.0001,0.312,13354.0
,24.8,-10.7,0.857,,2932,72,881,63500,,0.0001,0.701,13374.0
,25.0,-11.7,0.857,,2936,72,882,63580,,0.0001,0.732,13394.0
,25.0,-11.5,0.857,,2940,72,884,63672,,0.0001,0.539,13417.0
,24.7,-11.2,0.857,,2944,72,885,63744,,0.0001,0.0494,13435.0
,23.4,-11.1,0.856,,2948,71,886,63792,,0.0001,0.246,13447.0
,23.3,-11.3,0.856,,2952,71,887,63890,,0.0001,0.443,13472.0
,23.1,-11.2,0.856,,2956,72,889,64046,,0.0001,0.772,13511.0
,24.0,-12.2,0.856,,2960,72,890,64190,,0.0001,0.439,13547.0
,24.7,-12.1,0.855,,2964,72,891,64283,,0.0001,1.07,13570.0
,25.8,-11.3,0.855,,2968,72,893,64425,,0.0001,0.605,13606.0
,26.1,-11.3,0.855,,2972,72,894,64504,,0.0001,1.59,13625.0
,25.3,-11.1,0.855,,2976,72,895,64554,,0.0001,0.594,13638.0
,25.3,-9.98,0.855,,2980,72,896,64640,,0.0001,0.323,13659.0
,25.3,-10.2,0.854,,2984,72,897,64703,,0.0001,0.31,13675.0
,24.1,-10.2,0.854,,2988,72,898,64741,,0.0001,0.299,13685.0
,23.0,-10.2,0.854,,2992,71,899,64789,,0.0001,0.199,13697.0
,22.7,-10.0,0.854,,2996,71,901,64877,,0.0001,0.406,13719.0
,23.1,-9.82,0.854,,3000,71,902,64954,,0.0001,0.059,13738.0
,23.0,-9.6,0.854,,3004,71,903,65006,,0.0001,0.774,13751.0
,21.1,-9.43,0.854,,3008,71,904,65047,,0.0001,0.602,13761.0
,21.5,-9.84,0.853,,3012,71,905,65147,,0.0001,0.365,13786.0
,21.9,-9.45,0.853,,3016,71,907,65248,,0.0001,0.196,13811.0
,21.2,-9.27,0.853,,3020,71,908,65312,,0.0001,0.622,13827.0
,21.9,-9.31,0.853,,3024,71,909,65426,,0.0001,0.774,13856.0
,20.6,-9.31,0.853,,3028,71,910,65478,,0.0001,0.696,13869.0
,20.4,-9.35,0.853,,3032,71,911,65537,,0.0001,0.551,13884.0
,20.5,-9.35,0.852,,3036,71,912,65629,,0.0001,0.0498,13907.0
,19.9,-9.52,0.852,,3040,71,914,65667,,0.0001,0.759,13916.0
,21.3,-9.88,0.852,,3044,71,915,65878,,0.0001,1.3,13969.0
,21.9,-9.9,0.852,,3048,71,916,65977,,0.0001,2.21,13994.0
,21.5,-9.73,0.851,,3052,71,918,66041,,0.0001,1.86,14010.0
,20.3,-9.73,0.851,,3056,71,919,66076,,0.0001,0.375,14018.0
,19.9,-9.71,0.851,,3060,71,920,66185,,0.0001,0.547,14046.0
,19.6,-9.9,0.851,,3064,71,921,66239,,0.0001,0.679,14059.0
,19.1,-10.7,0.851,,3068,71,922,66333,,0.0001,0.0559,14083.0
,18.8,-10.8,0.851,,3072,71,923,66386,,0.0001,1.9,14096.0
,18.9,-10.8,0.85,,3076,71,924,66449,,0.0001,0.747,14112.0
,19.7,-12.0,0.85,,3080,71,926,66613,,0.0001,0.471,14153.0
,19.7,-12.0,0.85,,3084,71,927,66674,,0.0001,0.357,14168.0
,20.2,-12.0,0.85,,3088,71,928,66762,,0.0001,0.4,14190.0
,20.4,-11.4,0.85,,3092,71,929,66830,,0.0001,0.303,14207.0
,20.3,-11.4,0.849,,3096,71,931,66906,,0.0001,0.631,14226.0
,20.0,-11.6,0.849,,3100,71,932,66953,,0.0001,0.566,14238.0
,20.2,-11.9,0.849,,3104,71,933,67025,,0.0001,0.292,14256.0
,21.8,-11.0,0.849,,3108,71,934,67230,,0.0001,0.535,14307.0
,21.7,-11.8,0.849,,3112,71,936,67317,,0.0001,0.336,14329.0
,21.4,-12.2,0.848,,3116,71,937,67389,,0.0001,0.493,14347.0
,21.1,-12.3,0.848,,3120,71,938,67427,,0.0001,0.763,14356.0
,20.3,-12.3,0.848,,3124,71,939,67453,,0.0001,0.547,14363.0
,21.0,-12.3,0.848,,3128,71,940,67582,,0.0001,0.561,14395.0
,21.8,-12.3,0.848,,3132,71,942,67720,,0.0001,0.415,14429.0
,21.2,-12.3,0.848,,3136,71,943,67747,,0.0001,0.297,14436.0
,21.4,-12.3,0.847,,3140,71,944,67808,,0.0001,0.431,14451.0
,20.0,-11.9,0.847,,3144,71,945,67875,,0.0001,1.53,14468.0
,19.3,-11.9,0.847,,3148,71,946,67907,,0.0001,1.56,14476.0
,19.1,-11.9,0.847,,3152,71,947,67953,,0.0001,0.303,14488.0
,19.8,-11.9,0.847,,3156,71,948,68054,,0.0001,0.327,14513.0
,19.4,-11.9,0.847,,3160,71,949,68127,,0.0001,0.364,14531.0
,19.3,-11.7,0.847,,3164,71,950,68172,,0.0001,0.354,14542.0
,19.9,-11.7,0.846,,3168,71,952,68324,,0.0001,0.139,14580.0
,20.2,-11.6,0.846,,3172,71,953,68411,,0.0001,0.676,14602.0
,20.4,-11.6,0.846,,3176,71,954,68486,,0.0001,0.0924,14621.0
,19.5,-11.4,0.846,,3180,71,955,68563,,0.0001,0.803,14640.0
,19.2,-11.4,0.846,,3184,71,956,68595,,0.0001,0.423,14648.0
,19.1,-11.4,0.845,,3188,71,958,68673,,0.0001,0.377,14668.0
,19.7,-12.1,0.845,,3192,71,959,68802,,0.0001,0.643,14700.0
,19.9,-12.1,0.845,,3196,71,960,68894,,0.0001,0.52,14723.0
,20.7,-12.1,0.845,,3200,71,962,69022,,0.0001,0.629,14755.0
,21.0,-11.3,0.844,,3204,71,963,69125,,0.0001,0.535,14781.0
,20.4,-12.1,0.844,,3208,71,964,69272,,0.0001,0.238,14817.0
,20.8,-12.0,0.844,,3212,71,966,69394,,0.0001,0.343,14848.0
,20.4,-11.9,0.844,,3216,71,967,69427,,0.0001,0.589,14856.0
,21.4,-12.0,0.843,,3220,71,968,69568,,0.0001,0.462,14891.0
,22.0,-10.8,0.843,,3224,71,969,69657,,0.0001,0.32,14914.0
,21.4,-10.8,0.843,,3228,71,970,69724,,0.0001,0.342,14930.0
,20.8,-10.8,0.843,,3232,71,972,69795,,0.0001,1.56,14948.0
,21.9,-10.8,0.843,,3236,71,973,69936,,0.0001,0.357,14983.0
,22.6,-10.8,0.842,,3240,71,974,70064,,0.0001,0.466,15015.0
,24.0,-11.1,0.842,,3244,71,976,70278,,0.0001,0.74,15069.0
,25.5,-11.1,0.841,,3248,72,977,70454,,0.0001,0.308,15113.0
,25.8,-11.3,0.841,,3252,72,979,70528,,0.0001,0.857,15131.0
,26.9,-11.6,0.841,,3256,72,980,70748,,0.0001,0.696,15186.0
,27.1,-11.8,0.841,,3260,72,981,70842,,0.0001,2.38,15210.0
,27.4,-11.8,0.84,,3264,72,983,70907,,0.0001,0.778,15226.0
,27.4,-11.8,0.84,,3268,72,984,71064,,0.0001,0.772,15265.0
,27.5,-11.8,0.84,,3272,72,985,71157,,0.0001,0.128,15289.0
,28.4,-12.0,0.84,,3276,72,987,71326,,0.0001,0.874,15331.0
,28.8,-12.0,0.839,,3280,72,988,71444,,0.0001,0.391,15360.0
,29.5,-12.3,0.839,,3284,72,989,71543,,0.0001,0.734,15385.0
,31.1,-11.5,0.838,,3288,72,991,71780,,0.0001,0.432,15444.0
,30.5,-11.5,0.838,,3292,72,992,71856,,0.0001,0.357,15463.0
,30.4,-11.5,0.838,,3296,72,993,71932,,0.0001,0.525,15482.0
,30.4,-11.3,0.838,,3300,72,995,72063,,0.0001,0.5,15515.0
,31.4,-11.8,0.837,,3304,72,996,72268,,0.0001,2.01,15566.0
,33.1,-12.4,0.837,,3308,72,998,72585,,0.0001,0.733,15646.0
,32.4,-12.3,0.837,,3312,72,999,72633,,0.0001,1.65,15658.0
,33.2,-12.4,0.836,,3316,72,1001,72751,,0.0001,0.864,15687.0
,32.8,-12.2,0.836,,3320,72,1002,72846,,0.0001,0.333,15711.0
,32.5,-13.5,0.836,,3324,72,1003,72908,,0.0001,0.346,15726.0
,32.4,-13.1,0.836,,3328,72,1004,72964,,0.0001,0.143,15740.0
,32.8,-13.3,0.836,,3332,72,1005,73070,,0.0001,0.662,15767.0
,31.6,-13.2,0.836,,3336,72,1006,73094,,0.0001,0.504,15773.0
,31.9,-13.4,0.835,,3340,72,1008,73256,,0.0001,0.212,15813.0
,30.5,-12.7,0.835,,3344,72,1009,73330,,0.0001,0.228,15832.0
,29.4,-12.7,0.835,,3348,72,1010,73397,,0.0001,0.324,15849.0
,29.8,-12.6,0.835,,3352,72,1011,73507,,0.0001,0.481,15876.0
,28.4,-12.4,0.834,,3356,72,1013,73588,,0.0001,2.29,15896.0
,28.8,-11.4,0.834,,3360,72,1014,73720,,0.0001,0.156,15929.0
,28.9,-10.8,0.834,,3364,72,1015,73797,,0.0001,0.694,15949.0
,28.1,-10.8,0.834,,3368,72,1016,73869,,0.0001,0.296,15967.0
,28.3,-10.8,0.834,,3372,72,1018,73983,,0.0001,0.691,15995.0
,26.9,-10.6,0.833,,3376,72,1019,74013,,0.0001,0.293,16003.0
,27.1,-10.6,0.833,,3380,72,1020,74149,,0.0001,0.671,16037.0
,27.2,-10.3,0.833,,3384,72,1021,74259,,0.0001,0.322,16064.0
,25.2,-11.1,0.833,,3388,72,1022,74300,,0.0001,1.0,16074.0
,24.8,-11.1,0.833,,3392,72,1023,74340,,0.0001,0.0931,16084.0
,24.7,-11.1,0.833,,3396,72,1025,74402,,0.0001,0.907,16100.0
,23.5,-11.3,0.833,,3400,72,1026,74414,,0.0001,1.56,16103.0
,23.0,-11.5,0.832,,3404,72,1027,74565,,0.0001,0.788,16141.0
,21.7,-10.7,0.832,,3408,72,1029,74757,,0.0001,0.92,16189.0
,22.1,-10.7,0.832,,3412,72,1030,74847,,0.0001,0.617,16211.0
,22.1,-10.7,0.831,,3416,72,1031,74961,,0.0001,0.522,16240.0
,22.4,-10.7,0.831,,3420,72,1032,75089,,0.0001,0.636,16272.0
,22.4,-10.5,0.831,,3424,72,1034,75149,,0.0001,0.434,16287.0
,22.3,-10.9,0.831,,3428,72,1035,75194,,0.0001,0.709,16298.0
,22.1,-10.8,0.831,,3432,72,1036,75275,,0.0001,0.486,16318.0
,23.1,-10.7,0.83,,3436,72,1037,75399,,0.0001,0.0326,16349.0
,23.1,-9.96,0.83,,3440,72,1039,75562,,0.0001,0.487,16390.0
,24.2,-10.5,0.83,,3444,72,1040,75746,,0.0001,0.343,16436.0
,24.9,-10.6,0.829,,3448,72,1042,75883,,0.0001,0.548,16470.0
,24.5,-10.8,0.829,,3452,72,1043,75959,,0.0001,0.147,16489.0
,25.8,-10.2,0.829,,3456,72,1044,76164,,0.0001,0.553,16540.0
,26.4,-11.1,0.828,,3460,72,1046,76365,,0.0001,0.298,16591.0
,26.1,-11.9,0.828,,3464,72,1047,76405,,0.0001,0.777,16601.0
,27.1,-11.9,0.828,,3468,73,1048,76574,,0.0001,1.04,16643.0
,27.1,-12.1,0.827,,3472,73,1050,76692,,0.0001,0.455,16672.0
,27.4,-12.1,0.827,,3476,73,1051,76755,,0.0001,0.0425,16688.0
,27.6,-10.8,0.827,,3480,73,1052,76910,,0.0001,0.218,16727.0
,27.5,-10.8,0.827,,3484,73,1054,77006,,0.0001,0.125,16751.0
,29.0,-11.2,0.826,,3488,73,1055,77198,,0.0001,0.74,16799.0
,30.2,-11.2,0.826,,3492,73,1057,77356,,0.0001,0.0472,16838.0
,30.6,-11.2,0.826,,3496,73,1058,77457,,0.0001,0.478,16864.0
,31.3,-11.4,0.826,,3500,73,1059,77541,,0.0001,0.769,16885.0
,30.9,-11.5,0.825,,3504,73,1060,77650,,0.0001,0.784,16912.0
,29.2,-11.9,0.825,,3508,73,1061,77679,,0.0001,0.958,16919.0
,30.0,-12.1,0.825,,3512,73,1063,77847,,0.0001,0.644,16961.0
,30.8,-12.3,0.824,,3516,73,1064,78039,,0.0001,0.482,17009.0
,30.2,-12.3,0.824,,3520,73,1065,78111,,0.0001,0.742,17027.0
,30.5,-12.3,0.824,,3524,73,1067,78195,,0.0001,0.255,17048.0
,30.6,-12.3,0.824,,3528,73,1068,78253,,0.0001,1.42,17063.0
,30.3,-12.3,0.824,,3532,73,1069,78304,,0.0001,0.659,17075.0
,30.6,-12.6,0.823,,3536,73,1070,78457,,0.0001,0.367,17114.0
,29.9,-13.2,0.823,,3540,73,1072,78556,,0.0001,0.72,17138.0
,29.1,-13.2,0.823,,3544,73,1073,78655,,0.0001,0.332,17163.0
,29.3,-13.2,0.823,,3548,73,1074,78812,,0.0001,0.673,17202.0
,29.2,-13.0,0.823,,3552,73,1076,78882,,0.0001,1.07,17220.0
,27.8,-13.6,0.822,,3556,73,1077,78945,,0.0001,0.555,17236.0
,26.1,-13.4,0.822,,3560,73,1078,78978,,0.0001,1.88,17244.0
,26.3,-13.4,0.822,,3564,73,1079,79036,,0.0001,0.788,17258.0
,25.3,-13.4,0.822,,3568,73,1080,79101,,0.0001,0.855,17275.0
,26.0,-13.3,0.822,,3572,73,1082,79295,,0.0001,0.149,17323.0
,26.9,-13.3,0.821,,3576,73,1083,79445,,0.0001,0.0389,17361.0
,26.4,-14.7,0.821,,3580,73,1085,79552,,0.0001,0.49,17387.0
,26.7,-14.5,0.821,,3584,73,1086,79674,,0.0001,0.346,17418.0
,25.7,-14.1,0.821,,3588,73,1087,79770,,0.0001,0.392,17442.0
,25.8,-13.3,0.82,,3592,73,1089,79937,,0.0001,0.179,17484.0
,25.5,-13.3,0.82,,3596,73,1090,80008,,0.0001,1.39,17501.0
,25.8,-13.3,0.82,,3600,73,1091,80118,,0.0001,0.151,17529.0
,26.1,-13.1,0.819,,3604,73,1093,80262,,0.0001,0.816,17565.0
,26.9,-13.3,0.819,,3608,73,1094,80372,,0.0001,0.156,17592.0
,26.8,-13.1,0.819,,3612,73,1095,80531,,0.0001,0.191,17632.0
,25.7,-12.9,0.819,,3616,73,1097,80609,,0.0001,0.911,17652.0
,25.9,-12.9,0.818,,3620,73,1098,80701,,0.0001,0.931,17675.0
,26.4,-12.9,0.818,,3624,73,1099,80837,,0.0001,0.615,17709.0
,26.2,-12.9,0.818,,3628,73,1100,80876,,0.0001,0.698,17718.0
,26.3,-12.9,0.818,,3632,73,1101,80936,,0.0001,0.353,17733.0
,25.9,-12.4,0.818,,3636,73,1103,81046,,0.0001,0.305,17761.0
,25.9,-12.4,0.817,,3640,73,1104,81147,,0.0001,0.412,17786.0
,26.2,-12.4,0.817,,3644,73,1105,81271,,0.0001,0.354,17817.0
,26.3,-12.5,0.817,,3648,73,1107,81446,,0.0001,0.469,17861.0
,26.1,-12.6,0.817,,3652,73,1108,81494,,0.0001,1.82,17873.0
,26.0,-12.5,0.817,,3656,73,1109,81543,,0.0001,0.634,17885.0
,26.8,-12.7,0.816,,3660,73,1110,81662,,0.0001,0.317,17915.0
,28.2,-12.7,0.816,,3664,73,1112,81856,,0.0001,0.338,17963.0
,28.1,-11.7,0.816,,3668,73,1113,81916,,0.0001,1.76,17978.0
,27.5,-11.8,0.815,,3672,73,1114,82041,,0.0001,0.371,18010.0
,27.2,-11.8,0.815,,3676,73,1116,82169,,0.0001,0.738,18042.0
,27.7,-11.7,0.815,,3680,73,1117,82325,,0.0001,0.646,18081.0
,28.4,-10.5,0.814,,3684,73,1119,82513,,0.0001,0.0718,18128.0
,28.4,-10.6,0.814,,3688,73,1120,82615,,0.0001,0.431,18153.0
,27.7,-11.5,0.814,,3692,73,1121,82711,,0.0001,0.385,18177.0
,28.2,-11.4,0.814,,3696,73,1123,82833,,0.0001,0.318,18208.0
,28.2,-11.3,0.813,,3700,73,1124,82941,,0.0001,0.208,18235.0
,27.6,-11.4,0.813,,3704,73,1125,83026,,0.0001,0.263,18256.0
,26.8,-11.2,0.813,,3708,73,1126,83051,,0.0001,0.778,18262.0
,27.3,-11.4,0.813,,3712,73,1128,83263,,0.0001,0.846,18315.0
,27.2,-11.4,0.813,,3716,73,1129,83330,,0.0001,2.0,18332.0
,27.7,-11.6,0.812,,3720,73,1130,83472,,0.0001,0.526,18367.0
,27.7,-10.7,0.812,,3724,73,1132,83609,,0.0001,1.34,18402.0
,28.2,-10.8,0.812,,3728,73,1133,83697,,0.0001,0.475,18424.0
,29.7,-10.8,0.811,,3732,73,1135,83908,,0.0001,0.099,18476.0
,29.4,-11.0,0.811,,3736,73,1136,83989,,0.0001,0.689,18497.0
,29.4,-10.8,0.811,,3740,73,1137,84083,,0.0001,1.11,18520.0
,29.5,-10.8,0.811,,3744,73,1139,84221,,0.0001,0.965,18555.0
,29.5,-10.6,0.81,,3748,73,1140,84393,,0.0001,0.217,18598.0
,29.9,-10.5,0.81,,3752,73,1141,84480,,0.0001,0.474,18619.0
,30.4,-10.5,0.81,,3756,73,1143,84580,,0.0001,0.508,18644.0
,30.6,-10.4,0.809,,3760,74,1144,84718,,0.0001,0.969,18679.0
,29.6,-10.4,0.809,,3764,74,1145,84815,,0.0001,0.213,18703.0
,29.5,-11.4,0.809,,3768,73,1146,84863,,0.0001,0.287,18715.0
,29.7,-11.5,0.809,,3772,74,1148,85014,,0.0001,0.206,18753.0
,30.1,-11.6,0.808,,3776,74,1149,85176,,0.0001,0.89,18793.0
,29.8,-11.6,0.808,,3780,74,1151,85302,,0.0001,0.51,18825.0
,28.1,-11.7,0.808,,3784,74,1152,85327,,0.0001,0.483,18831.0
,28.0,-11.6,0.808,,3788,74,1153,85419,,0.0001,0.227,18854.0
,27.6,-11.6,0.808,,3792,74,1154,85471,,0.0001,0.578,18867.0
,27.6,-10.4,0.807,,3796,74,1155,85597,,0.0001,0.352,18899.0
,27.1,-10.4,0.807,,3800,74,1156,85653,,0.0001,0.509,18913.0
,26.6,-10.3,0.807,,3804,74,1157,85688,,0.0001,0.256,18921.0
,26.7,-10.3,0.807,,3808,73,1158,85723,,0.0001,0.472,18930.0
,25.8,-10.2,0.807,,3812,73,1160,85845,,0.0001,0.802,18961.0
,25.8,-10.2,0.807,,3816,73,1161,85907,,0.0001,0.207,18976.0
,25.4,-10.1,0.806,,3820,73,1162,86015,,0.0001,0.314,19003.0
,24.5,-10.9,0.806,,3824,73,1163,86057,,0.0001,1.01,19014.0
,25.4,-10.9,0.806,,3828,74,1165,86238,,0.0001,0.305,19059.0
,24.5,-10.9,0.806,,3832,74,1166,86354,,0.0001,0.516,19088.0
,24.8,-10.9,0.805,,3836,74,1167,86464,,0.0001,0.137,19115.0
,25.8,-9.89,0.805,,3840,74,1169,86666,,0.0001,2.18,19166.0
,25.1,-8.85,0.805,,3844,74,1170,86736,,0.0001,0.234,19183.0
,23.8,-8.79,0.805,,3848,74,1171,86770,,0.0001,1.64,19192.0
,23.3,-8.77,0.805,,3852,74,1172,86811,,0.0001,0.178,19202.0
,22.7,-8.74,0.805,,3856,73,1173,86853,,0.0001,0.654,19213.0
,22.6,-8.87,0.804,,3860,74,1175,86978,,0.0001,0.379,19244.0
,22.0,-8.85,0.804,,3864,73,1176,87017,,0.0001,0.459,19254.0
,21.9,-8.84,0.804,,3868,73,1177,87052,,0.0001,0.673,19262.0
,21.5,-8.47,0.804,,3872,73,1178,87165,,0.0001,0.913,19291.0
,20.4,-8.21,0.804,,3876,73,1179,87218,,0.0001,0.529,19304.0
,19.6,-8.17,0.804,,3880,73,1180,87259,,0.0001,0.237,19314.0
,20.6,-8.96,0.803,,3884,73,1182,87383,,0.0001,0.0855,19345.0
,20.2,-8.93,0.803,,3888,73,1183,87442,,0.0001,0.688,19360.0
,20.6,-7.95,0.803,,3892,73,1184,87534,,0.0001,0.175,19383.0
,20.8,-9.16,0.803,,3896,73,1185,87674,,0.0001,0.385,19418.0
,21.4,-9.19,0.802,,3900,73,1187,87794,,0.0001,0.168,19448.0
,22.1,-9.02,0.802,,3904,73,1188,87894,,0.0001,0.151,19473.0
,23.3,-9.23,0.802,,3908,73,1189,88050,,0.0001,0.377,19512.0
,23.0,-9.01,0.802,,3912,73,1191,88146,,0.0001,0.807,19536.0
,24.1,-8.86,0.801,,3916,74,1192,88314,,0.0001,0.736,19578.0
,23.8,-8.98,0.801,,3920,74,1193,88391,,0.0001,0.542,19597.0
,24.1,-9.0,0.801,,3924,74,1195,88470,,0.0001,0.487,19617.0
,23.4,-8.97,0.801,,3928,74,1196,88576,,0.0001,0.583,19643.0
,22.7,-8.95,0.801,,3932,74,1197,88624,,0.0001,1.61,19655.0
,22.2,-8.93,0.8,,3936,73,1198,88682,,0.0001,0.392,19670.0
,21.1,-8.34,0.8,,3940,73,1199,88778,,0.0001,0.481,19694.0
,21.1,-9.49,0.8,,3944,73,1201,88843,,0.0001,0.471,19710.0
,22.0,-9.67,0.8,,3948,73,1202,88968,,0.0001,0.73,19741.0
,22.9,-9.71,0.8,,3952,74,1203,89103,,0.0001,0.0839,19775.0
,23.8,-9.74,0.799,,3956,74,1205,89231,,0.0001,0.957,19807.0
,22.9,-9.55,0.799,,3960,74,1206,89272,,0.0001,0.188,19817.0
,23.2,-9.56,0.799,,3964,73,1207,89334,,0.0001,0.915,19833.0
,23.7,-9.72,0.799,,3968,73,1208,89426,,0.0001,0.577,19856.0
,25.0,-9.99,0.798,,3972,74,1210,89663,,0.0001,0.452,19915.0
,25.9,-10.2,0.798,,3976,74,1211,89806,,0.0001,0.36,19951.0
,26.3,-10.2,0.798,,3980,74,1213,89892,,0.0001,0.326,19972.0
,26.4,-10.9,0.797,,3984,74,1214,90025,,0.0001,0.224,20006.0
,26.6,-10.9,0.797,,3988,74,1215,90106,,0.0001,0.593,20026.0
,28.3,-12.0,0.797,,3992,74,1217,90360,,0.0001,0.206,20089.0
,27.5,-11.9,0.797,,3996,74,1218,90428,,0.0001,0.867,20106.0
,27.8,-11.6,0.796,,4000,74,1219,90570,,0.0001,0.361,20142.0
,27.9,-12.0,0.796,,4004,74,1221,90680,,0.0001,0.595,20169.0
,26.5,-11.8,0.796,,4008,74,1222,90703,,0.0001,0.274,20175.0
,26.5,-10.8,0.796,,4012,74,1223,90797,,0.0001,0.252,20199.0
,26.2,-10.9,0.795,,4016,74,1224,90939,,0.0001,1.29,20234.0
,26.3,-10.8,0.795,,4020,74,1226,91018,,0.0001,1.16,20254.0
,26.6,-10.6,0.795,,4024,74,1227,91127,,0.0001,0.311,20281.0
,26.6,-10.6,0.795,,4028,74,1228,91239,,0.0001,0.656,20309.0
,26.6,-10.6,0.795,,4032,74,1229,91280,,0.0001,0.0432,20319.0
,26.2,-10.6,0.795,,4036,74,1230,91304,,0.0001,0.588,20325.0
,25.9,-12.4,0.794,,4040,74,1231,91364,,0.0001,0.462,20340.0
,26.7,-12.3,0.794,,4044,74,1233,91510,,0.0001,0.637,20377.0
,27.1,-12.3,0.794,,4048,74,1234,91682,,0.0001,0.483,20420.0
,26.8,-12.3,0.793,,4052,74,1236,91779,,0.0001,0.354,20444.0
,27.2,-12.4,0.793,,4056,74,1237,91949,,0.0001,0.5,20487.0
,27.9,-12.4,0.793,,4060,74,1239,92058,,0.0001,0.606,20514.0
,28.6,-12.5,0.793,,4064,74,1240,92196,,0.0001,0.32,20548.0
,30.2,-12.4,0.792,,4068,74,1242,92446,,0.0001,0.484,20611.0
,28.7,-12.2,0.792,,4072,74,1243,92534,,0.0001,0.399,20633.0
,28.0,-12.3,0.792,,4076,74,1244,92602,,0.0001,0.176,20650.0
,27.5,-12.3,0.792,,4080,74,1245,92639,,0.0001,0.369,20659.0
,27.2,-12.3,0.791,,4084,74,1246,92748,,0.0001,0.415,20686.0
,28.0,-12.1,0.791,,4088,74,1248,92905,,0.0001,1.05,20726.0
,26.2,-12.0,0.791,,4092,74,1249,92979,,0.0001,0.332,20744.0
,26.3,-12.0,0.791,,4096,74,1250,93059,,0.0001,0.527,20764.0
,26.6,-12.3,0.79,,4100,74,1252,93233,,0.0001,1.72,20808.0
,27.2,-12.2,0.79,,4104,74,1253,93402,,0.0001,0.444,20850.0
,27.1,-12.2,0.79,,4108,74,1254,93414,,0.0001,0.386,20853.0
,26.8,-13.2,0.79,,4112,74,1255,93481,,0.0001,1.34,20870.0
,26.3,-13.4,0.789,,4116,74,1257,93565,,0.0001,0.0686,20891.0
,26.6,-12.4,0.789,,4120,74,1258,93683,,0.0001,0.667,20920.0
,26.8,-12.6,0.789,,4124,74,1259,93805,,0.0001,0.644,20951.0
,26.1,-12.6,0.789,,4128,74,1260,93850,,0.0001,0.157,20962.0
,26.5,-12.7,0.789,,4132,74,1262,93934,,0.0001,0.495,20983.0
,26.8,-12.8,0.789,,4136,74,1263,93984,,0.0001,0.151,20995.0
,26.9,-12.9,0.788,,4140,74,1264,94059,,0.0001,0.176,21014.0
,25.8,-12.9,0.788,,4144,74,1265,94094,,0.0001,0.7,21023.0
,24.7,-12.7,0.788,,4148,74,1266,94154,,0.0001,0.614,21038.0
,24.7,-12.3,0.788,,4152,74,1267,94252,,0.0001,0.306,21062.0
,23.8,-12.1,0.788,,4156,74,1268,94327,,0.0001,1.89,21081.0
,24.5,-12.6,0.787,,4160,74,1270,94506,,0.0001,0.817,21126.0
,23.8,-12.6,0.787,,4164,74,1271,94574,,0.0001,0.363,21143.0
,21.7,-12.3,0.787,,4168,74,1272,94619,,0.0001,0.701,21154.0
,22.7,-12.5,0.787,,4172,74,1274,94800,,0.0001,0.381,21199.0
,23.2,-12.5,0.786,,4176,74,1275,94925,,0.0001,1.24,21231.0
,25.0,-11.8,0.786,,4180,74,1277,95137,,0.0001,0.613,21284.0
,25.0,-11.6,0.786,,4184,74,1278,95249,,0.0001,0.318,21312.0
,24.1,-11.8,0.786,,4188,74,1279,95316,,0.0001,0.988,21328.0
,24.8,-11.7,0.785,,4192,74,1281,95461,,0.0001,0.287,21365.0
,24.5,-11.7,0.785,,4196,74,1282,95510,,0.0001,0.387,21377.0
,23.9,-11.7,0.785,,4200,74,1283,95627,,0.0001,0.404,21406.0
,22.9,-11.7,0.785,,4204,74,1284,95688,,0.0001,0.0726,21421.0
,23.5,-11.0,0.785,,4208,74,1285,95766,,0.0001,0.561,21441.0
,23.4,-11.0,0.784,,4212,74,1286,95823,,0.0001,0.388,21455.0
,25.0,-10.1,0.784,,4216,74,1288,96068,,0.0001,0.322,21516.0
,24.7,-11.4,0.784,,4220,74,1289,96149,,0.0001,0.64,21537.0
,24.4,-11.4,0.783,,4224,74,1291,96249,,0.0001,0.455,21562.0
,26.1,-11.7,0.783,,4228,74,1292,96457,,0.0001,0.245,21614.0
,26.6,-11.9,0.783,,4232,74,1294,96591,,0.0001,1.41,21647.0
,27.3,-11.9,0.782,,4236,74,1295,96711,,0.0001,0.969,21677.0
,27.0,-11.5,0.782,,4240,74,1296,96759,,0.0001,0.0452,21689.0
,26.9,-11.5,0.782,,4244,74,1297,96786,,0.0001,0.622,21696.0
,28.7,-11.6,0.782,,4248,74,1299,97026,,0.0001,0.227,21756.0
,29.4,-12.5,0.781,,4252,74,1300,97197,,0.0001,0.225,21799.0
,29.6,-12.5,0.781,,4256,74,1302,97285,,0.0001,0.558,21821.0
,29.3,-12.1,0.781,,4260,74,1303,97437,,0.0001,0.00759,21859.0
,30.0,-12.4,0.78,,4264,74,1305,97570,,0.0001,0.506,21892.0
,30.2,-12.2,0.78,,4268,74,1306,97637,,0.0001,1.77,21909.0
,29.5,-12.0,0.78,,4272,74,1307,97750,,0.0001,0.307,21937.0
,29.1,-12.0,0.78,,4276,74,1308,97840,,0.0001,0.163,21959.0
,27.8,-12.8,0.78,,4280,74,1309,97921,,0.0001,0.6,21980.0
,27.4,-12.8,0.78,,4284,74,1311,97988,,0.0001,0.395,21996.0
,27.6,-12.8,0.779,,4288,74,1312,98074,,0.0001,0.183,22018.0
,27.1,-13.0,0.779,,4292,74,1313,98173,,0.0001,0.873,22043.0
,27.5,-13.0,0.779,,4296,74,1314,98257,,0.0001,0.371,22064.0
,27.8,-13.1,0.779,,4300,74,1316,98405,,0.0001,0.355,22101.0
,27.6,-13.1,0.778,,4304,74,1317,98446,,0.0001,1.37,22111.0
,27.8,-13.8,0.778,,4308,74,1318,98543,,0.0001,0.464,22135.0
,28.6,-13.8,0.778,,4312,74,1319,98680,,0.0001,0.189,22169.0
,26.6,-14.6,0.778,,4316,74,1320,98732,,0.0001,0.273,22182.0
,27.2,-14.5,0.778,,4320,74,1322,98868,,0.0001,0.647,22216.0
,27.2,-14.5,0.777,,4324,74,1323,98966,,0.0001,0.212,22241.0
,25.8,-14.1,0.777,,4328,74,1324,99033,,0.0001,0.423,22258.0
,25.4,-13.9,0.777,,4332,74,1326,99127,,0.0001,0.336,22281.0
,26.1,-14.0,0.777,,4336,74,1327,99325,,0.0001,0.471,22331.0
,26.3,-14.2,0.776,,4340,74,1328,99393,,0.0001,0.403,22348.0
,27.1,-14.2,0.776,,4344,74,1330,99491,,0.0001,0.37,22372.0
,25.8,-14.2,0.776,,4348,74,1331,99607,,0.0001,0.382,22401.0
,24.6,-13.7,0.776,,4352,74,1332,99659,,0.0001,0.314,22414.0
,25.8,-12.8,0.775,,4356,74,1334,99861,,0.0001,0.345,22465.0
,25.0,-12.3,0.775,,4360,74,1335,99940,,0.0001,1.77,22484.0
,24.9,-12.0,0.775,,4364,74,1337,100056,,0.0001,0.568,22513.0
,26.4,-12.9,0.774,,4368,74,1339,100275,,0.0001,0.549,22568.0
,25.7,-12.9,0.774,,4372,74,1340,100317,,0.0001,0.508,22579.0
,25.2,-12.7,0.774,,4376,74,1341,100363,,0.0001,0.271,22590.0
,25.1,-12.7,0.774,,4380,74,1342,100432,,0.0001,0.25,22607.0
,25.4,-12.9,0.774,,4384,74,1343,100530,,0.0001,0.184,22632.0
,25.5,-12.9,0.774,,4388,74,1344,100620,,0.0001,0.462,22654.0
,25.4,-12.7,0.773,,4392,74,1346,100717,,0.0001,0.571,22679.0
,25.3,-12.7,0.773,,4396,74,1347,100791,,0.0001,0.452,22697.0
,24.9,-12.6,0.773,,4400,74,1348,100897,,0.0001,0.526,22724.0
,26.2,-12.8,0.773,,4404,74,1350,101064,,0.0001,0.444,22765.0
,26.1,-12.9,0.772,,4408,74,1351,101148,,0.0001,2.17,22786.0
,25.6,-11.9,0.772,,4412,74,1352,101238,,0.0001,0.664,22809.0
,25.8,-11.9,0.772,,4416,74,1353,101310,,0.0001,0.326,22827.0
,24.7,-11.7,0.772,,4420,74,1354,101338,,0.0001,0.34,22834.0
,24.9,-12.0,0.772,,4424,74,1356,101457,,0.0001,0.579,22864.0
,25.9,-12.1,0.771,,4428,74,1357,101628,,0.0001,0.669,22906.0
,26.3,-12.3,0.771,,4432,74,1359,101758,,0.0001,0.352,22939.0
,25.3,-12.2,0.771,,4436,74,1360,101854,,0.0001,0.169,22963.0
,25.4,-12.2,0.771,,4440,74,1361,101938,,0.0001,0.42,22984.0
,25.9,-11.4,0.77,,4444,74,1363,102080,,0.0001,0.321,23019.0
,26.9,-11.6,0.77,,4448,74,1364,102300,,0.0001,1.19,23074.0
,27.7,-11.6,0.77,,4452,74,1366,102428,,0.0001,0.21,23106.0
,27.1,-12.4,0.769,,4456,75,1367,102568,,0.0001,0.298,23141.0
,27.0,-12.9,0.769,,4460,74,1368,102639,,0.0001,0.692,23159.0
,27.5,-12.7,0.769,,4464,75,1370,102804,,0.0001,0.481,23200.0
,26.8,-12.2,0.768,,4468,75,1371,102953,,0.0001,1.2,23238.0
,28.3,-12.3,0.768,,4472,75,1373,103143,,0.0001,2.22,23285.0
,28.7,-12.1,0.768,,4476,75,1374,103231,,0.0001,0.695,23307.0
,29.4,-12.3,0.767,,4480,75,1375,103369,,0.0001,0.595,23342.0
,29.6,-12.3,0.767,,4484,75,1377,103493,,0.0001,0.588,23373.0
,29.1,-12.3,0.767,,4488,75,1378,103534,,0.0001,0.5,23383.0
,29.8,-12.3,0.767,,4492,75,1379,103701,,0.0001,0.155,23425.0
,29.8,-12.4,0.767,,4496,75,1380,103767,,0.0001,0.35,23441.0
,29.3,-12.4,0.766,,4500,75,1382,103828,,0.0001,0.0412,23456.0
,28.3,-12.2,0.766,,4504,75,1383,103894,,0.0001,0.496,23473.0
,29.1,-12.2,0.766,,4508,75,1384,104057,,0.0001,3.06,23514.0
,29.2,-13.3,0.766,,4512,75,1385,104157,,0.0001,1.11,23539.0
,29.5,-13.1,0.765,,4516,75,1387,104262,,0.0001,0.507,23565.0
,30.5,-13.1,0.765,,4520,75,1388,104384,,0.0001,0.187,23595.0
,31.2,-13.3,0.765,,4524,75,1390,104575,,0.0001,0.917,23643.0
,30.4,-13.4,0.765,,4528,75,1391,104664,,0.0001,0.828,23665.0
,30.6,-13.1,0.764,,4532,75,1392,104822,,0.0001,0.311,23705.0
,30.6,-13.1,0.764,,4536,75,1394,104909,,0.0001,1.02,23727.0
,30.5,-13.1,0.764,,4540,75,1395,104988,,0.0001,0.168,23746.0
,29.7,-13.9,0.764,,4544,75,1396,105052,,0.0001,0.627,23762.0
,28.3,-13.7,0.763,,4548,75,1397,105130,,0.0001,0.42,23782.0
,27.3,-13.6,0.763,,4552,75,1398,105160,,0.0001,0.0632,23789.0
,26.5,-13.7,0.763,,4556,75,1399,105219,,0.0001,0.511,23804.0
,26.5,-13.7,0.763,,4560,75,1400,105287,,0.0001,0.754,23821.0
,25.9,-13.8,0.763,,4564,75,1402,105389,,0.0001,0.987,23847.0
,25.2,-14.0,0.763,,4568,75,1403,105470,,0.0001,0.0699,23867.0
,24.0,-13.7,0.763,,4572,75,1404,105542,,0.0001,0.158,23885.0
,24.1,-13.9,0.762,,4576,75,1405,105642,,0.0001,0.416,23910.0
,23.8,-13.7,0.762,,4580,75,1407,105752,,0.0001,0.0152,23937.0
,24.2,-14.0,0.762,,4584,75,1408,105916,,0.0001,0.152,23978.0
,24.2,-14.0,0.762,,4588,75,1409,105959,,0.0001,0.337,23989.0
,24.4,-14.1,0.761,,4592,75,1411,106144,,0.0001,0.0332,24035.0
,24.3,-13.9,0.761,,4596,75,1412,106197,,0.0001,0.368,24049.0
,25.6,-14.1,0.761,,4600,75,1413,106387,,0.0001,0.549,24096.0
,26.3,-13.9,0.76,,4604,75,1415,106521,,0.0001,0.668,24130.0
,25.5,-13.7,0.76,,4608,75,1416,106610,,0.0001,0.478,24152.0
,26.5,-13.8,0.76,,4612,75,1418,106806,,0.0001,0.514,24201.0
,26.4,-13.3,0.759,,4616,75,1419,106905,,0.0001,0.504,24226.0
,25.7,-13.3,0.759,,4620,75,1420,106956,,0.0001,0.662,24238.0
,24.4,-12.9,0.759,,4624,75,1421,107011,,0.0001,0.377,24252.0
,23.9,-12.7,0.759,,4628,75,1422,107053,,0.0001,0.845,24263.0
,23.0,-12.9,0.759,,4632,75,1423,107126,,0.0001,0.538,24281.0
,23.1,-12.9,0.759,,4636,75,1425,107217,,0.0001,0.827,24304.0
,22.7,-12.8,0.759,,4640,75,1426,107260,,0.0001,0.0107,24314.0
,23.2,-12.8,0.758,,4644,75,1428,107374,,0.0001,0.352,24343.0
,23.8,-12.9,0.758,,4648,75,1429,107512,,0.0001,0.0759,24377.0
,23.8,-12.9,0.758,,4652,75,1430,107538,,0.0001,1.56,24384.0
,24.1,-13.0,0.758,,4656,75,1431,107630,,0.0001,0.599,24407.0
,23.9,-12.9,0.758,,4660,75,1433,107678,,0.0001,0.404,24419.0
,23.6,-12.5,0.758,,4664,75,1434,107752,,0.0001,0.455,24437.0
,24.0,-11.6,0.757,,4668,75,1435,107868,,0.0001,0.367,24466.0
,23.6,-11.8,0.757,,4672,75,1436,107903,,0.0001,1.02,24475.0
,23.8,-11.8,0.757,,4676,75,1438,108019,,0.0001,0.712,24504.0
,23.2,-11.0,0.757,,4680,75,1439,108076,,0.0001,0.352,24518.0
,22.1,-10.5,0.757,,4684,75,1440,108127,,0.0001,0.193,24531.0
,22.7,-9.72,0.756,,4688,75,1441,108225,,0.0001,0.223,24556.0
,21.3,-9.66,0.756,,4692,75,1442,108276,,0.0001,0.422,24568.0
,21.8,-9.68,0.756,,4696,75,1444,108379,,0.0001,0.421,24594.0
,20.9,-9.8,0.756,,4700,75,1445,108472,,0.0001,0.0143,24617.0
,20.4,-9.39,0.756,,4704,75,1446,108564,,0.0001,0.601,24640.0
,20.1,-9.32,0.756,,4708,75,1447,108620,,0.0001,0.388,24654.0
,19.0,-9.43,0.755,,4712,75,1449,108705,,0.0001,0.714,24676.0
,18.7,-9.86,0.755,,4716,75,1450,108779,,0.0001,1.04,24694.0
,19.2,-10.1,0.755,,4720,75,1451,108878,,0.0001,0.197,24719.0
,19.8,-10.1,0.755,,4724,75,1452,108994,,0.0001,0.534,24748.0
,20.4,-10.1,0.755,,4728,75,1454,109093,,0.0001,0.999,24773.0
,21.0,-9.94,0.754,,4732,75,1455,109224,,0.0001,0.349,24805.0
,21.0,-9.11,0.754,,4736,75,1456,109321,,0.0001,0.81,24830.0
,21.4,-9.14,0.754,,4740,75,1458,109405,,0.0001,0.703,24851.0
,21.3,-9.02,0.754,,4744,75,1459,109500,,0.0001,0.343,24874.0
,21.0,-8.45,0.753,,4748,75,1460,109610,,0.0001,0.463,24902.0
,22.9,-8.84,0.753,,4752,75,1462,109833,,0.0001,0.562,24958.0
,23.2,-8.84,0.753,,4756,75,1463,109949,,0.0001,0.393,24987.0
,23.9,-7.88,0.752,,4760,75,1465,110072,,0.0001,0.647,25017.0
,23.6,-8.27,0.752,,4764,75,1466,110108,,0.0001,0.699,25026.0
,23.2,-9.06,0.752,,4768,75,1467,110189,,0.0001,0.234,25047.0
,23.2,-9.06,0.752,,4772,75,1468,110227,,0.0001,0.203,25056.0
,23.1,-9.05,0.752,,4776,75,1469,110326,,0.0001,0.688,25081.0
,23.5,-9.87,0.752,,4780,75,1471,110426,,0.0001,0.306,25106.0
,24.1,-9.89,0.751,,4784,75,1472,110537,,0.0001,0.516,25134.0
,24.9,-10.7,0.751,,4788,75,1473,110710,,0.0001,0.561,25177.0
,24.9,-9.93,0.751,,4792,75,1475,110770,,0.0001,0.33,25192.0
,24.7,-9.93,0.751,,4796,75,1476,110852,,0.0001,0.486,25212.0
,24.8,-9.63,0.75,,4800,75,1477,110947,,0.0001,0.386,25236.0
,24.5,-10.4,0.75,,4804,75,1478,111011,,0.0001,1.72,25252.0
,24.3,-10.2,0.75,,4808,75,1479,111054,,0.0001,0.173,25263.0
,24.1,-10.0,0.75,,4812,75,1480,111110,,0.0001,0.176,25277.0
,25.1,-9.89,0.75,,4816,75,1482,111290,,0.0001,0.483,25322.0
,25.2,-9.72,0.749,,4820,75,1483,111396,,0.0001,0.477,25348.0
,25.0,-9.57,0.749,,4824,75,1485,111490,,0.0001,0.195,25372.0
,24.7,-9.75,0.749,,4828,75,1486,111560,,0.0001,0.407,25389.0
,24.2,-9.73,0.749,,4832,75,1487,111642,,0.0001,0.504,25410.0
,24.5,-10.2,0.749,,4836,75,1488,111774,,0.0001,0.994,25443.0
,24.4,-10.3,0.748,,4840,75,1489,111847,,0.0001,0.634,25461.0
,25.0,-10.6,0.748,,4844,75,1491,112004,,0.0001,0.29,25500.0
,24.6,-11.1,0.748,,4848,75,1492,112074,,0.0001,0.494,25518.0
,23.6,-10.8,0.748,,4852,75,1494,112197,,0.0001,0.291,25549.0
,24.4,-10.9,0.747,,4856,75,1495,112386,,0.0001,0.354,25596.0
,23.9,-11.9,0.747,,4860,75,1496,112462,,0.0001,2.39,25615.0
,24.8,-12.0,0.747,,4864,75,1498,112585,,0.0001,0.641,25646.0
,26.1,-12.2,0.746,,4868,75,1499,112794,,0.0001,0.483,25698.0
,26.6,-12.2,0.746,,4872,75,1501,112892,,0.0001,0.219,25722.0
,26.6,-12.2,0.746,,4876,75,1502,112981,,0.0001,0.675,25745.0
,26.9,-12.2,0.745,,4880,75,1503,113115,,0.0001,0.187,25778.0
,27.5,-12.2,0.745,,4884,75,1505,113289,,0.0001,0.331,25822.0
,27.6,-12.2,0.745,,4888,75,1506,113465,,0.0001,0.923,25866.0
,27.9,-13.0,0.744,,4892,75,1508,113559,,0.0001,0.618,25889.0
,28.4,-13.2,0.744,,4896,75,1509,113692,,0.0001,0.155,25922.0
,28.3,-12.2,0.744,,4900,75,1510,113776,,0.0001,0.919,25943.0
,29.3,-12.3,0.744,,4904,75,1512,113945,,0.0001,0.413,25986.0
,29.9,-12.5,0.743,,4908,75,1513,114044,,0.0001,0.638,26010.0
,30.1,-12.5,0.743,,4912,75,1514,114118,,0.0001,0.47,26029.0
,29.5,-12.9,0.743,,4916,75,1516,114241,,0.0001,0.202,26060.0
,29.4,-12.6,0.743,,4920,75,1517,114333,,0.0001,0.528,26083.0
,29.0,-11.9,0.743,,4924,75,1518,114392,,0.0001,0.54,26097.0
,29.3,-11.7,0.742,,4928,75,1519,114488,,0.0001,0.975,26121.0
,29.5,-11.7,0.742,,4932,75,1520,114588,,0.0001,0.559,26146.0
,28.9,-12.1,0.742,,4936,75,1522,114668,,0.0001,0.505,26166.0
,28.6,-11.9,0.742,,4940,75,1523,114705,,0.0001,0.348,26176.0
,27.7,-11.9,0.742,,4944,75,1524,114772,,0.0001,0.32,26192.0
,28.0,-11.6,0.742,,4948,75,1525,114878,,0.0001,0.567,26219.0
,27.5,-11.1,0.741,,4952,75,1526,114946,,0.0001,0.0553,26236.0
,26.2,-11.1,0.741,,4956,75,1528,115006,,0.0001,0.199,26251.0
,26.9,-10.1,0.741,,4960,75,1529,115149,,0.0001,0.421,26287.0
,27.4,-10.2,0.741,,4964,75,1530,115325,,0.0001,0.302,26331.0
,25.8,-10.0,0.74,,4968,75,1532,115377,,0.0001,0.892,26344.0
,25.6,-10.0,0.74,,4972,75,1533,115451,,0.0001,0.324,26362.0
,25.7,-9.42,0.74,,4976,75,1534,115549,,0.0001,0.651,26387.0
,26.0,-9.58,0.74,,4980,75,1536,115716,,0.0001,0.178,26428.0
,26.0,-8.96,0.739,,4984,75,1537,115887,,0.0001,0.0547,26471.0
,25.2,-8.93,0.739,,4988,75,1538,115987,,0.0001,0.0137,26496.0
,25.8,-8.75,0.739,,4992,75,1540,116140,,0.0001,0.377,26534.0
,25.0,-8.37,0.739,,4996,75,1541,116190,,0.0001,0.436,26547.0
,25.3,-9.35,0.738,,5000,75,1542,116302,,0.0001,0.96,26575.0
,24.4,-9.17,0.738,,5004,75,1543,116388,,0.0001,0.689,26596.0
,23.9,-9.15,0.738,,5008,75,1545,116433,,0.0001,0.64,26608.0
,24.2,-9.17,0.738,,5012,75,1546,116542,,0.0001,0.843,26635.0
,24.6,-8.18,0.737,,5016,75,1547,116699,,0.0001,0.997,26674.0
,24.3,-8.37,0.737,,5020,75,1548,116765,,0.0001,1.27,26691.0
,25.1,-9.33,0.737,,5024,75,1550,116902,,0.0001,1.59,26725.0
,24.8,-9.31,0.737,,5028,75,1551,116966,,0.0001,0.585,26741.0
,24.9,-9.31,0.737,,5032,75,1552,117075,,0.0001,0.831,26768.0
,24.5,-9.3,0.736,,5036,75,1553,117116,,0.0001,0.672,26778.0
,25.5,-9.5,0.736,,5040,75,1555,117256,,0.0001,0.655,26813.0
,26.0,-9.52,0.736,,5044,75,1556,117368,,0.0001,0.626,26841.0
,25.8,-9.52,0.736,,5048,75,1557,117457,,0.0001,0.341,26864.0
,26.6,-9.95,0.735,,5052,75,1559,117603,,0.0001,0.0345,26900.0
,27.9,-10.2,0.735,,5056,75,1560,117797,,0.0001,0.223,26949.0
,27.1,-11.1,0.735,,5060,75,1562,117857,,0.0001,0.514,26964.0
,26.8,-11.2,0.734,,5064,75,1563,118007,,0.0001,0.55,27001.0
,27.1,-10.2,0.734,,5068,75,1564,118091,,0.0001,0.53,27022.0
,27.7,-10.2,0.734,,5072,75,1566,118224,,0.0001,0.36,27055.0
,27.7,-10.8,0.734,,5076,75,1567,118322,,0.0001,0.343,27080.0
,27.3,-10.6,0.733,,5080,75,1568,118448,,0.0001,0.178,27111.0
,27.2,-11.3,0.733,,5084,75,1570,118603,,0.0001,0.304,27150.0
,26.9,-11.3,0.733,,5088,75,1571,118682,,0.0001,0.0349,27170.0
,26.6,-11.8,0.733,,5092,75,1572,118803,,0.0001,0.53,27200.0
,27.4,-11.6,0.732,,5096,75,1574,118930,,0.0001,0.382,27232.0
,27.8,-11.6,0.732,,5100,75,1575,119081,,0.0001,0.18,27270.0
,27.7,-10.5,0.732,,5104,75,1576,119162,,0.0001,0.331,27290.0
,28.5,-10.6,0.732,,5108,75,1578,119279,,0.0001,0.00492,27319.0
,29.0,-10.8,0.731,,5112,75,1579,119442,,0.0001,0.489,27360.0
,27.8,-11.7,0.731,,5116,75,1580,119477,,0.0001,0.454,27369.0
,27.4,-11.7,0.731,,5120,75,1581,119510,,0.0001,0.517,27377.0
,26.9,-11.6,0.731,,5124,75,1583,119588,,0.0001,0.251,27396.0
,27.4,-11.4,0.731,,5128,75,1584,119704,,0.0001,0.445,27425.0
,27.7,-11.5,0.73,,5132,75,1585,119842,,0.0001,0.346,27460.0
,27.9,-10.5,0.73,,5136,75,1586,119910,,0.0001,0.422,27477.0
,29.7,-10.7,0.729,,5140,75,1588,120224,,0.0001,0.519,27555.0
,29.8,-10.7,0.729,,5144,75,1590,120344,,0.0001,0.175,27585.0
,30.8,-10.1,0.729,,5148,75,1591,120535,,0.0001,0.807,27633.0
,30.7,-10.1,0.728,,5152,75,1593,120675,,0.0001,0.804,27668.0
,29.5,-9.75,0.728,,5156,75,1594,120750,,0.0001,0.604,27687.0
,31.5,-9.98,0.728,,5160,75,1596,121005,,0.0001,0.967,27751.0
,30.8,-9.8,0.728,,5164,75,1597,121090,,0.0001,0.462,27772.0
,31.1,-10.8,0.727,,5168,75,1598,121203,,0.0001,0.175,27800.0
,32.2,-10.7,0.727,,5172,75,1600,121440,,0.0001,0.174,27859.0
,32.7,-10.8,0.726,,5176,75,1601,121590,,0.0001,0.697,27897.0
,33.2,-11.0,0.726,,5180,75,1603,121764,,0.0001,0.0304,27940.0
,32.2,-11.0,0.726,,5184,75,1604,121828,,0.0001,0.476,27956.0
,32.8,-11.0,0.726,,5188,75,1606,121961,,0.0001,0.236,27990.0
,32.1,-10.8,0.725,,5192,75,1607,122011,,0.0001,0.456,28002.0
,32.5,-11.2,0.725,,5196,75,1608,122177,,0.0001,0.723,28044.0
,33.1,-9.78,0.725,,5200,76,1610,122388,,0.0001,0.554,28096.0
,33.4,-11.0,0.724,,5204,76,1611,122506,,0.0001,0.464,28126.0
,33.1,-11.0,0.724,,5208,76,1612,122586,,0.0001,0.157,28146.0
,31.9,-10.8,0.724,,5212,75,1613,122634,,0.0001,0.327,28158.0
,32.2,-10.8,0.724,,5216,75,1615,122700,,0.0001,0.751,28174.0
,33.1,-10.9,0.724,,5220,75,1616,122825,,0.0001,0.154,28206.0
,33.1,-11.1,0.723,,5224,75,1617,122895,,0.0001,0.668,28223.0
,34.3,-11.5,0.723,,5228,76,1619,123135,,0.0001,0.508,28283.0
,33.9,-11.4,0.723,,5232,76,1620,123230,,0.0001,0.291,28307.0
,34.5,-12.6,0.722,,5236,76,1621,123360,,0.0001,0.699,28339.0
,32.4,-12.2,0.722,,5240,76,1623,123464,,0.0001,0.731,28365.0
,31.7,-12.1,0.722,,5244,76,1624,123512,,0.0001,0.354,28377.0
,30.7,-13.0,0.722,,5248,76,1625,123607,,0.0001,0.656,28401.0
,31.0,-13.0,0.722,,5252,76,1627,123774,,0.0001,0.219,28443.0
,30.7,-13.0,0.721,,5256,76,1628,123816,,0.0001,0.621,28453.0
,28.9,-11.7,0.721,,5260,76,1629,123900,,0.0001,0.369,28474.0
,29.0,-11.3,0.721,,5264,76,1630,123989,,0.0001,0.678,28497.0
,28.3,-11.3,0.721,,5268,76,1631,124036,,0.0001,2.35,28508.0
,26.8,-11.6,0.721,,5272,76,1633,124118,,0.0001,1.46,28529.0
,26.1,-11.4,0.721,,5276,75,1634,124197,,0.0001,0.65,28549.0
,25.1,-11.2,0.72,,5280,75,1635,124274,,0.0001,0.337,28568.0
,26.1,-11.3,0.72,,5284,76,1636,124440,,0.0001,0.432,28609.0
,25.4,-11.4,0.72,,5288,76,1638,124504,,0.0001,0.0482,28625.0
,25.7,-11.2,0.72,,5292,75,1639,124579,,0.0001,0.184,28644.0
,24.3,-11.3,0.72,,5296,75,1640,124611,,0.0001,0.691,28652.0
,23.9,-12.9,0.719,,5300,76,1641,124780,,0.0001,1.04,28694.0
,23.5,-12.8,0.719,,5304,75,1643,124860,,0.0001,1.09,28714.0
,23.2,-12.7,0.719,,5308,75,1644,124905,,0.0001,0.19,28726.0
,24.1,-12.9,0.719,,5312,75,1645,125042,,0.0001,0.704,28760.0
,24.1,-12.9,0.718,,5316,75,1646,125114,,0.0001,0.169,28778.0
,23.4,-12.9,0.718,,5320,75,1647,125165,,0.0001,0.954,28791.0
,23.9,-11.9,0.718,,5324,75,1649,125290,,0.0001,0.0384,28822.0
,22.9,-11.5,0.718,,5328,75,1650,125427,,0.0001,0.492,28856.0
,23.2,-10.0,0.718,,5332,76,1651,125552,,0.0001,0.875,28887.0
,23.2,-9.85,0.717,,5336,76,1653,125680,,0.0001,0.598,28919.0
,23.6,-9.87,0.717,,5340,76,1654,125821,,0.0001,0.443,28955.0
,24.3,-9.91,0.717,,5344,76,1656,125938,,0.0001,0.115,28984.0
,24.0,-9.91,0.716,,5348,76,1657,126009,,0.0001,0.33,29002.0
,22.8,-9.86,0.716,,5352,76,1658,126050,,0.0001,0.186,29012.0
,23.6,-9.89,0.716,,5356,76,1659,126172,,0.0001,0.2,29042.0
,23.4,-10.9,0.716,,5360,76,1660,126238,,0.0001,0.0627,29059.0
,24.1,-11.5,0.716,,5364,76,1662,126397,,0.0001,0.385,29099.0
,25.0,-11.7,0.715,,5368,76,1663,126532,,0.0001,0.011,29132.0
,25.6,-11.8,0.715,,5372,76,1665,126676,,0.0001,0.407,29168.0
,26.3,-11.8,0.715,,5376,76,1666,126827,,0.0001,0.534,29206.0
,27.2,-11.4,0.714,,5380,76,1668,126992,,0.0001,0.684,29247.0
,26.8,-11.6,0.714,,5384,76,1669,127116,,0.0001,0.528,29278.0
,27.0,-11.4,0.714,,5388,76,1670,127204,,0.0001,0.755,29300.0
,27.8,-11.4,0.713,,5392,76,1672,127359,,0.0001,0.434,29339.0
,29.0,-11.6,0.713,,5396,76,1673,127512,,0.0001,0.97,29377.0
,28.3,-11.3,0.713,,5400,76,1674,127606,,0.0001,0.734,29401.0
,28.1,-11.3,0.713,,5404,76,1675,127667,,0.0001,0.754,29416.0
,28.1,-11.4,0.713,,5408,76,1677,127718,,0.0001,0.459,29429.0
,27.9,-11.3,0.712,,5412,76,1678,127828,,0.0001,0.67,29456.0
,27.8,-11.3,0.712,,5416,76,1679,127898,,0.0001,0.638,29474.0
,28.6,-11.3,0.712,,5420,76,1680,128021,,0.0001,0.463,29505.0
,27.8,-12.1,0.712,,5424,76,1681,128067,,0.0001,0.67,29516.0
,28.8,-12.5,0.711,,5428,76,1683,128303,,0.0001,0.206,29575.0
,28.4,-14.0,0.711,,5432,76,1685,128397,,0.0001,0.029,29599.0
,27.8,-14.0,0.711,,5436,76,1686,128460,,0.0001,0.45,29614.0
,28.1,-14.0,0.711,,5440,76,1687,128633,,0.0001,0.00892,29658.0
,27.6,-13.4,0.71,,5444,76,1688,128698,,0.0001,0.179,29674.0
,28.0,-12.4,0.71,,5448,76,1690,128806,,0.0001,0.954,29701.0
,28.8,-12.4,0.71,,5452,76,1691,128927,,0.0001,0.522,29731.0
,28.8,-11.8,0.71,,5456,76,1693,129053,,0.0001,0.154,29763.0
,29.6,-11.9,0.709,,5460,76,1694,129201,,0.0001,0.348,29800.0
,29.2,-11.9,0.709,,5464,76,1695,129320,,0.0001,0.55,29829.0
,29.1,-11.7,0.709,,5468,76,1697,129440,,0.0001,0.592,29859.0
,28.3,-11.5,0.709,,5472,76,1698,129504,,0.0001,0.102,29875.0
,27.1,-11.4,0.709,,5476,76,1699,129532,,0.0001,0.126,29882.0
,26.4,-11.8,0.708,,5480,76,1700,129634,,0.0001,0.8,29908.0
,25.6,-11.7,0.708,,5484,76,1701,129672,,0.0001,1.24,29917.0
,25.8,-11.7,0.708,,5488,76,1703,129785,,0.0001,0.338,29946.0
,27.5,-12.3,0.707,,5492,76,1705,130109,,0.0001,0.304,30027.0
,27.2,-12.2,0.707,,5496,76,1706,130237,,0.0001,0.488,30059.0
,27.1,-12.1,0.707,,5500,76,1707,130317,,0.0001,0.524,30079.0
,27.4,-11.4,0.707,,5504,76,1709,130409,,0.0001,0.35,30102.0
,27.9,-11.2,0.706,,5508,76,1710,130512,,0.0001,0.675,30127.0
,27.8,-11.2,0.706,,5512,76,1711,130604,,0.0001,0.358,30150.0
,29.4,-11.4,0.706,,5516,76,1713,130840,,0.0001,0.32,30209.0
,29.4,-11.1,0.705,,5520,76,1714,130963,,0.0001,0.315,30240.0
,29.7,-11.1,0.705,,5524,76,1716,131039,,0.0001,0.176,30259.0
,28.3,-10.7,0.705,,5528,76,1717,131135,,0.0001,0.308,30283.0
,28.5,-10.7,0.705,,5532,76,1718,131245,,0.0001,0.381,30311.0
,29.3,-10.7,0.704,,5536,76,1720,131391,,0.0001,0.164,30347.0
,28.5,-10.7,0.704,,5540,76,1721,131479,,0.0001,0.773,30369.0
,28.2,-11.3,0.704,,5544,76,1722,131514,,0.0001,0.352,30378.0
,28.8,-12.1,0.704,,5548,76,1723,131682,,0.0001,0.323,30420.0
,28.9,-12.3,0.703,,5552,76,1725,131822,,0.0001,0.5,30455.0
,28.8,-12.5,0.703,,5556,76,1726,131936,,0.0001,0.341,30483.0
,27.9,-12.5,0.703,,5560,76,1727,131993,,0.0001,0.235,30498.0
,28.3,-12.4,0.703,,5564,76,1729,132150,,0.0001,0.416,30537.0
,28.0,-12.4,0.702,,5568,76,1730,132241,,0.0001,1.37,30560.0
,28.8,-12.5,0.702,,5572,76,1732,132385,,0.0001,0.479,30596.0
,29.3,-12.6,0.702,,5576,76,1733,132463,,0.0001,0.928,30615.0
,28.7,-12.5,0.702,,5580,76,1734,132504,,0.0001,0.199,30625.0
,29.5,-12.6,0.702,,5584,76,1735,132626,,0.0001,0.295,30656.0
,29.0,-12.6,0.701,,5588,76,1737,132682,,0.0001,0.58,30670.0
,27.2,-12.1,0.701,,5592,76,1738,132830,,0.0001,0.509,30707.0
,27.0,-12.1,0.701,,5596,76,1740,132939,,0.0001,0.791,30734.0
,27.1,-12.2,0.701,,5600,76,1741,133024,,0.0001,0.226,30755.0
,26.7,-13.0,0.701,,5604,76,1742,133079,,0.0001,0.12,30769.0
,26.4,-13.0,0.7,,5608,76,1743,133152,,0.0001,0.413,30787.0
,26.6,-13.0,0.7,,5612,76,1745,133260,,0.0001,0.482,30814.0
,25.2,-12.9,0.7,,5616,76,1746,133364,,0.0001,0.386,30840.0
,25.7,-13.1,0.7,,5620,76,1748,133530,,0.0001,0.44,30882.0
,26.0,-12.9,0.699,,5624,76,1749,133642,,0.0001,0.792,30910.0
,26.2,-13.2,0.699,,5628,76,1750,133753,,0.0001,0.745,30938.0
,26.6,-13.2,0.699,,5632,76,1752,133900,,0.0001,0.681,30974.0
,25.7,-13.2,0.699,,5636,76,1753,133962,,0.0001,0.00569,30990.0
,26.6,-13.0,0.698,,5640,76,1754,134143,,0.0001,1.79,31035.0
,27.3,-13.2,0.698,,5644,76,1756,134245,,0.0001,0.356,31061.0
,26.1,-13.3,0.698,,5648,76,1757,134295,,0.0001,0.0707,31073.0
,26.0,-13.2,0.698,,5652,76,1758,134424,,0.0001,0.225,31105.0
,25.9,-13.7,0.697,,5656,76,1760,134521,,0.0001,0.29,31130.0
,27.2,-13.6,0.697,,5660,76,1761,134717,,0.0001,0.156,31179.0
,27.2,-13.8,0.697,,5664,76,1763,134870,,0.0001,0.856,31217.0
,28.8,-13.2,0.696,,5668,76,1764,135120,,0.0001,0.883,31279.0
,28.9,-13.1,0.696,,5672,76,1766,135275,,0.0001,1.9,31318.0
,29.5,-13.2,0.695,,5676,76,1767,135412,,0.0001,0.981,31352.0
,29.7,-13.2,0.695,,5680,76,1768,135470,,0.0001,1.32,31367.0
,29.7,-13.3,0.695,,5684,76,1770,135593,,0.0001,0.397,31398.0
,30.8,-11.9,0.695,,5688,76,1771,135760,,0.0001,0.335,31439.0
,30.7,-11.3,0.694,,5692,76,1773,135904,,0.0001,0.363,31475.0
,30.7,-10.5,0.694,,5696,76,1774,136005,,0.0001,0.223,31501.0
,30.9,-10.3,0.694,,5700,76,1775,136115,,0.0001,0.171,31528.0
,31.7,-10.5,0.693,,5704,76,1777,136245,,0.0001,0.415,31561.0
,32.5,-10.7,0.693,,5708,76,1778,136406,,0.0001,0.968,31601.0
,32.9,-10.7,0.693,,5712,76,1780,136545,,0.0001,0.142,31636.0
,33.1,-10.6,0.692,,5716,76,1781,136671,,0.0001,0.585,31667.0
,32.6,-10.0,0.692,,5720,76,1782,136793,,0.0001,0.413,31698.0
,32.4,-10.2,0.692,,5724,76,1784,136879,,0.0001,0.698,31719.0
,33.3,-9.72,0.692,,5728,76,1785,137079,,0.0001,0.129,31769.0
,32.8,-9.5,0.691,,5732,76,1787,137183,,0.0001,0.172,31795.0
,32.8,-9.49,0.691,,5736,76,1788,137243,,0.0001,0.0188,31810.0
,31.8,-9.96,0.691,,5740,76,1789,137320,,0.0001,0.301,31829.0
,32.8,-10.0,0.691,,5744,76,1791,137528,,0.0001,0.718,31881.0
,33.6,-10.2,0.69,,5748,76,1792,137658,,0.0001,0.766,31914.0
,33.2,-9.15,0.69,,5752,76,1793,137741,,0.0001,0.316,31935.0
,33.5,-9.17,0.69,,5756,76,1795,137875,,0.0001,0.624,31968.0
,32.3,-9.12,0.69,,5760,76,1796,137944,,0.0001,0.0194,31985.0
,32.2,-8.97,0.689,,5764,76,1797,138089,,0.0001,0.0404,32022.0
,30.9,-8.35,0.689,,5768,76,1799,138215,,0.0001,0.319,32053.0
,30.3,-8.34,0.689,,5772,76,1800,138304,,0.0001,0.135,32075.0
,30.5,-8.51,0.688,,5776,76,1801,138466,,0.0001,0.67,32116.0
,31.4,-8.55,0.688,,5780,76,1803,138613,,0.0001,0.748,32153.0
,31.2,-8.39,0.688,,5784,76,1804,138709,,0.0001,0.318,32177.0
,29.8,-9.74,0.688,,5788,76,1805,138744,,0.0001,0.00826,32185.0
,28.9,-10.1,0.688,,5792,76,1806,138798,,0.0001,0.346,32199.0
,30.0,-10.9,0.687,,5796,76,1808,139006,,0.0001,1.58,32251.0
,29.4,-11.1,0.687,,5800,76,1809,139054,,0.0001,0.572,32263.0
,28.9,-10.2,0.687,,5804,76,1810,139134,,0.0001,0.337,32283.0
,28.1,-9.84,0.687,,5808,76,1811,139213,,0.0001,0.154,32303.0
,28.8,-9.86,0.686,,5812,76,1813,139422,,0.0001,0.15,32355.0
,29.0,-10.0,0.686,,5816,76,1815,139570,,0.0001,0.139,32392.0
,28.8,-9.6,0.686,,5820,76,1816,139669,,0.0001,0.132,32417.0
,29.2,-8.96,0.685,,5824,76,1817,139795,,0.0001,0.354,32448.0
,27.9,-9.5,0.685,,5828,76,1818,139868,,0.0001,0.155,32466.0
,27.1,-9.68,0.685,,5832,76,1819,139895,,0.0001,0.074,32473.0
,28.0,-9.51,0.685,,5836,76,1821,140043,,0.0001,0.229,32510.0
,28.1,-9.37,0.685,,5840,76,1822,140130,,0.0001,0.339,32532.0
,26.9,-9.33,0.685,,5844,76,1823,140220,,0.0001,0.719,32554.0
,27.6,-9.0,0.684,,5848,76,1825,140417,,0.0001,1.27,32604.0
,29.6,-10.2,0.683,,5852,76,1827,140701,,0.0001,0.0054,32675.0
,28.7,-10.1,0.683,,5856,76,1828,140742,,0.0001,0.898,32685.0
,28.2,-10.0,0.683,,5860,76,1829,140765,,0.0001,0.34,32691.0
,28.2,-10.3,0.683,,5864,76,1830,140909,,0.0001,0.358,32727.0
,27.8,-11.5,0.683,,5868,76,1832,140996,,0.0001,0.332,32748.0
,27.7,-11.7,0.683,,5872,76,1833,141072,,0.0001,0.339,32767.0
,26.6,-11.3,0.682,,5876,76,1834,141121,,0.0001,0.483,32780.0
,26.8,-11.4,0.682,,5880,76,1835,141291,,0.0001,0.308,32822.0
,26.8,-11.4,0.682,,5884,76,1837,141387,,0.0001,0.236,32846.0
,27.7,-11.5,0.682,,5888,76,1838,141516,,0.0001,1.41,32878.0
,28.2,-11.9,0.681,,5892,76,1839,141617,,0.0001,0.337,32904.0
,26.8,-11.6,0.681,,5896,76,1840,141688,,0.0001,0.376,32921.0
,27.2,-11.4,0.681,,5900,76,1842,141771,,0.0001,0.648,32942.0
,27.7,-12.2,0.681,,5904,76,1843,141902,,0.0001,0.292,32975.0
,27.9,-12.5,0.68,,5908,76,1844,142003,,0.0001,0.804,33000.0
,26.9,-12.4,0.68,,5912,76,1846,142113,,0.0001,1.82,33028.0
,27.2,-12.2,0.68,,5916,77,1847,142289,,0.0001,0.358,33072.0
,27.6,-13.4,0.68,,5920,77,1849,142430,,0.0001,0.501,33107.0
,27.1,-14.1,0.679,,5924,77,1850,142507,,0.0001,0.184,33126.0
,26.9,-13.9,0.679,,5928,76,1851,142554,,0.0001,0.0165,33138.0
,27.1,-13.9,0.679,,5932,76,1852,142607,,0.0001,0.303,33151.0
,26.6,-14.1,0.679,,5936,76,1853,142707,,0.0001,0.197,33176.0
,27.0,-14.3,0.679,,5940,76,1855,142833,,0.0001,0.5,33208.0
,28.2,-14.2,0.678,,5944,77,1856,143036,,0.0001,0.183,33258.0
,27.1,-13.2,0.678,,5948,77,1858,143124,,0.0001,0.753,33280.0
,25.5,-13.0,0.678,,5952,77,1859,143250,,0.0001,0.275,33312.0
,25.6,-13.0,0.678,,5956,77,1860,143301,,0.0001,0.341,33325.0
,26.2,-13.0,0.677,,5960,77,1861,143390,,0.0001,0.499,33347.0
,25.7,-12.6,0.677,,5964,77,1863,143475,,0.0001,0.991,33368.0
,25.5,-11.6,0.677,,5968,77,1864,143546,,0.0001,0.145,33386.0
,25.7,-11.5,0.677,,5972,77,1865,143643,,0.0001,0.458,33410.0
,25.9,-11.5,0.677,,5976,76,1866,143714,,0.0001,0.451,33428.0
,25.2,-11.3,0.676,,5980,76,1867,143816,,0.0001,0.803,33453.0
,25.0,-11.6,0.676,,5984,76,1869,143885,,0.0001,0.509,33471.0
,24.9,-11.6,0.676,,5988,76,1870,144004,,0.0001,0.661,33500.0
,25.1,-11.4,0.676,,5992,76,1871,144129,,0.0001,0.945,33532.0
,25.4,-11.5,0.675,,5996,76,1873,144224,,0.0001,0.854,33555.0
,26.0,-11.5,0.675,,6000,77,1874,144367,,0.0001,1.1,33591.0
,25.8,-10.7,0.675,,6004,77,1875,144477,,0.0001,0.529,33619.0
,27.1,-10.7,0.674,,6008,77,1877,144718,,0.0001,0.649,33679.0
,27.4,-10.5,0.674,,6012,77,1878,144858,,0.0001,0.327,33714.0
,26.9,-10.7,0.674,,6016,77,1880,144978,,0.0001,1.3,33744.0
,26.3,-10.5,0.674,,6020,77,1881,145057,,0.0001,0.526,33764.0
,26.3,-10.5,0.673,,6024,77,1882,145134,,0.0001,0.51,33783.0
,27.2,-10.5,0.673,,6028,77,1884,145274,,0.0001,0.182,33818.0
,28.0,-10.5,0.673,,6032,77,1885,145403,,0.0001,1.39,33850.0
,28.2,-10.6,0.673,,6036,77,1886,145524,,0.0001,0.45,33880.0
,27.4,-10.2,0.672,,6040,77,1887,145572,,0.0001,0.87,33892.0
,25.9,-10.2,0.672,,6044,77,1889,145621,,0.0001,0.52,33905.0
,25.9,-11.3,0.672,,6048,77,1890,145716,,0.0001,0.488,33928.0
,25.3,-11.3,0.672,,6052,77,1891,145784,,0.0001,0.621,33945.0
,25.4,-11.3,0.672,,6056,77,1892,145837,,0.0001,0.534,33959.0
,25.2,-11.3,0.672,,6060,77,1893,145910,,0.0001,0.582,33977.0
,25.5,-11.3,0.671,,6064,77,1895,146021,,0.0001,0.997,34005.0
,25.9,-11.9,0.671,,6068,77,1896,146135,,0.0001,0.205,34033.0
,25.9,-11.9,0.671,,6072,77,1897,146232,,0.0001,0.306,34057.0
,26.3,-12.0,0.671,,6076,77,1899,146348,,0.0001,0.186,34086.0
,26.0,-12.0,0.671,,6080,77,1900,146413,,0.0001,0.17,34103.0
,26.6,-11.5,0.67,,6084,77,1901,146542,,0.0001,0.147,34135.0
,26.8,-11.5,0.67,,6088,77,1903,146686,,0.0001,0.75,34171.0
,27.2,-11.7,0.67,,6092,77,1904,146854,,0.0001,0.625,34213.0
,27.1,-11.9,0.669,,6096,77,1905,146936,,0.0001,0.686,34233.0
,27.2,-12.2,0.669,,6100,77,1907,147087,,0.0001,0.515,34271.0
,27.4,-12.8,0.669,,6104,77,1908,147221,,0.0001,0.34,34305.0
,26.6,-12.8,0.668,,6108,77,1910,147381,,0.0001,1.01,34345.0
,26.6,-12.8,0.668,,6112,77,1911,147520,,0.0001,0.307,34379.0
,27.5,-13.0,0.668,,6116,77,1913,147732,,0.0001,0.471,34432.0
,27.4,-13.0,0.667,,6120,77,1914,147801,,0.0001,0.18,34450.0
,27.7,-13.0,0.667,,6124,77,1915,147900,,0.0001,0.265,34474.0
,27.8,-13.2,0.667,,6128,77,1917,148050,,0.0001,0.179,34512.0
,28.5,-13.7,0.666,,6132,77,1918,148251,,0.0001,0.485,34562.0
,29.0,-13.7,0.666,,6136,77,1920,148421,,0.0001,0.172,34605.0
,29.8,-13.7,0.666,,6140,77,1921,148548,,0.0001,0.752,34636.0
,30.6,-13.7,0.665,,6144,77,1922,148681,,0.0001,0.543,34670.0
,31.2,-13.7,0.665,,6148,77,1924,148832,,0.0001,0.346,34707.0
,31.5,-13.7,0.665,,6152,77,1925,148935,,0.0001,0.347,34733.0
,31.7,-13.9,0.665,,6156,77,1926,149003,,0.0001,0.435,34750.0
,31.6,-14.2,0.665,,6160,77,1928,149075,,0.0001,0.358,34768.0
,31.8,-14.0,0.664,,6164,77,1929,149197,,0.0001,0.344,34799.0
,31.9,-14.4,0.664,,6168,77,1930,149330,,0.0001,0.0274,34832.0
,33.2,-14.5,0.664,,6172,77,1932,149554,,0.0001,0.802,34888.0
,32.4,-14.4,0.663,,6176,77,1933,149587,,0.0001,1.95,34896.0
,32.4,-14.2,0.663,,6180,77,1934,149652,,0.0001,0.00458,34912.0
,32.4,-13.8,0.663,,6184,77,1936,149780,,0.0001,0.67,34944.0
,31.8,-13.8,0.663,,6188,77,1937,149870,,0.0001,0.821,34967.0
,31.4,-13.6,0.663,,6192,77,1938,149992,,0.0001,0.467,34997.0
,32.0,-13.7,0.662,,6196,77,1940,150133,,0.0001,0.491,35033.0
,31.7,-13.4,0.662,,6200,77,1941,150259,,0.0001,0.0303,35064.0
,31.1,-13.3,0.662,,6204,77,1942,150330,,0.0001,0.0527,35082.0
,30.5,-12.4,0.662,,6208,77,1944,150428,,0.0001,0.812,35106.0
,31.3,-12.2,0.661,,6212,77,1945,150647,,0.0001,0.649,35161.0
,32.1,-10.9,0.66,,6216,77,1947,150947,,0.0001,0.222,35236.0
,32.0,-10.9,0.66,,6220,77,1949,151004,,0.0001,0.374,35250.0
,32.2,-10.9,0.66,,6224,77,1950,151124,,0.0001,0.154,35280.0
,32.8,-10.8,0.66,,6228,77,1952,151327,,0.0001,0.175,35331.0
,31.6,-10.3,0.659,,6232,77,1953,151411,,0.0001,0.46,35352.0
,30.7,-10.3,0.659,,6236,77,1954,151490,,0.0001,0.32,35372.0
,31.4,-10.4,0.659,,6240,77,1956,151685,,0.0001,0.507,35421.0
,30.9,-10.3,0.659,,6244,77,1957,151770,,0.0001,0.72,35442.0
,31.5,-10.5,0.658,,6248,77,1959,151979,,0.0001,1.09,35494.0
,31.1,-10.5,0.658,,6252,77,1960,152047,,0.0001,0.0258,35511.0
,33.1,-10.7,0.657,,6256,77,1962,152312,,0.0001,0.924,35577.0
,33.7,-10.5,0.657,,6260,77,1963,152443,,0.0001,0.532,35610.0
,33.3,-10.8,0.657,,6264,77,1964,152528,,0.0001,0.496,35631.0
,32.8,-10.8,0.657,,6268,77,1966,152608,,0.0001,0.528,35651.0
,31.5,-10.7,0.656,,6272,77,1967,152701,,0.0001,0.26,35675.0
,32.2,-10.8,0.656,,6276,77,1968,152809,,0.0001,0.424,35702.0
,31.8,-11.0,0.656,,6280,77,1969,152835,,0.0001,0.349,35708.0
,31.9,-11.7,0.656,,6284,77,1971,152967,,0.0001,0.606,35741.0
,32.1,-11.9,0.656,,6288,77,1972,153076,,0.0001,0.406,35768.0
,31.4,-11.8,0.655,,6292,77,1973,153134,,0.0001,0.167,35783.0
,31.6,-11.6,0.655,,6296,77,1974,153293,,0.0001,0.34,35823.0
,31.4,-11.5,0.655,,6300,77,1976,153400,,0.0001,0.34,35849.0
,31.6,-11.6,0.655,,6304,77,1977,153495,,0.0001,0.0074,35873.0
,31.9,-12.6,0.654,,6308,77,1978,153621,,0.0001,2.41,35905.0
,33.2,-13.3,0.654,,6312,77,1980,153969,,0.0001,0.169,35992.0
,30.9,-14.2,0.653,,6316,77,1982,154042,,0.0001,0.966,36010.0
,31.7,-14.4,0.653,,6320,77,1983,154172,,0.0001,0.344,36042.0
,31.5,-14.4,0.653,,6324,77,1984,154270,,0.0001,0.135,36067.0
,30.7,-14.5,0.653,,6328,77,1986,154393,,0.0001,0.363,36098.0
,30.9,-14.5,0.652,,6332,77,1987,154503,,0.0001,0.158,36125.0
,31.1,-14.5,0.652,,6336,77,1988,154603,,0.0001,1.4,36150.0
,30.1,-14.6,0.652,,6340,77,1990,154695,,0.0001,0.668,36173.0
,30.4,-13.9,0.652,,6344,77,1991,154811,,0.0001,0.454,36202.0
,29.5,-13.7,0.651,,6348,77,1992,154928,,0.0001,0.172,36231.0
,30.0,-13.7,0.651,,6352,77,1994,155049,,0.0001,0.659,36262.0
,28.6,-13.1,0.651,,6356,77,1995,155167,,0.0001,0.347,36291.0
,27.7,-13.1,0.651,,6360,77,1996,155217,,0.0001,0.153,36304.0
,28.3,-12.9,0.65,,6364,77,1997,155357,,0.0001,0.234,36339.0
,28.3,-12.9,0.65,,6368,77,1999,155435,,0.0001,0.212,36358.0
,28.7,-12.9,0.65,,6372,77,2000,155573,,0.0001,0.704,36393.0
,28.2,-12.9,0.65,,6376,77,2001,155626,,0.0001,0.34,36406.0
,29.9,-13.0,0.649,,6380,77,2003,155824,,0.0001,0.194,36455.0
,30.2,-12.8,0.649,,6384,77,2004,155989,,0.0001,0.176,36497.0
,30.1,-12.7,0.649,,6388,77,2006,156087,,0.0001,0.2,36521.0
,30.4,-12.5,0.649,,6392,77,2007,156176,,0.0001,0.174,36543.0
,29.3,-12.7,0.648,,6396,77,2008,156224,,0.0001,0.483,36555.0
,29.6,-12.7,0.648,,6400,77,2009,156357,,0.0001,0.169,36589.0
,29.0,-12.7,0.648,,6404,77,2010,156396,,0.0001,0.0437,36598.0
,28.5,-12.7,0.648,,6408,77,2012,156473,,0.0001,0.416,36618.0
,27.1,-12.1,0.647,,6412,77,2013,156680,,0.0001,0.557,36669.0
,26.8,-12.1,0.647,,6416,77,2014,156721,,0.0001,0.295,36680.0
,27.1,-12.0,0.647,,6420,77,2016,156877,,0.0001,0.149,36719.0
,27.1,-12.0,0.647,,6424,77,2017,156977,,0.0001,0.0031,36744.0
,26.5,-11.8,0.647,,6428,77,2018,157039,,0.0001,0.643,36759.0
,26.3,-11.9,0.646,,6432,77,2020,157130,,0.0001,0.359,36782.0
,27.8,-12.3,0.646,,6436,77,2021,157379,,0.0001,0.178,36844.0
,27.6,-12.1,0.646,,6440,77,2022,157450,,0.0001,0.00506,36862.0
,26.9,-12.9,0.646,,6444,77,2024,157501,,0.0001,1.72,36875.0
,26.4,-12.9,0.645,,6448,77,2025,157569,,0.0001,0.369,36892.0
,26.0,-13.0,0.645,,6452,77,2026,157647,,0.0001,0.174,36911.0
,26.5,-13.0,0.645,,6456,77,2028,157820,,0.0001,0.479,36954.0
,27.0,-13.0,0.645,,6460,77,2029,157921,,0.0001,0.74,36980.0
,26.7,-13.0,0.644,,6464,77,2030,158031,,0.0001,0.458,37007.0
,28.3,-12.5,0.644,,6468,77,2032,158266,,0.0001,0.664,37066.0
,29.4,-12.8,0.643,,6472,77,2034,158511,,0.0001,0.406,37127.0
,29.9,-12.8,0.643,,6476,77,2035,158620,,0.0001,0.167,37154.0
,28.8,-12.9,0.643,,6480,77,2036,158704,,0.0001,0.856,37175.0
,28.7,-12.9,0.643,,6484,77,2038,158863,,0.0001,0.0438,37215.0
,28.9,-12.9,0.642,,6488,77,2039,158982,,0.0001,0.0574,37245.0
,28.8,-13.2,0.642,,6492,77,2040,159057,,0.0001,0.181,37264.0
,32.0,-13.7,0.641,,6496,78,2042,159425,,0.0001,0.661,37356.0
,31.7,-13.7,0.641,,6500,78,2044,159531,,0.0001,0.188,37382.0
,32.1,-13.7,0.641,,6504,78,2045,159607,,0.0001,0.74,37401.0
,32.6,-11.7,0.641,,6508,78,2046,159730,,0.0001,0.557,37432.0
,32.2,-11.9,0.64,,6512,78,2048,159902,,0.0001,0.623,37475.0
,33.5,-12.2,0.64,,6516,78,2049,160067,,0.0001,0.262,37516.0
,32.9,-12.5,0.64,,6520,78,2050,160169,,0.0001,0.652,37542.0
,33.2,-12.5,0.639,,6524,78,2052,160295,,0.0001,0.48,37573.0
,34.3,-12.6,0.639,,6528,78,2053,160473,,0.0001,0.354,37618.0
,33.8,-12.4,0.639,,6532,78,2054,160506,,0.0001,0.338,37626.0
,32.6,-12.0,0.639,,6536,78,2056,160642,,0.0001,0.512,37660.0
,32.6,-12.0,0.638,,6540,78,2057,160712,,0.0001,0.439,37677.0
,33.6,-12.1,0.638,,6544,78,2059,160861,,0.0001,0.461,37715.0
,33.7,-12.4,0.638,,6548,78,2060,160938,,0.0001,0.197,37734.0
,33.8,-12.3,0.638,,6552,78,2061,161022,,0.0001,0.859,37755.0
,33.8,-12.5,0.637,,6556,78,2062,161196,,0.0001,0.254,37798.0
,33.1,-12.4,0.637,,6560,78,2064,161236,,0.0001,2.28,37808.0
,34.7,-12.4,0.637,,6564,78,2065,161498,,0.0001,0.172,37874.0
,33.1,-12.8,0.636,,6568,78,2067,161577,,0.0001,0.657,37894.0
,31.7,-12.6,0.636,,6572,78,2068,161685,,0.0001,0.689,37921.0
,32.2,-12.7,0.636,,6576,78,2069,161845,,0.0001,0.172,37961.0
,34.2,-12.8,0.635,,6580,78,2071,162127,,0.0001,0.394,38031.0
,33.6,-12.7,0.635,,6584,78,2073,162227,,0.0001,0.763,38056.0
,33.5,-12.7,0.635,,6588,78,2074,162327,,0.0001,0.262,38081.0
,33.4,-12.6,0.635,,6592,78,2075,162397,,0.0001,0.462,38099.0
,30.3,-12.2,0.634,,6596,78,2076,162457,,0.0001,0.468,38114.0
,30.3,-12.3,0.634,,6600,78,2077,162561,,0.0001,0.778,38140.0
,32.8,-13.0,0.634,,6604,78,2080,162885,,0.0001,0.347,38221.0
,33.2,-14.4,0.633,,6608,78,2081,163053,,0.0001,0.364,38263.0
,33.4,-14.6,0.633,,6612,78,2083,163245,,0.0001,1.64,38311.0
,33.0,-14.3,0.632,,6616,78,2084,163371,,0.0001,0.411,38342.0
,32.8,-14.0,0.632,,6620,78,2085,163449,,0.0001,0.0118,38362.0
,32.1,-13.9,0.632,,6624,78,2086,163509,,0.0001,0.828,38377.0
,32.1,-13.9,0.632,,6628,78,2088,163686,,0.0001,0.158,38421.0
,32.7,-14.0,0.631,,6632,78,2089,163778,,0.0001,0.149,38444.0
,36.0,-14.9,0.63,,6636,78,2092,164239,,0.0001,0.432,38559.0
,36.2,-14.9,0.63,,6640,78,2093,164335,,0.0001,0.178,38583.0
,36.7,-15.0,0.63,,6644,78,2094,164531,,0.0001,0.47,38632.0
,36.4,-14.7,0.63,,6648,78,2096,164582,,0.0001,0.373,38645.0
,37.3,-14.8,0.629,,6652,78,2097,164750,,0.0001,0.171,38687.0
,37.4,-13.8,0.629,,6656,78,2099,164940,,0.0001,0.212,38734.0
,38.2,-13.6,0.629,,6660,78,2100,165052,,0.0001,0.508,38762.0
,39.3,-13.9,0.628,,6664,78,2102,165430,,0.0001,0.21,38857.0
,39.4,-13.9,0.628,,6668,78,2104,165520,,0.0001,0.432,38879.0
,39.8,-13.5,0.627,,6672,78,2105,165667,,0.0001,0.4,38916.0
,40.5,-13.1,0.627,,6676,78,2107,165900,,0.0001,0.233,38974.0
,38.4,-12.8,0.627,,6680,78,2108,165962,,0.0001,0.0128,38990.0
,37.7,-12.8,0.627,,6684,78,2109,165995,,0.0001,0.212,38998.0
,37.2,-12.8,0.626,,6688,78,2110,166052,,0.0001,0.424,39012.0
,38.2,-12.8,0.626,,6692,78,2112,166214,,0.0001,0.801,39053.0
,38.7,-12.6,0.626,,6696,78,2113,166325,,0.0001,0.0805,39081.0
,39.0,-12.5,0.625,,6700,78,2115,166460,,0.0001,0.524,39114.0
,36.6,-10.8,0.625,,6704,78,2116,166549,,0.0001,0.666,39137.0
,37.1,-11.6,0.625,,6708,78,2117,166768,,0.0001,0.373,39191.0
,36.5,-11.4,0.624,,6712,78,2119,166900,,0.0001,1.17,39224.0
,36.0,-11.4,0.624,,6716,78,2120,166975,,0.0001,0.265,39243.0
,36.6,-11.4,0.624,,6720,78,2122,167109,,0.0001,0.00592,39277.0
,36.8,-11.6,0.624,,6724,78,2123,167193,,0.0001,0.513,39298.0
,36.0,-11.5,0.624,,6728,78,2124,167287,,0.0001,0.36,39321.0
,36.0,-11.7,0.623,,6732,78,2125,167374,,0.0001,0.361,39343.0
,33.1,-11.1,0.623,,6736,78,2127,167548,,0.0001,0.394,39386.0
,32.7,-11.1,0.623,,6740,78,2128,167606,,0.0001,0.335,39401.0
,31.2,-10.9,0.623,,6744,78,2129,167652,,0.0001,1.41,39412.0
,31.7,-11.1,0.623,,6748,78,2130,167755,,0.0001,0.547,39438.0
,31.2,-10.6,0.622,,6752,78,2132,167870,,0.0001,0.169,39467.0
,30.3,-11.9,0.622,,6756,78,2133,167973,,0.0001,0.729,39493.0
,31.1,-11.9,0.622,,6760,78,2135,168163,,0.0001,0.233,39540.0
,27.9,-11.7,0.622,,6764,78,2136,168221,,0.0001,0.153,39555.0
,27.5,-11.7,0.621,,6768,78,2137,168267,,0.0001,1.55,39566.0
,26.7,-12.2,0.621,,6772,78,2138,168340,,0.0001,0.612,39584.0
,25.2,-12.6,0.621,,6776,78,2139,168419,,0.0001,0.192,39604.0
,25.7,-12.6,0.621,,6780,78,2141,168535,,0.0001,0.351,39633.0
,26.4,-12.3,0.621,,6784,78,2142,168639,,0.0001,0.582,39659.0
,27.6,-12.3,0.62,,6788,78,2144,168811,,0.0001,0.511,39702.0
,26.6,-12.3,0.62,,6792,78,2145,168873,,0.0001,1.07,39718.0
,26.3,-12.5,0.62,,6796,78,2146,168955,,0.0001,0.308,39738.0
,25.4,-12.4,0.62,,6800,78,2147,168997,,0.0001,0.34,39749.0
,25.8,-13.6,0.619,,6804,78,2148,169129,,0.0001,0.726,39782.0
,24.4,-13.4,0.619,,6808,78,2150,169212,,0.0001,0.617,39802.0
,26.3,-13.7,0.619,,6812,78,2152,169534,,0.0001,0.00861,39883.0
,26.2,-13.5,0.618,,6816,78,2153,169599,,0.0001,0.177,39899.0
,26.3,-13.7,0.618,,6820,78,2154,169742,,0.0001,0.418,39935.0
,28.4,-13.6,0.617,,6824,78,2156,170030,,0.0001,0.328,40007.0
,29.1,-13.2,0.617,,6828,78,2158,170193,,0.0001,0.165,40048.0
,28.6,-13.0,0.617,,6832,78,2159,170238,,0.0001,0.572,40059.0
,28.1,-12.7,0.617,,6836,78,2160,170356,,0.0001,0.896,40088.0
,29.9,-12.9,0.616,,6840,78,2162,170597,,0.0001,0.471,40149.0
,30.3,-13.0,0.616,,6844,78,2163,170684,,0.0001,0.47,40170.0
,29.9,-12.8,0.616,,6848,78,2164,170744,,0.0001,0.35,40185.0
,29.6,-13.0,0.616,,6852,78,2166,170835,,0.0001,0.138,40208.0
,29.3,-12.7,0.615,,6856,78,2167,170906,,0.0001,0.354,40226.0
,27.9,-12.8,0.615,,6860,78,2168,170957,,0.0001,0.342,40239.0
,28.1,-12.8,0.615,,6864,78,2169,171027,,0.0001,0.238,40256.0
,29.9,-13.0,0.615,,6868,78,2171,171262,,0.0001,0.00965,40315.0
,31.5,-13.2,0.614,,6872,78,2172,171493,,0.0001,0.174,40373.0
,32.8,-13.3,0.614,,6876,78,2174,171703,,0.0001,0.00779,40425.0
,32.9,-13.3,0.613,,6880,78,2175,171822,,0.0001,0.359,40455.0
,32.9,-13.7,0.613,,6884,78,2177,171925,,0.0001,0.804,40481.0
,32.2,-13.8,0.613,,6888,78,2178,172035,,0.0001,0.64,40508.0
,32.3,-13.8,0.613,,6892,78,2179,172102,,0.0001,0.772,40525.0
,33.0,-13.8,0.612,,6896,78,2181,172251,,0.0001,0.276,40562.0
,33.0,-14.0,0.612,,6900,78,2182,172302,,0.0001,0.497,40575.0
,33.5,-14.1,0.612,,6904,78,2183,172475,,0.0001,2.03,40618.0
,33.3,-14.2,0.612,,6908,78,2185,172544,,0.0001,0.852,40635.0
,32.1,-14.2,0.611,,6912,79,2186,172748,,0.0001,0.688,40686.0
,32.6,-14.4,0.611,,6916,79,2187,172855,,0.0001,0.484,40713.0
,33.5,-14.6,0.611,,6920,79,2189,173097,,0.0001,0.469,40774.0
,33.4,-14.6,0.61,,6924,79,2191,173368,,0.0001,0.224,40841.0
,32.9,-15.0,0.61,,6928,79,2192,173484,,0.0001,0.154,40870.0
,33.3,-15.2,0.609,,6932,79,2194,173564,,0.0001,0.17,40890.0
,32.8,-15.1,0.609,,6936,79,2195,173636,,0.0001,0.14,40908.0
,31.9,-15.0,0.609,,6940,79,2196,173783,,0.0001,1.67,40945.0
,31.9,-15.0,0.609,,6944,79,2198,173877,,0.0001,0.176,40969.0
,32.3,-15.0,0.609,,6948,79,2199,173974,,0.0001,0.81,40993.0
,32.0,-15.2,0.608,,6952,79,2200,174039,,0.0001,0.31,41009.0
,32.1,-15.2,0.608,,6956,79,2201,174119,,0.0001,0.174,41029.0
,33.2,-15.4,0.608,,6960,79,2203,174279,,0.0001,0.468,41069.0
,34.0,-15.4,0.608,,6964,79,2204,174426,,0.0001,1.76,41106.0
,34.0,-15.4,0.607,,6968,79,2206,174661,,0.0001,0.267,41165.0
,34.3,-15.4,0.606,,6972,79,2208,174922,,0.0001,0.026,41230.0
,32.7,-15.2,0.606,,6976,79,2209,174973,,0.0001,0.19,41243.0
,33.1,-14.6,0.606,,6980,79,2210,175134,,0.0001,0.456,41283.0
,33.4,-13.6,0.606,,6984,79,2212,175264,,0.0001,0.38,41315.0
,33.9,-13.2,0.605,,6988,79,2213,175428,,0.0001,0.698,41356.0
,34.1,-13.4,0.605,,6992,79,2215,175516,,0.0001,0.279,41378.0
,34.1,-13.4,0.605,,6996,79,2216,175659,,0.0001,0.23,41414.0
,33.9,-13.4,0.605,,7000,79,2217,175689,,0.0001,0.225,41422.0
,32.9,-13.1,0.605,,7004,79,2218,175762,,0.0001,0.00721,41440.0
,34.5,-12.6,0.604,,7008,79,2220,175995,,0.0001,0.395,41498.0
,33.0,-12.3,0.604,,7012,79,2221,176050,,0.0001,0.363,41512.0
,33.2,-12.3,0.604,,7016,79,2223,176172,,0.0001,0.509,41542.0
,31.6,-11.7,0.603,,7020,79,2224,176255,,0.0001,0.595,41563.0
,30.0,-11.8,0.603,,7024,79,2225,176367,,0.0001,0.182,41591.0
,30.4,-11.8,0.603,,7028,79,2227,176519,,0.0001,0.358,41629.0
,31.3,-11.7,0.602,,7032,79,2228,176695,,0.0001,0.38,41673.0
,31.7,-11.7,0.602,,7036,79,2230,176802,,0.0001,0.457,41700.0
,30.9,-11.6,0.602,,7040,79,2231,176876,,0.0001,0.465,41718.0
,30.5,-11.6,0.602,,7044,79,2232,176924,,0.0001,1.39,41730.0
,31.3,-11.6,0.602,,7048,79,2233,177106,,0.0001,0.628,41776.0
,33.7,-11.8,0.601,,7052,79,2236,177413,,0.0001,0.0762,41853.0
,35.0,-10.4,0.6,,7056,79,2237,177624,,0.0001,0.943,41905.0
,34.3,-10.3,0.6,,7060,79,2238,177709,,0.0001,0.809,41927.0
,34.1,-9.59,0.6,,7064,79,2240,177841,,0.0001,0.0126,41960.0
,32.6,-9.37,0.6,,7068,79,2241,177925,,0.0001,0.307,41981.0
,31.3,-8.8,0.599,,7072,79,2242,178048,,0.0001,0.682,42011.0
,33.0,-9.08,0.599,,7076,79,2244,178270,,0.0001,0.643,42067.0
,32.2,-9.7,0.599,,7080,79,2245,178352,,0.0001,0.745,42087.0
,32.7,-10.5,0.598,,7084,79,2247,178538,,0.0001,0.225,42134.0
,32.5,-10.7,0.598,,7088,79,2248,178683,,0.0001,0.298,42170.0
,33.7,-10.6,0.597,,7092,79,2250,178889,,0.0001,0.392,42222.0
,34.7,-10.7,0.597,,7096,79,2252,179130,,0.0001,0.543,42282.0
,35.9,-10.6,0.597,,7100,79,2253,179281,,0.0001,0.407,42320.0
,36.4,-10.6,0.596,,7104,79,2255,179406,,0.0001,0.46,42351.0
,35.1,-10.9,0.596,,7108,79,2256,179510,,0.0001,2.09,42377.0
,37.0,-11.3,0.596,,7112,79,2258,179754,,0.0001,0.87,42438.0
,36.6,-11.3,0.595,,7116,79,2259,179836,,0.0001,1.71,42458.0
,37.0,-11.5,0.595,,7120,79,2260,179959,,0.0001,0.347,42489.0
,37.8,-11.3,0.595,,7124,79,2262,180142,,0.0001,0.888,42535.0
,37.3,-11.3,0.594,,7128,79,2263,180246,,0.0001,1.56,42561.0
,36.3,-11.4,0.594,,7132,79,2265,180323,,0.0001,0.227,42580.0
,36.1,-11.4,0.594,,7136,79,2266,180408,,0.0001,0.0286,42601.0
,36.9,-11.7,0.594,,7140,79,2267,180568,,0.0001,0.176,42641.0
,38.6,-11.8,0.593,,7144,79,2269,180782,,0.0001,0.363,42695.0
,37.8,-11.7,0.593,,7148,79,2270,180883,,0.0001,0.137,42720.0
,36.5,-10.8,0.593,,7152,79,2272,181059,,0.0001,0.416,42764.0
,35.4,-12.2,0.592,,7156,79,2273,181160,,0.0001,0.521,42789.0
,35.8,-12.2,0.592,,7160,79,2275,181287,,0.0001,0.449,42821.0
,36.5,-13.0,0.592,,7164,79,2276,181486,,0.0001,0.518,42871.0
,36.6,-12.8,0.591,,7168,79,2278,181588,,0.0001,0.142,42896.0
,36.0,-13.2,0.591,,7172,79,2279,181646,,0.0001,0.606,42911.0
,35.7,-12.6,0.591,,7176,79,2280,181839,,0.0001,0.675,42959.0
,36.0,-12.6,0.591,,7180,79,2282,181947,,0.0001,0.3,42986.0
,36.8,-13.2,0.59,,7184,79,2284,182219,,0.0001,0.299,43054.0
,36.6,-13.3,0.59,,7188,79,2285,182345,,0.0001,0.62,43086.0
,36.5,-12.7,0.589,,7192,79,2286,182537,,0.0001,0.0282,43134.0
,34.6,-12.6,0.589,,7196,79,2288,182592,,0.0001,0.676,43147.0
,33.8,-12.6,0.589,,7200,79,2289,182656,,0.0001,0.343,43163.0
,33.7,-12.6,0.589,,7204,79,2290,182773,,0.0001,0.58,43193.0
,35.6,-12.1,0.588,,7208,79,2292,183074,,0.0001,1.43,43268.0
,36.1,-11.6,0.587,,7212,79,2294,183361,,0.0001,0.667,43340.0
,36.3,-11.8,0.587,,7216,79,2295,183462,,0.0001,0.0199,43365.0
,36.1,-11.0,0.587,,7220,79,2297,183565,,0.0001,0.382,43391.0
,35.8,-11.1,0.587,,7224,79,2298,183726,,0.0001,0.335,43431.0
,35.5,-10.4,0.586,,7228,79,2300,183800,,0.0001,0.333,43449.0
,36.6,-10.1,0.586,,7232,79,2301,183980,,0.0001,0.393,43494.0
,36.7,-10.1,0.586,,7236,79,2302,184076,,0.0001,1.11,43518.0
,37.6,-10.3,0.585,,7240,79,2304,184330,,0.0001,0.385,43582.0
,38.1,-10.3,0.585,,7244,80,2306,184596,,0.0001,0.396,43648.0
,38.1,-10.2,0.584,,7248,80,2308,184691,,0.0001,0.145,43672.0
,37.0,-11.0,0.584,,7252,80,2309,184759,,0.0001,0.478,43689.0
,37.2,-11.2,0.584,,7256,80,2310,184876,,0.0001,0.468,43718.0
,36.4,-11.1,0.584,,7260,79,2311,184930,,0.0001,0.528,43732.0
,35.5,-10.9,0.584,,7264,79,2313,185037,,0.0001,0.0178,43759.0
,35.2,-10.3,0.584,,7268,79,2314,185104,,0.0001,0.327,43775.0
,36.5,-10.3,0.583,,7272,80,2315,185300,,0.0001,0.31,43824.0
,35.8,-10.8,0.583,,7276,80,2317,185419,,0.0001,0.35,43854.0
,36.4,-10.4,0.582,,7280,80,2318,185585,,0.0001,0.126,43896.0
,34.3,-10.0,0.582,,7284,80,2320,185653,,0.0001,0.536,43913.0
,33.8,-10.0,0.582,,7288,80,2321,185728,,0.0001,1.39,43931.0
,33.6,-10.6,0.582,,7292,80,2323,185895,,0.0001,0.18,43973.0
,34.2,-10.6,0.581,,7296,80,2325,186017,,0.0001,0.45,44004.0
,34.5,-10.6,0.581,,7300,79,2326,186109,,0.0001,0.338,44027.0
,33.7,-10.6,0.581,,7304,79,2328,186147,,0.0001,0.609,44036.0
,31.8,-10.8,0.581,,7308,79,2330,186253,,0.0001,0.275,44063.0
,30.2,-11.0,0.581,,7312,79,2331,186385,,0.0001,0.417,44096.0
,29.8,-9.83,0.581,,7316,79,2333,186437,,0.0001,0.359,44109.0
,29.2,-10.6,0.58,,7320,79,2334,186490,,0.0001,0.00967,44122.0
,29.1,-10.1,0.58,,7324,79,2336,186631,,0.0001,0.467,44157.0
,29.3,-10.8,0.58,,7328,79,2338,186734,,0.0001,0.162,44183.0
,28.6,-10.9,0.58,,7332,79,2339,186843,,0.0001,0.468,44210.0
,28.2,-10.9,0.579,,7336,79,2341,186893,,0.0001,0.545,44223.0
,26.2,-10.6,0.579,,7340,79,2342,186946,,0.0001,0.196,44236.0
,24.6,-10.8,0.579,,7344,79,2344,187051,,0.0001,0.794,44262.0
,24.7,-11.0,0.579,,7348,79,2345,187165,,0.0001,0.769,44291.0
,25.6,-11.3,0.579,,7352,79,2347,187321,,0.0001,0.327,44330.0
,26.2,-11.2,0.578,,7356,79,2349,187493,,0.0001,0.408,44373.0
,25.9,-11.2,0.578,,7360,79,2350,187522,,0.0001,0.577,44380.0
,25.6,-11.2,0.578,,7364,79,2352,187600,,0.0001,0.695,44399.0
,25.9,-12.0,0.578,,7368,79,2353,187699,,0.0001,0.43,44424.0
,25.0,-11.8,0.577,,7372,79,2355,187803,,0.0001,0.169,44450.0
,24.7,-11.8,0.577,,7376,79,2356,187888,,0.0001,2.4,44471.0
,23.4,-12.2,0.577,,7380,79,2358,187927,,0.0001,0.236,44481.0
,23.3,-12.0,0.577,,7384,79,2359,187980,,0.0001,0.917,44494.0
,24.9,-12.1,0.577,,7388,79,2361,188222,,0.0001,0.335,44555.0
,24.8,-12.2,0.576,,7392,79,2363,188372,,0.0001,0.359,44592.0
,23.9,-12.2,0.576,,7396,79,2364,188410,,0.0001,0.365,44602.0
,24.9,-12.2,0.576,,7400,79,2366,188604,,0.0001,0.136,44650.0
,26.5,-12.1,0.575,,7404,79,2368,188793,,0.0001,0.661,44698.0
,26.0,-12.2,0.575,,7408,79,2370,188852,,0.0001,0.825,44712.0
,27.8,-12.4,0.574,,7412,79,2372,189160,,0.0001,0.247,44789.0
,28.7,-13.6,0.574,,7416,79,2373,189309,,0.0001,0.329,44827.0
,29.2,-13.6,0.574,,7420,79,2375,189410,,0.0001,0.645,44852.0
,28.4,-14.0,0.574,,7424,79,2376,189476,,0.0001,0.00581,44868.0
,28.4,-14.0,0.573,,7428,79,2378,189577,,0.0001,0.84,44894.0
,28.7,-13.9,0.573,,7432,79,2380,189711,,0.0001,1.25,44927.0
,29.4,-14.0,0.573,,7436,79,2381,189831,,0.0001,0.0208,44957.0
,30.6,-13.6,0.572,,7440,79,2383,190006,,0.0001,0.341,45001.0
,31.1,-13.5,0.572,,7444,79,2385,190161,,0.0001,1.2,45040.0
,31.4,-13.3,0.572,,7448,79,2387,190309,,0.0001,0.746,45077.0
,30.4,-12.1,0.572,,7452,79,2388,190357,,0.0001,0.633,45089.0
,29.5,-12.1,0.571,,7456,79,2389,190445,,0.0001,0.483,45111.0
,30.4,-12.1,0.571,,7460,79,2391,190562,,0.0001,0.168,45140.0
,31.2,-12.3,0.571,,7464,79,2393,190724,,0.0001,0.167,45180.0
,31.6,-12.3,0.571,,7468,79,2395,190864,,0.0001,0.00512,45215.0
,32.7,-12.4,0.57,,7472,79,2397,191069,,0.0001,0.0454,45267.0
,32.8,-12.4,0.57,,7476,79,2398,191172,,0.0001,0.303,45292.0
,34.8,-11.4,0.569,,7480,79,2400,191410,,0.0001,0.173,45352.0
,36.5,-11.7,0.569,,7484,79,2402,191628,,0.0001,0.447,45406.0
,35.6,-11.5,0.568,,7488,79,2404,191785,,0.0001,0.707,45446.0
,35.1,-10.7,0.568,,7492,79,2406,191878,,0.0001,0.307,45469.0
,35.4,-10.7,0.568,,7496,79,2407,191953,,0.0001,0.467,45488.0
,36.6,-11.0,0.567,,7500,79,2409,192265,,0.0001,0.181,45566.0
,36.0,-11.2,0.567,,7504,79,2411,192389,,0.0001,1.94,45597.0
,37.9,-10.4,0.567,,7508,79,2413,192641,,0.0001,0.794,45660.0
,36.5,-9.97,0.566,,7512,79,2415,192808,,0.0001,0.183,45701.0
,36.0,-9.8,0.566,,7516,79,2417,192914,,0.0001,0.235,45728.0
,35.8,-9.79,0.566,,7520,79,2418,192989,,0.0001,1.62,45747.0
,35.7,-9.79,0.566,,7524,79,2419,193044,,0.0001,0.609,45760.0
,36.5,-9.83,0.565,,7528,79,2421,193232,,0.0001,0.245,45807.0
,37.2,-10.1,0.565,,7532,79,2423,193432,,0.0001,0.208,45857.0
,36.6,-10.0,0.565,,7536,79,2424,193487,,0.0001,0.317,45871.0
,35.8,-10.2,0.564,,7540,79,2426,193590,,0.0001,0.0238,45897.0
,35.3,-10.0,0.564,,7544,79,2427,193689,,0.0001,0.336,45922.0
,35.1,-9.59,0.564,,7548,79,2428,193816,,0.0001,0.298,45953.0
,36.5,-9.59,0.563,,7552,79,2430,194008,,0.0001,0.953,46001.0
,36.5,-9.74,0.563,,7556,79,2431,194094,,0.0001,0.406,46023.0
,37.9,-9.8,0.563,,7560,79,2433,194354,,0.0001,0.318,46088.0
,37.1,-9.61,0.563,,7564,79,2434,194435,,0.0001,0.356,46108.0
,36.7,-9.59,0.562,,7568,79,2436,194533,,0.0001,1.7,46133.0
,35.6,-9.54,0.562,,7572,79,2437,194631,,0.0001,0.195,46157.0
,35.9,-9.71,0.562,,7576,79,2438,194766,,0.0001,1.94,46191.0
,34.6,-10.5,0.562,,7580,79,2440,194868,,0.0001,0.619,46216.0
,33.4,-10.4,0.561,,7584,79,2441,194966,,0.0001,0.181,46241.0
,33.9,-10.5,0.561,,7588,79,2443,195178,,0.0001,0.321,46294.0
,35.0,-11.2,0.56,,7592,79,2444,195377,,0.0001,0.506,46344.0
,34.9,-11.2,0.56,,7596,79,2445,195444,,0.0001,0.375,46360.0
,32.6,-10.8,0.56,,7600,79,2447,195528,,0.0001,0.00772,46381.0
,32.3,-10.8,0.56,,7604,79,2448,195621,,0.0001,0.72,46405.0
,31.0,-11.6,0.56,,7608,79,2449,195742,,0.0001,0.271,46435.0
,30.4,-11.8,0.559,,7612,79,2451,195848,,0.0001,0.18,46461.0
,30.0,-11.8,0.559,,7616,79,2452,195915,,0.0001,0.516,46478.0
,31.2,-11.0,0.559,,7620,79,2453,196109,,0.0001,0.555,46527.0
,31.8,-10.2,0.559,,7624,79,2455,196220,,0.0001,0.339,46554.0
,31.8,-10.2,0.558,,7628,79,2457,196410,,0.0001,0.141,46602.0
,30.5,-9.96,0.558,,7632,79,2458,196480,,0.0001,0.326,46619.0
,31.3,-9.99,0.558,,7636,79,2459,196613,,0.0001,0.693,46653.0
,33.1,-10.6,0.557,,7640,79,2461,196905,,0.0001,0.342,46726.0
,33.2,-10.6,0.557,,7644,79,2463,197012,,0.0001,0.0213,46752.0
,33.0,-11.1,0.557,,7648,79,2464,197111,,0.0001,0.0141,46777.0
,32.3,-11.9,0.556,,7652,79,2465,197236,,0.0001,0.222,46808.0
,33.5,-12.0,0.556,,7656,80,2467,197449,,0.0001,0.399,46862.0
,32.5,-11.9,0.555,,7660,80,2469,197600,,0.0001,1.53,46899.0
,33.7,-12.0,0.555,,7664,80,2470,197809,,0.0001,0.158,46952.0
,33.5,-12.1,0.555,,7668,80,2472,197885,,0.0001,0.378,46971.0
,34.4,-11.4,0.554,,7672,80,2473,198070,,0.0001,0.00972,47017.0
,34.4,-11.3,0.554,,7676,80,2475,198210,,0.0001,0.378,47052.0
,34.8,-11.8,0.554,,7680,80,2476,198350,,0.0001,0.951,47087.0
,35.0,-11.4,0.553,,7684,80,2478,198469,,0.0001,0.179,47117.0
,34.7,-11.7,0.553,,7688,80,2479,198650,,0.0001,0.345,47162.0
,34.5,-11.0,0.553,,7692,80,2481,198825,,0.0001,0.695,47206.0
,35.4,-11.0,0.552,,7696,80,2482,198980,,0.0001,0.322,47244.0
,36.7,-11.2,0.552,,7700,80,2484,199198,,0.0001,0.55,47299.0
,36.6,-11.2,0.552,,7704,80,2485,199279,,0.0001,0.476,47319.0
,36.8,-11.4,0.551,,7708,80,2487,199419,,0.0001,0.179,47354.0
,37.0,-11.6,0.551,,7712,80,2488,199550,,0.0001,0.558,47387.0
,36.7,-11.6,0.551,,7716,80,2489,199581,,0.0001,0.136,47395.0
,35.0,-12.4,0.551,,7720,80,2490,199611,,0.0001,0.153,47402.0
,35.5,-12.6,0.551,,7724,80,2492,199773,,0.0001,0.251,47443.0
,34.4,-12.5,0.55,,7728,80,2493,199847,,0.0001,0.337,47461.0
,35.2,-11.2,0.55,,7732,80,2495,199999,,0.0001,0.316,47499.0
,34.9,-11.2,0.55,,7736,80,2496,200099,,0.0001,1.1,47524.0
,33.2,-10.9,0.549,,7740,80,2497,200228,,0.0001,0.206,47556.0
,33.6,-10.8,0.549,,7744,80,2499,200371,,0.0001,0.678,47592.0
,33.0,-10.7,0.549,,7748,80,2500,200412,,0.0001,0.544,47602.0
,33.6,-10.5,0.549,,7752,80,2502,200594,,0.0001,0.335,47648.0
,32.6,-10.3,0.548,,7756,80,2503,200710,,0.0001,0.475,47677.0
,32.4,-10.3,0.548,,7760,80,2504,200837,,0.0001,0.0895,47709.0
,32.4,-9.59,0.548,,7764,80,2506,201048,,0.0001,0.544,47761.0
,32.8,-8.8,0.547,,7768,80,2507,201164,,0.0001,0.00757,47790.0
,32.9,-9.52,0.547,,7772,80,2509,201364,,0.0001,0.318,47840.0
,32.3,-9.79,0.547,,7776,80,2510,201439,,0.0001,0.0354,47859.0
,35.1,-10.1,0.546,,7780,80,2513,201864,,0.0001,0.00716,47965.0
,35.0,-10.5,0.546,,7784,80,2514,201972,,0.0001,0.193,47992.0
,33.8,-10.2,0.545,,7788,80,2515,202030,,0.0001,0.467,48007.0
,35.2,-9.46,0.545,,7792,80,2517,202347,,0.0001,0.161,48086.0
,34.9,-9.25,0.544,,7796,80,2519,202469,,0.0001,0.239,48117.0
,34.6,-8.17,0.544,,7800,80,2521,202656,,0.0001,0.0465,48163.0
,34.9,-7.99,0.544,,7804,80,2522,202765,,0.0001,0.655,48191.0
,35.0,-7.49,0.543,,7808,80,2523,202922,,0.0001,0.159,48230.0
,34.8,-7.32,0.543,,7812,80,2525,203032,,0.0001,0.624,48257.0
,34.9,-6.93,0.543,,7816,80,2526,203071,,0.0001,0.465,48267.0
,37.7,-6.79,0.542,,7820,80,2528,203383,,0.0001,0.53,48345.0
,36.8,-7.4,0.542,,7824,80,2529,203450,,0.0001,0.632,48362.0
,37.0,-7.22,0.542,,7828,80,2530,203551,,0.0001,0.343,48387.0
,37.6,-6.92,0.542,,7832,80,2532,203757,,0.0001,0.319,48439.0
,37.1,-6.9,0.541,,7836,80,2533,203808,,0.0001,0.00817,48451.0
,38.0,-6.79,0.541,,7840,80,2535,204025,,0.0001,0.0554,48506.0
,38.3,-7.46,0.541,,7844,80,2536,204201,,0.0001,0.373,48550.0
,40.4,-7.53,0.54,,7848,80,2538,204455,,0.0001,0.329,48613.0
,39.1,-7.79,0.54,,7852,80,2539,204507,,0.0001,1.02,48626.0
,38.4,-7.75,0.54,,7856,80,2541,204546,,0.0001,0.169,48636.0
,39.9,-7.82,0.539,,7860,80,2543,204823,,0.0001,0.52,48705.0
,39.7,-8.19,0.539,,7864,80,2544,205014,,0.0001,0.658,48753.0
,39.5,-8.82,0.539,,7868,80,2545,205109,,0.0001,0.478,48777.0
,38.0,-8.77,0.538,,7872,80,2547,205166,,0.0001,0.199,48791.0
,38.0,-8.63,0.538,,7876,80,2548,205237,,0.0001,0.382,48809.0
,35.5,-7.88,0.538,,7880,80,2550,205418,,0.0001,0.347,48854.0
,35.0,-7.86,0.538,,7884,80,2551,205469,,0.0001,0.336,48867.0
,35.0,-7.71,0.538,,7888,80,2552,205525,,0.0001,0.175,48881.0
,32.4,-9.15,0.537,,7892,80,2553,205582,,0.0001,0.581,48895.0
,32.9,-8.77,0.537,,7896,80,2555,205763,,0.0001,0.18,48940.0
,32.1,-9.65,0.537,,7900,80,2556,205867,,0.0001,0.196,48966.0
,32.2,-9.45,0.537,,7904,80,2557,205983,,0.0001,0.664,48995.0
,32.6,-9.68,0.536,,7908,80,2559,206182,,0.0001,0.728,49045.0
,32.9,-9.98,0.536,,7912,80,2561,206319,,0.0001,0.361,49079.0
,33.5,-9.61,0.536,,7916,80,2562,206426,,0.0001,0.555,49106.0
,32.3,-9.57,0.535,,7920,80,2564,206616,,0.0001,0.475,49153.0
,33.1,-9.61,0.535,,7924,80,2565,206761,,0.0001,0.157,49190.0
,34.6,-9.77,0.534,,7928,80,2567,207016,,0.0001,0.406,49253.0
,35.5,-11.1,0.534,,7932,80,2569,207306,,0.0001,0.724,49326.0
,37.2,-11.3,0.533,,7936,80,2571,207531,,0.0001,0.35,49382.0
,37.2,-11.4,0.533,,7940,80,2573,207745,,0.0001,0.33,49436.0
,36.2,-10.9,0.532,,7944,80,2574,207819,,0.0001,1.72,49454.0
,34.6,-9.89,0.532,,7948,80,2575,207918,,0.0001,0.124,49479.0
,35.3,-9.92,0.532,,7952,80,2577,208041,,0.0001,0.331,49510.0
,36.2,-9.75,0.532,,7956,80,2578,208168,,0.0001,0.295,49541.0
,34.6,-9.69,0.531,,7960,80,2579,208287,,0.0001,0.358,49571.0
,36.2,-10.1,0.531,,7964,80,2582,208635,,0.0001,0.0189,49658.0
,36.8,-10.1,0.53,,7968,80,2583,208785,,0.0001,0.451,49696.0
,37.0,-9.95,0.53,,7972,80,2584,208871,,0.0001,0.401,49717.0
,38.2,-8.85,0.53,,7976,80,2586,209056,,0.0001,0.133,49763.0
,37.6,-9.04,0.529,,7980,80,2587,209176,,0.0001,0.71,49793.0
,37.9,-9.04,0.529,,7984,80,2588,209256,,0.0001,0.586,49813.0
,38.7,-9.24,0.529,,7988,80,2590,209399,,0.0001,0.0259,49849.0
,38.8,-9.24,0.529,,7992,80,2591,209463,,0.0001,0.314,49865.0
,38.8,-9.85,0.528,,7996,80,2593,209642,,0.0001,0.304,49910.0
,39.0,-9.8,0.528,,8000,80,2594,209772,,0.0001,0.897,49942.0
,39.4,-10.2,0.528,,8004,80,2596,209921,,0.0001,0.797,49980.0
,38.8,-10.4,0.527,,8008,80,2597,210064,,0.0001,0.407,50015.0
,39.4,-10.1,0.527,,8012,80,2599,210261,,0.0001,0.836,50065.0
,39.9,-10.9,0.527,,8016,80,2600,210414,,0.0001,0.636,50103.0
,39.1,-11.3,0.526,,8020,80,2601,210522,,0.0001,0.535,50130.0
,39.3,-10.1,0.526,,8024,80,2603,210691,,0.0001,1.18,50172.0
,37.3,-10.1,0.526,,8028,80,2604,210742,,0.0001,0.648,50185.0
,37.3,-10.5,0.525,,8032,80,2606,211040,,0.0001,0.376,50259.0
,36.5,-10.4,0.525,,8036,80,2608,211180,,0.0001,0.176,50294.0
,36.8,-9.64,0.524,,8040,81,2609,211423,,0.0001,0.734,50355.0
,38.2,-10.2,0.524,,8044,81,2611,211642,,0.0001,0.436,50410.0
,38.4,-11.5,0.524,,8048,81,2613,211758,,0.0001,0.494,50439.0
,39.9,-11.7,0.523,,8052,81,2615,212034,,0.0001,0.331,50508.0
,39.8,-11.9,0.523,,8056,81,2616,212145,,0.0001,0.558,50536.0
,41.9,-12.1,0.522,,8060,81,2618,212479,,0.0001,0.00745,50619.0
,39.1,-12.0,0.522,,8064,81,2620,212549,,0.0001,0.797,50637.0
,38.3,-11.9,0.522,,8068,81,2621,212617,,0.0001,0.482,50654.0
,38.4,-11.1,0.521,,8072,81,2622,212710,,0.0001,0.462,50677.0
,37.0,-12.1,0.521,,8076,81,2623,212755,,0.0001,0.405,50688.0
,36.9,-12.2,0.521,,8080,81,2625,212861,,0.0001,0.254,50715.0
,37.0,-12.7,0.521,,8084,81,2626,212954,,0.0001,0.5,50738.0
,37.0,-12.7,0.521,,8088,81,2628,213104,,0.0001,0.172,50775.0
,37.5,-13.0,0.52,,8092,81,2629,213218,,0.0001,0.156,50804.0
,37.0,-13.1,0.52,,8096,81,2631,213347,,0.0001,1.49,50836.0
,38.9,-12.6,0.519,,8100,81,2633,213657,,0.0001,0.292,50914.0
,37.6,-12.5,0.519,,8104,81,2634,213681,,0.0001,0.287,50920.0
,37.5,-12.5,0.519,,8108,81,2635,213814,,0.0001,0.00699,50953.0
,37.2,-12.5,0.519,,8112,81,2637,213986,,0.0001,0.234,50996.0
,38.1,-11.9,0.518,,8116,81,2639,214222,,0.0001,0.421,51055.0
,38.1,-11.5,0.518,,8120,81,2640,214331,,0.0001,0.0289,51082.0
,38.0,-12.8,0.517,,8124,81,2642,214493,,0.0001,0.437,51123.0
,38.9,-12.8,0.517,,8128,81,2643,214629,,0.0001,0.144,51157.0
,36.5,-12.7,0.517,,8132,81,2645,214692,,0.0001,0.646,51172.0
,36.4,-12.9,0.517,,8136,81,2646,214821,,0.0001,0.0169,51205.0
,37.8,-13.6,0.516,,8140,81,2648,215203,,0.0001,0.365,51300.0
,37.3,-13.2,0.515,,8144,81,2650,215375,,0.0001,0.00651,51343.0
,37.2,-12.9,0.515,,8148,81,2651,215482,,0.0001,0.545,51370.0
,35.2,-12.8,0.515,,8152,81,2653,215554,,0.0001,1.09,51388.0
,36.1,-12.8,0.515,,8156,81,2655,215758,,0.0001,0.457,51439.0
,34.6,-11.9,0.514,,8160,81,2656,215940,,0.0001,0.262,51484.0
,35.0,-11.9,0.514,,8164,81,2658,216052,,0.0001,0.658,51512.0
,35.6,-12.1,0.514,,8168,81,2659,216173,,0.0001,0.617,51543.0
,36.2,-13.4,0.513,,8172,81,2661,216328,,0.0001,0.632,51581.0
,37.8,-13.2,0.513,,8176,81,2663,216536,,0.0001,0.231,51633.0
,37.5,-13.0,0.513,,8180,81,2664,216609,,0.0001,1.14,51652.0
,36.9,-12.6,0.513,,8184,81,2665,216647,,0.0001,0.232,51661.0
,37.1,-12.4,0.512,,8188,81,2667,216816,,0.0001,0.314,51703.0
,37.0,-12.1,0.512,,8192,81,2668,216915,,0.0001,0.249,51728.0
,37.9,-10.1,0.511,,8196,81,2670,217134,,0.0001,0.15,51783.0
,35.9,-10.7,0.511,,8200,81,2672,217251,,0.0001,0.177,51812.0
,36.3,-10.7,0.511,,8204,81,2673,217313,,0.0001,0.195,51828.0
,37.4,-9.54,0.511,,8208,81,2675,217554,,0.0001,0.969,51888.0
,37.7,-9.5,0.51,,8212,81,2677,217758,,0.0001,0.774,51939.0
,37.9,-9.0,0.509,,8216,81,2679,218010,,0.0001,0.00967,52002.0
,38.9,-9.24,0.509,,8220,81,2680,218216,,0.0001,0.357,52053.0
,37.9,-9.16,0.509,,8224,81,2682,218280,,0.0001,1.75,52069.0
,39.3,-9.67,0.508,,8228,81,2684,218561,,0.0001,0.47,52140.0
,41.2,-9.75,0.508,,8232,81,2686,218812,,0.0001,0.264,52202.0
,40.4,-9.72,0.508,,8236,81,2687,218863,,0.0001,0.382,52215.0
,38.4,-9.28,0.507,,8240,81,2688,219038,,0.0001,0.691,52259.0
,38.1,-9.26,0.507,,8244,81,2690,219188,,0.0001,0.31,52296.0
,37.5,-9.25,0.507,,8248,81,2691,219235,,0.0001,0.503,52308.0
,39.8,-8.38,0.506,,8252,81,2693,219534,,0.0001,0.589,52383.0
,40.9,-8.46,0.505,,8256,81,2696,219849,,0.0001,0.197,52462.0
,40.5,-9.2,0.505,,8260,81,2697,219988,,0.0001,0.00564,52496.0
,42.8,-8.08,0.504,,8264,81,2700,220336,,0.0001,0.325,52583.0
,42.6,-6.79,0.504,,8268,81,2701,220434,,0.0001,0.85,52608.0
,43.6,-6.48,0.503,,8272,81,2704,220687,,0.0001,0.231,52671.0
,42.8,-5.76,0.503,,8276,81,2705,220820,,0.0001,0.361,52704.0
,43.7,-5.61,0.503,,8280,81,2707,220975,,0.0001,1.79,52743.0
,44.3,-5.64,0.503,,8284,81,2709,221076,,0.0001,0.482,52768.0
,44.4,-5.65,0.502,,8288,81,2710,221253,,0.0001,0.00686,52813.0
,44.6,-5.81,0.502,,8292,81,2712,221377,,0.0001,0.427,52844.0
,43.8,-7.63,0.502,,8296,81,2713,221513,,0.0001,0.0108,52878.0
,43.5,-7.76,0.501,,8300,81,2715,221605,,0.0001,0.321,52901.0
,45.2,-6.99,0.501,,8304,81,2717,221836,,0.0001,0.167,52958.0
,44.9,-8.15,0.5,,8308,81,2718,222039,,0.0001,0.705,53009.0
,44.3,-8.18,0.5,,8312,81,2720,222187,,0.0001,0.741,53046.0
,43.1,-9.29,0.5,,8316,81,2721,222324,,0.0001,0.487,53080.0
,42.1,-8.03,0.5,,8320,81,2723,222422,,0.0001,0.242,53105.0
,41.8,-8.01,0.499,,8324,81,2724,222461,,0.0001,0.54,53115.0
,41.7,-7.5,0.499,,8328,81,2726,222735,,0.0001,1.24,53183.0
,39.9,-7.21,0.499,,8332,81,2727,222800,,0.0001,0.00351,53199.0
,40.9,-7.11,0.498,,8336,81,2728,222950,,0.0001,0.0187,53237.0
,39.9,-7.28,0.498,,8340,81,2730,223024,,0.0001,0.0496,53255.0
,39.7,-7.29,0.498,,8344,81,2731,223160,,0.0001,1.42,53289.0
,40.5,-7.46,0.498,,8348,81,2732,223290,,0.0001,0.508,53322.0
,39.1,-8.22,0.497,,8352,81,2734,223449,,0.0001,0.175,53362.0
,37.5,-7.56,0.497,,8356,81,2735,223601,,0.0001,0.42,53400.0
,37.8,-6.24,0.497,,8360,81,2737,223768,,0.0001,0.189,53441.0
,34.8,-7.34,0.496,,8364,81,2738,223819,,0.0001,0.184,53454.0
,35.5,-8.62,0.496,,8368,81,2740,223987,,0.0001,0.235,53496.0
,35.5,-8.99,0.495,,8372,81,2742,224242,,0.0001,0.307,53560.0
,35.8,-9.44,0.495,,8376,81,2743,224396,,0.0001,0.00726,53598.0
,36.3,-9.95,0.495,,8380,81,2745,224608,,0.0001,1.66,53651.0
,36.7,-9.96,0.494,,8384,81,2746,224747,,0.0001,0.178,53686.0
,35.9,-10.1,0.494,,8388,81,2747,224838,,0.0001,0.456,53709.0
,35.4,-9.93,0.494,,8392,81,2749,224918,,0.0001,0.025,53729.0
,37.2,-9.51,0.493,,8396,81,2751,225237,,0.0001,0.486,53809.0
,37.3,-9.36,0.493,,8400,81,2752,225339,,0.0001,0.569,53834.0
,35.9,-10.1,0.493,,8404,81,2753,225426,,0.0001,0.0706,53856.0
,35.4,-8.36,0.492,,8408,81,2755,225577,,0.0001,0.455,53894.0
,36.5,-7.68,0.492,,8412,81,2756,225835,,0.0001,0.173,53958.0
,36.9,-7.9,0.491,,8416,81,2758,226012,,0.0001,0.168,54002.0
,36.8,-8.71,0.491,,8420,81,2759,226105,,0.0001,0.544,54026.0
,38.5,-8.91,0.491,,8424,81,2761,226311,,0.0001,0.34,54077.0
,36.9,-8.91,0.491,,8428,81,2762,226423,,0.0001,0.00734,54105.0
,38.7,-9.19,0.49,,8432,81,2764,226668,,0.0001,0.782,54166.0
,37.6,-9.15,0.49,,8436,81,2765,226715,,0.0001,0.218,54178.0
,38.9,-8.7,0.489,,8440,82,2767,226917,,0.0001,0.388,54229.0
,41.2,-7.94,0.489,,8444,82,2769,227282,,0.0001,1.79,54320.0
,41.8,-8.12,0.488,,8448,82,2770,227471,,0.0001,0.168,54367.0
,41.4,-8.09,0.488,,8452,82,2772,227590,,0.0001,0.0138,54397.0
,41.0,-8.49,0.488,,8456,82,2773,227705,,0.0001,0.186,54426.0
,42.5,-10.3,0.487,,8460,82,2775,228022,,0.0001,0.162,54505.0
,42.5,-10.3,0.487,,8464,82,2776,228071,,0.0001,1.92,54517.0
,44.5,-10.2,0.486,,8468,82,2778,228441,,0.0001,0.172,54610.0
,44.2,-9.06,0.486,,8472,82,2780,228666,,0.0001,0.00766,54666.0
,45.3,-9.67,0.485,,8476,82,2782,228928,,0.0001,0.196,54731.0
,44.1,-9.33,0.485,,8480,82,2783,229020,,0.0001,0.311,54754.0
,44.5,-9.34,0.484,,8484,82,2785,229198,,0.0001,0.424,54799.0
,45.1,-8.41,0.484,,8488,82,2786,229346,,0.0001,0.625,54836.0
,46.2,-8.19,0.484,,8492,82,2788,229543,,0.0001,0.175,54885.0
,46.8,-7.9,0.483,,8496,82,2790,229913,,0.0001,0.291,54978.0
,46.5,-7.9,0.483,,8500,82,2791,229993,,0.0001,0.00618,54998.0
,47.8,-8.09,0.482,,8504,82,2793,230209,,0.0001,0.277,55052.0
,48.2,-10.2,0.482,,8508,82,2794,230395,,0.0001,0.617,55098.0
,47.7,-10.7,0.481,,8512,82,2796,230605,,0.0001,0.437,55151.0
,47.1,-10.5,0.481,,8516,82,2797,230727,,0.0001,0.219,55181.0
,48.1,-11.0,0.48,,8520,82,2799,230914,,0.0001,0.332,55228.0
,47.2,-10.8,0.48,,8524,82,2800,231027,,0.0001,0.15,55256.0
,46.6,-10.9,0.48,,8528,82,2801,231084,,0.0001,0.57,55270.0
,45.7,-10.0,0.48,,8532,82,2803,231240,,0.0001,0.0254,55309.0
,47.5,-9.48,0.479,,8536,82,2805,231468,,0.0001,0.248,55366.0
,46.4,-9.93,0.479,,8540,82,2806,231552,,0.0001,0.403,55387.0
,45.2,-10.7,0.478,,8544,82,2807,231802,,0.0001,0.429,55450.0
,43.9,-10.4,0.478,,8548,82,2809,231863,,0.0001,0.168,55465.0
,43.6,-9.56,0.478,,8552,82,2810,231950,,0.0001,0.172,55487.0
,44.0,-9.77,0.478,,8556,82,2811,232106,,0.0001,0.315,55526.0
,41.8,-9.13,0.478,,8560,82,2813,232206,,0.0001,0.388,55551.0
,42.1,-9.29,0.477,,8564,82,2814,232277,,0.0001,0.00809,55569.0
,39.9,-9.18,0.477,,8568,82,2815,232430,,0.0001,0.513,55607.0
,39.2,-9.79,0.477,,8572,82,2817,232582,,0.0001,0.435,55645.0
,37.5,-9.72,0.476,,8576,82,2818,232679,,0.0001,0.362,55669.0
,38.2,-9.73,0.476,,8580,82,2819,232840,,0.0001,0.349,55709.0
,38.4,-9.75,0.476,,8584,82,2821,233042,,0.0001,0.23,55760.0
,38.6,-9.5,0.475,,8588,82,2823,233210,,0.0001,0.363,55802.0
,37.5,-9.71,0.475,,8592,82,2824,233295,,0.0001,0.428,55823.0
,35.3,-10.4,0.475,,8596,82,2825,233446,,0.0001,0.326,55861.0
,35.7,-10.4,0.474,,8600,82,2827,233561,,0.0001,0.485,55890.0
,34.2,-10.2,0.474,,8604,82,2828,233632,,0.0001,0.352,55907.0
,33.4,-9.7,0.474,,8608,82,2829,233739,,0.0001,2.44,55934.0
,32.3,-9.89,0.474,,8612,82,2830,233837,,0.0001,0.958,55959.0
,33.5,-8.54,0.473,,8616,82,2832,234076,,0.0001,1.06,56018.0
,33.8,-8.5,0.473,,8620,82,2834,234293,,0.0001,0.249,56073.0
,33.9,-7.85,0.473,,8624,82,2835,234419,,0.0001,0.0514,56104.0
,34.9,-6.72,0.472,,8628,82,2837,234575,,0.0001,0.163,56143.0
,35.1,-7.74,0.472,,8632,82,2838,234749,,0.0001,0.657,56187.0
,34.1,-8.3,0.472,,8636,82,2840,234877,,0.0001,0.365,56219.0
,33.9,-8.29,0.471,,8640,82,2841,234939,,0.0001,1.14,56234.0
,33.7,-8.1,0.471,,8644,82,2842,235175,,0.0001,0.167,56293.0
,35.2,-8.16,0.47,,8648,82,2844,235379,,0.0001,0.545,56344.0
,35.4,-8.91,0.47,,8652,82,2845,235492,,0.0001,0.0518,56372.0
,35.5,-8.81,0.47,,8656,82,2847,235657,,0.0001,0.398,56414.0
,35.8,-8.64,0.469,,8660,82,2848,235785,,0.0001,1.71,56446.0
,38.0,-8.89,0.469,,8664,82,2850,236080,,0.0001,0.525,56519.0
,37.0,-8.84,0.469,,8668,82,2851,236131,,0.0001,1.69,56532.0
,37.1,-9.35,0.468,,8672,82,2853,236289,,0.0001,0.472,56572.0
,36.5,-9.33,0.468,,8676,82,2854,236331,,0.0001,0.0808,56582.0
,36.4,-9.33,0.468,,8680,82,2855,236475,,0.0001,0.642,56618.0
,35.8,-9.44,0.468,,8684,82,2857,236618,,0.0001,0.451,56654.0
,35.2,-10.3,0.467,,8688,82,2858,236732,,0.0001,0.306,56682.0
,36.1,-10.3,0.467,,8692,82,2860,236907,,0.0001,0.499,56726.0
,35.1,-10.3,0.467,,8696,82,2861,236956,,0.0001,0.198,56738.0
,34.7,-10.3,0.467,,8700,82,2862,237032,,0.0001,0.235,56757.0
,35.4,-10.3,0.466,,8704,82,2863,237173,,0.0001,0.191,56793.0
,37.0,-10.7,0.466,,8708,82,2865,237444,,0.0001,0.171,56860.0
,39.2,-11.1,0.465,,8712,82,2867,237759,,0.0001,1.53,56939.0
,38.3,-11.3,0.465,,8716,82,2868,237906,,0.0001,0.183,56976.0
,37.0,-11.3,0.465,,8720,82,2870,237989,,0.0001,0.0371,56997.0
,37.3,-11.9,0.464,,8724,82,2871,238152,,0.0001,0.363,57037.0
,37.5,-13.0,0.464,,8728,82,2873,238326,,0.0001,0.477,57081.0
,37.2,-12.8,0.463,,8732,82,2874,238473,,0.0001,0.65,57118.0
,37.6,-12.6,0.463,,8736,82,2876,238634,,0.0001,0.853,57158.0
,38.6,-12.6,0.463,,8740,82,2877,238803,,0.0001,0.145,57200.0
,37.0,-12.8,0.463,,8744,82,2878,238870,,0.0001,0.382,57217.0
,35.5,-12.7,0.462,,8748,82,2879,238926,,0.0001,0.623,57231.0
,36.1,-12.9,0.462,,8752,82,2881,239105,,0.0001,1.33,57276.0
,35.8,-13.1,0.462,,8756,82,2882,239235,,0.0001,0.0165,57308.0
,36.5,-13.1,0.461,,8760,83,2884,239440,,0.0001,0.487,57359.0
,34.4,-12.7,0.461,,8764,83,2885,239515,,0.0001,0.00391,57378.0
,39.1,-11.8,0.46,,8768,83,2888,240043,,0.0001,0.303,57510.0
,39.6,-11.2,0.459,,8772,83,2889,240251,,0.0001,0.597,57562.0
,40.3,-11.3,0.459,,8776,83,2891,240363,,0.0001,0.0462,57590.0
,40.2,-11.3,0.459,,8780,83,2892,240500,,0.0001,0.334,57624.0
,39.7,-11.1,0.459,,8784,83,2893,240585,,0.0001,0.639,57646.0
,40.2,-11.3,0.458,,8788,83,2895,240755,,0.0001,0.234,57688.0
,39.2,-11.3,0.458,,8792,83,2896,240831,,0.0001,0.0772,57707.0
,42.9,-11.6,0.457,,8796,83,2898,241250,,0.0001,0.625,57812.0
,45.5,-11.5,0.456,,8800,83,2900,241577,,0.0001,0.935,57894.0
,45.4,-11.7,0.456,,8804,83,2902,241714,,0.0001,0.154,57928.0
,44.1,-11.4,0.456,,8808,83,2903,241854,,0.0001,0.00545,57963.0
,42.8,-11.2,0.455,,8812,83,2905,242035,,0.0001,0.455,58008.0
,44.2,-12.6,0.455,,8816,83,2907,242326,,0.0001,0.0145,58081.0
,45.5,-12.8,0.454,,8820,83,2908,242541,,0.0001,0.171,58135.0
,47.4,-12.5,0.453,,8824,83,2910,242894,,0.0001,0.167,58223.0
,48.0,-12.7,0.453,,8828,83,2912,243129,,0.0001,0.617,58282.0
,48.5,-12.7,0.453,,8832,83,2914,243322,,0.0001,0.191,58330.0
,48.0,-12.8,0.452,,8836,83,2915,243439,,0.0001,0.244,58359.0
,47.7,-12.8,0.452,,8840,83,2916,243577,,0.0001,0.0174,58394.0
,47.4,-12.8,0.452,,8844,83,2917,243607,,0.0001,0.317,58401.0
,47.7,-12.4,0.452,,8848,83,2919,243695,,0.0001,0.285,58423.0
,47.7,-11.9,0.451,,8852,83,2920,243877,,0.0001,0.35,58469.0
,48.7,-11.9,0.451,,8856,83,2922,244107,,0.0001,0.523,58526.0
,47.6,-11.2,0.451,,8860,83,2923,244197,,0.0001,0.322,58549.0
,48.0,-10.6,0.45,,8864,83,2925,244320,,0.0001,0.284,58579.0
,43.7,-11.5,0.45,,8868,83,2926,244413,,0.0001,0.358,58603.0
,44.5,-11.9,0.449,,8872,83,2928,244698,,0.0001,0.4,58674.0
,45.2,-12.2,0.449,,8876,83,2929,244884,,0.0001,0.398,58720.0
,44.6,-12.1,0.449,,8880,83,2931,244957,,0.0001,0.549,58739.0
,45.7,-12.2,0.448,,8884,83,2932,245156,,0.0001,0.00741,58788.0
,46.0,-12.4,0.448,,8888,83,2934,245353,,0.0001,0.235,58838.0
,47.0,-12.3,0.448,,8892,83,2936,245526,,0.0001,0.0377,58881.0
,43.8,-12.1,0.447,,8896,83,2937,245629,,0.0001,0.653,58907.0
,41.5,-12.2,0.447,,8900,83,2938,245726,,0.0001,0.172,58931.0
,41.7,-12.0,0.447,,8904,83,2940,245887,,0.0001,0.443,58971.0
,40.9,-11.4,0.447,,8908,83,2941,245941,,0.0001,0.733,58985.0
,40.8,-10.3,0.446,,8912,83,2942,246119,,0.0001,0.149,59029.0
,38.9,-10.2,0.446,,8916,83,2944,246220,,0.0001,0.0141,59054.0
,39.0,-10.2,0.446,,8920,83,2945,246444,,0.0001,0.549,59110.0
,37.9,-10.5,0.445,,8924,83,2947,246684,,0.0001,0.0353,59170.0
,36.4,-10.1,0.445,,8928,83,2948,246769,,0.0001,0.567,59192.0
,35.8,-10.0,0.444,,8932,83,2950,246905,,0.0001,0.637,59226.0
,35.6,-9.86,0.444,,8936,83,2951,247002,,0.0001,0.209,59250.0
,36.3,-8.68,0.444,,8940,83,2953,247210,,0.0001,0.00963,59302.0
,38.0,-8.75,0.443,,8944,83,2955,247410,,0.0001,0.938,59352.0
,38.3,-9.32,0.443,,8948,83,2956,247527,,0.0001,0.561,59381.0
,37.7,-8.84,0.443,,8952,83,2957,247645,,0.0001,0.759,59411.0
,37.1,-8.9,0.442,,8956,83,2959,247814,,0.0001,0.167,59453.0
,37.6,-9.53,0.442,,8960,83,2960,247961,,0.0001,0.859,59490.0
,38.1,-10.1,0.442,,8964,83,2962,248126,,0.0001,0.231,59531.0
,40.5,-9.23,0.441,,8968,83,2964,248462,,0.0001,2.07,59615.0
,39.9,-8.51,0.44,,8972,83,2966,248690,,0.0001,0.252,59672.0
,38.5,-8.2,0.44,,8976,83,2967,248736,,0.0001,0.362,59683.0
,39.3,-8.53,0.44,,8980,83,2968,248885,,0.0001,0.215,59721.0
,38.4,-8.48,0.44,,8984,83,2970,248993,,0.0001,0.0144,59748.0
,36.6,-8.25,0.44,,8988,83,2971,249017,,0.0001,0.392,59754.0
,35.3,-8.2,0.44,,8992,83,2972,249059,,0.0001,0.32,59764.0
,34.9,-8.18,0.439,,8996,83,2973,249114,,0.0001,0.876,59778.0
,35.6,-8.35,0.439,,9000,83,2974,249290,,0.0001,0.155,59822.0
,34.8,-8.32,0.439,,9004,83,2976,249370,,0.0001,0.747,59842.0
,35.4,-7.69,0.439,,9008,83,2977,249476,,0.0001,0.795,59868.0
,36.2,-9.01,0.438,,9012,83,2979,249744,,0.0001,0.329,59935.0
,35.9,-8.84,0.438,,9016,83,2980,249805,,0.0001,0.164,59951.0
,34.7,-8.83,0.438,,9020,83,2981,249914,,0.0001,0.279,59978.0
,33.7,-8.84,0.437,,9024,83,2983,250053,,0.0001,0.347,60013.0
,34.6,-9.23,0.437,,9028,83,2984,250225,,0.0001,0.468,60056.0
,34.4,-9.01,0.437,,9032,83,2985,250342,,0.0001,0.312,60085.0
,34.8,-9.4,0.436,,9036,83,2987,250485,,0.0001,0.243,60121.0
,34.4,-10.8,0.436,,9040,83,2988,250646,,0.0001,0.559,60161.0
,35.6,-10.6,0.435,,9044,83,2990,250967,,0.0001,0.922,60241.0
,37.4,-10.8,0.435,,9048,83,2992,251269,,0.0001,0.409,60317.0
,38.6,-11.7,0.434,,9052,83,2994,251505,,0.0001,0.47,60376.0
,37.8,-11.6,0.434,,9056,83,2996,251589,,0.0001,0.233,60397.0
,37.7,-12.0,0.434,,9060,83,2997,251728,,0.0001,0.584,60431.0
,38.2,-12.1,0.433,,9064,83,2999,251945,,0.0001,0.0322,60486.0
,35.3,-13.0,0.433,,9068,83,3001,251994,,0.0001,0.448,60498.0
,34.0,-13.7,0.433,,9072,83,3002,252091,,0.0001,0.587,60522.0
,34.4,-13.7,0.433,,9076,83,3003,252171,,0.0001,0.598,60542.0
,34.0,-13.3,0.432,,9080,83,3005,252289,,0.0001,0.23,60572.0
,34.3,-13.1,0.432,,9084,83,3006,252423,,0.0001,0.144,60605.0
,36.5,-13.1,0.431,,9088,83,3008,252668,,0.0001,0.0789,60666.0
,37.7,-12.5,0.431,,9092,83,3010,252826,,0.0001,0.399,60706.0
,41.4,-12.5,0.43,,9096,84,3012,253252,,0.0001,1.39,60812.0
,42.0,-11.3,0.43,,9100,84,3014,253490,,0.0001,1.44,60872.0
,42.1,-11.3,0.429,,9104,84,3015,253576,,0.0001,0.552,60893.0
,43.2,-12.6,0.429,,9108,84,3017,253799,,0.0001,0.177,60949.0
,41.2,-12.1,0.429,,9112,84,3019,253864,,0.0001,0.00553,60965.0
,42.4,-12.3,0.428,,9116,84,3020,254043,,0.0001,0.178,61010.0
,42.8,-12.1,0.428,,9120,84,3022,254190,,0.0001,2.04,61047.0
,42.7,-12.2,0.428,,9124,84,3023,254319,,0.0001,0.168,61079.0
,42.1,-12.1,0.428,,9128,84,3025,254431,,0.0001,0.474,61107.0
,42.8,-12.6,0.427,,9132,84,3026,254619,,0.0001,0.622,61154.0
,43.0,-12.5,0.427,,9136,84,3028,254783,,0.0001,0.238,61195.0
,41.8,-12.3,0.427,,9140,84,3029,254827,,0.0001,0.474,61206.0
,39.5,-12.4,0.426,,9144,84,3030,254921,,0.0001,0.317,61230.0
,37.3,-12.0,0.426,,9148,84,3032,255002,,0.0001,0.298,61250.0
,38.9,-11.8,0.425,,9152,84,3034,255399,,0.0001,0.00732,61349.0
,39.3,-11.1,0.425,,9156,84,3035,255516,,0.0001,0.179,61378.0
,40.1,-11.2,0.425,,9160,84,3037,255738,,0.0001,0.308,61434.0
,38.8,-11.0,0.424,,9164,84,3038,255827,,0.0001,0.365,61456.0
,41.4,-11.3,0.424,,9168,84,3040,256137,,0.0001,0.0115,61534.0
,45.3,-11.8,0.423,,9172,84,3043,256617,,0.0001,0.344,61654.0
,46.3,-12.0,0.422,,9176,84,3045,256803,,0.0001,0.0172,61700.0
,46.4,-12.1,0.422,,9180,84,3046,256933,,0.0001,0.389,61733.0
,46.0,-11.4,0.422,,9184,84,3047,257019,,0.0001,0.62,61754.0
,45.2,-11.5,0.421,,9188,84,3049,257191,,0.0001,0.23,61797.0
,44.3,-12.1,0.421,,9192,84,3050,257259,,0.0001,0.357,61814.0
,40.8,-12.1,0.421,,9196,84,3051,257332,,0.0001,0.346,61832.0
,42.3,-12.7,0.42,,9200,84,3054,257718,,0.0001,0.00319,61929.0
,43.4,-12.4,0.42,,9204,84,3055,257912,,0.0001,0.329,61977.0
,43.1,-11.3,0.419,,9208,84,3057,258105,,0.0001,0.591,62026.0
,44.3,-11.6,0.419,,9212,84,3058,258292,,0.0001,0.384,62072.0
,44.5,-11.4,0.418,,9216,84,3060,258497,,0.0001,0.0164,62124.0
,44.5,-11.5,0.418,,9220,84,3061,258643,,0.0001,0.0467,62160.0
,45.6,-11.1,0.418,,9224,84,3063,258879,,0.0001,0.0917,62219.0
,45.6,-10.9,0.417,,9228,84,3065,258994,,0.0001,0.152,62248.0
,45.3,-10.6,0.417,,9232,84,3066,259153,,0.0001,0.237,62288.0
,44.6,-10.7,0.417,,9236,84,3067,259247,,0.0001,0.33,62311.0
,44.8,-9.66,0.417,,9240,84,3068,259310,,0.0001,0.498,62327.0
,47.0,-9.7,0.416,,9244,84,3071,259624,,0.0001,0.43,62405.0
,48.1,-9.54,0.415,,9248,84,3072,259815,,0.0001,0.0419,62453.0
,46.1,-9.64,0.415,,9252,84,3074,260010,,0.0001,0.165,62502.0
,46.3,-10.4,0.415,,9256,84,3075,260145,,0.0001,0.00763,62536.0
,48.0,-9.82,0.414,,9260,84,3078,260533,,0.0001,0.294,62633.0
,48.2,-9.83,0.414,,9264,84,3079,260648,,0.0001,0.0133,62661.0
,46.1,-9.49,0.413,,9268,84,3080,260752,,0.0001,0.819,62687.0
,42.9,-9.06,0.413,,9272,84,3082,260910,,0.0001,0.152,62727.0
,43.4,-8.72,0.412,,9276,84,3083,261146,,0.0001,0.483,62786.0
,44.7,-8.93,0.412,,9280,84,3085,261405,,0.0001,0.232,62851.0
,45.0,-9.8,0.412,,9284,84,3086,261518,,0.0001,0.175,62879.0
,44.7,-9.57,0.411,,9288,84,3088,261663,,0.0001,0.505,62915.0
,45.0,-9.59,0.411,,9292,84,3089,261760,,0.0001,0.0385,62939.0
,45.7,-8.63,0.411,,9296,84,3091,261901,,0.0001,1.97,62975.0
,42.8,-9.07,0.411,,9300,84,3092,261995,,0.0001,1.69,62998.0
,42.1,-9.49,0.41,,9304,84,3093,262119,,0.0001,0.303,63029.0
,42.5,-9.62,0.41,,9308,84,3095,262353,,0.0001,0.727,63088.0
,41.7,-9.75,0.409,,9312,84,3096,262458,,0.0001,0.192,63114.0
,41.5,-9.72,0.409,,9316,84,3098,262642,,0.0001,0.168,63160.0
,41.1,-9.05,0.409,,9320,84,3099,262750,,0.0001,0.274,63187.0
,40.1,-9.25,0.408,,9324,84,3101,262894,,0.0001,0.477,63223.0
,39.9,-9.5,0.408,,9328,84,3102,262988,,0.0001,0.512,63246.0
,41.0,-9.69,0.408,,9332,84,3104,263256,,0.0001,0.235,63313.0
,41.5,-9.55,0.407,,9336,84,3105,263392,,0.0001,0.287,63347.0
,42.5,-10.4,0.407,,9340,84,3107,263565,,0.0001,0.138,63391.0
,42.1,-10.4,0.406,,9344,84,3109,263836,,0.0001,0.481,63458.0
,42.2,-10.6,0.406,,9348,84,3110,264035,,0.0001,0.461,63508.0
,43.1,-10.8,0.405,,9352,84,3112,264324,,0.0001,0.419,63580.0
,42.6,-10.8,0.405,,9356,84,3113,264408,,0.0001,0.401,63601.0
,40.9,-11.2,0.405,,9360,84,3115,264620,,0.0001,0.25,63654.0
,42.4,-11.3,0.404,,9364,84,3117,264884,,0.0001,0.966,63720.0
,42.9,-11.0,0.404,,9368,84,3118,265045,,0.0001,0.457,63761.0
,42.4,-9.97,0.403,,9372,84,3119,265151,,0.0001,0.221,63787.0
,43.2,-10.7,0.403,,9376,85,3121,265463,,0.0001,0.00547,63865.0
,44.2,-10.7,0.402,,9380,85,3124,265823,,0.0001,0.00858,63955.0
,45.0,-10.9,0.401,,9384,85,3125,266020,,0.0001,0.28,64004.0
,44.0,-11.0,0.401,,9388,85,3126,266061,,0.0001,0.216,64015.0
,46.1,-11.2,0.401,,9392,85,3128,266369,,0.0001,0.636,64092.0
,46.8,-12.1,0.4,,9396,85,3130,266580,,0.0001,0.00461,64144.0
,47.3,-12.1,0.4,,9400,85,3131,266724,,0.0001,0.243,64180.0
,47.1,-12.1,0.4,,9404,85,3133,266826,,0.0001,0.37,64206.0
,49.0,-13.2,0.399,,9408,85,3135,267256,,0.0001,0.258,64313.0
,50.4,-13.2,0.398,,9412,85,3137,267499,,0.0001,0.312,64374.0
,52.0,-13.1,0.397,,9416,85,3139,267847,,0.0001,0.33,64461.0
,51.9,-13.7,0.397,,9420,85,3140,267939,,0.0001,0.361,64484.0
,54.2,-13.5,0.396,,9424,85,3142,268317,,0.0001,0.494,64579.0
,55.0,-12.7,0.396,,9428,85,3144,268493,,0.0001,0.167,64623.0
,54.1,-12.1,0.395,,9432,85,3146,268670,,0.0001,0.592,64667.0
,53.9,-12.2,0.395,,9436,85,3147,268784,,0.0001,0.453,64695.0
,53.8,-11.6,0.395,,9440,85,3148,268949,,0.0001,0.513,64737.0
,53.4,-11.6,0.394,,9444,85,3150,269178,,0.0001,0.373,64794.0
,52.3,-10.8,0.394,,9448,85,3151,269268,,0.0001,0.334,64816.0
,51.4,-10.7,0.394,,9452,85,3153,269462,,0.0001,0.305,64865.0
,53.4,-10.7,0.393,,9456,85,3155,269748,,0.0001,0.272,64936.0
,54.2,-10.9,0.392,,9460,85,3157,270044,,0.0001,0.855,65010.0
,53.8,-10.9,0.392,,9464,85,3159,270264,,0.0001,1.77,65065.0
,53.8,-11.1,0.392,,9468,85,3160,270429,,0.0001,0.0228,65107.0
,54.7,-11.5,0.391,,9472,85,3162,270619,,0.0001,0.326,65154.0
,53.5,-11.1,0.391,,9476,85,3163,270810,,0.0001,0.217,65202.0
,50.7,-11.0,0.39,,9480,85,3165,270889,,0.0001,0.655,65222.0
,51.0,-11.0,0.39,,9484,85,3166,271117,,0.0001,0.169,65279.0
,51.1,-11.0,0.39,,9488,85,3167,271175,,0.0001,0.454,65293.0
,54.6,-11.3,0.388,,9492,85,3170,271828,,0.0001,0.4,65456.0
,55.4,-11.6,0.388,,9496,85,3172,272116,,0.0001,0.46,65528.0
,55.5,-11.4,0.387,,9500,85,3174,272274,,0.0001,0.468,65568.0
,57.0,-11.6,0.387,,9504,85,3176,272530,,0.0001,0.664,65632.0
,54.0,-11.4,0.387,,9508,85,3177,272653,,0.0001,0.553,65663.0
,55.0,-11.3,0.386,,9512,85,3179,272998,,0.0001,0.545,65749.0
,52.9,-11.6,0.385,,9516,85,3180,273139,,0.0001,0.472,65784.0
,52.9,-11.7,0.385,,9520,85,3182,273231,,0.0001,0.201,65807.0
,52.0,-12.1,0.385,,9524,85,3184,273519,,0.0001,0.624,65879.0
,53.0,-11.9,0.384,,9528,85,3186,273797,,0.0001,0.304,65949.0
,52.5,-12.3,0.384,,9532,85,3187,273915,,0.0001,0.173,65978.0
,53.5,-11.6,0.383,,9536,85,3189,274134,,0.0001,0.747,66033.0
,54.0,-12.3,0.383,,9540,85,3190,274345,,0.0001,0.00928,66086.0
,53.6,-12.5,0.382,,9544,85,3192,274537,,0.0001,0.00312,66134.0
,54.2,-13.1,0.382,,9548,86,3193,274686,,0.0001,0.0179,66171.0
,56.1,-13.0,0.381,,9552,86,3196,275074,,0.0001,0.143,66268.0
,59.3,-12.4,0.38,,9556,86,3199,275680,,0.0001,0.017,66419.0
,59.1,-11.6,0.379,,9560,86,3200,275952,,0.0001,0.382,66487.0
,57.9,-11.6,0.379,,9564,86,3202,276058,,0.0001,0.435,66514.0
,58.1,-11.6,0.378,,9568,86,3203,276243,,0.0001,0.388,66560.0
,59.2,-12.0,0.378,,9572,86,3205,276543,,0.0001,0.168,66635.0
,58.3,-11.9,0.378,,9576,86,3207,276640,,0.0001,1.06,66659.0
,60.5,-11.8,0.377,,9580,86,3209,276943,,0.0001,0.312,66735.0
,59.3,-11.6,0.377,,9584,86,3210,277047,,0.0001,0.311,66761.0
,61.2,-11.7,0.376,,9588,86,3212,277300,,0.0001,3.27,66824.0
,57.0,-11.4,0.376,,9592,86,3214,277523,,0.0001,0.164,66880.0
,55.2,-10.8,0.375,,9596,86,3215,277637,,0.0001,0.473,66909.0
,56.4,-10.3,0.375,,9600,86,3217,277917,,0.0001,1.17,66979.0
,55.8,-9.16,0.374,,9604,86,3219,278107,,0.0001,0.174,67026.0
,55.3,-8.98,0.374,,9608,86,3220,278185,,0.0001,0.366,67046.0
,54.5,-8.93,0.373,,9612,86,3222,278447,,0.0001,0.137,67111.0
,55.3,-9.0,0.373,,9616,86,3224,278668,,0.0001,1.07,67166.0
,55.8,-8.88,0.373,,9620,86,3225,278806,,0.0001,0.161,67201.0
,54.0,-8.66,0.372,,9624,86,3226,278922,,0.0001,1.29,67230.0
,53.1,-9.26,0.372,,9628,86,3228,279109,,0.0001,0.308,67277.0
,53.5,-9.43,0.372,,9632,86,3230,279264,,0.0001,0.0157,67315.0
,55.0,-9.39,0.371,,9636,86,3232,279630,,0.0001,0.161,67407.0
,53.4,-9.43,0.371,,9640,86,3233,279688,,0.0001,0.00178,67421.0
,52.1,-9.22,0.371,,9644,86,3234,279752,,0.0001,0.164,67437.0
,51.3,-9.39,0.37,,9648,86,3235,279813,,0.0001,0.0141,67453.0
,48.7,-9.43,0.37,,9652,86,3237,279946,,0.0001,0.118,67486.0
,44.5,-10.1,0.37,,9656,86,3238,280129,,0.0001,0.175,67532.0
,43.0,-11.0,0.369,,9660,86,3240,280257,,0.0001,0.416,67564.0
,45.0,-11.3,0.369,,9664,86,3242,280560,,0.0001,0.00829,67639.0
,44.4,-11.4,0.368,,9668,86,3243,280683,,0.0001,0.455,67670.0
,42.5,-11.5,0.368,,9672,86,3245,280794,,0.0001,0.331,67698.0
,44.1,-10.7,0.368,,9676,86,3246,281050,,0.0001,0.0484,67762.0
,43.5,-10.7,0.367,,9680,86,3248,281297,,0.0001,0.278,67824.0
,43.1,-10.7,0.367,,9684,86,3249,281356,,0.0001,0.409,67838.0
,41.8,-10.8,0.367,,9688,86,3251,281481,,0.0001,0.35,67870.0
,40.5,-10.6,0.366,,9692,86,3252,281574,,0.0001,0.193,67893.0
,39.9,-10.6,0.366,,9696,86,3253,281629,,0.0001,0.172,67907.0
,38.4,-11.1,0.366,,9700,86,3255,281759,,0.0001,0.00532,67939.0
,37.4,-12.1,0.366,,9704,86,3256,281851,,0.0001,0.0423,67962.0
,38.7,-12.5,0.365,,9708,86,3258,282053,,0.0001,0.518,68013.0
,39.1,-12.7,0.365,,9712,86,3260,282361,,0.0001,0.0221,68090.0
,39.5,-12.7,0.364,,9716,86,3261,282616,,0.0001,0.821,68153.0
,42.6,-12.9,0.363,,9720,86,3264,283064,,0.0001,0.162,68265.0
,43.2,-12.7,0.363,,9724,86,3265,283243,,0.0001,0.0325,68310.0
,42.9,-12.5,0.362,,9728,86,3267,283403,,0.0001,0.636,68350.0
,42.4,-11.5,0.362,,9732,86,3268,283508,,0.0001,0.0598,68376.0
,40.9,-12.1,0.362,,9736,86,3270,283717,,0.0001,0.0077,68429.0
,40.9,-12.1,0.361,,9740,86,3271,283780,,0.0001,0.293,68444.0
,42.7,-12.4,0.361,,9744,86,3273,284018,,0.0001,0.159,68504.0
,42.6,-11.8,0.361,,9748,86,3274,284077,,0.0001,0.315,68519.0
,43.2,-11.4,0.36,,9752,86,3276,284264,,0.0001,0.0816,68565.0
,43.8,-11.7,0.36,,9756,86,3277,284513,,0.0001,0.099,68628.0
,46.8,-10.4,0.359,,9760,86,3280,284936,,0.0001,0.18,68733.0
,46.9,-9.7,0.358,,9764,86,3282,285252,,0.0001,0.623,68812.0
,47.5,-9.52,0.358,,9768,86,3283,285433,,0.0001,1.72,68858.0
,48.0,-9.7,0.357,,9772,86,3285,285598,,0.0001,0.476,68899.0
,47.2,-10.4,0.357,,9776,86,3286,285771,,0.0001,0.194,68942.0
,45.3,-10.4,0.357,,9780,86,3287,285827,,0.0001,0.441,68956.0
,47.5,-10.4,0.356,,9784,86,3289,286104,,0.0001,0.597,69025.0
,47.9,-9.62,0.356,,9788,86,3291,286270,,0.0001,0.175,69067.0
,48.0,-9.63,0.356,,9792,86,3292,286369,,0.0001,0.368,69092.0
,51.8,-10.6,0.355,,9796,87,3295,286809,,0.0001,0.12,69202.0
,51.0,-10.6,0.355,,9800,87,3296,286860,,0.0001,0.461,69214.0
,50.8,-10.6,0.354,,9804,87,3297,286932,,0.0001,0.0413,69232.0
,50.0,-10.3,0.354,,9808,87,3298,287052,,0.0001,0.616,69262.0
,51.3,-10.4,0.353,,9812,87,3301,287492,,0.0001,0.0671,69372.0
,50.6,-10.3,0.353,,9816,87,3302,287680,,0.0001,0.551,69419.0
,49.7,-10.6,0.352,,9820,87,3304,288038,,0.0001,0.385,69509.0
,48.7,-10.8,0.352,,9824,87,3306,288117,,0.0001,1.0,69529.0
,50.4,-11.8,0.351,,9828,87,3308,288445,,0.0001,0.153,69611.0
,50.4,-12.6,0.351,,9832,87,3309,288551,,0.0001,0.00648,69637.0
,49.0,-12.6,0.351,,9836,87,3310,288621,,0.0001,0.237,69655.0
,50.7,-12.2,0.35,,9840,87,3312,288850,,0.0001,0.0202,69712.0
,49.3,-12.0,0.35,,9844,87,3313,288945,,0.0001,0.199,69736.0
,51.3,-12.1,0.349,,9848,87,3315,289207,,0.0001,0.183,69801.0
,51.0,-12.3,0.349,,9852,87,3317,289361,,0.0001,0.255,69840.0
,50.2,-12.0,0.349,,9856,87,3318,289531,,0.0001,0.207,69882.0
,47.0,-12.2,0.348,,9860,87,3319,289641,,0.0001,0.0037,69910.0
,45.8,-12.7,0.348,,9864,87,3321,289828,,0.0001,0.0898,69956.0
,46.8,-13.1,0.347,,9868,87,3323,290112,,0.0001,0.326,70027.0
,45.8,-12.9,0.347,,9872,87,3324,290182,,0.0001,0.0329,70045.0
,45.7,-12.1,0.347,,9876,87,3326,290344,,0.0001,0.175,70085.0
,47.9,-12.5,0.346,,9880,87,3328,290614,,0.0001,0.0517,70153.0
,46.0,-11.6,0.346,,9884,87,3329,290701,,0.0001,0.0391,70175.0
,47.7,-12.5,0.345,,9888,87,3331,291044,,0.0001,2.01,70260.0
,49.7,-12.7,0.344,,9892,87,3333,291335,,0.0001,0.474,70333.0
,47.1,-11.3,0.344,,9896,87,3334,291524,,0.0001,0.315,70380.0
,47.1,-11.3,0.344,,9900,87,3336,291566,,0.0001,0.376,70391.0
,49.0,-11.9,0.343,,9904,87,3337,291829,,0.0001,0.292,70457.0
,50.1,-11.6,0.343,,9908,87,3339,292060,,0.0001,0.174,70514.0
,48.0,-11.3,0.342,,9912,87,3341,292296,,0.0001,0.237,70573.0
,47.2,-11.4,0.342,,9916,87,3342,292397,,0.0001,0.00427,70599.0
,45.4,-11.0,0.342,,9920,87,3344,292576,,0.0001,0.0138,70643.0
,45.4,-11.0,0.342,,9924,87,3345,292658,,0.0001,0.00308,70664.0
,43.2,-9.63,0.341,,9928,87,3346,292766,,0.0001,0.687,70691.0
,43.6,-9.8,0.341,,9932,87,3348,292909,,0.0001,0.184,70727.0
,45.9,-8.44,0.34,,9936,87,3350,293209,,0.0001,0.0137,70802.0
,46.0,-9.34,0.34,,9940,87,3351,293445,,0.0001,1.79,70861.0
,45.3,-9.32,0.34,,9944,87,3352,293479,,0.0001,0.185,70869.0
,45.1,-9.66,0.339,,9948,87,3354,293717,,0.0001,0.297,70929.0
,46.0,-9.06,0.339,,9952,87,3356,293964,,0.0001,0.278,70990.0
,45.2,-8.93,0.338,,9956,87,3357,294055,,0.0001,0.714,71013.0
,50.8,-10.3,0.337,,9960,87,3360,294720,,0.0001,1.57,71179.0
,53.3,-10.3,0.336,,9964,87,3363,295158,,0.0001,0.00407,71289.0
,53.9,-10.3,0.335,,9968,87,3365,295506,,0.0001,0.272,71376.0
,54.8,-9.68,0.335,,9972,87,3367,295662,,0.0001,0.624,71415.0
,53.9,-10.5,0.335,,9976,87,3368,295729,,0.0001,0.429,71432.0
,52.3,-10.1,0.334,,9980,87,3369,295847,,0.0001,0.72,71461.0
,53.2,-10.5,0.334,,9984,87,3371,296020,,0.0001,0.279,71504.0
,53.8,-10.3,0.333,,9988,87,3373,296421,,0.0001,0.386,71605.0
,52.3,-9.36,0.333,,9992,87,3375,296564,,0.0001,0.136,71640.0
,53.6,-10.4,0.332,,9996,87,3377,296883,,0.0001,0.38,71720.0
,55.3,-10.5,0.332,,10000,87,3379,297099,,0.0001,0.0146,71774.0
,54.1,-10.1,0.331,,10004,87,3380,297242,,0.0001,0.542,71810.0
,54.6,-10.8,0.331,,10008,87,3382,297517,,0.0001,0.131,71879.0
,53.4,-10.8,0.33,,10012,87,3383,297639,,0.0001,0.361,71909.0
,55.3,-10.7,0.33,,10016,87,3385,297927,,0.0001,0.324,71981.0
,54.8,-10.5,0.329,,10020,87,3387,298060,,0.0001,0.456,72014.0
,54.6,-10.5,0.329,,10024,87,3388,298120,,0.0001,0.56,72029.0
,54.7,-11.7,0.329,,10028,87,3389,298239,,0.0001,0.289,72059.0
,56.5,-11.7,0.328,,10032,88,3391,298562,,0.0001,0.607,72140.0
,56.6,-12.1,0.328,,10036,88,3393,298870,,0.0001,1.72,72217.0
,56.8,-11.5,0.327,,10040,88,3395,299123,,0.0001,0.221,72280.0
,59.1,-11.6,0.326,,10044,88,3397,299387,,0.0001,3.39,72346.0
,61.3,-11.4,0.325,,10048,88,3400,299844,,0.0001,0.126,72460.0
,61.9,-12.3,0.325,,10052,88,3402,300151,,0.0001,0.00732,72537.0
,65.7,-12.5,0.324,,10056,88,3404,300625,,0.0001,0.16,72656.0
,62.0,-12.3,0.323,,10060,88,3406,300917,,0.0001,0.23,72729.0
,59.0,-12.1,0.323,,10064,88,3408,301062,,0.0001,0.493,72765.0
,57.6,-11.9,0.322,,10068,88,3409,301263,,0.0001,0.307,72815.0
,59.3,-12.2,0.321,,10072,88,3411,301594,,0.0001,0.231,72898.0
,60.6,-12.4,0.321,,10076,88,3413,301788,,0.0001,0.206,72946.0
,62.0,-12.5,0.32,,10080,88,3415,302044,,0.0001,0.107,73010.0
,60.8,-12.8,0.32,,10084,88,3416,302101,,0.0001,0.751,73025.0
,57.8,-12.9,0.32,,10088,88,3417,302199,,0.0001,0.183,73049.0
,57.5,-13.7,0.32,,10092,88,3419,302315,,0.0001,0.558,73078.0
,56.3,-12.3,0.319,,10096,88,3420,302514,,0.0001,0.00565,73128.0
,57.6,-12.5,0.319,,10100,88,3422,302856,,0.0001,0.127,73213.0
,57.1,-12.4,0.318,,10104,88,3424,302953,,0.0001,0.172,73238.0
,57.5,-11.7,0.318,,10108,88,3426,303265,,0.0001,1.55,73316.0
,57.0,-11.7,0.317,,10112,88,3427,303334,,0.0001,1.17,73333.0
,58.4,-12.2,0.317,,10116,88,3429,303766,,0.0001,0.232,73441.0
,60.0,-12.4,0.316,,10120,88,3431,304056,,0.0001,0.104,73513.0
,61.4,-12.5,0.315,,10124,88,3433,304256,,0.0001,0.703,73563.0
,62.2,-12.4,0.315,,10128,88,3434,304456,,0.0001,0.127,73613.0
,64.2,-11.3,0.314,,10132,88,3437,304987,,0.0001,1.06,73746.0
,64.1,-12.3,0.313,,10136,88,3439,305282,,0.0001,0.386,73820.0
,64.6,-11.5,0.312,,10140,88,3441,305579,,0.0001,0.229,73894.0
,63.2,-11.6,0.312,,10144,88,3442,305704,,0.0001,0.0176,73925.0
,61.3,-12.0,0.312,,10148,88,3444,305974,,0.0001,0.0088,73993.0
,60.0,-11.8,0.311,,10152,88,3446,306154,,0.0001,0.427,74038.0
,59.7,-11.2,0.31,,10156,88,3448,306596,,0.0001,0.183,74148.0
,59.5,-10.0,0.31,,10160,88,3450,306866,,0.0001,0.127,74216.0
,61.2,-10.2,0.309,,10164,88,3452,307180,,0.0001,2.18,74294.0
,61.8,-9.26,0.308,,10168,88,3454,307445,,0.0001,0.937,74361.0
,59.9,-9.43,0.308,,10172,89,3455,307588,,0.0001,0.655,74396.0
,59.6,-9.01,0.308,,10176,89,3457,307753,,0.0001,0.00584,74438.0
,59.6,-8.22,0.307,,10180,89,3459,308004,,0.0001,0.178,74500.0
,60.4,-8.07,0.307,,10184,89,3460,308145,,0.0001,0.0222,74536.0
,61.7,-7.77,0.306,,10188,89,3462,308369,,0.0001,0.146,74592.0
,62.1,-7.37,0.306,,10192,89,3463,308527,,0.0001,1.41,74631.0
,60.9,-8.58,0.306,,10196,89,3465,308605,,0.0001,0.00581,74651.0
,58.9,-8.26,0.305,,10200,89,3466,308749,,0.0001,0.372,74687.0
,59.4,-8.29,0.305,,10204,89,3468,308892,,0.0001,0.346,74722.0
,59.0,-8.83,0.304,,10208,89,3469,309170,,0.0001,0.146,74792.0
,60.8,-8.19,0.304,,10212,89,3471,309415,,0.0001,0.313,74853.0
,59.1,-7.45,0.303,,10216,89,3473,309675,,0.0001,0.0184,74918.0
,57.8,-6.15,0.303,,10220,89,3475,309835,,0.0001,0.0132,74958.0
,57.4,-6.16,0.302,,10224,89,3476,310000,,0.0001,0.459,74999.0
,57.2,-4.34,0.302,,10228,89,3478,310178,,0.0001,0.231,75044.0
,54.5,-5.54,0.302,,10232,89,3479,310440,,0.0001,0.315,75109.0
,53.1,-5.54,0.301,,10236,89,3481,310591,,0.0001,0.398,75147.0
,52.1,-7.01,0.301,,10240,89,3483,310793,,0.0001,0.673,75198.0
,53.9,-6.94,0.3,,10244,89,3484,311089,,0.0001,0.166,75272.0
,52.7,-6.73,0.3,,10248,89,3486,311242,,0.0001,1.14,75310.0
,51.6,-6.53,0.3,,10252,89,3487,311319,,0.0001,0.321,75329.0
,48.8,-7.07,0.299,,10256,89,3489,311476,,0.0001,0.284,75368.0
,47.5,-7.82,0.299,,10260,89,3490,311612,,0.0001,0.637,75402.0
,47.6,-8.0,0.298,,10264,89,3492,311938,,0.0001,0.441,75484.0
,47.2,-9.3,0.298,,10268,89,3494,312162,,0.0001,0.0114,75540.0
,49.1,-9.14,0.297,,10272,89,3496,312497,,0.0001,0.156,75624.0
,49.9,-9.59,0.296,,10276,89,3498,312745,,0.0001,0.329,75686.0
,48.8,-10.3,0.296,,10280,89,3499,312885,,0.0001,0.0229,75721.0
,50.3,-9.6,0.295,,10284,89,3501,313176,,0.0001,0.232,75793.0
,52.7,-9.99,0.294,,10288,89,3504,313637,,0.0001,0.296,75909.0
,56.2,-10.7,0.293,,10292,89,3506,314152,,0.0001,0.245,76037.0
,57.4,-9.13,0.293,,10296,89,3508,314347,,0.0001,0.218,76086.0
,57.6,-9.13,0.292,,10300,89,3510,314508,,0.0001,0.547,76126.0
,60.7,-9.12,0.291,,10304,89,3512,314964,,0.0001,0.27,76240.0
,59.4,-9.01,0.291,,10308,89,3513,315111,,0.0001,0.295,76277.0
,57.2,-9.63,0.291,,10312,89,3515,315140,,0.0001,0.371,76284.0
,56.6,-9.42,0.29,,10316,89,3516,315334,,0.0001,0.163,76333.0
,58.1,-10.2,0.29,,10320,89,3518,315648,,0.0001,0.924,76411.0
,58.5,-10.2,0.289,,10324,89,3520,315847,,0.0001,0.295,76461.0
,60.4,-11.8,0.289,,10328,89,3522,316220,,0.0001,0.512,76554.0
,59.2,-10.5,0.288,,10332,89,3524,316357,,0.0001,0.162,76589.0
,60.4,-10.6,0.288,,10336,89,3526,316635,,0.0001,0.356,76658.0
,60.8,-9.58,0.287,,10340,89,3527,316874,,0.0001,0.769,76718.0
,60.8,-9.32,0.286,,10344,89,3529,317166,,0.0001,1.33,76791.0
,64.4,-9.51,0.285,,10348,89,3532,317682,,0.0001,0.183,76920.0
,65.8,-9.15,0.285,,10352,89,3534,317898,,0.0001,0.522,76974.0
,69.1,-8.38,0.284,,10356,90,3537,318385,,0.0001,0.362,77096.0
,69.7,-8.26,0.283,,10360,90,3538,318581,,0.0001,0.236,77145.0
,66.8,-7.63,0.283,,10364,90,3540,318623,,0.0001,0.24,77155.0
,66.1,-7.29,0.283,,10368,90,3541,318772,,0.0001,0.00493,77192.0
,64.4,-7.26,0.282,,10372,90,3543,318934,,0.0001,0.107,77233.0
,65.8,-7.47,0.282,,10376,90,3545,319321,,0.0001,0.419,77330.0
,67.1,-7.67,0.281,,10380,90,3547,319597,,0.0001,0.164,77399.0
,66.7,-8.66,0.28,,10384,90,3549,319843,,0.0001,1.56,77460.0
,65.6,-8.48,0.28,,10388,90,3551,320194,,0.0001,0.394,77548.0
,61.8,-7.57,0.279,,10392,90,3552,320329,,0.0001,0.16,77582.0
,62.1,-9.34,0.279,,10396,90,3554,320554,,0.0001,0.0297,77638.0
,62.0,-9.35,0.278,,10400,90,3556,320711,,0.0001,0.151,77677.0
,61.8,-8.39,0.277,,10404,90,3558,321146,,0.0001,0.359,77786.0
,63.9,-8.47,0.277,,10408,90,3561,321499,,0.0001,0.00377,77874.0
,68.0,-7.01,0.276,,10412,90,3563,321943,,0.0001,0.609,77985.0
,68.2,-6.57,0.275,,10416,90,3565,322156,,0.0001,0.293,78038.0
,69.1,-6.89,0.274,,10420,90,3567,322556,,0.0001,0.0036,78138.0
,69.2,-6.24,0.274,,10424,90,3569,322767,,0.0001,0.00759,78191.0
,69.7,-6.45,0.273,,10428,90,3572,323186,,0.0001,0.282,78296.0
,69.7,-7.6,0.273,,10432,90,3573,323330,,0.0001,0.0426,78332.0
,68.1,-7.43,0.272,,10436,90,3575,323446,,0.0001,0.272,78361.0
,70.7,-7.9,0.271,,10440,90,3577,323944,,0.0001,0.939,78485.0
,70.5,-8.15,0.271,,10444,90,3579,324220,,0.0001,0.672,78554.0
,69.5,-7.37,0.27,,10448,90,3582,324628,,0.0001,0.0241,78656.0
,71.8,-7.21,0.269,,10452,90,3584,325078,,0.0001,0.166,78769.0
,71.0,-7.76,0.268,,10456,90,3587,325480,,0.0001,0.323,78869.0
,74.2,-8.42,0.266,,10460,90,3589,326006,,0.0001,0.4,79001.0
,75.8,-8.78,0.266,,10464,90,3591,326200,,0.0001,0.407,79049.0
,75.6,-8.27,0.266,,10468,90,3592,326335,,0.0001,0.167,79083.0
,75.8,-8.23,0.265,,10472,90,3594,326512,,0.0001,0.00745,79127.0
,72.9,-7.82,0.265,,10476,90,3595,326612,,0.0001,0.285,79152.0
,71.7,-7.56,0.265,,10480,90,3597,326768,,0.0001,0.635,79191.0
,71.6,-6.94,0.264,,10484,90,3599,326999,,0.0001,0.54,79249.0
,71.1,-6.43,0.264,,10488,90,3601,327302,,0.0001,0.383,79325.0
,72.1,-6.62,0.263,,10492,90,3602,327538,,0.0001,0.238,79384.0
,72.6,-6.66,0.262,,10496,90,3604,327818,,0.0001,0.00538,79454.0
,73.5,-6.82,0.262,,10500,90,3606,328064,,0.0001,0.0297,79515.0
,71.2,-7.83,0.261,,10504,90,3608,328262,,0.0001,2.24,79565.0
,70.6,-7.86,0.261,,10508,91,3610,328563,,0.0001,0.182,79640.0
,73.3,-9.98,0.259,,10512,91,3613,329269,,0.0001,0.399,79817.0
,76.4,-10.9,0.258,,10516,91,3616,329800,,0.0001,0.231,79949.0
,75.0,-10.9,0.257,,10520,91,3618,330052,,0.0001,0.333,80012.0
,74.7,-11.7,0.257,,10524,91,3619,330235,,0.0001,0.382,80058.0
,70.7,-11.6,0.257,,10528,91,3620,330256,,0.0001,0.993,80063.0
,72.2,-10.8,0.256,,10532,91,3622,330554,,0.0001,0.144,80138.0
,74.1,-10.9,0.256,,10536,91,3624,330854,,0.0001,0.168,80213.0
,71.7,-11.1,0.255,,10540,91,3626,331117,,0.0001,0.807,80279.0
,70.2,-11.0,0.255,,10544,91,3628,331237,,0.0001,0.401,80309.0
,70.1,-12.0,0.254,,10548,91,3630,331640,,0.0001,0.292,80409.0
,70.3,-13.0,0.253,,10552,91,3632,332110,,0.0001,0.327,80527.0
,70.3,-13.4,0.252,,10556,91,3635,332511,,0.0001,0.0373,80627.0
,66.1,-13.0,0.252,,10560,91,3636,332618,,0.0001,0.312,80654.0
,67.5,-13.4,0.251,,10564,91,3638,332948,,0.0001,0.00974,80736.0
,68.6,-13.4,0.25,,10568,91,3640,333195,,0.0001,0.622,80798.0
,69.8,-14.2,0.25,,10572,91,3642,333494,,0.0001,0.0169,80873.0
,72.1,-12.7,0.249,,10576,91,3644,333822,,0.0001,0.0175,80955.0
,73.2,-13.1,0.248,,10580,91,3646,334087,,0.0001,0.341,81021.0
,74.0,-13.9,0.248,,10584,91,3648,334402,,0.0001,0.393,81100.0
,76.7,-14.5,0.246,,10588,91,3651,334975,,0.0001,0.687,81243.0
,77.5,-14.5,0.246,,10592,91,3653,335292,,0.0001,0.248,81322.0
,79.2,-14.4,0.245,,10596,91,3655,335739,,0.0001,0.531,81434.0
,79.5,-13.4,0.244,,10600,91,3657,336017,,0.0001,0.259,81504.0
,80.4,-13.4,0.243,,10604,91,3659,336298,,0.0001,0.465,81574.0
,79.2,-12.4,0.243,,10608,91,3661,336478,,0.0001,0.158,81619.0
,74.0,-11.6,0.243,,10612,91,3662,336666,,0.0001,0.348,81666.0
,72.7,-11.0,0.242,,10616,91,3665,337066,,0.0001,0.161,81766.0
,71.2,-10.9,0.241,,10620,91,3666,337177,,0.0001,0.519,81794.0
,74.3,-10.5,0.24,,10624,92,3669,337669,,0.0001,1.67,81917.0
,76.3,-10.4,0.24,,10628,92,3671,337887,,0.0001,0.021,81971.0
,75.4,-11.0,0.239,,10632,92,3672,338097,,0.0001,0.235,82024.0
,78.0,-11.3,0.238,,10636,92,3675,338651,,0.0001,0.0078,82162.0
,77.4,-10.8,0.238,,10640,92,3677,338857,,0.0001,0.00454,82214.0
,78.1,-9.99,0.237,,10644,92,3678,339049,,0.0001,0.00603,82262.0
,76.3,-9.92,0.237,,10648,92,3680,339273,,0.0001,0.0104,82318.0
,73.5,-8.29,0.236,,10652,92,3682,339460,,0.0001,0.229,82364.0
,73.5,-8.11,0.235,,10656,92,3684,339857,,0.0001,0.335,82464.0
,74.5,-8.17,0.235,,10660,92,3686,340070,,0.0001,0.0106,82517.0
,75.7,-7.76,0.234,,10664,92,3688,340519,,0.0001,0.318,82629.0
,74.3,-8.2,0.234,,10668,92,3690,340627,,0.0001,0.00505,82656.0
,74.1,-7.9,0.233,,10672,92,3692,340903,,0.0001,0.289,82725.0
,72.2,-9.41,0.233,,10676,92,3693,341037,,0.0001,0.131,82759.0
,70.2,-9.02,0.233,,10680,92,3695,341106,,0.0001,0.146,82776.0
,68.1,-7.96,0.232,,10684,92,3696,341208,,0.0001,0.00699,82801.0
,63.8,-8.14,0.232,,10688,92,3698,341355,,0.0001,0.243,82838.0
,62.6,-8.58,0.232,,10692,92,3699,341554,,0.0001,1.35,82888.0
,60.3,-7.35,0.231,,10696,92,3701,341771,,0.0001,0.146,82942.0
,60.2,-8.5,0.23,,10700,92,3703,342036,,0.0001,0.46,83008.0
,59.5,-7.81,0.23,,10704,92,3705,342253,,0.0001,0.622,83063.0
,61.2,-8.27,0.229,,10708,92,3707,342599,,0.0001,0.127,83149.0
,61.5,-8.27,0.229,,10712,92,3709,342814,,0.0001,0.236,83203.0
,63.1,-9.67,0.227,,10716,92,3712,343379,,0.0001,0.933,83344.0
,65.0,-9.5,0.227,,10720,92,3714,343679,,0.0001,0.004,83419.0
,62.0,-9.58,0.226,,10724,92,3715,343873,,0.0001,0.218,83468.0
,62.3,-8.78,0.226,,10728,92,3717,344114,,0.0001,0.312,83528.0
,61.7,-7.75,0.225,,10732,92,3719,344270,,0.0001,0.0862,83567.0
,59.6,-6.91,0.225,,10736,92,3721,344607,,0.0001,0.124,83651.0
,59.4,-7.45,0.224,,10740,92,3722,344799,,0.0001,0.0345,83699.0
,61.5,-8.35,0.223,,10744,92,3725,345203,,0.0001,0.469,83800.0
,65.1,-8.12,0.222,,10748,92,3728,345780,,0.0001,0.23,83944.0
,67.6,-8.96,0.221,,10752,92,3730,346223,,0.0001,0.00745,84055.0
,68.5,-8.6,0.22,,10756,92,3733,346705,,0.0001,0.465,84176.0
,69.6,-7.72,0.219,,10760,92,3735,347026,,0.0001,0.28,84256.0
,70.7,-7.28,0.218,,10764,92,3738,347584,,0.0001,0.00534,84395.0
,72.2,-6.52,0.217,,10768,93,3740,347842,,0.0001,0.162,84460.0
,72.2,-6.28,0.217,,10772,93,3741,348122,,0.0001,0.663,84530.0
,73.6,-6.63,0.216,,10776,93,3743,348397,,0.0001,0.156,84599.0
,74.9,-5.89,0.216,,10780,93,3745,348594,,0.0001,0.00471,84648.0
,79.9,-7.39,0.214,,10784,93,3748,349202,,0.0001,0.0112,84800.0
,81.3,-6.54,0.214,,10788,93,3750,349488,,0.0001,0.166,84871.0
,82.0,-4.67,0.213,,10792,93,3752,349757,,0.0001,0.0608,84939.0
,84.7,-5.03,0.212,,10796,93,3755,350240,,0.0001,0.536,85059.0
,85.0,-4.9,0.211,,10800,93,3757,350540,,0.0001,0.19,85134.0
,87.2,-5.64,0.21,,10804,93,3759,350972,,0.0001,0.00387,85242.0
,88.6,-5.29,0.209,,10808,93,3762,351456,,0.0001,0.368,85363.0
,87.8,-5.62,0.209,,10812,93,3763,351593,,0.0001,0.00374,85398.0
,87.5,-5.01,0.208,,10816,93,3766,352133,,0.0001,0.157,85533.0
,88.4,-5.6,0.207,,10820,93,3768,352522,,0.0001,2.5,85630.0
,89.2,-5.95,0.206,,10824,93,3770,352797,,0.0001,0.626,85699.0
,89.5,-6.07,0.206,,10828,93,3772,353063,,0.0001,0.319,85765.0
,89.5,-7.08,0.205,,10832,93,3773,353218,,0.0001,0.292,85804.0
,88.7,-7.59,0.205,,10836,93,3775,353476,,0.0001,0.0758,85868.0
,90.3,-7.1,0.204,,10840,93,3777,353826,,0.0001,0.23,85956.0
,91.9,-7.76,0.203,,10844,93,3780,354389,,0.0001,0.462,86097.0
,90.2,-6.55,0.202,,10848,93,3783,354803,,0.0001,0.253,86200.0
,88.5,-6.89,0.201,,10852,93,3784,355071,,0.0001,0.158,86267.0
,84.5,-7.17,0.201,,10856,93,3786,355150,,0.0001,0.413,86287.0
,84.1,-8.03,0.2,,10860,93,3788,355439,,0.0001,0.207,86359.0
,82.4,-7.89,0.199,,10864,93,3790,355828,,0.0001,0.134,86456.0
,83.3,-8.29,0.199,,10868,93,3792,356171,,0.0001,0.0129,86542.0
,83.5,-8.54,0.198,,10872,93,3794,356469,,0.0001,2.09,86617.0
,83.0,-8.18,0.197,,10876,93,3796,356702,,0.0001,0.232,86675.0
,87.2,-9.24,0.196,,10880,94,3799,357314,,0.0001,0.0572,86828.0
,85.3,-8.42,0.195,,10884,94,3802,357730,,0.0001,0.00256,86932.0
,86.1,-8.61,0.194,,10888,94,3804,358100,,0.0001,0.333,87024.0
,84.9,-10.5,0.194,,10892,94,3805,358248,,0.0001,0.118,87061.0
,83.2,-11.1,0.193,,10896,94,3807,358556,,0.0001,0.51,87138.0
,84.2,-9.78,0.192,,10900,94,3810,358955,,0.0001,0.00936,87238.0
,83.9,-9.62,0.191,,10904,94,3812,359365,,0.0001,0.306,87341.0
,82.8,-10.5,0.191,,10908,94,3814,359738,,0.0001,1.67,87434.0
,88.8,-9.22,0.189,,10912,94,3818,360469,,0.0001,1.35,87617.0
,89.0,-8.25,0.188,,10916,94,3821,361035,,0.0001,0.191,87758.0
,89.2,-8.1,0.187,,10920,94,3823,361437,,0.0001,0.253,87859.0
,90.5,-8.21,0.186,,10924,94,3825,361847,,0.0001,2.07,87961.0
,90.5,-8.51,0.185,,10928,94,3827,362108,,0.0001,0.0221,88026.0
,91.3,-7.73,0.185,,10932,94,3829,362351,,0.0001,0.227,88087.0
,89.5,-7.76,0.185,,10936,94,3830,362426,,0.0001,0.617,88106.0
,87.4,-7.07,0.184,,10940,94,3832,362564,,0.0001,0.0623,88140.0
,83.9,-6.53,0.184,,10944,94,3833,362781,,0.0001,0.449,88195.0
,87.9,-7.88,0.182,,10948,94,3837,363595,,0.0001,0.168,88398.0
,88.7,-8.05,0.181,,10952,94,3839,363938,,0.0001,0.323,88484.0
,92.9,-8.17,0.18,,10956,94,3842,364443,,0.0001,0.469,88610.0
,92.5,-8.35,0.179,,10960,94,3844,364685,,0.0001,0.315,88671.0
,93.3,-7.28,0.178,,10964,94,3846,365158,,0.0001,0.155,88789.0
,91.8,-7.17,0.178,,10968,94,3848,365346,,0.0001,0.564,88836.0
,92.6,-6.5,0.177,,10972,94,3850,365730,,0.0001,0.362,88932.0
,94.5,-4.16,0.176,,10976,95,3852,366150,,0.0001,0.0125,89037.0
,95.4,-4.17,0.175,,10980,95,3856,366857,,0.0001,1.89,89214.0
,97.0,-4.38,0.173,,10984,95,3859,367429,,0.0001,0.23,89357.0
,101.0,-4.23,0.172,,10988,95,3862,368194,,0.0001,0.235,89548.0
,101.0,-4.22,0.171,,10992,95,3864,368318,,0.0001,0.00612,89579.0
,101.0,-3.66,0.171,,10996,95,3866,368666,,0.0001,0.00679,89666.0
,101.0,-4.49,0.17,,11000,95,3868,369075,,0.0001,0.236,89768.0
,102.0,-4.66,0.169,,11004,95,3871,369540,,0.0001,0.309,89884.0
,101.0,-3.55,0.168,,11008,95,3873,369797,,0.0001,0.482,89949.0
,101.0,-5.3,0.166,,11012,95,3876,370554,,0.0001,0.126,90138.0
,98.3,-6.16,0.166,,11016,95,3878,370870,,0.0001,0.571,90217.0
,96.7,-4.94,0.165,,11020,95,3880,371105,,0.0001,0.641,90276.0
,93.5,-4.66,0.165,,11024,95,3882,371201,,0.0001,0.00436,90300.0
,92.7,-5.39,0.164,,11028,95,3883,371375,,0.0001,0.445,90343.0
,93.1,-5.82,0.164,,11032,95,3885,371658,,0.0001,0.317,90414.0
,97.3,-5.79,0.163,,11036,95,3888,372152,,0.0001,0.529,90537.0
,99.3,-7.18,0.162,,11040,95,3890,372491,,0.0001,0.5,90622.0
,99.4,-7.33,0.161,,11044,95,3892,372724,,0.0001,0.00594,90680.0
,99.2,-7.54,0.16,,11048,95,3896,373512,,0.0001,0.00335,90877.0
,97.9,-7.19,0.159,,11052,95,3897,373728,,0.0001,0.148,90931.0
,96.8,-7.15,0.158,,11056,95,3900,374126,,0.0001,0.0215,91031.0
,95.6,-6.95,0.158,,11060,95,3901,374245,,0.0001,0.226,91061.0
,96.3,-7.45,0.157,,11064,95,3904,374793,,0.0001,0.397,91198.0
,98.4,-7.12,0.156,,11068,96,3906,375186,,0.0001,1.25,91296.0
,96.9,-6.75,0.155,,11072,96,3908,375421,,0.0001,0.296,91355.0
,95.8,-9.33,0.155,,11076,96,3910,375731,,0.0001,0.244,91432.0
,93.6,-8.62,0.154,,11080,96,3913,376216,,0.0001,0.247,91553.0
,92.3,-7.96,0.153,,11084,96,3916,376656,,0.0001,0.127,91663.0
,86.2,-7.88,0.152,,11088,96,3917,376816,,0.0001,0.256,91703.0
,86.6,-7.89,0.152,,11092,96,3919,376980,,0.0001,0.439,91744.0
,88.0,-8.66,0.151,,11096,96,3921,377462,,0.0001,0.0105,91865.0
,85.2,-8.95,0.15,,11100,96,3923,377598,,0.0001,0.236,91899.0
,85.8,-8.58,0.149,,11104,96,3926,378120,,0.0001,0.00942,92029.0
,87.6,-10.5,0.148,,11108,96,3928,378554,,0.0001,0.0102,92138.0
,85.6,-10.2,0.147,,11112,96,3931,379113,,0.0001,0.0882,92278.0
,86.0,-8.34,0.146,,11116,96,3933,379466,,0.0001,0.246,92366.0
,86.7,-9.4,0.146,,11120,96,3935,379775,,0.0001,0.387,92443.0
,89.6,-9.26,0.145,,11124,96,3938,380164,,0.0001,0.937,92540.0
,94.6,-8.86,0.143,,11128,96,3941,380838,,0.0001,0.228,92709.0
,93.8,-8.81,0.143,,11132,96,3943,381039,,0.0001,0.0788,92759.0
,93.3,-7.82,0.142,,11136,96,3945,381482,,0.0001,0.396,92870.0
,98.9,-5.83,0.14,,11140,96,3950,382382,,0.0001,0.151,93095.0
,101.0,-5.22,0.139,,11144,96,3952,382840,,0.0001,0.232,93209.0
,99.0,-3.89,0.137,,11148,96,3955,383414,,0.0001,0.295,93353.0
,98.5,-3.88,0.137,,11152,96,3957,383580,,0.0001,1.48,93394.0
,99.2,-4.4,0.136,,11156,96,3959,384050,,0.0001,0.0255,93512.0
,103.0,-4.49,0.135,,11160,97,3962,384504,,0.0001,0.0109,93625.0
,101.0,-5.9,0.134,,11164,97,3965,384884,,0.0001,0.00296,93720.0
,100.0,-6.38,0.133,,11168,97,3967,385197,,0.0001,0.00401,93799.0
,101.0,-6.96,0.133,,11172,97,3969,385514,,0.0001,0.023,93878.0
,106.0,-6.39,0.131,,11176,97,3973,386314,,0.0001,0.324,94078.0
,108.0,-7.09,0.129,,11180,97,3977,387008,,0.0001,0.00428,94251.0
,109.0,-8.49,0.128,,11184,97,3980,387560,,0.0001,0.297,94389.0
,112.0,-9.48,0.127,,11188,97,3983,388034,,0.0001,0.0852,94508.0
,116.0,-10.1,0.126,,11192,97,3986,388559,,0.0001,0.0771,94639.0
,113.0,-10.0,0.125,,11196,97,3987,388716,,0.0001,0.0865,94678.0
,118.0,-10.6,0.124,,11200,97,3991,389441,,0.0001,0.231,94860.0
,124.0,-10.8,0.121,,11204,97,3995,390480,,0.0001,0.227,95119.0
,125.0,-9.5,0.12,,11208,97,3998,391027,,0.0001,0.316,95256.0
,123.0,-7.8,0.119,,11212,97,4001,391411,,0.0001,0.0729,95352.0
,122.0,-9.29,0.119,,11216,97,4003,391705,,0.0001,0.444,95426.0
,129.0,-6.82,0.116,,11220,97,4007,392693,,0.0001,0.0313,95673.0
,132.0,-6.23,0.115,,11224,98,4010,393355,,0.0001,0.144,95838.0
,131.0,-6.68,0.114,,11228,98,4013,393928,,0.0001,0.159,95981.0
,132.0,-6.62,0.113,,11232,98,4016,394238,,0.0001,0.227,96059.0
,134.0,-7.93,0.112,,11236,98,4019,394870,,0.0001,0.14,96217.0
,133.0,-8.57,0.11,,11240,98,4023,395730,,0.0001,0.00463,96432.0
,130.0,-8.84,0.109,,11244,98,4024,395878,,0.0001,0.859,96469.0
,127.0,-9.31,0.109,,11248,98,4026,396102,,0.0001,0.0372,96525.0
,130.0,-9.41,0.108,,11252,98,4028,396543,,0.0001,0.159,96635.0
,127.0,-9.01,0.107,,11256,98,4030,396796,,0.0001,1.51,96698.0
,127.0,-9.02,0.106,,11260,98,4033,397178,,0.0001,0.00213,96794.0
,134.0,-7.05,0.104,,11264,98,4037,398258,,0.0001,0.139,97064.0
,133.0,-6.77,0.103,,11268,98,4039,398498,,0.0001,0.374,97124.0
,138.0,-6.42,0.102,,11272,98,4043,399285,,0.0001,0.00452,97321.0
,132.0,-7.14,0.101,,11276,98,4045,399557,,0.0001,0.00473,97389.0
,130.0,-6.14,0.1,,11280,98,4048,400049,,0.0001,0.00415,97512.0
,128.0,-4.8,0.1,,11284,98,4050,400372,,0.0001,0.00354,97592.0
,132.0,-5.31,0.1,,11288,98,4054,401255,,0.0001,0.144,97813.0
,139.0,-5.66,0.1,,11292,99,4059,402429,,0.0001,0.852,98107.0
,144.0,-4.68,0.1,,11296,99,4063,403105,,0.0001,0.429,98276.0
,142.0,-4.69,0.1,,11300,99,4065,403613,,0.0001,0.00376,98403.0
,141.0,-2.87,0.1,,11304,99,4070,404573,,0.0001,0.00814,98643.0
,139.0,-3.39,0.1,,11308,99,4072,404941,,0.0001,0.102,98735.0
,140.0,-4.09,0.1,,11312,99,4075,405409,,0.0001,0.151,98852.0
,140.0,-4.43,0.1,,11316,99,4077,405674,,0.0001,0.00192,98918.0
,135.0,-6.84,0.1,,11320,99,4079,406161,,0.0001,0.0061,99040.0
,135.0,-6.42,0.1,,11324,99,4083,406902,,0.0001,0.231,99225.0
,138.0,-6.81,0.1,,11328,99,4087,407711,,0.0001,0.15,99427.0
,145.0,-6.39,0.1,,11332,99,4092,408781,,0.0001,0.263,99695.0
,151.0,-5.97,0.1,,11336,100,4097,409993,,0.0001,0.00362,99998.0
,148.0,-7.04,0.1,,11340,100,4100,410483,,0.0001,0.413,100120.0
,149.0,-6.68,0.1,,11344,100,4102,410819,,0.0001,0.625,100204.0
,155.0,-5.12,0.1,,11348,100,4106,411630,,0.0001,1.78,100407.0
,168.0,-4.74,0.1,,11352,100,4113,413294,,0.0001,0.00527,100823.0
,177.0,-4.78,0.1,,11356,100,4118,414500,,0.0001,0.0571,101124.0
,176.0,-4.56,0.1,,11360,100,4120,414823,,0.0001,0.303,101205.0
,174.0,-6.3,0.1,,11364,100,4125,415701,,0.0001,0.459,101425.0
,178.0,-5.75,0.1,,11368,100,4128,416309,,0.0001,1.65,101577.0
,176.0,-6.94,0.1,,11372,100,4130,416835,,0.0001,0.14,101708.0
,176.0,-4.96,0.1,,11376,100,4133,417176,,0.0001,0.115,101793.0
,175.0,-5.42,0.1,,11380,100,4135,417559,,0.0001,0.00312,101889.0
,174.0,-4.97,0.1,,11384,100,4137,417754,,0.0001,2.22,101938.0
,168.0,-3.82,0.1,,11388,101,4139,418051,,0.0001,0.479,102012.0
,160.0,-3.17,0.1,,11392,101,4141,418477,,0.0001,0.292,102119.0
,163.0,-4.85,0.1,,11396,101,4145,419358,,0.0001,0.108,102339.0
,161.0,-4.21,0.1,,11400,101,4148,419757,,0.0001,0.309,102439.0
,161.0,-6.99,0.1,,11404,101,4152,420632,,0.0001,0.00273,102657.0
,160.0,-6.12,0.1,,11408,101,4154,420975,,0.0001,0.155,102743.0
,159.0,-7.21,0.1,,11412,101,4156,421309,,0.0001,0.158,102827.0
,164.0,-7.54,0.1,,11416,101,4160,422076,,0.0001,0.823,103018.0
,166.0,-7.88,0.1,,11420,101,4163,422757,,0.0001,0.143,103189.0
,168.0,-8.37,0.1,,11424,101,4168,423713,,0.0001,0.232,103428.0
,165.0,-6.31,0.1,,11428,101,4170,424219,,0.0001,0.00251,103554.0
,160.0,-6.93,0.1,,11432,101,4173,424731,,0.0001,0.156,103682.0
,151.0,-6.98,0.1,,11436,101,4176,425085,,0.0001,0.0039,103771.0
,150.0,-6.1,0.1,,11440,101,4178,425444,,0.0001,0.309,103860.0
,151.0,-5.93,0.1,,11444,101,4181,425915,,0.0001,0.133,103978.0
,148.0,-7.44,0.1,,11448,101,4183,426432,,0.0001,0.0332,104107.0
,145.0,-8.66,0.1,,11452,102,4189,427776,,0.0001,0.622,104443.0
,137.0,-7.99,0.1,,11456,102,4192,428186,,0.0001,0.589,104546.0
,137.0,-7.98,0.1,,11460,102,4194,428516,,0.0001,0.0196,104628.0
,133.0,-7.64,0.1,,11464,102,4197,429043,,0.0001,0.229,104760.0
,132.0,-9.09,0.1,,11468,102,4200,429543,,0.0001,0.974,104885.0
,130.0,-8.77,0.1,,11472,102,4202,429792,,0.0001,0.374,104947.0
,130.0,-9.4,0.1,,11476,102,4204,430132,,0.0001,0.00555,105032.0
,129.0,-9.42,0.1,,11480,102,4206,430461,,0.0001,0.23,105115.0
,129.0,-10.2,0.1,,11484,102,4208,430674,,0.0001,0.455,105168.0
,131.0,-7.89,0.1,,11488,102,4210,431166,,0.0001,0.848,105291.0
,136.0,-7.32,0.1,,11492,102,4214,432028,,0.0001,0.00359,105506.0
,135.0,-7.41,0.1,,11496,102,4219,432907,,0.0001,0.00477,105726.0
,135.0,-7.0,0.1,,11500,102,4221,433300,,0.0001,0.00354,105824.0
,130.0,-4.33,0.1,,11504,102,4223,433617,,0.0001,1.25,105904.0
,128.0,-4.36,0.1,,11508,102,4225,433800,,0.0001,0.00841,105949.0
,132.0,-4.37,0.1,,11512,102,4228,434474,,0.0001,0.00886,106118.0
,130.0,-3.85,0.1,,11516,102,4231,435116,,0.0001,0.139,106278.0
,134.0,-1.85,0.1,,11520,102,4236,436110,,0.0001,0.446,106527.0
,132.0,-0.533,0.1,,11524,103,4240,436956,,0.0001,0.128,106738.0
,135.0,-2.04,0.1,,11528,103,4244,437727,,0.0001,0.161,106931.0
,135.0,-2.59,0.1,,11532,103,4247,438197,,0.0001,0.23,107049.0
,133.0,-2.88,0.1,,11536,103,4248,438400,,0.0001,0.937,107099.0
,132.0,-3.59,0.1,,11540,103,4250,438632,,0.0001,0.542,107157.0
,133.0,-4.89,0.1,,11544,103,4253,439171,,0.0001,0.0036,107292.0
,130.0,-5.58,0.1,,11548,103,4255,439392,,0.0001,0.34,107347.0
,122.0,-5.0,0.1,,11552,103,4258,439950,,0.0001,0.31,107487.0
,122.0,-4.8,0.1,,11556,103,4261,440414,,0.0001,0.00264,107603.0
,122.0,-4.35,0.1,,11560,103,4263,440763,,0.0001,0.307,107690.0
,122.0,-4.09,0.1,,11564,103,4266,441269,,0.0001,0.0081,107817.0
,122.0,-3.09,0.1,,11568,103,4268,441746,,0.0001,0.00338,107936.0
,127.0,-2.95,0.1,,11572,103,4272,442521,,0.0001,0.00234,108130.0
,129.0,-2.88,0.1,,11576,103,4275,443050,,0.0001,0.434,108262.0
,134.0,-3.6,0.1,,11580,103,4278,443864,,0.0001,0.624,108465.0
,138.0,-3.89,0.1,,11584,103,4281,444496,,0.0001,0.0613,108623.0
,135.0,-6.4,0.1,,11588,103,4283,444656,,0.0001,0.227,108663.0
,128.0,-6.75,0.1,,11592,103,4285,444867,,0.0001,0.45,108716.0
,130.0,-5.71,0.1,,11596,103,4289,445870,,0.0001,0.00395,108967.0
,128.0,-6.25,0.1,,11600,103,4291,446110,,0.0001,0.28,109027.0
,132.0,-8.51,0.1,,11604,104,4295,446820,,0.0001,0.752,109204.0
,134.0,-9.34,0.1,,11608,104,4297,447170,,0.0001,0.818,109292.0
,130.0,-8.81,0.1,,11612,104,4299,447502,,0.0001,0.134,109375.0
,127.0,-9.01,0.1,,11616,104,4301,447773,,0.0001,0.0653,109443.0
,119.0,-10.7,0.1,,11620,104,4303,448023,,0.0001,0.125,109505.0
,115.0,-12.5,0.1,,11624,104,4306,448480,,0.0001,0.308,109619.0
,114.0,-11.8,0.1,,11628,104,4309,449175,,0.0001,0.275,109793.0
,113.0,-11.7,0.1,,11632,104,4311,449489,,0.0001,0.00526,109872.0
,116.0,-11.8,0.1,,11636,104,4314,449990,,0.0001,0.133,109997.0
,117.0,-11.7,0.1,,11640,104,4316,450354,,0.0001,0.00757,110088.0
,115.0,-10.8,0.1,,11644,104,4318,450694,,0.0001,0.233,110173.0
,120.0,-10.8,0.1,,11648,104,4321,451362,,0.0001,0.0846,110340.0
,121.0,-11.0,0.1,,11652,104,4325,452094,,0.0001,0.147,110523.0
,120.0,-11.3,0.1,,11656,104,4327,452439,,0.0001,0.227,110609.0
,122.0,-12.1,0.1,,11660,104,4330,452929,,0.0001,0.087,110732.0
,119.0,-12.4,0.1,,11664,104,4331,453156,,0.0001,0.569,110788.0
,118.0,-12.7,0.1,,11668,104,4334,453551,,0.0001,0.517,110887.0
,121.0,-13.8,0.1,,11672,104,4338,454586,,0.0001,1.39,111146.0
,119.0,-13.5,0.1,,11676,104,4341,454992,,0.0001,2.0,111247.0
,114.0,-12.8,0.1,,11680,104,4343,455256,,0.0001,0.666,111313.0
,116.0,-11.8,0.1,,11684,104,4347,456137,,0.0001,0.229,111534.0
,118.0,-12.3,0.1,,11688,104,4349,456443,,0.0001,0.0173,111610.0
,130.0,-11.3,0.1,,11692,105,4354,457875,,0.0001,0.00284,111968.0
,129.0,-11.8,0.1,,11696,105,4359,458794,,0.0001,0.00977,112198.0
,131.0,-11.1,0.1,,11700,105,4361,459224,,0.0001,0.23,112305.0
,132.0,-9.89,0.1,,11704,105,4365,460056,,0.0001,0.016,112513.0
,134.0,-8.94,0.1,,11708,105,4368,460544,,0.0001,0.0169,112635.0
,132.0,-9.24,0.1,,11712,105,4370,460699,,0.0001,0.308,112674.0
,133.0,-8.85,0.1,,11716,105,4372,461029,,0.0001,0.00519,112757.0
,135.0,-8.76,0.1,,11720,105,4374,461528,,0.0001,0.0065,112881.0
,137.0,-9.55,0.1,,11724,105,4378,462217,,0.0001,0.00204,113054.0
,139.0,-10.9,0.1,,11728,105,4382,463081,,0.0001,1.64,113270.0
,140.0,-9.92,0.1,,11732,105,4385,463479,,0.0001,0.256,113369.0
,139.0,-9.42,0.1,,11736,105,4387,463906,,0.0001,0.00184,113476.0
,140.0,-9.72,0.1,,11740,105,4390,464372,,0.0001,0.231,113592.0
,139.0,-9.26,0.1,,11744,105,4392,464547,,0.0001,1.59,113636.0
,135.0,-9.15,0.1,,11748,105,4394,464838,,0.0001,0.00336,113709.0
,133.0,-8.79,0.1,,11752,105,4397,465439,,0.0001,1.78,113859.0
,133.0,-9.04,0.1,,11756,105,4399,465744,,0.0001,0.136,113935.0
,132.0,-8.2,0.1,,11760,105,4401,466150,,0.0001,0.114,114037.0
,136.0,-6.68,0.1,,11764,105,4404,466719,,0.0001,0.00375,114179.0
,140.0,-6.44,0.1,,11768,106,4408,467590,,0.0001,0.011,114397.0
,140.0,-5.86,0.1,,11772,106,4413,468564,,0.0001,0.23,114640.0
,145.0,-7.54,0.1,,11776,106,4417,469446,,0.0001,0.00464,114861.0
,149.0,-7.53,0.1,,11780,106,4421,470198,,0.0001,0.454,115049.0
,145.0,-8.42,0.1,,11784,106,4423,470618,,0.0001,0.232,115154.0
,146.0,-7.8,0.1,,11788,106,4426,471041,,0.0001,0.0931,115260.0
,138.0,-7.69,0.1,,11792,106,4429,471695,,0.0001,0.312,115423.0
,139.0,-7.41,0.1,,11796,106,4433,472723,,0.0001,0.54,115680.0
,141.0,-7.87,0.1,,11800,106,4437,473307,,0.0001,0.438,115826.0
,137.0,-7.93,0.1,,11804,106,4439,473793,,0.0001,0.00275,115948.0
,136.0,-7.41,0.1,,11808,106,4441,474100,,0.0001,0.00243,116024.0
,138.0,-7.34,0.1,,11812,106,4444,474449,,0.0001,0.122,116112.0
,138.0,-6.07,0.1,,11816,106,4446,474832,,0.0001,0.263,116207.0
,140.0,-5.94,0.1,,11820,106,4450,475487,,0.0001,0.00391,116371.0
,135.0,-5.53,0.1,,11824,106,4452,475753,,0.0001,0.0077,116438.0
,131.0,-3.94,0.1,,11828,106,4454,476197,,0.0001,0.366,116549.0
,130.0,-4.31,0.1,,11832,106,4456,476513,,0.0001,0.0433,116628.0
,133.0,-2.34,0.1,,11836,106,4460,477159,,0.0001,0.231,116789.0
,131.0,-2.21,0.1,,11840,106,4462,477424,,0.0001,0.308,116855.0
,134.0,-3.22,0.1,,11844,107,4465,477979,,0.0001,0.00248,116994.0
,143.0,-0.859,0.1,,11848,107,4470,479112,,0.0001,0.033,117277.0
,141.0,-0.105,0.1,,11852,107,4472,479581,,0.0001,0.00389,117395.0
,153.0,-0.398,0.1,,11856,107,4478,481020,,0.0001,0.136,117754.0
,156.0,-0.699,0.1,,11860,107,4482,481763,,0.0001,0.036,117940.0
,160.0,-2.42,0.1,,11864,107,4486,482671,,0.0001,0.00541,118167.0
,153.0,-3.07,0.1,,11868,107,4488,482934,,0.0001,0.625,118233.0
,146.0,-2.32,0.1,,11872,107,4490,483170,,0.0001,0.152,118292.0
,143.0,-1.56,0.1,,11876,107,4493,483779,,0.0001,0.00825,118444.0
,141.0,-1.66,0.1,,11880,107,4495,484270,,0.0001,0.68,118567.0
,156.0,-2.97,0.1,,11884,107,4503,486182,,0.0001,0.453,119045.0
,153.0,-3.04,0.1,,11888,107,4504,486324,,0.0001,0.601,119080.0
,151.0,-4.18,0.1,,11892,108,4507,486837,,0.0001,0.00349,119209.0
,146.0,-4.63,0.1,,11896,108,4510,487308,,0.0001,0.00321,119326.0
,144.0,-4.56,0.1,,11900,108,4512,487698,,0.0001,0.144,119424.0
,142.0,-5.7,0.1,,11904,108,4514,488015,,0.0001,0.137,119503.0
,144.0,-7.25,0.1,,11908,108,4517,488524,,0.0001,0.00209,119630.0
,145.0,-7.29,0.1,,11912,108,4520,488951,,0.0001,0.935,119737.0
,146.0,-8.93,0.1,,11916,108,4522,489464,,0.0001,0.143,119865.0
,146.0,-9.04,0.1,,11920,108,4526,490072,,0.0001,0.0782,120017.0
,151.0,-8.88,0.1,,11924,108,4529,490829,,0.0001,0.0943,120207.0
,154.0,-9.96,0.1,,11928,108,4533,491583,,0.0001,0.23,120395.0
,155.0,-10.2,0.1,,11932,108,4535,492037,,0.0001,1.87,120509.0
,155.0,-12.3,0.1,,11936,108,4538,492638,,0.0001,0.141,120659.0
,161.0,-12.8,0.1,,11940,108,4542,493528,,0.0001,0.144,120881.0
,158.0,-12.2,0.1,,11944,108,4544,493733,,0.0001,0.149,120933.0
,150.0,-13.7,0.1,,11948,108,4546,494160,,0.0001,0.0069,121039.0
,157.0,-13.7,0.1,,11952,108,4552,495329,,0.0001,0.23,121332.0
,148.0,-13.6,0.1,,11956,108,4554,495816,,0.0001,0.137,121453.0
,146.0,-13.8,0.1,,11960,108,4557,496330,,0.0001,0.279,121582.0
,141.0,-13.0,0.1,,11964,108,4559,496740,,0.0001,0.00326,121684.0
,145.0,-12.8,0.1,,11968,109,4563,497449,,0.0001,0.31,121862.0
,145.0,-12.1,0.1,,11972,109,4565,497684,,0.0001,0.00306,121920.0
,146.0,-12.2,0.1,,11976,109,4568,498424,,0.0001,0.00277,122105.0
,151.0,-11.2,0.1,,11980,109,4572,499350,,0.0001,1.7,122337.0
,139.0,-10.3,0.1,,11984,109,4576,500121,,0.0001,0.538,122530.0
,143.0,-10.1,0.1,,11988,109,4578,500617,,0.0001,0.00243,122654.0
,147.0,-10.7,0.1,,11992,109,4583,501523,,0.0001,0.11,122880.0
,152.0,-10.9,0.1,,11996,109,4587,502504,,0.0001,0.676,123125.0
,152.0,-11.1,0.1,,12000,109,4589,502881,,0.0001,0.00267,123220.0
,158.0,-10.6,0.1,,12004,109,4594,503836,,0.0001,0.228,123458.0
,161.0,-9.24,0.1,,12008,109,4598,504664,,0.0001,0.229,123665.0
,172.0,-8.96,0.1,,12012,109,4604,506189,,0.0001,0.666,124047.0
,177.0,-9.0,0.1,,12016,110,4608,507169,,0.0001,0.237,124292.0
,175.0,-8.69,0.1,,12020,110,4611,507547,,0.0001,0.125,124386.0
,179.0,-9.25,0.1,,12024,110,4615,508685,,0.0001,0.14,124671.0
,175.0,-7.6,0.1,,12028,110,4618,509097,,0.0001,0.0039,124774.0
,178.0,-8.26,0.1,,12032,110,4621,509798,,0.0001,0.227,124949.0
,183.0,-8.73,0.1,,12036,110,4626,510937,,0.0001,0.00808,125234.0
,182.0,-7.47,0.1,,12040,110,4630,511688,,0.0001,0.234,125421.0
,190.0,-7.96,0.1,,12044,110,4635,512756,,0.0001,0.14,125688.0
,190.0,-8.95,0.1,,12048,110,4637,513189,,0.0001,0.00382,125797.0
,181.0,-7.7,0.1,,12052,110,4639,513429,,0.0001,0.137,125857.0
,180.0,-7.27,0.1,,12056,110,4642,513820,,0.0001,0.145,125954.0
,177.0,-7.21,0.1,,12060,110,4643,514044,,0.0001,0.126,126010.0
,177.0,-7.59,0.1,,12064,110,4646,514431,,0.0001,0.00424,126107.0
,176.0,-8.03,0.1,,12068,110,4649,515022,,0.0001,0.00557,126255.0
,181.0,-8.22,0.1,,12072,110,4652,515743,,0.0001,0.309,126435.0
,179.0,-6.16,0.1,,12076,110,4655,516366,,0.0001,0.0699,126591.0
,173.0,-7.57,0.1,,12080,110,4657,516671,,0.0001,0.0502,126667.0
,175.0,-6.9,0.1,,12084,111,4661,517618,,0.0001,0.137,126904.0
,173.0,-7.34,0.1,,12088,111,4663,517956,,0.0001,0.361,126988.0
,170.0,-6.51,0.1,,12092,111,4667,518556,,0.0001,0.307,127138.0
,170.0,-4.53,0.1,,12096,111,4671,519518,,0.0001,0.309,127379.0
,173.0,-3.85,0.1,,12100,111,4674,520158,,0.0001,0.00445,127539.0
,167.0,-3.92,0.1,,12104,111,4677,520552,,0.0001,0.23,127637.0
,164.0,-3.79,0.1,,12108,111,4679,521081,,0.0001,0.00299,127770.0
,160.0,-1.62,0.1,,12112,111,4684,522183,,0.0001,1.24,128045.0
,157.0,-0.739,0.1,,12116,111,4688,522829,,0.0001,0.00277,128207.0
,167.0,-1.41,0.1,,12120,111,4693,524268,,0.0001,0.141,128566.0
,166.0,-0.88,0.1,,12124,111,4698,525262,,0.0001,0.331,128815.0
,164.0,-2.44,0.1,,12128,111,4700,525541,,0.0001,0.37,128885.0
,166.0,-2.21,0.1,,12132,111,4703,526404,,0.0001,0.0038,129100.0
,165.0,-1.52,0.1,,12136,112,4708,527403,,0.0001,0.00244,129350.0
,160.0,-2.42,0.1,,12140,112,4710,527731,,0.0001,0.142,129432.0
,152.0,-1.86,0.1,,12144,112,4712,527919,,0.0001,0.624,129479.0
,164.0,-2.5,0.1,,12148,112,4718,529544,,0.0001,0.587,129885.0
,170.0,-3.94,0.1,,12152,112,4722,530450,,0.0001,0.00485,130112.0
,176.0,-5.05,0.1,,12156,112,4726,531378,,0.0001,0.535,130344.0
,182.0,-4.97,0.1,,12160,112,4730,532246,,0.0001,0.00243,130561.0
,180.0,-5.35,0.1,,12164,112,4732,532394,,0.0001,0.0026,130598.0
,180.0,-5.11,0.1,,12168,112,4735,532974,,0.0001,0.109,130743.0
,175.0,-5.87,0.1,,12172,112,4737,533223,,0.0001,0.356,130805.0
,174.0,-8.56,0.1,,12176,112,4739,533768,,0.0001,0.362,130941.0
,175.0,-8.61,0.1,,12180,112,4742,534220,,0.0001,0.0262,131054.0
,174.0,-8.29,0.1,,12184,112,4746,535023,,0.0001,0.571,131255.0
,174.0,-7.52,0.1,,12188,112,4748,535337,,0.0001,0.0026,131334.0
,174.0,-7.54,0.1,,12192,112,4751,535984,,0.0001,0.00236,131495.0
,171.0,-8.59,0.1,,12196,112,4754,536598,,0.0001,0.00737,131649.0
,167.0,-8.93,0.1,,12200,112,4756,536833,,0.0001,0.545,131708.0
,167.0,-8.05,0.1,,12204,112,4759,537283,,0.0001,0.595,131820.0
,176.0,-9.55,0.1,,12208,113,4765,538704,,0.0001,0.00532,132175.0
,172.0,-11.2,0.1,,12212,113,4768,539349,,0.0001,1.56,132337.0
,168.0,-12.1,0.1,,12216,113,4770,539660,,0.0001,0.0018,132414.0
,165.0,-10.5,0.1,,12220,113,4775,540742,,0.0001,0.142,132685.0
,159.0,-10.8,0.1,,12224,113,4778,541199,,0.0001,0.0146,132799.0
,170.0,-8.73,0.1,,12228,113,4783,542531,,0.0001,0.233,133132.0
,167.0,-8.7,0.1,,12232,113,4786,543071,,0.0001,0.287,133267.0
,161.0,-8.14,0.1,,12236,113,4788,543515,,0.0001,0.391,133378.0
,170.0,-8.86,0.1,,12240,113,4794,544751,,0.0001,0.234,133687.0
,175.0,-8.3,0.1,,12244,113,4797,545414,,0.0001,0.353,133853.0
,161.0,-7.17,0.1,,12248,113,4799,545637,,0.0001,0.00264,133909.0
,158.0,-7.39,0.1,,12252,113,4802,546291,,0.0001,0.00949,134072.0
,154.0,-6.61,0.1,,12256,113,4804,546777,,0.0001,0.0743,134194.0
,156.0,-7.19,0.1,,12260,113,4809,547885,,0.0001,0.00894,134471.0
,158.0,-7.23,0.1,,12264,113,4811,548155,,0.0001,0.00439,134538.0
,161.0,-7.45,0.1,,12268,114,4815,549039,,0.0001,0.129,134759.0
,167.0,-7.25,0.1,,12272,114,4819,549896,,0.0001,0.935,134973.0
,168.0,-6.86,0.1,,12276,114,4822,550518,,0.0001,0.336,135129.0
,166.0,-6.65,0.1,,12280,114,4824,550821,,0.0001,0.444,135205.0
,163.0,-5.45,0.1,,12284,114,4827,551345,,0.0001,0.00321,135336.0
,170.0,-6.82,0.1,,12288,114,4832,552287,,0.0001,0.007,135571.0
,165.0,-4.32,0.1,,12292,114,4833,552504,,0.0001,0.00359,135625.0
,170.0,-4.61,0.1,,12296,114,4838,553558,,0.0001,0.229,135889.0
,176.0,-5.33,0.1,,12300,114,4842,554452,,0.0001,0.216,136112.0
,180.0,-4.53,0.1,,12304,114,4846,555311,,0.0001,0.226,136327.0
,173.0,-4.23,0.1,,12308,114,4849,555990,,0.0001,0.142,136497.0
,168.0,-4.92,0.1,,12312,114,4851,556198,,0.0001,0.00175,136549.0
,181.0,-3.86,0.1,,12316,114,4857,557726,,0.0001,0.00233,136931.0
,178.0,-4.67,0.1,,12320,114,4861,558512,,0.0001,0.0194,137127.0
,178.0,-4.53,0.1,,12324,114,4863,558951,,0.0001,0.333,137237.0
,174.0,-7.44,0.1,,12328,115,4868,559905,,0.0001,0.364,137476.0
,177.0,-7.79,0.1,,12332,115,4871,560768,,0.0001,0.00601,137691.0
,178.0,-7.84,0.1,,12336,115,4874,561269,,0.0001,0.00566,137817.0
,172.0,-6.87,0.1,,12340,115,4877,561978,,0.0001,0.0748,137994.0
,175.0,-8.31,0.1,,12344,115,4882,562913,,0.0001,0.00348,138228.0
,182.0,-8.35,0.1,,12348,115,4886,563857,,0.0001,0.00182,138464.0
,187.0,-8.24,0.1,,12352,115,4891,564960,,0.0001,0.966,138739.0
,185.0,-8.71,0.1,,12356,115,4893,565258,,0.0001,0.312,138814.0
,180.0,-8.35,0.1,,12360,115,4896,565851,,0.0001,0.0755,138962.0
,188.0,-8.81,0.1,,12364,115,4901,566981,,0.0001,0.425,139245.0
,193.0,-8.45,0.1,,12368,115,4907,568326,,0.0001,0.315,139581.0
,187.0,-8.46,0.1,,12372,115,4909,568590,,0.0001,0.00203,139647.0
,184.0,-7.76,0.1,,12376,115,4911,568968,,0.0001,0.00493,139741.0
,193.0,-7.61,0.1,,12380,115,4916,570085,,0.0001,0.306,140021.0
,191.0,-9.76,0.1,,12384,115,4918,570460,,0.0001,0.00285,140114.0
,185.0,-8.13,0.1,,12388,115,4920,570811,,0.0001,0.00392,140202.0
,187.0,-11.4,0.1,,12392,116,4923,571197,,0.0001,0.00574,140299.0
,178.0,-11.2,0.1,,12396,116,4924,571399,,0.0001,0.0162,140349.0
,173.0,-10.6,0.1,,12400,116,4926,571717,,0.0001,0.00208,140429.0
,169.0,-11.8,0.1,,12404,116,4929,572241,,0.0001,0.208,140560.0
,178.0,-11.8,0.1,,12408,116,4935,573820,,0.0001,0.361,140954.0
,180.0,-11.7,0.1,,12412,116,4938,574184,,0.0001,0.975,141045.0
,171.0,-11.2,0.1,,12416,116,4941,574813,,0.0001,0.00211,141203.0
,168.0,-12.0,0.1,,12420,116,4943,575263,,0.0001,0.0735,141315.0
,167.0,-10.8,0.1,,12424,116,4946,575654,,0.0001,0.00537,141413.0
,167.0,-9.9,0.1,,12428,116,4950,576591,,0.0001,0.575,141647.0
,162.0,-9.27,0.1,,12432,116,4953,576992,,0.0001,1.79,141747.0
,166.0,-10.6,0.1,,12436,116,4957,577915,,0.0001,0.135,141978.0
,169.0,-10.4,0.1,,12440,116,4961,578926,,0.0001,0.00225,142231.0
,168.0,-9.27,0.1,,12444,116,4965,579756,,0.0001,0.00671,142438.0
,172.0,-9.94,0.1,,12448,116,4971,581031,,0.0001,0.00385,142757.0
,164.0,-10.8,0.1,,12452,116,4973,581401,,0.0001,0.285,142850.0
,164.0,-10.3,0.1,,12456,116,4975,581660,,0.0001,0.00757,142914.0
,167.0,-10.8,0.1,,12460,117,4979,582564,,0.0001,0.933,143140.0
,168.0,-9.35,0.1,,12464,117,4984,583745,,0.0001,0.00469,143436.0
,161.0,-8.67,0.1,,12468,117,4987,584431,,0.0001,0.14,143607.0
,174.0,-7.54,0.1,,12472,117,4993,585958,,0.0001,0.00296,143989.0
,174.0,-8.74,0.1,,12476,117,4996,586401,,0.0001,0.0278,144100.0
,167.0,-8.6,0.1,,12480,117,4998,586832,,0.0001,0.599,144207.0
,168.0,-8.77,0.1,,12484,117,5000,587238,,0.0001,0.00438,144309.0
,179.0,-9.39,0.1,,12488,117,5007,588705,,0.0001,0.23,144676.0
,180.0,-8.84,0.1,,12492,117,5009,589192,,0.0001,0.00354,144797.0
,183.0,-9.35,0.1,,12496,117,5012,589740,,0.0001,0.00298,144934.0
,186.0,-8.13,0.1,,12500,117,5015,590355,,0.0001,0.00248,145088.0
,186.0,-8.93,0.1,,12504,117,5018,590858,,0.0001,0.00474,145214.0
,174.0,-8.88,0.1,,12508,117,5020,591268,,0.0001,0.972,145316.0
,174.0,-8.85,0.1,,12512,117,5022,591566,,0.0001,0.0028,145391.0
,169.0,-10.4,0.1,,12516,117,5024,591716,,0.0001,0.0046,145428.0
,173.0,-7.15,0.1,,12520,117,5027,592524,,0.0001,0.00481,145630.0
,173.0,-8.26,0.1,,12524,117,5030,592936,,0.0001,0.00247,145733.0
,165.0,-8.07,0.1,,12528,117,5031,593133,,0.0001,0.457,145783.0
,167.0,-8.91,0.1,,12532,117,5034,593692,,0.0001,0.00249,145922.0
,167.0,-8.22,0.1,,12536,118,5038,594614,,0.0001,0.229,146153.0
,163.0,-7.85,0.1,,12540,118,5041,595224,,0.0001,0.00759,146305.0
,160.0,-7.84,0.1,,12544,118,5044,595794,,0.0001,0.112,146448.0
,154.0,-6.82,0.1,,12548,118,5047,596384,,0.0001,0.452,146595.0
,157.0,-5.33,0.1,,12552,118,5051,597091,,0.0001,0.00276,146772.0
,157.0,-5.51,0.1,,12556,118,5052,597327,,0.0001,0.133,146831.0
,152.0,-5.17,0.1,,12560,118,5055,597805,,0.0001,0.131,146951.0
,157.0,-4.87,0.1,,12564,118,5061,599460,,0.0001,0.011,147364.0
,159.0,-4.89,0.1,,12568,118,5065,600318,,0.0001,0.00364,147579.0
,149.0,-5.6,0.1,,12572,118,5068,600848,,0.0001,0.00335,147711.0
,160.0,-6.01,0.1,,12576,118,5075,602417,,0.0001,0.00321,148104.0
,161.0,-4.44,0.1,,12580,118,5077,602961,,0.0001,0.00141,148240.0
,160.0,-3.25,0.1,,12584,118,5079,603280,,0.0001,0.00402,148319.0
,157.0,-2.54,0.1,,12588,118,5084,604416,,0.0001,1.56,148603.0
,155.0,-0.801,0.1,,12592,118,5086,604678,,0.0001,0.00855,148669.0
,156.0,-0.792,0.1,,12596,118,5089,605363,,0.0001,0.432,148840.0
,165.0,-3.62,0.1,,12600,119,5096,606849,,0.0001,0.152,149212.0
,165.0,-3.45,0.1,,12604,119,5098,607331,,0.0001,0.0178,149332.0
,164.0,-3.02,0.1,,12608,119,5100,607679,,0.0001,0.175,149419.0
,165.0,-2.34,0.1,,12612,119,5103,608034,,0.0001,0.24,149508.0
,169.0,-2.5,0.1,,12616,119,5105,608596,,0.0001,0.00689,149648.0
,162.0,-4.87,0.1,,12620,119,5107,608705,,0.0001,0.00257,149676.0
,166.0,-4.8,0.1,,12624,119,5110,609536,,0.0001,0.935,149883.0
,168.0,-5.2,0.1,,12628,119,5113,609968,,0.0001,0.0297,149991.0
,165.0,-4.74,0.1,,12632,119,5115,610173,,0.0001,0.0739,150043.0
,174.0,-5.28,0.1,,12636,119,5122,612051,,0.0001,0.00421,150512.0
,176.0,-6.33,0.1,,12640,119,5126,612873,,0.0001,0.00257,150718.0
,179.0,-5.83,0.1,,12644,119,5130,613686,,0.0001,0.31,150921.0
,176.0,-6.73,0.1,,12648,119,5132,614024,,0.0001,0.00121,151005.0
,178.0,-8.12,0.1,,12652,119,5136,614900,,0.0001,0.234,151224.0
,180.0,-7.03,0.1,,12656,119,5138,615332,,0.0001,0.00807,151332.0
,178.0,-5.95,0.1,,12660,119,5140,615629,,0.0001,0.00157,151407.0
,174.0,-7.64,0.1,,12664,119,5145,616820,,0.0001,0.759,151704.0
,167.0,-7.81,0.1,,12668,119,5147,617011,,0.0001,0.441,151752.0
,170.0,-9.29,0.1,,12672,119,5151,617812,,0.0001,0.246,151952.0
,158.0,-8.65,0.1,,12676,119,5153,618172,,0.0001,0.242,152042.0
,162.0,-10.7,0.1,,12680,120,5157,619150,,0.0001,0.319,152287.0
,164.0,-10.2,0.1,,12684,120,5160,619645,,0.0001,0.00473,152411.0
,156.0,-10.5,0.1,,12688,120,5162,619973,,0.0001,0.231,152493.0
,161.0,-11.5,0.1,,12692,120,5166,620737,,0.0001,0.133,152684.0
,160.0,-11.0,0.1,,12696,120,5169,621336,,0.0001,0.305,152833.0
,149.0,-9.75,0.1,,12700,120,5171,621762,,0.0001,0.00339,152940.0
,152.0,-8.48,0.1,,12704,120,5175,622516,,0.0001,0.227,153128.0
,156.0,-8.84,0.1,,12708,120,5179,623326,,0.0001,0.171,153331.0
,158.0,-9.15,0.1,,12712,120,5181,623790,,0.0001,0.139,153447.0
,154.0,-7.83,0.1,,12716,120,5183,624044,,0.0001,0.00389,153510.0
,166.0,-9.35,0.1,,12720,120,5189,625321,,0.0001,0.11,153830.0
,162.0,-9.47,0.1,,12724,120,5191,625735,,0.0001,0.0159,153933.0
,160.0,-9.09,0.1,,12728,120,5193,625958,,0.0001,0.453,153989.0
,165.0,-8.47,0.1,,12732,120,5197,626673,,0.0001,0.00371,154168.0
,152.0,-7.66,0.1,,12736,120,5200,627274,,0.0001,0.00157,154318.0
,147.0,-7.14,0.1,,12740,120,5202,627552,,0.0001,0.00408,154387.0
,144.0,-7.63,0.1,,12744,120,5205,628085,,0.0001,0.00259,154521.0
,148.0,-7.79,0.1,,12748,120,5208,628779,,0.0001,0.00503,154694.0
,143.0,-7.44,0.1,,12752,120,5211,629237,,0.0001,0.0947,154809.0
,143.0,-7.91,0.1,,12756,120,5214,629677,,0.0001,0.359,154919.0
,151.0,-8.38,0.1,,12760,120,5218,630727,,0.0001,0.364,155181.0
,144.0,-5.83,0.1,,12764,120,5221,631206,,0.0001,0.0192,155301.0
,148.0,-6.93,0.1,,12768,120,5224,631856,,0.0001,0.36,155463.0
,144.0,-6.35,0.1,,12772,120,5226,632260,,0.0001,0.00246,155564.0
,150.0,-5.64,0.1,,12776,121,5230,633167,,0.0001,0.227,155791.0
,144.0,-5.32,0.1,,12780,121,5233,633545,,0.0001,0.00608,155886.0
,145.0,-6.4,0.1,,12784,121,5236,634151,,0.0001,0.00161,156037.0
,148.0,-6.16,0.1,,12788,121,5239,634776,,0.0001,0.00358,156193.0
,151.0,-6.84,0.1,,12792,121,5243,635796,,0.0001,0.00173,156448.0
,159.0,-7.63,0.1,,12796,121,5250,637242,,0.0001,0.00209,156810.0
,164.0,-7.15,0.1,,12800,121,5254,638204,,0.0001,0.122,157050.0
,163.0,-7.42,0.1,,12804,121,5257,638847,,0.0001,0.98,157211.0
,163.0,-6.85,0.1,,12808,121,5261,639658,,0.0001,0.309,157414.0
,160.0,-7.31,0.1,,12812,121,5262,639783,,0.0001,0.00419,157445.0
,164.0,-8.64,0.1,,12816,121,5266,640444,,0.0001,0.0499,157610.0
,157.0,-7.7,0.1,,12820,121,5269,641032,,0.0001,0.00239,157757.0
,159.0,-7.75,0.1,,12824,121,5272,641604,,0.0001,0.0269,157900.0
,160.0,-7.17,0.1,,12828,121,5274,641927,,0.0001,0.134,157981.0
,157.0,-7.32,0.1,,12832,121,5277,642362,,0.0001,0.00448,158090.0
,166.0,-6.79,0.1,,12836,121,5283,643825,,0.0001,0.00451,158456.0
,170.0,-7.84,0.1,,12840,121,5287,644583,,0.0001,1.56,158645.0
,179.0,-7.82,0.1,,12844,122,5292,645939,,0.0001,1.07,158984.0
,176.0,-6.82,0.1,,12848,122,5295,646408,,0.0001,0.00176,159101.0
,178.0,-6.74,0.1,,12852,122,5298,647000,,0.0001,0.00391,159249.0
,185.0,-7.24,0.1,,12856,122,5303,648211,,0.0001,0.232,159552.0
,180.0,-5.74,0.1,,12860,122,5306,648685,,0.0001,0.0396,159671.0
,192.0,-6.09,0.1,,12864,122,5312,650373,,0.0001,0.00392,160093.0
,192.0,-5.54,0.1,,12868,122,5316,651061,,0.0001,0.129,160265.0
,201.0,-4.9,0.1,,12872,122,5321,652356,,0.0001,0.136,160588.0
,203.0,-6.13,0.1,,12876,122,5325,653420,,0.0001,0.00313,160854.0
,221.0,-6.24,0.1,,12880,122,5334,655668,,0.0001,0.00164,161416.0
,224.0,-5.49,0.1,,12884,122,5338,656502,,0.0001,0.136,161625.0
,224.0,-5.31,0.1,,12888,123,5341,657206,,0.0001,0.308,161801.0
,220.0,-3.92,0.1,,12892,123,5344,657808,,0.0001,0.00361,161951.0
,211.0,-3.5,0.1,,12896,123,5347,658327,,0.0001,0.0157,162081.0
,207.0,-2.93,0.1,,12900,123,5350,658942,,0.0001,0.137,162235.0
,208.0,-3.01,0.1,,12904,123,5354,659671,,0.0001,0.0433,162417.0
,204.0,-3.42,0.1,,12908,123,5356,660033,,0.0001,0.005,162508.0
,212.0,-1.7,0.1,,12912,123,5360,660999,,0.0001,0.00675,162749.0
,209.0,-1.63,0.1,,12916,123,5363,661393,,0.0001,0.228,162848.0
,211.0,-1.8,0.1,,12920,123,5366,662085,,0.0001,0.742,163021.0
,214.0,-2.15,0.1,,12924,123,5370,663023,,0.0001,0.137,163255.0
,216.0,-1.77,0.1,,12928,123,5373,663502,,0.0001,0.00234,163375.0
,217.0,-2.2,0.1,,12932,123,5375,664026,,0.0001,0.742,163506.0
,226.0,-2.79,0.1,,12936,123,5385,666431,,0.0001,0.00354,164107.0
,222.0,-2.31,0.1,,12940,123,5387,666777,,0.0001,0.00241,164194.0
,222.0,-3.47,0.1,,12944,123,5393,668165,,0.0001,0.00312,164541.0
,227.0,-4.46,0.1,,12948,123,5397,669096,,0.0001,0.00229,164773.0
,226.0,-5.2,0.1,,12952,124,5399,669650,,0.0001,1.31,164912.0
,217.0,-4.95,0.1,,12956,124,5401,669888,,0.0001,0.228,164971.0
,221.0,-7.25,0.1,,12960,124,5405,670788,,0.0001,0.144,165196.0
,210.0,-8.32,0.1,,12964,124,5408,671412,,0.0001,0.00487,165352.0
,210.0,-9.02,0.1,,12968,124,5412,672066,,0.0001,0.00425,165516.0
,201.0,-8.71,0.1,,12972,124,5414,672462,,0.0001,0.00622,165615.0
,198.0,-7.58,0.1,,12976,124,5417,673201,,0.0001,0.145,165800.0
,188.0,-7.42,0.1,,12980,124,5423,674499,,0.0001,0.358,166124.0
,184.0,-9.06,0.1,,12984,124,5425,674897,,0.0001,0.306,166224.0
,187.0,-9.98,0.1,,12988,124,5430,675939,,0.0001,0.0702,166484.0
,183.0,-11.6,0.1,,12992,124,5431,676127,,0.0001,0.396,166531.0
,194.0,-12.0,0.1,,12996,124,5438,677748,,0.0001,0.00193,166936.0
,196.0,-13.3,0.1,,13000,124,5441,678520,,0.0001,0.142,167129.0
,196.0,-13.5,0.1,,13004,124,5445,679252,,0.0001,0.00281,167312.0
,195.0,-12.9,0.1,,13008,124,5447,679576,,0.0001,0.449,167393.0
,189.0,-14.7,0.1,,13012,124,5449,679881,,0.0001,0.127,167470.0
,193.0,-13.9,0.1,,13016,124,5452,680677,,0.0001,0.185,167669.0
,189.0,-13.5,0.1,,13020,124,5455,681029,,0.0001,0.0355,167757.0
,183.0,-12.3,0.1,,13024,124,5456,681301,,0.0001,0.00171,167825.0
,182.0,-11.5,0.1,,13028,124,5459,681658,,0.0001,0.00162,167914.0
,184.0,-11.8,0.1,,13032,124,5462,682404,,0.0001,0.851,168100.0
,164.0,-11.7,0.1,,13036,124,5464,682816,,0.0001,0.00242,168203.0
,162.0,-11.3,0.1,,13040,124,5466,682930,,0.0001,0.00405,168232.0
,158.0,-9.76,0.1,,13044,125,5470,683964,,0.0001,0.13,168490.0
,153.0,-9.65,0.1,,13048,125,5473,684403,,0.0001,0.0018,168600.0
,152.0,-8.03,0.1,,13052,125,5475,684833,,0.0001,1.03,168708.0
,151.0,-7.9,0.1,,13056,125,5476,684988,,0.0001,0.00288,168746.0
,146.0,-7.28,0.1,,13060,125,5479,685386,,0.0001,0.285,168846.0
,146.0,-7.9,0.1,,13064,125,5482,685995,,0.0001,0.00381,168998.0
,146.0,-6.35,0.1,,13068,125,5485,686617,,0.0001,0.00209,169154.0
,144.0,-6.87,0.1,,13072,125,5487,686842,,0.0001,0.489,169210.0
,143.0,-6.89,0.1,,13076,125,5490,687477,,0.0001,0.137,169369.0
,136.0,-7.01,0.1,,13080,125,5493,688149,,0.0001,0.306,169537.0
,134.0,-5.23,0.1,,13084,125,5494,688266,,0.0001,0.308,169566.0
,124.0,-5.28,0.1,,13088,125,5496,688380,,0.0001,0.00685,169594.0
,128.0,-3.91,0.1,,13092,125,5499,688972,,0.0001,0.131,169742.0
,116.0,-2.39,0.1,,13096,125,5501,689352,,0.0001,0.447,169837.0
,112.0,-1.18,0.1,,13100,125,5503,689764,,0.0001,0.134,169940.0
,111.0,-2.02,0.1,,13104,125,5506,690378,,0.0001,0.492,170094.0
,122.0,-1.49,0.1,,13108,125,5512,691806,,0.0001,0.00645,170451.0
,122.0,-0.768,0.1,,13112,125,5514,692095,,0.0001,0.114,170523.0
,120.0,-0.905,0.1,,13116,125,5517,692717,,0.0001,0.117,170679.0
,120.0,-0.824,0.1,,13120,125,5519,693030,,0.0001,0.00251,170757.0
,125.0,-1.17,0.1,,13124,125,5523,693772,,0.0001,0.124,170942.0
,126.0,-2.69,0.1,,13128,125,5525,694222,,0.0001,0.0103,171055.0
,123.0,-2.74,0.1,,13132,125,5528,694721,,0.0001,0.00228,171180.0
,121.0,-3.3,0.1,,13136,125,5530,694936,,0.0001,0.135,171233.0
,125.0,-3.61,0.1,,13140,125,5533,695463,,0.0001,0.00248,171365.0
,124.0,-3.3,0.1,,13144,125,5537,696401,,0.0001,0.228,171600.0
,128.0,-2.71,0.1,,13148,125,5541,697224,,0.0001,0.0251,171805.0
,132.0,-4.43,0.1,,13152,125,5544,698076,,0.0001,0.00209,172018.0
,136.0,-4.53,0.1,,13156,125,5547,698591,,0.0001,0.0017,172147.0
,148.0,-5.06,0.1,,13160,126,5554,700177,,0.0001,0.23,172544.0
,149.0,-4.07,0.1,,13164,126,5557,700900,,0.0001,0.56,172724.0
,148.0,-5.01,0.1,,13168,126,5560,701455,,0.0001,0.229,172863.0
,148.0,-5.33,0.1,,13172,126,5562,701601,,0.0001,0.116,172900.0
,147.0,-5.67,0.1,,13176,126,5565,702193,,0.0001,0.00137,173048.0
,145.0,-4.99,0.1,,13180,126,5567,702672,,0.0001,0.0176,173167.0
,148.0,-4.87,0.1,,13184,126,5570,703077,,0.0001,0.117,173269.0
,149.0,-4.11,0.1,,13188,126,5571,703303,,0.0001,0.298,173325.0
,148.0,-4.93,0.1,,13192,126,5574,703738,,0.0001,0.305,173434.0
,157.0,-4.97,0.1,,13196,126,5580,705078,,0.0001,0.00224,173769.0
,158.0,-6.04,0.1,,13200,126,5582,705520,,0.0001,0.771,173879.0
,158.0,-5.66,0.1,,13204,126,5585,706129,,0.0001,0.0085,174032.0
,153.0,-8.0,0.1,,13208,126,5589,707077,,0.0001,0.003,174269.0
,154.0,-7.73,0.1,,13212,126,5592,707506,,0.0001,0.89,174376.0
,151.0,-8.2,0.1,,13216,126,5594,707806,,0.0001,0.00524,174451.0
,151.0,-8.36,0.1,,13220,126,5596,708175,,0.0001,0.00228,174543.0
,152.0,-9.6,0.1,,13224,126,5600,709011,,0.0001,0.933,174752.0
,157.0,-9.51,0.1,,13228,126,5604,709954,,0.0001,0.248,174988.0
,154.0,-8.35,0.1,,13232,126,5605,710134,,0.0001,0.00487,175033.0
,159.0,-7.55,0.1,,13236,126,5609,710834,,0.0001,0.00379,175208.0
,162.0,-6.75,0.1,,13240,126,5613,711682,,0.0001,0.613,175420.0
,160.0,-8.2,0.1,,13244,126,5617,712360,,0.0001,0.229,175589.0
,153.0,-8.76,0.1,,13248,126,5618,712572,,0.0001,0.132,175642.0
,149.0,-8.09,0.1,,13252,126,5621,712994,,0.0001,0.311,175748.0
,148.0,-8.48,0.1,,13256,126,5623,713360,,0.0001,0.433,175839.0
,140.0,-8.1,0.1,,13260,126,5627,714136,,0.0001,0.00491,176033.0
,137.0,-9.11,0.1,,13264,126,5629,714641,,0.0001,0.308,176160.0
,141.0,-7.02,0.1,,13268,127,5633,715508,,0.0001,0.141,176376.0
,147.0,-6.63,0.1,,13272,127,5637,716337,,0.0001,0.365,176584.0
,146.0,-6.01,0.1,,13276,127,5640,716797,,0.0001,0.00418,176699.0
,151.0,-6.28,0.1,,13280,127,5644,717797,,0.0001,0.14,176949.0
,150.0,-6.11,0.1,,13284,127,5646,718073,,0.0001,0.334,177018.0
,158.0,-4.91,0.1,,13288,127,5651,719077,,0.0001,0.0827,177269.0
,161.0,-5.73,0.1,,13292,127,5655,719884,,0.0001,0.256,177470.0
,153.0,-6.54,0.1,,13296,127,5658,720348,,0.0001,0.356,177586.0
,156.0,-6.22,0.1,,13300,127,5661,721143,,0.0001,0.102,177785.0
,160.0,-5.61,0.1,,13304,127,5666,722103,,0.0001,0.108,178025.0
,163.0,-3.99,0.1,,13308,127,5672,723346,,0.0001,0.00186,178336.0
,166.0,-5.13,0.1,,13312,127,5675,724071,,0.0001,0.305,178517.0
,164.0,-5.2,0.1,,13316,127,5677,724198,,0.0001,0.31,178549.0
,167.0,-3.13,0.1,,13320,127,5680,724875,,0.0001,0.012,178718.0
,162.0,-1.81,0.1,,13324,127,5682,725187,,0.0001,0.00456,178796.0
,157.0,-1.34,0.1,,13328,127,5685,725667,,0.0001,0.251,178916.0
,160.0,1.04,0.1,,13332,127,5688,726119,,0.0001,0.459,179029.0
,166.0,0.417,0.1,,13336,127,5693,727443,,0.0001,0.164,179360.0
,163.0,0.141,0.1,,13340,127,5696,728027,,0.0001,0.573,179506.0
,162.0,0.555,0.1,,13344,127,5699,728568,,0.0001,0.00245,179641.0
,167.0,1.05,0.1,,13348,127,5703,729299,,0.0001,1.06,179824.0
,171.0,0.438,0.1,,13352,127,5707,730102,,0.0001,0.006,180025.0
,180.0,-0.581,0.1,,13356,128,5713,731396,,0.0001,0.00489,180348.0
,177.0,-1.15,0.1,,13360,128,5715,731852,,0.0001,0.00434,180462.0
,175.0,-1.21,0.1,,13364,128,5717,732136,,0.0001,0.136,180533.0
,176.0,-3.83,0.1,,13368,128,5721,733077,,0.0001,0.563,180769.0
,185.0,-4.08,0.1,,13372,128,5729,734857,,0.0001,0.116,181214.0
,198.0,-3.71,0.1,,13376,128,5736,736583,,0.0001,0.137,181645.0
,196.0,-3.77,0.1,,13380,128,5740,737416,,0.0001,0.00223,181853.0
,196.0,-5.34,0.1,,13384,128,5742,737720,,0.0001,0.226,181929.0
,192.0,-6.89,0.1,,13388,128,5745,738292,,0.0001,0.139,182072.0
,196.0,-6.08,0.1,,13392,128,5750,739484,,0.0001,0.381,182370.0
,203.0,-4.46,0.1,,13396,128,5755,740681,,0.0001,0.231,182670.0
,200.0,-4.14,0.1,,13400,128,5758,741128,,0.0001,0.00193,182781.0
,196.0,-4.94,0.1,,13404,128,5761,741735,,0.0001,0.932,182933.0
,191.0,-3.92,0.1,,13408,128,5765,742483,,0.0001,0.00172,183120.0
,190.0,-1.37,0.1,,13412,128,5768,743069,,0.0001,0.361,183267.0
,197.0,-1.78,0.1,,13416,128,5772,743947,,0.0001,0.00343,183486.0
,198.0,-2.99,0.1,,13420,128,5775,744674,,0.0001,0.00319,183668.0
,208.0,-0.526,0.1,,13424,129,5781,745990,,0.0001,0.00677,183997.0
,210.0,-1.8,0.1,,13428,129,5785,746625,,0.0001,0.622,184156.0
,215.0,-5.36,0.1,,13432,129,5789,747579,,0.0001,0.453,184394.0
,206.0,-4.66,0.1,,13436,129,5792,748040,,0.0001,0.00536,184509.0
,213.0,-5.51,0.1,,13440,129,5797,749302,,0.0001,0.00352,184825.0
,225.0,-6.81,0.1,,13444,129,5804,751072,,0.0001,0.00193,185267.0
,224.0,-4.77,0.1,,13448,129,5807,751663,,0.0001,0.232,185415.0
,217.0,-4.24,0.1,,13452,129,5809,751817,,0.0001,0.00266,185454.0
,210.0,-3.21,0.1,,13456,129,5812,752380,,0.0001,0.311,185594.0
,226.0,-3.58,0.1,,13460,129,5820,754420,,0.0001,0.00145,186104.0
,241.0,-3.43,0.1,,13464,129,5827,756205,,0.0001,0.00463,186551.0
,239.0,-2.4,0.1,,13468,129,5831,756939,,0.0001,0.0381,186734.0
,225.0,-2.65,0.1,,13472,129,5833,757388,,0.0001,0.0256,186846.0
,220.0,-4.06,0.1,,13476,129,5838,758627,,0.0001,0.00204,187156.0
,219.0,-3.82,0.1,,13480,129,5842,759347,,0.0001,0.176,187336.0
,223.0,-3.88,0.1,,13484,130,5845,760060,,0.0001,0.227,187514.0
,221.0,-4.28,0.1,,13488,130,5847,760369,,0.0001,0.455,187592.0
,217.0,-5.34,0.1,,13492,130,5851,761190,,0.0001,1.07,187797.0
,210.0,-6.92,0.1,,13496,130,5854,761644,,0.0001,0.0185,187910.0
,212.0,-7.32,0.1,,13500,130,5857,762316,,0.0001,0.534,188078.0
,210.0,-7.13,0.1,,13504,130,5859,762706,,0.0001,0.00382,188176.0
,210.0,-9.17,0.1,,13508,130,5862,763448,,0.0001,0.00252,188361.0
,221.0,-11.0,0.1,,13512,130,5869,765194,,0.0001,0.311,188798.0
,225.0,-10.5,0.1,,13516,130,5874,766405,,0.0001,0.00314,189101.0
,232.0,-11.3,0.1,,13520,130,5880,767895,,0.0001,0.00416,189473.0
,225.0,-13.8,0.1,,13524,130,5883,768449,,0.0001,0.00237,189612.0
,233.0,-13.9,0.1,,13528,130,5889,769922,,0.0001,0.00179,189980.0
,231.0,-11.5,0.1,,13532,130,5892,770659,,0.0001,0.135,190164.0
,231.0,-12.0,0.1,,13536,130,5895,771109,,0.0001,0.131,190277.0
,220.0,-10.6,0.1,,13540,130,5897,771305,,0.0001,0.00256,190326.0
,211.0,-8.61,0.1,,13544,130,5901,772206,,0.0001,0.934,190551.0
,211.0,-10.8,0.1,,13548,130,5903,772746,,0.0001,0.00354,190686.0
,221.0,-10.6,0.1,,13552,130,5908,773936,,0.0001,0.537,190983.0
,228.0,-10.6,0.1,,13556,131,5914,775167,,0.0001,0.00229,191291.0
,216.0,-7.43,0.1,,13560,131,5918,775991,,0.0001,0.32,191497.0
,204.0,-6.01,0.1,,13564,131,5921,776570,,0.0001,0.229,191642.0
,200.0,-6.39,0.1,,13568,131,5923,776989,,0.0001,0.425,191747.0
,207.0,-6.42,0.1,,13572,131,5928,778096,,0.0001,1.78,192023.0
,200.0,-5.82,0.1,,13576,131,5931,778634,,0.0001,0.00166,192158.0
,208.0,-6.53,0.1,,13580,131,5937,780184,,0.0001,0.0147,192545.0
,209.0,-7.14,0.1,,13584,131,5941,780969,,0.0001,0.628,192742.0
,210.0,-7.39,0.1,,13588,131,5943,781382,,0.0001,0.00457,192845.0
,206.0,-4.87,0.1,,13592,131,5946,781746,,0.0001,0.00145,192936.0
,212.0,-4.2,0.1,,13596,131,5951,782796,,0.0001,0.321,193198.0
,214.0,-4.91,0.1,,13600,131,5955,783707,,0.0001,0.00126,193426.0
,215.0,-4.81,0.1,,13604,131,5958,784240,,0.0001,0.0316,193559.0
,216.0,-4.16,0.1,,13608,131,5962,785055,,0.0001,0.0124,193763.0
,201.0,-4.42,0.1,,13612,131,5964,785339,,0.0001,0.252,193834.0
,196.0,-5.05,0.1,,13616,131,5967,786033,,0.0001,0.309,194008.0
,186.0,-3.53,0.1,,13620,131,5970,786489,,0.0001,0.227,194122.0
,186.0,-4.05,0.1,,13624,131,5973,787077,,0.0001,0.234,194269.0
,175.0,-3.56,0.1,,13628,131,5975,787464,,0.0001,0.227,194365.0
,173.0,-5.33,0.1,,13632,131,5978,787913,,0.0001,0.0924,194478.0
,173.0,-5.7,0.1,,13636,131,5981,788389,,0.0001,0.00211,194597.0
,173.0,-5.69,0.1,,13640,131,5982,788569,,0.0001,0.228,194642.0
,173.0,-6.21,0.1,,13644,131,5987,789499,,0.0001,0.294,194874.0
,175.0,-6.24,0.1,,13648,131,5990,790283,,0.0001,3.11,195070.0
,166.0,-6.06,0.1,,13652,131,5992,790501,,0.0001,0.135,195125.0
,168.0,-5.13,0.1,,13656,132,5998,791934,,0.0001,0.171,195483.0
,169.0,-7.88,0.1,,13660,132,6002,792921,,0.0001,0.13,195730.0
,171.0,-8.74,0.1,,13664,132,6006,793691,,0.0001,0.00137,195922.0
,172.0,-8.11,0.1,,13668,132,6009,794219,,0.0001,0.00177,196054.0
,167.0,-6.98,0.1,,13672,132,6012,794749,,0.0001,0.00231,196187.0
,164.0,-6.44,0.1,,13676,132,6014,795007,,0.0001,0.129,196251.0
,154.0,-6.28,0.1,,13680,132,6017,795600,,0.0001,0.116,196399.0
,150.0,-5.05,0.1,,13684,132,6019,795924,,0.0001,0.00678,196480.0
,149.0,-4.73,0.1,,13688,132,6021,796288,,0.0001,0.327,196571.0
,152.0,-6.51,0.1,,13692,132,6024,796907,,0.0001,0.00166,196726.0
,154.0,-7.01,0.1,,13696,132,6029,798150,,0.0001,3.34,197037.0
,151.0,-6.91,0.1,,13700,132,6033,798767,,0.0001,0.14,197191.0
,153.0,-6.15,0.1,,13704,132,6036,799561,,0.0001,0.457,197390.0
,153.0,-6.66,0.1,,13708,132,6040,800379,,0.0001,0.0043,197594.0
,153.0,-6.72,0.1,,13712,132,6042,800655,,0.0001,0.00151,197663.0
,155.0,-6.07,0.1,,13716,132,6046,801496,,0.0001,0.102,197873.0
,156.0,-7.67,0.1,,13720,132,6049,802049,,0.0001,0.364,198012.0
,162.0,-7.91,0.1,,13724,132,6054,803252,,0.0001,0.229,198312.0
,164.0,-6.93,0.1,,13728,132,6057,803856,,0.0001,0.00427,198463.0
,165.0,-6.45,0.1,,13732,132,6060,804364,,0.0001,0.0618,198590.0
,164.0,-5.52,0.1,,13736,132,6063,804792,,0.0001,0.00378,198697.0
,167.0,-4.27,0.1,,13740,132,6065,805268,,0.0001,0.0039,198816.0
,163.0,-4.41,0.1,,13744,132,6068,805788,,0.0001,0.00197,198946.0
,162.0,-3.46,0.1,,13748,132,6072,806508,,0.0001,0.307,199126.0
,162.0,-3.82,0.1,,13752,132,6074,806740,,0.0001,0.00242,199184.0
,156.0,-4.79,0.1,,13756,132,6078,807525,,0.0001,0.00343,199381.0
,153.0,-3.79,0.1,,13760,132,6081,808197,,0.0001,0.116,199549.0
,148.0,-4.32,0.1,,13764,132,6083,808507,,0.0001,0.00517,199626.0
,146.0,-4.77,0.1,,13768,132,6085,808853,,0.0001,0.309,199713.0
,148.0,-5.77,0.1,,13772,132,6088,809508,,0.0001,0.229,199876.0
,149.0,-6.18,0.1,,13776,132,6091,809894,,0.0001,0.00206,199973.0
,148.0,-3.91,0.1,,13780,132,6094,810424,,0.0001,1.38,200105.0
,152.0,-3.17,0.1,,13784,133,6097,811166,,0.0001,0.00822,200291.0
,153.0,-2.72,0.1,,13788,133,6100,811626,,0.0001,0.127,200406.0
,160.0,-2.64,0.1,,13792,133,6105,812911,,0.0001,0.567,200727.0
,152.0,-2.08,0.1,,13796,133,6108,813359,,0.0001,0.938,200839.0
,154.0,-0.507,0.1,,13800,133,6112,814170,,0.0001,0.141,201042.0
,153.0,-1.18,0.1,,13804,133,6115,814901,,0.0001,0.161,201225.0
,153.0,-1.02,0.1,,13808,133,6120,815697,,0.0001,0.233,201424.0
,154.0,-1.02,0.1,,13812,133,6122,816096,,0.0001,0.00187,201523.0
,155.0,-0.155,0.1,,13816,133,6127,817039,,0.0001,0.0038,201759.0
,158.0,0.682,0.1,,13820,133,6130,817847,,0.0001,0.00239,201961.0
,150.0,1.49,0.1,,13824,133,6133,818289,,0.0001,0.00209,202072.0
,148.0,0.995,0.1,,13828,133,6135,818619,,0.0001,0.0101,202154.0
,150.0,1.03,0.1,,13832,133,6139,819371,,0.0001,0.308,202342.0
,154.0,0.558,0.1,,13836,133,6142,820197,,0.0001,0.124,202549.0
,155.0,-0.389,0.1,,13840,133,6145,820731,,0.0001,1.56,202682.0
,155.0,-0.301,0.1,,13844,133,6148,821289,,0.0001,0.587,202822.0
,151.0,-0.104,0.1,,13848,133,6151,821651,,0.0001,0.00222,202912.0
,159.0,-0.331,0.1,,13852,133,6155,822675,,0.0001,0.00949,203168.0
,159.0,-0.514,0.1,,13856,133,6158,823404,,0.0001,0.00876,203350.0
,161.0,-1.21,0.1,,13860,133,6162,824262,,0.0001,0.263,203565.0
,160.0,-0.153,0.1,,13864,133,6164,824460,,0.0001,0.307,203614.0
,160.0,-0.0656,0.1,,13868,133,6166,824806,,0.0001,0.454,203701.0
,155.0,0.25,0.1,,13872,133,6168,825053,,0.0001,0.362,203763.0
,156.0,-0.322,0.1,,13876,133,6170,825504,,0.0001,0.00188,203875.0
,158.0,-2.03,0.1,,13880,133,6174,826175,,0.0001,0.237,204043.0
,158.0,-3.03,0.1,,13884,133,6177,826926,,0.0001,0.228,204231.0
,156.0,-3.5,0.1,,13888,133,6179,827269,,0.0001,0.309,204317.0
,145.0,-2.79,0.1,,13892,133,6181,827442,,0.0001,0.625,204360.0
,150.0,-4.58,0.1,,13896,133,6185,828339,,0.0001,0.307,204584.0
,151.0,-5.45,0.1,,13900,133,6189,829311,,0.0001,0.00152,204827.0
,154.0,-6.11,0.1,,13904,134,6193,830276,,0.0001,0.319,205068.0
,157.0,-6.14,0.1,,13908,134,6198,831357,,0.0001,0.138,205339.0
,155.0,-6.14,0.1,,13912,134,6200,831640,,0.0001,0.00196,205409.0
,169.0,-7.07,0.1,,13916,134,6209,833913,,0.0001,0.0095,205978.0
,170.0,-6.57,0.1,,13920,134,6213,834859,,0.0001,0.00755,206214.0
,170.0,-6.34,0.1,,13924,134,6215,835283,,0.0001,0.00134,206320.0
,178.0,-3.3,0.1,,13928,134,6220,836463,,0.0001,0.308,206615.0
,177.0,-3.7,0.1,,13932,134,6223,837091,,0.0001,0.0552,206772.0
,176.0,-2.3,0.1,,13936,134,6226,837828,,0.0001,0.00109,206956.0
,180.0,-3.27,0.1,,13940,134,6230,838703,,0.0001,0.231,207175.0
,185.0,-3.03,0.1,,13944,134,6235,839796,,0.0001,0.0292,207448.0
,189.0,-4.87,0.1,,13948,134,6238,840525,,0.0001,0.00357,207631.0
,185.0,-4.59,0.1,,13952,134,6241,841205,,0.0001,0.121,207801.0
,190.0,-4.09,0.1,,13956,134,6246,842354,,0.0001,0.00967,208088.0
,191.0,-3.52,0.1,,13960,134,6251,843339,,0.0001,0.251,208334.0
,193.0,-4.98,0.1,,13964,134,6253,843723,,0.0001,0.936,208430.0
,196.0,-5.21,0.1,,13968,134,6256,844372,,0.0001,0.002,208592.0
,197.0,-3.34,0.1,,13972,134,6258,844704,,0.0001,0.141,208675.0
,207.0,-4.31,0.1,,13976,135,6264,846157,,0.0001,0.165,209039.0
,210.0,-4.22,0.1,,13980,135,6268,847220,,0.0001,0.228,209304.0
,212.0,-4.38,0.1,,13984,135,6272,848089,,0.0001,0.00355,209522.0
,211.0,-4.53,0.1,,13988,135,6274,848324,,0.0001,0.228,209580.0
,214.0,-4.77,0.1,,13992,135,6276,848832,,0.0001,0.247,209707.0
,213.0,-2.92,0.1,,13996,135,6280,849612,,0.0001,0.134,209902.0
,206.0,-1.61,0.1,,14000,135,6282,849936,,0.0001,0.355,209983.0
,200.0,-1.19,0.1,,14004,135,6284,850254,,0.0001,0.00268,210063.0
,204.0,-0.373,0.1,,14008,135,6290,851753,,0.0001,0.0107,210438.0
,205.0,-0.41,0.1,,14012,135,6292,852122,,0.0001,0.0027,210530.0
,187.0,-0.356,0.1,,14016,135,6295,852625,,0.0001,0.00153,210656.0
,181.0,-0.299,0.1,,14020,135,6297,852955,,0.0001,0.442,210738.0
,193.0,-0.288,0.1,,14024,135,6304,854600,,0.0001,0.441,211149.0
,216.0,-4.9,0.1,,14028,135,6317,858024,,0.0001,0.114,212005.0
,222.0,-4.9,0.1,,14032,135,6323,859291,,0.0001,0.0956,212322.0
,229.0,-5.7,0.1,,14036,135,6329,860729,,0.0001,0.00847,212682.0
,233.0,-6.46,0.1,,14040,136,6334,861991,,0.0001,0.0111,212997.0
,228.0,-6.96,0.1,,14044,136,6337,862606,,0.0001,1.25,213151.0
,232.0,-6.43,0.1,,14048,136,6342,863744,,0.0001,0.495,213435.0
,232.0,-6.65,0.1,,14052,136,6345,864391,,0.0001,0.00294,213597.0
,223.0,-6.96,0.1,,14056,136,6347,864678,,0.0001,0.226,213669.0
,223.0,-6.21,0.1,,14060,136,6352,865604,,0.0001,0.00165,213900.0
,225.0,-5.87,0.1,,14064,136,6354,866178,,0.0001,0.401,214044.0
,229.0,-5.35,0.1,,14068,136,6359,867276,,0.0001,0.0309,214318.0
,239.0,-7.31,0.1,,14072,136,6365,868602,,0.0001,0.00342,214650.0
,230.0,-5.84,0.1,,14076,136,6368,869153,,0.0001,0.312,214788.0
,223.0,-6.32,0.1,,14080,136,6370,869498,,0.0001,0.127,214874.0
,223.0,-5.4,0.1,,14084,136,6374,870380,,0.0001,0.131,215094.0
,234.0,-6.18,0.1,,14088,136,6380,871765,,0.0001,0.349,215441.0
,234.0,-6.6,0.1,,14092,136,6382,872276,,0.0001,0.229,215568.0
,234.0,-6.86,0.1,,14096,136,6386,873030,,0.0001,0.274,215757.0
,237.0,-8.82,0.1,,14100,136,6389,873685,,0.0001,0.253,215921.0
,239.0,-9.31,0.1,,14104,136,6392,874110,,0.0001,0.00147,216027.0
,229.0,-9.25,0.1,,14108,136,6394,874656,,0.0001,0.0377,216163.0
,229.0,-9.55,0.1,,14112,136,6397,875050,,0.0001,0.00184,216262.0
,226.0,-9.01,0.1,,14116,136,6399,875272,,0.0001,0.00561,216317.0
,231.0,-8.58,0.1,,14120,136,6403,876034,,0.0001,0.309,216508.0
,223.0,-8.95,0.1,,14124,136,6407,876892,,0.0001,0.00121,216722.0
,190.0,-7.91,0.1,,14128,136,6408,877016,,0.0001,0.501,216753.0
,181.0,-7.62,0.1,,14132,136,6411,877389,,0.0001,0.227,216847.0
,175.0,-6.96,0.1,,14136,136,6415,878264,,0.0001,1.39,217065.0
,168.0,-6.64,0.1,,14140,136,6418,878826,,0.0001,0.248,217206.0
,166.0,-5.78,0.1,,14144,136,6420,879186,,0.0001,0.00785,217296.0
,159.0,-6.22,0.1,,14148,136,6422,879651,,0.0001,0.049,217412.0
,163.0,-6.4,0.1,,14152,137,6427,880714,,0.0001,0.307,217678.0
,172.0,-5.24,0.1,,14156,137,6432,881835,,0.0001,0.00523,217958.0
,169.0,-5.78,0.1,,14160,137,6436,882513,,0.0001,0.00333,218128.0
,180.0,-5.98,0.1,,14164,137,6443,884224,,0.0001,0.00244,218555.0
,178.0,-6.69,0.1,,14168,137,6447,885042,,0.0001,0.321,218760.0
,181.0,-6.13,0.1,,14172,137,6454,886719,,0.0001,0.131,219179.0
,186.0,-6.61,0.1,,14176,137,6459,887798,,0.0001,0.133,219449.0
,192.0,-6.02,0.1,,14180,137,6463,888707,,0.0001,0.129,219676.0
,194.0,-6.72,0.1,,14184,137,6468,889741,,0.0001,0.138,219935.0
,185.0,-3.44,0.1,,14188,137,6471,890293,,0.0001,0.121,220073.0
,192.0,-2.79,0.1,,14192,137,6477,891483,,0.0001,0.251,220370.0
,194.0,-1.35,0.1,,14196,137,6481,892409,,0.0001,0.248,220602.0
,192.0,-0.109,0.1,,14200,137,6484,892909,,0.0001,0.00257,220727.0
,199.0,-0.887,0.1,,14204,137,6489,893972,,0.0001,0.00165,220992.0
,201.0,-1.28,0.1,,14208,137,6492,894708,,0.0001,0.34,221176.0
,201.0,-1.33,0.1,,14212,137,6495,895196,,0.0001,0.23,221298.0
,207.0,-2.33,0.1,,14216,137,6499,895948,,0.0001,0.0037,221486.0
,210.0,-4.74,0.1,,14220,137,6503,897054,,0.0001,0.328,221763.0
,205.0,-5.35,0.1,,14224,137,6506,897365,,0.0001,0.301,221841.0
,222.0,-4.0,0.1,,14228,138,6513,899186,,0.0001,0.00375,222296.0
,225.0,-4.22,0.1,,14232,138,6516,899934,,0.0001,0.00191,222483.0
,231.0,-5.42,0.1,,14236,138,6523,901409,,0.0001,0.229,222852.0
,230.0,-5.37,0.1,,14240,138,6525,901834,,0.0001,0.226,222958.0
,241.0,-6.24,0.1,,14244,138,6531,903270,,0.0001,0.129,223317.0
,249.0,-5.69,0.1,,14248,138,6537,904549,,0.0001,0.00279,223637.0
,244.0,-4.52,0.1,,14252,138,6540,905134,,0.0001,0.355,223783.0
,238.0,-5.73,0.1,,14256,138,6543,905662,,0.0001,0.00209,223915.0
,233.0,-6.45,0.1,,14260,138,6544,905772,,0.0001,0.00179,223942.0
,220.0,-5.94,0.1,,14264,138,6547,906249,,0.0001,0.357,224062.0
,217.0,-5.44,0.1,,14268,138,6549,906787,,0.0001,0.0019,224196.0
,206.0,-6.36,0.1,,14272,138,6552,907305,,0.0001,0.00208,224326.0
,198.0,-5.01,0.1,,14276,138,6554,907553,,0.0001,0.229,224388.0
,203.0,-6.33,0.1,,14280,138,6560,908972,,0.0001,0.00156,224742.0
,195.0,-5.31,0.1,,14284,138,6562,909273,,0.0001,0.0109,224818.0
,196.0,-7.73,0.1,,14288,138,6565,909901,,0.0001,0.00217,224975.0
,187.0,-7.8,0.1,,14292,138,6567,910205,,0.0001,0.00128,225051.0
,189.0,-9.65,0.1,,14296,138,6572,911303,,0.0001,0.136,225325.0
,190.0,-9.7,0.1,,14300,138,6575,911922,,0.0001,0.139,225480.0
,184.0,-8.15,0.1,,14304,138,6577,912397,,0.0001,0.195,225599.0
,184.0,-7.66,0.1,,14308,138,6581,913109,,0.0001,0.133,225777.0
,186.0,-6.56,0.1,,14312,138,6584,913767,,0.0001,0.0264,225941.0
,186.0,-6.35,0.1,,14316,138,6587,914522,,0.0001,0.802,226130.0
,191.0,-5.49,0.1,,14320,138,6594,916152,,0.0001,0.366,226537.0
,195.0,-5.04,0.1,,14324,138,6597,916898,,0.0001,0.00407,226724.0
,188.0,-5.85,0.1,,14328,139,6602,918035,,0.0001,0.00158,227008.0
,189.0,-5.12,0.1,,14332,139,6606,918830,,0.0001,0.00547,227207.0
,187.0,-3.78,0.1,,14336,139,6611,920154,,0.0001,0.00867,227538.0
,191.0,-3.53,0.1,,14340,139,6615,920958,,0.0001,1.24,227739.0
,182.0,-2.4,0.1,,14344,139,6617,921476,,0.0001,0.00185,227868.0
,176.0,-3.07,0.1,,14348,139,6620,922105,,0.0001,0.0694,228026.0
,176.0,-4.07,0.1,,14352,139,6624,922732,,0.0001,0.00203,228182.0
,179.0,-4.87,0.1,,14356,139,6628,923586,,0.0001,0.229,228396.0
,183.0,-4.82,0.1,,14360,139,6631,924050,,0.0001,0.309,228512.0
,180.0,-4.43,0.1,,14364,139,6632,924261,,0.0001,0.00154,228565.0
,183.0,-4.1,0.1,,14368,139,6636,925073,,0.0001,0.0121,228768.0
,184.0,-2.28,0.1,,14372,139,6640,925711,,0.0001,0.00646,228927.0
,192.0,-3.22,0.1,,14376,139,6644,926762,,0.0001,0.225,229190.0
,193.0,-3.18,0.1,,14380,139,6651,928270,,0.0001,0.627,229567.0
,194.0,-3.85,0.1,,14384,139,6653,928709,,0.0001,0.229,229677.0
,197.0,-3.31,0.1,,14388,139,6657,929631,,0.0001,0.00278,229907.0
,200.0,-3.93,0.1,,14392,139,6660,930208,,0.0001,0.228,230051.0
,199.0,-4.5,0.1,,14396,139,6664,931185,,0.0001,0.143,230296.0
,198.0,-5.27,0.1,,14400,139,6667,931723,,0.0001,0.0209,230430.0
,198.0,-4.96,0.1,,14404,139,6670,932153,,0.0001,0.229,230538.0
,194.0,-5.84,0.1,,14408,139,6672,932494,,0.0001,0.134,230623.0
,195.0,-6.49,0.1,,14412,139,6675,933238,,0.0001,0.00178,230809.0
,197.0,-6.09,0.1,,14416,139,6679,934244,,0.0001,0.231,231060.0
,191.0,-7.05,0.1,,14420,139,6684,935234,,0.0001,0.00249,231308.0
,191.0,-7.28,0.1,,14424,139,6687,935968,,0.0001,0.39,231491.0
,190.0,-8.03,0.1,,14428,140,6692,937006,,0.0001,0.00414,231751.0
,189.0,-8.41,0.1,,14432,140,6695,937742,,0.0001,0.144,231935.0
,180.0,-9.09,0.1,,14436,140,6697,938139,,0.0001,0.228,232034.0
,176.0,-8.53,0.1,,14440,140,6700,938561,,0.0001,0.00183,232140.0
,176.0,-8.89,0.1,,14444,140,6702,939072,,0.0001,0.0035,232267.0
,197.0,-7.9,0.1,,14448,140,6714,941836,,0.0001,0.00236,232958.0
,194.0,-7.55,0.1,,14452,140,6716,942156,,0.0001,0.306,233038.0
,188.0,-5.6,0.1,,14456,140,6717,942337,,0.0001,0.00209,233084.0
,184.0,-5.67,0.1,,14460,140,6719,942484,,0.0001,0.495,233120.0
,187.0,-5.47,0.1,,14464,140,6721,942953,,0.0001,0.0032,233238.0
,183.0,-5.81,0.1,,14468,140,6724,943385,,0.0001,0.479,233346.0
,186.0,-7.07,0.1,,14472,140,6728,944349,,0.0001,0.00289,233587.0
,182.0,-7.77,0.1,,14476,140,6732,944997,,0.0001,0.264,233749.0
,170.0,-6.52,0.1,,14480,140,6733,945239,,0.0001,0.622,233809.0
,170.0,-6.81,0.1,,14484,140,6736,945693,,0.0001,0.00427,233923.0
,166.0,-7.49,0.1,,14488,140,6739,946211,,0.0001,0.0152,234052.0
,165.0,-7.62,0.1,,14492,140,6742,946738,,0.0001,0.00421,234184.0
,165.0,-7.18,0.1,,14496,140,6746,947717,,0.0001,0.00766,234429.0
,169.0,-7.72,0.1,,14500,140,6750,948659,,0.0001,0.307,234664.0
,169.0,-8.08,0.1,,14504,140,6753,949051,,0.0001,0.0162,234762.0
,169.0,-7.93,0.1,,14508,140,6755,949421,,0.0001,0.137,234855.0
,166.0,-6.45,0.1,,14512,140,6758,949828,,0.0001,0.228,234956.0
,170.0,-6.71,0.1,,14516,140,6764,951229,,0.0001,0.00193,235307.0
,163.0,-5.35,0.1,,14520,140,6766,951515,,0.0001,0.133,235378.0
,163.0,-2.29,0.1,,14524,140,6769,952295,,0.0001,0.138,235573.0
,159.0,-1.42,0.1,,14528,140,6772,952902,,0.0001,0.00153,235725.0
,154.0,-1.79,0.1,,14532,140,6774,953157,,0.0001,0.136,235789.0
,156.0,-3.32,0.1,,14536,140,6777,953781,,0.0001,0.00274,235945.0
,158.0,-2.57,0.1,,14540,140,6781,954361,,0.0001,0.00288,236090.0
,159.0,-2.25,0.1,,14544,140,6784,954977,,0.0001,0.00636,236244.0
,137.0,-2.45,0.1,,14548,140,6787,955506,,0.0001,0.456,236376.0
,141.0,-1.89,0.1,,14552,140,6790,956236,,0.0001,0.533,236558.0
,148.0,-3.63,0.1,,14556,140,6795,957175,,0.0001,0.00196,236793.0
,154.0,-4.06,0.1,,14560,140,6798,957884,,0.0001,0.61,236970.0
,154.0,-4.89,0.1,,14564,140,6801,958349,,0.0001,0.00258,237087.0
,152.0,-5.46,0.1,,14568,140,6803,958593,,0.0001,0.00942,237148.0
,159.0,-5.61,0.1,,14572,141,6810,960257,,0.0001,0.359,237564.0
,162.0,-5.13,0.1,,14576,141,6814,961179,,0.0001,0.00202,237794.0
,163.0,-3.93,0.1,,14580,141,6816,961545,,0.0001,0.0558,237886.0
,165.0,-4.26,0.1,,14584,141,6819,962175,,0.0001,0.0164,238043.0
,165.0,-4.03,0.1,,14588,141,6822,962750,,0.0001,0.23,238187.0
,164.0,-4.05,0.1,,14592,141,6824,963162,,0.0001,0.228,238290.0
,160.0,-4.51,0.1,,14596,141,6827,963682,,0.0001,0.00654,238420.0
,154.0,-3.66,0.1,,14600,141,6830,964084,,0.0001,0.227,238520.0
,159.0,-2.37,0.1,,14604,141,6833,964974,,0.0001,0.00231,238743.0
,161.0,-2.1,0.1,,14608,141,6836,965552,,0.0001,0.307,238887.0
,171.0,-3.86,0.1,,14612,141,6842,966908,,0.0001,0.133,239226.0
,162.0,-3.61,0.1,,14616,141,6845,967386,,0.0001,0.00274,239346.0
,164.0,-4.25,0.1,,14620,141,6847,967884,,0.0001,0.196,239470.0
,160.0,-5.98,0.1,,14624,141,6849,968248,,0.0001,0.205,239561.0
,159.0,-5.63,0.1,,14628,141,6852,968758,,0.0001,0.142,239689.0
,162.0,-5.57,0.1,,14632,141,6855,969353,,0.0001,0.444,239838.0
,168.0,-4.66,0.1,,14636,141,6860,970541,,0.0001,0.226,240135.0
,172.0,-5.49,0.1,,14640,141,6865,971578,,0.0001,0.00121,240394.0
,170.0,-6.49,0.1,,14644,141,6867,972003,,0.0001,0.234,240500.0
,171.0,-6.92,0.1,,14648,141,6871,972593,,0.0001,0.0024,240648.0
,167.0,-6.9,0.1,,14652,141,6873,972967,,0.0001,0.00147,240741.0
,164.0,-6.44,0.1,,14656,141,6876,973624,,0.0001,0.356,240905.0
,168.0,-6.08,0.1,,14660,141,6881,974704,,0.0001,0.00222,241175.0
,171.0,-5.63,0.1,,14664,141,6884,975464,,0.0001,0.256,241365.0
,177.0,-4.62,0.1,,14668,141,6888,976287,,0.0001,0.309,241571.0
,166.0,-4.64,0.1,,14672,141,6891,976812,,0.0001,0.00185,241702.0
,163.0,-3.36,0.1,,14676,141,6894,977452,,0.0001,0.002,241862.0
,163.0,-5.65,0.1,,14680,141,6896,977842,,0.0001,1.06,241960.0
,168.0,-4.74,0.1,,14684,141,6901,979018,,0.0001,0.00117,242254.0
,170.0,-3.48,0.1,,14688,141,6905,979744,,0.0001,0.741,242435.0
,168.0,-3.29,0.1,,14692,141,6907,979966,,0.0001,0.134,242491.0
,166.0,-3.13,0.1,,14696,141,6909,980312,,0.0001,0.129,242577.0
,166.0,-3.13,0.1,,14700,141,6911,980689,,0.0001,0.00295,242672.0
,160.0,-4.63,0.1,,14704,141,6914,980985,,0.0001,0.133,242746.0
,161.0,-4.98,0.1,,14708,141,6917,981646,,0.0001,0.071,242911.0
,154.0,-2.18,0.1,,14712,141,6920,982277,,0.0001,0.564,243069.0
,152.0,-2.31,0.1,,14716,141,6922,982582,,0.0001,0.0694,243145.0
,154.0,-2.41,0.1,,14720,141,6926,983281,,0.0001,0.237,243320.0
,161.0,-3.82,0.1,,14724,142,6930,984305,,0.0001,0.00408,243576.0
,168.0,-4.76,0.1,,14728,142,6935,985568,,0.0001,0.00171,243891.0
,166.0,-3.48,0.1,,14732,142,6938,985988,,0.0001,0.005,243996.0
,167.0,-3.4,0.1,,14736,142,6943,987214,,0.0001,0.132,244303.0
,162.0,-4.5,0.1,,14740,142,6946,987812,,0.0001,0.00166,244452.0
,165.0,-3.08,0.1,,14744,142,6949,988548,,0.0001,0.132,244636.0
,175.0,-2.37,0.1,,14748,142,6956,990096,,0.0001,0.00203,245023.0
,177.0,-2.88,0.1,,14752,142,6959,990679,,0.0001,0.234,245169.0
,180.0,-1.63,0.1,,14756,142,6963,991600,,0.0001,0.00673,245399.0
,177.0,-1.17,0.1,,14760,142,6967,992452,,0.0001,0.419,245612.0
,176.0,-1.85,0.1,,14764,142,6970,993083,,0.0001,1.07,245770.0
,181.0,-2.96,0.1,,14768,142,6976,994414,,0.0001,0.361,246103.0
,182.0,-2.31,0.1,,14772,142,6979,995038,,0.0001,0.0101,246259.0
,181.0,-3.66,0.1,,14776,142,6982,995523,,0.0001,0.358,246380.0
,187.0,-3.91,0.1,,14780,142,6987,996587,,0.0001,0.349,246646.0
,181.0,-4.56,0.1,,14784,142,6989,997080,,0.0001,0.468,246769.0
,184.0,-4.78,0.1,,14788,142,6994,998116,,0.0001,0.432,247028.0
,185.0,-4.17,0.1,,14792,142,6996,998428,,0.0001,0.0462,247106.0
,191.0,-4.61,0.1,,14796,142,7001,999365,,0.0001,0.346,247341.0
